address_id,account_id,address_type,source,added_date,town_id,key_full,key_render,pin_tail,pin_tail_present,pin_known,non_ascii,house_marker,permanent_native
AD000001,AC000001,residence,kyc_origination,2026-04-01,T1,6th cross 5th main ಚರ್ಚ್ ಹತ್ತಿರ kuvempu layt kaveripura 960102,6th cross 5th main ಚರ್ಚ್ ಹತ್ತಿರ kuvempu layt kaveripura,960102,True,True,True,False,False
AD000002,AC000001,office,kyc_origination,2026-04-01,T1,no 173 12th cross 3rd main shanthi nagar kaveripura 960101,no 173 12th cross 3rd main shanthi nagar kaveripura,960101,True,True,False,True,False
AD000003,AC000002,residence,kyc_origination,2026-04-01,T3,367 3 e block 2nd road green park layt navanagara east 980301,367 3 e block 2nd road green park layt navanagara east,980301,True,True,False,False,False
AD000004,AC000003,residence,kyc_origination,2026-04-01,T2,81 gali 10 ganesh mandir ke bagal mein krishna puri devgarh nagar 970202,81 gali 10 ganesh mandir ke bagal mein krishna puri devgarh nagar,970202,True,True,False,False,False
AD000005,AC000004,residence,kyc_origination,2026-04-01,T2,behind pds shop shivaji nagar devgarh nagar 970202,behind pds shop shivaji nagar devgarh nagar,970202,True,True,False,False,False
AD000006,AC000004,permanent_native,kyc_origination,2026-04-01,OUT,village rampura kalan tehsil d district south 996281,village rampura kalan tehsil d district south,996281,True,False,False,False,True
AD000007,AC000005,residence,kyc_origination,2026-04-01,T2,गली नं 3 राशन की दुकान के बगल में tilak ngr devgarh nagar 970204,गली नं 3 राशन की दुकान के बगल में tilak ngr devgarh nagar,970204,True,True,True,False,False
AD000008,AC000006,residence,kyc_origination,2026-04-01,T1,9th cr 1st main vinayaka nagr kaveripura 960104,9th cr 1st main vinayaka nagr kaveripura,960104,True,True,False,False,False
AD000009,AC000007,residence,kyc_origination,2026-04-01,T1,231 2 7th cr 7th main close to hanuman temple nehru colony kaveripura 960102,231 2 7th cr 7th main close to hanuman temple nehru colony kaveripura,960102,True,True,False,False,False
AD000010,AC000007,office,kyc_origination,2026-04-01,T1,6th x 1st main nr medical store kaveripura 960104,6th x 1st main nr medical store kaveripura,960104,True,True,False,False,False
AD000011,AC000008,residence,kyc_origination,2026-04-01,T3,blk a rd 2 milk dairy edurru palm meadows navanagara east 980302,blk a rd 2 milk dairy edurru palm meadows navanagara east,980302,True,True,False,False,False
AD000012,AC000009,residence,kyc_origination,2026-04-01,T2,house 52 gali no 5 ward 9 मस्जिद के पास shastri nagar devgarh nagar 970201,house 52 gali no 5 ward 9 मस्जिद के पास shastri nagar devgarh nagar,970201,True,True,True,True,False
AD000013,AC000010,residence,kyc_origination,2026-04-01,T2,h no 186 gali no 4 ward 3 opp overhead tank ambedkar nagar devgarh nagar 970204,h no 186 gali no 4 ward 3 opp overhead tank ambedkar nagar devgarh nagar,970204,True,True,False,True,False
AD000014,AC000011,residence,kyc_origination,2026-04-01,T2,house 458 gali no 4 ambedkar nagar devgarh nagar,house 458 gali no 4 ambedkar nagar devgarh nagar,,False,False,False,True,False
AD000015,AC000012,residence,kyc_origination,2026-04-01,T1,h no 356 nr church kuvempu layout kaveripura 960104,h no 356 nr church kuvempu layout kaveripura,960104,True,True,False,True,False
AD000016,AC000013,residence,kyc_origination,2026-04-01,T2,no 86 gali 2 ward 8 azad mohalla devgarh nagar 970203,no 86 gali 2 ward 8 azad mohalla devgarh nagar,970203,True,True,False,True,False
AD000017,AC000014,residence,kyc_origination,2026-04-01,T2,217 2 gali no 4 opp water tank ambedkar nagr devgarh nagar 970204,217 2 gali no 4 opp water tank ambedkar nagr devgarh nagar,970204,True,True,False,True,False
AD000018,AC000015,residence,kyc_origination,2026-04-01,T1,159 6th cross 7th main anjaneya badavane kaveripura 9601003,159 6th cross 7th main anjaneya badavane kaveripura 9601003,,False,False,False,False,False
AD000019,AC000016,residence,kyc_origination,2026-04-01,T3,421 blk d rd 6 near water tank silver oak layt navanagara east 980301,421 blk d rd 6 near water tank silver oak layt navanagara east,980301,True,True,False,False,False
AD000020,AC000017,residence,kyc_origination,2026-04-01,T1,house 25 3rd cross 6th main rd kaveripura 960104,house 25 3rd cross 6th main rd kaveripura,960104,True,True,False,True,False
AD000021,AC000018,residence,kyc_origination,2026-04-01,T3,house 32 blk c rd 6 navanagara east 980303,house 32 blk c rd 6 navanagara east,980303,True,True,False,True,False
AD000022,AC000019,residence,kyc_origination,2026-04-01,T1,4th cross 8th main near govt school kuvempu layout kaveripura 960102,4th cross 8th main near govt school kuvempu layout kaveripura,960102,True,True,False,False,False
AD000023,AC000020,residence,kyc_origination,2026-04-01,T3,h no 64 blk d rd 6 silver oak layout navanagara east 980301,h no 64 blk d rd 6 silver oak layout navanagara east,980301,True,True,False,True,False
AD000024,AC000021,residence,kyc_origination,2026-04-01,T3,f block 5th road close to ganapathi temple railway colony navanagara east 980304,f block 5th road close to ganapathi temple railway colony navanagara east,980304,True,True,False,False,False
AD000025,AC000021,office,kyc_origination,2026-04-01,T3,blk a rd 6 sunrise enclave navanagara east 980304,blk a rd 6 sunrise enclave navanagara east,980304,True,True,False,False,False
AD000026,AC000022,residence,kyc_origination,2026-04-01,T1,h no 377 9th cross 7th main vinayaka nagar kaveripura 960104,h no 377 9th cross 7th main vinayaka nagar kaveripura,960104,True,True,False,True,False
AD000027,AC000023,residence,kyc_origination,2026-04-01,T2,89 2 azad mohalla devgarh nagar 970203,89 2 azad mohalla devgarh nagar,970203,True,True,False,False,False
AD000028,AC000024,residence,kyc_origination,2026-04-01,T3,blk f rd 4 defence col navanagara east 980302,blk f rd 4 defence col navanagara east,980302,True,True,False,False,False
AD000029,AC000025,residence,kyc_origination,2026-04-01,T2,gali 2 ward 3 tanki ke pass ambedkar nagar devgarh ngr 970204,gali 2 ward 3 tanki ke pass ambedkar nagar devgarh ngr,970204,True,True,False,False,False
AD000030,AC000026,residence,kyc_origination,2026-04-01,T1,11th cross 3rd mn adj ganapathi temple nehru colony kaveripura 960102,11th cross 3rd mn adj ganapathi temple nehru colony kaveripura,960102,True,True,False,False,False
AD000031,AC000027,residence,kyc_origination,2026-04-01,T3,haalina daiyr eduru palm meadows navanagara east 980302,haalina daiyr eduru palm meadows navanagara east,980302,True,True,False,False,False
AD000032,AC000028,residence,kyc_origination,2026-04-01,T2,house 193 gali no 9 nr ganesh temple patel nagar devgarh nagar 970202,house 193 gali no 9 nr ganesh temple patel nagar devgarh nagar,970202,True,True,False,True,False
AD000033,AC000029,residence,kyc_origination,2026-04-01,T1,5th cross 3rd main nr medical store vidya nagar kaveripura 960103,5th cross 3rd main nr medical store vidya nagar kaveripura,960103,True,True,False,False,False
AD000034,AC000029,office,kyc_origination,2026-04-01,T1,475 ganapathi gudi hattira kuvempu layout kaveripura 960102,475 ganapathi gudi hattira kuvempu layout kaveripura,960102,True,True,False,False,False
AD000035,AC000030,residence,kyc_origination,2026-04-01,T3,a block 2nd road behind milk dairy palm meadows navanagara east 980302,a block 2nd road behind milk dairy palm meadows navanagara east,980302,True,True,False,False,False
AD000036,AC000031,residence,kyc_origination,2026-04-01,T3,d block 5th road opp kalyana mantapa lakeview phase 2 navanaagara east 980303,d block 5th road opp kalyana mantapa lakeview phase 2 navanaagara east,980303,True,True,False,False,False
AD000037,AC000032,residence,kyc_origination,2026-04-01,T1,4th cross 2nd mn kaveripura 960102,4th cross 2nd mn kaveripura,960102,True,True,False,False,False
AD000038,AC000032,permanent_native,kyc_origination,2026-04-01,OUT,village kodihalli tehsil c district south 997460,village kodihalli tehsil c district south,997460,True,False,False,False,True
AD000039,AC000033,residence,kyc_origination,2026-04-01,T2,sai residency gali 2 dawai ki dukaan ke paas ambedkar nagar devgarh nagar 970204,sai residency gali 2 dawai ki dukaan ke paas ambedkar nagar devgarh nagar,970204,True,True,False,False,False
AD000040,AC000034,residence,kyc_origination,2026-04-01,T1,313 2 3rd crs 8th main basava nagar kaveripura,313 2 3rd crs 8th main basava nagar kaveripura,,False,False,False,False,False
AD000041,AC000034,office,kyc_origination,2026-04-01,T1,9th cross 4th mainn close to church hosa badavane kaveripura 960101,9th cross 4th mainn close to church hosa badavane kaveripura,960101,True,True,False,False,False
AD000042,AC000035,residence,kyc_origination,2026-04-01,T3,house 217 lakevew phase 2 navanagara east 980303,house 217 lakevew phase 2 navanagara east,980303,True,True,False,True,False
AD000043,AC000036,residence,kyc_origination,2026-04-01,T3,h no 452 blk f rd 5 lakeview phase 2 navanagara east 980303,h no 452 blk f rd 5 lakeview phase 2 navanagara east,980303,True,True,False,True,False
AD000044,AC000036,permanent_native,kyc_origination,2026-04-01,OUT,village mallapura taluk a district north 999665,village mallapura taluk a district north,999665,True,False,False,False,True
AD000045,AC000037,residence,kyc_origination,2026-04-01,T3,478 nr govt school silver oak layou navanagara east 980301,478 nr govt school silver oak layou navanagara east,980301,True,True,False,False,False
AD000046,AC000037,office,kyc_origination,2026-04-01,T3,blk a rd 3 opp pds shop sunrise enclave navanagara east 980304,blk a rd 3 opp pds shop sunrise enclave navanagara east,980304,True,True,False,False,False
AD000047,AC000038,residence,kyc_origination,2026-04-01,T1,house 353 5th x 8th main sarkari shaale hattira vinayaka nagar kaveripura 960104,house 353 5th x 8th main sarkari shaale hattira vinayaka nagar kaveripura,960104,True,True,False,True,False
AD000048,AC000039,residence,kyc_origination,2026-04-01,T1,160 5th cross 1st main ಕಲ್ಯಾಣ ಮಂಟಪ ಹತ್ತಿರ kalyana ngr kaveripura 960104,160 5th cross 1st main ಕಲ್ಯಾಣ ಮಂಟಪ ಹತ್ತಿರ kalyana ngr kaveripura,960104,True,True,True,False,False
AD000049,AC000040,residence,kyc_origination,2026-04-01,T2,h no 178 gali no 1 close to ration shop azad mohalla devgarh nagar 970203,h no 178 gali no 1 close to ration shop azad mohalla devgarh nagar,970203,True,True,False,True,False
AD000050,AC000041,residence,kyc_origination,2026-04-01,T1,197 1 4th cross 8th main kuvempu layt kaveripura 960104,197 1 4th cross 8th main kuvempu layt kaveripura,960104,True,True,False,False,False
AD000051,AC000041,permanent_native,kyc_origination,2026-04-01,OUT,village hosahalli taluk a district west 993028,village hosahalli taluk a district west,993028,True,False,False,False,True
AD000052,AC000042,residence,kyc_origination,2026-04-01,T1,10th cross 1st main hanuman mandir ke paas gandhi nagr kaveripura 960102,10th cross 1st main hanuman mandir ke paas gandhi nagr kaveripura,960102,True,True,False,False,False
AD000053,AC000043,residence,kyc_origination,2026-04-01,T1,h no 279 10th cross 2nd main ganesh mandir ke paas siddeshwara colny kaveripura 960102,h no 279 10th cross 2nd main ganesh mandir ke paas siddeshwara colny kaveripura,960102,True,True,False,True,False
AD000054,AC000043,office,kyc_origination,2026-04-01,T1,208 ganapathi gudi hattira vinayaka nagar kaveripura 960104,208 ganapathi gudi hattira vinayaka nagar kaveripura,960104,True,True,False,False,False
AD000055,AC000044,residence,kyc_origination,2026-04-01,T3,60 3 b blk 1st road near pharmacy teachers colony navanagara east 980302,60 3 b blk 1st road near pharmacy teachers colony navanagara east,980302,True,True,False,False,False
AD000056,AC000044,office,kyc_origination,2026-04-01,T3,h no 178 f blk 4th road nr bus stop green park layout navanagara east 980301,h no 178 f blk 4th road nr bus stop green park layout navanagara east,980301,True,True,False,True,False
AD000057,AC000045,residence,kyc_origination,2026-04-01,T3,441 3 nr govt school silvur oak layout navanagara east 980301,441 3 nr govt school silvur oak layout navanagara east,980301,True,True,False,False,False
AD000058,AC000046,residence,kyc_origination,2026-04-01,T3,a blk 6th rd nr government school hmt colony navanagara east 980303,a blk 6th rd nr government school hmt colony navanagara east,980303,True,True,False,False,False
AD000059,AC000047,residence,kyc_origination,2026-04-01,T1,no 197 3rd x 6th main ganapathi gudi hattira ashoka layout kaveripura 960104,no 197 3rd x 6th main ganapathi gudi hattira ashoka layout kaveripura,960104,True,True,False,True,False
AD000060,AC000048,residence,kyc_origination,2026-04-01,T3,b blk 3rd road lakeview phase 2 navanagara east 980303,b blk 3rd road lakeview phase 2 navanagara east,980303,True,True,False,False,False
AD000061,AC000049,residence,kyc_origination,2026-04-01,T2,461 gali 7 nr church patel nagar devgarh ngr 970202,461 gali 7 nr church patel nagar devgarh ngr,970202,True,True,False,False,False
AD000062,AC000050,residence,kyc_origination,2026-04-01,T1,h no 339 6th cr 3rd main bus nildana eduru gandhi nagar kaveripura,h no 339 6th cr 3rd main bus nildana eduru gandhi nagar kaveripura,,False,False,False,True,False
AD000063,AC000051,residence,kyc_origination,2026-04-01,T2,gali 6 community hall ke paas nehru colony devgarh nagr 970203,gali 6 community hall ke paas nehru colony devgarh nagr,970203,True,True,False,False,False
AD000064,AC000051,office,kyc_origination,2026-04-01,T2,h no 192 gali no 7 nr ganapathi temple devgarh nagar 970204,h no 192 gali no 7 nr ganapathi temple devgarh nagar,970204,True,True,False,True,False
AD000065,AC000052,residence,kyc_origination,2026-04-01,T3,house 164 b block 3rd riad nr govt school teachers col navanagara east 980302,house 164 b block 3rd riad nr govt school teachers col navanagara east,980302,True,True,False,True,False
AD000066,AC000053,residence,kyc_origination,2026-04-01,T1,379 3 6th cross 5th mn nar pharmacy kuvempu layout kaveripura 960102,379 3 6th cross 5th mn nar pharmacy kuvempu layout kaveripura,960102,True,True,False,False,False
AD000067,AC000054,residence,kyc_origination,2026-04-01,T3,no 267 blk a rd 2 palm meadows navanagara east 980303,no 267 blk a rd 2 palm meadows navanagara east,980303,True,True,False,True,False
AD000068,AC000055,residence,kyc_origination,2026-04-01,T2,93 3 nr medical store nehru colony devgarh ngr 970230,93 3 nr medical store nehru colony devgarh ngr,970230,True,False,False,False,False
AD000069,AC000056,residence,kyc_origination,2026-04-01,T2,no 124 gali no 3 डाकघर के पास shivaji nagar devgarh ngr 970202,no 124 gali no 3 डाकघर के पास shivaji nagar devgarh ngr,970202,True,True,True,True,False
AD000070,AC000056,permanent_native,kyc_origination,2026-04-01,OUT,village sundarpur tehsil c district west 991196,village sundarpur tehsil c district west,991196,True,False,False,False,True
AD000071,AC000057,residence,kyc_origination,2026-04-01,T3,no 19 blk a rd 3 petrol bunk edhuu unity nagar navanagara east 980302,no 19 blk a rd 3 petrol bunk edhuu unity nagar navanagara east,980302,True,True,False,True,False
AD000072,AC000058,residence,kyc_origination,2026-04-01,T3,annapoorna nilaya d block 4th rd ner mosque navanagara east 980302,annapoorna nilaya d block 4th rd ner mosque navanagara east,980302,True,True,False,False,False
AD000073,AC000059,residence,kyc_origination,2026-04-01,T2,house 206 gali no 2 ward 7 gandhi basti devgarh nagar 970203,house 206 gali no 2 ward 7 gandhi basti devgarh nagar,970203,True,True,False,True,False
AD000074,AC000059,office,kyc_origination,2026-04-01,T2,38 azad mohalla devgarh ngr 970202,38 azad mohalla devgarh ngr,970202,True,True,False,False,False
AD000075,AC000060,residence,kyc_origination,2026-04-01,T1,no 326 5th cross 5th main opp hanuman temple nehru colony kaveripura 960102,no 326 5th cross 5th main opp hanuman temple nehru colony kaveripura,960102,True,True,False,True,False
AD000076,AC000061,residence,kyc_origination,2026-04-01,T2,gali 9 ward 7 close to ganesh temple gandhi baste devgarh nagr 970203,gali 9 ward 7 close to ganesh temple gandhi baste devgarh nagr,970203,True,True,False,False,False
AD000077,AC000062,residence,kyc_origination,2026-04-01,T3,185 3 a blk 2nd rd haalina dairy hindhe navanagara east 980302,185 3 a blk 2nd rd haalina dairy hindhe navanagara east,980302,True,True,False,False,False
AD000078,AC000063,residence,kyc_origination,2026-04-01,T3,167 3 blk e rd 3 opp govt school silver oak layout navanagara east 980301,167 3 blk e rd 3 opp govt school silver oak layout navanagara east,980301,True,True,False,False,False
AD000079,AC000064,residence,kyc_origination,2026-04-01,T3,no 14 a block 3rd rd near church teachers col navanagara east 980302,no 14 a block 3rd rd near church teachers col navanagara east,980302,True,True,False,True,False
AD000080,AC000064,office,kyc_origination,2026-04-01,T3,no 254 c block 5th road opp hanuman temple lakeview phase 2 navanagara east 980303,no 254 c block 5th road opp hanuman temple lakeview phase 2 navanagara east,980303,True,True,False,True,False
AD000081,AC000065,residence,kyc_origination,2026-04-01,T3,blk b rd 5 nr milk booth hmt colony navanagara east,blk b rd 5 nr milk booth hmt colony navanagara east,,False,False,False,False,False
AD000082,AC000066,residence,kyc_origination,2026-04-01,T3,2951 c block 6th road opp hanuman temple lakeview phase 2 navanagara east 980303,2951 c block 6th road opp hanuman temple lakeview phase 2 navanagara east,980303,True,True,False,False,False
AD000083,AC000066,office,kyc_origination,2026-04-01,T3,203 blk f rd 4 nr post office hmt colony navanagara east 980301,203 blk f rd 4 nr post office hmt colony navanagara east,980301,True,True,False,False,False
AD000084,AC000067,residence,kyc_origination,2026-04-01,T3,h no 371 b block 4th road nr masjid orchid enclave navanagara east 980301,h no 371 b block 4th road nr masjid orchid enclave navanagara east,980301,True,True,False,True,False
AD000085,AC000068,residence,kyc_origination,2026-04-01,T1,house 283 ಬಸ್ ನಿಲ್ದಾಣ ಹತ್ತಿರ gandhi nagar kaveripura 960102,house 283 ಬಸ್ ನಿಲ್ದಾಣ ಹತ್ತಿರ gandhi nagar kaveripura,960102,True,True,True,True,False
AD000086,AC000069,residence,kyc_origination,2026-04-01,T2,h no 107 gali no 5 opp water tank krishna puri devgarh nagar,h no 107 gali no 5 opp water tank krishna puri devgarh nagar,,False,False,False,True,False
AD000087,AC000069,office,kyc_origination,2026-04-01,T2,423 gali no 11 ward 7 gandhi basti devgarh nagar 970201,423 gali no 11 ward 7 gandhi basti devgarh nagar,970201,True,True,False,True,False
AD000088,AC000070,residence,kyc_origination,2026-04-01,T2,gali no 10 hanuman mandir ke paass ambedkar nagar devgarh nagar 970204,gali no 10 hanuman mandir ke paass ambedkar nagar devgarh nagar,970204,True,True,False,True,False
AD000089,AC000071,residence,kyc_origination,2026-04-01,T2,77 3 गली नं 9 ward 3 हनुमान मंदिर के पास ambedkar nagar devgarh ngr 970204,77 3 गली नं 9 ward 3 हनुमान मंदिर के पास ambedkar nagar devgarh ngr,970204,True,True,True,False,False
AD000090,AC000071,office,kyc_origination,2026-04-01,T2,no 324 near hanuman temple subhash nagar devgarh nagar 970201,no 324 near hanuman temple subhash nagar devgarh nagar,970201,True,True,False,True,False
AD000091,AC000072,residence,kyc_origination,2026-04-01,T2,no 410 gali no 1 bus adda ke piche devgarh nagar 970202,no 410 gali no 1 bus adda ke piche devgarh nagar,970202,True,True,False,True,False
AD000092,AC000073,residence,kyc_origination,2026-04-01,T3,272 blk a rd 1 close to hanuman temple palm meadows navanagara east 980302,272 blk a rd 1 close to hanuman temple palm meadows navanagara east,980302,True,True,False,False,False
AD000093,AC000073,office,kyc_origination,2026-04-01,T3,304 e blk 1st rd b h kalyana mantapa sunrise enclave navanagara east 980304,304 e blk 1st rd b h kalyana mantapa sunrise enclave navanagara east,980304,True,True,False,False,False
AD000094,AC000074,residence,kyc_origination,2026-04-01,T3,no 397 nr government school silver oak lyt navanagara east 980301,no 397 nr government school silver oak lyt navanagara east,980301,True,True,False,True,False
AD000095,AC000074,permanent_native,kyc_origination,2026-04-01,OUT,village mallapura taluk a district west 991842,village mallapura taluk a district west,991842,True,False,False,False,True
AD000096,AC000075,residence,kyc_origination,2026-04-01,T3,no 206 nr ganesh temple lakeview phase 2 navaanagara east 980303,no 206 nr ganesh temple lakeview phase 2 navaanagara east,980303,True,True,False,True,False
AD000097,AC000076,residence,kyc_origination,2026-04-01,T3,blk a rd 6 tanki ke saamne green park lyt navanagara east 980301,blk a rd 6 tanki ke saamne green park lyt navanagara east,980301,True,True,False,False,False
AD000098,AC000077,residence,kyc_origination,2026-04-01,T3,b block 5th road bus stop ke paas railway colony navanagara east 980304,b block 5th road bus stop ke paas railway colony navanagara east,980304,True,True,False,False,False
AD000099,AC000078,residence,kyc_origination,2026-04-01,T3,no 107 blk f rd 7 nr pharmacy hmt colony navanagara east 980304,no 107 blk f rd 7 nr pharmacy hmt colony navanagara east,980304,True,True,False,True,False
AD000100,AC000079,residence,kyc_origination,2026-04-01,T1,8th cross 4th main rd park hattira nehru colony kaveripura 960102,8th cross 4th main rd park hattira nehru colony kaveripura,960102,True,True,False,False,False
AD000101,AC000080,residence,kyc_origination,2026-04-01,T3,house 13 b blk 4th rad nr mosque railway colony nvaanagara eat 980304,house 13 b blk 4th rad nr mosque railway colony nvaanagara eat,980304,True,True,False,True,False
AD000102,AC000081,residence,kyc_origination,2026-04-01,T1,266 6th crs 7th main ನ್ಯಾಯಬೆಲೆ ಅಂಗಡಿ ಪಕ್ಕ anjaneya badavane kaveripura 960103,266 6th crs 7th main ನ್ಯಾಯಬೆಲೆ ಅಂಗಡಿ ಪಕ್ಕ anjaneya badavane kaveripura,960103,True,True,True,False,False
AD000103,AC000082,residence,kyc_origination,2026-04-01,T3,no 180 blk d rd 5 palm meadows navanagara east 980302,no 180 blk d rd 5 palm meadows navanagara east,980302,True,True,False,True,False
AD000104,AC000083,residence,kyc_origination,2026-04-01,T1,372 2 sri krishna nivas 5th crs 2nd mn medical shop hindhe vidya nagr kaveripura,372 2 sri krishna nivas 5th crs 2nd mn medical shop hindhe vidya nagr kaveripura,,False,False,False,False,False
AD000105,AC000084,residence,kyc_origination,2026-04-01,T2,h no 336 geli 11 sarkari school ke pass shastri nagr devgarh nagar 970201,h no 336 geli 11 sarkari school ke pass shastri nagr devgarh nagar,970201,True,True,False,True,False
AD000106,AC000085,residence,kyc_origination,2026-04-01,T1,no 49 ganapathi gudi hattira vinayaka nagar kaveripura 960104,no 49 ganapathi gudi hattira vinayaka nagar kaveripura,960104,True,True,False,True,False
AD000107,AC000086,residence,kyc_origination,2026-04-01,T3,f blk 1st road lakeview phase 2 navanagara east 980303,f blk 1st road lakeview phase 2 navanagara east,980303,True,True,False,False,False
AD000108,AC000087,residence,kyc_origination,2026-04-01,T3,182 2 om sai complex blk e rd 1 ಗಣಪತಿ ದೇವಸ್ಥಾನ ಹತ್ತಿರ defence colony navanagara east 980301,182 2 om sai complex blk e rd 1 ಗಣಪತಿ ದೇವಸ್ಥಾನ ಹತ್ತಿರ defence colony navanagara east,980301,True,True,True,False,False
AD000109,AC000088,residence,kyc_origination,2026-04-01,T1,378 5th x 8th main near kalyana mantapa siddeshwara colony kaveripura 960102,378 5th x 8th main near kalyana mantapa siddeshwara colony kaveripura,960102,True,True,False,False,False
AD000110,AC000088,permanent_native,kyc_origination,2026-04-01,OUT,village bilagi taluk a district west 998921,village bilagi taluk a district west,998921,True,False,False,False,True
AD000111,AC000089,residence,kyc_origination,2026-04-01,T1,h no 56 masidi hattira vidya nagar kaveripura 960103,h no 56 masidi hattira vidya nagar kaveripura,960103,True,True,False,True,False
AD000112,AC000089,office,kyc_origination,2026-04-01,T1,5th cross 5th main ganapathi guudi hinde gandhi nagr kaveripura 960103,5th cross 5th main ganapathi guudi hinde gandhi nagr kaveripura,960103,True,True,False,False,False
AD000113,AC000090,residence,kyc_origination,2026-04-01,T3,161 blk d rd 5 opposite children park sunrise enclave navanagara east 980304,161 blk d rd 5 opposite children park sunrise enclave navanagara east,980304,True,True,False,False,False
AD000114,AC000091,residence,kyc_origination,2026-04-01,T1,annapoorna nilaya 10ht cross 2nd main rd nehru colony kaveripura,annapoorna nilaya 10ht cross 2nd main rd nehru colony kaveripura,,False,False,False,False,False
AD000115,AC000092,residence,kyc_origination,2026-04-01,T3,184 2 blk d rd 5 sunrise enclave navanagara east 980303,184 2 blk d rd 5 sunrise enclave navanagara east,980303,True,True,False,False,False
AD000116,AC000093,residence,kyc_origination,2026-04-01,T3,blk d rd 5 paani ki tanki ke piche navanagara east 980301,blk d rd 5 paani ki tanki ke piche navanagara east,980301,True,True,False,False,False
AD000117,AC000094,residence,kyc_origination,2026-04-01,T3,house 105 bus nildana hattira palm meadows navanagara east 980302,house 105 bus nildana hattira palm meadows navanagara east,980302,True,True,False,True,False
AD000118,AC000094,permanent_native,kyc_origination,2026-04-01,OUT,village mallapura taluk b district west 991187,village mallapura taluk b district west,991187,True,False,False,False,True
AD000119,AC000095,residence,kyc_origination,2026-04-01,T1,2nd cross 5th main nr bus stand kaveripura 960101,2nd cross 5th main nr bus stand kaveripura,960101,True,True,False,False,False
AD000120,AC000096,residence,kyc_origination,2026-04-01,T3,blk a rd 7 palm meadows navanagara east 980302,blk a rd 7 palm meadows navanagara east,980302,True,True,False,False,False
AD000121,AC000096,office,kyc_origination,2026-04-01,T3,d block 1st road beside petrol bunk navanagara east 980301,d block 1st road beside petrol bunk navanagara east,980301,True,True,False,False,False
AD000122,AC000097,residence,kyc_origination,2026-04-01,T3,95 blk c rd 6 opp medical store teachers colony navanagora east 980302,95 blk c rd 6 opp medical store teachers colony navanagora east,980302,True,True,False,False,False
AD000123,AC000098,residence,kyc_origination,2026-04-01,T2,h no 241 gali no 2 ration ki dukaan ke paas azad mohalla devgarh nagar 970203,h no 241 gali no 2 ration ki dukaan ke paas azad mohalla devgarh nagar,970203,True,True,False,True,False
AD000124,AC000099,residence,kyc_origination,2026-04-01,T3,blk d rd 5 nr hnauman temple palm meadows navanagara east 980302,blk d rd 5 nr hnauman temple palm meadows navanagara east,980302,True,True,False,False,False
AD000125,AC000099,office,kyc_origination,2026-04-01,T3,h no 129 blk b rd 6 near bus stop lakeview phase 2 navanagara east 980303,h no 129 blk b rd 6 near bus stop lakeview phase 2 navanagara east,980303,True,True,False,True,False
AD000126,AC000100,residence,kyc_origination,2026-04-01,T1,no 227 gandhi nagar kaveripura,no 227 gandhi nagar kaveripura,,False,False,False,True,False
AD000127,AC000101,residence,kyc_origination,2026-04-01,T3,b blk 6th road nr govt school teachers colny navanagara east 980302,b blk 6th road nr govt school teachers colny navanagara east,980302,True,True,False,False,False
AD000128,AC000102,residence,kyc_origination,2026-04-01,T1,no 471 10th cross 2nd main ganapathi gudi hinhde nehru colny kaveripura 960102,no 471 10th cross 2nd main ganapathi gudi hinhde nehru colny kaveripura,960102,True,True,False,True,False
AD000129,AC000103,residence,kyc_origination,2026-04-01,T1,11th cross 7th main nr community hall nehru colony kaveripura 960102,11th cross 7th main nr community hall nehru colony kaveripura,960102,True,True,False,False,False
AD000130,AC000104,residence,kyc_origination,2026-04-01,T1,258 nr medical store siddeshwara colony kaveripura 960102,258 nr medical store siddeshwara colony kaveripura,960102,True,True,False,False,False
AD000131,AC000104,permanent_native,kyc_origination,2026-04-01,OUT,village kodihalli tehsil c district west 992194,village kodihalli tehsil c district west,992194,True,False,False,False,True
AD000132,AC000105,residence,kyc_origination,2026-04-01,T3,217 3 sri krishna nivas blk f rd 3 near mosque teachers colony navanagara east 980302,217 3 sri krishna nivas blk f rd 3 near mosque teachers colony navanagara east,980302,True,True,False,False,False
AD000133,AC000105,office,kyc_origination,2026-04-01,T3,blk b rd 2 haanuman mandir ke pass green park layout navanagara east 980301,blk b rd 2 haanuman mandir ke pass green park layout navanagara east,980301,True,True,False,False,False
AD000134,AC000106,residence,kyc_origination,2026-04-01,T2,h noo 449 gali no 4 ward 8 azad mohalla devgarh nagar 970203,h noo 449 gali no 4 ward 8 azad mohalla devgarh nagar,970203,True,True,False,True,False
AD000135,AC000107,residence,kyc_origination,2026-04-01,T1,15 3 12th crs 5th main gandhi nagr kaveripura 960102,15 3 12th crs 5th main gandhi nagr kaveripura,960102,True,True,False,False,False
AD000136,AC000108,residence,kyc_origination,2026-04-01,T1,382 3 nr church kuvempu layout kaveripura 960102,382 3 nr church kuvempu layout kaveripura,960102,True,True,False,False,False
AD000137,AC000109,residence,kyc_origination,2026-04-01,T3,c block 4th rd nr post office silver oak layt navanagara east 980301,c block 4th rd nr post office silver oak layt navanagara east,980301,True,True,False,False,False
AD000138,AC000110,residence,kyc_origination,2026-04-01,T1,om sai complex 6th cr 3rd main gandhi nagar kaveripura 960104,om sai complex 6th cr 3rd main gandhi nagar kaveripura,960104,True,True,False,False,False
AD000139,AC000111,residence,kyc_origination,2026-04-01,T2,53 3 gali no 10 ward 1 close to pharmacy shivaji nagar devgarh ngr 970202,53 3 gali no 10 ward 1 close to pharmacy shivaji nagar devgarh ngr,970202,True,True,False,True,False
AD000140,AC000111,office,kyc_origination,2026-04-01,T2,h no 227 gali 8 near petrol bunk tilak nagar devgarh nagar 970204,h no 227 gali 8 near petrol bunk tilak nagar devgarh nagar,970204,True,True,False,True,False
AD000141,AC000112,residence,kyc_origination,2026-04-01,T2,gali no 4 ward 1 devgarh nagar 970202,gali no 4 ward 1 devgarh nagar,970202,True,True,False,True,False
AD000142,AC000113,residence,kyc_origination,2026-04-01,T3,blk f rd 6 lakeview phase 2 navanagara east 980303,blk f rd 6 lakeview phase 2 navanagara east,980303,True,True,False,False,False
AD000143,AC000113,permanent_native,kyc_origination,2026-04-01,OUT,village sundarpur taluk b district south 995170,village sundarpur taluk b district south,995170,True,False,False,False,True
AD000144,AC000114,residence,kyc_origination,2026-04-01,T3,h no 246 shanti kunj blk d rd 5 opp bus stop sunrise enclave navanagara east 980304,h no 246 shanti kunj blk d rd 5 opp bus stop sunrise enclave navanagara east,980304,True,True,False,True,False
AD000145,AC000115,residence,kyc_origination,2026-04-01,T3,179 b blk 3rd road b h ration shop hmt colony navanagara east 980301,179 b blk 3rd road b h ration shop hmt colony navanagara east,980301,True,True,False,False,False
AD000146,AC000116,residence,kyc_origination,2026-04-01,T1,house 31 anjeneya badavane kaveripura,house 31 anjeneya badavane kaveripura,,False,False,False,True,False
AD000147,AC000117,residence,kyc_origination,2026-04-01,T2,गली नं 9 gandhi basti devgarh nagar 970203,गली नं 9 gandhi basti devgarh nagar,970203,True,True,True,False,False
AD000148,AC000118,residence,kyc_origination,2026-04-01,T1,h no 169 6th x 8th mn church hattira basava ngr kaveripura 960101,h no 169 6th x 8th mn church hattira basava ngr kaveripura,960101,True,True,False,True,False
AD000149,AC000119,residence,kyc_origination,2026-04-01,T2,h no 211 gali 2 ganndhi basti devgarh nagar,h no 211 gali 2 ganndhi basti devgarh nagar,,False,False,False,True,False
AD000150,AC000120,residence,kyc_origination,2026-04-01,T2,house 170 shanti kunj gali no 7 krishna puri devgarh nagar,house 170 shanti kunj gali no 7 krishna puri devgarh nagar,,False,False,False,True,False
AD000151,AC000120,office,kyc_origination,2026-04-01,T2,h no 257 gali no 10 ambedkar nagar devgarh nagar 970204,h no 257 gali no 10 ambedkar nagar devgarh nagar,970204,True,True,False,True,False
AD000152,AC000121,residence,kyc_origination,2026-04-01,T2,h no 115 gali 9 krishna puri devgarh nagr 970202,h no 115 gali 9 krishna puri devgarh nagr,970202,True,True,False,True,False
AD000153,AC000122,residence,kyc_origination,2026-04-01,T3,blk f rd 3 near govt schol silver oak layout navanagara east 980301,blk f rd 3 near govt schol silver oak layout navanagara east,980301,True,True,False,False,False
AD000154,AC000122,office,kyc_origination,2026-04-01,T3,house 244 c block 2nd road next to children park palm meadows navanagara east 980302,house 244 c block 2nd road next to children park palm meadows navanagara east,980302,True,True,False,True,False
AD000155,AC000123,residence,kyc_origination,2026-04-01,T3,f blk 2nd road close to overhead tank teachers colony navanagara east 980302,f blk 2nd road close to overhead tank teachers colony navanagara east,980302,True,True,False,False,False
AD000156,AC000124,residence,kyc_origination,2026-04-01,T1,1st cross 4th main near hanuman temple kaveripura 960102,1st cross 4th main near hanuman temple kaveripura,960102,True,True,False,False,False
AD000157,AC000125,residence,kyc_origination,2026-04-01,T3,blk f rd 1 near water tank palm meadows navanagara east 980302,blk f rd 1 near water tank palm meadows navanagara east,980302,True,True,False,False,False
AD000158,AC000125,permanent_native,kyc_origination,2026-04-01,OUT,village devipur taluk a district south 993803,village devipur taluk a district south,993803,True,False,False,False,True
AD000159,AC000126,residence,kyc_origination,2026-04-01,T3,no 432 blk d rd 4 bhd milk dairy silver oak layt navanagara east,no 432 blk d rd 4 bhd milk dairy silver oak layt navanagara east,,False,False,False,True,False
AD000160,AC000127,residence,kyc_origination,2026-04-01,T3,d blk 6th road opp community hall lakeview phase 2 navvanagara east 980304,d blk 6th road opp community hall lakeview phase 2 navvanagara east,980304,True,True,False,False,False
AD000161,AC000128,residence,kyc_origination,2026-04-01,T1,no 44 5th cross 6th main vinayaka nagar kaveripura 960104,no 44 5th cross 6th main vinayaka nagar kaveripura,960104,True,True,False,True,False
AD000162,AC000129,residence,kyc_origination,2026-04-01,T2,h no 191 gali no 1 girja ghar ke pass shivaji nagar devgarh ngr 970202,h no 191 gali no 1 girja ghar ke pass shivaji nagar devgarh ngr,970202,True,True,False,True,False
AD000163,AC000130,residence,kyc_origination,2026-04-01,T2,467 2 annapoorna nilaya ambedkar nagar devgarh nagar 970204,467 2 annapoorna nilaya ambedkar nagar devgarh nagar,970204,True,True,False,False,False
AD000164,AC000130,office,kyc_origination,2026-04-01,T2,no 68 gali no 6 ward 6 neru colony devgarh nagar 970203,no 68 gali no 6 ward 6 neru colony devgarh nagar,970203,True,True,False,True,False
AD000165,AC000131,residence,kyc_origination,2026-04-01,T2,gali no 7 nehru colony devgarh nagar 970203,gali no 7 nehru colony devgarh nagar,970203,True,True,False,True,False
AD000166,AC000132,residence,kyc_origination,2026-04-01,T2,h no 370 gali no 12 ward 6 nehru colony devgarh nagr 9700203,h no 370 gali no 12 ward 6 nehru colony devgarh nagr 9700203,,False,False,False,True,False
AD000167,AC000132,office,kyc_origination,2026-04-01,T2,h no 236 gali no 3 ward 1 near community hall shivaji ngr devgarh nagar 970202,h no 236 gali no 3 ward 1 near community hall shivaji ngr devgarh nagar,970202,True,True,False,True,False
AD000168,AC000133,residence,kyc_origination,2026-04-01,T1,236 3rd cross 3rd main sarkari shaale hattira kalyana nagr kaveripura 960104,236 3rd cross 3rd main sarkari shaale hattira kalyana nagr kaveripura,960104,True,True,False,False,False
AD000169,AC000134,residence,kyc_origination,2026-04-01,T1,h no 217 10th x 8th mn near bus stop nehru colny kaveripura 960102,h no 217 10th x 8th mn near bus stop nehru colny kaveripura,960102,True,True,False,True,False
AD000170,AC000135,residence,kyc_origination,2026-04-01,T3,blk f rd 6 green park layout navanagara east 980301,blk f rd 6 green park layout navanagara east,980301,True,True,False,False,False
AD000171,AC000136,residence,kyc_origination,2026-04-01,T1,house 179 9th crs 8th mn nr mosque kaveripura,house 179 9th crs 8th mn nr mosque kaveripura,,False,False,False,True,False
AD000172,AC000137,residence,kyc_origination,2026-04-01,T1,3rd cr 3rd main rd nr govt school shanthi nagar kaveripura 960101,3rd cr 3rd main rd nr govt school shanthi nagar kaveripura,960101,True,True,False,False,False
AD000173,AC000138,residence,kyc_origination,2026-04-01,T2,no 108 gali no 3 ward 11 near masjid patel ngr devgarh nagr 970202,no 108 gali no 3 ward 11 near masjid patel ngr devgarh nagr,970202,True,True,False,True,False
AD000174,AC000138,office,kyc_origination,2026-04-01,T2,h no 470 om sai complex gali 1 ration ki dukaan ke peeche tilak ngr devgarh nagar 970204,h no 470 om sai complex gali 1 ration ki dukaan ke peeche tilak ngr devgarh nagar,970204,True,True,False,True,False
AD000175,AC000139,residence,kyc_origination,2026-04-01,T2,no 153 gali 3 patel nagar devgarh nagar 970202,no 153 gali 3 patel nagar devgarh nagar,970202,True,True,False,True,False
AD000176,AC000140,residence,kyc_origination,2026-04-01,T2,h no 431 gali 10 ward 1 nr medicals shivaji nagar devgarh nagar 970202,h no 431 gali 10 ward 1 nr medicals shivaji nagar devgarh nagar,970202,True,True,False,True,False
AD000177,AC000141,residence,kyc_origination,2026-04-01,T3,house 88 blk b rd 4 nr water tank sunrise enclave navanagara east 980304,house 88 blk b rd 4 nr water tank sunrise enclave navanagara east,980304,True,True,False,True,False
AD000178,AC000142,residence,kyc_origination,2026-04-01,T2,no 46 gali 9 nr govt school idnira col devgarh nagar 970202,no 46 gali 9 nr govt school idnira col devgarh nagar,970202,True,True,False,True,False
AD000179,AC000143,residence,kyc_origination,2026-04-01,T1,476 11th cr 6th main viya nagar kveripura 960103,476 11th cr 6th main viya nagar kveripura,960103,True,True,False,False,False
AD000180,AC000144,residence,kyc_origination,2026-04-01,T1,3rd cross 3rd main nr posst office shanthi ngr kaveripura 960101,3rd cross 3rd main nr posst office shanthi ngr kaveripura,960101,True,True,False,False,False
AD000181,AC000145,residence,kyc_origination,2026-04-01,T2,gali no 8 ward 6 nehru colony devgarh ngr 970203,gali no 8 ward 6 nehru colony devgarh ngr,970203,True,True,False,True,False
AD000182,AC000146,residence,kyc_origination,2026-04-01,T2,gali no 7 bus stop ke saamne azad mohalla devgarh nagar 970203,gali no 7 bus stop ke saamne azad mohalla devgarh nagar,970203,True,True,False,True,False
AD000183,AC000146,permanent_native,kyc_origination,2026-04-01,OUT,village mallapura tehsil c district south 994058,village mallapura tehsil c district south,994058,True,False,False,False,True
AD000184,AC000147,residence,kyc_origination,2026-04-01,T3,f block 5th rd close to ganesh temple railway colony navanagara east 980304,f block 5th rd close to ganesh temple railway colony navanagara east,980304,True,True,False,False,False
AD000185,AC000147,office,kyc_origination,2026-04-01,T3,b block 1st road close to church teachers colony navanagara east 980302,b block 1st road close to church teachers colony navanagara east,980302,True,True,False,False,False
AD000186,AC000148,residence,kyc_origination,2026-04-01,T2,no 77 ration ki dukaan ke samne ram nagr devgarh ngr,no 77 ration ki dukaan ke samne ram nagr devgarh ngr,,False,False,False,True,False
AD000187,AC000149,residence,kyc_origination,2026-04-01,T2,h no 117 sai residency gali no 9 near government school gandhi basti devgarh nagar 970203,h no 117 sai residency gali no 9 near government school gandhi basti devgarh nagar,970203,True,True,False,True,False
AD000188,AC000150,residence,kyc_origination,2026-04-01,T3,no 450 blk d rd 5 b h bus stand teachers col navanagara east 980302,no 450 blk d rd 5 b h bus stand teachers col navanagara east,980302,True,True,False,True,False
AD000189,AC000151,residence,kyc_origination,2026-04-01,T3,house 56 blk a rd 4 nr bus stop lakeview phase 2 navanagara east 980303,house 56 blk a rd 4 nr bus stop lakeview phase 2 navanagara east,980303,True,True,False,True,False
AD000190,AC000151,office,kyc_origination,2026-04-01,T3,h no 310 a blk 4th rd hmt colony navanagara east 980302,h no 310 a blk 4th rd hmt colony navanagara east,980302,True,True,False,True,False
AD000191,AC000152,residence,kyc_origination,2026-04-01,T3,house 50 blk f rd 2 nr ganesh temple green park layout navanagara east 980301,house 50 blk f rd 2 nr ganesh temple green park layout navanagara east,980301,True,True,False,True,False
AD000192,AC000153,residence,kyc_origination,2026-04-01,T2,gali no 9 nr hanuman temple patel nagar devgarh nagar 970202,gali no 9 nr hanuman temple patel nagar devgarh nagar,970202,True,True,False,True,False
AD000193,AC000154,residence,kyc_origination,2026-04-01,T1,462 1st x 1st main kaveripura 960102,462 1st x 1st main kaveripura,960102,True,True,False,False,False
AD000194,AC000155,residence,kyc_origination,2026-04-01,T2,no 192 sai residency dawai ki dukaan ke pass devgarh nagr 970201,no 192 sai residency dawai ki dukaan ke pass devgarh nagr,970201,True,True,False,True,False
AD000195,AC000156,residence,kyc_origination,2026-04-01,T1,h no 69 opposite bus stand vidya nagar kaveripura 960103,h no 69 opposite bus stand vidya nagar kaveripura,960103,True,True,False,True,False
AD000196,AC000157,residence,kyc_origination,2026-04-01,T2,h no 455 gali no 4 azad mohalla devgarh nagar 970203,h no 455 gali no 4 azad mohalla devgarh nagar,970203,True,True,False,True,False
AD000197,AC000158,residence,kyc_origination,2026-04-01,T3,house 252 ganga apartments blk e rd 3 silver oak layout navanagara east 980301,house 252 ganga apartments blk e rd 3 silver oak layout navanagara east,980301,True,True,False,True,False
AD000198,AC000159,residence,kyc_origination,2026-04-01,T2,राशन की दुकान के पास ambedkar nagar devgarh nagr 97204,राशन की दुकान के पास ambedkar nagar devgarh nagr 97204,,False,False,True,False,False
AD000199,AC000160,residence,kyc_origination,2026-04-01,T1,294 ganga apartments anjaneya gudi hattira kaveripura 960102,294 ganga apartments anjaneya gudi hattira kaveripura,960102,True,True,False,False,False
AD000200,AC000161,residence,kyc_origination,2026-04-01,T1,park hattira kaveripura 960102,park hattira kaveripura,960102,True,True,False,False,False
AD000201,AC000161,office,kyc_origination,2026-04-01,T1,no 328 4th cross 3rd main rd kuvempu layout kaveripura 960102,no 328 4th cross 3rd main rd kuvempu layout kaveripura,960102,True,True,False,True,False
AD000202,AC000162,residence,kyc_origination,2026-04-01,T3,no 282 shanti kunj palm meadows navanagara east 980302,no 282 shanti kunj palm meadows navanagara east,980302,True,True,False,True,False
AD000203,AC000163,residence,kyc_origination,2026-04-01,T1,no 119 2nd cross 4th main nehru col kaveripura 960102,no 119 2nd cross 4th main nehru col kaveripura,960102,True,True,False,True,False
AD000204,AC000164,residence,kyc_origination,2026-04-01,T2,गली नं 5 राशन की दुकान के सामने azad mohalla devgarh nagar 970203,गली नं 5 राशन की दुकान के सामने azad mohalla devgarh nagar,970203,True,True,True,False,False
AD000205,AC000165,residence,kyc_origination,2026-04-01,T3,h no 240 om sai complex b h church green park layout navanagara east 980301,h no 240 om sai complex b h church green park layout navanagara east,980301,True,True,False,True,False
AD000206,AC000166,residence,kyc_origination,2026-04-01,T1,36 om sai complex 8th crs 5th main kalyana nagar kaveripura 960104,36 om sai complex 8th crs 5th main kalyana nagar kaveripura,960104,True,True,False,False,False
AD000207,AC000166,office,kyc_origination,2026-04-01,T1,house 154 om sai complex 2nd cross 8th main kalyana nagar kaveripura 960104,house 154 om sai complex 2nd cross 8th main kalyana nagar kaveripura,960104,True,True,False,True,False
AD000208,AC000167,residence,kyc_origination,2026-04-01,T3,a blk 6th road opp church sunrise enclave navanagara east,a blk 6th road opp church sunrise enclave navanagara east,,False,False,False,False,False
AD000209,AC000168,residence,kyc_origination,2026-04-01,T1,77 3rd cross 8th main rd bhd pds shop vidya nagr kaveripura 960103,77 3rd cross 8th main rd bhd pds shop vidya nagr kaveripura,960103,True,True,False,False,False
AD000210,AC000169,residence,kyc_origination,2026-04-01,T3,d block 1st road hmt colony navanagara east 980301,d block 1st road hmt colony navanagara east,980301,True,True,False,False,False
AD000211,AC000169,office,kyc_origination,2026-04-01,T3,256 2 blk e rd 1 bhd water tank unity ngr navanagara east 980302,256 2 blk e rd 1 bhd water tank unity ngr navanagara east,980302,True,True,False,False,False
AD000212,AC000170,residence,kyc_origination,2026-04-01,T1,sai residency 6th cross 4th main gandhi ngr kaveripura 960102,sai residency 6th cross 4th main gandhi ngr kaveripura,960102,True,True,False,False,False
AD000213,AC000171,residence,kyc_origination,2026-04-01,T1,6th x 2nd main rd gandhi nagar kaveripura 960102,6th x 2nd main rd gandhi nagar kaveripura,960102,True,True,False,False,False
AD000214,AC000172,residence,kyc_origination,2026-04-01,T1,house 160 9th cross 1st main opp children park gandhi nagar kaveripura 960102,house 160 9th cross 1st main opp children park gandhi nagar kaveripura,960102,True,True,False,True,False
AD000215,AC000172,permanent_native,kyc_origination,2026-04-01,OUT,village devipur taluk a district north 993299,village devipur taluk a district north,993299,True,False,False,False,True
AD000216,AC000173,residence,kyc_origination,2026-04-01,T3,no 283 a block 4th road opp milk dairy green park layout navanagara east 980301,no 283 a block 4th road opp milk dairy green park layout navanagara east,980301,True,True,False,True,False
AD000217,AC000174,residence,kyc_origination,2026-04-01,T2,h no 283 gali no 9 nr bus stop azad mohalla devgarh nagar 970203,h no 283 gali no 9 nr bus stop azad mohalla devgarh nagar,970203,True,True,False,True,False
AD000218,AC000174,permanent_native,kyc_origination,2026-04-01,OUT,village mallapura tehsil c district west 997860,village mallapura tehsil c district west,997860,True,False,False,False,True
AD000219,AC000175,residence,kyc_origination,2026-04-01,T3,303 a blk 3rd road close to bus stop silver oak layout navanagara east 980301,303 a blk 3rd road close to bus stop silver oak layout navanagara east,980301,True,True,False,False,False
AD000220,AC000176,residence,kyc_origination,2026-04-01,T2,gali no 1 close to bus stop indira colony devgarh nagar 970202,gali no 1 close to bus stop indira colony devgarh nagar,970202,True,True,False,True,False
AD000221,AC000177,residence,kyc_origination,2026-04-01,T3,315 1 blk d rd 6 behind bus stop teachers colony navanagara east 980302,315 1 blk d rd 6 behind bus stop teachers colony navanagara east,980302,True,True,False,False,False
AD000222,AC000178,residence,kyc_origination,2026-04-01,T2,house 192 sri krishna nivas gali no 11 ward 3 doodh dairy ke pass ambedkar nagar devgarh nagar 970204,house 192 sri krishna nivas gali no 11 ward 3 doodh dairy ke pass ambedkar nagar devgarh nagar,970204,True,True,False,True,False
AD000223,AC000179,residence,kyc_origination,2026-04-01,T2,61 3 green view apts गली नं 4 ward 11 patel nagar devgarh ngr 970202,61 3 green view apts गली नं 4 ward 11 patel nagar devgarh ngr,970202,True,True,True,False,False
AD000224,AC000180,residence,kyc_origination,2026-04-01,T2,house 350 lakshmi nilya gali no 11 nr church indira colony devgarh nagr 970202,house 350 lakshmi nilya gali no 11 nr church indira colony devgarh nagr,970202,True,True,False,True,False
AD000225,AC000181,residence,kyc_origination,2026-04-01,T1,9th crs 4th main hanuman mandir ke pass vidya nagar kaveripura 960103,9th crs 4th main hanuman mandir ke pass vidya nagar kaveripura,960103,True,True,False,False,False
AD000226,AC000181,office,kyc_origination,2026-04-01,T1,no 463 close to ganapathi temple ashoka layout kaveripura 960104,no 463 close to ganapathi temple ashoka layout kaveripura,960104,True,True,False,True,False
AD000227,AC000182,residence,kyc_origination,2026-04-01,T3,151 2 b blk 1st road teachers colony navanagara east 980302,151 2 b blk 1st road teachers colony navanagara east,980302,True,True,False,False,False
AD000228,AC000183,residence,kyc_origination,2026-04-01,T3,no 146 b block 5th road bus adda ke paas lekeview phase 2 navanagara east 980301,no 146 b block 5th road bus adda ke paas lekeview phase 2 navanagara east,980301,True,True,False,True,False
AD000229,AC000184,residence,kyc_origination,2026-04-01,T1,house 90 8th cr 8th main behind govt school hosa badavane kaveripura 9601001,house 90 8th cr 8th main behind govt school hosa badavane kaveripura 9601001,,False,False,False,True,False
AD000230,AC000185,residence,kyc_origination,2026-04-01,T3,71 1 kalyana mantapa hattira lakeview phase 2 navanagara east 983003,71 1 kalyana mantapa hattira lakeview phase 2 navanagara east,983003,True,False,False,False,False
AD000231,AC000186,residence,kyc_origination,2026-04-01,T1,11th cross 3rd main rd anjaneya badavane kaveripura 960103,11th cross 3rd main rd anjaneya badavane kaveripura,960103,True,True,False,False,False
AD000232,AC000186,office,kyc_origination,2026-04-01,T1,6th cross 8th mainn close to ganesh temple ashoka layout kaveripura 960104,6th cross 8th mainn close to ganesh temple ashoka layout kaveripura,960104,True,True,False,False,False
AD000233,AC000187,residence,kyc_origination,2026-04-01,T3,e blk 2nd road near bus stop teachers col navanagara east 980302,e blk 2nd road near bus stop teachers col navanagara east,980302,True,True,False,False,False
AD000234,AC000187,office,kyc_origination,2026-04-01,T3,sai residency beside milk booth royal gardenns navanagara east,sai residency beside milk booth royal gardenns navanagara east,,False,False,False,False,False
AD000235,AC000188,residence,kyc_origination,2026-04-01,T3,blk e rd 4 near govt school green park lyt navanagara east 980301,blk e rd 4 near govt school green park lyt navanagara east,980301,True,True,False,False,False
AD000236,AC000189,residence,kyc_origination,2026-04-01,T1,no 261 8th cross 2nd main nehru colony kaveripura 960102,no 261 8th cross 2nd main nehru colony kaveripura,960102,True,True,False,True,False
AD000237,AC000189,office,kyc_origination,2026-04-01,T1,387 7th cr 1st mn medical shp hindhe kaveripura 960104,387 7th cr 1st mn medical shp hindhe kaveripura,960104,True,True,False,False,False
AD000238,AC000190,residence,kyc_origination,2026-04-01,T1,433 2 5th cross 4th mn close to bus stop vinayaka nagar kaveripura 960104,433 2 5th cross 4th mn close to bus stop vinayaka nagar kaveripura,960104,True,True,False,False,False
AD000239,AC000191,residence,kyc_origination,2026-04-01,T3,no 414 blk f rd 2 close to masjid teachers colony navanagara east 980302,no 414 blk f rd 2 close to masjid teachers colony navanagara east,980302,True,True,False,True,False
AD000240,AC000192,residence,kyc_origination,2026-04-01,T2,gali no 12 close to community hall patel nagar devgarh nagr 970202,gali no 12 close to community hall patel nagar devgarh nagr,970202,True,True,False,True,False
AD000241,AC000193,residence,kyc_origination,2026-04-01,T2,house 233 gali 2 ward 7 nr mosque gandhi basti devgarh ngr 970203,house 233 gali 2 ward 7 nr mosque gandhi basti devgarh ngr,970203,True,True,False,True,False
AD000242,AC000193,office,kyc_origination,2026-04-01,T2,157 1 gali 1 opp park devgarh nagar 970203,157 1 gali 1 opp park devgarh nagar,970203,True,True,False,False,False
AD000243,AC000194,residence,kyc_origination,2026-04-01,T3,200 blk f rd 4 teachers colony navanagara east 980302,200 blk f rd 4 teachers colony navanagara east,980302,True,True,False,False,False
AD000244,AC000194,office,kyc_origination,2026-04-01,T3,house 96 blk d rd 6 b h community hall green park layout navanagara east 980301,house 96 blk d rd 6 b h community hall green park layout navanagara east,980301,True,True,False,True,False
AD000245,AC000195,residence,kyc_origination,2026-04-01,T1,2nd crs 4th main kaveripura 960102,2nd crs 4th main kaveripura,960102,True,True,False,False,False
AD000246,AC000195,office,kyc_origination,2026-04-01,T1,134 2 sri krishna nivas 6th x 1st main rd close to milk booth kalyana nagar kaveripura,134 2 sri krishna nivas 6th x 1st main rd close to milk booth kalyana nagar kaveripura,,False,False,False,False,False
AD000247,AC000196,residence,kyc_origination,2026-04-01,T1,h no 285 2nd crs 1st main rd hanuman mandir ke paos kaveripura 960102,h no 285 2nd crs 1st main rd hanuman mandir ke paos kaveripura,960102,True,True,False,True,False
AD000248,AC000197,residence,kyc_origination,2026-04-01,T3,house 386 blk f rd 3 nr medicals unity nagar navanagara east 980302,house 386 blk f rd 3 nr medicals unity nagar navanagara east,980302,True,True,False,True,False
AD000249,AC000198,residence,kyc_origination,2026-04-01,T3,no 66 ganga apartments c block 5th road milk dairy hattira teachers colony navanagara east 980302,no 66 ganga apartments c block 5th road milk dairy hattira teachers colony navanagara east,980302,True,True,False,True,False
AD000250,AC000199,residence,kyc_origination,2026-04-01,T2,gali no 10 azad mohalla devgarh nagar 970203,gali no 10 azad mohalla devgarh nagar,970203,True,True,False,True,False
AD000251,AC000200,residence,kyc_origination,2026-04-01,T1,h no 468 9th cross 5th main ashoka layout kaveripura 960104,h no 468 9th cross 5th main ashoka layout kaveripura,960104,True,True,False,True,False
AD000252,AC000201,residence,kyc_origination,2026-04-01,T3,407 near bus stop lakeview phase 2 navanagara east 980302,407 near bus stop lakeview phase 2 navanagara east,980302,True,True,False,False,False
AD000253,AC000202,residence,kyc_origination,2026-04-01,T1,300 bus stop hattira gandhi nagar kaveripura 960102,300 bus stop hattira gandhi nagar kaveripura,960102,True,True,False,False,False
AD000254,AC000202,office,kyc_origination,2026-04-01,T1,414 annapoorna nilaya 5th cross 4th main opp church hosa badavane kaveripura 960101,414 annapoorna nilaya 5th cross 4th main opp church hosa badavane kaveripura,960101,True,True,False,False,False
AD000255,AC000203,residence,kyc_origination,2026-04-01,T1,house 463 5th cross 3rd main rd near post office vidya nagr kaveripura 960103,house 463 5th cross 3rd main rd near post office vidya nagr kaveripura,960103,True,True,False,True,False
AD000256,AC000203,office,kyc_origination,2026-04-01,T1,269 6th cr 7th main church hattira hosa badavane kaveripura 960101,269 6th cr 7th main church hattira hosa badavane kaveripura,960101,True,True,False,False,False
AD000257,AC000204,residence,kyc_origination,2026-04-01,T1,2 7th cross 7th main ನ್ಯಾಯಬೆಲೆ ಅಂಗಡಿ ಹತ್ತಿರ nehru colony kaveripura 960103,2 7th cross 7th main ನ್ಯಾಯಬೆಲೆ ಅಂಗಡಿ ಹತ್ತಿರ nehru colony kaveripura,960103,True,True,True,False,False
AD000258,AC000205,residence,kyc_origination,2026-04-01,T3,280 1 d blk 2nd rd hanuman mandir ke samne navanagara east 980301,280 1 d blk 2nd rd hanuman mandir ke samne navanagara east,980301,True,True,False,False,False
AD000259,AC000206,residence,kyc_origination,2026-04-01,T1,232 2 5th x 5th main anjaneya swamy temple eduru nehru colny kaveripura 960101,232 2 5th x 5th main anjaneya swamy temple eduru nehru colny kaveripura,960101,True,True,False,False,False
AD000260,AC000207,residence,kyc_origination,2026-04-01,T1,3rd cross 3rd main bhd hanuman temple kuvempu layout kaveripura 960102,3rd cross 3rd main bhd hanuman temple kuvempu layout kaveripura,960102,True,True,False,False,False
AD000261,AC000208,residence,kyc_origination,2026-04-01,T2,166 3 gali no 7 ward 2 ration dukan ke bagal me indira colony devgarh ngr 970202,166 3 gali no 7 ward 2 ration dukan ke bagal me indira colony devgarh ngr,970202,True,True,False,True,False
AD000262,AC000208,permanent_native,kyc_origination,2026-04-01,OUT,village sundarpur tehsil c district east 993685,village sundarpur tehsil c district east,993685,True,False,False,False,True
AD000263,AC000209,residence,kyc_origination,2026-04-01,T2,house 59 राशन की दुकान के पास azad mohalla devagrh nagar 970203,house 59 राशन की दुकान के पास azad mohalla devagrh nagar,970203,True,True,True,True,False
AD000264,AC000209,office,kyc_origination,2026-04-01,T2,gali 3 दूध डेयरी के पास nehru colony devgarh ngr 970203,gali 3 दूध डेयरी के पास nehru colony devgarh ngr,970203,True,True,True,False,False
AD000265,AC000210,residence,kyc_origination,2026-04-01,T1,no 321 4th crs 7th main vidya nagr kaveripura 960103,no 321 4th crs 7th main vidya nagr kaveripura,960103,True,True,False,True,False
AD000266,AC000211,residence,kyc_origination,2026-04-01,T2,house 135 gali 4 ward 4 ram nagar devgarh nagar 970203,house 135 gali 4 ward 4 ram nagar devgarh nagar,970203,True,True,False,True,False
AD000267,AC000212,residence,kyc_origination,2026-04-01,T2,359 1 krishna puri devgrah nagar,359 1 krishna puri devgrah nagar,,False,False,False,False,False
AD000268,AC000213,residence,kyc_origination,2026-04-01,T2,gali 11 azad mohalla devgarh nagar 970203,gali 11 azad mohalla devgarh nagar,970203,True,True,False,False,False
AD000269,AC000214,residence,kyc_origination,2026-04-01,T1,9th cross 6th mn bus nildana hinde shanthi nagar kaveripura 960101,9th cross 6th mn bus nildana hinde shanthi nagar kaveripura,960101,True,True,False,False,False
AD000270,AC000215,residence,kyc_origination,2026-04-01,T3,house 118 teachers colony navanagara east 980302,house 118 teachers colony navanagara east,980302,True,True,False,True,False
AD000271,AC000215,permanent_native,kyc_origination,2026-04-01,OUT,village devipur tehsil c district south 996560,village devipur tehsil c district south,996560,True,False,False,False,True
AD000272,AC000216,residence,kyc_origination,2026-04-01,T3,181 c block 4th road jama masjid ke paas silver oak lyt navanagara east 980301,181 c block 4th road jama masjid ke paas silver oak lyt navanagara east,980301,True,True,False,False,False
AD000273,AC000216,office,kyc_origination,2026-04-01,T3,house 428 blk c rd 3 navanagara east 980301,house 428 blk c rd 3 navanagara east,980301,True,True,False,True,False
AD000274,AC000217,residence,kyc_origination,2026-04-01,T1,6th cross 1st main rd jama masjid ke pass basava nagar kaveripura 960104,6th cross 1st main rd jama masjid ke pass basava nagar kaveripura,960104,True,True,False,False,False
AD000275,AC000218,residence,kyc_origination,2026-04-01,T2,gali n 5 nr church devgarh nagr 970201,gali n 5 nr church devgarh nagr,970201,True,True,False,False,False
AD000276,AC000219,residence,kyc_origination,2026-04-01,T1,no 319 8th cross 7th main adj pds shop anjaneya badavane kaveripura 960103,no 319 8th cross 7th main adj pds shop anjaneya badavane kaveripura,960103,True,True,False,True,False
AD000277,AC000219,office,kyc_origination,2026-04-01,T1,205 3 near hanuman temple basava ngr kaveripura 960104,205 3 near hanuman temple basava ngr kaveripura,960104,True,True,False,False,False
AD000278,AC000220,residence,kyc_origination,2026-04-01,T2,गली नं 10 ward 5 पानी की टंकी के पीछे subhash nagar devgarh nagar 970201,गली नं 10 ward 5 पानी की टंकी के पीछे subhash nagar devgarh nagar,970201,True,True,True,False,False
AD000279,AC000221,residence,kyc_origination,2026-04-01,T3,house 424 blk d rd 1 nr petrol bunk green park layout navanagara east 980301,house 424 blk d rd 1 nr petrol bunk green park layout navanagara east,980301,True,True,False,True,False
AD000280,AC000221,office,kyc_origination,2026-04-01,T3,no 112 near pharmacy teachers colny navanagara east 980302,no 112 near pharmacy teachers colny navanagara east,980302,True,True,False,True,False
AD000281,AC000222,residence,kyc_origination,2026-04-01,T1,10th cross 7th main near ration shop gandhi nagr kaveripura 960102,10th cross 7th main near ration shop gandhi nagr kaveripura,960102,True,True,False,False,False
AD000282,AC000223,residence,kyc_origination,2026-04-01,T3,a blk 2nd road unity nagar navanagara east 980302,a blk 2nd road unity nagar navanagara east,980302,True,True,False,False,False
AD000283,AC000223,permanent_native,kyc_origination,2026-04-01,OUT,village kodihalli taluk b district east 998113,village kodihalli taluk b district east,998113,True,False,False,False,True
AD000284,AC000224,residence,kyc_origination,2026-04-01,T2,house 22 om sai complex galli no 9 ambedkar nagar devgarh nagar 970204,house 22 om sai complex galli no 9 ambedkar nagar devgarh nagar,970204,True,True,False,True,False
AD000285,AC000225,residence,kyc_origination,2026-04-01,T1,208 12th x 5th main opp church anjaneya badavane kaveripura 960103,208 12th x 5th main opp church anjaneya badavane kaveripura,960103,True,True,False,False,False
AD000286,AC000226,residence,kyc_origination,2026-04-01,T1,3rd cross 1st maain close to church gandhi nagar kaveripura 960102,3rd cross 1st maain close to church gandhi nagar kaveripura,960102,True,True,False,False,False
AD000287,AC000227,residence,kyc_origination,2026-04-01,T1,478 ganga apatments hanuman mandir ke paas nehru colony kaveripura,478 ganga apatments hanuman mandir ke paas nehru colony kaveripura,,False,False,False,False,False
AD000288,AC000228,residence,kyc_origination,2026-04-01,T3,144 a block 3rd rd close to medicals silver oak layout nvaanagara east 980301,144 a block 3rd rd close to medicals silver oak layout nvaanagara east,980301,True,True,False,False,False
AD000289,AC000228,permanent_native,kyc_origination,2026-04-01,OUT,village mallapura tehsil c district east 998501,village mallapura tehsil c district east,998501,True,False,False,False,True
AD000290,AC000229,residence,kyc_origination,2026-04-01,T2,337 3 lakshmi nilaya gali 2 ward 6 near kalyana mantapa nehru colony devgarh ngr 970203,337 3 lakshmi nilaya gali 2 ward 6 near kalyana mantapa nehru colony devgarh ngr,970203,True,True,False,False,False
AD000291,AC000230,residence,kyc_origination,2026-04-01,T3,blk d rd 4 opposite community hall lakeview phase 2 navanagara east 980303,blk d rd 4 opposite community hall lakeview phase 2 navanagara east,980303,True,True,False,False,False
AD000292,AC000231,residence,kyc_origination,2026-04-01,T1,no 404 6th cross 5th main nr ganapathi temple anjaneya badavane kaveripura 960103,no 404 6th cross 5th main nr ganapathi temple anjaneya badavane kaveripura,960103,True,True,False,True,False
AD000293,AC000232,residence,kyc_origination,2026-04-01,T1,382 1st cross 5th main ಸರ್ಕಾರಿ ಶಾಲೆ ಹತ್ತಿರ vidya nagar kaveripura 960103,382 1st cross 5th main ಸರ್ಕಾರಿ ಶಾಲೆ ಹತ್ತಿರ vidya nagar kaveripura,960103,True,True,True,False,False
AD000294,AC000233,residence,kyc_origination,2026-04-01,T2,gali no 1 devgarh nagar 97002,gali no 1 devgarh nagar 97002,,False,False,False,True,False
AD000295,AC000234,residence,kyc_origination,2026-04-01,T2,गली नं 4 ward 11 मस्जिद के पास patel nagar devgarh ngr 970202,गली नं 4 ward 11 मस्जिद के पास patel nagar devgarh ngr,970202,True,True,True,False,False
AD000296,AC000234,office,kyc_origination,2026-04-01,T2,h no 421 gali no 8 behind bus stand nehru colony devgarh nagar 970203,h no 421 gali no 8 behind bus stand nehru colony devgarh nagar,970203,True,True,False,True,False
AD000297,AC000235,residence,kyc_origination,2026-04-01,T1,5th cross 6th main nehru colony kaveripura 960102,5th cross 6th main nehru colony kaveripura,960102,True,True,False,False,False
AD000298,AC000235,office,kyc_origination,2026-04-01,T1,h no 77 12th crs 4th main anjaneya badavane kaveripura 960103,h no 77 12th crs 4th main anjaneya badavane kaveripura,960103,True,True,False,True,False
AD000299,AC000236,residence,kyc_origination,2026-04-01,T1,10th x 6th main kaveripura 960102,10th x 6th main kaveripura,960102,True,True,False,False,False
AD000300,AC000237,residence,kyc_origination,2026-04-01,T3,house 399 blk b rd 4 close to milk booth railway colony navanagara east 980304,house 399 blk b rd 4 close to milk booth railway colony navanagara east,980304,True,True,False,True,False
AD000301,AC000238,residence,kyc_origination,2026-04-01,T2,h no 13 gali 9 पानी की टंकी के पास shastri nagar devgarh nagar 970201,h no 13 gali 9 पानी की टंकी के पास shastri nagar devgarh nagar,970201,True,True,True,True,False
AD000302,AC000239,residence,kyc_origination,2026-04-01,T1,466 3rd cross 8th mn kuvempu layout kaveripura 960102,466 3rd cross 8th mn kuvempu layout kaveripura,960102,True,True,False,False,False
AD000303,AC000240,residence,kyc_origination,2026-04-01,T3,h no 268 blk e rd 6 nyayabele angadi hinde lakeview phase 2 navanagara east 980303,h no 268 blk e rd 6 nyayabele angadi hinde lakeview phase 2 navanagara east,980303,True,True,False,True,False
AD000304,AC000241,residence,kyc_origination,2026-04-01,T2,169 गली नं 3 बारात घर के बगल में azad mohalla devgarh ngar 970203,169 गली नं 3 बारात घर के बगल में azad mohalla devgarh ngar,970203,True,True,True,False,False
AD000305,AC000242,residence,kyc_origination,2026-04-01,T3,railway colny navanagara east 980304,railway colny navanagara east,980304,True,True,False,False,False
AD000306,AC000243,residence,kyc_origination,2026-04-01,T3,216 blk e rd 1 opp bus stop lakeview phase 2 navanagara east 980303,216 blk e rd 1 opp bus stop lakeview phase 2 navanagara east,980303,True,True,False,False,False
AD000307,AC000244,residence,kyc_origination,2026-04-01,T1,121 4th cross 4th main nr post office vinayaka ngr kaveripura 960104,121 4th cross 4th main nr post office vinayaka ngr kaveripura,960104,True,True,False,False,False
AD000308,AC000245,residence,kyc_origination,2026-04-01,T3,41 2 ganga apartments b block 5th road nr bus stand lakeview phase 2 navanagara east 980303,41 2 ganga apartments b block 5th road nr bus stand lakeview phase 2 navanagara east,980303,True,True,False,False,False
AD000309,AC000246,residence,kyc_origination,2026-04-01,T1,11th cr 3rd main nehru colony kaveripura 960102,11th cr 3rd main nehru colony kaveripura,960102,True,True,False,False,False
AD000310,AC000247,residence,kyc_origination,2026-04-01,T1,7th crs 3rd main rd neerina tank hindhe kaveripura 960101,7th crs 3rd main rd neerina tank hindhe kaveripura,960101,True,True,False,False,False
AD000311,AC000248,residence,kyc_origination,2026-04-01,T2,गणेश मंदिर के पास azad mohalla devgarh nagar 970203,गणेश मंदिर के पास azad mohalla devgarh nagar,970203,True,True,True,False,False
AD000312,AC000249,residence,kyc_origination,2026-04-01,T3,415 2 a blk 1st road bus stop ke pass royal gardens navanagara east 980303,415 2 a blk 1st road bus stop ke pass royal gardens navanagara east,980303,True,True,False,False,False
AD000313,AC000249,office,kyc_origination,2026-04-01,T3,189 1 c blk 6th road ಅಂಚೆ ಕಚೇರಿ ಹತ್ತಿರ silver oak layout navanagara east 980301,189 1 c blk 6th road ಅಂಚೆ ಕಚೇರಿ ಹತ್ತಿರ silver oak layout navanagara east,980301,True,True,True,False,False
AD000314,AC000250,residence,kyc_origination,2026-04-01,T1,6th cross 2nd main ಉದ್ಯಾನವನ ಹತ್ತಿರ nehru colony kaveripura 960102,6th cross 2nd main ಉದ್ಯಾನವನ ಹತ್ತಿರ nehru colony kaveripura,960102,True,True,True,False,False
AD000315,AC000250,office,kyc_origination,2026-04-01,T1,10 4th x 5th mn basava ngr kaveripura 960101,10 4th x 5th mn basava ngr kaveripura,960101,True,True,False,False,False
AD000316,AC000251,residence,kyc_origination,2026-04-01,T1,house 240 5th cross 1st main close to masjid nehru colony kaveripura 960102,house 240 5th cross 1st main close to masjid nehru colony kaveripura,960102,True,True,False,True,False
AD000317,AC000251,office,kyc_origination,2026-04-01,T1,house 75 11th cr 7th main rd ಕಲ್ಯಾಣ ಮಂಟಪ ಹತ್ತಿರ kaveripura 960104,house 75 11th cr 7th main rd ಕಲ್ಯಾಣ ಮಂಟಪ ಹತ್ತಿರ kaveripura,960104,True,True,True,True,False
AD000318,AC000252,residence,kyc_origination,2026-04-01,T1,6th cross 5th main close to pharmacy kuvempu layout kaveripura 960102,6th cross 5th main close to pharmacy kuvempu layout kaveripura,960102,True,True,False,False,False
AD000319,AC000253,residence,kyc_origination,2026-04-01,T1,no 281 12th crs 8th main ಬಸ್ ನಿಲ್ದಾಣ ಹತ್ತಿರ nehru colony kaveripura,no 281 12th crs 8th main ಬಸ್ ನಿಲ್ದಾಣ ಹತ್ತಿರ nehru colony kaveripura,,False,False,True,True,False
AD000320,AC000253,office,kyc_origination,2026-04-01,T1,house 73 green view apts 6th cross 5th main opp children park kaveripura 960102,house 73 green view apts 6th cross 5th main opp children park kaveripura,960102,True,True,False,True,False
AD000321,AC000254,residence,kyc_origination,2026-04-01,T1,7th cross 3rd main neerina tank hattira shanthi nagar kaveripura 960101,7th cross 3rd main neerina tank hattira shanthi nagar kaveripura,960101,True,True,False,False,False
AD000322,AC000255,residence,kyc_origination,2026-04-01,T1,10th cr 8th main bus stop hattira nehru colony kaveripura 960102,10th cr 8th main bus stop hattira nehru colony kaveripura,960102,True,True,False,False,False
AD000323,AC000256,residence,kyc_origination,2026-04-01,T3,e block 6th road opp petrol pump railway colony nevanagara east 980304,e block 6th road opp petrol pump railway colony nevanagara east,980304,True,True,False,False,False
AD000324,AC000257,residence,kyc_origination,2026-04-01,T3,h no 472 d block 2nd road close to petrlo bunk railway colony navanagara east 980304,h no 472 d block 2nd road close to petrlo bunk railway colony navanagara east,980304,True,True,False,True,False
AD000325,AC000257,office,kyc_origination,2026-04-01,T3,blk f rd 4 ganesh mandir ke pass green park layt navanagara east 980301,blk f rd 4 ganesh mandir ke pass green park layt navanagara east,980301,True,True,False,False,False
AD000326,AC000258,residence,kyc_origination,2026-04-01,T3,a block 3rd rd opp bus stop navanagara east 980301,a block 3rd rd opp bus stop navanagara east,980301,True,True,False,False,False
AD000327,AC000259,residence,kyc_origination,2026-04-01,T1,2nd cross 7th mn ration ki dukaan ke bagal mein kuvempu layt kaveripura 960103,2nd cross 7th mn ration ki dukaan ke bagal mein kuvempu layt kaveripura,960103,True,True,False,False,False
AD000328,AC000260,residence,kyc_origination,2026-04-01,T1,no 41 9th cross 1st main gandhi nagar kaveripura 960102,no 41 9th cross 1st main gandhi nagar kaveripura,960102,True,True,False,True,False
AD000329,AC000260,permanent_native,kyc_origination,2026-04-01,OUT,village devipur taluk a district north 992302,village devipur taluk a district north,992302,True,False,False,False,True
AD000330,AC000261,residence,kyc_origination,2026-04-01,T2,gli no 8 close to overhead tank krishna puri devgarh nagar 970202,gli no 8 close to overhead tank krishna puri devgarh nagar,970202,True,True,False,True,False
AD000331,AC000261,office,kyc_origination,2026-04-01,T2,280 1 sai residency gali no 7 nehru colony devgarh nagr 970203,280 1 sai residency gali no 7 nehru colony devgarh nagr,970203,True,True,False,True,False
AD000332,AC000262,residence,kyc_origination,2026-04-01,T2,gali no 10 ward 3 nr hanuman temple ambedkar ngr devgarh naagr 970204,gali no 10 ward 3 nr hanuman temple ambedkar ngr devgarh naagr,970204,True,True,False,True,False
AD000333,AC000263,residence,kyc_origination,2026-04-01,T2,456 sri krishna nivas gali no 4 nr bus stop azad mohalla davgarh nagar 970203,456 sri krishna nivas gali no 4 nr bus stop azad mohalla davgarh nagar,970203,True,True,False,True,False
AD000334,AC000264,residence,kyc_origination,2026-04-01,T1,1st x 4th main ಕಲ್ಯಾಣ ಮಂಟಪ ಹತ್ತಿರ gandhi nagr kaveripura 960102,1st x 4th main ಕಲ್ಯಾಣ ಮಂಟಪ ಹತ್ತಿರ gandhi nagr kaveripura,960102,True,True,True,False,False
AD000335,AC000265,residence,kyc_origination,2026-04-01,T3,house 176 opposite ganapathi temple palm meadows navanagara eats 980302,house 176 opposite ganapathi temple palm meadows navanagara eats,980302,True,True,False,True,False
AD000336,AC000266,residence,kyc_origination,2026-04-01,T2,house 154 गली नं 6 ward 11 सरकारी स्कूल के बगल में patel nagar devgarh nagar 970202,house 154 गली नं 6 ward 11 सरकारी स्कूल के बगल में patel nagar devgarh nagar,970202,True,True,True,True,False
AD000337,AC000266,office,kyc_origination,2026-04-01,T2,h no 366 lakhsmi nilaya गली नं 7 ward 11 चर्च के सामने patel nagar devgarh nagar 970202,h no 366 lakhsmi nilaya गली नं 7 ward 11 चर्च के सामने patel nagar devgarh nagar,970202,True,True,True,True,False
AD000338,AC000267,residence,kyc_origination,2026-04-01,T2,gali no 8 ward 11 next to govt school patel nagar devgarh nagar 970202,gali no 8 ward 11 next to govt school patel nagar devgarh nagar,970202,True,True,False,True,False
AD000339,AC000268,residence,kyc_origination,2026-04-01,T2,house 90 गली नं 12 हनुमान मंदिर के पास patel nagar devgarh nagar 970202,house 90 गली नं 12 हनुमान मंदिर के पास patel nagar devgarh nagar,970202,True,True,True,True,False
AD000340,AC000269,residence,kyc_origination,2026-04-01,T1,333 9th x 3rd main rd ನ್ಯಾಯಬೆಲೆ ಅಂಗಡಿ ಹತ್ತಿರ hosa badavane kaveripura 960101,333 9th x 3rd main rd ನ್ಯಾಯಬೆಲೆ ಅಂಗಡಿ ಹತ್ತಿರ hosa badavane kaveripura,960101,True,True,True,False,False
AD000341,AC000270,residence,kyc_origination,2026-04-01,T1,6th cross 5th main close to petrol bunk anjaneya badavane kaveripura 960103,6th cross 5th main close to petrol bunk anjaneya badavane kaveripura,960103,True,True,False,False,False
AD000342,AC000271,residence,kyc_origination,2026-04-01,T3,329 blk a rd 2 lakeview phase 2 navanagara east 980303,329 blk a rd 2 lakeview phase 2 navanagara east,980303,True,True,False,False,False
AD000343,AC000272,residence,kyc_origination,2026-04-01,T2,no 176 gali no 9 nr post office nehru colny devgarh nagor 970203,no 176 gali no 9 nr post office nehru colny devgarh nagor,970203,True,True,False,True,False
AD000344,AC000273,residence,kyc_origination,2026-04-01,T1,3rd cross 2nd main nr medicals basava nagar kaveripura 960101,3rd cross 2nd main nr medicals basava nagar kaveripura,960101,True,True,False,False,False
AD000345,AC000274,residence,kyc_origination,2026-04-01,T1,no 463 gandhi ngr kaveripura 960102,no 463 gandhi ngr kaveripura,960102,True,True,False,True,False
AD000346,AC000275,residence,kyc_origination,2026-04-01,T1,6th cr 2nd mn b h petrol bunk ashoka layout kaveripura 960104,6th cr 2nd mn b h petrol bunk ashoka layout kaveripura,960104,True,True,False,False,False
AD000347,AC000276,residence,kyc_origination,2026-04-01,T3,h no 78 c block 4th road beside medical store navanagara east 980302,h no 78 c block 4th road beside medical store navanagara east,980302,True,True,False,True,False
AD000348,AC000277,residence,kyc_origination,2026-04-01,T3,blk b rd 1 close to milk booth hmt colony navanagara east 980301,blk b rd 1 close to milk booth hmt colony navanagara east,980301,True,True,False,False,False
AD000349,AC000278,residence,kyc_origination,2026-04-01,T2,gali no 4 ward 8 azad mohalla devgarh nagar 970203,gali no 4 ward 8 azad mohalla devgarh nagar,970203,True,True,False,True,False
AD000350,AC000278,office,kyc_origination,2026-04-01,T2,387 sri krishna nivas nr masjid devgarh nagar 9770204,387 sri krishna nivas nr masjid devgarh nagar 9770204,,False,False,False,False,False
AD000351,AC000279,residence,kyc_origination,2026-04-01,T3,146 1 blk c rd 1 sunrise enclave navanagara east,146 1 blk c rd 1 sunrise enclave navanagara east,,False,False,False,False,False
AD000352,AC000280,residence,kyc_origination,2026-04-01,T2,11 gali no 9 nehru colony devgarh nagar 970203,11 gali no 9 nehru colony devgarh nagar,970203,True,True,False,True,False
AD000353,AC000280,office,kyc_origination,2026-04-01,T2,gali 11 ward 4 b h government school ram nagar devgarh nagar 970203,gali 11 ward 4 b h government school ram nagar devgarh nagar,970203,True,True,False,False,False
AD000354,AC000281,residence,kyc_origination,2026-04-01,T3,h no 276 church ke paas teachers col navanagara east 980302,h no 276 church ke paas teachers col navanagara east,980302,True,True,False,True,False
AD000355,AC000282,residence,kyc_origination,2026-04-01,T2,447 gali no 3 bus addda ke paas shivaji nagar devgarh nagar,447 gali no 3 bus addda ke paas shivaji nagar devgarh nagar,,False,False,False,True,False
AD000356,AC000283,residence,kyc_origination,2026-04-01,T3,h no 211 shanti kunj e block 4th road nr overhead tank unity ngr navanagara east 980302,h no 211 shanti kunj e block 4th road nr overhead tank unity ngr navanagara east,980302,True,True,False,True,False
AD000357,AC000284,residence,kyc_origination,2026-04-01,T3,60 blk b rd 3 bus nildana hattira royal gardens navanagara east 980303,60 blk b rd 3 bus nildana hattira royal gardens navanagara east,980303,True,True,False,False,False
AD000358,AC000285,residence,kyc_origination,2026-04-01,T2,no 312 गली नं 4 indira col devgarh nagar 970202,no 312 गली नं 4 indira col devgarh nagar,970202,True,True,True,True,False
AD000359,AC000286,residence,kyc_origination,2026-04-01,T1,house 165 5th cross 1st main shanthi nagr kaveripura 960103,house 165 5th cross 1st main shanthi nagr kaveripura,960103,True,True,False,True,False
AD000360,AC000287,residence,kyc_origination,2026-04-01,T1,6th cross 7th main rd nr ration shop nehru colony kaveripura 960102,6th cross 7th main rd nr ration shop nehru colony kaveripura,960102,True,True,False,False,False
AD000361,AC000288,residence,kyc_origination,2026-04-01,T1,240 basaav naga kaveripura 960101,240 basaav naga kaveripura,960101,True,True,False,False,False
AD000362,AC000288,office,kyc_origination,2026-04-01,T1,340 green view apts 8th cross 8th mn ganapathi gudi hattira shanthi nagar kaveripura 960101,340 green view apts 8th cross 8th mn ganapathi gudi hattira shanthi nagar kaveripura,960101,True,True,False,False,False
AD000363,AC000289,residence,kyc_origination,2026-04-01,T1,1st crss 5th main milk dairy hattira siddeshwara colony kaveripura 960102,1st crss 5th main milk dairy hattira siddeshwara colony kaveripura,960102,True,True,False,False,False
AD000364,AC000290,residence,kyc_origination,2026-04-01,T2,gali 1 बस स्टॉप के पास shivaji nagar devgarh nagar 970202,gali 1 बस स्टॉप के पास shivaji nagar devgarh nagar,970202,True,True,True,False,False
AD000365,AC000291,residence,kyc_origination,2026-04-01,T2,170 3 gali 6 dawai ki dukaan ke pass devgarh nagar 970203,170 3 gali 6 dawai ki dukaan ke pass devgarh nagar,970203,True,True,False,False,False
AD000366,AC000292,residence,kyc_origination,2026-04-01,T1,12th x 8th main sarkari shaale hattira kuvempu lyt kaveripura 960102,12th x 8th main sarkari shaale hattira kuvempu lyt kaveripura,960102,True,True,False,False,False
AD000367,AC000293,residence,kyc_origination,2026-04-01,T3,h no 431 blk d rd 1 opposite milk booth silver oak layout navanagara east 980301,h no 431 blk d rd 1 opposite milk booth silver oak layout navanagara east,980301,True,True,False,True,False
AD000368,AC000293,office,kyc_origination,2026-04-01,T3,e block 1st road close to bus stand railway colony navanagara east 980304,e block 1st road close to bus stand railway colony navanagara east,980304,True,True,False,False,False
AD000369,AC000294,residence,kyc_origination,2026-04-01,T1,343 1 4th x 4th mn close to bus stop gandhi nagar kaveripura 960102,343 1 4th x 4th mn close to bus stop gandhi nagar kaveripura,960102,True,True,False,False,False
AD000370,AC000294,office,kyc_origination,2026-04-01,T1,11th cross 6th main bus stop hattira nehru colony kaveripura 960102,11th cross 6th main bus stop hattira nehru colony kaveripura,960102,True,True,False,False,False
AD000371,AC000295,residence,kyc_origination,2026-04-01,T1,3rd cross 5th main rd samudaya bhavana hattira gandhi nagar kaveripura 960102,3rd cross 5th main rd samudaya bhavana hattira gandhi nagar kaveripura,960102,True,True,False,False,False
AD000372,AC000296,residence,kyc_origination,2026-04-01,T1,3rd cross 8th mn gandhi nagar kaveripura 960102,3rd cross 8th mn gandhi nagar kaveripura,960102,True,True,False,False,False
AD000373,AC000296,permanent_native,kyc_origination,2026-04-01,OUT,village mallapura taluk a district west 995674,village mallapura taluk a district west,995674,True,False,False,False,True
AD000374,AC000297,residence,kyc_origination,2026-04-01,T3,blk b rd 2 teachers colny navanagara east 980301,blk b rd 2 teachers colny navanagara east,980301,True,True,False,False,False
AD000375,AC000297,office,kyc_origination,2026-04-01,T3,house 467 blk c rd 5 nr milk boooth defence colony navanagara east 980301,house 467 blk c rd 5 nr milk boooth defence colony navanagara east,980301,True,True,False,True,False
AD000376,AC000298,residence,kyc_origination,2026-04-01,T2,414 3 devgarh nagar 970203,414 3 devgarh nagar,970203,True,True,False,False,False
AD000377,AC000299,residence,kyc_origination,2026-04-01,T1,426 2 sri krishna nivas 5th cr 5th mn nr overhead tank basava nagr kaveripura 960101,426 2 sri krishna nivas 5th cr 5th mn nr overhead tank basava nagr kaveripura,960101,True,True,False,False,False
AD000378,AC000300,residence,kyc_origination,2026-04-01,T1,annapoorna nilaya 6th x 1st main ration angdi hattira hosa badavane kaveripura 960101,annapoorna nilaya 6th x 1st main ration angdi hattira hosa badavane kaveripura,960101,True,True,False,False,False
AD000379,AC000301,residence,kyc_origination,2026-04-01,T2,house 68 subhash ngr devgarh nagar 970201,house 68 subhash ngr devgarh nagar,970201,True,True,False,True,False
AD000380,AC000302,residence,kyc_origination,2026-04-01,T3,no 413 shanti kunj d block 1st road milk dairy hattira railway colony navanagara east 980304,no 413 shanti kunj d block 1st road milk dairy hattira railway colony navanagara east,980304,True,True,False,True,False
AD000381,AC000303,residence,kyc_origination,2026-04-01,T2,no 366 gali 5 ward 1 opp post office shivaji nagar devgarh nagar 970202,no 366 gali 5 ward 1 opp post office shivaji nagar devgarh nagar,970202,True,True,False,True,False
AD000382,AC000304,residence,kyc_origination,2026-04-01,T2,no 34 gali no 7 ward 6 दूध डेयरी के पास nehru colny devgarh nagar 970203,no 34 gali no 7 ward 6 दूध डेयरी के पास nehru colny devgarh nagar,970203,True,True,True,True,False
AD000383,AC000305,residence,kyc_origination,2026-04-01,T2,gali no 2 tilak nagar devgarh ngr 970201,gali no 2 tilak nagar devgarh ngr,970201,True,True,False,True,False
AD000384,AC000306,residence,kyc_origination,2026-04-01,T1,153 3 nr water tank shanthi nagar kaveripura 960101,153 3 nr water tank shanthi nagar kaveripura,960101,True,True,False,False,False
AD000385,AC000307,residence,kyc_origination,2026-04-01,T2,h no 462 gali no 8 ward 10 paani ki tanki ke paas krishna puri devgarh nagar 970202,h no 462 gali no 8 ward 10 paani ki tanki ke paas krishna puri devgarh nagar,970202,True,True,False,True,False
AD000386,AC000308,residence,kyc_origination,2026-04-01,T2,house 210 gali no 9 near hanuman temple indira colony devgarh nagar 970202,house 210 gali no 9 near hanuman temple indira colony devgarh nagar,970202,True,True,False,True,False
AD000387,AC000308,office,kyc_origination,2026-04-01,T2,house 287 gali 11 sarkari school ke paas tilak nagar devgarh nagar 970204,house 287 gali 11 sarkari school ke paas tilak nagar devgarh nagar,970204,True,True,False,True,False
AD000388,AC000309,residence,kyc_origination,2026-04-01,T3,blk a rd 6 church ke piche teachers colony navanagara east 980302,blk a rd 6 church ke piche teachers colony navanagara east,980302,True,True,False,False,False
AD000389,AC000310,residence,kyc_origination,2026-04-01,T1,house 366 12th cross 3rd main rd near ganapathi temple kaveripura 960102,house 366 12th cross 3rd main rd near ganapathi temple kaveripura,960102,True,True,False,True,False
AD000390,AC000311,residence,kyc_origination,2026-04-01,T1,4th cross 5th main nr hanuman temple siddeshwara colony kaveripura 960102,4th cross 5th main nr hanuman temple siddeshwara colony kaveripura,960102,True,True,False,False,False
AD000391,AC000311,office,kyc_origination,2026-04-01,T1,no 57 12th cross 5th main ganddhi nagar kaveripura 960102,no 57 12th cross 5th main ganddhi nagar kaveripura,960102,True,True,False,True,False
AD000392,AC000312,residence,kyc_origination,2026-04-01,T2,gali 9 ward 10 nr ganesh temple devgarh nagr 970202,gali 9 ward 10 nr ganesh temple devgarh nagr,970202,True,True,False,False,False
AD000393,AC000313,residence,kyc_origination,2026-04-01,T3,house 468 blk a rd 2 navanagara east 980303,house 468 blk a rd 2 navanagara east,980303,True,True,False,True,False
AD000394,AC000314,residence,kyc_origination,2026-04-01,T2,barat gar ke pass azad mohalla devgarh ngr 970203,barat gar ke pass azad mohalla devgarh ngr,970203,True,True,False,False,False
AD000395,AC000315,residence,kyc_origination,2026-04-01,T3,126 blk e rd 3 lakeview phase 2 navanagara east 980303,126 blk e rd 3 lakeview phase 2 navanagara east,980303,True,True,False,False,False
AD000396,AC000315,office,kyc_origination,2026-04-01,T3,no 283 blk e rd 4 behind post office hmt colony navanagara east,no 283 blk e rd 4 behind post office hmt colony navanagara east,,False,False,False,True,False
AD000397,AC000316,residence,kyc_origination,2026-04-01,T3,no 401 green view apts e block 2nd road palm meadows navanagara east 980302,no 401 green view apts e block 2nd road palm meadows navanagara east,980302,True,True,False,True,False
AD000398,AC000317,residence,kyc_origination,2026-04-01,T3,no 363 blk c rd 7 railway colony navanagara east 980304,no 363 blk c rd 7 railway colony navanagara east,980304,True,True,False,True,False
AD000399,AC000317,office,kyc_origination,2026-04-01,T3,house 279 b block 5th rd nr overhead tank palm meadows navanagara east 980302,house 279 b block 5th rd nr overhead tank palm meadows navanagara east,980302,True,True,False,True,False
AD000400,AC000318,residence,kyc_origination,2026-04-01,T2,430 3 gali 9 subhash nagar devgarh nagar 970201,430 3 gali 9 subhash nagar devgarh nagar,970201,True,True,False,False,False
AD000401,AC000319,residence,kyc_origination,2026-04-01,T3,f block 6th road opp post office railway colony navanagara east 980304,f block 6th road opp post office railway colony navanagara east,980304,True,True,False,False,False
AD000402,AC000320,residence,kyc_origination,2026-04-01,T3,house 250 d blk 4th road bus adda ke pass railway colny navanagara east 980304,house 250 d blk 4th road bus adda ke pass railway colny navanagara east,980304,True,True,False,True,False
AD000403,AC000320,office,kyc_origination,2026-04-01,T3,h no 383 nr milk dairy railway colony navanagara east 980304,h no 383 nr milk dairy railway colony navanagara east,980304,True,True,False,True,False
AD000404,AC000321,residence,kyc_origination,2026-04-01,T2,ganesh mandir ke peeche nehru colony devgarh nagar 970203,ganesh mandir ke peeche nehru colony devgarh nagar,970203,True,True,False,False,False
AD000405,AC000322,residence,kyc_origination,2026-04-01,T2,gali no 11 ward 4 near medicals ram nagar devgarh nagar 970203,gali no 11 ward 4 near medicals ram nagar devgarh nagar,970203,True,True,False,True,False
AD000406,AC000323,residence,kyc_origination,2026-04-01,T1,1st crs 8th main opp ration shop vidya nagr kaveripura 90103,1st crs 8th main opp ration shop vidya nagr kaveripura 90103,,False,False,False,False,False
AD000407,AC000324,residence,kyc_origination,2026-04-01,T2,house 360 gali no 11 close to post office krishna puri devgarh ngr 970202,house 360 gali no 11 close to post office krishna puri devgarh ngr,970202,True,True,False,True,False
AD000408,AC000324,office,kyc_origination,2026-04-01,T2,202 gali no 8 behind post office krishna puri devgarh nagar 970202,202 gali no 8 behind post office krishna puri devgarh nagar,970202,True,True,False,True,False
AD000409,AC000325,residence,kyc_origination,2026-04-01,T3,213 2 annapoorna nilaya church hattira teachers col navanagara east 980304,213 2 annapoorna nilaya church hattira teachers col navanagara east,980304,True,True,False,False,False
AD000410,AC000325,office,kyc_origination,2026-04-01,T3,blk c rd 5 close to pharmacy navanagara east 980302,blk c rd 5 close to pharmacy navanagara east,980302,True,True,False,False,False
AD000411,AC000326,residence,kyc_origination,2026-04-01,T3,house 206 lakeview phase 2 navanagara east 980303,house 206 lakeview phase 2 navanagara east,980303,True,True,False,True,False
AD000412,AC000327,residence,kyc_origination,2026-04-01,T2,gali no 6 ward 11 nr church patel nagar devgarh nagar 970204,gali no 6 ward 11 nr church patel nagar devgarh nagar,970204,True,True,False,True,False
AD000413,AC000327,permanent_native,kyc_origination,2026-04-01,OUT,village chikkapura tehsil d district east 994056,village chikkapura tehsil d district east,994056,True,False,False,False,True
AD000414,AC000328,residence,kyc_origination,2026-04-01,T3,blk d rd 1 nr ration shop hmt colony navanagara east 980301,blk d rd 1 nr ration shop hmt colony navanagara east,980301,True,True,False,False,False
AD000415,AC000328,permanent_native,kyc_origination,2026-04-01,OUT,village rampura kalan tehsil d district north 992673,village rampura kalan tehsil d district north,992673,True,False,False,False,True
AD000416,AC000329,residence,kyc_origination,2026-04-01,T1,4th cr 2nd main hosa badavane kaveripura 960101,4th cr 2nd main hosa badavane kaveripura,960101,True,True,False,False,False
AD000417,AC000330,residence,kyc_origination,2026-04-01,T3,no 312 b block 2nd road close to masjid railway colony navanagara east 980304,no 312 b block 2nd road close to masjid railway colony navanagara east,980304,True,True,False,True,False
AD000418,AC000331,residence,kyc_origination,2026-04-01,T2,shanti kunj gali no 10 opp overhead tank nehru colny devgarh nagar 970203,shanti kunj gali no 10 opp overhead tank nehru colny devgarh nagar,970203,True,True,False,True,False
AD000419,AC000332,residence,kyc_origination,2026-04-01,T2,gali 2 patel nagar devgarh nagar 970202,gali 2 patel nagar devgarh nagar,970202,True,True,False,False,False
AD000420,AC000333,residence,kyc_origination,2026-04-01,T2,gali no 10 nr ganesh temple krishna puri devgarh nagar 970202,gali no 10 nr ganesh temple krishna puri devgarh nagar,970202,True,True,False,True,False
AD000421,AC000334,residence,kyc_origination,2026-04-01,T3,435 3 blk e rd 3 nr petrol bunk green park layt navanagara east 980301,435 3 blk e rd 3 nr petrol bunk green park layt navanagara east,980301,True,True,False,False,False
AD000422,AC000334,office,kyc_origination,2026-04-01,T3,house 440 om sai complex a block 1st rd opp church defence colony navanagara east,house 440 om sai complex a block 1st rd opp church defence colony navanagara east,,False,False,False,True,False
AD000423,AC000335,residence,kyc_origination,2026-04-01,T1,4th cross 6th mn nr ganapathi temple ashoka layout kaveripura 960104,4th cross 6th mn nr ganapathi temple ashoka layout kaveripura,960104,True,True,False,False,False
AD000424,AC000336,residence,kyc_origination,2026-04-01,T2,156 gali no 4 opp community hall nehru colony devgarh ngr 970203,156 gali no 4 opp community hall nehru colony devgarh ngr,970203,True,True,False,True,False
AD000425,AC000336,permanent_native,kyc_origination,2026-04-01,OUT,village hosahalli tehsil d district south 997113,village hosahalli tehsil d district south,997113,True,False,False,False,True
AD000426,AC000337,residence,kyc_origination,2026-04-01,T3,h no 2 annapoorna nilaya blk a rd 5 nr ration shop teachers colony navanagara east 980302,h no 2 annapoorna nilaya blk a rd 5 nr ration shop teachers colony navanagara east,980302,True,True,False,True,False
AD000427,AC000337,office,kyc_origination,2026-04-01,T3,d blocck 4th rd hmt col navanagara east 980301,d blocck 4th rd hmt col navanagara east,980301,True,True,False,False,False
AD000428,AC000338,residence,kyc_origination,2026-04-01,T1,41 3 ganga apartments 1st crss 7th main close to hanuman temple nehru colony kaverpura 960102,41 3 ganga apartments 1st crss 7th main close to hanuman temple nehru colony kaverpura,960102,True,True,False,False,False
AD000429,AC000338,office,kyc_origination,2026-04-01,T1,h no 421 ಕಲ್ಯಾಣ ಮಂಟಪ ಹತ್ತಿರ gandhi nagr kaveripura 960102,h no 421 ಕಲ್ಯಾಣ ಮಂಟಪ ಹತ್ತಿರ gandhi nagr kaveripura,960102,True,True,True,True,False
AD000430,AC000339,residence,kyc_origination,2026-04-01,T2,house 402 church ke pass patel nagr devgarh nagar 970202,house 402 church ke pass patel nagr devgarh nagar,970202,True,True,False,True,False
AD000431,AC000339,permanent_native,kyc_origination,2026-04-01,OUT,village sundarpur tehsil d district east 994704,village sundarpur tehsil d district east,994704,True,False,False,False,True
AD000432,AC000340,residence,kyc_origination,2026-04-01,T2,174 3 gali no 10 patel nagar devgarh nagar 970202,174 3 gali no 10 patel nagar devgarh nagar,970202,True,True,False,True,False
AD000433,AC000341,residence,kyc_origination,2026-04-01,T3,h no 212 blk c rd 1 next to church navanagara east 980303,h no 212 blk c rd 1 next to church navanagara east,980303,True,True,False,True,False
AD000434,AC000342,residence,kyc_origination,2026-04-01,T3,no 31 blk f rd 5 opposite hanuman temple hmt colony navanagara east 980304,no 31 blk f rd 5 opposite hanuman temple hmt colony navanagara east,980304,True,True,False,True,False
AD000435,AC000343,residence,kyc_origination,2026-04-01,T1,134 3 ಪೆಟ್ರೋಲ್ ಬಂಕ್ ಹತ್ತಿರ kalyana ngr kaveripura 960104,134 3 ಪೆಟ್ರೋಲ್ ಬಂಕ್ ಹತ್ತಿರ kalyana ngr kaveripura,960104,True,True,True,False,False
AD000436,AC000344,residence,kyc_origination,2026-04-01,T3,f blk 2nd road navanagara east 980303,f blk 2nd road navanagara east,980303,True,True,False,False,False
AD000437,AC000345,residence,kyc_origination,2026-04-01,T2,house 262 gali no 11 nr milk booth ambedkar nagr devgarh nagar 970204,house 262 gali no 11 nr milk booth ambedkar nagr devgarh nagar,970204,True,True,False,True,False
AD000438,AC000346,residence,kyc_origination,2026-04-01,T2,h no 372 gali no 1 ward 8 azad mohalla devgarh nagar 970203,h no 372 gali no 1 ward 8 azad mohalla devgarh nagar,970203,True,True,False,True,False
AD000439,AC000346,office,kyc_origination,2026-04-01,T2,no 149 gali no 9 close to hanuman tempel indira colony devgarh nagar 970202,no 149 gali no 9 close to hanuman tempel indira colony devgarh nagar,970202,True,True,False,True,False
AD000440,AC000347,residence,kyc_origination,2026-04-01,T1,113 3 shanti kunj 12th cross 3rd main ನ್ಯಾಯಬೆಲೆ ಅಂಗಡಿ ಹತ್ತಿರ siddeshwara colny kaveripura 960102,113 3 shanti kunj 12th cross 3rd main ನ್ಯಾಯಬೆಲೆ ಅಂಗಡಿ ಹತ್ತಿರ siddeshwara colny kaveripura,960102,True,True,True,False,False
AD000441,AC000348,residence,kyc_origination,2026-04-01,T1,h no 136 5th cross 5th main masidi eduru vidya ngr kaveripura 960103,h no 136 5th cross 5th main masidi eduru vidya ngr kaveripura,960103,True,True,False,True,False
AD000442,AC000348,office,kyc_origination,2026-04-01,T1,h no 287 ಬಸ್ ನಿಲ್ದಾಣ ಹತ್ತಿರ hosa badavane kaveripura 960101,h no 287 ಬಸ್ ನಿಲ್ದಾಣ ಹತ್ತಿರ hosa badavane kaveripura,960101,True,True,True,True,False
AD000443,AC000349,residence,kyc_origination,2026-04-01,T2,116 naer hanuman temple shivaji nagr devgarh nagar 970202,116 naer hanuman temple shivaji nagr devgarh nagar,970202,True,True,False,False,False
AD000444,AC000349,office,kyc_origination,2026-04-01,T2,425 gali 2 ration ki dukaan ke paaas devgarh nagar 970202,425 gali 2 ration ki dukaan ke paaas devgarh nagar,970202,True,True,False,False,False
AD000445,AC000350,residence,kyc_origination,2026-04-01,T1,93 10th cross 1st main nr ganapathi temple nehru colony kaveripura 960102,93 10th cross 1st main nr ganapathi temple nehru colony kaveripura,960102,True,True,False,False,False
AD000446,AC000351,residence,kyc_origination,2026-04-01,T3,a block 4th road nr mosque orchid enclave navanagara east 980301,a block 4th road nr mosque orchid enclave navanagara east,980301,True,True,False,False,False
AD000447,AC000352,residence,kyc_origination,2026-04-01,T1,470 3 10th cross 3rd main ಸರ್ಕಾರಿ ಶಾಲೆ ಎದುರು anjaneya badavane kaveripura 960103,470 3 10th cross 3rd main ಸರ್ಕಾರಿ ಶಾಲೆ ಎದುರು anjaneya badavane kaveripura,960103,True,True,True,False,False
AD000448,AC000353,residence,kyc_origination,2026-04-01,T3,383 2 d blk 5th road behind hanuman temple orchhid enclave navanagara east 980301,383 2 d blk 5th road behind hanuman temple orchhid enclave navanagara east,980301,True,True,False,False,False
AD000449,AC000354,residence,kyc_origination,2026-04-01,T3,no 101 c blk 1st road sunrise enclave navanagara east 980301,no 101 c blk 1st road sunrise enclave navanagara east,980301,True,True,False,True,False
AD000450,AC000355,residence,kyc_origination,2026-04-01,T2,gali 8 krishna puri devgarh nagr 970202,gali 8 krishna puri devgarh nagr,970202,True,True,False,False,False
AD000451,AC000356,residence,kyc_origination,2026-04-01,T3,no 435 f block 6th road teachers colony navanagara east 980302,no 435 f block 6th road teachers colony navanagara east,980302,True,True,False,True,False
AD000452,AC000357,residence,kyc_origination,2026-04-01,T3,27 d block 1st road nr govt school teachers colony navanagara east 980302,27 d block 1st road nr govt school teachers colony navanagara east,980302,True,True,False,False,False
AD000453,AC000358,residence,kyc_origination,2026-04-01,T3,house 248 blk d rd 6 opp overhead tank silver oak layout navanagara east 980301,house 248 blk d rd 6 opp overhead tank silver oak layout navanagara east,980301,True,True,False,True,False
AD000454,AC000358,permanent_native,kyc_origination,2026-04-01,OUT,village kodihalli tehsil c district north 995265,village kodihalli tehsil c district north,995265,True,False,False,False,True
AD000455,AC000359,residence,kyc_origination,2026-04-01,T2,gali no 1 jama masjid ke pass tilak nagar devgarh nagar 970204,gali no 1 jama masjid ke pass tilak nagar devgarh nagar,970204,True,True,False,True,False
AD000456,AC000360,residence,kyc_origination,2026-04-01,T2,250 2 gali no 9 doodh dairy ke samne shastri nagar devgarh nagar 970201,250 2 gali no 9 doodh dairy ke samne shastri nagar devgarh nagar,970201,True,True,False,True,False
AD000457,AC000361,residence,kyc_origination,2026-04-01,T3,blk d rd 4 ಸರ್ಕಾರಿ ಶಾಲೆ ಹತ್ತಿರ railway colony navanagara east 980304,blk d rd 4 ಸರ್ಕಾರಿ ಶಾಲೆ ಹತ್ತಿರ railway colony navanagara east,980304,True,True,True,False,False
AD000458,AC000362,residence,kyc_origination,2026-04-01,T3,green view apts blk e rd 3 silver oak lyt navanagara east 980301,green view apts blk e rd 3 silver oak lyt navanagara east,980301,True,True,False,False,False
AD000459,AC000363,residence,kyc_origination,2026-04-01,T2,240 3 gali no 4 ward 5 doodh dairy ke paas subhash ngr devgarh nagr 970201,240 3 gali no 4 ward 5 doodh dairy ke paas subhash ngr devgarh nagr,970201,True,True,False,True,False
AD000460,AC000364,residence,kyc_origination,2026-04-01,T2,h no 230 gali no 6 close to overhead tank krishna puri devgarh naagar 970202,h no 230 gali no 6 close to overhead tank krishna puri devgarh naagar,970202,True,True,False,True,False
AD000461,AC000364,office,kyc_origination,2026-04-01,T2,208 3 gali no 3 opposite kalyana mantapa nehru colony devgarh nagar 970203,208 3 gali no 3 opposite kalyana mantapa nehru colony devgarh nagar,970203,True,True,False,True,False
AD000462,AC000365,residence,kyc_origination,2026-04-01,T1,house 412 nr pds sohp hosa badavane kaveripura 960101,house 412 nr pds sohp hosa badavane kaveripura,960101,True,True,False,True,False
AD000463,AC000365,permanent_native,kyc_origination,2026-04-01,OUT,village mallapura tehsil c district east 993770,village mallapura tehsil c district east,993770,True,False,False,False,True
AD000464,AC000366,residence,kyc_origination,2026-04-01,T3,c blk 3rd road teachers colony navanagara east 980302,c blk 3rd road teachers colony navanagara east,980302,True,True,False,False,False
AD000465,AC000367,residence,kyc_origination,2026-04-01,T3,lakshmi nilaya blk e rd 5 nr overhead tank silver oak layout navanagara east,lakshmi nilaya blk e rd 5 nr overhead tank silver oak layout navanagara east,,False,False,False,False,False
AD000466,AC000368,residence,kyc_origination,2026-04-01,T1,9th cr 4th main close to medical store kuvempu layout kaveripura 960102,9th cr 4th main close to medical store kuvempu layout kaveripura,960102,True,True,False,False,False
AD000467,AC000369,residence,kyc_origination,2026-04-01,T1,house 263 4th crs 6th main srkari shaale hattira basava nagr kaveripura 960101,house 263 4th crs 6th main srkari shaale hattira basava nagr kaveripura,960101,True,True,False,True,False
AD000468,AC000370,residence,kyc_origination,2026-04-01,T3,house 64 blk f rd 4 close to milk dairy sunrise enclave navanagara east 980304,house 64 blk f rd 4 close to milk dairy sunrise enclave navanagara east,980304,True,True,False,True,False
AD000469,AC000371,residence,kyc_origination,2026-04-01,T1,458 1 10th cross 5th main opp pds sho p gandhi nagar kaveripura 960102,458 1 10th cross 5th main opp pds sho p gandhi nagar kaveripura,960102,True,True,False,False,False
AD000470,AC000371,permanent_native,kyc_origination,2026-04-01,OUT,village bilagi tehsil c district north 995877,village bilagi tehsil c district north,995877,True,False,False,False,True
AD000471,AC000372,residence,kyc_origination,2026-04-01,T3,71 blk b rd 6 nr overhead tank green park lyt navanagara east 980301,71 blk b rd 6 nr overhead tank green park lyt navanagara east,980301,True,True,False,False,False
AD000472,AC000373,residence,kyc_origination,2026-04-01,T2,gali 12 hanuman mandir ke bagal me shastri nagar devgarh nagar 970201,gali 12 hanuman mandir ke bagal me shastri nagar devgarh nagar,970201,True,True,False,False,False
AD000473,AC000374,residence,kyc_origination,2026-04-01,T2,house 342 close to kalyana mantapa patel nagar devgarh nagar,house 342 close to kalyana mantapa patel nagar devgarh nagar,,False,False,False,True,False
AD000474,AC000374,permanent_native,kyc_origination,2026-04-01,OUT,village bilagi tehsil c district south 998052,village bilagi tehsil c district south,998052,True,False,False,False,True
AD000475,AC000375,residence,kyc_origination,2026-04-01,T1,h no 471 5th cross 3rd main near children park nehru coloony kaveripura 960102,h no 471 5th cross 3rd main near children park nehru coloony kaveripura,960102,True,True,False,True,False
AD000476,AC000375,permanent_native,kyc_origination,2026-04-01,OUT,village sundarpur taluk a district east 995144,village sundarpur taluk a district east,995144,True,False,False,False,True
AD000477,AC000376,residence,kyc_origination,2026-04-01,T1,10th cr 6th main opposite bus stand shanthi nagar kaveripura 960101,10th cr 6th main opposite bus stand shanthi nagar kaveripura,960101,True,True,False,False,False
AD000478,AC000376,office,kyc_origination,2026-04-01,T1,house 17 green view apts 4th crs 8th main gandhi nagar kaveripura 960102,house 17 green view apts 4th crs 8th main gandhi nagar kaveripura,960102,True,True,False,True,False
AD000479,AC000377,residence,kyc_origination,2026-04-01,T2,no 312 gali 9 ward 5 behind govt school subhash nagar devgarh nagar 970201,no 312 gali 9 ward 5 behind govt school subhash nagar devgarh nagar,970201,True,True,False,True,False
AD000480,AC000378,residence,kyc_origination,2026-04-01,T2,55 3 barat ghar ke bagal me patel nagr devgarh nagar 970202,55 3 barat ghar ke bagal me patel nagr devgarh nagar,970202,True,True,False,False,False
AD000481,AC000379,residence,kyc_origination,2026-04-01,T3,40 1 railway colony navanagara eats 980304,40 1 railway colony navanagara eats,980304,True,True,False,False,False
AD000482,AC000379,office,kyc_origination,2026-04-01,T3,house 479 blk f rd 3 tanki ke pass hmt colony navanagara east 980301,house 479 blk f rd 3 tanki ke pass hmt colony navanagara east,980301,True,True,False,True,False
AD000483,AC000380,residence,kyc_origination,2026-04-01,T3,168 c blk 6th road masjid ke saamne defence colny navanagara east 980302,168 c blk 6th road masjid ke saamne defence colny navanagara east,980302,True,True,False,False,False
AD000484,AC000381,residence,kyc_origination,2026-04-01,T3,256 blk f rd 5 nr post office railway colny navanagraa east 980304,256 blk f rd 5 nr post office railway colny navanagraa east,980304,True,True,False,False,False
AD000485,AC000382,residence,kyc_origination,2026-04-01,T2,gali 10 barat ghir ke pass shivaji nagar devgahr nagar 970202,gali 10 barat ghir ke pass shivaji nagar devgahr nagar,970202,True,True,False,False,False
AD000486,AC000382,office,kyc_origination,2026-04-01,T2,28 1 gali no 12 ward 10 krishna puri devgarh nagar,28 1 gali no 12 ward 10 krishna puri devgarh nagar,,False,False,False,True,False
AD000487,AC000383,residence,kyc_origination,2026-04-01,T2,house 301 opposite post office devgarh nagr 970202,house 301 opposite post office devgarh nagr,970202,True,True,False,True,False
AD000488,AC000384,residence,kyc_origination,2026-04-01,T1,house 321 neear milk booth kaveripura 960102,house 321 neear milk booth kaveripura,960102,True,True,False,True,False
AD000489,AC000385,residence,kyc_origination,2026-04-01,T3,115 silver oak layt navanagara east 980301,115 silver oak layt navanagara east,980301,True,True,False,False,False
AD000490,AC000385,permanent_native,kyc_origination,2026-04-01,OUT,village kodihalli taluk b district north 997089,village kodihalli taluk b district north,997089,True,False,False,False,True
AD000491,AC000386,residence,kyc_origination,2026-04-01,T2,gali 7 church ke pass shivaji ngr devgarh nagar 970202,gali 7 church ke pass shivaji ngr devgarh nagar,970202,True,True,False,False,False
AD000492,AC000386,office,kyc_origination,2026-04-01,T2,376 2 azad mohalla devgarh nagar 970202,376 2 azad mohalla devgarh nagar,970202,True,True,False,False,False
AD000493,AC000387,residence,kyc_origination,2026-04-01,T3,337 palm meadows navanagara east 980302,337 palm meadows navanagara east,980302,True,True,False,False,False
AD000494,AC000387,permanent_native,kyc_origination,2026-04-01,OUT,village kodihalli tehsil c district west 991904,village kodihalli tehsil c district west,991904,True,False,False,False,True
AD000495,AC000388,residence,kyc_origination,2026-04-01,T2,gali no 9 near ganesh temple krishna puri devgarh nagar 970202,gali no 9 near ganesh temple krishna puri devgarh nagar,970202,True,True,False,True,False
AD000496,AC000388,permanent_native,kyc_origination,2026-04-01,OUT,village rampura kalan tehsil d district south 999621,village rampura kalan tehsil d district south,999621,True,False,False,False,True
AD000497,AC000389,residence,kyc_origination,2026-04-01,T1,no 393 10th cross 6th mn sarkari shaale hattira vinayaka nagar kaveripura 960104,no 393 10th cross 6th mn sarkari shaale hattira vinayaka nagar kaveripura,960104,True,True,False,True,False
AD000498,AC000390,residence,kyc_origination,2026-04-01,T2,311 gali no 2 devgarh ngr 970202,311 gali no 2 devgarh ngr,970202,True,True,False,True,False
AD000499,AC000391,residence,kyc_origination,2026-04-01,T3,blk f rd 3 next to medicals navanagara east,blk f rd 3 next to medicals navanagara east,,False,False,False,False,False
AD000500,AC000391,office,kyc_origination,2026-04-01,T3,blk d rd 6 masidi hattira orchid enclave navanagara east 980301,blk d rd 6 masidi hattira orchid enclave navanagara east,980301,True,True,False,False,False
AD000501,AC000392,residence,kyc_origination,2026-04-01,T3,271 3 c blk 3rd road nr water tank defence colony navanagara east 980301,271 3 c blk 3rd road nr water tank defence colony navanagara east,980301,True,True,False,False,False
AD000502,AC000393,residence,kyc_origination,2026-04-01,T2,263 2 gali no 3 patel nagar devgarh nagar 970202,263 2 gali no 3 patel nagar devgarh nagar,970202,True,True,False,True,False
AD000503,AC000394,residence,kyc_origination,2026-04-01,T2,352 1 gali no 4 nr government school indira colony devgarh nagr 970202,352 1 gali no 4 nr government school indira colony devgarh nagr,970202,True,True,False,True,False
AD000504,AC000395,residence,kyc_origination,2026-04-01,T1,house 155 9th cross 5th main nehru colony kaveripura 960102,house 155 9th cross 5th main nehru colony kaveripura,960102,True,True,False,True,False
AD000505,AC000396,residence,kyc_origination,2026-04-01,T3,258 ಸರ್ಕಾರಿ ಶಾಲೆ ಹತ್ತಿರ navanagara east 980301,258 ಸರ್ಕಾರಿ ಶಾಲೆ ಹತ್ತಿರ navanagara east,980301,True,True,True,False,False
AD000506,AC000397,residence,kyc_origination,2026-04-01,T2,337 gali no 4 ward 6 nehru col devgarh nagr 970203,337 gali no 4 ward 6 nehru col devgarh nagr,970203,True,True,False,True,False
AD000507,AC000397,office,kyc_origination,2026-04-01,T2,gali no 12 bhd park nehru colny devgarh ngr 970203,gali no 12 bhd park nehru colny devgarh ngr,970203,True,True,False,True,False
AD000508,AC000398,residence,kyc_origination,2026-04-01,T3,288 3 blk f rd 5 b h ganapathi temple railway col navanagara east 980304,288 3 blk f rd 5 b h ganapathi temple railway col navanagara east,980304,True,True,False,False,False
AD000509,AC000399,residence,kyc_origination,2026-04-01,T2,2 गली नं 6 ward 8 राशन की दुकान के सामने azad mohalla devgarh nagar 970203,2 गली नं 6 ward 8 राशन की दुकान के सामने azad mohalla devgarh nagar,970203,True,True,True,False,False
AD000510,AC000400,residence,kyc_origination,2026-04-01,T3,a block 3rd rd nr bus stop silver oak layout navanagara east 980301,a block 3rd rd nr bus stop silver oak layout navanagara east,980301,True,True,False,False,False
AD000511,AC000401,residence,kyc_origination,2026-04-01,T3,blk f rd 2 opposite overhead tank sunrise enclave navanagara east 983004,blk f rd 2 opposite overhead tank sunrise enclave navanagara east,983004,True,False,False,False,False
AD000512,AC000401,office,kyc_origination,2026-04-01,T3,53 d block 5th rd green park layt navanagara east 980301,53 d block 5th rd green park layt navanagara east,980301,True,True,False,False,False
AD000513,AC000402,residence,kyc_origination,2026-04-01,T1,7th cross 6th main bus stop hindhe vinayaka nagar kaveripura 960104,7th cross 6th main bus stop hindhe vinayaka nagar kaveripura,960104,True,True,False,False,False
AD000514,AC000402,permanent_native,kyc_origination,2026-04-01,OUT,village sundarpur taluk b district south 994014,village sundarpur taluk b district south,994014,True,False,False,False,True
AD000515,AC000403,residence,kyc_origination,2026-04-01,T2,334 2 gali no 6 krishna puri devgarh nagar 970202,334 2 gali no 6 krishna puri devgarh nagar,970202,True,True,False,True,False
AD000516,AC000403,permanent_native,kyc_origination,2026-04-01,OUT,village hosahalli tehsil d district north 998009,village hosahalli tehsil d district north,998009,True,False,False,False,True
AD000517,AC000404,residence,kyc_origination,2026-04-01,T1,430 1st cross 1st main vidya nagar kaveripura 960103,430 1st cross 1st main vidya nagar kaveripura,960103,True,True,False,False,False
AD000518,AC000404,office,kyc_origination,2026-04-01,T1,394 10th cross 1st mn close to govt school anjaneya badavane kaveripura 960103,394 10th cross 1st mn close to govt school anjaneya badavane kaveripura,960103,True,True,False,False,False
AD000519,AC000405,residence,kyc_origination,2026-04-01,T3,no 288 c block 3rd road sunrise enclave navanagara east 980302,no 288 c block 3rd road sunrise enclave navanagara east,980302,True,True,False,True,False
AD000520,AC000405,permanent_native,kyc_origination,2026-04-01,OUT,village sundarpur taluk a district east 995495,village sundarpur taluk a district east,995495,True,False,False,False,True
AD000521,AC000406,residence,kyc_origination,2026-04-01,T3,house 131 a block 1st road orchid enclave navanagara east 980301,house 131 a block 1st road orchid enclave navanagara east,980301,True,True,False,True,False
AD000522,AC000407,residence,kyc_origination,2026-04-01,T2,49 1 geen view apts gali 12 ration dukan ke peeche nehru colony devgarh nagr,49 1 geen view apts gali 12 ration dukan ke peeche nehru colony devgarh nagr,,False,False,False,False,False
AD000523,AC000407,office,kyc_origination,2026-04-01,T2,h n 272 nr bus stand krishna puri devgarh ngr 970202,h n 272 nr bus stand krishna puri devgarh ngr,970202,True,True,False,False,False
AD000524,AC000408,residence,kyc_origination,2026-04-01,T1,h no 310 12th cr 1st main ganesh mandir ke pass nehru colony kaveripura 960102,h no 310 12th cr 1st main ganesh mandir ke pass nehru colony kaveripura,960102,True,True,False,True,False
AD000525,AC000409,residence,kyc_origination,2026-04-01,T3,house 268 d blk 3rd road nr post office hmt colony navanagara east 980301,house 268 d blk 3rd road nr post office hmt colony navanagara east,980301,True,True,False,True,False
AD000526,AC000410,residence,kyc_origination,2026-04-01,T3,blk f rd 2 close to pharmacy teachers colony navanagara east 980302,blk f rd 2 close to pharmacy teachers colony navanagara east,980302,True,True,False,False,False
AD000527,AC000411,residence,kyc_origination,2026-04-01,T2,no 449 azad mohalla devgarh nagar 970203,no 449 azad mohalla devgarh nagar,970203,True,True,False,True,False
AD000528,AC000412,residence,kyc_origination,2026-04-01,T3,h no 207 blk b rd 5 silver oak layyout navanagara east 980301,h no 207 blk b rd 5 silver oak layyout navanagara east,980301,True,True,False,True,False
AD000529,AC000413,residence,kyc_origination,2026-04-01,T1,166 8th cross 4th main rd beside medicals nehru colony kaveripura 960102,166 8th cross 4th main rd beside medicals nehru colony kaveripura,960102,True,True,False,False,False
AD000530,AC000413,office,kyc_origination,2026-04-01,T1,310 2 7th cr 3rd mn basava nagar kaveripura 960101,310 2 7th cr 3rd mn basava nagar kaveripura,960101,True,True,False,False,False
AD000531,AC000414,residence,kyc_origination,2026-04-01,T2,h no 103 gai no 2 doodh dairy ke pass devgarh nagr 970202,h no 103 gai no 2 doodh dairy ke pass devgarh nagr,970202,True,True,False,True,False
AD000532,AC000415,residence,kyc_origination,2026-04-01,T3,blk c rd 6 b h medicals teachers col navanagara east 980302,blk c rd 6 b h medicals teachers col navanagara east,980302,True,True,False,False,False
AD000533,AC000415,office,kyc_origination,2026-04-01,T3,h no 173 blk e rd 3 silver oak layout navanagara east 980301,h no 173 blk e rd 3 silver oak layout navanagara east,980301,True,True,False,True,False
AD000534,AC000416,residence,kyc_origination,2026-04-01,T3,f block 5th road nr medical store navanagara east 980303,f block 5th road nr medical store navanagara east,980303,True,True,False,False,False
AD000535,AC000416,office,kyc_origination,2026-04-01,T3,house 225 sai residency blk b rd 4 nr pds shop lakeview phase 2 navanagara east 980303,house 225 sai residency blk b rd 4 nr pds shop lakeview phase 2 navanagara east,980303,True,True,False,True,False
AD000536,AC000417,residence,kyc_origination,2026-04-01,T1,19 8th cr 2nd main opp pds shop vinayaka ngr kaveripura 960104,19 8th cr 2nd main opp pds shop vinayaka ngr kaveripura,960104,True,True,False,False,False
AD000537,AC000417,office,kyc_origination,2026-04-01,T1,61 1st cross 1st main rd ಉದ್ಯಾನವನ ಹತ್ತಿರ kaveripura 960102,61 1st cross 1st main rd ಉದ್ಯಾನವನ ಹತ್ತಿರ kaveripura,960102,True,True,True,False,False
AD000538,AC000418,residence,kyc_origination,2026-04-01,T2,239 1 om sai complex gali no 13 बारात घर के बगल में patel nagr devgarh nagar 970202,239 1 om sai complex gali no 13 बारात घर के बगल में patel nagr devgarh nagar,970202,True,True,True,True,False
AD000539,AC000418,office,kyc_origination,2026-04-01,T2,h no 174 gali no 9 ward 10 near post office devgarh ngr 970202,h no 174 gali no 9 ward 10 near post office devgarh ngr,970202,True,True,False,True,False
AD000540,AC000419,residence,kyc_origination,2026-04-01,T2,h no 386 gali 5 मेडिकल स्टोर के पास gandhi basti devgarh nagr 970203,h no 386 gali 5 मेडिकल स्टोर के पास gandhi basti devgarh nagr,970203,True,True,True,True,False
AD000541,AC000420,residence,kyc_origination,2026-04-01,T1,223 near hanuman temple nehru colony kaveripura 960102,223 near hanuman temple nehru colony kaveripura,960102,True,True,False,False,False
AD000542,AC000421,residence,kyc_origination,2026-04-01,T3,house 75 d block 2nd road close to kalyana mantapa navanagara east 980304,house 75 d block 2nd road close to kalyana mantapa navanagara east,980304,True,True,False,True,False
AD000543,AC000422,residence,kyc_origination,2026-04-01,T1,house 158 8th cross 4th main bus stop edhuru gandhi nagar kaveripura 960102,house 158 8th cross 4th main bus stop edhuru gandhi nagar kaveripura,960102,True,True,False,True,False
AD000544,AC000423,residence,kyc_origination,2026-04-01,T1,no 136 9th cross 6th main ಹಾಲಿನ ಡೈರಿ ಹತ್ತಿರ hosa badavane kaveripura 960101,no 136 9th cross 6th main ಹಾಲಿನ ಡೈರಿ ಹತ್ತಿರ hosa badavane kaveripura,960101,True,True,True,True,False
AD000545,AC000424,residence,kyc_origination,2026-04-01,T3,74 3 petrol pump ke piche green park layout naavanagara east 980301,74 3 petrol pump ke piche green park layout naavanagara east,980301,True,True,False,False,False
AD000546,AC000424,permanent_native,kyc_origination,2026-04-01,OUT,village bilagi tehsil c district south 992472,village bilagi tehsil c district south,992472,True,False,False,False,True
AD000547,AC000425,residence,kyc_origination,2026-04-01,T1,90 7th crs 4th mn nr medicals basava nagar kaveripura 960101,90 7th crs 4th mn nr medicals basava nagar kaveripura,960101,True,True,False,False,False
AD000548,AC000426,residence,kyc_origination,2026-04-01,T2,no 257 gali no 8 near pharmacy azad mohalla devgarh nagar 970203,no 257 gali no 8 near pharmacy azad mohalla devgarh nagar,970203,True,True,False,True,False
AD000549,AC000426,office,kyc_origination,2026-04-01,T2,h no 364 green view apts gali no 3 b h mosque shastri nagar devgarh nagar 970204,h no 364 green view apts gali no 3 b h mosque shastri nagar devgarh nagar,970204,True,True,False,True,False
AD000550,AC000427,residence,kyc_origination,2026-04-01,T2,429 3 gali no 5 close to church shivaji nagar devgarh nagr 970202,429 3 gali no 5 close to church shivaji nagar devgarh nagr,970202,True,True,False,True,False
AD000551,AC000428,residence,kyc_origination,2026-04-01,T1,h no 69 10th cross 4th mainn opp ration shop gandhi nagar kaveripura 960102,h no 69 10th cross 4th mainn opp ration shop gandhi nagar kaveripura,960102,True,True,False,True,False
AD000552,AC000429,residence,kyc_origination,2026-04-01,T2,28 gali 4 पेट्रोल पंप के सामने gandhi basti devgarh ngr 970203,28 gali 4 पेट्रोल पंप के सामने gandhi basti devgarh ngr,970203,True,True,True,False,False
AD000553,AC000430,residence,kyc_origination,2026-04-01,T2,h no 466 gali no 12 ward 11 patel nagar devgarh nagar 970202,h no 466 gali no 12 ward 11 patel nagar devgarh nagar,970202,True,True,False,True,False
AD000554,AC000431,residence,kyc_origination,2026-04-01,T3,61 e block 3rd rd nr ganapathi temple teachers colny navanagara east 980302,61 e block 3rd rd nr ganapathi temple teachers colny navanagara east,980302,True,True,False,False,False
AD000555,AC000431,office,kyc_origination,2026-04-01,T3,no 207 f block 2nd road close to mosque sunrise enclave navanagara east 980304,no 207 f block 2nd road close to mosque sunrise enclave navanagara east,980304,True,True,False,True,False
AD000556,AC000432,residence,kyc_origination,2026-04-01,T3,b block 5th rd close to bus stand lakeview phhase 2 navanagara east 980303,b block 5th rd close to bus stand lakeview phhase 2 navanagara east,980303,True,True,False,False,False
AD000557,AC000433,residence,kyc_origination,2026-04-01,T1,6th crs 3rd main nr ganesh temple gandhi nagar kaveripura 960102,6th crs 3rd main nr ganesh temple gandhi nagar kaveripura,960102,True,True,False,False,False
AD000558,AC000434,residence,kyc_origination,2026-04-01,T2,322 2 gali no 4 nr overhead tank krishna puri devgarh nagar 970202,322 2 gali no 4 nr overhead tank krishna puri devgarh nagar,970202,True,True,False,True,False
AD000559,AC000434,permanent_native,kyc_origination,2026-04-01,OUT,village chikkapura taluk a district west 998902,village chikkapura taluk a district west,998902,True,False,False,False,True
AD000560,AC000435,residence,kyc_origination,2026-04-01,T2,opposite mosque patel ngr devgarh nagar 970202,opposite mosque patel ngr devgarh nagar,970202,True,True,False,False,False
AD000561,AC000436,residence,kyc_origination,2026-04-01,T1,227 2 7th cross 8th mn close to overhead tank kaveripura 960102,227 2 7th cross 8th mn close to overhead tank kaveripura,960102,True,True,False,False,False
AD000562,AC000436,office,kyc_origination,2026-04-01,T1,house 463 annapoorna nilaya church hattira basava nagr kavripura 960101,house 463 annapoorna nilaya church hattira basava nagr kavripura,960101,True,True,False,True,False
AD000563,AC000437,residence,kyc_origination,2026-04-01,T1,no 353 4th cross 7th main bhd milk booth nehru colony kaveripura 960102,no 353 4th cross 7th main bhd milk booth nehru colony kaveripura,960102,True,True,False,True,False
AD000564,AC000437,permanent_native,kyc_origination,2026-04-01,OUT,village devipur taluk a district east 995248,village devipur taluk a district east,995248,True,False,False,False,True
AD000565,AC000438,residence,kyc_origination,2026-04-01,T2,h no 433 gali no 10 hanuman mandir ke pass inidra colony devgarh ngaar 970202,h no 433 gali no 10 hanuman mandir ke pass inidra colony devgarh ngaar,970202,True,True,False,True,False
AD000566,AC000439,residence,kyc_origination,2026-04-01,T2,gali no 10 nr post office krishna puri devgarh ngr 970202,gali no 10 nr post office krishna puri devgarh ngr,970202,True,True,False,True,False
AD000567,AC000440,residence,kyc_origination,2026-04-01,T3,house 461 blk a rd 3 nr milk booth railway colnoy navanagara east 98304,house 461 blk a rd 3 nr milk booth railway colnoy navanagara east 98304,,False,False,False,True,False
AD000568,AC000441,residence,kyc_origination,2026-04-01,T1,no 175 1st cross 4th mn anjaneya swamy temple hattira kuvempu layout kaveripura,no 175 1st cross 4th mn anjaneya swamy temple hattira kuvempu layout kaveripura,,False,False,False,True,False
AD000569,AC000442,residence,kyc_origination,2026-04-01,T1,no 45 opp kalyana mantapa nehru colny kaveripura 960102,no 45 opp kalyana mantapa nehru colny kaveripura,960102,True,True,False,True,False
AD000570,AC000443,residence,kyc_origination,2026-04-01,T3,163 1 nr masjid teachers colony navanagara east 980302,163 1 nr masjid teachers colony navanagara east,980302,True,True,False,False,False
AD000571,AC000443,permanent_native,kyc_origination,2026-04-01,OUT,village kodihalli tehsil c district west 995877,village kodihalli tehsil c district west,995877,True,False,False,False,True
AD000572,AC000444,residence,kyc_origination,2026-04-01,T3,189 1 f blk 6th road defence colny navanagara east 980301,189 1 f blk 6th road defence colny navanagara east,980301,True,True,False,False,False
AD000573,AC000445,residence,kyc_origination,2026-04-01,T2,gali 11 ward 11 nr kalyana mantapa patel nagar devgarh ngr,gali 11 ward 11 nr kalyana mantapa patel nagar devgarh ngr,,False,False,False,False,False
AD000574,AC000446,residence,kyc_origination,2026-04-01,T3,blk c rd 4 b h ganesh temple orchid enclave navanagara east 980301,blk c rd 4 b h ganesh temple orchid enclave navanagara east,980301,True,True,False,False,False
AD000575,AC000446,office,kyc_origination,2026-04-01,T3,h no 171 unity nagar navanagara eats 980302,h no 171 unity nagar navanagara eats,980302,True,True,False,True,False
AD000576,AC000447,residence,kyc_origination,2026-04-01,T3,house 35 b block 6th road ಮಸೀದಿ ಹತ್ತಿರ orchid enclave navanagara east 980301,house 35 b block 6th road ಮಸೀದಿ ಹತ್ತಿರ orchid enclave navanagara east,980301,True,True,True,True,False
AD000577,AC000447,office,kyc_origination,2026-04-01,T3,307 3 d blk 5th road opp kalyana mantapa lakeview phase 2 navanagara east 980301,307 3 d blk 5th road opp kalyana mantapa lakeview phase 2 navanagara east,980301,True,True,False,False,False
AD000578,AC000448,residence,kyc_origination,2026-04-01,T1,no 349 5th cross 7th main rd kuvempu lyt kaveripura,no 349 5th cross 7th main rd kuvempu lyt kaveripura,,False,False,False,True,False
AD000579,AC000449,residence,kyc_origination,2026-04-01,T2,gali 5 ward 9 girja ghar ke pass devgarh nagar,gali 5 ward 9 girja ghar ke pass devgarh nagar,,False,False,False,False,False
AD000580,AC000450,residence,kyc_origination,2026-04-01,T3,110 3 d block 4th road opp overhead tank navanagara east 980301,110 3 d block 4th road opp overhead tank navanagara east,980301,True,True,False,False,False
AD000581,AC000451,residence,kyc_origination,2026-04-01,T2,172 1 shivaji nagr devgarh ngr 970202,172 1 shivaji nagr devgarh ngr,970202,True,True,False,False,False
AD000582,AC000451,permanent_native,kyc_origination,2026-04-01,OUT,village hosahalli tehsil d district west 996563,village hosahalli tehsil d district west,996563,True,False,False,False,True
AD000583,AC000452,residence,kyc_origination,2026-04-01,T3,blk a rd 2 behind milk booth palm meadows navanagara east 980302,blk a rd 2 behind milk booth palm meadows navanagara east,980302,True,True,False,False,False
AD000584,AC000453,residence,kyc_origination,2026-04-01,T3,h no 302 nr hanuman templa sunrise enclave navanagara east 980304,h no 302 nr hanuman templa sunrise enclave navanagara east,980304,True,True,False,True,False
AD000585,AC000454,residence,kyc_origination,2026-04-01,T2,gali 7 patel nagar devgarh nagar 970202,gali 7 patel nagar devgarh nagar,970202,True,True,False,False,False
AD000586,AC000455,residence,kyc_origination,2026-04-01,T1,house 271 11th cr 5th mn opp church anjaneya badavane kaveripura 960103,house 271 11th cr 5th mn opp church anjaneya badavane kaveripura,960103,True,True,False,True,False
AD000587,AC000456,residence,kyc_origination,2026-04-01,T3,h no 293 f block 3rd road close to ganesh temple teachers colony navanagara east 980302,h no 293 f block 3rd road close to ganesh temple teachers colony navanagara east,980302,True,True,False,True,False
AD000588,AC000457,residence,kyc_origination,2026-04-01,T2,house 3 गली नं 6 indira colony devgarh nagar 970202,house 3 गली नं 6 indira colony devgarh nagar,970202,True,True,True,True,False
AD000589,AC000458,residence,kyc_origination,2026-04-01,T1,10th x 2nd main ganapathi gudi hende nehru colony kaveripura 960101,10th x 2nd main ganapathi gudi hende nehru colony kaveripura,960101,True,True,False,False,False
AD000590,AC000459,residence,kyc_origination,2026-04-01,T3,228 3 blk c rd 1 orchid enclave navanagara east 980301,228 3 blk c rd 1 orchid enclave navanagara east,980301,True,True,False,False,False
AD000591,AC000459,office,kyc_origination,2026-04-01,T3,h no 291 e block 4th road close to post office hmt colony navanagara east 980301,h no 291 e block 4th road close to post office hmt colony navanagara east,980301,True,True,False,True,False
AD000592,AC000460,residence,kyc_origination,2026-04-01,T3,house 252 blk b rd 5 near petrol bunk green park layout navanagara east 980301,house 252 blk b rd 5 near petrol bunk green park layout navanagara east,980301,True,True,False,True,False
AD000593,AC000461,residence,kyc_origination,2026-04-01,T1,1st cross 4th main nr ganesh temple ashoka layout kaveripura 960104,1st cross 4th main nr ganesh temple ashoka layout kaveripura,960104,True,True,False,False,False
AD000594,AC000462,residence,kyc_origination,2026-04-01,T1,no 355 3rd cross 1st mn medical shop hinde kaveripura 960104,no 355 3rd cross 1st mn medical shop hinde kaveripura,960104,True,True,False,True,False
AD000595,AC000463,residence,kyc_origination,2026-04-01,T3,blk c rd 3 barat ghar ke pass railway col navanagara east 980304,blk c rd 3 barat ghar ke pass railway col navanagara east,980304,True,True,False,False,False
AD000596,AC000464,residence,kyc_origination,2026-04-01,T3,blk d rd 6 nr govt school teachers colny navanagara eats 980302,blk d rd 6 nr govt school teachers colny navanagara eats,980302,True,True,False,False,False
AD000597,AC000464,office,kyc_origination,2026-04-01,T3,blk b rd 6 bus stop hattira palm meadows navanagara east 980302,blk b rd 6 bus stop hattira palm meadows navanagara east,980302,True,True,False,False,False
AD000598,AC000465,residence,kyc_origination,2026-04-01,T2,dawai ki dukaan ke paas patel nagar devgarh nagr 970202,dawai ki dukaan ke paas patel nagar devgarh nagr,970202,True,True,False,False,False
AD000599,AC000466,residence,kyc_origination,2026-04-01,T1,house 350 lakshmi nilaya 2nd x 3rd main kaveripura 960101,house 350 lakshmi nilaya 2nd x 3rd main kaveripura,960101,True,True,False,True,False
AD000600,AC000467,residence,kyc_origination,2026-04-01,T2,183 behind pharmacy patel nagar devgarh nagar 970203,183 behind pharmacy patel nagar devgarh nagar,970203,True,True,False,False,False
AD000601,AC000468,residence,kyc_origination,2026-04-01,T2,no 193 gali 12 nr pds shop devgarh nagr 970201,no 193 gali 12 nr pds shop devgarh nagr,970201,True,True,False,True,False
AD000602,AC000469,residence,kyc_origination,2026-04-01,T1,house 62 11th cross 5th main nehru colony kaveripura 960102,house 62 11th cross 5th main nehru colony kaveripura,960102,True,True,False,True,False
AD000603,AC000470,residence,kyc_origination,2026-04-01,T2,no 247 gali 13 b h post office nehru colny devgarh nagar 970201,no 247 gali 13 b h post office nehru colny devgarh nagar,970201,True,True,False,True,False
AD000604,AC000471,residence,kyc_origination,2026-04-01,T1,h no 6 1st x 8th main gandhi nagar kaveripura 960102,h no 6 1st x 8th main gandhi nagar kaveripura,960102,True,True,False,True,False
AD000605,AC000472,residence,kyc_origination,2026-04-01,T3,huose 29 blk b rd 5 girja ghar ke peeche silver oak layout navanagara east 980301,huose 29 blk b rd 5 girja ghar ke peeche silver oak layout navanagara east,980301,True,True,False,False,False
AD000606,AC000473,residence,kyc_origination,2026-04-01,T3,166 1 e block 3rd road community hall ke peeche sunrise enclave navanagara east 980304,166 1 e block 3rd road community hall ke peeche sunrise enclave navanagara east,980304,True,True,False,False,False
AD000607,AC000474,residence,kyc_origination,2026-04-01,T3,house 319 a block 1st road bhd pds shop orchid enclave navanagara east 980301,house 319 a block 1st road bhd pds shop orchid enclave navanagara east,980301,True,True,False,True,False
AD000608,AC000475,residence,kyc_origination,2026-04-01,T1,2nd cross 6th main nr community hall gandhi nagar kaveripura 960102,2nd cross 6th main nr community hall gandhi nagar kaveripura,960102,True,True,False,False,False
AD000609,AC000476,residence,kyc_origination,2026-04-01,T2,no 128 gali 4 doodh dairy ke saamne subhash ngr devgarh nagar 970201,no 128 gali 4 doodh dairy ke saamne subhash ngr devgarh nagar,970201,True,True,False,True,False
AD000610,AC000476,office,kyc_origination,2026-04-01,T2,119 1 gali no 11 close to government school ram nagar devgarh nagar 970203,119 1 gali no 11 close to government school ram nagar devgarh nagar,970203,True,True,False,True,False
AD000611,AC000477,residence,kyc_origination,2026-04-01,T2,246 gali no 10 ganesh mandir ke samne krishna puri devgarh nagar 970202,246 gali no 10 ganesh mandir ke samne krishna puri devgarh nagar,970202,True,True,False,True,False
AD000612,AC000477,office,kyc_origination,2026-04-01,T2,no 75 gali no 2 ward 7 nr masjid gandhi basti devgarh nagar 970203,no 75 gali no 2 ward 7 nr masjid gandhi basti devgarh nagar,970203,True,True,False,True,False
AD000613,AC000478,residence,kyc_origination,2026-04-01,T2,house 33 gali no 5 ward 6 close to bus stand nehru colony devgarh nagar 970203,house 33 gali no 5 ward 6 close to bus stand nehru colony devgarh nagar,970203,True,True,False,True,False
AD000614,AC000479,residence,kyc_origination,2026-04-01,T3,bhd masjid railway colony navanagara east 980304,bhd masjid railway colony navanagara east,980304,True,True,False,False,False
AD000615,AC000479,office,kyc_origination,2026-04-01,T3,292 3 b blk 6th road tanki ke paas sunrise enclave navanagara east 980301,292 3 b blk 6th road tanki ke paas sunrise enclave navanagara east,980301,True,True,False,False,False
AD000616,AC000480,residence,kyc_origination,2026-04-01,T3,blk f rd 1 nr ganapathi temple navanagara east 980301,blk f rd 1 nr ganapathi temple navanagara east,980301,True,True,False,False,False
AD000617,AC000481,residence,kyc_origination,2026-04-01,T3,no 51 blk d rd 6 neerina tank hindhe silver oak layout navanagara east 980301,no 51 blk d rd 6 neerina tank hindhe silver oak layout navanagara east,980301,True,True,False,True,False
AD000618,AC000481,permanent_native,kyc_origination,2026-04-01,OUT,village bilagi tehsil c district west 992031,village bilagi tehsil c district west,992031,True,False,False,False,True
AD000619,AC000482,residence,kyc_origination,2026-04-01,T1,ashoka layout kaveripura 960104,ashoka layout kaveripura,960104,True,True,False,False,False
AD000620,AC000483,residence,kyc_origination,2026-04-01,T2,shanti kunj gali 4 petrol pump ke paas gandhi basti devgarh nagar 97023,shanti kunj gali 4 petrol pump ke paas gandhi basti devgarh nagar 97023,,False,False,False,False,False
AD000621,AC000483,office,kyc_origination,2026-04-01,T2,gali no 5 ward 7 near post office gandhi basti devgarh nagar 970203,gali no 5 ward 7 near post office gandhi basti devgarh nagar,970203,True,True,False,True,False
AD000622,AC000484,residence,kyc_origination,2026-04-01,T1,house 252 om sai complex 1st cross 3rd main masidi hattira nehru colony kaveripura 960102,house 252 om sai complex 1st cross 3rd main masidi hattira nehru colony kaveripura,960102,True,True,False,True,False
AD000623,AC000484,office,kyc_origination,2026-04-01,T1,303 2 masidi hattira vidya ngr kaveripura,303 2 masidi hattira vidya ngr kaveripura,,False,False,False,False,False
AD000624,AC000485,residence,kyc_origination,2026-04-01,T2,29 1 gali no 11 bus stop ke piche devgarh nagar 970201,29 1 gali no 11 bus stop ke piche devgarh nagar,970201,True,True,False,True,False
AD000625,AC000486,residence,kyc_origination,2026-04-01,T2,gali no 4 ward 7 jama masjid ke saamne devgarh nagar 970203,gali no 4 ward 7 jama masjid ke saamne devgarh nagar,970203,True,True,False,True,False
AD000626,AC000486,office,kyc_origination,2026-04-01,T2,no 285 gali no 9 subhash nagar devgarh nagar 970201,no 285 gali no 9 subhash nagar devgarh nagar,970201,True,True,False,True,False
AD000627,AC000487,residence,kyc_origination,2026-04-01,T3,a block 3rd road orchid enclave navanagara east,a block 3rd road orchid enclave navanagara east,,False,False,False,False,False
AD000628,AC000488,residence,kyc_origination,2026-04-01,T3,blk d rd 2 close to bus stop sunrise enclave navanagara east 980304,blk d rd 2 close to bus stop sunrise enclave navanagara east,980304,True,True,False,False,False
AD000629,AC000488,office,kyc_origination,2026-04-01,T3,house 13 near milk booth railway colony navanagara east 980304,house 13 near milk booth railway colony navanagara east,980304,True,True,False,True,False
AD000630,AC000489,residence,kyc_origination,2026-04-01,T1,house 182 lakshmi nilaya 12th cross 4th main nehru colny kaveripura 960102,house 182 lakshmi nilaya 12th cross 4th main nehru colny kaveripura,960102,True,True,False,True,False
AD000631,AC000490,residence,kyc_origination,2026-04-01,T3,h no 206 blk d rd 3 behind milk dairy silver oak layout navanagara east 980301,h no 206 blk d rd 3 behind milk dairy silver oak layout navanagara east,980301,True,True,False,True,False
AD000632,AC000491,residence,kyc_origination,2026-04-01,T3,h no 200 blk a rd 1 orchid enlcave navanagara east,h no 200 blk a rd 1 orchid enlcave navanagara east,,False,False,False,True,False
AD000633,AC000492,residence,kyc_origination,2026-04-01,T2,h no 49 gali no 1 krishna puri devgarh nagar,h no 49 gali no 1 krishna puri devgarh nagar,,False,False,False,True,False
AD000634,AC000493,residence,kyc_origination,2026-04-01,T2,house 105 gali no 14 nr ganapathi temple patel nagar devgarh nagar 970204,house 105 gali no 14 nr ganapathi temple patel nagar devgarh nagar,970204,True,True,False,True,False
AD000635,AC000494,residence,kyc_origination,2026-04-01,T1,no 240 1st cr 5th mn nr hanuman temple kuvempu layout kaveripura,no 240 1st cr 5th mn nr hanuman temple kuvempu layout kaveripura,,False,False,False,True,False
AD000636,AC000494,office,kyc_origination,2026-04-01,T1,6th cross 3rd main neerina tank hattira kaveripura 960101,6th cross 3rd main neerina tank hattira kaveripura,960101,True,True,False,False,False
AD000637,AC000495,residence,kyc_origination,2026-04-01,T1,5 1 9th cr 3rd main opp bus stand kaveripura 960102,5 1 9th cr 3rd main opp bus stand kaveripura,960102,True,True,False,False,False
AD000638,AC000496,residence,kyc_origination,2026-04-01,T1,no 17 2nd x 8th mn hanuman mandir ke pass siddeshwara colony kaveripura 960102,no 17 2nd x 8th mn hanuman mandir ke pass siddeshwara colony kaveripura,960102,True,True,False,True,False
AD000639,AC000497,residence,kyc_origination,2026-04-01,T3,71 b block 6th road medical store ke pass teachers colony navanagara east 980302,71 b block 6th road medical store ke pass teachers colony navanagara east,980302,True,True,False,False,False
AD000640,AC000497,permanent_native,kyc_origination,2026-04-01,OUT,village devipur tehsil c district west 996519,village devipur tehsil c district west,996519,True,False,False,False,True
AD000641,AC000498,residence,kyc_origination,2026-04-01,T1,9th x 7th main close to community hall nehru colny kaveripura 960102,9th x 7th main close to community hall nehru colny kaveripura,960102,True,True,False,False,False
AD000642,AC000499,residence,kyc_origination,2026-04-01,T2,166 1 indira colony devgarh nagar 970202,166 1 indira colony devgarh nagar,970202,True,True,False,False,False
AD000643,AC000499,permanent_native,kyc_origination,2026-04-01,OUT,village bilagi taluk b district west 995084,village bilagi taluk b district west,995084,True,False,False,False,True
AD000644,AC000500,residence,kyc_origination,2026-04-01,T3,annapoorna nilaya blk d rd 2 nr water tank silvir oak layout navanagara east 980301,annapoorna nilaya blk d rd 2 nr water tank silvir oak layout navanagara east,980301,True,True,False,False,False
AD000645,AC000501,residence,kyc_origination,2026-04-01,T3,a block 1st road lakeview phase 2 navanagara east 980303,a block 1st road lakeview phase 2 navanagara east,980303,True,True,False,False,False
AD000646,AC000502,residence,kyc_origination,2026-04-01,T1,h no 229 near pharmacy nehur colny kaveripura 960102,h no 229 near pharmacy nehur colny kaveripura,960102,True,True,False,True,False
AD000647,AC000503,residence,kyc_origination,2026-04-01,T3,f blk 5th road opposite community hall orrchid enclave navanagara east 980301,f blk 5th road opposite community hall orrchid enclave navanagara east,980301,True,True,False,False,False
AD000648,AC000503,office,kyc_origination,2026-04-01,T3,ganga apartments b blk 5th road hanuman mandir ke saamne navanagara east 980301,ganga apartments b blk 5th road hanuman mandir ke saamne navanagara east,980301,True,True,False,False,False
AD000649,AC000504,residence,kyc_origination,2026-04-01,T1,34 1 3rd crs 6th mn sarkari shaale hattira vinayaka nagar kaveripura 960102,34 1 3rd crs 6th mn sarkari shaale hattira vinayaka nagar kaveripura,960102,True,True,False,False,False
AD000650,AC000505,residence,kyc_origination,2026-04-01,T3,445 3 c block 5th rd lakeview phase 2 navanagara east 980303,445 3 c block 5th rd lakeview phase 2 navanagara east,980303,True,True,False,False,False
AD000651,AC000505,office,kyc_origination,2026-04-01,T3,h no 41 blk d rd 6 barat ghhar ke paas lakeview phase 2 navanagara east 980303,h no 41 blk d rd 6 barat ghhar ke paas lakeview phase 2 navanagara east,980303,True,True,False,True,False
AD000652,AC000506,residence,kyc_origination,2026-04-01,T1,328 anjaneya swamy temple eduru nehru col kaveripura 960102,328 anjaneya swamy temple eduru nehru col kaveripura,960102,True,True,False,False,False
AD000653,AC000507,residence,kyc_origination,2026-04-01,T1,12th cross 4th main rd ಸರ್ಕಾರಿ ಶಾಲೆ ಎದುರು siddeshwara colony kaveripura 960101,12th cross 4th main rd ಸರ್ಕಾರಿ ಶಾಲೆ ಎದುರು siddeshwara colony kaveripura,960101,True,True,True,False,False
AD000654,AC000508,residence,kyc_origination,2026-04-01,T3,om sai complex close to milk dairy navanagara east 980304,om sai complex close to milk dairy navanagara east,980304,True,True,False,False,False
AD000655,AC000509,residence,kyc_origination,2026-04-01,T1,108 3 6th x 1st main opposite community hall hosa badavane kaveripura 960101,108 3 6th x 1st main opposite community hall hosa badavane kaveripura,960101,True,True,False,False,False
AD000656,AC000510,residence,kyc_origination,2026-04-01,T1,8th cross 4th main vidya nagar kaveripura 960103,8th cross 4th main vidya nagar kaveripura,960103,True,True,False,False,False
AD000657,AC000510,office,kyc_origination,2026-04-01,T1,12th cr 6th mn shanthi nagar kaveripura 960101,12th cr 6th mn shanthi nagar kaveripura,960101,True,True,False,False,False
AD000658,AC000511,residence,kyc_origination,2026-04-01,T1,house 447 4th cross 2nd main nehru colny kaveripura 960102,house 447 4th cross 2nd main nehru colny kaveripura,960102,True,True,False,True,False
AD000659,AC000511,permanent_native,kyc_origination,2026-04-01,OUT,village bilagi taluk b district south 998010,village bilagi taluk b district south,998010,True,False,False,False,True
AD000660,AC000512,residence,kyc_origination,2026-04-01,T2,no 251 gali 9 subhash ngr devgarh ngr 970201,no 251 gali 9 subhash ngr devgarh ngr,970201,True,True,False,True,False
AD000661,AC000512,permanent_native,kyc_origination,2026-04-01,OUT,village bilagi taluk a district east 993740,village bilagi taluk a district east,993740,True,False,False,False,True
AD000662,AC000513,residence,kyc_origination,2026-04-01,T3,house 274 nr milk booth sunrise enclave navanagara east 980304,house 274 nr milk booth sunrise enclave navanagara east,980304,True,True,False,True,False
AD000663,AC000514,residence,kyc_origination,2026-04-01,T1,6th cross 1st mn near hanuman temple vidya nagar kaveripura 960103,6th cross 1st mn near hanuman temple vidya nagar kaveripura,960103,True,True,False,False,False
AD000664,AC000514,office,kyc_origination,2026-04-01,T1,382 6th cross 7th main doodh dairy ke pass ashoka layout kaveripura 960101,382 6th cross 7th main doodh dairy ke pass ashoka layout kaveripura,960101,True,True,False,False,False
AD000665,AC000515,residence,kyc_origination,2026-04-01,T1,440 1 4th x 6th main rd haalina dairy hattira basava nagar kaveripura 960101,440 1 4th x 6th main rd haalina dairy hattira basava nagar kaveripura,960101,True,True,False,False,False
AD000666,AC000516,residence,kyc_origination,2026-04-01,T3,109 1 blk b rd 5 silvre oak layout navanagara east 980301,109 1 blk b rd 5 silvre oak layout navanagara east,980301,True,True,False,False,False
AD000667,AC000517,residence,kyc_origination,2026-04-01,T1,476 2 2nd cross 1st main nehru col kaveripura 960102,476 2 2nd cross 1st main nehru col kaveripura,960102,True,True,False,False,False
AD000668,AC000518,residence,kyc_origination,2026-04-01,T1,house 340 anche kacheri hattira vidya nagar kaveripura 960103,house 340 anche kacheri hattira vidya nagar kaveripura,960103,True,True,False,True,False
AD000669,AC000519,residence,kyc_origination,2026-04-01,T1,462 1st cross 2nd main behind psot office vidya nagar kaveripura 960103,462 1st cross 2nd main behind psot office vidya nagar kaveripura,960103,True,True,False,False,False
AD000670,AC000519,permanent_native,kyc_origination,2026-04-01,OUT,village chikkapura tehsil c district west 994779,village chikkapura tehsil c district west,994779,True,False,False,False,True
AD000671,AC000520,residence,kyc_origination,2026-04-01,T3,house 425 c block 6th rd teachers colny navanagara east 980302,house 425 c block 6th rd teachers colny navanagara east,980302,True,True,False,True,False
AD000672,AC000521,residence,kyc_origination,2026-04-01,T2,453 3 gali no 6 nr medical store azad mohalla devgarh nagar 970203,453 3 gali no 6 nr medical store azad mohalla devgarh nagar,970203,True,True,False,True,False
AD000673,AC000522,residence,kyc_origination,2026-04-01,T2,no 230 ration dukan ke pass devgarh nagar 970202,no 230 ration dukan ke pass devgarh nagar,970202,True,True,False,True,False
AD000674,AC000523,residence,kyc_origination,2026-04-01,T2,no 367 गली नं 7 बारात घर के पास devgarh nagar 970202,no 367 गली नं 7 बारात घर के पास devgarh nagar,970202,True,True,True,True,False
AD000675,AC000523,office,kyc_origination,2026-04-01,T2,गली नं 7 पानी की टंकी के पास krishna puri devgarh nagar 97202,गली नं 7 पानी की टंकी के पास krishna puri devgarh nagar 97202,,False,False,True,False,False
AD000676,AC000524,residence,kyc_origination,2026-04-01,T2,house 440 gali no 4 community hall ke samne devgarh nagar 970202,house 440 gali no 4 community hall ke samne devgarh nagar,970202,True,True,False,True,False
AD000677,AC000524,office,kyc_origination,2026-04-01,T2,no 266 gali no 12 ward 4 nr pharmacy ram nagar devgarh nagar 970203,no 266 gali no 12 ward 4 nr pharmacy ram nagar devgarh nagar,970203,True,True,False,True,False
AD000678,AC000525,residence,kyc_origination,2026-04-01,T3,73 sai residency e block 2nd road teachers col navanagara east 980302,73 sai residency e block 2nd road teachers col navanagara east,980302,True,True,False,False,False
AD000679,AC000526,residence,kyc_origination,2026-04-01,T3,130 blk c rd 5 b h mdeical store teachers colony navanagara east 980302,130 blk c rd 5 b h mdeical store teachers colony navanagara east,980302,True,True,False,False,False
AD000680,AC000527,residence,kyc_origination,2026-04-01,T2,gali no 5 ambedkar nagar devgarh nagr,gali no 5 ambedkar nagar devgarh nagr,,False,False,False,True,False
AD000681,AC000528,residence,kyc_origination,2026-04-01,T3,107 blk d rd 1 royal gardens navanagara east 980303,107 blk d rd 1 royal gardens navanagara east,980303,True,True,False,False,False
AD000682,AC000528,office,kyc_origination,2026-04-01,T3,h no 156 blk f rd 2 teachers colony navanagara east 980320,h no 156 blk f rd 2 teachers colony navanagara east,980320,True,False,False,True,False
AD000683,AC000529,residence,kyc_origination,2026-04-01,T1,10th cross 4th mn anjaneya badavane kaveripura 960103,10th cross 4th mn anjaneya badavane kaveripura,960103,True,True,False,False,False
AD000684,AC000529,office,kyc_origination,2026-04-01,T1,no 270 5th x 7th main nr milk booth nehru colny kaveripura 960102,no 270 5th x 7th main nr milk booth nehru colny kaveripura,960102,True,True,False,True,False
AD000685,AC000530,residence,kyc_origination,2026-04-01,T2,304 2 gali no 5 ward 1 shivaji nagar devgarh nagar 970203,304 2 gali no 5 ward 1 shivaji nagar devgarh nagar,970203,True,True,False,True,False
AD000686,AC000531,residence,kyc_origination,2026-04-01,T2,no 343 gali no 11 tanki ke pass nehru colony devgarh nagar 970203,no 343 gali no 11 tanki ke pass nehru colony devgarh nagar,970203,True,True,False,True,False
AD000687,AC000532,residence,kyc_origination,2026-04-01,T1,275 5th crs 7th mn nr ration shop vidya nagar kaveripura 960103,275 5th crs 7th mn nr ration shop vidya nagar kaveripura,960103,True,True,False,False,False
AD000688,AC000533,residence,kyc_origination,2026-04-01,T1,5th cross 7th mn nr ganapathi temple gandhi nagar kaveripura 960102,5th cross 7th mn nr ganapathi temple gandhi nagar kaveripura,960102,True,True,False,False,False
AD000689,AC000534,residence,kyc_origination,2026-04-01,T1,90 nr medical store nehru colony kaveripura 960102,90 nr medical store nehru colony kaveripura,960102,True,True,False,False,False
AD000690,AC000535,residence,kyc_origination,2026-04-01,T1,10th cross 2nd main church hattira ashoka layout kaveripura 960104,10th cross 2nd main church hattira ashoka layout kaveripura,960104,True,True,False,False,False
AD000691,AC000535,permanent_native,kyc_origination,2026-04-01,OUT,village devipur taluk a district east 995213,village devipur taluk a district east,995213,True,False,False,False,True
AD000692,AC000536,residence,kyc_origination,2026-04-01,T3,d blk 5th road defence colony navanagara east 980301,d blk 5th road defence colony navanagara east,980301,True,True,False,False,False
AD000693,AC000537,residence,kyc_origination,2026-04-01,T1,house 35 4th cross 2nd main rd ಮೆಡಿಕಲ್ ಶಾಪ್ ಹತ್ತಿರ kuvempu layout kaveripura 960102,house 35 4th cross 2nd main rd ಮೆಡಿಕಲ್ ಶಾಪ್ ಹತ್ತಿರ kuvempu layout kaveripura,960102,True,True,True,True,False
AD000694,AC000538,residence,kyc_origination,2026-04-01,T2,h no 391 gali no 5 psot office ke pass subhash nagar devgarh nagr 970201,h no 391 gali no 5 psot office ke pass subhash nagar devgarh nagr,970201,True,True,False,True,False
AD000695,AC000538,office,kyc_origination,2026-04-01,T2,71 gali no 12 hanuman mandir ke paas shastri nagr devgarh nagar 970201,71 gali no 12 hanuman mandir ke paas shastri nagr devgarh nagar,970201,True,True,False,True,False
AD000696,AC000539,residence,kyc_origination,2026-04-01,T1,85 1 7th cross 3rd main vidya nagar kaveripura 960103,85 1 7th cross 3rd main vidya nagar kaveripura,960103,True,True,False,False,False
AD000697,AC000540,residence,kyc_origination,2026-04-01,T2,no 56 gali no 5 dawai ki dukaan ke pass ambedkar nagar devgarh nagr 970204,no 56 gali no 5 dawai ki dukaan ke pass ambedkar nagar devgarh nagr,970204,True,True,False,True,False
AD000698,AC000540,office,kyc_origination,2026-04-01,T2,post office ke samne gandhi basti devgarh ngr 970203,post office ke samne gandhi basti devgarh ngr,970203,True,True,False,False,False
AD000699,AC000541,residence,kyc_origination,2026-04-01,T1,kaveripura 960102,kaveripura,960102,True,True,False,False,False
AD000700,AC000542,residence,kyc_origination,2026-04-01,T1,8th cr 2nd main samudaya bhavana hattira anjaneya badavane kaveripura 960103,8th cr 2nd main samudaya bhavana hattira anjaneya badavane kaveripura,960103,True,True,False,False,False
AD000701,AC000543,residence,kyc_origination,2026-04-01,T2,b h pds shop indira col devgarh nagar 970202,b h pds shop indira col devgarh nagar,970202,True,True,False,False,False
AD000702,AC000544,residence,kyc_origination,2026-04-01,T1,375 1st cross 5th main doodh dairy ke pass nehru col kaveripura 960102,375 1st cross 5th main doodh dairy ke pass nehru col kaveripura,960102,True,True,False,False,False
AD000703,AC000545,residence,kyc_origination,2026-04-01,T2,h no 197 nr church indira colony devgarh nagar 970202,h no 197 nr church indira colony devgarh nagar,970202,True,True,False,True,False
AD000704,AC000546,residence,kyc_origination,2026-04-01,T2,17 gali no 1 krishna puri devgarh nagar 970202,17 gali no 1 krishna puri devgarh nagar,970202,True,True,False,True,False
AD000705,AC000547,residence,kyc_origination,2026-04-01,T3,66 b block 5th rd nr park palm meadows navanagara east,66 b block 5th rd nr park palm meadows navanagara east,,False,False,False,False,False
AD000706,AC000547,office,kyc_origination,2026-04-01,T3,house 6 f blk 4th rooad neerina tank hattira sunrise enclave navanagara east 980304,house 6 f blk 4th rooad neerina tank hattira sunrise enclave navanagara east,980304,True,True,False,True,False
AD000707,AC000548,residence,kyc_origination,2026-04-01,T2,shastri ngr devgrah nagar,shastri ngr devgrah nagar,,False,False,False,False,False
AD000708,AC000549,residence,kyc_origination,2026-04-01,T2,48 3 gali 2 nehru colony devgarh nagar 970203,48 3 gali 2 nehru colony devgarh nagar,970203,True,True,False,False,False
AD000709,AC000549,office,kyc_origination,2026-04-01,T2,gali no 2 dak ghar ke paas shivaji ngr devgarh nagar 970201,gali no 2 dak ghar ke paas shivaji ngr devgarh nagar,970201,True,True,False,True,False
AD000710,AC000550,residence,kyc_origination,2026-04-01,T2,177 गली नं 3 सरकारी स्कूल के पास gandhi basti devgarh nagar 970204,177 गली नं 3 सरकारी स्कूल के पास gandhi basti devgarh nagar,970204,True,True,True,False,False
AD000711,AC000551,residence,kyc_origination,2026-04-01,T2,nr ration shop azad mohalla devagrh nagar 970203,nr ration shop azad mohalla devagrh nagar,970203,True,True,False,False,False
AD000712,AC000552,residence,kyc_origination,2026-04-01,T2,314 2 गली नं 8 ward 5 दूध डेयरी के पास subhash nagar devgarh nagar 970201,314 2 गली नं 8 ward 5 दूध डेयरी के पास subhash nagar devgarh nagar,970201,True,True,True,False,False
AD000713,AC000553,residence,kyc_origination,2026-04-01,T2,house 7 gali no 2 ward 8 nr children park azad mohalla devgarh nagar 970203,house 7 gali no 2 ward 8 nr children park azad mohalla devgarh nagar,970203,True,True,False,True,False
AD000714,AC000553,permanent_native,kyc_origination,2026-04-01,OUT,village rampura kalan tehsil d district north 999495,village rampura kalan tehsil d district north,999495,True,False,False,False,True
AD000715,AC000554,residence,kyc_origination,2026-04-01,T2,gali no 9 church ke paas patel nagr devgarh nagr 970202,gali no 9 church ke paas patel nagr devgarh nagr,970202,True,True,False,True,False
AD000716,AC000554,permanent_native,kyc_origination,2026-04-01,OUT,village hosahalli tehsil c district east 996700,village hosahalli tehsil c district east,996700,True,False,False,False,True
AD000717,AC000555,residence,kyc_origination,2026-04-01,T3,309 b blk 3rd rd nr pharmacy hmt colony navanagara east 98304,309 b blk 3rd rd nr pharmacy hmt colony navanagara east 98304,,False,False,False,False,False
AD000718,AC000556,residence,kyc_origination,2026-04-01,T2,gali 7 ward 8 nr church azad mohalla devgarh nagar 970203,gali 7 ward 8 nr church azad mohalla devgarh nagar,970203,True,True,False,False,False
AD000719,AC000557,residence,kyc_origination,2026-04-01,T1,201 2 11th cr 3rd main next to ganesh temple nehru colony kaveripura 960102,201 2 11th cr 3rd main next to ganesh temple nehru colony kaveripura,960102,True,True,False,False,False
AD000720,AC000558,residence,kyc_origination,2026-04-01,T2,h no 115 gali no 6 indira colony devgarh ngr 97002,h no 115 gali no 6 indira colony devgarh ngr 97002,,False,False,False,True,False
AD000721,AC000559,residence,kyc_origination,2026-04-01,T3,h no 89 bhd milk booth silver oak layt navanagara est 980301,h no 89 bhd milk booth silver oak layt navanagara est,980301,True,True,False,True,False
AD000722,AC000560,residence,kyc_origination,2026-04-01,T3,c block 6th road opp hanuman temple lakeview phase 2 navanagara east 980303,c block 6th road opp hanuman temple lakeview phase 2 navanagara east,980303,True,True,False,False,False
AD000723,AC000561,residence,kyc_origination,2026-04-01,T1,4th cross 5th mn nr post office vinayaka nagar kaveripura 960104,4th cross 5th mn nr post office vinayaka nagar kaveripura,960104,True,True,False,False,False
AD000724,AC000561,permanent_native,kyc_origination,2026-04-01,OUT,village mallapura tehsil d district east 997202,village mallapura tehsil d district east,997202,True,False,False,False,True
AD000725,AC000562,residence,kyc_origination,2026-04-01,T2,no 101 gali no 1 मेडिकल स्टोर के पास ambedkar nagar devgarh nagar,no 101 gali no 1 मेडिकल स्टोर के पास ambedkar nagar devgarh nagar,,False,False,True,True,False
AD000726,AC000562,permanent_native,kyc_origination,2026-04-01,OUT,village hosahalli taluk b district west 991630,village hosahalli taluk b district west,991630,True,False,False,False,True
AD000727,AC000563,residence,kyc_origination,2026-04-01,T3,302 3 sai residency blk b rd 5 near petrol bunk silver oak layt navanagara east 980301,302 3 sai residency blk b rd 5 near petrol bunk silver oak layt navanagara east,980301,True,True,False,False,False
AD000728,AC000564,residence,kyc_origination,2026-04-01,T1,sai residency 1st cross 8th main basava nagar kaveripura 960101,sai residency 1st cross 8th main basava nagar kaveripura,960101,True,True,False,False,False
AD000729,AC000564,permanent_native,kyc_origination,2026-04-01,OUT,village kodihalli tehsil d district north 994526,village kodihalli tehsil d district north,994526,True,False,False,False,True
AD000730,AC000565,residence,kyc_origination,2026-04-01,T2,no 395 gali no 5 close to pharmacy indira colony devgarh ngr 970202,no 395 gali no 5 close to pharmacy indira colony devgarh ngr,970202,True,True,False,True,False
AD000731,AC000566,residence,kyc_origination,2026-04-01,T1,no 338 2nd cross 8th main rd near millk dairy nehru colony kaveripura 960102,no 338 2nd cross 8th main rd near millk dairy nehru colony kaveripura,960102,True,True,False,True,False
AD000732,AC000567,residence,kyc_origination,2026-04-01,T3,4 2 blk a rd 4 defence colony navanagara east 980301,4 2 blk a rd 4 defence colony navanagara east,980301,True,True,False,False,False
AD000733,AC000568,residence,kyc_origination,2026-04-01,T1,h no 187 6th cross 5th main opp kalyana mantapa nehru colony kaveripura 960102,h no 187 6th cross 5th main opp kalyana mantapa nehru colony kaveripura,960102,True,True,False,True,False
AD000734,AC000569,residence,kyc_origination,2026-04-01,T3,blk f rd 2 bhd bus stand lakeview phase 2 navanagara east 980303,blk f rd 2 bhd bus stand lakeview phase 2 navanagara east,980303,True,True,False,False,False
AD000735,AC000570,residence,kyc_origination,2026-04-01,T1,h no 94 4th cross 4th main nehru col kaverpura 960102,h no 94 4th cross 4th main nehru col kaverpura,960102,True,True,False,True,False
AD000736,AC000571,residence,kyc_origination,2026-04-01,T1,4th cros s 2nd main rd b h medicals vidya nagar kaveripura 960103,4th cros s 2nd main rd b h medicals vidya nagar kaveripura,960103,True,True,False,False,False
AD000737,AC000571,office,kyc_origination,2026-04-01,T1,no 67 nr church basava nagar kaveripura 960101,no 67 nr church basava nagar kaveripura,960101,True,True,False,True,False
AD000738,AC000572,residence,kyc_origination,2026-04-01,T1,190 3 10th x 7th main opp govt school hosa badavane kaveripura 960101,190 3 10th x 7th main opp govt school hosa badavane kaveripura,960101,True,True,False,False,False
AD000739,AC000573,residence,kyc_origination,2026-04-01,T1,174 1 4th cross 4th mn nr kalyana mantapa gandhi nagar kaveripura 960102,174 1 4th cross 4th mn nr kalyana mantapa gandhi nagar kaveripura,960102,True,True,False,False,False
AD000740,AC000573,office,kyc_origination,2026-04-01,T1,ganga apartment s 7th crs 4th mn park eduru siddeshwara col kaveriprua 960102,ganga apartment s 7th crs 4th mn park eduru siddeshwara col kaveriprua,960102,True,True,False,False,False
AD000741,AC000574,residence,kyc_origination,2026-04-01,T3,no 180 a blk 3rd road sunrise enclave navanagara east 980304,no 180 a blk 3rd road sunrise enclave navanagara east,980304,True,True,False,True,False
AD000742,AC000575,residence,kyc_origination,2026-04-01,T1,no 213 4th cross 6th main rd ration ki dukaan ke saamne anjaneya badavane kaveripura 960103,no 213 4th cross 6th main rd ration ki dukaan ke saamne anjaneya badavane kaveripura,960103,True,True,False,True,False
AD000743,AC000576,residence,kyc_origination,2026-04-01,T1,307 1 10th cross 8th mn nr church shanthi nagar kaveripura 960101,307 1 10th cross 8th mn nr church shanthi nagar kaveripura,960101,True,True,False,False,False
AD000744,AC000577,residence,kyc_origination,2026-04-01,T3,h no 290 b blk 1st road medical shop hattira teachers colony navanagara east 980302,h no 290 b blk 1st road medical shop hattira teachers colony navanagara east,980302,True,True,False,True,False
AD000745,AC000578,residence,kyc_origination,2026-04-01,T2,110 gali 8 near hanuman templle subhash nagar devgarh nagr 970201,110 gali 8 near hanuman templle subhash nagar devgarh nagr,970201,True,True,False,False,False
AD000746,AC000579,residence,kyc_origination,2026-04-01,T2,house 71 gali no 12 opp pds shop nehru colony devgarh nagar 970203,house 71 gali no 12 opp pds shop nehru colony devgarh nagar,970203,True,True,False,True,False
AD000747,AC000579,permanent_native,kyc_origination,2026-04-01,OUT,village chikkapura taluk b district west 994229,village chikkapura taluk b district west,994229,True,False,False,False,True
AD000748,AC000580,residence,kyc_origination,2026-04-01,T1,h no 138 6th crs 5th main ಚರ್ಚ್ ಹತ್ತಿರ kuvempu lyt kaveripura 960102,h no 138 6th crs 5th main ಚರ್ಚ್ ಹತ್ತಿರ kuvempu lyt kaveripura,960102,True,True,True,True,False
AD000749,AC000581,residence,kyc_origination,2026-04-01,T3,no 330 blk f rd 3 nr kalynaa mantapa orchid enclave navanaagara east 980301,no 330 blk f rd 3 nr kalynaa mantapa orchid enclave navanaagara east,980301,True,True,False,True,False
AD000750,AC000581,office,kyc_origination,2026-04-01,T3,blk f rd 1 sunrise enclave navanagara east 980304,blk f rd 1 sunrise enclave navanagara east,980304,True,True,False,False,False
AD000751,AC000582,residence,kyc_origination,2026-04-01,T2,no 388 nr pharmacy gandhi basti devgarh nagar 970203,no 388 nr pharmacy gandhi basti devgarh nagar,970203,True,True,False,True,False
AD000752,AC000582,office,kyc_origination,2026-04-01,T2,no 472 lakshmi nilaya gali 5 nr medical store ambedkar nagar devgarh nagar 970204,no 472 lakshmi nilaya gali 5 nr medical store ambedkar nagar devgarh nagar,970204,True,True,False,True,False
AD000753,AC000583,residence,kyc_origination,2026-04-01,T1,13 1 doodh dairy ke paas nehru col kaveripura,13 1 doodh dairy ke paas nehru col kaveripura,,False,False,False,False,False
AD000754,AC000584,residence,kyc_origination,2026-04-01,T2,no 351 gali no 9 gaanesh mandir ke piche devgarh nagr 970203,no 351 gali no 9 gaanesh mandir ke piche devgarh nagr,970203,True,True,False,True,False
AD000755,AC000585,residence,kyc_origination,2026-04-01,T2,no 317 gali no 3 मेडिकल स्टोर के पास shivaji nagar devgarh ngr 970202,no 317 gali no 3 मेडिकल स्टोर के पास shivaji nagar devgarh ngr,970202,True,True,True,True,False
AD000756,AC000586,residence,kyc_origination,2026-04-01,T2,house 263 gali no 7 doodh dairy ke samne patel nagar devgarh nagar 970202,house 263 gali no 7 doodh dairy ke samne patel nagar devgarh nagar,970202,True,True,False,True,False
AD000757,AC000587,residence,kyc_origination,2026-04-01,T2,gali no 12 गणेश मंदिर के पास krishna puri devgarh nagar 970202,gali no 12 गणेश मंदिर के पास krishna puri devgarh nagar,970202,True,True,True,True,False
AD000758,AC000588,residence,kyc_origination,2026-04-01,T2,166 shivaji nagar devgarh nagar 970202,166 shivaji nagar devgarh nagar,970202,True,True,False,False,False
AD000759,AC000589,residence,kyc_origination,2026-04-01,T2,371 gali 6 wadr 6 nehru col devgarh nagar 970203,371 gali 6 wadr 6 nehru col devgarh nagar,970203,True,True,False,False,False
AD000760,AC000590,residence,kyc_origination,2026-04-01,T1,375 3rd cross 5th main nehru colny kaveripura 960102,375 3rd cross 5th main nehru colny kaveripura,960102,True,True,False,False,False
AD000761,AC000590,office,kyc_origination,2026-04-01,T1,huse 317 7th x 6th mian close to masjid vidya ngr kaveripura 960103,huse 317 7th x 6th mian close to masjid vidya ngr kaveripura,960103,True,True,False,False,False
AD000762,AC000591,residence,kyc_origination,2026-04-01,T3,blk b rd 3 nr post office silver oak lyt navanagara east 980301,blk b rd 3 nr post office silver oak lyt navanagara east,980301,True,True,False,False,False
AD000763,AC000591,office,kyc_origination,2026-04-01,T3,h no 162 blk d rd 6 nr post office palm meadows navanagara east 980302,h no 162 blk d rd 6 nr post office palm meadows navanagara east,980302,True,True,False,True,False
AD000764,AC000592,residence,kyc_origination,2026-04-01,T1,375 9th cross 3rd main ನ್ಯಾಯಬೆಲೆ ಅಂಗಡಿ ಹಿಂದೆ gandhi nagar kaveripura 960102,375 9th cross 3rd main ನ್ಯಾಯಬೆಲೆ ಅಂಗಡಿ ಹಿಂದೆ gandhi nagar kaveripura,960102,True,True,True,False,False
AD000765,AC000593,residence,kyc_origination,2026-04-01,T3,blk b rd 6 opp pds shop hmt colony navanagara east 980301,blk b rd 6 opp pds shop hmt colony navanagara east,980301,True,True,False,False,False
AD000766,AC000593,office,kyc_origination,2026-04-01,T3,h no 77 near post office palm meadows navanagara east 980302,h no 77 near post office palm meadows navanagara east,980302,True,True,False,True,False
AD000767,AC000594,residence,kyc_origination,2026-04-01,T1,no 36 8th cross 5th main ಗಣಪತಿ ದೇವಸ್ಥಾನ ಎದುರು gandhi nagar kaveripura 960102,no 36 8th cross 5th main ಗಣಪತಿ ದೇವಸ್ಥಾನ ಎದುರು gandhi nagar kaveripura,960102,True,True,True,True,False
AD000768,AC000595,residence,kyc_origination,2026-04-01,T2,h no 113 gali 3 ward 10 close to pds shop krishna puri degvarh nagar 970202,h no 113 gali 3 ward 10 close to pds shop krishna puri degvarh nagar,970202,True,True,False,True,False
AD000769,AC000596,residence,kyc_origination,2026-04-01,T2,house 476 गली नं 11 पेट्रोल पंप के सामने tilak nagr devgarh nagar 970204,house 476 गली नं 11 पेट्रोल पंप के सामने tilak nagr devgarh nagar,970204,True,True,True,True,False
AD000770,AC000597,residence,kyc_origination,2026-04-01,T2,lakshmi nilaya gali no 12 krishna puri devgarh nagr 970202,lakshmi nilaya gali no 12 krishna puri devgarh nagr,970202,True,True,False,True,False
AD000771,AC000598,residence,kyc_origination,2026-04-01,T3,blk e rd 4 bus adda ke passs teachers colny navanagara east 980302,blk e rd 4 bus adda ke passs teachers colny navanagara east,980302,True,True,False,False,False
AD000772,AC000598,office,kyc_origination,2026-04-01,T3,452 blk c rd 8 nr overhead tank sunrise enclave navanagara east 980304,452 blk c rd 8 nr overhead tank sunrise enclave navanagara east,980304,True,True,False,False,False
AD000773,AC000599,residence,kyc_origination,2026-04-01,T2,74 gali no 1 jama masjid ke paas patel ngr devgarh nagar 970202,74 gali no 1 jama masjid ke paas patel ngr devgarh nagar,970202,True,True,False,True,False
AD000774,AC000600,residence,kyc_origination,2026-04-01,T3,h no 107 d block 2nd rd sarkari school ke pass railway colony navanagara east 980304,h no 107 d block 2nd rd sarkari school ke pass railway colony navanagara east,980304,True,True,False,True,False
AD000775,AC000601,residence,kyc_origination,2026-04-01,T3,no 419 e blk 5th rd hmt colony navanagara east 980301,no 419 e blk 5th rd hmt colony navanagara east,980301,True,True,False,True,False
AD000776,AC000602,residence,kyc_origination,2026-04-01,T3,no 121 blk a rd 6 lakeview phase 2 navanagara east 980303,no 121 blk a rd 6 lakeview phase 2 navanagara east,980303,True,True,False,True,False
AD000777,AC000602,permanent_native,kyc_origination,2026-04-01,OUT,village hosahalli taluk a district south 996756,village hosahalli taluk a district south,996756,True,False,False,False,True
AD000778,AC000603,residence,kyc_origination,2026-04-01,T1,house 476 10th cr 6th main opp petrol pump siddeshwara colny kaveripura 960102,house 476 10th cr 6th main opp petrol pump siddeshwara colny kaveripura,960102,True,True,False,True,False
AD000779,AC000604,residence,kyc_origination,2026-04-01,T1,sarkari school ke paas vidya nagar kveripura 960103,sarkari school ke paas vidya nagar kveripura,960103,True,True,False,False,False
AD000780,AC000604,office,kyc_origination,2026-04-01,T1,h no 206 3rd cr 5th main nr church gandhi nagar kaveripura 960102,h no 206 3rd cr 5th main nr church gandhi nagar kaveripura,960102,True,True,False,True,False
AD000781,AC000605,residence,kyc_origination,2026-04-01,T3,house 165 blk e rd 2 near bus stand lakeview phase 2 navanagara east 980303,house 165 blk e rd 2 near bus stand lakeview phase 2 navanagara east,980303,True,True,False,True,False
AD000782,AC000606,residence,kyc_origination,2026-04-01,T1,no 33 12th crs 4th main ಸರ್ಕಾರಿ ಶಾಲೆ ಎದುರು gandhi nagar kaveripura 960102,no 33 12th crs 4th main ಸರ್ಕಾರಿ ಶಾಲೆ ಎದುರು gandhi nagar kaveripura,960102,True,True,True,True,False
AD000783,AC000606,office,kyc_origination,2026-04-01,T1,268 12th cr 5th main gandhi ngr kaveripura 960102,268 12th cr 5th main gandhi ngr kaveripura,960102,True,True,False,False,False
AD000784,AC000607,residence,kyc_origination,2026-04-01,T3,a block 1st rd defence colny navanagara east 980301,a block 1st rd defence colny navanagara east,980301,True,True,False,False,False
AD000785,AC000608,residence,kyc_origination,2026-04-01,T1,no 46 ಮಸೀದಿ ಹತ್ತಿರ kaveripura 960102,no 46 ಮಸೀದಿ ಹತ್ತಿರ kaveripura,960102,True,True,True,True,False
AD000786,AC000608,permanent_native,kyc_origination,2026-04-01,OUT,village mallapura taluk b district north 997388,village mallapura taluk b district north,997388,True,False,False,False,True
AD000787,AC000609,residence,kyc_origination,2026-04-01,T3,h no 232 b block 2nd rd nr church teachers col navanagara east 980302,h no 232 b block 2nd rd nr church teachers col navanagara east,980302,True,True,False,True,False
AD000788,AC000610,residence,kyc_origination,2026-04-01,T1,h no 102 10th cross 3rd main nr community hlal kuvempu layout kaveripura 960102,h no 102 10th cross 3rd main nr community hlal kuvempu layout kaveripura,960102,True,True,False,True,False
AD000789,AC000611,residence,kyc_origination,2026-04-01,T3,blk e rd 4 silver oak layout navanagara east 980301,blk e rd 4 silver oak layout navanagara east,980301,True,True,False,False,False
AD000790,AC000612,residence,kyc_origination,2026-04-01,T2,gali no 8 ward 8 bus adda ke pass azad mohalla devgarh nagar 970203,gali no 8 ward 8 bus adda ke pass azad mohalla devgarh nagar,970203,True,True,False,True,False
AD000791,AC000613,residence,kyc_origination,2026-04-01,T1,341 2 7th cr 7th main hanuman mandir ke pass nehru colony kaveripura 960102,341 2 7th cr 7th main hanuman mandir ke pass nehru colony kaveripura,960102,True,True,False,False,False
AD000792,AC000614,residence,kyc_origination,2026-04-01,T2,187 2 gali no 4 gandhi basti devgarh nagar 970203,187 2 gali no 4 gandhi basti devgarh nagar,970203,True,True,False,True,False
AD000793,AC000614,office,kyc_origination,2026-04-01,T2,400 gali no 2 opposite masjid tilak nagar davgarh nagir 970204,400 gali no 2 opposite masjid tilak nagar davgarh nagir,970204,True,True,False,True,False
AD000794,AC000615,residence,kyc_origination,2026-04-01,T2,gali no 11 ward 4 sarkari school ke pass ram nagar devgarh ngr 970204,gali no 11 ward 4 sarkari school ke pass ram nagar devgarh ngr,970204,True,True,False,True,False
AD000795,AC000616,residence,kyc_origination,2026-04-01,T3,blk d rd 5 neerina tank edhuru silver oak layout navanagara east 980301,blk d rd 5 neerina tank edhuru silver oak layout navanagara east,980301,True,True,False,False,False
AD000796,AC000616,permanent_native,kyc_origination,2026-04-01,OUT,village hosahalli taluk b district south 995938,village hosahalli taluk b district south,995938,True,False,False,False,True
AD000797,AC000617,residence,kyc_origination,2026-04-01,T2,250 1 gali no 7 ward 10 post office ke samne krishna puri devgarh nagr 970202,250 1 gali no 7 ward 10 post office ke samne krishna puri devgarh nagr,970202,True,True,False,True,False
AD000798,AC000618,residence,kyc_origination,2026-04-01,T2,no 37 gandhi basti devgarh nagar 970203,no 37 gandhi basti devgarh nagar,970203,True,True,False,True,False
AD000799,AC000618,office,kyc_origination,2026-04-01,T2,house 330 gali no 4 ward 2 बस स्टॉप के पीछे indira colony devgarh nagar 970202,house 330 gali no 4 ward 2 बस स्टॉप के पीछे indira colony devgarh nagar,970202,True,True,True,True,False
AD000800,AC000619,residence,kyc_origination,2026-04-01,T1,3rd crs 3rd main kuvempu layout kaveripura,3rd crs 3rd main kuvempu layout kaveripura,,False,False,False,False,False
AD000801,AC000620,residence,kyc_origination,2026-04-01,T3,f block 3rd road nr mosque teachers col navanagara east 980302,f block 3rd road nr mosque teachers col navanagara east,980302,True,True,False,False,False
AD000802,AC000621,residence,kyc_origination,2026-04-01,T1,185 3 om sai complex sarkari shaale hattira kuvempu layout kaveripura 960102,185 3 om sai complex sarkari shaale hattira kuvempu layout kaveripura,960102,True,True,False,False,False
AD000803,AC000621,office,kyc_origination,2026-04-01,T1,no 422 4th cross 5th main ಮೆಡಿಕಲ್ ಶಾಪ್ ಹತ್ತಿರ hosa badavane kaveripura 960101,no 422 4th cross 5th main ಮೆಡಿಕಲ್ ಶಾಪ್ ಹತ್ತಿರ hosa badavane kaveripura,960101,True,True,True,True,False
AD000804,AC000622,residence,kyc_origination,2026-04-01,T3,118 f blk 5th rd silver oak layout navanagara east 980301,118 f blk 5th rd silver oak layout navanagara east,980301,True,True,False,False,False
AD000805,AC000622,office,kyc_origination,2026-04-01,T3,house 313 blk e rd 5 close to petrol bunk green park layout navnagara east 980301,house 313 blk e rd 5 close to petrol bunk green park layout navnagara east,980301,True,True,False,True,False
AD000806,AC000623,residence,kyc_origination,2026-04-01,T2,house 171 gali no 3 ram nagar devgarh nagar 970203,house 171 gali no 3 ram nagar devgarh nagar,970203,True,True,False,True,False
AD000807,AC000624,residence,kyc_origination,2026-04-01,T3,b blk 4th rd opp church defence colony navanagara east 980304,b blk 4th rd opp church defence colony navanagara east,980304,True,True,False,False,False
AD000808,AC000625,residence,kyc_origination,2026-04-01,T3,264 blk d rd 5 opp children park sunrise enclave navanagara east 980304,264 blk d rd 5 opp children park sunrise enclave navanagara east,980304,True,True,False,False,False
AD000809,AC000626,residence,kyc_origination,2026-04-01,T1,h no 335 11th cr 1st main ಬಸ್ ನಿಲ್ದಾಣ ಪಕ್ಕ kuvempu layout kaveripura 960102,h no 335 11th cr 1st main ಬಸ್ ನಿಲ್ದಾಣ ಪಕ್ಕ kuvempu layout kaveripura,960102,True,True,True,True,False
AD000810,AC000627,residence,kyc_origination,2026-04-01,T1,h no 67 4th cross 8th main gandhi nagr kaveripura 960102,h no 67 4th cross 8th main gandhi nagr kaveripura,960102,True,True,False,True,False
AD000811,AC000627,permanent_native,kyc_origination,2026-04-01,OUT,village mallapura tehsil d district north 997926,village mallapura tehsil d district north,997926,True,False,False,False,True
AD000812,AC000628,residence,kyc_origination,2026-04-01,T1,no 209 12th crooss 2nd main rd anjaneya guid hattira kaveripura 960101,no 209 12th crooss 2nd main rd anjaneya guid hattira kaveripura,960101,True,True,False,True,False
AD000813,AC000629,residence,kyc_origination,2026-04-01,T1,154 1 7th cross 7th mn ration angadi hattira nehru colony kaveripura 960102,154 1 7th cross 7th mn ration angadi hattira nehru colony kaveripura,960102,True,True,False,False,False
AD000814,AC000630,residence,kyc_origination,2026-04-01,T1,10th cross 1st main kaveripura 960101,10th cross 1st main kaveripura,960101,True,True,False,False,False
AD000815,AC000631,residence,kyc_origination,2026-04-01,T3,house 455 a blk 5th rd palm meadows navanagara east 980302,house 455 a blk 5th rd palm meadows navanagara east,980302,True,True,False,True,False
AD000816,AC000632,residence,kyc_origination,2026-04-01,T2,gali no 8 nr bus stand azad mohalla devgarh nagar 970203,gali no 8 nr bus stand azad mohalla devgarh nagar,970203,True,True,False,True,False
AD000817,AC000633,residence,kyc_origination,2026-04-01,T2,annapoorna nilaya bhd milk dairy patel nagar devgarh nagar 970202,annapoorna nilaya bhd milk dairy patel nagar devgarh nagar,970202,True,True,False,False,False
AD000818,AC000634,residence,kyc_origination,2026-04-01,T2,no 428 gali no 2 indira colony devgarh nagar 970220,no 428 gali no 2 indira colony devgarh nagar,970220,True,False,False,True,False
AD000819,AC000634,office,kyc_origination,2026-04-01,T2,gali no 9 ward 10 ganesh mandir ke paas krishna puri devgarh ngr 970202,gali no 9 ward 10 ganesh mandir ke paas krishna puri devgarh ngr,970202,True,True,False,True,False
AD000820,AC000635,residence,kyc_origination,2026-04-01,T1,h no 209 7th cross 1st main near ganapathi temple nehru colony kaveripura 960102,h no 209 7th cross 1st main near ganapathi temple nehru colony kaveripura,960102,True,True,False,True,False
AD000821,AC000636,residence,kyc_origination,2026-04-01,T2,no 421 gali 10 ward 11 ration ki dukaan ke samne patel nagar devgarh nagar,no 421 gali 10 ward 11 ration ki dukaan ke samne patel nagar devgarh nagar,,False,False,False,True,False
AD000822,AC000637,residence,kyc_origination,2026-04-01,T1,219 9th cross 2nd main nr ration shop gandhi ngr kaveripura 960102,219 9th cross 2nd main nr ration shop gandhi ngr kaveripura,960102,True,True,False,False,False
AD000823,AC000637,office,kyc_origination,2026-04-01,T1,11th cross 3rd main opposite community hall vinayaka nagar kaveripura 960104,11th cross 3rd main opposite community hall vinayaka nagar kaveripura,960104,True,True,False,False,False
AD000824,AC000638,residence,kyc_origination,2026-04-01,T3,h no 284 blk a rd 3 navanagara east 980302,h no 284 blk a rd 3 navanagara east,980302,True,True,False,True,False
AD000825,AC000639,residence,kyc_origination,2026-04-01,T3,blk c rd 2 near community hall railway colony navanagara east 980304,blk c rd 2 near community hall railway colony navanagara east,980304,True,True,False,False,False
AD000826,AC000640,residence,kyc_origination,2026-04-01,T1,4th cross 7th main basava ngr kaveripura 960101,4th cross 7th main basava ngr kaveripura,960101,True,True,False,False,False
AD000827,AC000641,residence,kyc_origination,2026-04-01,T3,green view apts doodh dairy ke samne palm meadows navanagara east 980303,green view apts doodh dairy ke samne palm meadows navanagara east,980303,True,True,False,False,False
AD000828,AC000641,office,kyc_origination,2026-04-01,T3,129 1 e block 6th road navanagara east 980301,129 1 e block 6th road navanagara east,980301,True,True,False,False,False
AD000829,AC000642,residence,kyc_origination,2026-04-01,T2,h no 351 lakshmi nilaya gali no 8 ganesh mandir ke paas devgarh nagr,h no 351 lakshmi nilaya gali no 8 ganesh mandir ke paas devgarh nagr,,False,False,False,True,False
AD000830,AC000643,residence,kyc_origination,2026-04-01,T1,h no 104 2nd x 4th main close to masjid vidya nagar kaveripura 960103,h no 104 2nd x 4th main close to masjid vidya nagar kaveripura,960103,True,True,False,True,False
AD000831,AC000644,residence,kyc_origination,2026-04-01,T1,10th cross 2nd main near petrol pump ashoka layt kaveripura 960104,10th cross 2nd main near petrol pump ashoka layt kaveripura,960104,True,True,False,False,False
AD000832,AC000645,residence,kyc_origination,2026-04-01,T1,no 454 10th cr 8th main bus nildana hattira nehru colony kaveripura 9601102,no 454 10th cr 8th main bus nildana hattira nehru colony kaveripura 9601102,,False,False,False,True,False
AD000833,AC000646,residence,kyc_origination,2026-04-01,T3,384 b blk 1st road nr bus stop silver oak layout navanagara east 980301,384 b blk 1st road nr bus stop silver oak layout navanagara east,980301,True,True,False,False,False
AD000834,AC000647,residence,kyc_origination,2026-04-01,T3,no 297 blk d rd 1 polm meadows navanagara east 980302,no 297 blk d rd 1 polm meadows navanagara east,980302,True,True,False,True,False
AD000835,AC000648,residence,kyc_origination,2026-04-01,T2,house 187 gali no 3 indira colony devgarh ngr 970202,house 187 gali no 3 indira colony devgarh ngr,970202,True,True,False,True,False
AD000836,AC000649,residence,kyc_origination,2026-04-01,T1,green view apts close to hanuman temple kuvempu lyt kaveripura 960102,green view apts close to hanuman temple kuvempu lyt kaveripura,960102,True,True,False,False,False
AD000837,AC000650,residence,kyc_origination,2026-04-01,T1,no 110 1st crs 2nd main ಬಸ್ ನಿಲ್ದಾಣ ಎದುರು kaveripura 960101,no 110 1st crs 2nd main ಬಸ್ ನಿಲ್ದಾಣ ಎದುರು kaveripura,960101,True,True,True,True,False
AD000838,AC000650,office,kyc_origination,2026-04-01,T1,9th cross 7th main rd petrol bunk hattira vinayaka nagar kaveripura 960104,9th cross 7th main rd petrol bunk hattira vinayaka nagar kaveripura,960104,True,True,False,False,False
AD000839,AC000651,residence,kyc_origination,2026-04-01,T2,384 2 opp church azad mohalla devgarh nagar 970203,384 2 opp church azad mohalla devgarh nagar,970203,True,True,False,False,False
AD000840,AC000652,residence,kyc_origination,2026-04-01,T1,5th cross 8th main close to milk booth kaveripura 960102,5th cross 8th main close to milk booth kaveripura,960102,True,True,False,False,False
AD000841,AC000653,residence,kyc_origination,2026-04-01,T2,gali no 2 close to medicals patel nagar devgarh nagar,gali no 2 close to medicals patel nagar devgarh nagar,,False,False,False,True,False
AD000842,AC000653,office,kyc_origination,2026-04-01,T2,no 135 gali 8 ward 7 ganesh mandir ke bagal me gandhi basti devgarh nagar 970023,no 135 gali 8 ward 7 ganesh mandir ke bagal me gandhi basti devgarh nagar,970023,True,False,False,True,False
AD000843,AC000654,residence,kyc_origination,2026-04-01,T1,h no 55 1st cross 5th main kaveripura 960102,h no 55 1st cross 5th main kaveripura,960102,True,True,False,True,False
AD000844,AC000655,residence,kyc_origination,2026-04-01,T1,house 352 4th cross 2nd main anjaneya swamy temple hattira sidddeshwara colny kaveripura 960102,house 352 4th cross 2nd main anjaneya swamy temple hattira sidddeshwara colny kaveripura,960102,True,True,False,True,False
AD000845,AC000655,office,kyc_origination,2026-04-01,T1,282 sai residency 8th x 5th main kaveripura 960102,282 sai residency 8th x 5th main kaveripura,960102,True,True,False,False,False
AD000846,AC000656,residence,kyc_origination,2026-04-01,T2,house 218 gali 2 post office ke paas devgarh nagar 970201,house 218 gali 2 post office ke paas devgarh nagar,970201,True,True,False,True,False
AD000847,AC000657,residence,kyc_origination,2026-04-01,T1,8th cross 7th main rd ಗಣಪತಿ ದೇವಸ್ಥಾನ ಹತ್ತಿರ gandhi ngr kaveripura 960102,8th cross 7th main rd ಗಣಪತಿ ದೇವಸ್ಥಾನ ಹತ್ತಿರ gandhi ngr kaveripura,960102,True,True,True,False,False
AD000848,AC000658,residence,kyc_origination,2026-04-01,T3,301 1 e block 4th road ಉದ್ಯಾನವನ ಹತ್ತಿರ orchid enclave navanagara east 980301,301 1 e block 4th road ಉದ್ಯಾನವನ ಹತ್ತಿರ orchid enclave navanagara east,980301,True,True,True,False,False
AD000849,AC000658,office,kyc_origination,2026-04-01,T3,close to community hall green park layout navanagara east 980301,close to community hall green park layout navanagara east,980301,True,True,False,False,False
AD000850,AC000659,residence,kyc_origination,2026-04-01,T3,blk b rd 6 lakeview phase 2 navanagara east 980302,blk b rd 6 lakeview phase 2 navanagara east,980302,True,True,False,False,False
AD000851,AC000660,residence,kyc_origination,2026-04-01,T2,house 41 gali no 1 nr kalyana mantapa nehru colny devgarh nagar 970203,house 41 gali no 1 nr kalyana mantapa nehru colny devgarh nagar,970203,True,True,False,True,False
AD000852,AC000661,residence,kyc_origination,2026-04-01,T3,h no 115 om sai complex blk e rd 6 close to milk dairy green park layt navanagara east 980302,h no 115 om sai complex blk e rd 6 close to milk dairy green park layt navanagara east,980302,True,True,False,True,False
AD000853,AC000661,office,kyc_origination,2026-04-01,T3,blk a rd 2 behind milk dairy green park lyt navanagara east 980301,blk a rd 2 behind milk dairy green park lyt navanagara east,980301,True,True,False,False,False
AD000854,AC000662,residence,kyc_origination,2026-04-01,T2,469 jama masjid ke pass patel nagar devgarh ngr 970202,469 jama masjid ke pass patel nagar devgarh ngr,970202,True,True,False,False,False
AD000855,AC000662,office,kyc_origination,2026-04-01,T2,house 50 shanti kunj गली नं 6 ward 8 सरकारी स्कूल के पास azad mohalla devgarh nagar 970203,house 50 shanti kunj गली नं 6 ward 8 सरकारी स्कूल के पास azad mohalla devgarh nagar,970203,True,True,True,True,False
AD000856,AC000663,residence,kyc_origination,2026-04-01,T3,399 c block 4th road nr masjid hmt colony navanagara east 980301,399 c block 4th road nr masjid hmt colony navanagara east,980301,True,True,False,False,False
AD000857,AC000664,residence,kyc_origination,2026-04-01,T2,61 gali no 1 behind park indira colony devgarh ngr 970202,61 gali no 1 behind park indira colony devgarh ngr,970202,True,True,False,True,False
AD000858,AC000665,residence,kyc_origination,2026-04-01,T3,e blk 1st road behind ganesh temple defence colony navanagara east 980301,e blk 1st road behind ganesh temple defence colony navanagara east,980301,True,True,False,False,False
AD000859,AC000665,permanent_native,kyc_origination,2026-04-01,OUT,village rampura kalan taluk a district east 994567,village rampura kalan taluk a district east,994567,True,False,False,False,True
AD000860,AC000666,residence,kyc_origination,2026-04-01,T2,263 3 gali no 10 हनुमान मंदिर के पास patel nagr devgarh nagar 970202,263 3 gali no 10 हनुमान मंदिर के पास patel nagr devgarh nagar,970202,True,True,True,True,False
AD000861,AC000667,residence,kyc_origination,2026-04-01,T2,गली नं 12 ward 6 मेडिकल स्टोर के पास nehru colony devgarh nagar 970203,गली नं 12 ward 6 मेडिकल स्टोर के पास nehru colony devgarh nagar,970203,True,True,True,False,False
AD000862,AC000668,residence,kyc_origination,2026-04-01,T1,house 259 opposite overhead tannk kalyana nagar kaveripura 960104,house 259 opposite overhead tannk kalyana nagar kaveripura,960104,True,True,False,True,False
AD000863,AC000669,residence,kyc_origination,2026-04-01,T2,gali no 11 ward 11 behind ganesh temple patel nagar devgarh nagar 970202,gali no 11 ward 11 behind ganesh temple patel nagar devgarh nagar,970202,True,True,False,True,False
AD000864,AC000670,residence,kyc_origination,2026-04-01,T2,house 366 गली नं 4 मेडिकल स्टोर के पास subhash nagar devgarh nagar 970201,house 366 गली नं 4 मेडिकल स्टोर के पास subhash nagar devgarh nagar,970201,True,True,True,True,False
AD000865,AC000671,residence,kyc_origination,2026-04-01,T3,blk e rd 6 close to petrol pump railway col navanagara east 980304,blk e rd 6 close to petrol pump railway col navanagara east,980304,True,True,False,False,False
AD000866,AC000672,residence,kyc_origination,2026-04-01,T2,369 gali no 5 ward 11 patel nagar devgarh nagr 970202,369 gali no 5 ward 11 patel nagar devgarh nagr,970202,True,True,False,True,False
AD000867,AC000673,residence,kyc_origination,2026-04-01,T1,257 1 3rd crs 7th main haalina dairy hinde nehru colony kaveripura 960102,257 1 3rd crs 7th main haalina dairy hinde nehru colony kaveripura,960102,True,True,False,False,False
AD000868,AC000674,residence,kyc_origination,2026-04-01,T2,256 gali no 12 ward 2 indira col devgarh nagar 970202,256 gali no 12 ward 2 indira col devgarh nagar,970202,True,True,False,True,False
AD000869,AC000675,residence,kyc_origination,2026-04-01,T3,f blk 2nd road nr ganesh temple railway colny navanagara east 980304,f blk 2nd road nr ganesh temple railway colny navanagara east,980304,True,True,False,False,False
AD000870,AC000676,residence,kyc_origination,2026-04-01,T3,blk b rd 1 nr water tank palm meadows navanagara east 980302,blk b rd 1 nr water tank palm meadows navanagara east,980302,True,True,False,False,False
AD000871,AC000677,residence,kyc_origination,2026-04-01,T2,gali no 7 सरकारी स्कूल के पास krishna puri devgarh ngr 970202,gali no 7 सरकारी स्कूल के पास krishna puri devgarh ngr,970202,True,True,True,True,False
AD000872,AC000677,office,kyc_origination,2026-04-01,T2,house 207 gali no 10 opp government school ram nagar devgarh nagar 970203,house 207 gali no 10 opp government school ram nagar devgarh nagar,970203,True,True,False,True,False
AD000873,AC000678,residence,kyc_origination,2026-04-01,T1,h no 13 om sai complex 3rd cross 8th mn vinayaka nagr kaveripura 960104,h no 13 om sai complex 3rd cross 8th mn vinayaka nagr kaveripura,960104,True,True,False,True,False
AD000874,AC000679,residence,kyc_origination,2026-04-01,T3,85 nr medicals green park layout navanagara east 980301,85 nr medicals green park layout navanagara east,980301,True,True,False,False,False
AD000875,AC000680,residence,kyc_origination,2026-04-01,T3,c blk 4th road lakeview phase 2 navanagara east 980303,c blk 4th road lakeview phase 2 navanagara east,980303,True,True,False,False,False
AD000876,AC000681,residence,kyc_origination,2026-04-01,T3,h no 377 f block 5th rd medical store ke paas navanagara east 980301,h no 377 f block 5th rd medical store ke paas navanagara east,980301,True,True,False,True,False
AD000877,AC000682,residence,kyc_origination,2026-04-01,T3,no 479 blk f rd 1 b h masjid navanagara east 980302,no 479 blk f rd 1 b h masjid navanagara east,980302,True,True,False,True,False
AD000878,AC000683,residence,kyc_origination,2026-04-01,T1,no 250 5th cross 5th main rd opposite government school kalyana nagr kaveripura 960104,no 250 5th cross 5th main rd opposite government school kalyana nagr kaveripura,960104,True,True,False,True,False
AD000879,AC000684,residence,kyc_origination,2026-04-01,T3,379 blk e rd 3 opp government school orchid enclave navanagara east 980302,379 blk e rd 3 opp government school orchid enclave navanagara east,980302,True,True,False,False,False
AD000880,AC000685,residence,kyc_origination,2026-04-01,T1,h no 26 5th cross 1st main masjid ke pass nehru colony kaveripura 960102,h no 26 5th cross 1st main masjid ke pass nehru colony kaveripura,960102,True,True,False,True,False
AD000881,AC000686,residence,kyc_origination,2026-04-01,T1,h no 192 ಮೆಡಿಕಲ್ ಶಾಪ್ ಹತ್ತಿರ anjaneya badavane kaveripura 960103,h no 192 ಮೆಡಿಕಲ್ ಶಾಪ್ ಹತ್ತಿರ anjaneya badavane kaveripura,960103,True,True,True,True,False
AD000882,AC000686,office,kyc_origination,2026-04-01,T1,no 370 8th crs 5th mn opp ganesh temple anjaneya badavane kaveripura 960103,no 370 8th crs 5th mn opp ganesh temple anjaneya badavane kaveripura,960103,True,True,False,True,False
AD000883,AC000687,residence,kyc_origination,2026-04-01,T2,h no 89 gali no 7 ward 6 nr milk dairy nehru colony devgarh nagar 970203,h no 89 gali no 7 ward 6 nr milk dairy nehru colony devgarh nagar,970203,True,True,False,True,False
AD000884,AC000688,residence,kyc_origination,2026-04-01,T2,house 467 gali no 7 sarkari school ke paas azad mohalla devgarh nagar 970203,house 467 gali no 7 sarkari school ke paas azad mohalla devgarh nagar,970203,True,True,False,True,False
AD000885,AC000689,residence,kyc_origination,2026-04-01,T3,a blk 3rd road b h milk dairy palm meadows navanagara east 980302,a blk 3rd road b h milk dairy palm meadows navanagara east,980302,True,True,False,False,False
AD000886,AC000690,residence,kyc_origination,2026-04-01,T2,gali 8 ward 2 indira colony devgarh nagar,gali 8 ward 2 indira colony devgarh nagar,,False,False,False,False,False
AD000887,AC000690,permanent_native,kyc_origination,2026-04-01,OUT,village devipur tehsil c district west 992740,village devipur tehsil c district west,992740,True,False,False,False,True
AD000888,AC000691,residence,kyc_origination,2026-04-01,T1,house 264 6th cross 4th main kalyana mantapa eduru gandhi nagr kaveripura 960102,house 264 6th cross 4th main kalyana mantapa eduru gandhi nagr kaveripura,960102,True,True,False,True,False
AD000889,AC000691,office,kyc_origination,2026-04-01,T1,h no 411 4th cross 7th main nehru colony kaveripura 960102,h no 411 4th cross 7th main nehru colony kaveripura,960102,True,True,False,True,False
AD000890,AC000692,residence,kyc_origination,2026-04-01,T2,112 1 गली नं 12 हनुमान मंदिर के पास ambedkar nagar devgarh nagar 970204,112 1 गली नं 12 हनुमान मंदिर के पास ambedkar nagar devgarh nagar,970204,True,True,True,False,False
AD000891,AC000692,office,kyc_origination,2026-04-01,T2,no 170 गली नं 6 ward 9 डाकघर के पास devgarh nagar 970201,no 170 गली नं 6 ward 9 डाकघर के पास devgarh nagar,970201,True,True,True,True,False
AD000892,AC000693,residence,kyc_origination,2026-04-01,T3,h no 162 blk e rd 6 near govt school orchid enclave navanagara east 980301,h no 162 blk e rd 6 near govt school orchid enclave navanagara east,980301,True,True,False,True,False
AD000893,AC000693,permanent_native,kyc_origination,2026-04-01,OUT,village devipur tehsil c district east 991658,village devipur tehsil c district east,991658,True,False,False,False,True
AD000894,AC000694,residence,kyc_origination,2026-04-01,T3,blk b rd 3 teachers col navanagara east 980302,blk b rd 3 teachers col navanagara east,980302,True,True,False,False,False
AD000895,AC000695,residence,kyc_origination,2026-04-01,T1,30 6th cross 5th main bhd pds shop anjaneya badavane kaveripura 960103,30 6th cross 5th main bhd pds shop anjaneya badavane kaveripura,960103,True,True,False,False,False
AD000896,AC000695,permanent_native,kyc_origination,2026-04-01,OUT,village sundarpur taluk a district west 993321,village sundarpur taluk a district west,993321,True,False,False,False,True
AD000897,AC000696,residence,kyc_origination,2026-04-01,T2,no 113 gali 2 medical store ke peeche patel nagr devgarh nagar 970202,no 113 gali 2 medical store ke peeche patel nagr devgarh nagar,970202,True,True,False,True,False
AD000898,AC000697,residence,kyc_origination,2026-04-01,T1,281 2nd cross 8th main rd gandhi nagar kaveripura 960102,281 2nd cross 8th main rd gandhi nagar kaveripura,960102,True,True,False,False,False
AD000899,AC000698,residence,kyc_origination,2026-04-01,T3,432 a blk 6th road nr milk dairy navanagara east 980302,432 a blk 6th road nr milk dairy navanagara east,980302,True,True,False,False,False
AD000900,AC000698,office,kyc_origination,2026-04-01,T3,h no 252 f blk 1st road oposite government school silver oak layout navanagara east 980301,h no 252 f blk 1st road oposite government school silver oak layout navanagara east,980301,True,True,False,True,False
AD000901,AC000699,residence,kyc_origination,2026-04-01,T2,patel nagar devgarh nagar 970202,patel nagar devgarh nagar,970202,True,True,False,False,False
AD000902,AC000700,residence,kyc_origination,2026-04-01,T2,63 near petrol bunk azad mohalla devgarh nagar 970203,63 near petrol bunk azad mohalla devgarh nagar,970203,True,True,False,False,False
AD000903,AC000701,residence,kyc_origination,2026-04-01,T1,78 1st cross 8th main rd opp milk booth nehru colony kaveripura 960012,78 1st cross 8th main rd opp milk booth nehru colony kaveripura,960012,True,False,False,False,False
AD000904,AC000701,office,kyc_origination,2026-04-01,T1,no 267 10th cross 6th main nr ganesh temple gandhi nagar kaveripura 960102,no 267 10th cross 6th main nr ganesh temple gandhi nagar kaveripura,960102,True,True,False,True,False
AD000905,AC000702,residence,kyc_origination,2026-04-01,T3,no 196 blk d rd 1 ration ki dukkaan ke paas royal gardens navanagara east 980303,no 196 blk d rd 1 ration ki dukkaan ke paas royal gardens navanagara east,980303,True,True,False,True,False
AD000906,AC000702,office,kyc_origination,2026-04-01,T3,no 319 blk e rd 2 lakeview phase 2 navanagara east 980303,no 319 blk e rd 2 lakeview phase 2 navanagara east,980303,True,True,False,True,False
AD000907,AC000703,residence,kyc_origination,2026-04-01,T3,no 315 blk c rd 4 bagicha ke samne palm meadowss navanagara east 980302,no 315 blk c rd 4 bagicha ke samne palm meadowss navanagara east,980302,True,True,False,True,False
AD000908,AC000704,residence,kyc_origination,2026-04-01,T2,ram nagar devgarh nagar 970203,ram nagar devgarh nagar,970203,True,True,False,False,False
AD000909,AC000704,permanent_native,kyc_origination,2026-04-01,OUT,village mallapura taluk a district west 996162,village mallapura taluk a district west,996162,True,False,False,False,True
AD000910,AC000705,residence,kyc_origination,2026-04-01,T1,2nd cross 4th main hanuman mandir ke pass nehru colony kaveripura 960102,2nd cross 4th main hanuman mandir ke pass nehru colony kaveripura,960102,True,True,False,False,False
AD000911,AC000705,office,kyc_origination,2026-04-01,T1,no 281 2nd cross 1st main near park hosa badavane kaveripura 960101,no 281 2nd cross 1st main near park hosa badavane kaveripura,960101,True,True,False,True,False
AD000912,AC000706,residence,kyc_origination,2026-04-01,T2,no 148 gali no 12 patel nagr devarh nagar,no 148 gali no 12 patel nagr devarh nagar,,False,False,False,True,False
AD000913,AC000707,residence,kyc_origination,2026-04-01,T3,blk d rd 4 nr bus stop teachers colony navanagara east 980302,blk d rd 4 nr bus stop teachers colony navanagara east,980302,True,True,False,False,False
AD000914,AC000708,residence,kyc_origination,2026-04-01,T2,gali no 4 patel ngr devgarh nagar 970202,gali no 4 patel ngr devgarh nagar,970202,True,True,False,True,False
AD000915,AC000709,residence,kyc_origination,2026-04-01,T3,near post office defence colony navanagara east 980301,near post office defence colony navanagara east,980301,True,True,False,False,False
AD000916,AC000710,residence,kyc_origination,2026-04-01,T1,11th cross 1st main rd ration angadi hindhe siddeshwara colony kaveripura 960102,11th cross 1st main rd ration angadi hindhe siddeshwara colony kaveripura,960102,True,True,False,False,False
AD000917,AC000711,residence,kyc_origination,2026-04-01,T2,gali 2 azad mohalla devgarh nagar 970203,gali 2 azad mohalla devgarh nagar,970203,True,True,False,False,False
AD000918,AC000711,office,kyc_origination,2026-04-01,T2,green view apts gali 5 behind community hall ram nagar dvgarh nagar 970203,green view apts gali 5 behind community hall ram nagar dvgarh nagar,970203,True,True,False,False,False
AD000919,AC000712,residence,kyc_origination,2026-04-01,T1,nr hanuman temple nehru colony kaveripura 960101,nr hanuman temple nehru colony kaveripura,960101,True,True,False,False,False
AD000920,AC000712,office,kyc_origination,2026-04-01,T1,h no 401 8th x 4th main rd petrol pump ke pass kaveripura 960104,h no 401 8th x 4th main rd petrol pump ke pass kaveripura,960104,True,True,False,True,False
AD000921,AC000713,residence,kyc_origination,2026-04-01,T2,gali no 3 patel nagar devgarh nagar 970202,gali no 3 patel nagar devgarh nagar,970202,True,True,False,True,False
AD000922,AC000713,office,kyc_origination,2026-04-01,T2,175 1 गली नं 2 डाकघर के पास subhash nagr devgarh nagar 970201,175 1 गली नं 2 डाकघर के पास subhash nagr devgarh nagar,970201,True,True,True,False,False
AD000923,AC000714,residence,kyc_origination,2026-04-01,T1,h no 457 ganga apartments 2nd cross 2nd main nr church gandhi nagar kaveripura 960102,h no 457 ganga apartments 2nd cross 2nd main nr church gandhi nagar kaveripura,960102,True,True,False,True,False
AD000924,AC000715,residence,kyc_origination,2026-04-01,T2,h no 220 geli no 12 near medicals shivai nagar devgarh nagar 970202,h no 220 geli no 12 near medicals shivai nagar devgarh nagar,970202,True,True,False,True,False
AD000925,AC000716,residence,kyc_origination,2026-04-01,T2,house 71 gali no 12 barat ghar ke saamne patel nagar devgarh nagar 970202,house 71 gali no 12 barat ghar ke saamne patel nagar devgarh nagar,970202,True,True,False,True,False
AD000926,AC000717,residence,kyc_origination,2026-04-01,T3,178 f block 3rd road close to ganapathi temple teachers colny navanagara east 980302,178 f block 3rd road close to ganapathi temple teachers colny navanagara east,980302,True,True,False,False,False
AD000927,AC000718,residence,kyc_origination,2026-04-01,T2,no 362 पानी की टंकी के पास krishna puri devgarh nagr 970202,no 362 पानी की टंकी के पास krishna puri devgarh nagr,970202,True,True,True,True,False
AD000928,AC000719,residence,kyc_origination,2026-04-01,T1,2nd cr 6th main opp pds shop vidya ngr kaveripura 960103,2nd cr 6th main opp pds shop vidya ngr kaveripura,960103,True,True,False,False,False
AD000929,AC000720,residence,kyc_origination,2026-04-01,T1,h no 278 12th cross 1st main kaveripura 960102,h no 278 12th cross 1st main kaveripura,960102,True,True,False,True,False
AD000930,AC000721,residence,kyc_origination,2026-04-01,T1,364 2 10th cross 8th main petrol bunk hattira vinayaka ngr kaveripura 960104,364 2 10th cross 8th main petrol bunk hattira vinayaka ngr kaveripura,960104,True,True,False,False,False
AD000931,AC000721,permanent_native,kyc_origination,2026-04-01,OUT,village kodihalli tehsil c district east 995959,village kodihalli tehsil c district east,995959,True,False,False,False,True
AD000932,AC000722,residence,kyc_origination,2026-04-01,T3,133 petrol pump ke peeche green parrk layout navanagara east 980303,133 petrol pump ke peeche green parrk layout navanagara east,980303,True,True,False,False,False
AD000933,AC000723,residence,kyc_origination,2026-04-01,T2,73 gali no 7 ward 11 nr church patel nagar devgarh nagar 9770202,73 gali no 7 ward 11 nr church patel nagar devgarh nagar 9770202,,False,False,False,True,False
AD000934,AC000724,residence,kyc_origination,2026-04-01,T2,gali no 1 near kalyana mantapa azad mohalla devgarh nagar 970203,gali no 1 near kalyana mantapa azad mohalla devgarh nagar,970203,True,True,False,True,False
AD000935,AC000725,residence,kyc_origination,2026-04-01,T3,356 1 f block 6th rd orchid enclave navanagara east 980301,356 1 f block 6th rd orchid enclave navanagara east,980301,True,True,False,False,False
AD000936,AC000726,residence,kyc_origination,2026-04-01,T1,house 272 close to ganapathi temple gandhi nagar kaveripura 960102,house 272 close to ganapathi temple gandhi nagar kaveripura,960102,True,True,False,True,False
AD000937,AC000727,residence,kyc_origination,2026-04-01,T2,323 1 ambedkar ngr devgarh nagr 970204,323 1 ambedkar ngr devgarh nagr,970204,True,True,False,False,False
AD000938,AC000728,residence,kyc_origination,2026-04-01,T1,300 1st cross 4th main rd near hnuman temple siddeshwara colony kaveripura 960102,300 1st cross 4th main rd near hnuman temple siddeshwara colony kaveripura,960102,True,True,False,False,False
AD000939,AC000728,office,kyc_origination,2026-04-01,T1,house 78 12th cross 6th main vidya nagar kaveripura 960103,house 78 12th cross 6th main vidya nagar kaveripura,960103,True,True,False,True,False
AD000940,AC000729,residence,kyc_origination,2026-04-01,T1,bus nildana hattira ganddhi nagr kaveripura 960102,bus nildana hattira ganddhi nagr kaveripura,960102,True,True,False,False,False
AD000941,AC000729,permanent_native,kyc_origination,2026-04-01,OUT,village hosahalli tehsil d district west 999036,village hosahalli tehsil d district west,999036,True,False,False,False,True
AD000942,AC000730,residence,kyc_origination,2026-04-01,T2,h no 261 गली नं 12 azad mohalla devgarh nagar 970203,h no 261 गली नं 12 azad mohalla devgarh nagar,970203,True,True,True,True,False
AD000943,AC000731,residence,kyc_origination,2026-04-01,T3,42 blk b rd 5 opp church silver oak layout navanagara east 980301,42 blk b rd 5 opp church silver oak layout navanagara east,980301,True,True,False,False,False
AD000944,AC000732,residence,kyc_origination,2026-04-01,T3,behind mosque railway colony navanagara east 980304,behind mosque railway colony navanagara east,980304,True,True,False,False,False
AD000945,AC000733,residence,kyc_origination,2026-04-01,T1,2nd cross 7th mn opp ration shop vidya nagar kaveripura 960103,2nd cross 7th mn opp ration shop vidya nagar kaveripura,960103,True,True,False,False,False
AD000946,AC000733,office,kyc_origination,2026-04-01,T1,8th cr 5th main nr petrol pump vinayaka nagr kaveripura 960104,8th cr 5th main nr petrol pump vinayaka nagr kaveripura,960104,True,True,False,False,False
AD000947,AC000734,residence,kyc_origination,2026-04-01,T2,h no 51 gali no 10 sarkari school ke paas azad mohalla devgarh nagar 970203,h no 51 gali no 10 sarkari school ke paas azad mohalla devgarh nagar,970203,True,True,False,True,False
AD000948,AC000735,residence,kyc_origination,2026-04-01,T3,no 15 lakshmi nilaya e blk 2nd rd teachers colony navanagara east 980302,no 15 lakshmi nilaya e blk 2nd rd teachers colony navanagara east,980302,True,True,False,True,False
AD000949,AC000736,residence,kyc_origination,2026-04-01,T3,300 1 annapoorna nilaya blk e rd 3 opp post office hmt colny naanagara east 980301,300 1 annapoorna nilaya blk e rd 3 opp post office hmt colny naanagara east,980301,True,True,False,False,False
AD000950,AC000737,residence,kyc_origination,2026-04-01,T3,h no 74 blk d rd 1 silver oak layout navanagara east 980301,h no 74 blk d rd 1 silver oak layout navanagara east,980301,True,True,False,True,False
AD000951,AC000738,residence,kyc_origination,2026-04-01,T2,house 252 गली नं 7 मेडिकल स्टोर के पास indira colony devgarh nagr 970202,house 252 गली नं 7 मेडिकल स्टोर के पास indira colony devgarh nagr,970202,True,True,True,True,False
AD000952,AC000738,office,kyc_origination,2026-04-01,T2,gali no 12 near church ambedkar nagar devgarh nagar 970204,gali no 12 near church ambedkar nagar devgarh nagar,970204,True,True,False,True,False
AD000953,AC000739,residence,kyc_origination,2026-04-01,T2,gali 6 close to pds shop shivaji ngr devgarh nagar 970202,gali 6 close to pds shop shivaji ngr devgarh nagar,970202,True,True,False,False,False
AD000954,AC000740,residence,kyc_origination,2026-04-01,T3,457 2 blk b rd 1 close to masjid railway colony navanagara east 980303,457 2 blk b rd 1 close to masjid railway colony navanagara east,980303,True,True,False,False,False
AD000955,AC000741,residence,kyc_origination,2026-04-01,T1,h no 249 12th cr 6th mn ganapathi gudi hattira nehru colny kaveripura 960102,h no 249 12th cr 6th mn ganapathi gudi hattira nehru colny kaveripura,960102,True,True,False,True,False
AD000956,AC000741,permanent_native,kyc_origination,2026-04-01,OUT,village kodihalli taluk b district north 991759,village kodihalli taluk b district north,991759,True,False,False,False,True
AD000957,AC000742,residence,kyc_origination,2026-04-01,T2,gali no 2 nehru colony devgarh nagr 970203,gali no 2 nehru colony devgarh nagr,970203,True,True,False,True,False
AD000958,AC000742,office,kyc_origination,2026-04-01,T2,438 3 gali 8 krishna puri devgarh nagar 970202,438 3 gali 8 krishna puri devgarh nagar,970202,True,True,False,False,False
AD000959,AC000743,residence,kyc_origination,2026-04-01,T1,17 2 1st cross 8th main ಹಾಲಿನ ಡೈರಿ ಹತ್ತಿರ nehru colony kaveripura 960102,17 2 1st cross 8th main ಹಾಲಿನ ಡೈರಿ ಹತ್ತಿರ nehru colony kaveripura,960102,True,True,True,False,False
AD000960,AC000743,permanent_native,kyc_origination,2026-04-01,OUT,village chikkapura tehsil c district east 992498,village chikkapura tehsil c district east,992498,True,False,False,False,True
AD000961,AC000744,residence,kyc_origination,2026-04-01,T2,gali 7 पानी की टंकी के पास nehru colony devgarh ngr 970203,gali 7 पानी की टंकी के पास nehru colony devgarh ngr,970203,True,True,True,False,False
AD000962,AC000745,residence,kyc_origination,2026-04-01,T2,no 435 गली नं 4 ram ngr devgarh nagr 970203,no 435 गली नं 4 ram ngr devgarh nagr,970203,True,True,True,True,False
AD000963,AC000746,residence,kyc_origination,2026-04-01,T1,house 247 12th x 3rd main bhd ganapathi temple kaveripura 960102,house 247 12th x 3rd main bhd ganapathi temple kaveripura,960102,True,True,False,True,False
AD000964,AC000747,residence,kyc_origination,2026-04-01,T2,gali no 8 opp pds shop patel nagar devgarh nagr 970202,gali no 8 opp pds shop patel nagar devgarh nagr,970202,True,True,False,True,False
AD000965,AC000748,residence,kyc_origination,2026-04-01,T1,3rd crs 5th mn anche kacheri hattira shanthi ngr kaveripura 960101,3rd crs 5th mn anche kacheri hattira shanthi ngr kaveripura,960101,True,True,False,False,False
AD000966,AC000748,permanent_native,kyc_origination,2026-04-01,OUT,village mallapura tehsil c district east 998245,village mallapura tehsil c district east,998245,True,False,False,False,True
AD000967,AC000749,residence,kyc_origination,2026-04-01,T3,near masjid silver oak lyt navanagara east 980301,near masjid silver oak lyt navanagara east,980301,True,True,False,False,False
AD000968,AC000750,residence,kyc_origination,2026-04-01,T3,b blk 6th road railway colony navanagara east 980304,b blk 6th road railway colony navanagara east,980304,True,True,False,False,False
AD000969,AC000751,residence,kyc_origination,2026-04-01,T1,6th crs 1st main medical shop edhuru vidya nagar kaveripura 960103,6th crs 1st main medical shop edhuru vidya nagar kaveripura,960103,True,True,False,False,False
AD000970,AC000751,office,kyc_origination,2026-04-01,T1,217 12th crs 6th main vidya nagar kaveripura 960103,217 12th crs 6th main vidya nagar kaveripura,960103,True,True,False,False,False
AD000971,AC000752,residence,kyc_origination,2026-04-01,T1,house 197 7th cross 5th mn near ganesh temple gandhi nagar kaveripura 960102,house 197 7th cross 5th mn near ganesh temple gandhi nagar kaveripura,960102,True,True,False,True,False
AD000972,AC000753,residence,kyc_origination,2026-04-01,T3,house 275 blk c rd 6 ಹಾಲಿನ ಡೈರಿ ಹತ್ತಿರ navanagara east 980301,house 275 blk c rd 6 ಹಾಲಿನ ಡೈರಿ ಹತ್ತಿರ navanagara east,980301,True,True,True,True,False
AD000973,AC000754,residence,kyc_origination,2026-04-01,T3,252 3 lakeview phase 2 navanagara east 980303,252 3 lakeview phase 2 navanagara east,980303,True,True,False,False,False
AD000974,AC000755,residence,kyc_origination,2026-04-01,T3,h no 258 f block 6th rd bhd ganapathi temple navanagara east 980302,h no 258 f block 6th rd bhd ganapathi temple navanagara east,980302,True,True,False,True,False
AD000975,AC000756,residence,kyc_origination,2026-04-01,T2,no 48 gali 6 ward 9 nr milk booth shastri nagar devgarh nagr 970201,no 48 gali 6 ward 9 nr milk booth shastri nagar devgarh nagr,970201,True,True,False,True,False
AD000976,AC000757,residence,kyc_origination,2026-04-01,T1,nr hanuman temple basava nagar kaveripura 960101,nr hanuman temple basava nagar kaveripura,960101,True,True,False,False,False
AD000977,AC000757,permanent_native,kyc_origination,2026-04-01,OUT,village rampura kalan tehsil d district north 997209,village rampura kalan tehsil d district north,997209,True,False,False,False,True
AD000978,AC000758,residence,kyc_origination,2026-04-01,T3,no 47 blk a rd 6 close to government school hmt colony navanagara east 980301,no 47 blk a rd 6 close to government school hmt colony navanagara east,980301,True,True,False,True,False
AD000979,AC000759,residence,kyc_origination,2026-04-01,T2,no 80 gali 7 ward 8 azda mohalla devgarh ngr 970203,no 80 gali 7 ward 8 azda mohalla devgarh ngr,970203,True,True,False,True,False
AD000980,AC000760,residence,kyc_origination,2026-04-01,T2,house 378 gali 7 ward 2 near bus stand indira colony devgarh nagr 970202,house 378 gali 7 ward 2 near bus stand indira colony devgarh nagr,970202,True,True,False,True,False
AD000981,AC000761,residence,kyc_origination,2026-04-01,T3,h no 42 e blk 3rd road near government school silver oak layout navanagara east 980301,h no 42 e blk 3rd road near government school silver oak layout navanagara east,980301,True,True,False,True,False
AD000982,AC000762,residence,kyc_origination,2026-04-01,T3,blk f rd 6 nr pharmacy lakeview phase 2 navanagara east 980302,blk f rd 6 nr pharmacy lakeview phase 2 navanagara east,980302,True,True,False,False,False
AD000983,AC000762,permanent_native,kyc_origination,2026-04-01,OUT,village rampura kalan tehsil d district west 999467,village rampura kalan tehsil d district west,999467,True,False,False,False,True
AD000984,AC000763,residence,kyc_origination,2026-04-01,T1,h no 417 close to overhead tank shanthi nagar kaveripura 960101,h no 417 close to overhead tank shanthi nagar kaveripura,960101,True,True,False,True,False
AD000985,AC000764,residence,kyc_origination,2026-04-01,T3,no 36 f blk 6th rd sarkari school ke pass silver oak layt navanagara east 980301,no 36 f blk 6th rd sarkari school ke pass silver oak layt navanagara east,980301,True,True,False,True,False
AD000986,AC000765,residence,kyc_origination,2026-04-01,T2,41 2 gali no 6 adj pharmacy azad mohalla devgarh nagar 970203,41 2 gali no 6 adj pharmacy azad mohalla devgarh nagar,970203,True,True,False,True,False
AD000987,AC000766,residence,kyc_origination,2026-04-01,T1,h no 102 8th cross 8th main near mosque vidya nagar kaveripura 960103,h no 102 8th cross 8th main near mosque vidya nagar kaveripura,960103,True,True,False,True,False
AD000988,AC000767,residence,kyc_origination,2026-04-01,T1,459 8th cross 5th main bhd petrol pump vinayaka nagar kaveripura 960104,459 8th cross 5th main bhd petrol pump vinayaka nagar kaveripura,960104,True,True,False,False,False
AD000989,AC000768,residence,kyc_origination,2026-04-01,T2,no 250 gali no 12 ward 10 krishna puri devgarh nagar 970202,no 250 gali no 12 ward 10 krishna puri devgarh nagar,970202,True,True,False,True,False
AD000990,AC000768,office,kyc_origination,2026-04-01,T2,house 219 gali 8 ration ki dukaan ke pass indira colony devgarh nagar 970202,house 219 gali 8 ration ki dukaan ke pass indira colony devgarh nagar,970202,True,True,False,True,False
AD000991,AC000769,residence,kyc_origination,2026-04-01,T2,h no 435 gali 10 दूध डेयरी के पास ambedkar nagr devgarh nagar 970204,h no 435 gali 10 दूध डेयरी के पास ambedkar nagr devgarh nagar,970204,True,True,True,True,False
AD000992,AC000769,office,kyc_origination,2026-04-01,T2,h no 72 gali 6 opposite water tank krishna puri devgarh nagar 970202,h no 72 gali 6 opposite water tank krishna puri devgarh nagar,970202,True,True,False,True,False
AD000993,AC000770,residence,kyc_origination,2026-04-01,T1,361 2 bus stop hattira nehru colony kaveripura 960102,361 2 bus stop hattira nehru colony kaveripura,960102,True,True,False,False,False
AD000994,AC000771,residence,kyc_origination,2026-04-01,T2,glai no 5 ambedkar ngr devgarh nagar 970204,glai no 5 ambedkar ngr devgarh nagar,970204,True,True,False,True,False
AD000995,AC000771,office,kyc_origination,2026-04-01,T2,h no 252 gali no 10 nr kalyana mantapa shivaji nagr devgarh nagar 970203,h no 252 gali no 10 nr kalyana mantapa shivaji nagr devgarh nagar,970203,True,True,False,True,False
AD000996,AC000772,residence,kyc_origination,2026-04-01,T2,h no 394 green view apts near ration sho patel ngr devgarh ngr 970202,h no 394 green view apts near ration sho patel ngr devgarh ngr,970202,True,True,False,True,False
AD000997,AC000773,residence,kyc_origination,2026-04-01,T2,gali 8 subhash ngr devgarh nagar 970201,gali 8 subhash ngr devgarh nagar,970201,True,True,False,False,False
AD000998,AC000773,office,kyc_origination,2026-04-01,T2,house 253 annapoorna nilaya ambedkar nagar devgarh nagar 970204,house 253 annapoorna nilaya ambedkar nagar devgarh nagar,970204,True,True,False,True,False
AD000999,AC000774,residence,kyc_origination,2026-04-01,T3,samudaya bhavana hattira orchid enclave naavnagara east 980301,samudaya bhavana hattira orchid enclave naavnagara east,980301,True,True,False,False,False
AD001000,AC000775,residence,kyc_origination,2026-04-01,T1,146 2nd cr 7th man bagicha ke paas siddeshwara colony kaveripura 960102,146 2nd cr 7th man bagicha ke paas siddeshwara colony kaveripura,960102,True,True,False,False,False
AD001001,AC000776,residence,kyc_origination,2026-04-01,T3,house 273 sai residency e block 5th road ganesh mandir ke pass lakeview phase 2 navanagara east 980303,house 273 sai residency e block 5th road ganesh mandir ke pass lakeview phase 2 navanagara east,980303,True,True,False,True,False
AD001002,AC000776,office,kyc_origination,2026-04-01,T3,446 3 blk f rd 4 behind ganapathi temple railway colony navanagara east 980304,446 3 blk f rd 4 behind ganapathi temple railway colony navanagara east,980304,True,True,False,False,False
AD001003,AC000777,residence,kyc_origination,2026-04-01,T2,no 258 gali no 9 shastri ngr devgarh naar 970201,no 258 gali no 9 shastri ngr devgarh naar,970201,True,True,False,True,False
AD001004,AC000778,residence,kyc_origination,2026-04-01,T1,2nd cross 2nd main close to hanuman temple kuvempu layt kaveipura 960102,2nd cross 2nd main close to hanuman temple kuvempu layt kaveipura,960102,True,True,False,False,False
AD001005,AC000779,residence,kyc_origination,2026-04-01,T1,nr milk dairy kaveripura 960101,nr milk dairy kaveripura,960101,True,True,False,False,False
AD001006,AC000780,residence,kyc_origination,2026-04-01,T3,374 2 b blk 1st rd teachers colony navanagara east 980302,374 2 b blk 1st rd teachers colony navanagara east,980302,True,True,False,False,False
AD001007,AC000781,residence,kyc_origination,2026-04-01,T1,114 2 3rd cr 3rd mn sarkari shaale hattira vinayaka nagr kaveripura 960104,114 2 3rd cr 3rd mn sarkari shaale hattira vinayaka nagr kaveripura,960104,True,True,False,False,False
AD001008,AC000782,residence,kyc_origination,2026-04-01,T1,4th cr 2nd main rd ಸರ್ಕಾರಿ ಶಾಲೆ ಹತ್ತಿರ kalyana nagar kaveripura 960104,4th cr 2nd main rd ಸರ್ಕಾರಿ ಶಾಲೆ ಹತ್ತಿರ kalyana nagar kaveripura,960104,True,True,True,False,False
AD001009,AC000783,residence,kyc_origination,2026-04-01,T2,h no 232 gali no 3 behind medicals devgarh nagar 970202,h no 232 gali no 3 behind medicals devgarh nagar,970202,True,True,False,True,False
AD001010,AC000784,residence,kyc_origination,2026-04-01,T2,286 gali 2 indira colony devgarh nagr 970202,286 gali 2 indira colony devgarh nagr,970202,True,True,False,False,False
AD001011,AC000785,residence,kyc_origination,2026-04-01,T2,house 340 doodh dairy ke pass ambedkar nagr devgarh nagar 970204,house 340 doodh dairy ke pass ambedkar nagr devgarh nagar,970204,True,True,False,True,False
AD001012,AC000786,residence,kyc_origination,2026-04-01,T1,3rd x 5th mn kalyana mantapa hattira gandhi nagar kaveripura 960102,3rd x 5th mn kalyana mantapa hattira gandhi nagar kaveripura,960102,True,True,False,False,False
AD001013,AC000787,residence,kyc_origination,2026-04-01,T2,148 1 gali no 7 close to kalyana mantapa patel nagar devgarh ngr 970202,148 1 gali no 7 close to kalyana mantapa patel nagar devgarh ngr,970202,True,True,False,True,False
AD001014,AC000787,permanent_native,kyc_origination,2026-04-01,OUT,village bilagi tehsil c district east 999178,village bilagi tehsil c district east,999178,True,False,False,False,True
AD001015,AC000788,residence,kyc_origination,2026-04-01,T3,355 2 blk d rd 1 nr ration shop lakeview phase 2 navanagara east 980303,355 2 blk d rd 1 nr ration shop lakeview phase 2 navanagara east,980303,True,True,False,False,False
AD001016,AC000788,office,kyc_origination,2026-04-01,T3,no 121 e block 4th road tanki ke pass royal gardens navanagara east 980303,no 121 e block 4th road tanki ke pass royal gardens navanagara east,980303,True,True,False,True,False
AD001017,AC000789,residence,kyc_origination,2026-04-01,T3,b h ration shop hmt colony navanagara east 980301,b h ration shop hmt colony navanagara east,980301,True,True,False,False,False
AD001018,AC000790,residence,kyc_origination,2026-04-01,T3,h no 223 blk a rd 6 sarkari school ke pass hmt colony navanagara east 980303,h no 223 blk a rd 6 sarkari school ke pass hmt colony navanagara east,980303,True,True,False,True,False
AD001019,AC000791,residence,kyc_origination,2026-04-01,T2,house 461 gali 10 opp post office nehru colny devgarh nagar 970203,house 461 gali 10 opp post office nehru colny devgarh nagar,970203,True,True,False,True,False
AD001020,AC000792,residence,kyc_origination,2026-04-01,T1,144 1 11th cross 1st main ಗಣಪತಿ ದೇವಸ್ಥಾನ ಎದುರು nehru colony kaveripura 960102,144 1 11th cross 1st main ಗಣಪತಿ ದೇವಸ್ಥಾನ ಎದುರು nehru colony kaveripura,960102,True,True,True,False,False
AD001021,AC000793,residence,kyc_origination,2026-04-01,T1,34 02 sarkari shaale eduru hosa badavane kaveripura 960101,34 02 sarkari shaale eduru hosa badavane kaveripura,960101,True,True,False,False,False
AD001022,AC000793,office,kyc_origination,2026-04-01,T1,103 2 5th crs 5th main anjjaneya gudi hattira siddeshwara colny kaveripura 960102,103 2 5th crs 5th main anjjaneya gudi hattira siddeshwara colny kaveripura,960102,True,True,False,False,False
AD001023,AC000794,residence,kyc_origination,2026-04-01,T3,blk e rd 6 bus stop hattira navanagara eist 980301,blk e rd 6 bus stop hattira navanagara eist,980301,True,True,False,False,False
AD001024,AC000795,residence,kyc_origination,2026-04-01,T3,no 111 sarkari shaaale hindhe royal gardens navanagara east 980303,no 111 sarkari shaaale hindhe royal gardens navanagara east,980303,True,True,False,True,False
AD001025,AC000796,residence,kyc_origination,2026-04-01,T2,h no 425 gali no 4 behind church shastri nagr devgarh nagar 970201,h no 425 gali no 4 behind church shastri nagr devgarh nagar,970201,True,True,False,True,False
AD001026,AC000797,residence,kyc_origination,2026-04-01,T2,गली नं 1 azad mohalla devgarh nagar 970203,गली नं 1 azad mohalla devgarh nagar,970203,True,True,True,False,False
AD001027,AC000797,office,kyc_origination,2026-04-01,T2,h no 460 gali no 9 ward 8 nr petrol bunk azad mohalla devgarh nagar 970203,h no 460 gali no 9 ward 8 nr petrol bunk azad mohalla devgarh nagar,970203,True,True,False,True,False
AD001028,AC000798,residence,kyc_origination,2026-04-01,T2,gali no 9 sarkari school ke pass devgarh nagar 970203,gali no 9 sarkari school ke pass devgarh nagar,970203,True,True,False,True,False
AD001029,AC000799,residence,kyc_origination,2026-04-01,T2,h no 268 gali no 1 sarkari school ke paas azad mohalla devgarh nagr 970203,h no 268 gali no 1 sarkari school ke paas azad mohalla devgarh nagr,970203,True,True,False,True,False
AD001030,AC000799,permanent_native,kyc_origination,2026-04-01,OUT,village rampura kalan tehsil c district south 999706,village rampura kalan tehsil c district south,999706,True,False,False,False,True
AD001031,AC000800,residence,kyc_origination,2026-04-01,T2,gali no 6 मेडिकल स्टोर के पास patel nagr devgarh nagar 970202,gali no 6 मेडिकल स्टोर के पास patel nagr devgarh nagar,970202,True,True,True,True,False
AD001032,AC000801,residence,kyc_origination,2026-04-01,T2,333 3 shanti kunj gali no 11 shastri ngr devgarh nagar 970204,333 3 shanti kunj gali no 11 shastri ngr devgarh nagar,970204,True,True,False,True,False
AD001033,AC000802,residence,kyc_origination,2026-04-01,T1,h no 195 1st cross 3rd main ಸರ್ಕಾರಿ ಶಾಲೆ ಎದುರು basava nagar kaveeripura 960102,h no 195 1st cross 3rd main ಸರ್ಕಾರಿ ಶಾಲೆ ಎದುರು basava nagar kaveeripura,960102,True,True,True,True,False
AD001034,AC000803,residence,kyc_origination,2026-04-01,T1,h no 22 sri krishna nivas 11th x 7th main nyayabele angadi hattira nehru colony kaveripura,h no 22 sri krishna nivas 11th x 7th main nyayabele angadi hattira nehru colony kaveripura,,False,False,False,True,False
AD001035,AC000804,residence,kyc_origination,2026-04-01,T1,148 anjaneya swamy temple edhuru kuvemup layuot kaveripura 960102,148 anjaneya swamy temple edhuru kuvemup layuot kaveripura,960102,True,True,False,False,False
AD001036,AC000805,residence,kyc_origination,2026-04-01,T3,no 63 close to petrol bunk silver oak layout navanagara east 980304,no 63 close to petrol bunk silver oak layout navanagara east,980304,True,True,False,True,False
AD001037,AC000806,residence,kyc_origination,2026-04-01,T3,e block 1st rd nr milk booth railway col navanagara east 980304,e block 1st rd nr milk booth railway col navanagara east,980304,True,True,False,False,False
AD001038,AC000806,permanent_native,kyc_origination,2026-04-01,OUT,village hosahalli taluk a district south 991847,village hosahalli taluk a district south,991847,True,False,False,False,True
AD001039,AC000807,residence,kyc_origination,2026-04-01,T3,a block 4th road nr hanuman temple palm meadows navanagara east 980302,a block 4th road nr hanuman temple palm meadows navanagara east,980302,True,True,False,False,False
AD001040,AC000808,residence,kyc_origination,2026-04-01,T3,house 427 blk a rd 6 opp church teachers colony navanagara east,house 427 blk a rd 6 opp church teachers colony navanagara east,,False,False,False,True,False
AD001041,AC000809,residence,kyc_origination,2026-04-01,T1,6th cross 5th main close to mosque kaveripura 960103,6th cross 5th main close to mosque kaveripura,960103,True,True,False,False,False
AD001042,AC000810,residence,kyc_origination,2026-04-01,T1,2nd cross 2nd main vinayaka ngr kaveripura 960104,2nd cross 2nd main vinayaka ngr kaveripura,960104,True,True,False,False,False
AD001043,AC000810,office,kyc_origination,2026-04-01,T1,4th cr 7th main vinayaka nagar kaveripura 960104,4th cr 7th main vinayaka nagar kaveripura,960104,True,True,False,False,False
AD001044,AC000811,residence,kyc_origination,2026-04-01,T1,house 88 9th cross 3rd mn nehru colony kaveripura 960102,house 88 9th cross 3rd mn nehru colony kaveripura,960102,True,True,False,True,False
AD001045,AC000812,residence,kyc_origination,2026-04-01,T1,h no 217 12th cr 6th mn vidya nagar kaveripura 960103,h no 217 12th cr 6th mn vidya nagar kaveripura,960103,True,True,False,True,False
AD001046,AC000813,residence,kyc_origination,2026-04-01,T3,blk d rd 2 close to milk dairy silver oak layout navanagara east,blk d rd 2 close to milk dairy silver oak layout navanagara east,,False,False,False,False,False
AD001047,AC000814,residence,kyc_origination,2026-04-01,T1,6 2 12th cross 2nd main nehru colony kaveripura 960102,6 2 12th cross 2nd main nehru colony kaveripura,960102,True,True,False,False,False
AD001048,AC000814,office,kyc_origination,2026-04-01,T1,house 89 4th cross 1st main near masjid nehru col kaveripura 960102,house 89 4th cross 1st main near masjid nehru col kaveripura,960102,True,True,False,True,False
AD001049,AC000815,residence,kyc_origination,2026-04-01,T3,212 3 d block 4th road nr government school hmt colny navanagara east 980301,212 3 d block 4th road nr government school hmt colny navanagara east,980301,True,True,False,False,False
AD001050,AC000816,residence,kyc_origination,2026-04-01,T2,no 116 nr post office nehru colony devgarh nagr 970203,no 116 nr post office nehru colony devgarh nagr,970203,True,True,False,True,False
AD001051,AC000816,permanent_native,kyc_origination,2026-04-01,OUT,village hosahalli taluk b district south 995733,village hosahalli taluk b district south,995733,True,False,False,False,True
AD001052,AC000817,residence,kyc_origination,2026-04-01,T1,456 2 1st cross 6th main nr milk dairy nehru colony kaveripura 960102,456 2 1st cross 6th main nr milk dairy nehru colony kaveripura,960102,True,True,False,False,False
AD001053,AC000818,residence,kyc_origination,2026-04-01,T3,e block 3rd road close to govt school teachers colony navanagara east 980302,e block 3rd road close to govt school teachers colony navanagara east,980302,True,True,False,False,False
AD001054,AC000819,residence,kyc_origination,2026-04-01,T3,375 om sai complex blk c rd 1 sunrise enclave navanagara east 980304,375 om sai complex blk c rd 1 sunrise enclave navanagara east,980304,True,True,False,False,False
AD001055,AC000820,residence,kyc_origination,2026-04-01,T2,h no 186 gali 5 nr post office shivaji nagar devgarh nagar 970202,h no 186 gali 5 nr post office shivaji nagar devgarh nagar,970202,True,True,False,True,False
AD001056,AC000820,permanent_native,kyc_origination,2026-04-01,OUT,village chikkapura taluk a district west 997217,village chikkapura taluk a district west,997217,True,False,False,False,True
AD001057,AC000821,residence,kyc_origination,2026-04-01,T1,58 8th cross 8th mn ಗಣಪತಿ ದೇವಸ್ಥಾನ ಹತ್ತಿರ gandhi nagr kaveripura 960102,58 8th cross 8th mn ಗಣಪತಿ ದೇವಸ್ಥಾನ ಹತ್ತಿರ gandhi nagr kaveripura,960102,True,True,True,False,False
AD001058,AC000821,office,kyc_origination,2026-04-01,T1,57 1st cross 8th mn nehru colny kaveripura 960102,57 1st cross 8th mn nehru colny kaveripura,960102,True,True,False,False,False
AD001059,AC000822,residence,kyc_origination,2026-04-01,T2,house 102 nr govt school indira colony devgarh nagar 970201,house 102 nr govt school indira colony devgarh nagar,970201,True,True,False,True,False
AD001060,AC000823,residence,kyc_origination,2026-04-01,T2,h no 477 close to communitty hall patel nagar devgarh ngr 970202,h no 477 close to communitty hall patel nagar devgarh ngr,970202,True,True,False,True,False
AD001061,AC000823,permanent_native,kyc_origination,2026-04-01,OUT,village kodihalli taluk a district west 997079,village kodihalli taluk a district west,997079,True,False,False,False,True
AD001062,AC000824,residence,kyc_origination,2026-04-01,T3,green view apts d blk 3rd road ganesh mandir ke pass lakeview phase 2 navanagara east 980303,green view apts d blk 3rd road ganesh mandir ke pass lakeview phase 2 navanagara east,980303,True,True,False,False,False
AD001063,AC000825,residence,kyc_origination,2026-04-01,T1,no 239 nr kalyana mantapa nehru col kaveripura 960102,no 239 nr kalyana mantapa nehru col kaveripura,960102,True,True,False,True,False
AD001064,AC000826,residence,kyc_origination,2026-04-01,T3,hoase 1666 blk d rd 5 opp milk dairy green park layout navanagara east 980301,hoase 1666 blk d rd 5 opp milk dairy green park layout navanagara east,980301,True,True,False,False,False
AD001065,AC000827,residence,kyc_origination,2026-04-01,T1,house 214 8th x 3rd main rd near medical store kaveripura 960102,house 214 8th x 3rd main rd near medical store kaveripura,960102,True,True,False,True,False
AD001066,AC000828,residence,kyc_origination,2026-04-01,T3,237 blk c rd 2 green park layout navanagara east,237 blk c rd 2 green park layout navanagara east,,False,False,False,False,False
AD001067,AC000829,residence,kyc_origination,2026-04-01,T1,213 1 8th x 8th main kaveripura 960102,213 1 8th x 8th main kaveripura,960102,True,True,False,False,False
AD001068,AC000830,residence,kyc_origination,2026-04-01,T3,house 3 blk c rd 1 nr petrol pump royal gardens navanagara east 980304,house 3 blk c rd 1 nr petrol pump royal gardens navanagara east,980304,True,True,False,True,False
AD001069,AC000830,office,kyc_origination,2026-04-01,T3,h no 29 a block 4th road b h ganapathi temple navanagara east,h no 29 a block 4th road b h ganapathi temple navanagara east,,False,False,False,True,False
AD001070,AC000831,residence,kyc_origination,2026-04-01,T1,9th cross 3rd main bus stop hattira shanthi ngr kaveriipura 960101,9th cross 3rd main bus stop hattira shanthi ngr kaveriipura,960101,True,True,False,False,False
AD001071,AC000832,residence,kyc_origination,2026-04-01,T3,h no 400 hmt colny navanagara east 980301,h no 400 hmt colny navanagara east,980301,True,True,False,True,False
AD001072,AC000832,permanent_native,kyc_origination,2026-04-01,OUT,village kodihalli tehsil c district east 999474,village kodihalli tehsil c district east,999474,True,False,False,False,True
AD001073,AC000833,residence,kyc_origination,2026-04-01,T3,c block 2nd rd close to pharmacy teachers colony navanagara east 980302,c block 2nd rd close to pharmacy teachers colony navanagara east,980302,True,True,False,False,False
AD001074,AC000834,residence,kyc_origination,2026-04-01,T1,no 14 9th cross 1st main nr ganapathi temple nehru colony kaveripura 960102,no 14 9th cross 1st main nr ganapathi temple nehru colony kaveripura,960102,True,True,False,True,False
AD001075,AC000835,residence,kyc_origination,2026-04-01,T1,h no 315 5th cross 2nd main anche kacheri hattira vinayaka nagar kaveripura 960104,h no 315 5th cross 2nd main anche kacheri hattira vinayaka nagar kaveripura,960104,True,True,False,True,False
AD001076,AC000836,residence,kyc_origination,2026-04-01,T3,468 1 bhd medical store hmt colony navanagara east 980301,468 1 bhd medical store hmt colony navanagara east,980301,True,True,False,False,False
AD001077,AC000836,permanent_native,kyc_origination,2026-04-01,OUT,village rampura kalan taluk a district south 997126,village rampura kalan taluk a district south,997126,True,False,False,False,True
AD001078,AC000837,residence,kyc_origination,2026-04-01,T3,house 464 d block 1st road nr post office palm meadows navanagara eat 980301,house 464 d block 1st road nr post office palm meadows navanagara eat,980301,True,True,False,True,False
AD001079,AC000838,residence,kyc_origination,2026-04-01,T3,no 63 blk f rd 4 opposite government schhool navanagara east 980301,no 63 blk f rd 4 opposite government schhool navanagara east,980301,True,True,False,True,False
AD001080,AC000838,office,kyc_origination,2026-04-01,T3,blk f rd 2 silvr oak layout navanagara east 980301,blk f rd 2 silvr oak layout navanagara east,980301,True,True,False,False,False
AD001081,AC000839,residence,kyc_origination,2026-04-01,T2,gali 5 nr pharmacy indira colony devgarh nagar 970202,gali 5 nr pharmacy indira colony devgarh nagar,970202,True,True,False,False,False
AD001082,AC000839,office,kyc_origination,2026-04-01,T2,no 449 gali no 2 ward 8 ration ki dukaan ke paas azad mohalla devgarh nagr 90203,no 449 gali no 2 ward 8 ration ki dukaan ke paas azad mohalla devgarh nagr 90203,,False,False,False,True,False
AD001083,AC000840,residence,kyc_origination,2026-04-01,T1,no 207 sai residency 3rd crs 5th main gandhi ngr kaveripura 960102,no 207 sai residency 3rd crs 5th main gandhi ngr kaveripura,960102,True,True,False,True,False
AD001084,AC000841,residence,kyc_origination,2026-04-01,T2,86 1 gali no 8 sarkari school ke paas subhash nagar devgarh nagar 970201,86 1 gali no 8 sarkari school ke paas subhash nagar devgarh nagar,970201,True,True,False,True,False
AD001085,AC000841,permanent_native,kyc_origination,2026-04-01,OUT,village chikkapura tehsil d district south 995307,village chikkapura tehsil d district south,995307,True,False,False,False,True
AD001086,AC000842,residence,kyc_origination,2026-04-01,T3,f block 4th rd hmt colny navanagara east 980301,f block 4th rd hmt colny navanagara east,980301,True,True,False,False,False
AD001087,AC000843,residence,kyc_origination,2026-04-01,T1,10 11th cross 7th main close to ganapathi temple kaveripura 960102,10 11th cross 7th main close to ganapathi temple kaveripura,960102,True,True,False,False,False
AD001088,AC000844,residence,kyc_origination,2026-04-01,T1,122 5th cross 6th main nr milk dairy kuvempu layout kaveripura 960102,122 5th cross 6th main nr milk dairy kuvempu layout kaveripura,960102,True,True,False,False,False
AD001089,AC000845,residence,kyc_origination,2026-04-01,T3,nr milk dairy lakeveiw phase 2 navanagara east 980303,nr milk dairy lakeveiw phase 2 navanagara east,980303,True,True,False,False,False
AD001090,AC000845,permanent_native,kyc_origination,2026-04-01,OUT,village hosahalli taluk a district west 994378,village hosahalli taluk a district west,994378,True,False,False,False,True
AD001091,AC000846,residence,kyc_origination,2026-04-01,T3,320 blk e rd 4 near petrol bunk green park lyt navanagara east 980301,320 blk e rd 4 near petrol bunk green park lyt navanagara east,980301,True,True,False,False,False
AD001092,AC000847,residence,kyc_origination,2026-04-01,T3,h no 3226 blk d rd 3 sarkari school ke paas hmt colony navanagara east 980301,h no 3226 blk d rd 3 sarkari school ke paas hmt colony navanagara east,980301,True,True,False,True,False
AD001093,AC000847,permanent_native,kyc_origination,2026-04-01,OUT,village kodihalli taluk a district west 997281,village kodihalli taluk a district west,997281,True,False,False,False,True
AD001094,AC000848,residence,kyc_origination,2026-04-01,T3,h no 436 blk e rd 4 nr overhead tannk railway colny navanagara east 980304,h no 436 blk e rd 4 nr overhead tannk railway colny navanagara east,980304,True,True,False,True,False
AD001095,AC000849,residence,kyc_origination,2026-04-01,T2,gali 1 ward 1 devgarh nagar 970202,gali 1 ward 1 devgarh nagar,970202,True,True,False,False,False
AD001096,AC000850,residence,kyc_origination,2026-04-01,T1,5th cross 6th main masidi hattira vidya ngr kaveripura 960102,5th cross 6th main masidi hattira vidya ngr kaveripura,960102,True,True,False,False,False
AD001097,AC000850,office,kyc_origination,2026-04-01,T1,house 152 6th x 4th main close to hanuman temple siddeshwara colony kaveripura 960102,house 152 6th x 4th main close to hanuman temple siddeshwara colony kaveripura,960102,True,True,False,True,False
AD001098,AC000851,residence,kyc_origination,2026-04-01,T3,blk a rd 4 navanagara east 980302,blk a rd 4 navanagara east,980302,True,True,False,False,False
AD001099,AC000852,residence,kyc_origination,2026-04-01,T3,h no 230 blk e rd 5 near bus stand green park layout navanagara east 980301,h no 230 blk e rd 5 near bus stand green park layout navanagara east,980301,True,True,False,True,False
AD001100,AC000853,residence,kyc_origination,2026-04-01,T1,164 2 ಹಾಲಿನ ಡೈರಿ ಎದುರು nehru colony kaveripura 960102,164 2 ಹಾಲಿನ ಡೈರಿ ಎದುರು nehru colony kaveripura,960102,True,True,True,False,False
AD001101,AC000854,residence,kyc_origination,2026-04-01,T1,200 12th cross 7th main nr governemnt school gandhi nagar kaveripura 960102,200 12th cross 7th main nr governemnt school gandhi nagar kaveripura,960102,True,True,False,False,False
AD001102,AC000855,residence,kyc_origination,2026-04-01,T2,sai residency gali no 2 ward 8 near bus stand azad mohalla devgarh nagar 970203,sai residency gali no 2 ward 8 near bus stand azad mohalla devgarh nagar,970203,True,True,False,True,False
AD001103,AC000856,residence,kyc_origination,2026-04-01,T1,268 3 11th cross 8th main rd bus nildana hattira kaveripura,268 3 11th cross 8th main rd bus nildana hattira kaveripura,,False,False,False,False,False
AD001104,AC000856,office,kyc_origination,2026-04-01,T1,h no 114 7th cross 5th mn bhd ganesh temple kaveripura 960103,h no 114 7th cross 5th mn bhd ganesh temple kaveripura,960103,True,True,False,True,False
AD001105,AC000857,residence,kyc_origination,2026-04-01,T1,467 sri krishna nivas 6th cross 5th main ಆಂಜನೇಯ ದೇವಸ್ಥಾನ ಎದುರು nehru colony kaveripura 960102,467 sri krishna nivas 6th cross 5th main ಆಂಜನೇಯ ದೇವಸ್ಥಾನ ಎದುರು nehru colony kaveripura,960102,True,True,True,False,False
AD001106,AC000857,permanent_native,kyc_origination,2026-04-01,OUT,village devipur tehsil d district south 999863,village devipur tehsil d district south,999863,True,False,False,False,True
AD001107,AC000858,residence,kyc_origination,2026-04-01,T1,house 254 2nd x 4th main rd anjaneya swamy temple hattira kaveripura 960102,house 254 2nd x 4th main rd anjaneya swamy temple hattira kaveripura,960102,True,True,False,True,False
AD001108,AC000858,office,kyc_origination,2026-04-01,T1,no 120 9th cross 4th main close to govt schol anjaneya badavane kaveripura 960103,no 120 9th cross 4th main close to govt schol anjaneya badavane kaveripura,960103,True,True,False,True,False
AD001109,AC000859,residence,kyc_origination,2026-04-01,T3,sarkari shaale edhuru silver oak layout navanagara east 980301,sarkari shaale edhuru silver oak layout navanagara east,980301,True,True,False,False,False
AD001110,AC000860,residence,kyc_origination,2026-04-01,T1,23 7th cross 6th main hosa badavane kaveripura 960101,23 7th cross 6th main hosa badavane kaveripura,960101,True,True,False,False,False
AD001111,AC000860,permanent_native,kyc_origination,2026-04-01,OUT,village hosahalli tehsil d district south 996558,village hosahalli tehsil d district south,996558,True,False,False,False,True
AD001112,AC000861,residence,kyc_origination,2026-04-01,T3,237 blk f rd 2 ಗಣಪತಿ ದೇವಸ್ಥಾನ ಹತ್ತಿರ defence colony navanagara east 980301,237 blk f rd 2 ಗಣಪತಿ ದೇವಸ್ಥಾನ ಹತ್ತಿರ defence colony navanagara east,980301,True,True,True,False,False
AD001113,AC000861,office,kyc_origination,2026-04-01,T3,h no 81 e block 4th road close to bus stand teachers colony navanagara east 980302,h no 81 e block 4th road close to bus stand teachers colony navanagara east,980302,True,True,False,True,False
AD001114,AC000862,residence,kyc_origination,2026-04-01,T2,403 1 gali no 9 paani ki tanki ke pass krishna puri devgarh nagr 970202,403 1 gali no 9 paani ki tanki ke pass krishna puri devgarh nagr,970202,True,True,False,True,False
AD001115,AC000863,residence,kyc_origination,2026-04-01,T2,no 193 gali 12 beside hanuman temple ambedkar ngr devgarh nagar 970204,no 193 gali 12 beside hanuman temple ambedkar ngr devgarh nagar,970204,True,True,False,True,False
AD001116,AC000864,residence,kyc_origination,2026-04-01,T3,no 162 e blk 2nd rd close to post office palm meadows navanagara east 980302,no 162 e blk 2nd rd close to post office palm meadows navanagara east,980302,True,True,False,True,False
AD001117,AC000865,residence,kyc_origination,2026-04-01,T2,h no 262 गली नं 12 गणेश मंदिर के पास krishna puri devgarh ngar 970202,h no 262 गली नं 12 गणेश मंदिर के पास krishna puri devgarh ngar,970202,True,True,True,True,False
AD001118,AC000866,residence,kyc_origination,2026-04-01,T3,house 62 c blk 1st road railway colny navanagara east 980304,house 62 c blk 1st road railway colny navanagara east,980304,True,True,False,True,False
AD001119,AC000866,office,kyc_origination,2026-04-01,T3,lakshmi nilaya blk f rd 2 hanuman mandir ke paas lakeview phase 2 navaangara east 980303,lakshmi nilaya blk f rd 2 hanuman mandir ke paas lakeview phase 2 navaangara east,980303,True,True,False,False,False
AD001120,AC000867,residence,kyc_origination,2026-04-01,T3,31 2 b block 3rd rd nr hanuman temple green park layout navanagara east 980301,31 2 b block 3rd rd nr hanuman temple green park layout navanagara east,980301,True,True,False,False,False
AD001121,AC000868,residence,kyc_origination,2026-04-01,T3,blk e rd 5 opposite pds shop lakeview phase 2 navanagara east 908303,blk e rd 5 opposite pds shop lakeview phase 2 navanagara east,908303,True,False,False,False,False
AD001122,AC000869,residence,kyc_origination,2026-04-01,T3,blk d rd 5 opp community hall lakeview phase 2 navanagara east 980303,blk d rd 5 opp community hall lakeview phase 2 navanagara east,980303,True,True,False,False,False
AD001123,AC000870,residence,kyc_origination,2026-04-01,T3,h no 380 d block 6th rd silver oak layout navanagara east 980301,h no 380 d block 6th rd silver oak layout navanagara east,980301,True,True,False,True,False
AD001124,AC000871,residence,kyc_origination,2026-04-01,T2,गली नं 12 चर्च के पास patel nagr devgarh nagar 970202,गली नं 12 चर्च के पास patel nagr devgarh nagar,970202,True,True,True,False,False
AD001125,AC000872,residence,kyc_origination,2026-04-01,T2,no 31 gali 5 nr bus stop gandhi basti devgarh nagar 970201,no 31 gali 5 nr bus stop gandhi basti devgarh nagar,970201,True,True,False,True,False
AD001126,AC000872,office,kyc_origination,2026-04-01,T2,house 306 gali no 9 medical store ke paas nehru colony devgarh nagar 970203,house 306 gali no 9 medical store ke paas nehru colony devgarh nagar,970203,True,True,False,True,False
AD001127,AC000873,residence,kyc_origination,2026-04-01,T2,no 151 shivaji nagr devgarh nagr 970202,no 151 shivaji nagr devgarh nagr,970202,True,True,False,True,False
AD001128,AC000874,residence,kyc_origination,2026-04-01,T3,h no 27 lakshmi nilaya a blk 1st road nr ration shop teachers colony navanagara east 980302,h no 27 lakshmi nilaya a blk 1st road nr ration shop teachers colony navanagara east,980302,True,True,False,True,False
AD001129,AC000875,residence,kyc_origination,2026-04-01,T2,house 138 gali no 10 sarkari school ke paas ambedkar nagar devgarh nagr 970204,house 138 gali no 10 sarkari school ke paas ambedkar nagar devgarh nagr,970204,True,True,False,True,False
AD001130,AC000876,residence,kyc_origination,2026-04-01,T1,311 4th cross 7th main nr water tank basava ngr kaveripura 960101,311 4th cross 7th main nr water tank basava ngr kaveripura,960101,True,True,False,False,False
AD001131,AC000877,residence,kyc_origination,2026-04-01,T2,no 343 gali 12 opp kalyana mantapa patel nagar devgarh nagr 970202,no 343 gali 12 opp kalyana mantapa patel nagar devgarh nagr,970202,True,True,False,True,False
AD001132,AC000877,office,kyc_origination,2026-04-01,T2,house 96 gali 1 ration dukan ke bagal me krishna puri devgarh nagar 970202,house 96 gali 1 ration dukan ke bagal me krishna puri devgarh nagar,970202,True,True,False,True,False
AD001133,AC000878,residence,kyc_origination,2026-04-01,T2,nr govt school krishna puri devgarh nagar 970202,nr govt school krishna puri devgarh nagar,970202,True,True,False,False,False
AD001134,AC000878,office,kyc_origination,2026-04-01,T2,383 3 gali no 5 ward 5 dak ghar ke paas shivaji nagr devgarh ngr,383 3 gali no 5 ward 5 dak ghar ke paas shivaji nagr devgarh ngr,,False,False,False,True,False
AD001135,AC000879,residence,kyc_origination,2026-04-01,T2,house 210 गली नं 6 सरकारी स्कूल के पास ambedkar nagr devgarh nagar 970204,house 210 गली नं 6 सरकारी स्कूल के पास ambedkar nagr devgarh nagar,970204,True,True,True,True,False
AD001136,AC000880,residence,kyc_origination,2026-04-01,T2,sri krishna nivas gali 3 ward 2 nr children park indira col devgarh nagar 970202,sri krishna nivas gali 3 ward 2 nr children park indira col devgarh nagar,970202,True,True,False,False,False
AD001137,AC000880,office,kyc_origination,2026-04-01,T2,no 134 गली नं 5 दूध डेयरी के पास devgarh ngr 970204,no 134 गली नं 5 दूध डेयरी के पास devgarh ngr,970204,True,True,True,True,False
AD001138,AC000881,residence,kyc_origination,2026-04-01,T3,429 2 blk e rd 5 nr children park orchid enclave navanagara east 980301,429 2 blk e rd 5 nr children park orchid enclave navanagara east,980301,True,True,False,False,False
AD001139,AC000882,residence,kyc_origination,2026-04-01,T1,9th cross 8th main close to park kaveripura 960102,9th cross 8th main close to park kaveripura,960102,True,True,False,False,False
AD001140,AC000882,office,kyc_origination,2026-04-01,T1,h no 77 10th crs 6th main milk dairy hattira hosa badavane kaveripura 960101,h no 77 10th crs 6th main milk dairy hattira hosa badavane kaveripura,960101,True,True,False,True,False
AD001141,AC000883,residence,kyc_origination,2026-04-01,T3,h no 231 f block 1st rd ಪೆಟ್ರೋಲ್ ಬಂಕ್ ಹತ್ತಿರ orchid enclave navanagara east 9803001,h no 231 f block 1st rd ಪೆಟ್ರೋಲ್ ಬಂಕ್ ಹತ್ತಿರ orchid enclave navanagara east 9803001,,False,False,True,True,False
AD001142,AC000883,office,kyc_origination,2026-04-01,T3,d block 6th rd hmt colony navanagara east 980301,d block 6th rd hmt colony navanagara east,980301,True,True,False,False,False
AD001143,AC000884,residence,kyc_origination,2026-04-01,T3,no 109 blk f rd 6 near pds shop palm meadows navanagara east 980302,no 109 blk f rd 6 near pds shop palm meadows navanagara east,980302,True,True,False,True,False
AD001144,AC000885,residence,kyc_origination,2026-04-01,T1,351 7th crs 4th main church hattira hosa badavane kaveripura 960101,351 7th crs 4th main church hattira hosa badavane kaveripura,960101,True,True,False,False,False
AD001145,AC000886,residence,kyc_origination,2026-04-01,T1,13 3 5th cross 6th main anjaneya badavane kaveripura 960103,13 3 5th cross 6th main anjaneya badavane kaveripura,960103,True,True,False,False,False
AD001146,AC000887,residence,kyc_origination,2026-04-01,T3,no 122 nr mosque navanagara east,no 122 nr mosque navanagara east,,False,False,False,True,False
AD001147,AC000888,residence,kyc_origination,2026-04-01,T3,h no 242 blk e rd 1 next to bus stop navanagara east 980304,h no 242 blk e rd 1 next to bus stop navanagara east,980304,True,True,False,True,False
AD001148,AC000889,residence,kyc_origination,2026-04-01,T1,house 91 ashoka layout kaveripura 960104,house 91 ashoka layout kaveripura,960104,True,True,False,True,False
AD001149,AC000890,residence,kyc_origination,2026-04-01,T2,109 gali no 12 ward 11 patel nagar devgarh ngr 970204,109 gali no 12 ward 11 patel nagar devgarh ngr,970204,True,True,False,True,False
AD001150,AC000890,office,kyc_origination,2026-04-01,T2,gali no 2 ward 4 bagicha ke paas devgarh ngr 970203,gali no 2 ward 4 bagicha ke paas devgarh ngr,970203,True,True,False,True,False
AD001151,AC000891,residence,kyc_origination,2026-04-01,T1,202 behind bus stand gandhi nagr kaveripura 960102,202 behind bus stand gandhi nagr kaveripura,960102,True,True,False,False,False
AD001152,AC000892,residence,kyc_origination,2026-04-01,T2,gali no 12 near hanuman temple indira colony devgarh nagar 970202,gali no 12 near hanuman temple indira colony devgarh nagar,970202,True,True,False,True,False
AD001153,AC000892,office,kyc_origination,2026-04-01,T2,gali no 9 hanuman mandir ke passs devgarh nagar 970204,gali no 9 hanuman mandir ke passs devgarh nagar,970204,True,True,False,True,False
AD001154,AC000893,residence,kyc_origination,2026-04-01,T1,467 12th x 8th main petrol bunk hattira vinayaka ngr kaveripura 960104,467 12th x 8th main petrol bunk hattira vinayaka ngr kaveripura,960104,True,True,False,False,False
AD001155,AC000894,residence,kyc_origination,2026-04-01,T2,378 1 gali no 4 opp mosque gandhi basti devgarh nagar 970203,378 1 gali no 4 opp mosque gandhi basti devgarh nagar,970203,True,True,False,True,False
AD001156,AC000895,residence,kyc_origination,2026-04-01,T2,no 179 gali no 2 पार्क के पास inira colony devgarh nagar 970202,no 179 gali no 2 पार्क के पास inira colony devgarh nagar,970202,True,True,True,True,False
AD001157,AC000895,office,kyc_origination,2026-04-01,T2,290 1 gali no 6 ward 5 subhash ngr devgarh nagar 970201,290 1 gali no 6 ward 5 subhash ngr devgarh nagar,970201,True,True,False,True,False
AD001158,AC000896,residence,kyc_origination,2026-04-01,T2,house 123 gali no 5 ward 8 beside government school azad mohalla devgarh nagr,house 123 gali no 5 ward 8 beside government school azad mohalla devgarh nagr,,False,False,False,True,False
AD001159,AC000896,permanent_native,kyc_origination,2026-04-01,OUT,village kodihalli taluk a district north 994675,village kodihalli taluk a district north,994675,True,False,False,False,True
AD001160,AC000897,residence,kyc_origination,2026-04-01,T1,house 303 12th cross 6th main vinayaka nagar kaveripura 960104,house 303 12th cross 6th main vinayaka nagar kaveripura,960104,True,True,False,True,False
AD001161,AC000898,residence,kyc_origination,2026-04-01,T3,house 164 blk d rd 4 beside kalyna mantapa lakeview phase 2 navanagara east 980303,house 164 blk d rd 4 beside kalyna mantapa lakeview phase 2 navanagara east,980303,True,True,False,True,False
AD001162,AC000899,residence,kyc_origination,2026-04-01,T3,blk f rd 1 community hall ke pass orchid enclave navanagara east 980301,blk f rd 1 community hall ke pass orchid enclave navanagara east,980301,True,True,False,False,False
AD001163,AC000900,residence,kyc_origination,2026-04-01,T2,406 gali no 7 sarkari school ke pass subhash nagar devgarh nagar 970201,406 gali no 7 sarkari school ke pass subhash nagar devgarh nagar,970201,True,True,False,True,False
AD001164,AC000901,residence,kyc_origination,2026-04-01,T3,476 3 ಅಂಚೆ ಕಚೇರಿ ಹತ್ತಿರ hmt colony navanagara east 980301,476 3 ಅಂಚೆ ಕಚೇರಿ ಹತ್ತಿರ hmt colony navanagara east,980301,True,True,True,False,False
AD001165,AC000902,residence,kyc_origination,2026-04-01,T3,h no 142 blk c rd 3 surise enclave navanagara east 980304,h no 142 blk c rd 3 surise enclave navanagara east,980304,True,True,False,True,False
AD001166,AC000903,residence,kyc_origination,2026-04-01,T1,97 1 9th cross 7th main vinayaka nagar kaveripura 960104,97 1 9th cross 7th main vinayaka nagar kaveripura,960104,True,True,False,False,False
AD001167,AC000904,residence,kyc_origination,2026-04-01,T1,340 anjaneya gudi hattira kaveripura 960102,340 anjaneya gudi hattira kaveripura,960102,True,True,False,False,False
AD001168,AC000905,residence,kyc_origination,2026-04-01,T2,no 473 gali no 13 doodh dairy ke paas shastri ngr devgarh nagar 970201,no 473 gali no 13 doodh dairy ke paas shastri ngr devgarh nagar,970201,True,True,False,True,False
AD001169,AC000905,permanent_native,kyc_origination,2026-04-01,OUT,village bilagi taluk a district east 993859,village bilagi taluk a district east,993859,True,False,False,False,True
AD001170,AC000906,residence,kyc_origination,2026-04-01,T3,blk f rd 2 palm meadows navanagara east 980302,blk f rd 2 palm meadows navanagara east,980302,True,True,False,False,False
AD001171,AC000907,residence,kyc_origination,2026-04-01,T3,house 97 blk b rd 2 petrol bunk hattira silver oak layt navanagara east 980301,house 97 blk b rd 2 petrol bunk hattira silver oak layt navanagara east,980301,True,True,False,True,False
AD001172,AC000908,residence,kyc_origination,2026-04-01,T1,house 376 9th cross 7th main rd ನ್ಯಾಯಬೆಲೆ ಅಂಗಡಿ ಹಿಂದೆ nehru colny kaveripura 960102,house 376 9th cross 7th main rd ನ್ಯಾಯಬೆಲೆ ಅಂಗಡಿ ಹಿಂದೆ nehru colny kaveripura,960102,True,True,True,True,False
AD001173,AC000908,office,kyc_origination,2026-04-01,T1,2nd cross 5th main vidya nagar kaveripura 960103,2nd cross 5th main vidya nagar kaveripura,960103,True,True,False,False,False
AD001174,AC000909,residence,kyc_origination,2026-04-01,T1,186 1 9th cross 2nd main close to ganesh temple nehru colony kaveripura 960102,186 1 9th cross 2nd main close to ganesh temple nehru colony kaveripura,960102,True,True,False,False,False
AD001175,AC000910,residence,kyc_origination,2026-04-01,T3,h no 142 e block 2nd road teachers colony navanagara east 980302,h no 142 e block 2nd road teachers colony navanagara east,980302,True,True,False,True,False
AD001176,AC000911,residence,kyc_origination,2026-04-01,T3,shanti kunj a block 2nd rd lakeview phase 2 navanagara east 980303,shanti kunj a block 2nd rd lakeview phase 2 navanagara east,980303,True,True,False,False,False
AD001177,AC000912,residence,kyc_origination,2026-04-01,T2,206 3 गली नं 6 ward 8 azad mohalla devgarh nagar 970203,206 3 गली नं 6 ward 8 azad mohalla devgarh nagar,970203,True,True,True,False,False
AD001178,AC000913,residence,kyc_origination,2026-04-01,T2,209 gali no 6 patel nagr devgarh nagar 970202,209 gali no 6 patel nagr devgarh nagar,970202,True,True,False,True,False
AD001179,AC000913,permanent_native,kyc_origination,2026-04-01,OUT,village bilagi tehsil c district south 997407,village bilagi tehsil c district south,997407,True,False,False,False,True
AD001180,AC000914,residence,kyc_origination,2026-04-01,T3,no 68 e blk 5th road unity nagr navanagara easst 98302,no 68 e blk 5th road unity nagr navanagara easst 98302,,False,False,False,True,False
AD001181,AC000914,office,kyc_origination,2026-04-01,T3,house 194 blk a rd 1 orchid enclave navanagara east 980301,house 194 blk a rd 1 orchid enclave navanagara east,980301,True,True,False,True,False
AD001182,AC000915,residence,kyc_origination,2026-04-01,T2,344 1 gali no 2 ward 7 near hanuman temple gandhi basti devgarh nagar 970203,344 1 gali no 2 ward 7 near hanuman temple gandhi basti devgarh nagar,970203,True,True,False,True,False
AD001183,AC000916,residence,kyc_origination,2026-04-01,T3,h no 19 e block 5th rd close to masjad lakeview phase 2 navanagara esat,h no 19 e block 5th rd close to masjad lakeview phase 2 navanagara esat,,False,False,False,True,False
AD001184,AC000917,residence,kyc_origination,2026-04-01,T3,354 a block 5th rd nr church teachers colny navanagara east 980302,354 a block 5th rd nr church teachers colny navanagara east,980302,True,True,False,False,False
AD001185,AC000917,permanent_native,kyc_origination,2026-04-01,OUT,village sundarpur taluk a district east 998961,village sundarpur taluk a district east,998961,True,False,False,False,True
AD001186,AC000918,residence,kyc_origination,2026-04-01,T1,house 228 9th cross 4th main nehru colony kaveripura,house 228 9th cross 4th main nehru colony kaveripura,,False,False,False,True,False
AD001187,AC000919,residence,kyc_origination,2026-04-01,T1,135 4th cross 6th main church ke pass kuvempu layout kaveripura 960104,135 4th cross 6th main church ke pass kuvempu layout kaveripura,960104,True,True,False,False,False
AD001188,AC000920,residence,kyc_origination,2026-04-01,T3,lakshmi nilaya lakeview phase 2 navanagara east 980303,lakshmi nilaya lakeview phase 2 navanagara east,980303,True,True,False,False,False
AD001189,AC000921,residence,kyc_origination,2026-04-01,T2,h ne 178 abedkar nagar devgarh nagar 970204,h ne 178 abedkar nagar devgarh nagar,970204,True,True,False,False,False
AD001190,AC000921,office,kyc_origination,2026-04-01,T2,no 204 gali no 11 opp church indira col devgarh nagar 970202,no 204 gali no 11 opp church indira col devgarh nagar,970202,True,True,False,True,False
AD001191,AC000922,residence,kyc_origination,2026-04-01,T1,4 12th x 5th main rd ಚರ್ಚ್ ಹಿಂದೆ anjaneya badavane kaveripura 960103,4 12th x 5th main rd ಚರ್ಚ್ ಹಿಂದೆ anjaneya badavane kaveripura,960103,True,True,True,False,False
AD001192,AC000922,office,kyc_origination,2026-04-01,T1,h no 35 10th cross 1st main ಮಸೀದಿ ಹಿಂದೆ basava nagar kaveripura 960101,h no 35 10th cross 1st main ಮಸೀದಿ ಹಿಂದೆ basava nagar kaveripura,960101,True,True,True,True,False
AD001193,AC000923,residence,kyc_origination,2026-04-01,T2,house 182 gali 12 nr pds shop ambedkar nagar devgarh nagr 970204,house 182 gali 12 nr pds shop ambedkar nagar devgarh nagr,970204,True,True,False,True,False
AD001194,AC000924,residence,kyc_origination,2026-04-01,T2,gali no 6 hanuman mandir ke peeche krishna puri devgarh nagar 970202,gali no 6 hanuman mandir ke peeche krishna puri devgarh nagar,970202,True,True,False,True,False
AD001195,AC000924,office,kyc_origination,2026-04-01,T2,h no 423 gali no 10 डाकघर के पास krishna puri devgarh nagar 970202,h no 423 gali no 10 डाकघर के पास krishna puri devgarh nagar,970202,True,True,True,True,False
AD001196,AC000925,residence,kyc_origination,2026-04-01,T1,no 225 9th cross 2nd main rd nr community halll kaveripura 960102,no 225 9th cross 2nd main rd nr community halll kaveripura,960102,True,True,False,True,False
AD001197,AC000926,residence,kyc_origination,2026-04-01,T3,a block 4th road ration ki dukaan ke paas teachers colony navanagara east 980302,a block 4th road ration ki dukaan ke paas teachers colony navanagara east,980302,True,True,False,False,False
AD001198,AC000927,residence,kyc_origination,2026-04-01,T1,10th cross 4th main next to pds shop kaveripura 960102,10th cross 4th main next to pds shop kaveripura,960102,True,True,False,False,False
AD001199,AC000928,residence,kyc_origination,2026-04-01,T1,house 53 4th crs 5th main nr medical store kuvempu lyt kaveripura 960102,house 53 4th crs 5th main nr medical store kuvempu lyt kaveripura,960102,True,True,False,True,False
AD001200,AC000929,residence,kyc_origination,2026-04-01,T1,332 3 2nd cross 4th main close to bus stand vinayaka ngr kaveripura,332 3 2nd cross 4th main close to bus stand vinayaka ngr kaveripura,,False,False,False,False,False
AD001201,AC000929,office,kyc_origination,2026-04-01,T1,89 1 12th cross 4th main gandhi nagar kaveripura 960102,89 1 12th cross 4th main gandhi nagar kaveripura,960102,True,True,False,False,False
AD001202,AC000930,residence,kyc_origination,2026-04-01,T2,190 1 nr hanuman temple subhash nagar devgarh nagar 970201,190 1 nr hanuman temple subhash nagar devgarh nagar,970201,True,True,False,False,False
AD001203,AC000931,residence,kyc_origination,2026-04-01,T3,house 463 blk b rd 5 orchid enclaev navanagara eat 980301,house 463 blk b rd 5 orchid enclaev navanagara eat,980301,True,True,False,True,False
AD001204,AC000932,residence,kyc_origination,2026-04-01,T2,353 3 jama masjid ke bagal me patel nagar devgarh nagar 970202,353 3 jama masjid ke bagal me patel nagar devgarh nagar,970202,True,True,False,False,False
AD001205,AC000932,permanent_native,kyc_origination,2026-04-01,OUT,village kodihalli tehsil c district west 994618,village kodihalli tehsil c district west,994618,True,False,False,False,True
AD001206,AC000933,residence,kyc_origination,2026-04-01,T3,h no 63 f blk 4th road close to govt school silver oak layout navanagara east 980301,h no 63 f blk 4th road close to govt school silver oak layout navanagara east,980301,True,True,False,True,False
AD001207,AC000934,residence,kyc_origination,2026-04-01,T1,5th cross 4th main close to masjid vidya nagr kaveripura 960103,5th cross 4th main close to masjid vidya nagr kaveripura,960103,True,True,False,False,False
AD001208,AC000934,office,kyc_origination,2026-04-01,T1,no 452 ಮೆಡಿಕಲ್ ಶಾಪ್ ಹತ್ತಿರ siddeshwara colony kaveripura 960104,no 452 ಮೆಡಿಕಲ್ ಶಾಪ್ ಹತ್ತಿರ siddeshwara colony kaveripura,960104,True,True,True,True,False
AD001209,AC000935,residence,kyc_origination,2026-04-01,T2,473 3 gali 8 near govt school ambedkar nagar devgarh nagar,473 3 gali 8 near govt school ambedkar nagar devgarh nagar,,False,False,False,False,False
AD001210,AC000936,residence,kyc_origination,2026-04-01,T2,111 3 gali no 9 close to petrol bunk azad mohalla devgarh nagar 970203,111 3 gali no 9 close to petrol bunk azad mohalla devgarh nagar,970203,True,True,False,True,False
AD001211,AC000936,office,kyc_origination,2026-04-01,T2,house 299 gali no 12 near masjid indira colony devgarh nagr 970202,house 299 gali no 12 near masjid indira colony devgarh nagr,970202,True,True,False,True,False
AD001212,AC000937,residence,kyc_origination,2026-04-01,T3,h no 250 close to milk dairy navanagara east 980304,h no 250 close to milk dairy navanagara east,980304,True,True,False,True,False
AD001213,AC000937,office,kyc_origination,2026-04-01,T3,463 3 om sai complex blk c rd 5 royal gardens navanagara east 980304,463 3 om sai complex blk c rd 5 royal gardens navanagara east,980304,True,True,False,False,False
AD001214,AC000938,residence,kyc_origination,2026-04-01,T2,गली नं 5 राशन की दुकान के पास krishna puri devgarh nagr 970202,गली नं 5 राशन की दुकान के पास krishna puri devgarh nagr,970202,True,True,True,False,False
AD001215,AC000938,office,kyc_origination,2026-04-01,T2,h no 363 ram nagr devgarh nagar 970203,h no 363 ram nagr devgarh nagar,970203,True,True,False,True,False
AD001216,AC000939,residence,kyc_origination,2026-04-01,T3,470 3 e block 2nd road nr government school teachers colony navanagara east 980302,470 3 e block 2nd road nr government school teachers colony navanagara east,980302,True,True,False,False,False
AD001217,AC000939,office,kyc_origination,2026-04-01,T3,blk c rd 3 opp pharmacy teachers colny navanagara east 980302,blk c rd 3 opp pharmacy teachers colny navanagara east,980302,True,True,False,False,False
AD001218,AC000940,residence,kyc_origination,2026-04-01,T1,196 3rd x 8th mn ashoka layout kaveripura 960104,196 3rd x 8th mn ashoka layout kaveripura,960104,True,True,False,False,False
AD001219,AC000941,residence,kyc_origination,2026-04-01,T3,b block 5th road nr mosque unity nagar navanagara east 980301,b block 5th road nr mosque unity nagar navanagara east,980301,True,True,False,False,False
AD001220,AC000942,residence,kyc_origination,2026-04-01,T3,no 411 blk f rd 5 railway colony navanagara east 980304,no 411 blk f rd 5 railway colony navanagara east,980304,True,True,False,True,False
AD001221,AC000942,permanent_native,kyc_origination,2026-04-01,OUT,village rampura kalan taluk b district south 991143,village rampura kalan taluk b district south,991143,True,False,False,False,True
AD001222,AC000943,residence,kyc_origination,2026-04-01,T3,251 lakeview phase 2 navanagara east 980303,251 lakeview phase 2 navanagara east,980303,True,True,False,False,False
AD001223,AC000944,residence,kyc_origination,2026-04-01,T1,no 383 7th crs 4th mn gandhi nagar kaveripura 960102,no 383 7th crs 4th mn gandhi nagar kaveripura,960102,True,True,False,True,False
AD001224,AC000945,residence,kyc_origination,2026-04-01,T1,h no 284 3rd cross 8th main nehru colony kaveripura 960102,h no 284 3rd cross 8th main nehru colony kaveripura,960102,True,True,False,True,False
AD001225,AC000946,residence,kyc_origination,2026-04-01,T2,150 gali no 6 behind ganapathi temple shivaji ngr devgarh nagar 970202,150 gali no 6 behind ganapathi temple shivaji ngr devgarh nagar,970202,True,True,False,True,False
AD001226,AC000947,residence,kyc_origination,2026-04-01,T2,gali no 1 ward 6 devgarh nagar 970203,gali no 1 ward 6 devgarh nagar,970203,True,True,False,True,False
AD001227,AC000948,residence,kyc_origination,2026-04-01,T3,h no 147 blk e rd 6 palm meadows navanagara east 980302,h no 147 blk e rd 6 palm meadows navanagara east,980302,True,True,False,True,False
AD001228,AC000949,residence,kyc_origination,2026-04-01,T1,290 3rd cross 6th main rd basava nagar kaveripura,290 3rd cross 6th main rd basava nagar kaveripura,,False,False,False,False,False
AD001229,AC000949,permanent_native,kyc_origination,2026-04-01,OUT,village kodihalli taluk a district north 996377,village kodihalli taluk a district north,996377,True,False,False,False,True
AD001230,AC000950,residence,kyc_origination,2026-04-01,T2,h no 35 gali no 10 ward 7 मेडिकल स्टोर के पास gandhi basti devgarh ngr 970203,h no 35 gali no 10 ward 7 मेडिकल स्टोर के पास gandhi basti devgarh ngr,970203,True,True,True,True,False
AD001231,AC000951,residence,kyc_origination,2026-04-01,T1,h no 404 9th cross 6th main nehru colony kaveripura 960102,h no 404 9th cross 6th main nehru colony kaveripura,960102,True,True,False,True,False
AD001232,AC000952,residence,kyc_origination,2026-04-01,T2,house 321 shivaji nagar devgarh nagr 970202,house 321 shivaji nagar devgarh nagr,970202,True,True,False,True,False
AD001233,AC000953,residence,kyc_origination,2026-04-01,T1,428 2 masidi hattira nehru colny kaveripura 960103,428 2 masidi hattira nehru colny kaveripura,960103,True,True,False,False,False
AD001234,AC000954,residence,kyc_origination,2026-04-01,T3,17 blk d rd 1 close to church navanagaar east 980301,17 blk d rd 1 close to church navanagaar east,980301,True,True,False,False,False
AD001235,AC000954,permanent_native,kyc_origination,2026-04-01,OUT,village chikkapura tehsil d district south 993495,village chikkapura tehsil d district south,993495,True,False,False,False,True
AD001236,AC000955,residence,kyc_origination,2026-04-01,T1,no 377 ಹಾಲಿನ ಡೈರಿ ಎದುರು nehru col kaveripura 960102,no 377 ಹಾಲಿನ ಡೈರಿ ಎದುರು nehru col kaveripura,960102,True,True,True,True,False
AD001237,AC000956,residence,kyc_origination,2026-04-01,T2,gali 11 dak ghar ke paas nehru col devgarh nagar 970203,gali 11 dak ghar ke paas nehru col devgarh nagar,970203,True,True,False,False,False
AD001238,AC000956,office,kyc_origination,2026-04-01,T2,h no 24 gail no 7 church ke pass patel nagar devgarh ngr 970202,h no 24 gail no 7 church ke pass patel nagar devgarh ngr,970202,True,True,False,True,False
AD001239,AC000957,residence,kyc_origination,2026-04-01,T1,no 90 7th cross 7th main near church basava nagr kaveripura 960101,no 90 7th cross 7th main near church basava nagr kaveripura,960101,True,True,False,True,False
AD001240,AC000958,residence,kyc_origination,2026-04-01,T1,h no 298 5th cross 6th main kuvempu layt kaveripura 960102,h no 298 5th cross 6th main kuvempu layt kaveripura,960102,True,True,False,True,False
AD001241,AC000958,permanent_native,kyc_origination,2026-04-01,OUT,village chikkapura tehsil d district west 995686,village chikkapura tehsil d district west,995686,True,False,False,False,True
AD001242,AC000959,residence,kyc_origination,2026-04-01,T2,no 257 gali no 9 nr hanuman temple patel nagar devgarh nagar 970202,no 257 gali no 9 nr hanuman temple patel nagar devgarh nagar,970202,True,True,False,True,False
AD001243,AC000960,residence,kyc_origination,2026-04-01,T1,4th crs 6th main anjaneya swamy temple hattira nehru colony kaveripura 960102,4th crs 6th main anjaneya swamy temple hattira nehru colony kaveripura,960102,True,True,False,False,False
AD001244,AC000960,permanent_native,kyc_origination,2026-04-01,OUT,village hosahalli tehsil c district east 994844,village hosahalli tehsil c district east,994844,True,False,False,False,True
AD001245,AC000961,residence,kyc_origination,2026-04-01,T2,gali 7 ward 11 next to church patel ngr devgarh ngr 970202,gali 7 ward 11 next to church patel ngr devgarh ngr,970202,True,True,False,False,False
AD001246,AC000962,residence,kyc_origination,2026-04-01,T1,no 471 nehru col kaveripura 960102,no 471 nehru col kaveripura,960102,True,True,False,True,False
AD001247,AC000963,residence,kyc_origination,2026-04-01,T3,h no 279 blk e rd 3 nr post office hmt colony navanagara east 980301,h no 279 blk e rd 3 nr post office hmt colony navanagara east,980301,True,True,False,True,False
AD001248,AC000964,residence,kyc_origination,2026-04-01,T3,h no 219 c block 6th road ಮೆಡಿಕಲ್ ಶಾಪ್ ಹತ್ತಿರ teachers colny navanagara east 980302,h no 219 c block 6th road ಮೆಡಿಕಲ್ ಶಾಪ್ ಹತ್ತಿರ teachers colny navanagara east,980302,True,True,True,True,False
AD001249,AC000965,residence,kyc_origination,2026-04-01,T3,house 237 blk a rd 1 near govt school teachers colny navanagara east 980302,house 237 blk a rd 1 near govt school teachers colny navanagara east,980302,True,True,False,True,False
AD001250,AC000966,residence,kyc_origination,2026-04-01,T1,lakshmi nilaya 9th cross 7th main nr pds shop nehru colony kaveripura 960102,lakshmi nilaya 9th cross 7th main nr pds shop nehru colony kaveripura,960102,True,True,False,False,False
AD001251,AC000966,office,kyc_origination,2026-04-01,T1,470 gannapathi gudi hattira ashoka layout kaveripura 960104,470 gannapathi gudi hattira ashoka layout kaveripura,960104,True,True,False,False,False
AD001252,AC000967,residence,kyc_origination,2026-04-01,T2,gali no 4 dawai ki dukaan ke paas shivaji nagr devgarh nagar 970201,gali no 4 dawai ki dukaan ke paas shivaji nagr devgarh nagar,970201,True,True,False,True,False
AD001253,AC000968,residence,kyc_origination,2026-04-01,T1,no 191 4th cr 6th main rd nr church basava nagar kaveripura,no 191 4th cr 6th main rd nr church basava nagar kaveripura,,False,False,False,True,False
AD001254,AC000969,residence,kyc_origination,2026-04-01,T2,474 1 gali no 4 nr bus stop nehru colony devgarh nagar 970203,474 1 gali no 4 nr bus stop nehru colony devgarh nagar,970203,True,True,False,True,False
AD001255,AC000970,residence,kyc_origination,2026-04-01,T3,house 63 blk e rd 5 lakeview phase 2 navanagara east 980303,house 63 blk e rd 5 lakeview phase 2 navanagara east,980303,True,True,False,True,False
AD001256,AC000971,residence,kyc_origination,2026-04-01,T1,close to bus stand nehru col kaveripura 960102,close to bus stand nehru col kaveripura,960102,True,True,False,False,False
AD001257,AC000972,residence,kyc_origination,2026-04-01,T1,12th cross 3rd main vidya nagar kaveripura 960103,12th cross 3rd main vidya nagar kaveripura,960103,True,True,False,False,False
AD001258,AC000972,office,kyc_origination,2026-04-01,T1,h no 128 1st cross 1st mn anjaneya badavane kaveripura 960103,h no 128 1st cross 1st mn anjaneya badavane kaveripura,960103,True,True,False,True,False
AD001259,AC000973,residence,kyc_origination,2026-04-01,T3,241 nr post office silver oak layout navanagara east 980304,241 nr post office silver oak layout navanagara east,980304,True,True,False,False,False
AD001260,AC000974,residence,kyc_origination,2026-04-01,T2,house 427 हनुमान मंदिर के पास krishna puri devgarh nagr,house 427 हनुमान मंदिर के पास krishna puri devgarh nagr,,False,False,True,True,False
AD001261,AC000975,residence,kyc_origination,2026-04-01,T1,h no 363 5th x 1st main ಚರ್ಚ್ ಹಿಂದೆ gandhi nagar kaveripura 960102,h no 363 5th x 1st main ಚರ್ಚ್ ಹಿಂದೆ gandhi nagar kaveripura,960102,True,True,True,True,False
AD001262,AC000976,residence,kyc_origination,2026-04-01,T3,h no 459 d block 1st road near ganesh temple hmt colony navanagara east 980301,h no 459 d block 1st road near ganesh temple hmt colony navanagara east,980301,True,True,False,True,False
AD001263,AC000977,residence,kyc_origination,2026-04-01,T1,370 lakshmi nilaya 12th cross 2nd main neerina tank hattira shanthi nagar kaveripura 960101,370 lakshmi nilaya 12th cross 2nd main neerina tank hattira shanthi nagar kaveripura,960101,True,True,False,False,False
AD001264,AC000978,residence,kyc_origination,2026-04-01,T3,h no 378 blk e rd 6 close to park defence colny navanagara east 980301,h no 378 blk e rd 6 close to park defence colny navanagara east,980301,True,True,False,True,False
AD001265,AC000978,office,kyc_origination,2026-04-01,T3,d block 6th road defence colony navanagara east 980301,d block 6th road defence colony navanagara east,980301,True,True,False,False,False
AD001266,AC000979,residence,kyc_origination,2026-04-01,T1,no 53 1st cr 2nd main nr mosque nehru colny kaveripura 960102,no 53 1st cr 2nd main nr mosque nehru colny kaveripura,960102,True,True,False,True,False
AD001267,AC000979,office,kyc_origination,2026-04-01,T1,11h crs 4th main near overhead tank shanthi nagar kaveripura 960101,11h crs 4th main near overhead tank shanthi nagar kaveripura,960101,True,True,False,False,False
AD001268,AC000980,residence,kyc_origination,2026-04-01,T3,no 148 blk c rd 6 hmt colony navanagara east 980301,no 148 blk c rd 6 hmt colony navanagara east,980301,True,True,False,True,False
AD001269,AC000981,residence,kyc_origination,2026-04-01,T3,houe 218 silver oak layout navanagara east 980301,houe 218 silver oak layout navanagara east,980301,True,True,False,False,False
AD001270,AC000982,residence,kyc_origination,2026-04-01,T1,7th cross 1st main hosa badavane kaveripura 960101,7th cross 1st main hosa badavane kaveripura,960101,True,True,False,False,False
AD001271,AC000982,office,kyc_origination,2026-04-01,T1,no 196 12th cross 4th main ganapathi gudi hattira nehru colony kaveripura,no 196 12th cross 4th main ganapathi gudi hattira nehru colony kaveripura,,False,False,False,True,False
AD001272,AC000983,residence,kyc_origination,2026-04-01,T3,house 437 a block 4th rd haalina dairy hattiraa palm meadows navanagara east 980302,house 437 a block 4th rd haalina dairy hattiraa palm meadows navanagara east,980302,True,True,False,True,False
AD001273,AC000984,residence,kyc_origination,2026-04-01,T1,279 3 4th cross 1st man close to mosque nehru colony kaveripura 960102,279 3 4th cross 1st man close to mosque nehru colony kaveripura,960102,True,True,False,False,False
AD001274,AC000985,residence,kyc_origination,2026-04-01,T3,114 d blk 2nd road opposite government school teachers col navanagara east 980302,114 d blk 2nd road opposite government school teachers col navanagara east,980302,True,True,False,False,False
AD001275,AC000986,residence,kyc_origination,2026-04-01,T3,h no 44 e block 4th rd paani ki tanki ke paas silver oak layout navanagara east 980301,h no 44 e block 4th rd paani ki tanki ke paas silver oak layout navanagara east,980301,True,True,False,True,False
AD001276,AC000987,residence,kyc_origination,2026-04-01,T1,siddeshwara colony kaveripura 960102,siddeshwara colony kaveripura,960102,True,True,False,False,False
AD001277,AC000988,residence,kyc_origination,2026-04-01,T2,gali no 7 paani ki taanki ke pass krishna puri devgarh nagr,gali no 7 paani ki taanki ke pass krishna puri devgarh nagr,,False,False,False,True,False
AD001278,AC000989,residence,kyc_origination,2026-04-01,T1,2nd crs 8th main anjaneya badavane kaveripura 960103,2nd crs 8th main anjaneya badavane kaveripura,960103,True,True,False,False,False
AD001279,AC000990,residence,kyc_origination,2026-04-01,T2,28 gali no 5 sarkari school ke pass indira colony devgarh nagar 970202,28 gali no 5 sarkari school ke pass indira colony devgarh nagar,970202,True,True,False,True,False
AD001280,AC000991,residence,kyc_origination,2026-04-01,T2,gali no 10 ward 8 azad mohalla devgarh ngr 970203,gali no 10 ward 8 azad mohalla devgarh ngr,970203,True,True,False,True,False
AD001281,AC000992,residence,kyc_origination,2026-04-01,T2,h no 268 gali no 3 near milk booth patel nagar devgarh nagar 970202,h no 268 gali no 3 near milk booth patel nagar devgarh nagar,970202,True,True,False,True,False
AD001282,AC000993,residence,kyc_origination,2026-04-01,T3,444 a blk 5th road close to ration shop teachers colny navanagara east 980302,444 a blk 5th road close to ration shop teachers colny navanagara east,980302,True,True,False,False,False
AD001283,AC000994,residence,kyc_origination,2026-04-01,T3,f blk 4th road nr hanuman temlpe lakeview phase 2 navanagara east 980304,f blk 4th road nr hanuman temlpe lakeview phase 2 navanagara east,980304,True,True,False,False,False
AD001284,AC000995,residence,kyc_origination,2026-04-01,T2,gali no 6 patel ngr devgarh nagr 970202,gali no 6 patel ngr devgarh nagr,970202,True,True,False,True,False
AD001285,AC000995,office,kyc_origination,2026-04-01,T2,gali no 3 ambedkar ngr devgarh nagr 970204,gali no 3 ambedkar ngr devgarh nagr,970204,True,True,False,True,False
AD001286,AC000996,residence,kyc_origination,2026-04-01,T3,443 c blk 3rd road unity nagar navanagara east 980304,443 c blk 3rd road unity nagar navanagara east,980304,True,True,False,False,False
AD001287,AC000996,office,kyc_origination,2026-04-01,T3,h no 179 blk f rd 3 green park layt navanagara east 980301,h no 179 blk f rd 3 green park layt navanagara east,980301,True,True,False,True,False
AD001288,AC000997,residence,kyc_origination,2026-04-01,T1,4th cross 4th main behind church kuvempu layt kaveripura 960102,4th cross 4th main behind church kuvempu layt kaveripura,960102,True,True,False,False,False
AD001289,AC000998,residence,kyc_origination,2026-04-01,T3,house 6 annapoorna nilaya f blk 4th road close to hanuman temple lakeview phase 2 navanagara east 98003,house 6 annapoorna nilaya f blk 4th road close to hanuman temple lakeview phase 2 navanagara east 98003,,False,False,False,True,False
AD001290,AC000999,residence,kyc_origination,2026-04-01,T3,b block 5th road teachers colony navanagara east 980302,b block 5th road teachers colony navanagara east,980302,True,True,False,False,False
AD001291,AC001000,residence,kyc_origination,2026-04-01,T3,e block 2nd rd near govt school teachers col navanagra east 980302,e block 2nd rd near govt school teachers col navanagra east,980302,True,True,False,False,False
AD001292,AC001000,permanent_native,kyc_origination,2026-04-01,OUT,village hosahalli taluk a district west 998827,village hosahalli taluk a district west,998827,True,False,False,False,True
AD001293,AC001001,residence,kyc_origination,2026-04-01,T3,232 2 green view apts d block 6th rd hmt colony navanagara east 980301,232 2 green view apts d block 6th rd hmt colony navanagara east,980301,True,True,False,False,False
AD001294,AC001002,residence,kyc_origination,2026-04-01,T1,house 286 3rd cross 5th main close to hanuman temple kaveripura 960102,house 286 3rd cross 5th main close to hanuman temple kaveripura,960102,True,True,False,True,False
AD001295,AC001003,residence,kyc_origination,2026-04-01,T1,gandhi nagar kaveripura 960102,gandhi nagar kaveripura,960102,True,True,False,False,False
AD001296,AC001004,residence,kyc_origination,2026-04-01,T2,gali 7 close to medicals nehru colony devgarh ngr 970203,gali 7 close to medicals nehru colony devgarh ngr,970203,True,True,False,False,False
AD001297,AC001004,office,kyc_origination,2026-04-01,T2,house 371 gali no 5 ration ki dukaan ke pass ram nagar devgarh nagar 970203,house 371 gali no 5 ration ki dukaan ke pass ram nagar devgarh nagar,970203,True,True,False,True,False
AD001298,AC001005,residence,kyc_origination,2026-04-01,T1,8th cross 6th main rd beside church basava nagar kaveripura 960101,8th cross 6th main rd beside church basava nagar kaveripura,960101,True,True,False,False,False
AD001299,AC001005,office,kyc_origination,2026-04-01,T1,6th x 4th main church hindhe hosa badavane kaveripura,6th x 4th main church hindhe hosa badavane kaveripura,,False,False,False,False,False
AD001300,AC001006,residence,kyc_origination,2026-04-01,T2,h no 64 gali 4 behind pharmacy patel nagar devgarh nagar 970202,h no 64 gali 4 behind pharmacy patel nagar devgarh nagar,970202,True,True,False,True,False
AD001301,AC001007,residence,kyc_origination,2026-04-01,T2,h no 396 gali no 4 dak ghar ke peeche subhash nagar devgarh nagr 970201,h no 396 gali no 4 dak ghar ke peeche subhash nagar devgarh nagr,970201,True,True,False,True,False
AD001302,AC001008,residence,kyc_origination,2026-04-01,T3,blk a rd 5 bhd pharmacy green park layout navanagara east 980301,blk a rd 5 bhd pharmacy green park layout navanagara east,980301,True,True,False,False,False
AD001303,AC001009,residence,kyc_origination,2026-04-01,T2,293 2 ganga apartments gali no 7 krishna puri devgarh nagar 970202,293 2 ganga apartments gali no 7 krishna puri devgarh nagar,970202,True,True,False,True,False
AD001304,AC001010,residence,kyc_origination,2026-04-01,T1,142 1 2nd cross 5th main opp ration shop shanthi nagar kaveripura 960101,142 1 2nd cross 5th main opp ration shop shanthi nagar kaveripura,960101,True,True,False,False,False
AD001305,AC001011,residence,kyc_origination,2026-04-01,T3,h no 227 bhd church silver oak layout navanagara east 980301,h no 227 bhd church silver oak layout navanagara east,980301,True,True,False,True,False
AD001306,AC001012,residence,kyc_origination,2026-04-01,T1,nr community hall nehru colny kaveripura 960102,nr community hall nehru colny kaveripura,960102,True,True,False,False,False
AD001307,AC001012,office,kyc_origination,2026-04-01,T1,h no 220 6th cross 1st main adj water tank gandhi nagar kaveripura 960102,h no 220 6th cross 1st main adj water tank gandhi nagar kaveripura,960102,True,True,False,True,False
AD001308,AC001013,residence,kyc_origination,2026-04-01,T1,7th cross 7th main nr bus stop vinayaka nagar kaveripura 960104,7th cross 7th main nr bus stop vinayaka nagar kaveripura,960104,True,True,False,False,False
AD001309,AC001013,office,kyc_origination,2026-04-01,T1,house 15 close to bus stop hosa badavane kaveripura 960101,house 15 close to bus stop hosa badavane kaveripura,960101,True,True,False,True,False
AD001310,AC001014,residence,kyc_origination,2026-04-01,T2,375 gali no 10 ram ngr devgarh nagar 970203,375 gali no 10 ram ngr devgarh nagar,970203,True,True,False,True,False
AD001311,AC001015,residence,kyc_origination,2026-04-01,T1,330 3rd cross 1st main rd opp ganesh temple vinayaka ngr kaveripura 960104,330 3rd cross 1st main rd opp ganesh temple vinayaka ngr kaveripura,960104,True,True,False,False,False
AD001312,AC001016,residence,kyc_origination,2026-04-01,T1,231 1 5th cross 8th main near government school vinayaka ngr kaveripura 960104,231 1 5th cross 8th main near government school vinayaka ngr kaveripura,960104,True,True,False,False,False
AD001313,AC001016,permanent_native,kyc_origination,2026-04-01,OUT,village bilagi tehsil d district north 994649,village bilagi tehsil d district north,994649,True,False,False,False,True
AD001314,AC001017,residence,kyc_origination,2026-04-01,T1,house 258 6th cr 8th mn vinayaka ngr kaveripura 960104,house 258 6th cr 8th mn vinayaka ngr kaveripura,960104,True,True,False,True,False
AD001315,AC001018,residence,kyc_origination,2026-04-01,T1,nr ganapathi temple vinayaka nagar kaveripura 960104,nr ganapathi temple vinayaka nagar kaveripura,960104,True,True,False,False,False
AD001316,AC001018,office,kyc_origination,2026-04-01,T1,45 3 11th cross 6th main ಚರ್ಚ್ ಹತ್ತಿರ basava nagr kaveripuura 960101,45 3 11th cross 6th main ಚರ್ಚ್ ಹತ್ತಿರ basava nagr kaveripuura,960101,True,True,True,False,False
AD001317,AC001019,residence,kyc_origination,2026-04-01,T1,house 202 4th cross 4th main siddeshwara colony kaveripura,house 202 4th cross 4th main siddeshwara colony kaveripura,,False,False,False,True,False
AD001318,AC001020,residence,kyc_origination,2026-04-01,T2,house 119 gali no 7 nr bus stand indira col devgarh nagar 970202,house 119 gali no 7 nr bus stand indira col devgarh nagar,970202,True,True,False,True,False
AD001319,AC001021,residence,kyc_origination,2026-04-01,T3,h no 118 near children park sunrise enclave navanagara east 980304,h no 118 near children park sunrise enclave navanagara east,980304,True,True,False,True,False
AD001320,AC001022,residence,kyc_origination,2026-04-01,T1,no 229 9th cross 4th main rd nr church hosa badavane kaveripura 960101,no 229 9th cross 4th main rd nr church hosa badavane kaveripura,960101,True,True,False,True,False
AD001321,AC001022,office,kyc_origination,2026-04-01,T1,7th cross 6th mn nyayabee angadi hattira anjaneya badavane kaveripura 960103,7th cross 6th mn nyayabee angadi hattira anjaneya badavane kaveripura,960103,True,True,False,False,False
AD001322,AC001023,residence,kyc_origination,2026-04-01,T1,3rd x 1st main kaveripura 960103,3rd x 1st main kaveripura,960103,True,True,False,False,False
AD001323,AC001024,residence,kyc_origination,2026-04-01,T1,10th x 4th main beside ration shop gandhi nogar kaveripura 960102,10th x 4th main beside ration shop gandhi nogar kaveripura,960102,True,True,False,False,False
AD001324,AC001025,residence,kyc_origination,2026-04-01,T1,9th cross 2nd main nehru colony kaveripura 960102,9th cross 2nd main nehru colony kaveripura,960102,True,True,False,False,False
AD001325,AC001026,residence,kyc_origination,2026-04-01,T2,gali no 4 subhash nagar devagrh nagar 970201,gali no 4 subhash nagar devagrh nagar,970201,True,True,False,True,False
AD001326,AC001026,office,kyc_origination,2026-04-01,T2,gali no 1 ward 7 bhd park gandhi basti devgarh nagar 970202,gali no 1 ward 7 bhd park gandhi basti devgarh nagar,970202,True,True,False,True,False
AD001327,AC001027,residence,kyc_origination,2026-04-01,T2,h no 441 shanti kunj gali 10 ward 11 patel nagar devgarh nagar 970202,h no 441 shanti kunj gali 10 ward 11 patel nagar devgarh nagar,970202,True,True,False,True,False
AD001328,AC001027,office,kyc_origination,2026-04-01,T2,h no 464 doodh dairy ke paas azad mohalla devgarh nagr 970204,h no 464 doodh dairy ke paas azad mohalla devgarh nagr,970204,True,True,False,True,False
AD001329,AC001028,residence,kyc_origination,2026-04-01,T3,blk e rd 3 nr masjid teachers col navangara east 980302,blk e rd 3 nr masjid teachers col navangara east,980302,True,True,False,False,False
AD001330,AC001029,residence,kyc_origination,2026-04-01,T3,blk c rd 4 near church green park layout navanagara east 980301,blk c rd 4 near church green park layout navanagara east,980301,True,True,False,False,False
AD001331,AC001030,residence,kyc_origination,2026-04-01,T3,134 blk d rd 5 silver oak layout navanagara east 980301,134 blk d rd 5 silver oak layout navanagara east,980301,True,True,False,False,False
AD001332,AC001030,office,kyc_origination,2026-04-01,T3,103 d block 6th rd nr masjid defence colony navanagara est 980301,103 d block 6th rd nr masjid defence colony navanagara est,980301,True,True,False,False,False
AD001333,AC001031,residence,kyc_origination,2026-04-01,T3,close to petrol pump silver oak layout navanagara east,close to petrol pump silver oak layout navanagara east,,False,False,False,False,False
AD001334,AC001031,permanent_native,kyc_origination,2026-04-01,OUT,village kodihalli tehsil c district east 992153,village kodihalli tehsil c district east,992153,True,False,False,False,True
AD001335,AC001032,residence,kyc_origination,2026-04-01,T1,3rd cross 3rd main rd neerina tank hattira shanthi ngr kaveripura 960101,3rd cross 3rd main rd neerina tank hattira shanthi ngr kaveripura,960101,True,True,False,False,False
AD001336,AC001033,residence,kyc_origination,2026-04-01,T1,no 176 11th cr 2nd mn nr ganesh temple nehru collony kaveriprua 960102,no 176 11th cr 2nd mn nr ganesh temple nehru collony kaveriprua,960102,True,True,False,True,False
AD001337,AC001034,residence,kyc_origination,2026-04-01,T2,मस्जिद के बगल में patel nagar devgarh nagar 970202,मस्जिद के बगल में patel nagar devgarh nagar,970202,True,True,True,False,False
AD001338,AC001035,residence,kyc_origination,2026-04-01,T2,house 453 gali 8 tanki ke piche nehru colony devgarh nagar 970203,house 453 gali 8 tanki ke piche nehru colony devgarh nagar,970203,True,True,False,True,False
AD001339,AC001036,residence,kyc_origination,2026-04-01,T2,h no 86 gali no 7 close to park azad mohalla devgarh nagra 970203,h no 86 gali no 7 close to park azad mohalla devgarh nagra,970203,True,True,False,True,False
AD001340,AC001037,residence,kyc_origination,2026-04-01,T2,383 gali no 6 near bus stop azad mohalla devgarh nagar 970203,383 gali no 6 near bus stop azad mohalla devgarh nagar,970203,True,True,False,True,False
AD001341,AC001038,residence,kyc_origination,2026-04-01,T3,431 2 lakshmi nilaya blk f rd 6 defence colny navanagara east 980301,431 2 lakshmi nilaya blk f rd 6 defence colny navanagara east,980301,True,True,False,False,False
AD001342,AC001039,residence,kyc_origination,2026-04-01,T2,house 28 gali 3 nehru colny devgarh nagar 970203,house 28 gali 3 nehru colny devgarh nagar,970203,True,True,False,True,False
AD001343,AC001040,residence,kyc_origination,2026-04-01,T3,h no 339 blk d rd 1 nr govt school hmt colony navanagara east 980301,h no 339 blk d rd 1 nr govt school hmt colony navanagara east,980301,True,True,False,True,False
AD001344,AC001041,residence,kyc_origination,2026-04-01,T3,no 96 e block 5th road opp children park defence colony navanagara east 980301,no 96 e block 5th road opp children park defence colony navanagara east,980301,True,True,False,True,False
AD001345,AC001041,permanent_native,kyc_origination,2026-04-01,OUT,village mallapura taluk a district north 997550,village mallapura taluk a district north,997550,True,False,False,False,True
AD001346,AC001042,residence,kyc_origination,2026-04-01,T2,house 161 gali no 2 मस्जिद के पास shastri nagr devgarh ngr 970201,house 161 gali no 2 मस्जिद के पास shastri nagr devgarh ngr,970201,True,True,True,True,False
AD001347,AC001042,permanent_native,kyc_origination,2026-04-01,OUT,village rampura kalan taluk a district east 998926,village rampura kalan taluk a district east,998926,True,False,False,False,True
AD001348,AC001043,residence,kyc_origination,2026-04-01,T1,232 1st cr 6th main milk dairy hattira nehru col kaveripura 960102,232 1st cr 6th main milk dairy hattira nehru col kaveripura,960102,True,True,False,False,False
AD001349,AC001044,residence,kyc_origination,2026-04-01,T1,1st x 4th main rd anjaneya gudi hinde siddeshwara colony kaveripura,1st x 4th main rd anjaneya gudi hinde siddeshwara colony kaveripura,,False,False,False,False,False
AD001350,AC001045,residence,kyc_origination,2026-04-01,T2,346 near medical store subhash nagr devgarh ngr,346 near medical store subhash nagr devgarh ngr,,False,False,False,False,False
AD001351,AC001045,office,kyc_origination,2026-04-01,T2,house 309 hanuman mandir ke paas indira colony devgarh nagar 970202,house 309 hanuman mandir ke paas indira colony devgarh nagar,970202,True,True,False,True,False
AD001352,AC001046,residence,kyc_origination,2026-04-01,T3,96 c block 6th road nr bus stop lakeview phase 2 navanagara east,96 c block 6th road nr bus stop lakeview phase 2 navanagara east,,False,False,False,False,False
AD001353,AC001047,residence,kyc_origination,2026-04-01,T3,d block 3rd road nr hanuman temple lakeview phaes 2 navanagara east 980032,d block 3rd road nr hanuman temple lakeview phaes 2 navanagara east,980032,True,False,False,False,False
AD001354,AC001048,residence,kyc_origination,2026-04-01,T1,317 3 9th cross 5th main rd b h bus stop nehru col kaveripura 960101,317 3 9th cross 5th main rd b h bus stop nehru col kaveripura,960101,True,True,False,False,False
AD001355,AC001049,residence,kyc_origination,2026-04-01,T1,12th cross 4th main rd next to govt school gandhi nagr kaveripura 960102,12th cross 4th main rd next to govt school gandhi nagr kaveripura,960102,True,True,False,False,False
AD001356,AC001049,office,kyc_origination,2026-04-01,T1,2nd cross 4th mn anjaneya badavane kaveripura 960102,2nd cross 4th mn anjaneya badavane kaveripura,960102,True,True,False,False,False
AD001357,AC001050,residence,kyc_origination,2026-04-01,T3,house 176 sunrise enclave navanagara east 980302,house 176 sunrise enclave navanagara east,980302,True,True,False,True,False
AD001358,AC001050,permanent_native,kyc_origination,2026-04-01,OUT,village chikkapura taluk b district west 992726,village chikkapura taluk b district west,992726,True,False,False,False,True
AD001359,AC001051,residence,kyc_origination,2026-04-01,T2,h no 107 near medicals ambedkar nagar devgarh nagar,h no 107 near medicals ambedkar nagar devgarh nagar,,False,False,False,True,False
AD001360,AC001052,residence,kyc_origination,2026-04-01,T3,blk c rd 3 near ganesh temple railway colony navanagara east 980304,blk c rd 3 near ganesh temple railway colony navanagara east,980304,True,True,False,False,False
AD001361,AC001053,residence,kyc_origination,2026-04-01,T1,11th cross 8th main rd close to church basava nagar kaveripura 960101,11th cross 8th main rd close to church basava nagar kaveripura,960101,True,True,False,False,False
AD001362,AC001054,residence,kyc_origination,2026-04-01,T1,12h cross 2nd main nr pharmacy kaveripura 960104,12h cross 2nd main nr pharmacy kaveripura,960104,True,True,False,False,False
AD001363,AC001055,residence,kyc_origination,2026-04-01,T1,h no 457 green view apts bus nildana hattira nehru colony kaveripura 960102,h no 457 green view apts bus nildana hattira nehru colony kaveripura,960102,True,True,False,True,False
AD001364,AC001056,residence,kyc_origination,2026-04-01,T1,h no 222 4th x 5th main b h hanuman temple nehru colony kaveripura 960102,h no 222 4th x 5th main b h hanuman temple nehru colony kaveripura,960102,True,True,False,True,False
AD001365,AC001057,residence,kyc_origination,2026-04-01,T2,गली नं 10 ward 10 गणेश मंदिर के पीछे devgarh nagar 970202,गली नं 10 ward 10 गणेश मंदिर के पीछे devgarh nagar,970202,True,True,True,False,False
AD001366,AC001058,residence,kyc_origination,2026-04-01,T1,232 2 9th cross 1st main ಹಾಲಿನ ಡೈರಿ ಪಕ್ಕ siddeshwara colony kaveripura 960102,232 2 9th cross 1st main ಹಾಲಿನ ಡೈರಿ ಪಕ್ಕ siddeshwara colony kaveripura,960102,True,True,True,False,False
AD001367,AC001058,office,kyc_origination,2026-04-01,T1,136 2 12th x 8th main anjaneya badavane kaveripura 960103,136 2 12th x 8th main anjaneya badavane kaveripura,960103,True,True,False,False,False
AD001368,AC001059,residence,kyc_origination,2026-04-01,T2,gail no 8 azad mohalla devgarh nagr 970203,gail no 8 azad mohalla devgarh nagr,970203,True,True,False,True,False
AD001369,AC001060,residence,kyc_origination,2026-04-01,T3,house 179 blk f rd 2 paani ki tanki ke bagal me hmt col navanagara east 980302,house 179 blk f rd 2 paani ki tanki ke bagal me hmt col navanagara east,980302,True,True,False,True,False
AD001370,AC001061,residence,kyc_origination,2026-04-01,T1,94 12th cross 5th main nr bus stand kaveripura 960103,94 12th cross 5th main nr bus stand kaveripura,960103,True,True,False,False,False
AD001371,AC001062,residence,kyc_origination,2026-04-01,T3,no 228 blk a rd 1 silver oak layout navanagara east 980301,no 228 blk a rd 1 silver oak layout navanagara east,980301,True,True,False,True,False
AD001372,AC001063,residence,kyc_origination,2026-04-01,T1,451 2 4th cross 7th main rd near hanuman temple nehru colony kaveripura 960102,451 2 4th cross 7th main rd near hanuman temple nehru colony kaveripura,960102,True,True,False,False,False
AD001373,AC001064,residence,kyc_origination,2026-04-01,T2,house 289 गली नं 1 ward 4 पार्क के पास ram nagar devgarh nagar 970203,house 289 गली नं 1 ward 4 पार्क के पास ram nagar devgarh nagar,970203,True,True,True,True,False
AD001374,AC001065,residence,kyc_origination,2026-04-01,T1,218 hanumn mandir ke piche siddeshwara colony kaveripura 960102,218 hanumn mandir ke piche siddeshwara colony kaveripura,960102,True,True,False,False,False
AD001375,AC001065,office,kyc_origination,2026-04-01,T1,no 455 ganapathi gudi hinde vinayaka nagar kaveripura 960104,no 455 ganapathi gudi hinde vinayaka nagar kaveripura,960104,True,True,False,True,False
AD001376,AC001066,residence,kyc_origination,2026-04-01,T3,279 blk b rd 1 nr mosque hmt colony navanagara east 980301,279 blk b rd 1 nr mosque hmt colony navanagara east,980301,True,True,False,False,False
AD001377,AC001066,office,kyc_origination,2026-04-01,T3,h no 237 blk a rd 3 close to government school teachers colony navanagara east 980302,h no 237 blk a rd 3 close to government school teachers colony navanagara east,980302,True,True,False,True,False
AD001378,AC001067,residence,kyc_origination,2026-04-01,T1,close to ganesh temple siddeshwara colony kaveripura 960102,close to ganesh temple siddeshwara colony kaveripura,960102,True,True,False,False,False
AD001379,AC001067,permanent_native,kyc_origination,2026-04-01,OUT,village bilagi tehsil d district west 992982,village bilagi tehsil d district west,992982,True,False,False,False,True
AD001380,AC001068,residence,kyc_origination,2026-04-01,T2,no 360 गली नं 9 ward 11 चर्च के पीछे patel nagr devgarh nagar 970202,no 360 गली नं 9 ward 11 चर्च के पीछे patel nagr devgarh nagar,970202,True,True,True,True,False
AD001381,AC001068,office,kyc_origination,2026-04-01,T2,no 25 gali no 1 park ke samne indira colony devgarh nagr 970202,no 25 gali no 1 park ke samne indira colony devgarh nagr,970202,True,True,False,True,False
AD001382,AC001069,residence,kyc_origination,2026-04-01,T3,no 453 park ke pass orchid enclave navanagara east 980301,no 453 park ke pass orchid enclave navanagara east,980301,True,True,False,True,False
AD001383,AC001070,residence,kyc_origination,2026-04-01,T1,7th cross 5th min kaveripura 960102,7th cross 5th min kaveripura,960102,True,True,False,False,False
AD001384,AC001071,residence,kyc_origination,2026-04-01,T3,144 ganga apartments blk b rd 5 church ke paas silver oak lyt navanagara east 980301,144 ganga apartments blk b rd 5 church ke paas silver oak lyt navanagara east,980301,True,True,False,False,False
AD001385,AC001071,office,kyc_origination,2026-04-01,T3,461 f block 4th road community hall ke bagal mein unity nagar navanagara east 980302,461 f block 4th road community hall ke bagal mein unity nagar navanagara east,980302,True,True,False,False,False
AD001386,AC001072,residence,kyc_origination,2026-04-01,T3,no 446 blk e rd 3 close to masjid orchid enclave navanagara east 980301,no 446 blk e rd 3 close to masjid orchid enclave navanagara east,980301,True,True,False,True,False
AD001387,AC001073,residence,kyc_origination,2026-04-01,T1,248 1 bus nildana hatitra nehru col kaveripura 960102,248 1 bus nildana hatitra nehru col kaveripura,960102,True,True,False,False,False
AD001388,AC001073,office,kyc_origination,2026-04-01,T1,h no 436 2nd cross 8th mn kaveripura 960102,h no 436 2nd cross 8th mn kaveripura,960102,True,True,False,True,False
AD001389,AC001074,residence,kyc_origination,2026-04-01,T1,328 6th cross 6th main anjaneya badavane kaveripura 960103,328 6th cross 6th main anjaneya badavane kaveripura,960103,True,True,False,False,False
AD001390,AC001075,residence,kyc_origination,2026-04-01,T3,137 d blk 5th road orchid enclave navanagara east 980301,137 d blk 5th road orchid enclave navanagara east,980301,True,True,False,False,False
AD001391,AC001076,residence,kyc_origination,2026-04-01,T3,156 blk e rd 5 opp govt school silver oak layt navanagara east,156 blk e rd 5 opp govt school silver oak layt navanagara east,,False,False,False,False,False
AD001392,AC001076,office,kyc_origination,2026-04-01,T3,104 blk f rd 4 close to ganesh temple green park layout navanagara east,104 blk f rd 4 close to ganesh temple green park layout navanagara east,,False,False,False,False,False
AD001393,AC001077,residence,kyc_origination,2026-04-01,T1,7th x 3rd main ashoka lyt kaveripura 960104,7th x 3rd main ashoka lyt kaveripura,960104,True,True,False,False,False
AD001394,AC001078,residence,kyc_origination,2026-04-01,T3,h no 138 blk a rd 1 behind milk booth palm meadows navanagara east 980302,h no 138 blk a rd 1 behind milk booth palm meadows navanagara east,980302,True,True,False,True,False
AD001395,AC001079,residence,kyc_origination,2026-04-01,T3,no 102 c blk 1st road medical store ke paas teachers colony navanagara east 980302,no 102 c blk 1st road medical store ke paas teachers colony navanagara east,980302,True,True,False,True,False
AD001396,AC001079,office,kyc_origination,2026-04-01,T3,h no 450 blk d rd 2 orchid enclave navanagara east 980301,h no 450 blk d rd 2 orchid enclave navanagara east,980301,True,True,False,True,False
AD001397,AC001080,residence,kyc_origination,2026-04-01,T2,57 3 om sai complex gali no 11 ganesh mandir ke bagal mein patel nagar devgarh nagar 970202,57 3 om sai complex gali no 11 ganesh mandir ke bagal mein patel nagar devgarh nagar,970202,True,True,False,True,False
AD001398,AC001080,permanent_native,kyc_origination,2026-04-01,OUT,village hosahalli taluk a district east 991761,village hosahalli taluk a district east,991761,True,False,False,False,True
AD001399,AC001081,residence,kyc_origination,2026-04-01,T3,blk f rd 5 railway col navanagara east 980304,blk f rd 5 railway col navanagara east,980304,True,True,False,False,False
AD001400,AC001081,permanent_native,kyc_origination,2026-04-01,OUT,village chikkapura taluk a district south 999344,village chikkapura taluk a district south,999344,True,False,False,False,True
AD001401,AC001082,residence,kyc_origination,2026-04-01,T1,49 1 3rd cross 3rd main rd close to pharmacy basava nagar kaveripura 960101,49 1 3rd cross 3rd main rd close to pharmacy basava nagar kaveripura,960101,True,True,False,False,False
AD001402,AC001082,office,kyc_origination,2026-04-01,T1,9th cross 2nd main opp kalyana mantapa anjaneya badavane kaveripura 960103,9th cross 2nd main opp kalyana mantapa anjaneya badavane kaveripura,960103,True,True,False,False,False
AD001403,AC001083,residence,kyc_origination,2026-04-01,T2,gali no 5 ration ki dukaan ke bagal me indira colony devgarh naagr 970202,gali no 5 ration ki dukaan ke bagal me indira colony devgarh naagr,970202,True,True,False,True,False
AD001404,AC001083,office,kyc_origination,2026-04-01,T2,gali 3 nr post office subhash ngr devgarh ngr 970201,gali 3 nr post office subhash ngr devgarh ngr,970201,True,True,False,False,False
AD001405,AC001084,residence,kyc_origination,2026-04-01,T3,202 f blk 1st rd green park layt navanagara east 980301,202 f blk 1st rd green park layt navanagara east,980301,True,True,False,False,False
AD001406,AC001084,office,kyc_origination,2026-04-01,T3,h no 88 e blk 6th rd near bus stand green park layout navanagara east 980301,h no 88 e blk 6th rd near bus stand green park layout navanagara east,980301,True,True,False,True,False
AD001407,AC001085,residence,kyc_origination,2026-04-01,T3,blk b rd 6 sunrise enclave navanagara east 980304,blk b rd 6 sunrise enclave navanagara east,980304,True,True,False,False,False
AD001408,AC001086,residence,kyc_origination,2026-04-01,T1,5th cross 6th main next to mosque vidya nagar kaveripura 960103,5th cross 6th main next to mosque vidya nagar kaveripura,960103,True,True,False,False,False
AD001409,AC001087,residence,kyc_origination,2026-04-01,T2,ganga apartments gali no 2 subhash nagar devgarh naagr 970201,ganga apartments gali no 2 subhash nagar devgarh naagr,970201,True,True,False,True,False
AD001410,AC001087,office,kyc_origination,2026-04-01,T2,190 green view apts gali 3 ward 3 ambedkar nagar devgarh nagar 970202,190 green view apts gali 3 ward 3 ambedkar nagar devgarh nagar,970202,True,True,False,False,False
AD001411,AC001088,residence,kyc_origination,2026-04-01,T1,6th x 6th main bhd hanuman temple nehru colony kaveripura 960102,6th x 6th main bhd hanuman temple nehru colony kaveripura,960102,True,True,False,False,False
AD001412,AC001089,residence,kyc_origination,2026-04-01,T1,no 161 4th cross 4th mn vinayaka ngr kaveripura 960104,no 161 4th cross 4th mn vinayaka ngr kaveripura,960104,True,True,False,True,False
AD001413,AC001089,office,kyc_origination,2026-04-01,T1,no 400 2nd cross 3rd main nr ganesh temple vinayaka nagar kaveripura 960104,no 400 2nd cross 3rd main nr ganesh temple vinayaka nagar kaveripura,960104,True,True,False,True,False
AD001414,AC001090,residence,kyc_origination,2026-04-01,T1,no 83 12th cross 3rd main b h govt school gandhi nagar kaveripura 960102,no 83 12th cross 3rd main b h govt school gandhi nagar kaveripura,960102,True,True,False,True,False
AD001415,AC001090,office,kyc_origination,2026-04-01,T1,h no 200 4th cros 8th main jama masjid ke pass vidya nagar kaveripura 960103,h no 200 4th cros 8th main jama masjid ke pass vidya nagar kaveripura,960103,True,True,False,True,False
AD001416,AC001091,residence,kyc_origination,2026-04-01,T1,161 12th cross 1st main rd close to ganapathi temple nehru colony kaveripura 960102,161 12th cross 1st main rd close to ganapathi temple nehru colony kaveripura,960102,True,True,False,False,False
AD001417,AC001092,residence,kyc_origination,2026-04-01,T2,233 gali no 1 near children park indira colony devgarh ngr,233 gali no 1 near children park indira colony devgarh ngr,,False,False,False,True,False
AD001418,AC001092,permanent_native,kyc_origination,2026-04-01,OUT,village kodihalli tehsil d district south 991193,village kodihalli tehsil d district south,991193,True,False,False,False,True
AD001419,AC001093,residence,kyc_origination,2026-04-01,T1,1st cross 7th mn kaveripura 960102,1st cross 7th mn kaveripura,960102,True,True,False,False,False
AD001420,AC001093,office,kyc_origination,2026-04-01,T1,h no 356 11th cross 5th mn ganapathi gudi hattira shanthi nagar kaveripura 960101,h no 356 11th cross 5th mn ganapathi gudi hattira shanthi nagar kaveripura,960101,True,True,False,True,False
AD001421,AC001094,residence,kyc_origination,2026-04-01,T3,blk b rd 5 silver oak layout navanagara east 980301,blk b rd 5 silver oak layout navanagara east,980301,True,True,False,False,False
AD001422,AC001095,residence,kyc_origination,2026-04-01,T3,house 113 f block 4th rd lakeview phase 2 navanagara east 980303,house 113 f block 4th rd lakeview phase 2 navanagara east,980303,True,True,False,True,False
AD001423,AC001095,permanent_native,kyc_origination,2026-04-01,OUT,village hosahalli taluk a district east 998020,village hosahalli taluk a district east,998020,True,False,False,False,True
AD001424,AC001096,residence,kyc_origination,2026-04-01,T2,h no 254 gali no 3 ward 8 sarkari school ke paas azad mohalla devgarh nagar 970203,h no 254 gali no 3 ward 8 sarkari school ke paas azad mohalla devgarh nagar,970203,True,True,False,True,False
AD001425,AC001096,office,kyc_origination,2026-04-01,T2,gali 3 ward 1 हनुमान मंदिर के पास shivaji nagar devgarh nagar 970202,gali 3 ward 1 हनुमान मंदिर के पास shivaji nagar devgarh nagar,970202,True,True,True,False,False
AD001426,AC001097,residence,kyc_origination,2026-04-01,T1,house 435 9th cross 8th main kaveripura 960104,house 435 9th cross 8th main kaveripura,960104,True,True,False,True,False
AD001427,AC001098,residence,kyc_origination,2026-04-01,T3,a block 6th road close to church teachers col navanagara east 980302,a block 6th road close to church teachers col navanagara east,980302,True,True,False,False,False
AD001428,AC001099,residence,kyc_origination,2026-04-01,T1,163 1st cross 4th main rd post office eduru vinayaka nagar kaveropura 960104,163 1st cross 4th main rd post office eduru vinayaka nagar kaveropura,960104,True,True,False,False,False
AD001429,AC001099,permanent_native,kyc_origination,2026-04-01,OUT,village rampura kalan tehsil d district south 993161,village rampura kalan tehsil d district south,993161,True,False,False,False,True
AD001430,AC001100,residence,kyc_origination,2026-04-01,T2,house 449 ganga apartments gali no 12 ward 8 bus adda ke paas azad mohalla devgarh nagar 970203,house 449 ganga apartments gali no 12 ward 8 bus adda ke paas azad mohalla devgarh nagar,970203,True,True,False,True,False
AD001431,AC001101,residence,kyc_origination,2026-04-01,T1,2nd crs 6th main nr hanuman temple kuvempu lyt kaveripura 960102,2nd crs 6th main nr hanuman temple kuvempu lyt kaveripura,960102,True,True,False,False,False
AD001432,AC001102,residence,kyc_origination,2026-04-01,T3,66 3 blk e rd 3 orchid enclave navanagara east 980301,66 3 blk e rd 3 orchid enclave navanagara east,980301,True,True,False,False,False
AD001433,AC001103,residence,kyc_origination,2026-04-01,T1,2 2 3rd crs 5th main anjaneya swamy temple hattira nehru colony kaveripura 960102,2 2 3rd crs 5th main anjaneya swamy temple hattira nehru colony kaveripura,960102,True,True,False,False,False
AD001434,AC001104,residence,kyc_origination,2026-04-01,T3,d block 3rd road teachers col navanagara east 980302,d block 3rd road teachers col navanagara east,980302,True,True,False,False,False
AD001435,AC001104,office,kyc_origination,2026-04-01,T3,no 350 blk c rd 5 opp petrol pump sunrise enclave navanagara east 980303,no 350 blk c rd 5 opp petrol pump sunrise enclave navanagara east,980303,True,True,False,True,False
AD001436,AC001105,residence,kyc_origination,2026-04-01,T3,39 1 c blk 3rd road nr mosque raiwlay colny navanagara east,39 1 c blk 3rd road nr mosque raiwlay colny navanagara east,,False,False,False,False,False
AD001437,AC001106,residence,kyc_origination,2026-04-01,T3,no 173 masjid ke samne silver oak layout navanagara east 980301,no 173 masjid ke samne silver oak layout navanagara east,980301,True,True,False,True,False
AD001438,AC001107,residence,kyc_origination,2026-04-01,T3,no 12 a blk 2nd road railway colny navanagara east 980304,no 12 a blk 2nd road railway colny navanagara east,980304,True,True,False,True,False
AD001439,AC001108,residence,kyc_origination,2026-04-01,T3,blk b rd 5 orchid enclave navanagara east 980301,blk b rd 5 orchid enclave navanagara east,980301,True,True,False,False,False
AD001440,AC001108,office,kyc_origination,2026-04-01,T3,437 blk d rd 6 hmt colony navanagara east 980301,437 blk d rd 6 hmt colony navanagara east,980301,True,True,False,False,False
AD001441,AC001109,residence,kyc_origination,2026-04-01,T3,hno 110 a blk 4th rd lakeview phase 2 navanagara east 980303,hno 110 a blk 4th rd lakeview phase 2 navanagara east,980303,True,True,False,False,False
AD001442,AC001110,residence,kyc_origination,2026-04-01,T1,no 187 opp milk booth kaveripura 960102,no 187 opp milk booth kaveripura,960102,True,True,False,True,False
AD001443,AC001111,residence,kyc_origination,2026-04-01,T3,nr hanuman temple orchid enclave navanagara east 980301,nr hanuman temple orchid enclave navanagara east,980301,True,True,False,False,False
AD001444,AC001112,residence,kyc_origination,2026-04-01,T1,no 147 kuvempu layout kaveripura 960102,no 147 kuvempu layout kaveripura,960102,True,True,False,True,False
AD001445,AC001113,residence,kyc_origination,2026-04-01,T2,gandhi basti devgarh nagar,gandhi basti devgarh nagar,,False,False,False,False,False
AD001446,AC001113,office,kyc_origination,2026-04-01,T2,no 322 gali no 1 ward 11 close to medicals devgarh nagar 970202,no 322 gali no 1 ward 11 close to medicals devgarh nagar,970202,True,True,False,True,False
AD001447,AC001114,residence,kyc_origination,2026-04-01,T2,145 1 gali no 4 ward 5 doodh dairy ke pass subhash nagar devgarh nagar 970201,145 1 gali no 4 ward 5 doodh dairy ke pass subhash nagar devgarh nagar,970201,True,True,False,True,False
AD001448,AC001115,residence,kyc_origination,2026-04-01,T3,no 254 b block 6th road opp church silver oak layout navanagara east 980301,no 254 b block 6th road opp church silver oak layout navanagara east,980301,True,True,False,True,False
AD001449,AC001116,residence,kyc_origination,2026-04-01,T1,363 3 3rd x 4th main samudaya bhavana hattira kaveripura 960102,363 3 3rd x 4th main samudaya bhavana hattira kaveripura,960102,True,True,False,False,False
AD001450,AC001117,residence,kyc_origination,2026-04-01,T2,ganga apartments gali no 8 krishna puri devgarh nagar 9702002,ganga apartments gali no 8 krishna puri devgarh nagar 9702002,,False,False,False,True,False
AD001451,AC001118,residence,kyc_origination,2026-04-01,T2,no 197 gali 5 pots office ke pass shastri nagar devgarh nagar 970201,no 197 gali 5 pots office ke pass shastri nagar devgarh nagar,970201,True,True,False,True,False
AD001452,AC001118,permanent_native,kyc_origination,2026-04-01,OUT,village chikkapura taluk a district west 999767,village chikkapura taluk a district west,999767,True,False,False,False,True
AD001453,AC001119,residence,kyc_origination,2026-04-01,T3,blk d rd 1 near petrol bunk railway colony navanagara east,blk d rd 1 near petrol bunk railway colony navanagara east,,False,False,False,False,False
AD001454,AC001120,residence,kyc_origination,2026-04-01,T1,265 2 12th cross 6th mai n nr church basava nagar kaveripura 960101,265 2 12th cross 6th mai n nr church basava nagar kaveripura,960101,True,True,False,False,False
AD001455,AC001121,residence,kyc_origination,2026-04-01,T2,gali 7 doodh dairy ke bagal me patel nagar devgarh nagar 970202,gali 7 doodh dairy ke bagal me patel nagar devgarh nagar,970202,True,True,False,False,False
AD001456,AC001121,office,kyc_origination,2026-04-01,T2,house 90 सरकारी स्कूल के पास indira colony devgarh nagar 970202,house 90 सरकारी स्कूल के पास indira colony devgarh nagar,970202,True,True,True,True,False
AD001457,AC001122,residence,kyc_origination,2026-04-01,T2,gali no 6 opposite government school azad mohalla devgarh nagar 970203,gali no 6 opposite government school azad mohalla devgarh nagar,970203,True,True,False,True,False
AD001458,AC001123,residence,kyc_origination,2026-04-01,T3,43 1 blk a rd 5 close to medical store silver oak layt navanagara east 980301,43 1 blk a rd 5 close to medical store silver oak layt navanagara east,980301,True,True,False,False,False
AD001459,AC001123,permanent_native,kyc_origination,2026-04-01,OUT,village bilagi tehsil c district west 994563,village bilagi tehsil c district west,994563,True,False,False,False,True
AD001460,AC001124,residence,kyc_origination,2026-04-01,T3,blk e rd 3 nr post office palm meadows navanagraa east 980302,blk e rd 3 nr post office palm meadows navanagraa east,980302,True,True,False,False,False
AD001461,AC001125,residence,kyc_origination,2026-04-01,T1,h no 439 3rd cross 5th main nr post office vinayaka nagar kaveripura,h no 439 3rd cross 5th main nr post office vinayaka nagar kaveripura,,False,False,False,True,False
AD001462,AC001126,residence,kyc_origination,2026-04-01,T1,2nd x 6th mn near community hall gandhi nagar kaveripura 960102,2nd x 6th mn near community hall gandhi nagar kaveripura,960102,True,True,False,False,False
AD001463,AC001127,residence,kyc_origination,2026-04-01,T3,community hall ke pass railway colony navanagara east 980303,community hall ke pass railway colony navanagara east,980303,True,True,False,False,False
AD001464,AC001127,permanent_native,kyc_origination,2026-04-01,OUT,village sundarpur tehsil c district west 996541,village sundarpur tehsil c district west,996541,True,False,False,False,True
AD001465,AC001128,residence,kyc_origination,2026-04-01,T2,459 3 gali no 1 close to masjid shastri nagar devgarh nagar 970201,459 3 gali no 1 close to masjid shastri nagar devgarh nagar,970201,True,True,False,True,False
AD001466,AC001129,residence,kyc_origination,2026-04-01,T3,232 1 blk a rd 2 lakeview phase 2 navanagara east,232 1 blk a rd 2 lakeview phase 2 navanagara east,,False,False,False,False,False
AD001467,AC001130,residence,kyc_origination,2026-04-01,T3,463 1 d blk 4th road near post office palm meadows navanagara east 908302,463 1 d blk 4th road near post office palm meadows navanagara east,908302,True,False,False,False,False
AD001468,AC001131,residence,kyc_origination,2026-04-01,T1,4th cross 1st main gandhi nagar kaveripura 960102,4th cross 1st main gandhi nagar kaveripura,960102,True,True,False,False,False
AD001469,AC001132,residence,kyc_origination,2026-04-01,T3,house 98 b block 6th rd railway col navanagara east 980304,house 98 b block 6th rd railway col navanagara east,980304,True,True,False,True,False
AD001470,AC001132,office,kyc_origination,2026-04-01,T3,house 148 green view apts blk d rd 4 opp pds shop royal gardens navanagara east 980303,house 148 green view apts blk d rd 4 opp pds shop royal gardens navanagara east,980303,True,True,False,True,False
AD001471,AC001133,residence,kyc_origination,2026-04-01,T1,11th cross 6th main opp ration shop nehru colony kaveripura 960102,11th cross 6th main opp ration shop nehru colony kaveripura,960102,True,True,False,False,False
AD001472,AC001134,residence,kyc_origination,2026-04-01,T3,no 402 blk b rd 1 unity nagar navanagara east 980301,no 402 blk b rd 1 unity nagar navanagara east,980301,True,True,False,True,False
AD001473,AC001134,office,kyc_origination,2026-04-01,T3,no 110 c block 5th road nr petrol bunk royal gardens navanagara east 980303,no 110 c block 5th road nr petrol bunk royal gardens navanagara east,980303,True,True,False,True,False
AD001474,AC001135,residence,kyc_origination,2026-04-01,T2,sai residency gali no 8 sarkari school ke samne patel nagar devgarh nagar 970202,sai residency gali no 8 sarkari school ke samne patel nagar devgarh nagar,970202,True,True,False,True,False
AD001475,AC001135,office,kyc_origination,2026-04-01,T2,om sai complex indira colony devgarh ngr 970202,om sai complex indira colony devgarh ngr,970202,True,True,False,False,False
AD001476,AC001136,residence,kyc_origination,2026-04-01,T3,257 blk d rd 5 opposite children park sunrise enclave navanagara east 980304,257 blk d rd 5 opposite children park sunrise enclave navanagara east,980304,True,True,False,False,False
AD001477,AC001137,residence,kyc_origination,2026-04-01,T1,h no 145 10th cr 6th mn hosa badavane kaveripura 960101,h no 145 10th cr 6th mn hosa badavane kaveripura,960101,True,True,False,True,False
AD001478,AC001138,residence,kyc_origination,2026-04-01,T2,311 gali 3 masjid ke bagal mein tilak nagar devgarh nagar 970204,311 gali 3 masjid ke bagal mein tilak nagar devgarh nagar,970204,True,True,False,False,False
AD001479,AC001139,residence,kyc_origination,2026-04-01,T1,milk dairy hattira nehru colony kaveripura 960102,milk dairy hattira nehru colony kaveripura,960102,True,True,False,False,False
AD001480,AC001140,residence,kyc_origination,2026-04-01,T3,312 1 nr mosque palm meadows navanagara east 980302,312 1 nr mosque palm meadows navanagara east,980302,True,True,False,False,False
AD001481,AC001141,residence,kyc_origination,2026-04-01,T3,d block 6th road palm meadows navanagara east 980302,d block 6th road palm meadows navanagara east,980302,True,True,False,False,False
AD001482,AC001142,residence,kyc_origination,2026-04-01,T3,293 2 ganesh mandir ke peeche palm meadows navanagara east 980302,293 2 ganesh mandir ke peeche palm meadows navanagara east,980302,True,True,False,False,False
AD001483,AC001143,residence,kyc_origination,2026-04-01,T3,house 396 a block 6th rd ad church sunrise enclave navanagara east 980303,house 396 a block 6th rd ad church sunrise enclave navanagara east,980303,True,True,False,True,False
AD001484,AC001144,residence,kyc_origination,2026-04-01,T1,h no 149 ganapathi gudi hattira nehru colony kaveripura 960102,h no 149 ganapathi gudi hattira nehru colony kaveripura,960102,True,True,False,True,False
AD001485,AC001144,office,kyc_origination,2026-04-01,T1,295 ganapathi gudi eduru gandhi nagar kaveripura 960102,295 ganapathi gudi eduru gandhi nagar kaveripura,960102,True,True,False,False,False
AD001486,AC001145,residence,kyc_origination,2026-04-01,T3,214 blk b rd 6 nr mosque navanagara east,214 blk b rd 6 nr mosque navanagara east,,False,False,False,False,False
AD001487,AC001146,residence,kyc_origination,2026-04-01,T2,गली नं 12 हनुमान मंदिर के पास patel nagar devgarh ngr 970202,गली नं 12 हनुमान मंदिर के पास patel nagar devgarh ngr,970202,True,True,True,False,False
AD001488,AC001146,office,kyc_origination,2026-04-01,T2,gali no 5 warrd 5 subhash ngr devgarh nagar 970201,gali no 5 warrd 5 subhash ngr devgarh nagar,970201,True,True,False,True,False
AD001489,AC001147,residence,kyc_origination,2026-04-01,T2,गली नं 11 चर्च के पास patel nagr devgarh nagar 970202,गली नं 11 चर्च के पास patel nagr devgarh nagar,970202,True,True,True,False,False
AD001490,AC001148,residence,kyc_origination,2026-04-01,T1,house 78 ashoka layout kaveripura 960104,house 78 ashoka layout kaveripura,960104,True,True,False,True,False
AD001491,AC001149,residence,kyc_origination,2026-04-01,T3,no 273 c blk 2nd road bhd park palm meadows navanagara east 980302,no 273 c blk 2nd road bhd park palm meadows navanagara east,980302,True,True,False,True,False
AD001492,AC001149,permanent_native,kyc_origination,2026-04-01,OUT,village rampura kalan taluk b district north 998875,village rampura kalan taluk b district north,998875,True,False,False,False,True
AD001493,AC001150,residence,kyc_origination,2026-04-01,T2,gali 8 shivaji nagar devgarh nagr 970203,gali 8 shivaji nagar devgarh nagr,970203,True,True,False,False,False
AD001494,AC001150,office,kyc_origination,2026-04-01,T2,gali no 6 nr church shivaji ngr devgarh ngr 970202,gali no 6 nr church shivaji ngr devgarh ngr,970202,True,True,False,True,False
AD001495,AC001151,residence,kyc_origination,2026-04-01,T2,gali no 10 opp community hall devgarh nagar 970202,gali no 10 opp community hall devgarh nagar,970202,True,True,False,True,False
AD001496,AC001152,residence,kyc_origination,2026-04-01,T1,h no 169 3rd cross 3rd main rd ಮಸೀದಿ ಹತ್ತಿರ siddeshwara colony kaveripura 960102,h no 169 3rd cross 3rd main rd ಮಸೀದಿ ಹತ್ತಿರ siddeshwara colony kaveripura,960102,True,True,True,True,False
AD001497,AC001153,residence,kyc_origination,2026-04-01,T2,142 1 gali no 7 near ganapathi temple patel ngr devgarh nagar 970202,142 1 gali no 7 near ganapathi temple patel ngr devgarh nagar,970202,True,True,False,True,False
AD001498,AC001154,residence,kyc_origination,2026-04-01,T1,89 3 3rd cross 7th main ಕಲ್ಯಾಣ ಮಂಟಪ ಹತ್ತಿರ nehru col kaveripura 960102,89 3 3rd cross 7th main ಕಲ್ಯಾಣ ಮಂಟಪ ಹತ್ತಿರ nehru col kaveripura,960102,True,True,True,False,False
AD001499,AC001155,residence,kyc_origination,2026-04-01,T3,165 2 a block 3rd road lakeview phase 2 navanagara east 980303,165 2 a block 3rd road lakeview phase 2 navanagara east,980303,True,True,False,False,False
AD001500,AC001156,residence,kyc_origination,2026-04-01,T3,217 1 a block 4th rd milk dairy hattira railway colny navanagara east 980304,217 1 a block 4th rd milk dairy hattira railway colny navanagara east,980304,True,True,False,False,False
AD001501,AC001156,office,kyc_origination,2026-04-01,T3,house 54 blk e rd 4 ಅಂಚೆ ಕಚೇರಿ ಹಿಂದೆ navanagara east 980302,house 54 blk e rd 4 ಅಂಚೆ ಕಚೇರಿ ಹಿಂದೆ navanagara east,980302,True,True,True,True,False
AD001502,AC001157,residence,kyc_origination,2026-04-01,T3,b blk 5th rd ganapathi gudi hattira navanagara east 980301,b blk 5th rd ganapathi gudi hattira navanagara east,980301,True,True,False,False,False
AD001503,AC001158,residence,kyc_origination,2026-04-01,T2,38 2 gali no 6 ganesh mandir ke pass krishna puri devgarh ngr 970202,38 2 gali no 6 ganesh mandir ke pass krishna puri devgarh ngr,970202,True,True,False,True,False
AD001504,AC001159,residence,kyc_origination,2026-04-01,T2,h no 114 gali no 11 near church azad mohalla devgarh nagar 970203,h no 114 gali no 11 near church azad mohalla devgarh nagar,970203,True,True,False,True,False
AD001505,AC001160,residence,kyc_origination,2026-04-01,T2,gali no 7 बस स्टॉप के पीछे azad mohalla devgarh nagar 970203,gali no 7 बस स्टॉप के पीछे azad mohalla devgarh nagar,970203,True,True,True,True,False
AD001506,AC001160,office,kyc_origination,2026-04-01,T2,gali no 10 ward 3 ambedkar nagar devgarh nagar 970204,gali no 10 ward 3 ambedkar nagar devgarh nagar,970204,True,True,False,True,False
AD001507,AC001161,residence,kyc_origination,2026-04-01,T3,railway colony navanagara east 980304,railway colony navanagara east,980304,True,True,False,False,False
AD001508,AC001162,residence,kyc_origination,2026-04-01,T1,203 1 near government school shanthi nagr kaveripura 960101,203 1 near government school shanthi nagr kaveripura,960101,True,True,False,False,False
AD001509,AC001163,residence,kyc_origination,2026-04-01,T1,4th crs 8th main rd nehru colony kaveripura 960101,4th crs 8th main rd nehru colony kaveripura,960101,True,True,False,False,False
AD001510,AC001164,residence,kyc_origination,2026-04-01,T2,gali no 4 ward 2 indira colony devgarh nagar 970202,gali no 4 ward 2 indira colony devgarh nagar,970202,True,True,False,True,False
AD001511,AC001165,residence,kyc_origination,2026-04-01,T2,no 36 gali no 9 post office ke pass gandhhi basti devgarh nagar 970203,no 36 gali no 9 post office ke pass gandhhi basti devgarh nagar,970203,True,True,False,True,False
AD001512,AC001166,residence,kyc_origination,2026-04-01,T3,377 3 blk e rd 3 nr post office hmt colony navanagara east 980301,377 3 blk e rd 3 nr post office hmt colony navanagara east,980301,True,True,False,False,False
AD001513,AC001166,office,kyc_origination,2026-04-01,T3,3 1 e blk 5th road royal gardens navanagara east 980303,3 1 e blk 5th road royal gardens navanagara east,980303,True,True,False,False,False
AD001514,AC001167,residence,kyc_origination,2026-04-01,T1,325 5th cross 5th mn close to water tank kaveripura 960101,325 5th cross 5th mn close to water tank kaveripura,960101,True,True,False,False,False
AD001515,AC001168,residence,kyc_origination,2026-04-01,T2,h no 278 gali no 2 ward 11 dawai ki dukaan ke peeche patel nagar devgarh nagar 970202,h no 278 gali no 2 ward 11 dawai ki dukaan ke peeche patel nagar devgarh nagar,970202,True,True,False,True,False
AD001516,AC001169,residence,kyc_origination,2026-04-01,T1,ganga apartments 12th cross 4th main sarkari school ke bagal mein kaveripura 960102,ganga apartments 12th cross 4th main sarkari school ke bagal mein kaveripura,960102,True,True,False,False,False
AD001517,AC001170,residence,kyc_origination,2026-04-01,T1,ganga apartments 5th cross 8th main nr ganesh temple gandhi nagar kaveripura 960102,ganga apartments 5th cross 8th main nr ganesh temple gandhi nagar kaveripura,960102,True,True,False,False,False
AD001518,AC001170,permanent_native,kyc_origination,2026-04-01,OUT,village devipur tehsil d district north 999148,village devipur tehsil d district north,999148,True,False,False,False,True
AD001519,AC001171,residence,kyc_origination,2026-04-01,T3,h no 218 blk c rd 3 opposite government schaol unity nagr navanagaara east,h no 218 blk c rd 3 opposite government schaol unity nagr navanagaara east,,False,False,False,True,False
AD001520,AC001172,residence,kyc_origination,2026-04-01,T3,121 1 a blk 5th road orchid enclave navanagara east 980301,121 1 a blk 5th road orchid enclave navanagara east,980301,True,True,False,False,False
AD001521,AC001173,residence,kyc_origination,2026-04-01,T3,no 418 blk d rd 3 barat ghhar ke saamne sunrise enclave navanagara east 980304,no 418 blk d rd 3 barat ghhar ke saamne sunrise enclave navanagara east,980304,True,True,False,True,False
AD001522,AC001173,permanent_native,kyc_origination,2026-04-01,OUT,village chikkapura taluk a district north 999928,village chikkapura taluk a district north,999928,True,False,False,False,True
AD001523,AC001174,residence,kyc_origination,2026-04-01,T2,no 433 gali 3 ward 6 opp kalyana mantapa nehru colony devgarh nagar 970203,no 433 gali 3 ward 6 opp kalyana mantapa nehru colony devgarh nagar,970203,True,True,False,True,False
AD001524,AC001175,residence,kyc_origination,2026-04-01,T3,no 264 blk c rd 1 lakeview phase 2 navanagara east 980303,no 264 blk c rd 1 lakeview phase 2 navanagara east,980303,True,True,False,True,False
AD001525,AC001175,office,kyc_origination,2026-04-01,T3,h no 232 sri krishna nivas b block 2nd road nr pds shop hmt colony navanagara east 980301,h no 232 sri krishna nivas b block 2nd road nr pds shop hmt colony navanagara east,980301,True,True,False,True,False
AD001526,AC001176,residence,kyc_origination,2026-04-01,T2,gali no 8 बारात घर के पास shivaji nagr devgarh nagar 970202,gali no 8 बारात घर के पास shivaji nagr devgarh nagar,970202,True,True,True,True,False
AD001527,AC001176,permanent_native,kyc_origination,2026-04-01,OUT,village kodihalli taluk b district south 993104,village kodihalli taluk b district south,993104,True,False,False,False,True
AD001528,AC001177,residence,kyc_origination,2026-04-01,T2,gali no 1 nr masjid patel ngr devgarh nagar 970202,gali no 1 nr masjid patel ngr devgarh nagar,970202,True,True,False,True,False
AD001529,AC001177,permanent_native,kyc_origination,2026-04-01,OUT,village sundarpur taluk b district east 996386,village sundarpur taluk b district east,996386,True,False,False,False,True
AD001530,AC001178,residence,kyc_origination,2026-04-01,T1,house 367 green view apts 4th crs 4th main kuvempu layout kaveripura 960102,house 367 green view apts 4th crs 4th main kuvempu layout kaveripura,960102,True,True,False,True,False
AD001531,AC001178,office,kyc_origination,2026-04-01,T1,211 1st cross 4th main rd near ganesh temple kaveripura 960104,211 1st cross 4th main rd near ganesh temple kaveripura,960104,True,True,False,False,False
AD001532,AC001179,residence,kyc_origination,2026-04-01,T1,4th crs 1st main rd close to community hall kaveripura 960101,4th crs 1st main rd close to community hall kaveripura,960101,True,True,False,False,False
AD001533,AC001180,residence,kyc_origination,2026-04-01,T1,211 2 behind ganesh temple gandhi nagar kaveripura 960102,211 2 behind ganesh temple gandhi nagar kaveripura,960102,True,True,False,False,False
AD001534,AC001181,residence,kyc_origination,2026-04-01,T3,no 431 blk e rd 2 navanagara east 980301,no 431 blk e rd 2 navanagara east,980301,True,True,False,True,False
AD001535,AC001181,office,kyc_origination,2026-04-01,T3,house 474 b block 6th road sunrise enclave navanagara east 980304,house 474 b block 6th road sunrise enclave navanagara east,980304,True,True,False,True,False
AD001536,AC001182,residence,kyc_origination,2026-04-01,T3,no 79 railway colony navanagara east 980302,no 79 railway colony navanagara east,980302,True,True,False,True,False
AD001537,AC001183,residence,kyc_origination,2026-04-01,T2,204 gali 9 hanuman mandir ke paas subhash nagar devgarh nagar 970201,204 gali 9 hanuman mandir ke paas subhash nagar devgarh nagar,970201,True,True,False,False,False
AD001538,AC001183,office,kyc_origination,2026-04-01,T2,house 199 गली नं 12 ward 7 gandhi basti devgarh nagar 970203,house 199 गली नं 12 ward 7 gandhi basti devgarh nagar,970203,True,True,True,True,False
AD001539,AC001184,residence,kyc_origination,2026-04-01,T1,8 1 2nd x 2nd main milk dairy hattira anjaneya badavane kaveripura 960103,8 1 2nd x 2nd main milk dairy hattira anjaneya badavane kaveripura,960103,True,True,False,False,False
AD001540,AC001185,residence,kyc_origination,2026-04-01,T3,house 99 e blk 6th road b h petrol puump railway colony navanagara east 980304,house 99 e blk 6th road b h petrol puump railway colony navanagara east,980304,True,True,False,True,False
AD001541,AC001186,residence,kyc_origination,2026-04-01,T1,no 23 nr ganesh temple kalyana nagir kaveripura 960104,no 23 nr ganesh temple kalyana nagir kaveripura,960104,True,True,False,True,False
AD001542,AC001187,residence,kyc_origination,2026-04-01,T3,220 blk d rd 4 orchid enclave navanagara east 980301,220 blk d rd 4 orchid enclave navanagara east,980301,True,True,False,False,False
AD001543,AC001188,residence,kyc_origination,2026-04-01,T2,house 269 gali no 7 near water tank krishna puri devgarh nagar 970202,house 269 gali no 7 near water tank krishna puri devgarh nagar,970202,True,True,False,True,False
AD001544,AC001189,residence,kyc_origination,2026-04-01,T3,blk b rd 3 sunrise enclave navanagara east 980304,blk b rd 3 sunrise enclave navanagara east,980304,True,True,False,False,False
AD001545,AC001189,office,kyc_origination,2026-04-01,T3,336 annapoorna nilaya blk c rd 6 nr park palm meadows navanagara east 980302,336 annapoorna nilaya blk c rd 6 nr park palm meadows navanagara east,980302,True,True,False,False,False
AD001546,AC001190,residence,kyc_origination,2026-04-01,T1,1st cross 2nd main basava nagar kaveripura 960101,1st cross 2nd main basava nagar kaveripura,960101,True,True,False,False,False
AD001547,AC001190,permanent_native,kyc_origination,2026-04-01,OUT,village rampura kalan tehsil c district south 996393,village rampura kalan tehsil c district south,996393,True,False,False,False,True
AD001548,AC001191,residence,kyc_origination,2026-04-01,T1,33 1 3rd crs 2nd main rd siddeshwara colony kaveripura 960102,33 1 3rd crs 2nd main rd siddeshwara colony kaveripura,960102,True,True,False,False,False
AD001549,AC001192,residence,kyc_origination,2026-04-01,T2,no 16 gali no 4 nr govvt school krishna puri devgrh nagar 970202,no 16 gali no 4 nr govvt school krishna puri devgrh nagar,970202,True,True,False,True,False
AD001550,AC001192,permanent_native,kyc_origination,2026-04-01,OUT,village chikkapura tehsil c district north 995466,village chikkapura tehsil c district north,995466,True,False,False,False,True
AD001551,AC001193,residence,kyc_origination,2026-04-01,T2,385 3 lakshmi nilaya gali 1 patel nagar devgarh nagar 970202,385 3 lakshmi nilaya gali 1 patel nagar devgarh nagar,970202,True,True,False,False,False
AD001552,AC001194,residence,kyc_origination,2026-04-01,T1,175 1st x 6th main ನ್ಯಾಯಬೆಲೆ ಅಂಗಡಿ ಹತ್ತಿರ vidya ngr kaveripura 960103,175 1st x 6th main ನ್ಯಾಯಬೆಲೆ ಅಂಗಡಿ ಹತ್ತಿರ vidya ngr kaveripura,960103,True,True,True,False,False
AD001553,AC001195,residence,kyc_origination,2026-04-01,T2,304 gali no 9 ward 8 nr ganesh temple azad mohalla devgarh nagar 970203,304 gali no 9 ward 8 nr ganesh temple azad mohalla devgarh nagar,970203,True,True,False,True,False
AD001554,AC001196,residence,kyc_origination,2026-04-01,T1,h no 55 6th crs 3rd main nehru colny kaveripura 960102,h no 55 6th crs 3rd main nehru colny kaveripura,960102,True,True,False,True,False
AD001555,AC001197,residence,kyc_origination,2026-04-01,T3,h no 157 blk d rd 4 opp petrol pump railway colny navanaggara east 980304,h no 157 blk d rd 4 opp petrol pump railway colny navanaggara east,980304,True,True,False,True,False
AD001556,AC001198,residence,kyc_origination,2026-04-01,T2,bus stop ke pass azad mohalla devgarh nagar 970203,bus stop ke pass azad mohalla devgarh nagar,970203,True,True,False,False,False
AD001557,AC001199,residence,kyc_origination,2026-04-01,T2,h no 391 गली नं 11 patel nagr devagrh nagar 970202,h no 391 गली नं 11 patel nagr devagrh nagar,970202,True,True,True,True,False
AD001558,AC001199,office,kyc_origination,2026-04-01,T2,गली नं 9 ward 6 पानी की टंकी के सामने devgarh ngr 970203,गली नं 9 ward 6 पानी की टंकी के सामने devgarh ngr,970203,True,True,True,False,False
AD001559,AC001200,residence,kyc_origination,2026-04-01,T2,292 3 gali 1 ward 10 krishna puri devgarh nagar 970202,292 3 gali 1 ward 10 krishna puri devgarh nagar,970202,True,True,False,False,False
AD001560,AC001201,residence,kyc_origination,2026-04-01,T3,463 b blockk 4th rd opp hanuman temple green park layout navanagara east 980301,463 b blockk 4th rd opp hanuman temple green park layout navanagara east,980301,True,True,False,False,False
AD001561,AC001202,residence,kyc_origination,2026-04-01,T1,house 242 8th cross 5th mn medical stare ke paas kuvempu layout kaveripura 960104,house 242 8th cross 5th mn medical stare ke paas kuvempu layout kaveripura,960104,True,True,False,True,False
AD001562,AC001202,permanent_native,kyc_origination,2026-04-01,OUT,village mallapura taluk a district north 999125,village mallapura taluk a district north,999125,True,False,False,False,True
AD001563,AC001203,residence,kyc_origination,2026-04-01,T3,h no 263 blk b rd 6 nr milk booth hmt colony navanagara east 980301,h no 263 blk b rd 6 nr milk booth hmt colony navanagara east,980301,True,True,False,True,False
AD001564,AC001204,residence,kyc_origination,2026-04-01,T3,d blk 6th rd near hanuman temple orchid enclave navanagara east 980301,d blk 6th rd near hanuman temple orchid enclave navanagara east,980301,True,True,False,False,False
AD001565,AC001204,office,kyc_origination,2026-04-01,T3,458 blk f rd 6 sunrise enclave navanagara east 980304,458 blk f rd 6 sunrise enclave navanagara east,980304,True,True,False,False,False
AD001566,AC001205,residence,kyc_origination,2026-04-01,T2,gali no 7 near ganapathi temple patel nagr devgarh nagar 970202,gali no 7 near ganapathi temple patel nagr devgarh nagar,970202,True,True,False,True,False
AD001567,AC001206,residence,kyc_origination,2026-04-01,T1,8th cross 5th main adj community hall nehru colony kaveripura 960102,8th cross 5th main adj community hall nehru colony kaveripura,960102,True,True,False,False,False
AD001568,AC001207,residence,kyc_origination,2026-04-01,T1,house 391 11th cr 5th main ಗಣಪತಿ ದೇವಸ್ಥಾನ ಹತ್ತಿರ nehru colony kaveripura 960102,house 391 11th cr 5th main ಗಣಪತಿ ದೇವಸ್ಥಾನ ಹತ್ತಿರ nehru colony kaveripura,960102,True,True,True,True,False
AD001569,AC001208,residence,kyc_origination,2026-04-01,T3,257 2 f block 6th road navanagara east 980302,257 2 f block 6th road navanagara east,980302,True,True,False,False,False
AD001570,AC001209,residence,kyc_origination,2026-04-01,T1,185 2 9th cross 6th main vidya nagar kaveripura 960103,185 2 9th cross 6th main vidya nagar kaveripura,960103,True,True,False,False,False
AD001571,AC001210,residence,kyc_origination,2026-04-01,T1,8th crs 2nd main rd ಮೆಡಿಕಲ್ ಶಾಪ್ ಹತ್ತಿರ vidya nagar kaveripura 960103,8th crs 2nd main rd ಮೆಡಿಕಲ್ ಶಾಪ್ ಹತ್ತಿರ vidya nagar kaveripura,960103,True,True,True,False,False
AD001572,AC001211,residence,kyc_origination,2026-04-01,T3,467 2 f block 4th road defence colny navanagara east 980301,467 2 f block 4th road defence colny navanagara east,980301,True,True,False,False,False
AD001573,AC001211,office,kyc_origination,2026-04-01,T3,house 189 om sai complex blk f rd 2 jama masjid ke paas teachers colony navanagara east 980302,house 189 om sai complex blk f rd 2 jama masjid ke paas teachers colony navanagara east,980302,True,True,False,True,False
AD001574,AC001212,residence,kyc_origination,2026-04-01,T3,no 314 b block 1st road lakeview phase 2 navanagara east 980303,no 314 b block 1st road lakeview phase 2 navanagara east,980303,True,True,False,True,False
AD001575,AC001213,residence,kyc_origination,2026-04-01,T2,gali no 10 ward 1 close to kalyana mantapa shivaji nagar devgarh nagr,gali no 10 ward 1 close to kalyana mantapa shivaji nagar devgarh nagr,,False,False,False,True,False
AD001576,AC001214,residence,kyc_origination,2026-04-01,T1,380 3 3rd cross 6th mn gandhi nagar kaveripura 960102,380 3 3rd cross 6th mn gandhi nagar kaveripura,960102,True,True,False,False,False
AD001577,AC001215,residence,kyc_origination,2026-04-01,T2,house 245 gali no 12 indira colny devgarh nagar,house 245 gali no 12 indira colny devgarh nagar,,False,False,False,True,False
AD001578,AC001216,residence,kyc_origination,2026-04-01,T3,no 258 f blk 4th road near ganapathi temple railway colny navanagara east 980304,no 258 f blk 4th road near ganapathi temple railway colny navanagara east,980304,True,True,False,True,False
AD001579,AC001217,residence,kyc_origination,2026-04-01,T1,194 4th cross 3rd mn nehru colony kaveripura 960102,194 4th cross 3rd mn nehru colony kaveripura,960102,True,True,False,False,False
AD001580,AC001217,permanent_native,kyc_origination,2026-04-01,OUT,village bilagi tehsil d district north 997774,village bilagi tehsil d district north,997774,True,False,False,False,True
AD001581,AC001218,residence,kyc_origination,2026-04-01,T1,house 300 11th cross 2nd main nr children purk nehru colony kaveripura 960102,house 300 11th cross 2nd main nr children purk nehru colony kaveripura,960102,True,True,False,True,False
AD001582,AC001219,residence,kyc_origination,2026-04-01,T3,house 19 blk a rd 5 teachers colony navanagara east 980302,house 19 blk a rd 5 teachers colony navanagara east,980302,True,True,False,True,False
AD001583,AC001220,residence,kyc_origination,2026-04-01,T3,blk e rd 2 nr millk dairy hmt colony navanagara east,blk e rd 2 nr millk dairy hmt colony navanagara east,,False,False,False,False,False
AD001584,AC001221,residence,kyc_origination,2026-04-01,T2,gali no 7 patel naagr devgarh ngr 970202,gali no 7 patel naagr devgarh ngr,970202,True,True,False,True,False
AD001585,AC001222,residence,kyc_origination,2026-04-01,T3,367 2 nr mosque teachers colony navanagara east 980302,367 2 nr mosque teachers colony navanagara east,980302,True,True,False,False,False
AD001586,AC001223,residence,kyc_origination,2026-04-01,T2,288 gali 10 दूध डेयरी के पास patel nagr dvegarh nagar 970202,288 gali 10 दूध डेयरी के पास patel nagr dvegarh nagar,970202,True,True,True,False,False
AD001587,AC001224,residence,kyc_origination,2026-04-01,T3,133 annapoorna nilaya sunrise enclave navanagara east 980304,133 annapoorna nilaya sunrise enclave navanagara east,980304,True,True,False,False,False
AD001588,AC001225,residence,kyc_origination,2026-04-01,T1,233 3 10th cross 6th main kaveripura,233 3 10th cross 6th main kaveripura,,False,False,False,False,False
AD001589,AC001226,residence,kyc_origination,2026-04-01,T2,gali 10 ward 8 nr petrol bunk azad mohalla devgarh nagar 970203,gali 10 ward 8 nr petrol bunk azad mohalla devgarh nagar,970203,True,True,False,False,False
AD001590,AC001227,residence,kyc_origination,2026-04-01,T3,no 371 close to children park orchid enclave navanagara east 980301,no 371 close to children park orchid enclave navanagara east,980301,True,True,False,True,False
AD001591,AC001228,residence,kyc_origination,2026-04-01,T2,h no 355 gali no 5 dawai ki dukaan ke paas subhash nagar devgarh nagar 970201,h no 355 gali no 5 dawai ki dukaan ke paas subhash nagar devgarh nagar,970201,True,True,False,True,False
AD001592,AC001229,residence,kyc_origination,2026-04-01,T2,52 gali no 11 patel ngr devagrh nagar 970201,52 gali no 11 patel ngr devagrh nagar,970201,True,True,False,True,False
AD001593,AC001230,residence,kyc_origination,2026-04-01,T3,341 blk c rd 3 nr milk dairy defence colony navangara east 980301,341 blk c rd 3 nr milk dairy defence colony navangara east,980301,True,True,False,False,False
AD001594,AC001231,residence,kyc_origination,2026-04-01,T2,398 gali 8 ward 8 sarkari school ke paas azad mohalla devgarh ngr 970203,398 gali 8 ward 8 sarkari school ke paas azad mohalla devgarh ngr,970203,True,True,False,False,False
AD001595,AC001231,permanent_native,kyc_origination,2026-04-01,OUT,village mallapura taluk b district south 998658,village mallapura taluk b district south,998658,True,False,False,False,True
AD001596,AC001232,residence,kyc_origination,2026-04-01,T1,4th cross 4th main behind community hall gandhi nagr kaveripura,4th cross 4th main behind community hall gandhi nagr kaveripura,,False,False,False,False,False
AD001597,AC001233,residence,kyc_origination,2026-04-01,T2,h no 401 गली नं 8 गणेश मंदिर के पास shivaji nagar devgarh nagar 970202,h no 401 गली नं 8 गणेश मंदिर के पास shivaji nagar devgarh nagar,970202,True,True,True,True,False
AD001598,AC001234,residence,kyc_origination,2026-04-01,T3,bhd mosque navanagara east 980302,bhd mosque navanagara east,980302,True,True,False,False,False
AD001599,AC001234,permanent_native,kyc_origination,2026-04-01,OUT,village mallapura taluk b district south 991825,village mallapura taluk b district south,991825,True,False,False,False,True
AD001600,AC001235,residence,kyc_origination,2026-04-01,T2,110 nr milk dairy patel ngr devgarh nagar 970202,110 nr milk dairy patel ngr devgarh nagar,970202,True,True,False,False,False
AD001601,AC001236,residence,kyc_origination,2026-04-01,T2,h no 231 gali 8 opp petrol pump tilak ngr devgarh ngr 970202,h no 231 gali 8 opp petrol pump tilak ngr devgarh ngr,970202,True,True,False,True,False
AD001602,AC001237,residence,kyc_origination,2026-04-01,T1,77 2 9th cross 1st main rd medical shop hattira kaveripura 960102,77 2 9th cross 1st main rd medical shop hattira kaveripura,960102,True,True,False,False,False
AD001603,AC001237,office,kyc_origination,2026-04-01,T1,11th cross 6th main milk dairy hindhe kuvempu layout kaveripura 960102,11th cross 6th main milk dairy hindhe kuvempu layout kaveripura,960102,True,True,False,False,False
AD001604,AC001238,residence,kyc_origination,2026-04-01,T1,1st cr 8th main near government school kalyana ngr kaveripura,1st cr 8th main near government school kalyana ngr kaveripura,,False,False,False,False,False
AD001605,AC001239,residence,kyc_origination,2026-04-01,T3,269 e block 4th road opposite ration shop lakeview phase 2 navanagara east 980303,269 e block 4th road opposite ration shop lakeview phase 2 navanagara east,980303,True,True,False,False,False
AD001606,AC001240,residence,kyc_origination,2026-04-01,T3,no 97 c block 3rd road opposite mosque silver oak layout navanagara east 980301,no 97 c block 3rd road opposite mosque silver oak layout navanagara east,980301,True,True,False,True,False
AD001607,AC001240,office,kyc_origination,2026-04-01,T3,h no 452 palm meadows navanagara east 980302,h no 452 palm meadows navanagara east,980302,True,True,False,True,False
AD001608,AC001241,residence,kyc_origination,2026-04-01,T2,444 park ke pass ambedkar nagar devgarh nagar 970204,444 park ke pass ambedkar nagar devgarh nagar,970204,True,True,False,False,False
AD001609,AC001242,residence,kyc_origination,2026-04-01,T2,no 292 gali no 9 ganesh mandir ke pass ram nagar devgarh nagr 970203,no 292 gali no 9 ganesh mandir ke pass ram nagar devgarh nagr,970203,True,True,False,True,False
AD001610,AC001243,residence,kyc_origination,2026-04-01,T1,no 177 close to pds shop basava nagar kaveripura 960101,no 177 close to pds shop basava nagar kaveripura,960101,True,True,False,True,False
AD001611,AC001244,residence,kyc_origination,2026-04-01,T2,गली नं 10 shivaji nagar devgarh nagar 970202,गली नं 10 shivaji nagar devgarh nagar,970202,True,True,True,False,False
AD001612,AC001245,residence,kyc_origination,2026-04-01,T2,house 26 gali no 3 ward 2 park ke saamne devgarh nagar 970202,house 26 gali no 3 ward 2 park ke saamne devgarh nagar,970202,True,True,False,True,False
AD001613,AC001245,office,kyc_origination,2026-04-01,T2,sai residency galli no 8 indira colony devgarh nagar 970202,sai residency galli no 8 indira colony devgarh nagar,970202,True,True,False,True,False
AD001614,AC001246,residence,kyc_origination,2026-04-01,T2,no 202 gali no 9 ward 10 ganesh mandir ke saamne krishna puri devgarh nagar 970202,no 202 gali no 9 ward 10 ganesh mandir ke saamne krishna puri devgarh nagar,970202,True,True,False,True,False
AD001615,AC001247,residence,kyc_origination,2026-04-01,T1,1st x 2nd mn sarkari school ke paas kalyana nagar kaveripura 960104,1st x 2nd mn sarkari school ke paas kalyana nagar kaveripura,960104,True,True,False,False,False
AD001616,AC001248,residence,kyc_origination,2026-04-01,T1,11th cross 5th main rd nr bus stand vidya nagar kaveripura 960103,11th cross 5th main rd nr bus stand vidya nagar kaveripura,960103,True,True,False,False,False
AD001617,AC001248,office,kyc_origination,2026-04-01,T1,anjaneya badavane kaveripura 960103,anjaneya badavane kaveripura,960103,True,True,False,False,False
AD001618,AC001249,residence,kyc_origination,2026-04-01,T3,200 2 blk f rd 6 jama masjid ke samne teachers colony navanagara east 9803002,200 2 blk f rd 6 jama masjid ke samne teachers colony navanagara east 9803002,,False,False,False,False,False
AD001619,AC001250,residence,kyc_origination,2026-04-01,T2,no 283 gali no 9 dak ghar ke paas krishna puri devgarh nagar 970202,no 283 gali no 9 dak ghar ke paas krishna puri devgarh nagar,970202,True,True,False,True,False
AD001620,AC001251,residence,kyc_origination,2026-04-01,T3,no 472 blk f rd 3 close to government school orchid enclave navanagara east 980301,no 472 blk f rd 3 close to government school orchid enclave navanagara east,980301,True,True,False,True,False
AD001621,AC001252,residence,kyc_origination,2026-04-01,T3,f block 2nd road sunrise encclave navanagara east 980304,f block 2nd road sunrise encclave navanagara east,980304,True,True,False,False,False
AD001622,AC001253,residence,kyc_origination,2026-04-01,T3,322 2 lakshmi nilaya blk b rd 6 nr medical store teachers colony navanagara east 980302,322 2 lakshmi nilaya blk b rd 6 nr medical store teachers colony navanagara east,980302,True,True,False,False,False
AD001623,AC001254,residence,kyc_origination,2026-04-01,T1,om sai complex 4th crs 8th main nr milk dairy nehru colny kiveripura 960102,om sai complex 4th crs 8th main nr milk dairy nehru colny kiveripura,960102,True,True,False,False,False
AD001624,AC001254,office,kyc_origination,2026-04-01,T1,3rd cross 3rd main rd post office ke pass vinayaka nagar kaveripura 960104,3rd cross 3rd main rd post office ke pass vinayaka nagar kaveripura,960104,True,True,False,False,False
AD001625,AC001255,residence,kyc_origination,2026-04-01,T1,no 325 nr govt school vinayaka nagar kaveripura 960104,no 325 nr govt school vinayaka nagar kaveripura,960104,True,True,False,True,False
AD001626,AC001255,office,kyc_origination,2026-04-01,T1,104 8th cross 7th main basava nagar kaveripura 960101,104 8th cross 7th main basava nagar kaveripura,960101,True,True,False,False,False
AD001627,AC001256,residence,kyc_origination,2026-04-01,T2,house 330 beside milk booth devgarh nagar 970202,house 330 beside milk booth devgarh nagar,970202,True,True,False,True,False
AD001628,AC001257,residence,kyc_origination,2026-04-01,T2,no 66 gali 8 azad mohalla devgarh nagar 970203,no 66 gali 8 azad mohalla devgarh nagar,970203,True,True,False,True,False
AD001629,AC001258,residence,kyc_origination,2026-04-01,T1,no 417 7th cross 3rd main nr overhead tank gandhi ngr kaveripura 9601102,no 417 7th cross 3rd main nr overhead tank gandhi ngr kaveripura 9601102,,False,False,False,True,False
AD001630,AC001258,office,kyc_origination,2026-04-01,T1,house 223 12th cross 7th main rd anjaneya badavane kaveripura 960103,house 223 12th cross 7th main rd anjaneya badavane kaveripura,960103,True,True,False,True,False
AD001631,AC001259,residence,kyc_origination,2026-04-01,T2,283 gali no 7 ward 6 devgarh ngr 970203,283 gali no 7 ward 6 devgarh ngr,970203,True,True,False,True,False
AD001632,AC001259,permanent_native,kyc_origination,2026-04-01,OUT,village hosahalli taluk b district east 991924,village hosahalli taluk b district east,991924,True,False,False,False,True
AD001633,AC001260,residence,kyc_origination,2026-04-01,T1,215 1 12th cross 1st main nyayabele angadi hattira siddeshwara colny kaveripura 960102,215 1 12th cross 1st main nyayabele angadi hattira siddeshwara colny kaveripura,960102,True,True,False,False,False
AD001634,AC001261,residence,kyc_origination,2026-04-01,T1,41 2 9th cr 3rd main bhd bus stand gandhi nagr kaveripura 960102,41 2 9th cr 3rd main bhd bus stand gandhi nagr kaveripura,960102,True,True,False,False,False
AD001635,AC001262,residence,kyc_origination,2026-04-01,T3,blk e rd 1 railway colny navanagara east 980304,blk e rd 1 railway colny navanagara east,980304,True,True,False,False,False
AD001636,AC001262,permanent_native,kyc_origination,2026-04-01,OUT,village rampura kalan tehsil c district west 999517,village rampura kalan tehsil c district west,999517,True,False,False,False,True
AD001637,AC001263,residence,kyc_origination,2026-04-01,T2,269 2 gali no 1 dawai ki dukaan ke paas shivaji ngr devgarh nagr 970202,269 2 gali no 1 dawai ki dukaan ke paas shivaji ngr devgarh nagr,970202,True,True,False,True,False
AD001638,AC001264,residence,kyc_origination,2026-04-01,T1,no 407 gandhi nagar kaveripura 960102,no 407 gandhi nagar kaveripura,960102,True,True,False,True,False
AD001639,AC001265,residence,kyc_origination,2026-04-01,T1,h no 179 6th cross 8th main nr pds shop anjaneya badavane kaveripura 960104,h no 179 6th cross 8th main nr pds shop anjaneya badavane kaveripura,960104,True,True,False,True,False
AD001640,AC001266,residence,kyc_origination,2026-04-01,T3,h no 245 unity nagar navanagara east 980302,h no 245 unity nagar navanagara east,980302,True,True,False,True,False
AD001641,AC001267,residence,kyc_origination,2026-04-01,T3,283 shanti kunj d blk 2nd road nr kalyana mantapa lakeview phase 2 navanagara east 980303,283 shanti kunj d blk 2nd road nr kalyana mantapa lakeview phase 2 navanagara east,980303,True,True,False,False,False
AD001642,AC001268,residence,kyc_origination,2026-04-01,T1,house 362 9th cross 3rd main close to ration shop kaveripura 960102,house 362 9th cross 3rd main close to ration shop kaveripura,960102,True,True,False,True,False
AD001643,AC001269,residence,kyc_origination,2026-04-01,T2,गली नं 4 ward 11 patel nagar devgarh nagar 970202,गली नं 4 ward 11 patel nagar devgarh nagar,970202,True,True,True,False,False
AD001644,AC001270,residence,kyc_origination,2026-04-01,T2,bagicha ke paas azad mohalla devgarh ngr 970203,bagicha ke paas azad mohalla devgarh ngr,970203,True,True,False,False,False
AD001645,AC001271,residence,kyc_origination,2026-04-01,T1,7th crs 1st main nehru colony kaveripura 960102,7th crs 1st main nehru colony kaveripura,960102,True,True,False,False,False
AD001646,AC001271,office,kyc_origination,2026-04-01,T1,no 290 11th x 6th main near milk dairy kuvempu lyt kaveripura 960102,no 290 11th x 6th main near milk dairy kuvempu lyt kaveripura,960102,True,True,False,True,False
AD001647,AC001272,residence,kyc_origination,2026-04-01,T2,225 2 gali no 5 close to milk booth subhash naggar devgarh nagar 970201,225 2 gali no 5 close to milk booth subhash naggar devgarh nagar,970201,True,True,False,True,False
AD001648,AC001272,permanent_native,kyc_origination,2026-04-01,OUT,village rampura kalan taluk b district west 995140,village rampura kalan taluk b district west,995140,True,False,False,False,True
AD001649,AC001273,residence,kyc_origination,2026-04-01,T1,h no 198 1st cross 1st main rd nehru colony kaveripura 960102,h no 198 1st cross 1st main rd nehru colony kaveripura,960102,True,True,False,True,False
AD001650,AC001273,permanent_native,kyc_origination,2026-04-01,OUT,village sundarpur taluk b district west 995739,village sundarpur taluk b district west,995739,True,False,False,False,True
AD001651,AC001274,residence,kyc_origination,2026-04-01,T1,10th cross 6th main basava nagar kaveripura 960101,10th cross 6th main basava nagar kaveripura,960101,True,True,False,False,False
AD001652,AC001275,residence,kyc_origination,2026-04-01,T2,gali 2 jama masjid ke saamne patel nagar devgarh nagar 970202,gali 2 jama masjid ke saamne patel nagar devgarh nagar,970202,True,True,False,False,False
AD001653,AC001276,residence,kyc_origination,2026-04-01,T1,h no 269 12th crs 4th main ನ್ಯಾಯಬೆಲೆ ಅಂಗಡಿ ಹತ್ತಿರ kuvempu layout kaevripura 960102,h no 269 12th crs 4th main ನ್ಯಾಯಬೆಲೆ ಅಂಗಡಿ ಹತ್ತಿರ kuvempu layout kaevripura,960102,True,True,True,True,False
AD001654,AC001277,residence,kyc_origination,2026-04-01,T2,h no 430 ration ki dukaan ke paas azad mohalla devgarh nagar 970202,h no 430 ration ki dukaan ke paas azad mohalla devgarh nagar,970202,True,True,False,True,False
AD001655,AC001278,residence,kyc_origination,2026-04-01,T1,273 9th cross 3rd mn nr water tank shathi nagar kaveripura 960101,273 9th cross 3rd mn nr water tank shathi nagar kaveripura,960101,True,True,False,False,False
AD001656,AC001279,residence,kyc_origination,2026-04-01,T2,h no 246 gali no 6 nr pds shop indira colny devgaarh nagar 970202,h no 246 gali no 6 nr pds shop indira colny devgaarh nagar,970202,True,True,False,True,False
AD001657,AC001279,office,kyc_origination,2026-04-01,T2,bagicha ke piche devgarh ngr 970203,bagicha ke piche devgarh ngr,970203,True,True,False,False,False
AD001658,AC001280,residence,kyc_origination,2026-04-01,T3,no 378 blk f rd 5 hanuman mandir ke paas sunrise enclave navanagara east,no 378 blk f rd 5 hanuman mandir ke paas sunrise enclave navanagara east,,False,False,False,True,False
AD001659,AC001280,office,kyc_origination,2026-04-01,T3,427 3 d block 6th rd ಸರ್ಕಾರಿ ಶಾಲೆ ಹತ್ತಿರ railway colony navanagara east 980304,427 3 d block 6th rd ಸರ್ಕಾರಿ ಶಾಲೆ ಹತ್ತಿರ railway colony navanagara east,980304,True,True,True,False,False
AD001660,AC001281,residence,kyc_origination,2026-04-01,T2,78 1 gali no 4 azad mohalla devgarh nagar 970203,78 1 gali no 4 azad mohalla devgarh nagar,970203,True,True,False,True,False
AD001661,AC001281,permanent_native,kyc_origination,2026-04-01,OUT,village bilagi tehsil c district west 996765,village bilagi tehsil c district west,996765,True,False,False,False,True
AD001662,AC001282,residence,kyc_origination,2026-04-01,T2,h no 302 गली नं 12 ambedkar nagar devgarh nagar 970204,h no 302 गली नं 12 ambedkar nagar devgarh nagar,970204,True,True,True,True,False
AD001663,AC001282,office,kyc_origination,2026-04-01,T2,house 238 gali no 1 close to mosque shastri nagr devgarh nagar 970201,house 238 gali no 1 close to mosque shastri nagr devgarh nagar,970201,True,True,False,True,False
AD001664,AC001283,residence,kyc_origination,2026-04-01,T2,sri krishna nivas close to milk dairy patel nagar devgarh nagar 970202,sri krishna nivas close to milk dairy patel nagar devgarh nagar,970202,True,True,False,False,False
AD001665,AC001284,residence,kyc_origination,2026-04-01,T3,milk dairy pakkadalli sunrise enclave navanagara east 980304,milk dairy pakkadalli sunrise enclave navanagara east,980304,True,True,False,False,False
AD001666,AC001284,office,kyc_origination,2026-04-01,T3,no 434 nr milk booth palm meadows navanagara east 980302,no 434 nr milk booth palm meadows navanagara east,980302,True,True,False,True,False
AD001667,AC001285,residence,kyc_origination,2026-04-01,T3,house 469 blk d rd 3 nr pds shop royal gardens navanagara east 980303,house 469 blk d rd 3 nr pds shop royal gardens navanagara east,980303,True,True,False,True,False
AD001668,AC001285,permanent_native,kyc_origination,2026-04-01,OUT,village chikkapura taluk b district south 998734,village chikkapura taluk b district south,998734,True,False,False,False,True
AD001669,AC001286,residence,kyc_origination,2026-04-01,T1,no 153 nehru colny kaveripura 960102,no 153 nehru colny kaveripura,960102,True,True,False,True,False
AD001670,AC001286,permanent_native,kyc_origination,2026-04-01,OUT,village chikkapura taluk b district west 991658,village chikkapura taluk b district west,991658,True,False,False,False,True
AD001671,AC001287,residence,kyc_origination,2026-04-01,T1,3rd cross 7th main vidya ngr kaveripura 960103,3rd cross 7th main vidya ngr kaveripura,960103,True,True,False,False,False
AD001672,AC001287,permanent_native,kyc_origination,2026-04-01,OUT,village bilagi taluk b district south 991425,village bilagi taluk b district south,991425,True,False,False,False,True
AD001673,AC001288,residence,kyc_origination,2026-04-01,T2,no 329 gali 12 patel nagar devgarh nagr,no 329 gali 12 patel nagar devgarh nagr,,False,False,False,True,False
AD001674,AC001289,residence,kyc_origination,2026-04-01,T3,h no 293 shanti kunj a block 1st road palm meadows navanagara east 980302,h no 293 shanti kunj a block 1st road palm meadows navanagara east,980302,True,True,False,True,False
AD001675,AC001289,permanent_native,kyc_origination,2026-04-01,OUT,village devipur taluk b district north 999331,village devipur taluk b district north,999331,True,False,False,False,True
AD001676,AC001290,residence,kyc_origination,2026-04-01,T1,house 248 om sai complex kaveripura 960102,house 248 om sai complex kaveripura,960102,True,True,False,True,False
AD001677,AC001290,office,kyc_origination,2026-04-01,T1,254 12th cross 6th mn close to church basava nagar kaveripura 960101,254 12th cross 6th mn close to church basava nagar kaveripura,960101,True,True,False,False,False
AD001678,AC001291,residence,kyc_origination,2026-04-01,T2,गली नं 3 ward 2 मेडिकल स्टोर के पास indira col devgarh nagr 970202,गली नं 3 ward 2 मेडिकल स्टोर के पास indira col devgarh nagr,970202,True,True,True,False,False
AD001679,AC001292,residence,kyc_origination,2026-04-01,T2,house 433 gali 5 opp milk booth subhash nagar devgarh nagar 970201,house 433 gali 5 opp milk booth subhash nagar devgarh nagar,970201,True,True,False,True,False
AD001680,AC001293,residence,kyc_origination,2026-04-01,T2,gali no 2 masjid ke pass patel nagar devgarh nagar 970202,gali no 2 masjid ke pass patel nagar devgarh nagar,970202,True,True,False,True,False
AD001681,AC001294,residence,kyc_origination,2026-04-01,T3,blk c rd 5 close to water tank navanagara east 980304,blk c rd 5 close to water tank navanagara east,980304,True,True,False,False,False
AD001682,AC001295,residence,kyc_origination,2026-04-01,T2,215 shastri nagar devgarh nagar 970201,215 shastri nagar devgarh nagar,970201,True,True,False,False,False
AD001683,AC001296,residence,kyc_origination,2026-04-01,T2,house 18 गली नं 6 पानी की टंकी के पास krishna puri devgarh nagar 970202,house 18 गली नं 6 पानी की टंकी के पास krishna puri devgarh nagar,970202,True,True,True,True,False
AD001684,AC001296,office,kyc_origination,2026-04-01,T2,142 3 gali 11 ward 8 azaad mohalla devgarh nagar 970203,142 3 gali 11 ward 8 azaad mohalla devgarh nagar,970203,True,True,False,False,False
AD001685,AC001297,residence,kyc_origination,2026-04-01,T3,blk e rd 4 nr bus stop royal gardens navanagara east 980303,blk e rd 4 nr bus stop royal gardens navanagara east,980303,True,True,False,False,False
AD001686,AC001297,office,kyc_origination,2026-04-01,T3,house 462 ganga apartments royal gardens navanagara east 980303,house 462 ganga apartments royal gardens navanagara east,980303,True,True,False,True,False
AD001687,AC001298,residence,kyc_origination,2026-04-01,T3,35 3 blk a rd 2 railway col navanagara east 980304,35 3 blk a rd 2 railway col navanagara east,980304,True,True,False,False,False
AD001688,AC001298,permanent_native,kyc_origination,2026-04-01,OUT,village sundarpur tehsil c district south 994593,village sundarpur tehsil c district south,994593,True,False,False,False,True
AD001689,AC001299,residence,kyc_origination,2026-04-01,T2,house 314 गली नं 4 चर्च के पीछे shastri ngr devgarh ngr,house 314 गली नं 4 चर्च के पीछे shastri ngr devgarh ngr,,False,False,True,True,False
AD001690,AC001300,residence,kyc_origination,2026-04-01,T2,shivaji nagar devgarh nagar 970202,shivaji nagar devgarh nagar,970202,True,True,False,False,False
AD001691,AC001301,residence,kyc_origination,2026-04-01,T3,238 blk a rd 2 ration angdi edhuru unity nagar navanagara east 980302,238 blk a rd 2 ration angdi edhuru unity nagar navanagara east,980302,True,True,False,False,False
AD001692,AC001302,residence,kyc_origination,2026-04-01,T3,om sai complex a block 4th road railway colony navanagara east 980304,om sai complex a block 4th road railway colony navanagara east,980304,True,True,False,False,False
AD001693,AC001303,residence,kyc_origination,2026-04-01,T2,130 1 glai no 12 hanuman mandir ke samne ambedkar nagar devgarh ngr 970204,130 1 glai no 12 hanuman mandir ke samne ambedkar nagar devgarh ngr,970204,True,True,False,True,False
AD001694,AC001304,residence,kyc_origination,2026-04-01,T2,h no 322 gali no 5 ward 11 opposite pharmacy patel nagar devgarh nagar 970202,h no 322 gali no 5 ward 11 opposite pharmacy patel nagar devgarh nagar,970202,True,True,False,True,False
AD001695,AC001305,residence,kyc_origination,2026-04-01,T1,no 18 nehru colony kaveripura,no 18 nehru colony kaveripura,,False,False,False,True,False
AD001696,AC001306,residence,kyc_origination,2026-04-01,T3,blk f rd 5 railway colony navanagara east 980301,blk f rd 5 railway colony navanagara east,980301,True,True,False,False,False
AD001697,AC001307,residence,kyc_origination,2026-04-01,T2,no 148 gai no 12 petrol pump ke samne azad mohalla devgarh nagar 970203,no 148 gai no 12 petrol pump ke samne azad mohalla devgarh nagar,970203,True,True,False,True,False
AD001698,AC001308,residence,kyc_origination,2026-04-01,T1,om sai complex 2nd cross 6th main anjaneya swamy temple hattira kuvempu lyt kaveripura 960102,om sai complex 2nd cross 6th main anjaneya swamy temple hattira kuvempu lyt kaveripura,960102,True,True,False,False,False
AD001699,AC001308,office,kyc_origination,2026-04-01,T1,96 12th cross 4th main rd ashoka layout kaveripura 960104,96 12th cross 4th main rd ashoka layout kaveripura,960104,True,True,False,False,False
AD001700,AC001309,residence,kyc_origination,2026-04-01,T2,gali no 5 community hall ke pass nehru colony devgarh nagr 970203,gali no 5 community hall ke pass nehru colony devgarh nagr,970203,True,True,False,True,False
AD001701,AC001310,residence,kyc_origination,2026-04-01,T3,b block 5th road ಬಸ್ ನಿಲ್ದಾಣ ಹತ್ತಿರ royal gardens navanagara east 980303,b block 5th road ಬಸ್ ನಿಲ್ದಾಣ ಹತ್ತಿರ royal gardens navanagara east,980303,True,True,True,False,False
AD001702,AC001311,residence,kyc_origination,2026-04-01,T1,4th x 2nd main nr masjid nehru colony kaveripura 960102,4th x 2nd main nr masjid nehru colony kaveripura,960102,True,True,False,False,False
AD001703,AC001312,residence,kyc_origination,2026-04-01,T2,gali 5 post office ke pass subhash nagar devgarh nagar 970204,gali 5 post office ke pass subhash nagar devgarh nagar,970204,True,True,False,False,False
AD001704,AC001312,office,kyc_origination,2026-04-01,T2,251 2 shastri nagr devgarh ngr 970201,251 2 shastri nagr devgarh ngr,970201,True,True,False,False,False
AD001705,AC001313,residence,kyc_origination,2026-04-01,T3,f block 2nd road nr water tank defence col navanagara east 980301,f block 2nd road nr water tank defence col navanagara east,980301,True,True,False,False,False
AD001706,AC001314,residence,kyc_origination,2026-04-01,T3,house 28 blk b rd 3 near overhead tank palm meadows navanagara east,house 28 blk b rd 3 near overhead tank palm meadows navanagara east,,False,False,False,True,False
AD001707,AC001315,residence,kyc_origination,2026-04-01,T2,no 346 gali no 3 ganesh mandir ke paas ambedkar nagar devgarh ngr 970204,no 346 gali no 3 ganesh mandir ke paas ambedkar nagar devgarh ngr,970204,True,True,False,True,False
AD001708,AC001315,permanent_native,kyc_origination,2026-04-01,OUT,village devipur tehsil d district south 996566,village devipur tehsil d district south,996566,True,False,False,False,True
AD001709,AC001316,residence,kyc_origination,2026-04-01,T1,house 386 behind church basava ngr kaveripura 960102,house 386 behind church basava ngr kaveripura,960102,True,True,False,True,False
AD001710,AC001317,residence,kyc_origination,2026-04-01,T2,109 3 gali no 3 nr masjid tilak nagar devgarh nagr 970204,109 3 gali no 3 nr masjid tilak nagar devgarh nagr,970204,True,True,False,True,False
AD001711,AC001318,residence,kyc_origination,2026-04-01,T1,h no 314 2nd cross 1st main gandhi nagar kaveripura 960102,h no 314 2nd cross 1st main gandhi nagar kaveripura,960102,True,True,False,True,False
AD001712,AC001319,residence,kyc_origination,2026-04-01,T2,90 gali 9 bhd medical store nehru col devgarh nagaar 970203,90 gali 9 bhd medical store nehru col devgarh nagaar,970203,True,True,False,False,False
AD001713,AC001320,residence,kyc_origination,2026-04-01,T2,222 gali 6 nr medical store patel nagar devgarh ngr 970202,222 gali 6 nr medical store patel nagar devgarh ngr,970202,True,True,False,False,False
AD001714,AC001320,office,kyc_origination,2026-04-01,T2,71 green view apts gali 10 ram ngr devgarh nagar 970203,71 green view apts gali 10 ram ngr devgarh nagar,970203,True,True,False,False,False
AD001715,AC001321,residence,kyc_origination,2026-04-01,T3,no 197 blk e rd 3 navaangara east 980301,no 197 blk e rd 3 navaangara east,980301,True,True,False,True,False
AD001716,AC001322,residence,kyc_origination,2026-04-01,T2,no 404 gali no 8 near post office patel nagr devgarh nagar 970202,no 404 gali no 8 near post office patel nagr devgarh nagar,970202,True,True,False,True,False
AD001717,AC001322,office,kyc_origination,2026-04-01,T2,no 174 gali no 12 dawai ki dukaan ke paas ram nagar devgarh nagar 970203,no 174 gali no 12 dawai ki dukaan ke paas ram nagar devgarh nagar,970203,True,True,False,True,False
AD001718,AC001323,residence,kyc_origination,2026-04-01,T3,house 212 e blk 5th road nr milk dairy sunrise enclave navanagara east 980304,house 212 e blk 5th road nr milk dairy sunrise enclave navanagara east,980304,True,True,False,True,False
AD001719,AC001324,residence,kyc_origination,2026-04-01,T3,blk c rd 4 sunrise enclave navanagara east 980304,blk c rd 4 sunrise enclave navanagara east,980304,True,True,False,False,False
AD001720,AC001325,residence,kyc_origination,2026-04-01,T2,41 2 gali no 11 ward 2 dak ghar ke pass idnira colony devgarh nagar 970202,41 2 gali no 11 ward 2 dak ghar ke pass idnira colony devgarh nagar,970202,True,True,False,True,False
AD001721,AC001326,residence,kyc_origination,2026-04-01,T1,3rd x 2nd main ಚರ್ಚ್ ಹಿಂದೆ gandhi nagra kaveripura 960102,3rd x 2nd main ಚರ್ಚ್ ಹಿಂದೆ gandhi nagra kaveripura,960102,True,True,True,False,False
AD001722,AC001327,residence,kyc_origination,2026-04-01,T3,272 3 blk c rd 5 navanagara east 980304,272 3 blk c rd 5 navanagara east,980304,True,True,False,False,False
AD001723,AC001328,residence,kyc_origination,2026-04-01,T3,h no 297 a block 4th road near church teachers colony navanagara east 980302,h no 297 a block 4th road near church teachers colony navanagara east,980302,True,True,False,True,False
AD001724,AC001329,residence,kyc_origination,2026-04-01,T1,siddeshwara colny kaveripura 960102,siddeshwara colny kaveripura,960102,True,True,False,False,False
AD001725,AC001330,residence,kyc_origination,2026-04-01,T1,427 8th cross 6th main behind pds shop kaveripura 960102,427 8th cross 6th main behind pds shop kaveripura,960102,True,True,False,False,False
AD001726,AC001331,residence,kyc_origination,2026-04-01,T2,gali 11 nehru colony devgarh nagar 970203,gali 11 nehru colony devgarh nagar,970203,True,True,False,False,False
AD001727,AC001332,residence,kyc_origination,2026-04-01,T1,house 342 sri krishna nivas kaveripura 960103,house 342 sri krishna nivas kaveripura,960103,True,True,False,True,False
AD001728,AC001332,permanent_native,kyc_origination,2026-04-01,OUT,village mallapura taluk a district west 996788,village mallapura taluk a district west,996788,True,False,False,False,True
AD001729,AC001333,residence,kyc_origination,2026-04-01,T3,396 3 blk d rd 3 masidi hattira defence colony navanagara east 980301,396 3 blk d rd 3 masidi hattira defence colony navanagara east,980301,True,True,False,False,False
AD001730,AC001334,residence,kyc_origination,2026-04-01,T1,3rd cross 7th mn vinayaka nagr kaveripura 960104,3rd cross 7th mn vinayaka nagr kaveripura,960104,True,True,False,False,False
AD001731,AC001335,residence,kyc_origination,2026-04-01,T2,160 2 gali 9 barat ghar ke pass patel nagar devgarh nagr 970202,160 2 gali 9 barat ghar ke pass patel nagar devgarh nagr,970202,True,True,False,False,False
AD001732,AC001336,residence,kyc_origination,2026-04-01,T1,h no 323 lakshmi nilaya 1st cross 4th main nyayabele angadi hattira shanthi nagar kaveripura 960101,h no 323 lakshmi nilaya 1st cross 4th main nyayabele angadi hattira shanthi nagar kaveripura,960101,True,True,False,True,False
AD001733,AC001337,residence,kyc_origination,2026-04-01,T2,gali no 8 hanuman mandir ke piche subhash ngr devgarh nagar 970201,gali no 8 hanuman mandir ke piche subhash ngr devgarh nagar,970201,True,True,False,True,False
AD001734,AC001338,residence,kyc_origination,2026-04-01,T3,212 blk a rd 4 close to milk dairy railway colony navanagara east,212 blk a rd 4 close to milk dairy railway colony navanagara east,,False,False,False,False,False
AD001735,AC001339,residence,kyc_origination,2026-04-01,T1,h no 470 opp govt school vinayaka ngr kaveripura 960104,h no 470 opp govt school vinayaka ngr kaveripura,960104,True,True,False,True,False
AD001736,AC001340,residence,kyc_origination,2026-04-01,T1,7th cross 7th main nr govt school hosa badavane kaveripura 960101,7th cross 7th main nr govt school hosa badavane kaveripura,960101,True,True,False,False,False
AD001737,AC001340,permanent_native,kyc_origination,2026-04-01,OUT,village devipur taluk a district west 991812,village devipur taluk a district west,991812,True,False,False,False,True
AD001738,AC001341,residence,kyc_origination,2026-04-01,T1,6th crs 1st main ಚರ್ಚ್ ಹತ್ತಿರ hosa badavane kaveripura 960101,6th crs 1st main ಚರ್ಚ್ ಹತ್ತಿರ hosa badavane kaveripura,960101,True,True,True,False,False
AD001739,AC001342,residence,kyc_origination,2026-04-01,T1,h no 421 2nd cross 2nd main kaveripura,h no 421 2nd cross 2nd main kaveripura,,False,False,False,True,False
AD001740,AC001342,office,kyc_origination,2026-04-01,T1,7th cross 8th main near masjid anjaneya badavane kaveripura 960103,7th cross 8th main near masjid anjaneya badavane kaveripura,960103,True,True,False,False,False
AD001741,AC001343,residence,kyc_origination,2026-04-01,T2,no 141 gali 9 hanuman mandir ke paas patel nagar devgarh nagar 972002,no 141 gali 9 hanuman mandir ke paas patel nagar devgarh nagar,972002,True,False,False,True,False
AD001742,AC001344,residence,kyc_origination,2026-04-01,T1,70 2 7th crss 1st main near mosque basava ngr kaveripura 960101,70 2 7th crss 1st main near mosque basava ngr kaveripura,960101,True,True,False,False,False
AD001743,AC001345,residence,kyc_origination,2026-04-01,T2,433 2 gali 10 ganesh mandir ke pass azad mohalla devgarh nagar,433 2 gali 10 ganesh mandir ke pass azad mohalla devgarh nagar,,False,False,False,False,False
AD001744,AC001346,residence,kyc_origination,2026-04-01,T3,28 blk e rd 1 ಪೆಟ್ರೋಲ್ ಬಂಕ್ ಹತ್ತಿರ railway colony navanagara east,28 blk e rd 1 ಪೆಟ್ರೋಲ್ ಬಂಕ್ ಹತ್ತಿರ railway colony navanagara east,,False,False,True,False,False
AD001745,AC001347,residence,kyc_origination,2026-04-01,T3,196 blk e rd 4 orchid enclave navanagara east 980301,196 blk e rd 4 orchid enclave navanagara east,980301,True,True,False,False,False
AD001746,AC001348,residence,kyc_origination,2026-04-01,T1,10th cross 6th main ration dukan ke bagal mein nehru colony kaveripura 960102,10th cross 6th main ration dukan ke bagal mein nehru colony kaveripura,960102,True,True,False,False,False
AD001747,AC001349,residence,kyc_origination,2026-04-01,T3,239 blk f rd 6 opp park defence colony navanagara east 980301,239 blk f rd 6 opp park defence colony navanagara east,980301,True,True,False,False,False
AD001748,AC001350,residence,kyc_origination,2026-04-01,T3,419 3 b block 3rd road near hanuman temple lakeview phase 2 navanagara east 980303,419 3 b block 3rd road near hanuman temple lakeview phase 2 navanagara east,980303,True,True,False,False,False
AD001749,AC001350,office,kyc_origination,2026-04-01,T3,f block 5th rd near medicals navanagara east 980303,f block 5th rd near medicals navanagara east,980303,True,True,False,False,False
AD001750,AC001351,residence,kyc_origination,2026-04-01,T2,nr ganapathi temple gandhi basti devgarh nagar 970203,nr ganapathi temple gandhi basti devgarh nagar,970203,True,True,False,False,False
AD001751,AC001352,residence,kyc_origination,2026-04-01,T3,370 2 blk c rd 3 nr mosque hmt colny navanagara east 980301,370 2 blk c rd 3 nr mosque hmt colny navanagara east,980301,True,True,False,False,False
AD001752,AC001353,residence,kyc_origination,2026-04-01,T2,40 gali no 4 ward 11 masjid ke pass patel ngr devgarh ngr 970202,40 gali no 4 ward 11 masjid ke pass patel ngr devgarh ngr,970202,True,True,False,True,False
AD001753,AC001354,residence,kyc_origination,2026-04-01,T1,296 3 8th cross 6th main nr community hall gandhi ngr kaveripura 960102,296 3 8th cross 6th main nr community hall gandhi ngr kaveripura,960102,True,True,False,False,False
AD001754,AC001355,residence,kyc_origination,2026-04-01,T3,h no 185 shanti kunj blk f rd 4 silver oak layout navanagara east 980301,h no 185 shanti kunj blk f rd 4 silver oak layout navanagara east,980301,True,True,False,True,False
AD001755,AC001356,residence,kyc_origination,2026-04-01,T3,h no 20 blk d rd 4 near bus stand navanagara east 980302,h no 20 blk d rd 4 near bus stand navanagara east,980302,True,True,False,True,False
AD001756,AC001356,office,kyc_origination,2026-04-01,T3,a block 6th road close to church defence colony navanagara east 980302,a block 6th road close to church defence colony navanagara east,980302,True,True,False,False,False
AD001757,AC001357,residence,kyc_origination,2026-04-01,T1,255 7th cross 1st main shanthi nagar kaveripura 960101,255 7th cross 1st main shanthi nagar kaveripura,960101,True,True,False,False,False
AD001758,AC001358,residence,kyc_origination,2026-04-01,T1,h no 98 1st cross 5th main medical store ke paas hosa badavane kaveripura 960101,h no 98 1st cross 5th main medical store ke paas hosa badavane kaveripura,960101,True,True,False,True,False
AD001759,AC001358,office,kyc_origination,2026-04-01,T1,no 209 10th cross 2nd main samudaya bhavana hindhe vinayaka nagar kaveripura 960104,no 209 10th cross 2nd main samudaya bhavana hindhe vinayaka nagar kaveripura,960104,True,True,False,True,False
AD001760,AC001359,residence,kyc_origination,2026-04-01,T1,house 186 4th cross 8th main rd nr ration shop nehru colony kaveripura 960102,house 186 4th cross 8th main rd nr ration shop nehru colony kaveripura,960102,True,True,False,True,False
AD001761,AC001360,residence,kyc_origination,2026-04-01,T2,no 262 gali no 9 subhash nagar devgarh ngr 970201,no 262 gali no 9 subhash nagar devgarh ngr,970201,True,True,False,True,False
AD001762,AC001360,permanent_native,kyc_origination,2026-04-01,OUT,village hosahalli tehsil c district east 995352,village hosahalli tehsil c district east,995352,True,False,False,False,True
AD001763,AC001361,residence,kyc_origination,2026-04-01,T3,c block 3rd rd nr post office silver oak layout navanagara east 980301,c block 3rd rd nr post office silver oak layout navanagara east,980301,True,True,False,False,False
AD001764,AC001362,residence,kyc_origination,2026-04-01,T1,123 10th cross 6th main behind petrol pump vinayaka nagar kaveripura 960104,123 10th cross 6th main behind petrol pump vinayaka nagar kaveripura,960104,True,True,False,False,False
AD001765,AC001363,residence,kyc_origination,2026-04-01,T2,218 1 gali 6 krishna puri devgarh nagar 970202,218 1 gali 6 krishna puri devgarh nagar,970202,True,True,False,False,False
AD001766,AC001364,residence,kyc_origination,2026-04-01,T3,239 3 blk d rd 3 close to hanuman temple palm meadows navanagara east 980302,239 3 blk d rd 3 close to hanuman temple palm meadows navanagara east,980302,True,True,False,False,False
AD001767,AC001365,residence,kyc_origination,2026-04-01,T2,gali 4 ward 8 nr government school azad mohalla devgarh nagar 970203,gali 4 ward 8 nr government school azad mohalla devgarh nagar,970203,True,True,False,False,False
AD001768,AC001366,residence,kyc_origination,2026-04-01,T2,gali no 1 close to government school azad mohalla devgarh nagar 970203,gali no 1 close to government school azad mohalla devgarh nagar,970203,True,True,False,True,False
AD001769,AC001367,residence,kyc_origination,2026-04-01,T2,no 38 gali 9 ward 2 राशन की दुकान के पास indira colny devgarh nagar 970202,no 38 gali 9 ward 2 राशन की दुकान के पास indira colny devgarh nagar,970202,True,True,True,True,False
AD001770,AC001368,residence,kyc_origination,2026-04-01,T1,nr masjid nehru colny kaveripura 960102,nr masjid nehru colny kaveripura,960102,True,True,False,False,False
AD001771,AC001369,residence,kyc_origination,2026-04-01,T2,gali no 10 opposite post office indira colony devgarh nagar 970202,gali no 10 opposite post office indira colony devgarh nagar,970202,True,True,False,True,False
AD001772,AC001370,residence,kyc_origination,2026-04-01,T1,opp milk dairy nehru col kaveripura 960102,opp milk dairy nehru col kaveripura,960102,True,True,False,False,False
AD001773,AC001370,office,kyc_origination,2026-04-01,T1,house 308 om sai complex 2nd cross 4th main hanuman mandir ke samne siddeshwara colony kaveripura 960102,house 308 om sai complex 2nd cross 4th main hanuman mandir ke samne siddeshwara colony kaveripura,960102,True,True,False,True,False
AD001774,AC001371,residence,kyc_origination,2026-04-01,T3,house 112 green view apts c block 2nd roadd kalyana mantapa hattira railway colony navanagara east 980304,house 112 green view apts c block 2nd roadd kalyana mantapa hattira railway colony navanagara east,980304,True,True,False,True,False
AD001775,AC001372,residence,kyc_origination,2026-04-01,T1,172 5th crs 6th main rd near hanuman temple nehru col kaveripura 960102,172 5th crs 6th main rd near hanuman temple nehru col kaveripura,960102,True,True,False,False,False
AD001776,AC001373,residence,kyc_origination,2026-04-01,T3,141 e block 5th road petrol pump ke pss green park layout navanagara east 980301,141 e block 5th road petrol pump ke pss green park layout navanagara east,980301,True,True,False,False,False
AD001777,AC001374,residence,kyc_origination,2026-04-01,T2,gali no 11 subhash ngr devgarh nagar 970201,gali no 11 subhash ngr devgarh nagar,970201,True,True,False,True,False
AD001778,AC001375,residence,kyc_origination,2026-04-01,T3,170 2 blk c rd 5 orchid enclave navanagara east 980301,170 2 blk c rd 5 orchid enclave navanagara east,980301,True,True,False,False,False
AD001779,AC001376,residence,kyc_origination,2026-04-01,T3,blk e rd 5 palm meadows navanagara east 980302,blk e rd 5 palm meadows navanagara east,980302,True,True,False,False,False
AD001780,AC001377,residence,kyc_origination,2026-04-01,T3,no 38 blk f rd 1 next to ganesh temple green park layout navanagara east 980301,no 38 blk f rd 1 next to ganesh temple green park layout navanagara east,980301,True,True,False,True,False
AD001781,AC001377,office,kyc_origination,2026-04-01,T3,57 sai residency blk c rd 3 nr ganesh temple orchid enclave navanagara eats 980301,57 sai residency blk c rd 3 nr ganesh temple orchid enclave navanagara eats,980301,True,True,False,False,False
AD001782,AC001378,residence,kyc_origination,2026-04-01,T1,house 192 12th cross 7th mn close to government school gandhi nagar kaveripura 960102,house 192 12th cross 7th mn close to government school gandhi nagar kaveripura,960102,True,True,False,True,False
AD001783,AC001378,office,kyc_origination,2026-04-01,T1,h no 377 1st cross 6th main hosa badavane kaveripura 960104,h no 377 1st cross 6th main hosa badavane kaveripura,960104,True,True,False,True,False
AD001784,AC001379,residence,kyc_origination,2026-04-01,T2,456 gali no 9 close to hanuman temple ram nagar devgarh nagar 97003,456 gali no 9 close to hanuman temple ram nagar devgarh nagar 97003,,False,False,False,True,False
AD001785,AC001380,residence,kyc_origination,2026-04-01,T3,426 f block 4th rd nr masjid teachers colony navanagara east 980302,426 f block 4th rd nr masjid teachers colony navanagara east,980302,True,True,False,False,False
AD001786,AC001381,residence,kyc_origination,2026-04-01,T3,sai residency blk a rd 3 doodh dairy ke bagal mein green park layout navanagara east 983001,sai residency blk a rd 3 doodh dairy ke bagal mein green park layout navanagara east,983001,True,False,False,False,False
AD001787,AC001382,residence,kyc_origination,2026-04-01,T3,104 nr pds shop sunrise enclave navanagara east 98304,104 nr pds shop sunrise enclave navanagara east 98304,,False,False,False,False,False
AD001788,AC001383,residence,kyc_origination,2026-04-01,T1,243 11th cross 5th main rd close to water tank ashoka lyt kaveripura 960104,243 11th cross 5th main rd close to water tank ashoka lyt kaveripura,960104,True,True,False,False,False
AD001789,AC001384,residence,kyc_origination,2026-04-01,T1,house 72 6th cross 7th main close to milk booth basava nagar kaveripura 960101,house 72 6th cross 7th main close to milk booth basava nagar kaveripura,960101,True,True,False,True,False
AD001790,AC001385,residence,kyc_origination,2026-04-01,T1,56 1 14th cross 3rd main nr kalyana mantapa vinayaka nagar kaveripura 960104,56 1 14th cross 3rd main nr kalyana mantapa vinayaka nagar kaveripura,960104,True,True,False,False,False
AD001791,AC001386,residence,kyc_origination,2026-04-01,T1,h no 300 sai residency 5th crs 5th main bus stop hattira vinayaka nagar kaveripura 960104,h no 300 sai residency 5th crs 5th main bus stop hattira vinayaka nagar kaveripura,960104,True,True,False,True,False
AD001792,AC001387,residence,kyc_origination,2026-04-01,T3,blk a rd 5 nr medicals silveer oak layout navanagara east 980301,blk a rd 5 nr medicals silveer oak layout navanagara east,980301,True,True,False,False,False
AD001793,AC001387,permanent_native,kyc_origination,2026-04-01,OUT,village bilagi taluk a district south 999415,village bilagi taluk a district south,999415,True,False,False,False,True
AD001794,AC001388,residence,kyc_origination,2026-04-01,T2,house 313 gali 7 doodh dairy ke pass shivaji nagaar devgarh nagr 970202,house 313 gali 7 doodh dairy ke pass shivaji nagaar devgarh nagr,970202,True,True,False,True,False
AD001795,AC001389,residence,kyc_origination,2026-04-01,T2,house 325 community hall ke pass devgarh nagar 970203,house 325 community hall ke pass devgarh nagar,970203,True,True,False,True,False
AD001796,AC001389,permanent_native,kyc_origination,2026-04-01,OUT,village chikkapura tehsil d district south 991251,village chikkapura tehsil d district south,991251,True,False,False,False,True
AD001797,AC001390,residence,kyc_origination,2026-04-01,T1,4th cross 1st main nr masjid nehru colny kaveripura 960102,4th cross 1st main nr masjid nehru colny kaveripura,960102,True,True,False,False,False
AD001798,AC001391,residence,kyc_origination,2026-04-01,T3,house 80 blk b rd 4 green park layt navanagara east 980301,house 80 blk b rd 4 green park layt navanagara east,980301,True,True,False,True,False
AD001799,AC001392,residence,kyc_origination,2026-04-01,T1,no 199 11th cross 8th main rd near ration shop nehru colny kaveripura 960102,no 199 11th cross 8th main rd near ration shop nehru colny kaveripura,960102,True,True,False,True,False
AD001800,AC001393,residence,kyc_origination,2026-04-01,T1,house 428 5th cross 2nd main nr park nehru colony kaveripura 960102,house 428 5th cross 2nd main nr park nehru colony kaveripura,960102,True,True,False,True,False
AD001801,AC001394,residence,kyc_origination,2026-04-01,T3,no 471 blk a rd 2 lakeview phase 2 navanagara east 980303,no 471 blk a rd 2 lakeview phase 2 navanagara east,980303,True,True,False,True,False
AD001802,AC001395,residence,kyc_origination,2026-04-01,T3,16 3 blk e rd 6 adj ration shop palm meadows navanagara east 980302,16 3 blk e rd 6 adj ration shop palm meadows navanagara east,980302,True,True,False,False,False
AD001803,AC001396,residence,kyc_origination,2026-04-01,T1,445 2 4th crs 6th main vinayaka nagar kaveripura,445 2 4th crs 6th main vinayaka nagar kaveripura,,False,False,False,False,False
AD001804,AC001397,residence,kyc_origination,2026-04-01,T1,no 341 1st x 7th main anjaneya badavane kavreipura 960103,no 341 1st x 7th main anjaneya badavane kavreipura,960103,True,True,False,True,False
AD001805,AC001398,residence,kyc_origination,2026-04-01,T2,gali 11 krishna puri devgarh ngr 970202,gali 11 krishna puri devgarh ngr,970202,True,True,False,False,False
AD001806,AC001398,office,kyc_origination,2026-04-01,T2,डाकघर के सामने indira col devgarh nagar 970202,डाकघर के सामने indira col devgarh nagar,970202,True,True,True,False,False
AD001807,AC001399,residence,kyc_origination,2026-04-01,T2,28 gali no 12 ward 8 azed mohalla devgarh nagar 970203,28 gali no 12 ward 8 azed mohalla devgarh nagar,970203,True,True,False,True,False
AD001808,AC001400,residence,kyc_origination,2026-04-01,T1,178 1 gandhi nagr kaveripura 960102,178 1 gandhi nagr kaveripura,960102,True,True,False,False,False
AD001809,AC001401,residence,kyc_origination,2026-04-01,T2,176 gali 11 adj hanuman temple indira colony devgarh nagar 970202,176 gali 11 adj hanuman temple indira colony devgarh nagar,970202,True,True,False,False,False
AD001810,AC001402,residence,kyc_origination,2026-04-01,T2,बस स्टॉप के पास azad mohalla devgarh ngr 970203,बस स्टॉप के पास azad mohalla devgarh ngr,970203,True,True,True,False,False
AD001811,AC001403,residence,kyc_origination,2026-04-01,T2,416 1 gali no 11 petrol pump ke bagal me azad mohalla devgarh nagar 970203,416 1 gali no 11 petrol pump ke bagal me azad mohalla devgarh nagar,970203,True,True,False,True,False
AD001812,AC001404,residence,kyc_origination,2026-04-01,T3,389 close to bus stand lakeview phase 2 navanagara east 980303,389 close to bus stand lakeview phase 2 navanagara east,980303,True,True,False,False,False
AD001813,AC001405,residence,kyc_origination,2026-04-01,T3,c block 4th road palm meadows navanagara east 980302,c block 4th road palm meadows navanagara east,980302,True,True,False,False,False
AD001814,AC001405,permanent_native,kyc_origination,2026-04-01,OUT,village hosahalli tehsil c district south 993483,village hosahalli tehsil c district south,993483,True,False,False,False,True
AD001815,AC001406,residence,kyc_origination,2026-04-01,T1,h no 42 bus nildana hatira vinayaka ngr kaveripura 960104,h no 42 bus nildana hatira vinayaka ngr kaveripura,960104,True,True,False,True,False
AD001816,AC001407,residence,kyc_origination,2026-04-01,T1,7th cross 4th main kalyana mantapa hindhe kaveripura 960104,7th cross 4th main kalyana mantapa hindhe kaveripura,960104,True,True,False,False,False
AD001817,AC001408,residence,kyc_origination,2026-04-01,T1,house 431 7th cross 1st main rd community haall ke saamne kalyana nagar kaveripura 960104,house 431 7th cross 1st main rd community haall ke saamne kalyana nagar kaveripura,960104,True,True,False,True,False
AD001818,AC001409,residence,kyc_origination,2026-04-01,T1,4th cross 1st main rd near mosque kaveripura,4th cross 1st main rd near mosque kaveripura,,False,False,False,False,False
AD001819,AC001409,permanent_native,kyc_origination,2026-04-01,OUT,village bilagi tehsil c district south 999071,village bilagi tehsil c district south,999071,True,False,False,False,True
AD001820,AC001410,residence,kyc_origination,2026-04-01,T1,no 329 ಪೆಟ್ರೋಲ್ ಬಂಕ್ ಹತ್ತಿರ kalyana nagar kaveripura 960104,no 329 ಪೆಟ್ರೋಲ್ ಬಂಕ್ ಹತ್ತಿರ kalyana nagar kaveripura,960104,True,True,True,True,False
AD001821,AC001411,residence,kyc_origination,2026-04-01,T1,house 395 sai residency 2nd cross 3rd main near masjid nehru colny kaveripura 960102,house 395 sai residency 2nd cross 3rd main near masjid nehru colny kaveripura,960102,True,True,False,True,False
AD001822,AC001412,residence,kyc_origination,2026-04-01,T3,blk b rd 4 nr petrol pump silver oak layout navanagara east 980301,blk b rd 4 nr petrol pump silver oak layout navanagara east,980301,True,True,False,False,False
AD001823,AC001413,residence,kyc_origination,2026-04-01,T3,no 349 b block 1st road navanagara east 980302,no 349 b block 1st road navanagara east,980302,True,True,False,True,False
AD001824,AC001414,residence,kyc_origination,2026-04-01,T3,blk c rd 5 near mosque silver oak layout navanagaara east 980301,blk c rd 5 near mosque silver oak layout navanagaara east,980301,True,True,False,False,False
AD001825,AC001415,residence,kyc_origination,2026-04-01,T2,142 गली नं 9 पानी की टंकी के सामने nehru colony devgarh nagar 970203,142 गली नं 9 पानी की टंकी के सामने nehru colony devgarh nagar,970203,True,True,True,False,False
AD001826,AC001415,permanent_native,kyc_origination,2026-04-01,OUT,village sundarpur taluk b district west 995185,village sundarpur taluk b district west,995185,True,False,False,False,True
AD001827,AC001416,residence,kyc_origination,2026-04-01,T3,261 1 blk f rd 1 close to water tank unity nagar navanagara east 980302,261 1 blk f rd 1 close to water tank unity nagar navanagara east,980302,True,True,False,False,False
AD001828,AC001416,permanent_native,kyc_origination,2026-04-01,OUT,village kodihalli tehsil c district north 994892,village kodihalli tehsil c district north,994892,True,False,False,False,True
AD001829,AC001417,residence,kyc_origination,2026-04-01,T2,sri krishna nivas gali no 12 ward 4 सरकारी स्कूल के पास ram nagar devgarh nagar,sri krishna nivas gali no 12 ward 4 सरकारी स्कूल के पास ram nagar devgarh nagar,,False,False,True,True,False
AD001830,AC001418,residence,kyc_origination,2026-04-01,T2,gali no 10 azad mohalla devgarh nagar 970203,gali no 10 azad mohalla devgarh nagar,970203,True,True,False,True,False
AD001831,AC001419,residence,kyc_origination,2026-04-01,T1,house 404 6th cross 7th mn near mosque kalyana nagar kaveripura 960104,house 404 6th cross 7th mn near mosque kalyana nagar kaveripura,960104,True,True,False,True,False
AD001832,AC001420,residence,kyc_origination,2026-04-01,T3,blk c rd 2 behind church lakeview phase 2 navanagara east 980303,blk c rd 2 behind church lakeview phase 2 navanagara east,980303,True,True,False,False,False
AD001833,AC001421,residence,kyc_origination,2026-04-01,T2,gali no 2 मस्जिद के पास patel ngr devgarh nagar 970202,gali no 2 मस्जिद के पास patel ngr devgarh nagar,970202,True,True,True,True,False
AD001834,AC001422,residence,kyc_origination,2026-04-01,T1,h no 203 4th cross 7th main rd nr ganapathi temple gandhi ngr kaveripura 960102,h no 203 4th cross 7th main rd nr ganapathi temple gandhi ngr kaveripura,960102,True,True,False,True,False
AD001835,AC001423,residence,kyc_origination,2026-04-01,T2,447 2 gali 2 nr park azad mohalla devgarh nagar 970230,447 2 gali 2 nr park azad mohalla devgarh nagar,970230,True,False,False,False,False
AD001836,AC001424,residence,kyc_origination,2026-04-01,T1,9th cross 7th main bhd petrol bunk vinayaka ngr kaveripura 960104,9th cross 7th main bhd petrol bunk vinayaka ngr kaveripura,960104,True,True,False,False,False
AD001837,AC001424,office,kyc_origination,2026-04-01,T1,house 425 6th cross 7th maiin b h masji kalyana ngr kaveripura 960104,house 425 6th cross 7th maiin b h masji kalyana ngr kaveripura,960104,True,True,False,True,False
AD001838,AC001425,residence,kyc_origination,2026-04-01,T3,69 2 b block 6th rd orchid enclave navanagara east 980301,69 2 b block 6th rd orchid enclave navanagara east,980301,True,True,False,False,False
AD001839,AC001426,residence,kyc_origination,2026-04-01,T2,gali no 4 shastri nagr devgarh nagar 970201,gali no 4 shastri nagr devgarh nagar,970201,True,True,False,True,False
AD001840,AC001427,residence,kyc_origination,2026-04-01,T3,227 sai residency d block 4th road near government school teachers colny navanagara east 980302,227 sai residency d block 4th road near government school teachers colny navanagara east,980302,True,True,False,False,False
AD001841,AC001427,office,kyc_origination,2026-04-01,T3,house 411 blk f rd 4 lakeview phase 2 navanagara east 980303,house 411 blk f rd 4 lakeview phase 2 navanagara east,980303,True,True,False,True,False
AD001842,AC001428,residence,kyc_origination,2026-04-01,T3,sai residency blk e rd 4 near bus stand green park lyt navanagara east 980301,sai residency blk e rd 4 near bus stand green park lyt navanagara east,980301,True,True,False,False,False
AD001843,AC001428,permanent_native,kyc_origination,2026-04-01,OUT,village sundarpur tehsil d district south 993953,village sundarpur tehsil d district south,993953,True,False,False,False,True
AD001844,AC001429,residence,kyc_origination,2026-04-01,T2,gali no 12 hanuman mandir ke paas shastri nagar devgarh nagar 970201,gali no 12 hanuman mandir ke paas shastri nagar devgarh nagar,970201,True,True,False,True,False
AD001845,AC001430,residence,kyc_origination,2026-04-01,T3,no 329 blk a rd 3 lakeview phase 2 navanagara east 980303,no 329 blk a rd 3 lakeview phase 2 navanagara east,980303,True,True,False,True,False
AD001846,AC001430,office,kyc_origination,2026-04-01,T3,green park layout navanagara east 980301,green park layout navanagara east,980301,True,True,False,False,False
AD001847,AC001431,residence,kyc_origination,2026-04-01,T3,c blk 1st road masidi hattira railway colny navanagara east 980303,c blk 1st road masidi hattira railway colny navanagara east,980303,True,True,False,False,False
AD001848,AC001431,office,kyc_origination,2026-04-01,T3,244 3 f block 6th rd nr bus stand green park lyt navanagara east 980301,244 3 f block 6th rd nr bus stand green park lyt navanagara east,980301,True,True,False,False,False
AD001849,AC001432,residence,kyc_origination,2026-04-01,T1,house 467 11th cross 6th main sarkari shaale hattira anjaneya badavane kaveripura 960103,house 467 11th cross 6th main sarkari shaale hattira anjaneya badavane kaveripura,960103,True,True,False,True,False
AD001850,AC001433,residence,kyc_origination,2026-04-01,T1,3rd cross 4th main neerina tank hattira basava nagar kaveripura 960101,3rd cross 4th main neerina tank hattira basava nagar kaveripura,960101,True,True,False,False,False
AD001851,AC001434,residence,kyc_origination,2026-04-01,T2,gali 8 close to kalyana mantapa devgarh nagar 970202,gali 8 close to kalyana mantapa devgarh nagar,970202,True,True,False,False,False
AD001852,AC001435,residence,kyc_origination,2026-04-01,T2,no 238 गली नं 3 राशन की दुकान के पास shivaji nagar devgarh nagar 970202,no 238 गली नं 3 राशन की दुकान के पास shivaji nagar devgarh nagar,970202,True,True,True,True,False
AD001853,AC001435,office,kyc_origination,2026-04-01,T2,house 12 shastri nagr devagrh nagar 970201,house 12 shastri nagr devagrh nagar,970201,True,True,False,True,False
AD001854,AC001436,residence,kyc_origination,2026-04-01,T3,h no 405 blk e rd 2 nr govt school teachers colony navanagara east 980302,h no 405 blk e rd 2 nr govt school teachers colony navanagara east,980302,True,True,False,True,False
AD001855,AC001437,residence,kyc_origination,2026-04-01,T2,h no 420 gali no 6 opposite government school krishna puri devgarh nagar 97022,h no 420 gali no 6 opposite government school krishna puri devgarh nagar 97022,,False,False,False,True,False
AD001856,AC001438,residence,kyc_origination,2026-04-01,T3,d block 4th rd close to govt school hmt col navanagara east 980301,d block 4th rd close to govt school hmt col navanagara east,980301,True,True,False,False,False
AD001857,AC001439,residence,kyc_origination,2026-04-01,T2,no 251 gali no 4 dawai ki dukaan ke peeche patel nagar devgarh nagr 970202,no 251 gali no 4 dawai ki dukaan ke peeche patel nagar devgarh nagr,970202,True,True,False,True,False
AD001858,AC001440,residence,kyc_origination,2026-04-01,T2,gali no 6 beside overhead tank devgarh nagar 970202,gali no 6 beside overhead tank devgarh nagar,970202,True,True,False,True,False
AD001859,AC001441,residence,kyc_origination,2026-04-01,T3,blk c rd 2 sunrise enclave navanagara east 980304,blk c rd 2 sunrise enclave navanagara east,980304,True,True,False,False,False
AD001860,AC001442,residence,kyc_origination,2026-04-01,T3,h no 358 blk b rd 5 close to post office silver oak layout navanagara east 980301,h no 358 blk b rd 5 close to post office silver oak layout navanagara east,980301,True,True,False,True,False
AD001861,AC001442,office,kyc_origination,2026-04-01,T3,hoouse 352 blk d rd 4 palm meadows navanagara east 980302,hoouse 352 blk d rd 4 palm meadows navanagara east,980302,True,True,False,False,False
AD001862,AC001443,residence,kyc_origination,2026-04-01,T1,no 429 9th cross 1st main rd masidi hattira kaveripura 960104,no 429 9th cross 1st main rd masidi hattira kaveripura,960104,True,True,False,True,False
AD001863,AC001444,residence,kyc_origination,2026-04-01,T2,407 1 gali no 7 ward 9 near milk booth devgarh ngaar 970201,407 1 gali no 7 ward 9 near milk booth devgarh ngaar,970201,True,True,False,True,False
AD001864,AC001445,residence,kyc_origination,2026-04-01,T3,259 lakshmi nilaya blk c rd 2 near petrol bunk orchid enclave navanagara east 980301,259 lakshmi nilaya blk c rd 2 near petrol bunk orchid enclave navanagara east,980301,True,True,False,False,False
AD001865,AC001445,office,kyc_origination,2026-04-01,T3,ಬಸ್ ನಿಲ್ದಾಣ ಹತ್ತಿರ royal gardens navanagara east 980303,ಬಸ್ ನಿಲ್ದಾಣ ಹತ್ತಿರ royal gardens navanagara east,980303,True,True,True,False,False
AD001866,AC001446,residence,kyc_origination,2026-04-01,T2,459 1 गली नं 1 shivaji nagar devgarh nagar 970202,459 1 गली नं 1 shivaji nagar devgarh nagar,970202,True,True,True,False,False
AD001867,AC001447,residence,kyc_origination,2026-04-01,T1,8th cross 7th main rd vidya ngr kaveripura 960103,8th cross 7th main rd vidya ngr kaveripura,960103,True,True,False,False,False
AD001868,AC001448,residence,kyc_origination,2026-04-01,T3,h no 136 blk f rd 2 nr post office silver oak layt navanagara east 980301,h no 136 blk f rd 2 nr post office silver oak layt navanagara east,980301,True,True,False,True,False
AD001869,AC001448,permanent_native,kyc_origination,2026-04-01,OUT,village hosahalli taluk a district west 994575,village hosahalli taluk a district west,994575,True,False,False,False,True
AD001870,AC001449,residence,kyc_origination,2026-04-01,T1,no 251 8th cross 2nd main rd opposite medical store kaveripura 960103,no 251 8th cross 2nd main rd opposite medical store kaveripura,960103,True,True,False,True,False
AD001871,AC001450,residence,kyc_origination,2026-04-01,T1,h no 339 5th cross 3rd main rd near medical store kaveripura 960102,h no 339 5th cross 3rd main rd near medical store kaveripura,960102,True,True,False,True,False
AD001872,AC001451,residence,kyc_origination,2026-04-01,T3,365 f blick 3rd road ganesh mandir ke paas silver oak layout navanagara east 980304,365 f blick 3rd road ganesh mandir ke paas silver oak layout navanagara east,980304,True,True,False,False,False
AD001873,AC001451,office,kyc_origination,2026-04-01,T3,house 251 c block 4th road defence colny navanagara east 980301,house 251 c block 4th road defence colny navanagara east,980301,True,True,False,True,False
AD001874,AC001452,residence,kyc_origination,2026-04-01,T2,no 139 gali no 6 next to post office shastri nagr devgarh nagar 970201,no 139 gali no 6 next to post office shastri nagr devgarh nagar,970201,True,True,False,True,False
AD001875,AC001453,residence,kyc_origination,2026-04-01,T2,gali 5 krishna puri devgarh nagar 970202,gali 5 krishna puri devgarh nagar,970202,True,True,False,False,False
AD001876,AC001453,office,kyc_origination,2026-04-01,T2,gali no 9 close to hanuman temple tilak nagr devgarh nagar 970203,gali no 9 close to hanuman temple tilak nagr devgarh nagar,970203,True,True,False,True,False
AD001877,AC001454,residence,kyc_origination,2026-04-01,T2,gali 12 krishna puri devgarh nagar 970202,gali 12 krishna puri devgarh nagar,970202,True,True,False,False,False
AD001878,AC001455,residence,kyc_origination,2026-04-01,T1,1st cross 4th mai opposite post office vinayaka nagar kaveripura 960104,1st cross 4th mai opposite post office vinayaka nagar kaveripura,960104,True,True,False,False,False
AD001879,AC001456,residence,kyc_origination,2026-04-01,T1,h o 431 om sai complex 9th x 3rd main gandhi nagar kaveripura 960102,h o 431 om sai complex 9th x 3rd main gandhi nagar kaveripura,960102,True,True,False,False,False
AD001880,AC001457,residence,kyc_origination,2026-04-01,T3,blk a rd 6 nyayabele angadi hattira lakeview phase 2 navanagara east 980303,blk a rd 6 nyayabele angadi hattira lakeview phase 2 navanagara east,980303,True,True,False,False,False
AD001881,AC001458,residence,kyc_origination,2026-04-01,T1,house 33 close to pds shop kuvempu layout kaveripura 960101,house 33 close to pds shop kuvempu layout kaveripura,960101,True,True,False,True,False
AD001882,AC001458,office,kyc_origination,2026-04-01,T1,123 7th cross 4th main gandhi nagar kaveripura 960102,123 7th cross 4th main gandhi nagar kaveripura,960102,True,True,False,False,False
AD001883,AC001459,residence,kyc_origination,2026-04-01,T1,2nd cross 5th main nehru col kaveripura 906102,2nd cross 5th main nehru col kaveripura,906102,True,False,False,False,False
AD001884,AC001460,residence,kyc_origination,2026-04-01,T3,no 274 blk d rd 1 unity nagar navanagara east 980302,no 274 blk d rd 1 unity nagar navanagara east,980302,True,True,False,True,False
AD001885,AC001461,residence,kyc_origination,2026-04-01,T3,no 471 sai residency blk f rd 5 near pharmacy navaangara east,no 471 sai residency blk f rd 5 near pharmacy navaangara east,,False,False,False,True,False
AD001886,AC001462,residence,kyc_origination,2026-04-01,T3,h no 355 blk c rd 5 palm meadows navanagara east 980302,h no 355 blk c rd 5 palm meadows navanagara east,980302,True,True,False,True,False
AD001887,AC001462,permanent_native,kyc_origination,2026-04-01,OUT,village kodihalli tehsil d district south 999856,village kodihalli tehsil d district south,999856,True,False,False,False,True
AD001888,AC001463,residence,kyc_origination,2026-04-01,T1,ಬಸ್ ನಿಲ್ದಾಣ ಹಿಂದೆ hosa badvane kaveripura 960101,ಬಸ್ ನಿಲ್ದಾಣ ಹಿಂದೆ hosa badvane kaveripura,960101,True,True,True,False,False
AD001889,AC001464,residence,kyc_origination,2026-04-01,T1,6th cross 5th main shanthi nagar kaveripura 960101,6th cross 5th main shanthi nagar kaveripura,960101,True,True,False,False,False
AD001890,AC001465,residence,kyc_origination,2026-04-01,T3,363 blk f rd 5 teachers colony navanagara east 980302,363 blk f rd 5 teachers colony navanagara east,980302,True,True,False,False,False
AD001891,AC001466,residence,kyc_origination,2026-04-01,T3,blk d rd 6 near petrol pump silver oak lyt navanagara east 980301,blk d rd 6 near petrol pump silver oak lyt navanagara east,980301,True,True,False,False,False
AD001892,AC001467,residence,kyc_origination,2026-04-01,T3,house 200 annapoorna nilaya e block 6th road ಮೆಡಿಕಲ್ ಶಾಪ್ ಹತ್ತಿರ hmt colony navanagara east 980301,house 200 annapoorna nilaya e block 6th road ಮೆಡಿಕಲ್ ಶಾಪ್ ಹತ್ತಿರ hmt colony navanagara east,980301,True,True,True,True,False
AD001893,AC001467,permanent_native,kyc_origination,2026-04-01,OUT,village devipur tehsil d district west 993792,village devipur tehsil d district west,993792,True,False,False,False,True
AD001894,AC001468,residence,kyc_origination,2026-04-01,T2,no 1 gali no 5 dak ghar ke paas nehru col devgarh nagar 970203,no 1 gali no 5 dak ghar ke paas nehru col devgarh nagar,970203,True,True,False,True,False
AD001895,AC001469,residence,kyc_origination,2026-04-01,T3,no 72 a blk 6th rd b h ration shop unity nagar navanagara east 980302,no 72 a blk 6th rd b h ration shop unity nagar navanagara east,980302,True,True,False,True,False
AD001896,AC001470,residence,kyc_origination,2026-04-01,T3,239 1 f block 4th road silver oak layout navanagara east 980301,239 1 f block 4th road silver oak layout navanagara east,980301,True,True,False,False,False
AD001897,AC001470,office,kyc_origination,2026-04-01,T3,house 386 blk c rd 6 opposite ganapathi temple orchid enclave navanagara east 980301,house 386 blk c rd 6 opposite ganapathi temple orchid enclave navanagara east,980301,True,True,False,True,False
AD001898,AC001471,residence,kyc_origination,2026-04-01,T2,64 1 devgarh nagr 970203,64 1 devgarh nagr,970203,True,True,False,False,False
AD001899,AC001472,residence,kyc_origination,2026-04-01,T1,no 441 haalina daory hattira nehru colny kaveripura 960102,no 441 haalina daory hattira nehru colny kaveripura,960102,True,True,False,True,False
AD001900,AC001473,residence,kyc_origination,2026-04-01,T1,137 11th cross 4th main opp govt school basava nagar kaveripura,137 11th cross 4th main opp govt school basava nagar kaveripura,,False,False,False,False,False
AD001901,AC001474,residence,kyc_origination,2026-04-01,T3,383 3 blk e rd 3 close to community hall green park layout navanagara east 980301,383 3 blk e rd 3 close to community hall green park layout navanagara east,980301,True,True,False,False,False
AD001902,AC001474,office,kyc_origination,2026-04-01,T3,house 127 blk a rd 5 opp ganesh temple hmt colony navanagara east 980302,house 127 blk a rd 5 opp ganesh temple hmt colony navanagara east,980302,True,True,False,True,False
AD001903,AC001475,residence,kyc_origination,2026-04-01,T1,house 437 8th cr 3rd main bhd ratoin shop kaveripura 960103,house 437 8th cr 3rd main bhd ratoin shop kaveripura,960103,True,True,False,True,False
AD001904,AC001476,residence,kyc_origination,2026-04-01,T1,h no 284 2nd cross 2nd main basava nagar kaveripura 960101,h no 284 2nd cross 2nd main basava nagar kaveripura,960101,True,True,False,True,False
AD001905,AC001477,residence,kyc_origination,2026-04-01,T2,h no 359 gali no 2 indira colony devgarh nagar 970201,h no 359 gali no 2 indira colony devgarh nagar,970201,True,True,False,True,False
AD001906,AC001478,residence,kyc_origination,2026-04-01,T3,433 b blk 6th road nr bus stop navanagara east 980301,433 b blk 6th road nr bus stop navanagara east,980301,True,True,False,False,False
AD001907,AC001479,residence,kyc_origination,2026-04-01,T2,house 469 gali no 3 ward 10 nr ration shop krishna puri devgarh nagar 970202,house 469 gali no 3 ward 10 nr ration shop krishna puri devgarh nagar,970202,True,True,False,True,False
AD001908,AC001480,residence,kyc_origination,2026-04-01,T3,no 173 blk f rd 5 ಸರ್ಕಾರಿ ಶಾಲೆ ಹತ್ತಿರ silver oak layout navanagara east 980301,no 173 blk f rd 5 ಸರ್ಕಾರಿ ಶಾಲೆ ಹತ್ತಿರ silver oak layout navanagara east,980301,True,True,True,True,False
AD001909,AC001481,residence,kyc_origination,2026-04-01,T1,448 6th cr 8th mn kaveripura 960104,448 6th cr 8th mn kaveripura,960104,True,True,False,False,False
AD001910,AC001481,office,kyc_origination,2026-04-01,T1,10th x 4th main rd bus stop edhuru hosa badavane kaveripura 960101,10th x 4th main rd bus stop edhuru hosa badavane kaveripura,960101,True,True,False,False,False
AD001911,AC001482,residence,kyc_origination,2026-04-01,T2,151 2 gali 2 ward 2 nr park devgarh nagar 970202,151 2 gali 2 ward 2 nr park devgarh nagar,970202,True,True,False,False,False
AD001912,AC001483,residence,kyc_origination,2026-04-01,T2,no 222 nehru colony devgarh nagar 970203,no 222 nehru colony devgarh nagar,970203,True,True,False,True,False
AD001913,AC001483,office,kyc_origination,2026-04-01,T2,gali 7 opp hanuman temple subhash nagr devgarh nagar 970201,gali 7 opp hanuman temple subhash nagr devgarh nagar,970201,True,True,False,False,False
AD001914,AC001484,residence,kyc_origination,2026-04-01,T2,om sai complex opp mosque tilak nagar devgarh nagar 970203,om sai complex opp mosque tilak nagar devgarh nagar,970203,True,True,False,False,False
AD001915,AC001484,permanent_native,kyc_origination,2026-04-01,OUT,village chikkapura taluk a district east 999909,village chikkapura taluk a district east,999909,True,False,False,False,True
AD001916,AC001485,residence,kyc_origination,2026-04-01,T2,opposite hanman temple shastri nagr devgarh nagar 970201,opposite hanman temple shastri nagr devgarh nagar,970201,True,True,False,False,False
AD001917,AC001485,office,kyc_origination,2026-04-01,T2,house 252 गली नं 6 बस स्टॉप के पास indira col devgarh nagr 970202,house 252 गली नं 6 बस स्टॉप के पास indira col devgarh nagr,970202,True,True,True,True,False
AD001918,AC001486,residence,kyc_origination,2026-04-01,T2,h no 196 गली नं 11 ward 3 राशन की दुकान के पीछे ambedkar nagar devgarh nagar 970204,h no 196 गली नं 11 ward 3 राशन की दुकान के पीछे ambedkar nagar devgarh nagar,970204,True,True,True,True,False
AD001919,AC001487,residence,kyc_origination,2026-04-01,T3,h no 473 f block 7th road sarkari shaale hattira orchid enclave navanagara east 980301,h no 473 f block 7th road sarkari shaale hattira orchid enclave navanagara east,980301,True,True,False,True,False
AD001920,AC001488,residence,kyc_origination,2026-04-01,T3,e block 6th rd close to pds shop lakeview phase 2 navanagara east 980303,e block 6th rd close to pds shop lakeview phase 2 navanagara east,980303,True,True,False,False,False
AD001921,AC001489,residence,kyc_origination,2026-04-01,T3,blk f rd 6 close to masjid teachers colony navanagara east 980302,blk f rd 6 close to masjid teachers colony navanagara east,980302,True,True,False,False,False
AD001922,AC001490,residence,kyc_origination,2026-04-01,T3,house 112 a blk 4th road nyayabele angadi eduru ocrhid enclave navanagara esat 980304,house 112 a blk 4th road nyayabele angadi eduru ocrhid enclave navanagara esat,980304,True,True,False,True,False
AD001923,AC001491,residence,kyc_origination,2026-04-01,T2,gali 10 ganesh mandir ke peeche azad mohalla devgarh nagar 970203,gali 10 ganesh mandir ke peeche azad mohalla devgarh nagar,970203,True,True,False,False,False
AD001924,AC001491,office,kyc_origination,2026-04-01,T2,बस स्टॉप के सामने gandhi basti devgarh nagar 970203,बस स्टॉप के सामने gandhi basti devgarh nagar,970203,True,True,True,False,False
AD001925,AC001492,residence,kyc_origination,2026-04-01,T3,335 blk a rd 5 ration ki dukaan ke samne orchid enclave navanagara east 980301,335 blk a rd 5 ration ki dukaan ke samne orchid enclave navanagara east,980301,True,True,False,False,False
AD001926,AC001492,office,kyc_origination,2026-04-01,T3,h no 247 blk c rd 1 nr petrol pump royal gardens navanagara east 980303,h no 247 blk c rd 1 nr petrol pump royal gardens navanagara east,980303,True,True,False,True,False
AD001927,AC001493,residence,kyc_origination,2026-04-01,T2,no 177 green view apts gali no 4 bus stop ke pass devgarh nagar 970203,no 177 green view apts gali no 4 bus stop ke pass devgarh nagar,970203,True,True,False,True,False
AD001928,AC001493,office,kyc_origination,2026-04-01,T2,house 108 गली नं 7 ward 8 सरकारी स्कूल के सामने azad mohalla devgarh nagar 970203,house 108 गली नं 7 ward 8 सरकारी स्कूल के सामने azad mohalla devgarh nagar,970203,True,True,True,True,False
AD001929,AC001494,residence,kyc_origination,2026-04-01,T2,31 gali no 2 ward 6 nehru colony devgarh nagar 970203,31 gali no 2 ward 6 nehru colony devgarh nagar,970203,True,True,False,True,False
AD001930,AC001495,residence,kyc_origination,2026-04-01,T1,no 56 2nd cross 6th main rd close to milk booth nehru colony kaveripura 960101,no 56 2nd cross 6th main rd close to milk booth nehru colony kaveripura,960101,True,True,False,True,False
AD001931,AC001496,residence,kyc_origination,2026-04-01,T2,house 224 गली नं 1 ward 9 devgarh nagar 970201,house 224 गली नं 1 ward 9 devgarh nagar,970201,True,True,True,True,False
AD001932,AC001497,residence,kyc_origination,2026-04-01,T3,blk e rd 3 bhd park orchid enclave navanagara east 980301,blk e rd 3 bhd park orchid enclave navanagara east,980301,True,True,False,False,False
AD001933,AC001498,residence,kyc_origination,2026-04-01,T3,no 26 c blk 5th rd udyanavana edhuru palm meadows navanagara east 980302,no 26 c blk 5th rd udyanavana edhuru palm meadows navanagara east,980302,True,True,False,True,False
AD001934,AC001498,office,kyc_origination,2026-04-01,T3,house 223 blk a rd 1 silver oak layout navanagara eat 980301,house 223 blk a rd 1 silver oak layout navanagara eat,980301,True,True,False,True,False
AD001935,AC001499,residence,kyc_origination,2026-04-01,T1,466 nr ganessh temple vinayaka nagar kaveripura 960104,466 nr ganessh temple vinayaka nagar kaveripura,960104,True,True,False,False,False
AD001936,AC001499,permanent_native,kyc_origination,2026-04-01,OUT,village kodihalli tehsil c district west 998136,village kodihalli tehsil c district west,998136,True,False,False,False,True
AD001937,AC001500,residence,kyc_origination,2026-04-01,T2,house 342 gali 10 ward 8 petrol pump ke pass azad mohalla devgarh nagar 970203,house 342 gali 10 ward 8 petrol pump ke pass azad mohalla devgarh nagar,970203,True,True,False,True,False
AD001938,AC001501,residence,kyc_origination,2026-04-01,T2,no 188 gali 3 adj church shastri nagra devgarh nagar 970201,no 188 gali 3 adj church shastri nagra devgarh nagar,970201,True,True,False,True,False
AD001939,AC001502,residence,kyc_origination,2026-04-01,T3,40 1 doodh dairy ke pass green park layout navanagara east 980301,40 1 doodh dairy ke pass green park layout navanagara east,980301,True,True,False,False,False
AD001940,AC001503,residence,kyc_origination,2026-04-01,T1,no 445 1st cross 8th main vidya nagar kaveripura 960103,no 445 1st cross 8th main vidya nagar kaveripura,960103,True,True,False,True,False
AD001941,AC001503,office,kyc_origination,2026-04-01,T1,h no 184 6th crs 1st main haalina dairy hattira anjaneya badavane kaveripura 960103,h no 184 6th crs 1st main haalina dairy hattira anjaneya badavane kaveripura,960103,True,True,False,True,False
AD001942,AC001504,residence,kyc_origination,2026-04-01,T2,nr milk booth shastri nagr devgarh nagar 970201,nr milk booth shastri nagr devgarh nagar,970201,True,True,False,False,False
AD001943,AC001505,residence,kyc_origination,2026-04-01,T3,houe 411 blk e rd 1 palm meadows navanagara east 980303,houe 411 blk e rd 1 palm meadows navanagara east,980303,True,True,False,False,False
AD001944,AC001506,residence,kyc_origination,2026-04-01,T2,gali 12 krishna puri devgarh nagar 970202,gali 12 krishna puri devgarh nagar,970202,True,True,False,False,False
AD001945,AC001507,residence,kyc_origination,2026-04-01,T1,1st crs 2nd main nr ganapathi temple vinayaka nagar kaveripura 960104,1st crs 2nd main nr ganapathi temple vinayaka nagar kaveripura,960104,True,True,False,False,False
AD001946,AC001508,residence,kyc_origination,2026-04-01,T3,no 98 blk c rd 2 nr milk booth hmt colny navanagara east 980301,no 98 blk c rd 2 nr milk booth hmt colny navanagara east,980301,True,True,False,True,False
AD001947,AC001509,residence,kyc_origination,2026-04-01,T3,blk e rd 4 nr petrol pump orchid enclave navanagara east 980301,blk e rd 4 nr petrol pump orchid enclave navanagara east,980301,True,True,False,False,False
AD001948,AC001510,residence,kyc_origination,2026-04-01,T2,h no 339 gali no 2 ward 9 shastri nagar devgarh nagar,h no 339 gali no 2 ward 9 shastri nagar devgarh nagar,,False,False,False,True,False
AD001949,AC001511,residence,kyc_origination,2026-04-01,T1,389 1st cr 6th main nr milk dairy nehru col kaveripura 960102,389 1st cr 6th main nr milk dairy nehru col kaveripura,960102,True,True,False,False,False
AD001950,AC001512,residence,kyc_origination,2026-04-01,T2,80 opp govt school patel nagar devgarh nagar 970202,80 opp govt school patel nagar devgarh nagar,970202,True,True,False,False,False
AD001951,AC001513,residence,kyc_origination,2026-04-01,T2,sri krishna nivas gali no 2 ward 12 tilak nagar devgarh nagar 970204,sri krishna nivas gali no 2 ward 12 tilak nagar devgarh nagar,970204,True,True,False,True,False
AD001952,AC001514,residence,kyc_origination,2026-04-01,T2,233 gali 6 ward 8 azad mohaalla devgarh nagar 970203,233 gali 6 ward 8 azad mohaalla devgarh nagar,970203,True,True,False,False,False
AD001953,AC001515,residence,kyc_origination,2026-04-01,T2,gali no 12 medical store ke paas shastri nagr devgarh nagar,gali no 12 medical store ke paas shastri nagr devgarh nagar,,False,False,False,True,False
AD001954,AC001516,residence,kyc_origination,2026-04-01,T2,गली नं 11 राशन की दुकान के पास patel nagr devgarh nagar 970203,गली नं 11 राशन की दुकान के पास patel nagr devgarh nagar,970203,True,True,True,False,False
AD001955,AC001516,office,kyc_origination,2026-04-01,T2,house 70 gali 7 ward 6 medical store ke pass nehru colony devgarh nagar 970203,house 70 gali 7 ward 6 medical store ke pass nehru colony devgarh nagar,970203,True,True,False,True,False
AD001956,AC001517,residence,kyc_origination,2026-04-01,T3,blk a rd 2 unity nagr navanagara east 980302,blk a rd 2 unity nagr navanagara east,980302,True,True,False,False,False
AD001957,AC001518,residence,kyc_origination,2026-04-01,T3,447 b block 7th road ನೀರಿನ ಟ್ಯಾಂಕ್ ಹತ್ತಿರ teachers colny navanagara east 980302,447 b block 7th road ನೀರಿನ ಟ್ಯಾಂಕ್ ಹತ್ತಿರ teachers colny navanagara east,980302,True,True,True,False,False
AD001958,AC001519,residence,kyc_origination,2026-04-01,T3,house 454 blk e rd 3 nr ration shop lakeview phase 2 navanagara east 980303,house 454 blk e rd 3 nr ration shop lakeview phase 2 navanagara east,980303,True,True,False,True,False
AD001959,AC001520,residence,kyc_origination,2026-04-01,T1,h no 27 3rd cross 5th main anjaneya gudi edhuru siddeshwara colony kaveripura 960102,h no 27 3rd cross 5th main anjaneya gudi edhuru siddeshwara colony kaveripura,960102,True,True,False,True,False
AD001960,AC001521,residence,kyc_origination,2026-04-01,T1,428 om sai complex 7th x 2nd mn udyanavana hattira nehru colony kaveripura 960102,428 om sai complex 7th x 2nd mn udyanavana hattira nehru colony kaveripura,960102,True,True,False,False,False
AD001961,AC001522,residence,kyc_origination,2026-04-01,T1,109 2 10th x 8th main near petrol bunk vinayaka ngr kaveripura 960104,109 2 10th x 8th main near petrol bunk vinayaka ngr kaveripura,960104,True,True,False,False,False
AD001962,AC001523,residence,kyc_origination,2026-04-01,T2,gali no 8 ward 11 girja ghar ke pass patel nagar devgarh nagar,gali no 8 ward 11 girja ghar ke pass patel nagar devgarh nagar,,False,False,False,True,False
AD001963,AC001524,residence,kyc_origination,2026-04-01,T2,gali 2 ward 9 girja ghar ke pass shastri nagar devgrah nagar 970201,gali 2 ward 9 girja ghar ke pass shastri nagar devgrah nagar,970201,True,True,False,False,False
AD001964,AC001525,residence,kyc_origination,2026-04-01,T3,e block 1st road near post office palm meadows navanagara east 980302,e block 1st road near post office palm meadows navanagara east,980302,True,True,False,False,False
AD001965,AC001526,residence,kyc_origination,2026-04-01,T2,ganga apartments गली नं 12 मेडिकल स्टोर के पास gandhi basti devgarh nagar 970203,ganga apartments गली नं 12 मेडिकल स्टोर के पास gandhi basti devgarh nagar,970203,True,True,True,False,False
AD001966,AC001526,office,kyc_origination,2026-04-01,T2,h no 8 annapoorna nilaya gali no 2 ward 10 bus adda ke pass krishna puri devgarh nagar 970204,h no 8 annapoorna nilaya gali no 2 ward 10 bus adda ke pass krishna puri devgarh nagar,970204,True,True,False,True,False
AD001967,AC001527,residence,kyc_origination,2026-04-01,T1,no 59 4th cr 2nd main kalyana ngr kaveripura 960104,no 59 4th cr 2nd main kalyana ngr kaveripura,960104,True,True,False,True,False
AD001968,AC001528,residence,kyc_origination,2026-04-01,T2,gali no 10 ward 6 opposite water tank nehru colony devgarh nagar,gali no 10 ward 6 opposite water tank nehru colony devgarh nagar,,False,False,False,True,False
AD001969,AC001529,residence,kyc_origination,2026-04-01,T2,no 364 gali no 1 bhd bus stand subhash nagar devgarh ngr 970201,no 364 gali no 1 bhd bus stand subhash nagar devgarh ngr,970201,True,True,False,True,False
AD001970,AC001530,residence,kyc_origination,2026-04-01,T1,h no 316 nera ganapathi temple vinayaka ngr kaveripura,h no 316 nera ganapathi temple vinayaka ngr kaveripura,,False,False,False,True,False
AD001971,AC001531,residence,kyc_origination,2026-04-01,T2,no 42 gali 8 krishna puri devgarh nagar 970202,no 42 gali 8 krishna puri devgarh nagar,970202,True,True,False,True,False
AD001972,AC001532,residence,kyc_origination,2026-04-01,T1,house 252 9th x 4th main rd ganapathi gudi hattira gandhi nagar kaveripura 960101,house 252 9th x 4th main rd ganapathi gudi hattira gandhi nagar kaveripura,960101,True,True,False,True,False
AD001973,AC001533,residence,kyc_origination,2026-04-01,T1,annapoorna nilaya 4th cross 2nd min near church kaveripura 960102,annapoorna nilaya 4th cross 2nd min near church kaveripura,960102,True,True,False,False,False
AD001974,AC001534,residence,kyc_origination,2026-04-01,T2,432 2 gali 9 b h gvt school gandhi basti devgarh nagar,432 2 gali 9 b h gvt school gandhi basti devgarh nagar,,False,False,False,False,False
AD001975,AC001534,permanent_native,kyc_origination,2026-04-01,OUT,village rampura kalan taluk a district east 992010,village rampura kalan taluk a district east,992010,True,False,False,False,True
AD001976,AC001535,residence,kyc_origination,2026-04-01,T3,f block 4th roadd jama masjid ke paas palm meadows navanagara east 980302,f block 4th roadd jama masjid ke paas palm meadows navanagara east,980302,True,True,False,False,False
AD001977,AC001536,residence,kyc_origination,2026-04-01,T3,e blk 2nd road lakeview phase 2 navanagara east,e blk 2nd road lakeview phase 2 navanagara east,,False,False,False,False,False
AD001978,AC001537,residence,kyc_origination,2026-04-01,T1,336 4th cr 8th mn behind milk dairy nehru col kaveripura 960102,336 4th cr 8th mn behind milk dairy nehru col kaveripura,960102,True,True,False,False,False
AD001979,AC001537,permanent_native,kyc_origination,2026-04-01,OUT,village devipur taluk a district north 991289,village devipur taluk a district north,991289,True,False,False,False,True
AD001980,AC001538,residence,kyc_origination,2026-04-01,T2,gali no 11 dawai ki dukaan ke pass shivaji ngar devgarh nagar 970202,gali no 11 dawai ki dukaan ke pass shivaji ngar devgarh nagar,970202,True,True,False,True,False
AD001981,AC001538,permanent_native,kyc_origination,2026-04-01,OUT,village sundarpur taluk a district north 995319,village sundarpur taluk a district north,995319,True,False,False,False,True
AD001982,AC001539,residence,kyc_origination,2026-04-01,T3,no 321 b blk 5th rd jama masjid ke peeche silver oak lyt navanagara east 980301,no 321 b blk 5th rd jama masjid ke peeche silver oak lyt navanagara east,980301,True,True,False,True,False
AD001983,AC001540,residence,kyc_origination,2026-04-01,T3,house 417 lakeview phase 2 navanagara east 980302,house 417 lakeview phase 2 navanagara east,980302,True,True,False,True,False
AD001984,AC001540,office,kyc_origination,2026-04-01,T3,f block 2nd road nr overhead tank defence colny navanagara east 980301,f block 2nd road nr overhead tank defence colny navanagara east,980301,True,True,False,False,False
AD001985,AC001541,residence,kyc_origination,2026-04-01,T3,h no 85 blk f rd 3 medical shop hattira orchid enclave navanagara east 980301,h no 85 blk f rd 3 medical shop hattira orchid enclave navanagara east,980301,True,True,False,True,False
AD001986,AC001541,office,kyc_origination,2026-04-01,T3,house 105 blk a rd 2 opp milk booth navanagara east 980302,house 105 blk a rd 2 opp milk booth navanagara east,980302,True,True,False,True,False
AD001987,AC001542,residence,kyc_origination,2026-04-01,T2,103 2 gali no 1 मस्जिद के पास devgarh nagar 970202,103 2 gali no 1 मस्जिद के पास devgarh nagar,970202,True,True,True,True,False
AD001988,AC001543,residence,kyc_origination,2026-04-01,T3,no 230 f block 5th road nr post office railway colony navanagara east 980304,no 230 f block 5th road nr post office railway colony navanagara east,980304,True,True,False,True,False
AD001989,AC001543,office,kyc_origination,2026-04-01,T3,no 230 a block 6th rd palm meadows navanagara east 980302,no 230 a block 6th rd palm meadows navanagara east,980302,True,True,False,True,False
AD001990,AC001544,residence,kyc_origination,2026-04-01,T3,111 3 blk a rd 5 railway colny navanagara est 9803304,111 3 blk a rd 5 railway colny navanagara est 9803304,,False,False,False,False,False
AD001991,AC001545,residence,kyc_origination,2026-04-01,T1,455 4th x 1st main gandhi ngr kaveripura 960102,455 4th x 1st main gandhi ngr kaveripura,960102,True,True,False,False,False
AD001992,AC001546,residence,kyc_origination,2026-04-01,T1,182 opp pds shop nehru colony kaveripura 960102,182 opp pds shop nehru colony kaveripura,960102,True,True,False,False,False
AD001993,AC001546,office,kyc_origination,2026-04-01,T1,house 184 2nd cross 8th main rd gandhi nagar kaveripura,house 184 2nd cross 8th main rd gandhi nagar kaveripura,,False,False,False,True,False
AD001994,AC001547,residence,kyc_origination,2026-04-01,T3,a block 2nd rd palm meadows navanagara east 980302,a block 2nd rd palm meadows navanagara east,980302,True,True,False,False,False
AD001995,AC001548,residence,kyc_origination,2026-04-01,T3,house 34 blk e rd 2 near mosque teachers colony navanagara east 980302,house 34 blk e rd 2 near mosque teachers colony navanagara east,980302,True,True,False,True,False
AD001996,AC001549,residence,kyc_origination,2026-04-01,T2,217 3 gali no 10 ward 11 near ganesh temple devgarh nagar 970202,217 3 gali no 10 ward 11 near ganesh temple devgarh nagar,970202,True,True,False,True,False
AD001997,AC001549,permanent_native,kyc_origination,2026-04-01,OUT,village rampura kalan taluk a district south 995315,village rampura kalan taluk a district south,995315,True,False,False,False,True
AD001998,AC001550,residence,kyc_origination,2026-04-01,T2,154 1 gali no 5 bagicha ke paas nehru colony devgahr nagar 970203,154 1 gali no 5 bagicha ke paas nehru colony devgahr nagar,970203,True,True,False,True,False
AD001999,AC001551,residence,kyc_origination,2026-04-01,T1,284 3rd cross 3rd main close to post office kaveripura 960104,284 3rd cross 3rd main close to post office kaveripura,960104,True,True,False,False,False
AD002000,AC001552,residence,kyc_origination,2026-04-01,T3,h no 327 ಬಸ್ ನಿಲ್ದಾಣ ಎದುರು silver oak layt navanagara east 980301,h no 327 ಬಸ್ ನಿಲ್ದಾಣ ಎದುರು silver oak layt navanagara east,980301,True,True,True,True,False
AD002001,AC001552,office,kyc_origination,2026-04-01,T3,288 1 blk f rd 6 next to community hall defence colony navanagara east 980301,288 1 blk f rd 6 next to community hall defence colony navanagara east,980301,True,True,False,False,False
AD002002,AC001553,residence,kyc_origination,2026-04-01,T2,251 gali 4 ward 1 near bus stop shivaji nagar devgarh nagar 970204,251 gali 4 ward 1 near bus stop shivaji nagar devgarh nagar,970204,True,True,False,False,False
AD002003,AC001554,residence,kyc_origination,2026-04-01,T2,6 gali no 9 मस्जिद के पास subhash ngr devgarh nagr 970201,6 gali no 9 मस्जिद के पास subhash ngr devgarh nagr,970201,True,True,True,True,False
AD002004,AC001554,office,kyc_origination,2026-04-01,T2,gali no 1 community hall ke pass nehru colny devgarh nagar 970203,gali no 1 community hall ke pass nehru colny devgarh nagar,970203,True,True,False,True,False
AD002005,AC001555,residence,kyc_origination,2026-04-01,T2,house 76 gali no 12 ration ki dukaan ke samne ambedkar nagar devgarh nagar 970204,house 76 gali no 12 ration ki dukaan ke samne ambedkar nagar devgarh nagar,970204,True,True,False,True,False
AD002006,AC001555,permanent_native,kyc_origination,2026-04-01,OUT,village bilagi tehsil c district south 992342,village bilagi tehsil c district south,992342,True,False,False,False,True
AD002007,AC001556,residence,kyc_origination,2026-04-01,T2,no 63 gali no 7 sarkari school ke saamne patel nagar devgarh nagar 970202,no 63 gali no 7 sarkari school ke saamne patel nagar devgarh nagar,970202,True,True,False,True,False
AD002008,AC001557,residence,kyc_origination,2026-04-01,T3,h no 428 blk b rd 1 royal gardens navanagara east 980304,h no 428 blk b rd 1 royal gardens navanagara east,980304,True,True,False,True,False
AD002009,AC001558,residence,kyc_origination,2026-04-01,T3,h no 134 a block 4th rd behind ganapathi temple hmt colony navanagara east 980301,h no 134 a block 4th rd behind ganapathi temple hmt colony navanagara east,980301,True,True,False,True,False
AD002010,AC001558,permanent_native,kyc_origination,2026-04-01,OUT,village bilagi taluk b district south 991983,village bilagi taluk b district south,991983,True,False,False,False,True
AD002011,AC001559,residence,kyc_origination,2026-04-01,T1,house 467 9th cross 6th main girja ghar ke pass kaveripura 960101,house 467 9th cross 6th main girja ghar ke pass kaveripura,960101,True,True,False,True,False
AD002012,AC001559,permanent_native,kyc_origination,2026-04-01,OUT,village rampura kalan taluk b district east 998280,village rampura kalan taluk b district east,998280,True,False,False,False,True
AD002013,AC001560,residence,kyc_origination,2026-04-01,T1,4th cross 4th main rd vidya nagr kaveripura 960104,4th cross 4th main rd vidya nagr kaveripura,960104,True,True,False,False,False
AD002014,AC001560,office,kyc_origination,2026-04-01,T1,11th x 1st main neerina tank hattira shanthi nagar kaveripura 960101,11th x 1st main neerina tank hattira shanthi nagar kaveripura,960101,True,True,False,False,False
AD002015,AC001561,residence,kyc_origination,2026-04-01,T1,148 3 122th cross 1st main basava nagr kaveripura 960110,148 3 122th cross 1st main basava nagr kaveripura,960110,True,False,False,False,False
AD002016,AC001562,residence,kyc_origination,2026-04-01,T1,475 ಆಂಜನೇಯ ದೇವಸ್ಥಾನ ಹತ್ತಿರ nehru colony kaveripura 960102,475 ಆಂಜನೇಯ ದೇವಸ್ಥಾನ ಹತ್ತಿರ nehru colony kaveripura,960102,True,True,True,False,False
AD002017,AC001562,permanent_native,kyc_origination,2026-04-01,OUT,village devipur taluk b district south 992207,village devipur taluk b district south,992207,True,False,False,False,True
AD002018,AC001563,residence,kyc_origination,2026-04-01,T2,323 gali 6 ward 7 nr govt school ganhdi basti devgarh nagar 970203,323 gali 6 ward 7 nr govt school ganhdi basti devgarh nagar,970203,True,True,False,False,False
AD002019,AC001564,residence,kyc_origination,2026-04-01,T2,sarkari school ke pass patel nagar devgarh ngr 970202,sarkari school ke pass patel nagar devgarh ngr,970202,True,True,False,False,False
AD002020,AC001564,permanent_native,kyc_origination,2026-04-01,OUT,village sundarpur tehsil d district west 996205,village sundarpur tehsil d district west,996205,True,False,False,False,True
AD002021,AC001565,residence,kyc_origination,2026-04-01,T1,h no 392 5th cross 8th main haalina dairy hattira nehru colny kaveripura 960102,h no 392 5th cross 8th main haalina dairy hattira nehru colny kaveripura,960102,True,True,False,True,False
AD002022,AC001566,residence,kyc_origination,2026-04-01,T3,blk c rd 5 nr pds shop hmt colony navanagara east 980301,blk c rd 5 nr pds shop hmt colony navanagara east,980301,True,True,False,False,False
AD002023,AC001567,residence,kyc_origination,2026-04-01,T3,close to milk booth railway colny navanagara east 980304,close to milk booth railway colny navanagara east,980304,True,True,False,False,False
AD002024,AC001568,residence,kyc_origination,2026-04-01,T1,h no 41 10th cross 7th mn siddeshwara colny kaveripura 960102,h no 41 10th cross 7th mn siddeshwara colny kaveripura,960102,True,True,False,True,False
AD002025,AC001569,residence,kyc_origination,2026-04-01,T3,428 3 c block 1st road railway col navanagara east 980304,428 3 c block 1st road railway col navanagara east,980304,True,True,False,False,False
AD002026,AC001570,residence,kyc_origination,2026-04-01,T2,subhash ngr devgarh nagar 970201,subhash ngr devgarh nagar,970201,True,True,False,False,False
AD002027,AC001571,residence,kyc_origination,2026-04-01,T2,गली नं 5 shastri ngr devgarh nagar 970201,गली नं 5 shastri ngr devgarh nagar,970201,True,True,True,False,False
AD002028,AC001572,residence,kyc_origination,2026-04-01,T2,house 410 gali no 9 ward 12 petrol pump ke pass tilak ngr devgarh ngr 970204,house 410 gali no 9 ward 12 petrol pump ke pass tilak ngr devgarh ngr,970204,True,True,False,True,False
AD002029,AC001573,residence,kyc_origination,2026-04-01,T1,h no 389 12th x 6th mn vidya nagar kaveripura 960103,h no 389 12th x 6th mn vidya nagar kaveripura,960103,True,True,False,True,False
AD002030,AC001574,residence,kyc_origination,2026-04-01,T2,281 1 near park ram nagar devgarh nagar 970203,281 1 near park ram nagar devgarh nagar,970203,True,True,False,False,False
AD002031,AC001575,residence,kyc_origination,2026-04-01,T3,f blk 5th road ration angadi hattira lakeview phase 2 navanagara east 980303,f blk 5th road ration angadi hattira lakeview phase 2 navanagara east,980303,True,True,False,False,False
AD002032,AC001575,permanent_native,kyc_origination,2026-04-01,OUT,village rampura kalan taluk a district south 994001,village rampura kalan taluk a district south,994001,True,False,False,False,True
AD002033,AC001576,residence,kyc_origination,2026-04-01,T3,a block 1st road bus stop ke paas silver oak layout navanagara east 980304,a block 1st road bus stop ke paas silver oak layout navanagara east,980304,True,True,False,False,False
AD002034,AC001577,residence,kyc_origination,2026-04-01,T2,h no 391 gali no 5 opp post ofifce devgarh ngr 970202,h no 391 gali no 5 opp post ofifce devgarh ngr,970202,True,True,False,True,False
AD002035,AC001578,residence,kyc_origination,2026-04-01,T3,a block 5th rd next to ganapathi temple hmt colony navanagara east 980301,a block 5th rd next to ganapathi temple hmt colony navanagara east,980301,True,True,False,False,False
AD002036,AC001579,residence,kyc_origination,2026-04-01,T3,431 3 b block 1st road ಚರ್ಚ್ ಪಕ್ಕ defence colony navanagara east 980301,431 3 b block 1st road ಚರ್ಚ್ ಪಕ್ಕ defence colony navanagara east,980301,True,True,True,False,False
AD002037,AC001580,residence,kyc_origination,2026-04-01,T3,opposite petrol pump unity nagar navanagara east 980302,opposite petrol pump unity nagar navanagara east,980302,True,True,False,False,False
AD002038,AC001581,residence,kyc_origination,2026-04-01,T1,h no 437 5th cross 7th mn near milk dairy nehru colony kaveripura 906102,h no 437 5th cross 7th mn near milk dairy nehru colony kaveripura,906102,True,False,False,True,False
AD002039,AC001582,residence,kyc_origination,2026-04-01,T1,459 3rd cross 5th main haalina dairy hattira nehru colny kaveripura 960102,459 3rd cross 5th main haalina dairy hattira nehru colny kaveripura,960102,True,True,False,False,False
AD002040,AC001583,residence,kyc_origination,2026-04-01,T3,house 174 blk d rd 3 green park layout navanagara east 980301,house 174 blk d rd 3 green park layout navanagara east,980301,True,True,False,True,False
AD002041,AC001583,permanent_native,kyc_origination,2026-04-01,OUT,village bilagi tehsil c district east 999146,village bilagi tehsil c district east,999146,True,False,False,False,True
AD002042,AC001584,residence,kyc_origination,2026-04-01,T3,no 409 blk c rd 2 silver oak layt navanagara east 980301,no 409 blk c rd 2 silver oak layt navanagara east,980301,True,True,False,True,False
AD002043,AC001585,residence,kyc_origination,2026-04-01,T2,gali no 1 nehru colony devgarh nagr 970203,gali no 1 nehru colony devgarh nagr,970203,True,True,False,True,False
AD002044,AC001586,residence,kyc_origination,2026-04-01,T3,doodh dairy ke pass palm meadows navanagara east 980302,doodh dairy ke pass palm meadows navanagara east,980302,True,True,False,False,False
AD002045,AC001587,residence,kyc_origination,2026-04-01,T2,471 gali 2 ward 9 nr masjid shastri nagar devgarh nagr 970201,471 gali 2 ward 9 nr masjid shastri nagar devgarh nagr,970201,True,True,False,False,False
AD002046,AC001588,residence,kyc_origination,2026-04-01,T1,1st x 5th main rd nr milk dairy basava nagar kaveripura 960101,1st x 5th main rd nr milk dairy basava nagar kaveripura,960101,True,True,False,False,False
AD002047,AC001589,residence,kyc_origination,2026-04-01,T3,h no 199 nr overhead tank silver oak lyt navanagara east 980301,h no 199 nr overhead tank silver oak lyt navanagara east,980301,True,True,False,True,False
AD002048,AC001590,residence,kyc_origination,2026-04-01,T3,house 273 c blk 6th road teachers colony navanagara east 980302,house 273 c blk 6th road teachers colony navanagara east,980302,True,True,False,True,False
AD002049,AC001590,office,kyc_origination,2026-04-01,T3,c block 1st road opp church lakeview phase 2 navanagara east 980303,c block 1st road opp church lakeview phase 2 navanagara east,980303,True,True,False,False,False
AD002050,AC001591,residence,kyc_origination,2026-04-01,T2,h no 390 gali no 5 दूध डेयरी के पास ambedkar ngr devgarh nagar 970204,h no 390 gali no 5 दूध डेयरी के पास ambedkar ngr devgarh nagar,970204,True,True,True,True,False
AD002051,AC001592,residence,kyc_origination,2026-04-01,T3,c block 4th rd sarkari school ke pass orchid enclave navanagara east 980303,c block 4th rd sarkari school ke pass orchid enclave navanagara east,980303,True,True,False,False,False
AD002052,AC001593,residence,kyc_origination,2026-04-01,T2,gali 7 nr petrol bunk tilak ngr devgarh nagar 970204,gali 7 nr petrol bunk tilak ngr devgarh nagar,970204,True,True,False,False,False
AD002053,AC001593,office,kyc_origination,2026-04-01,T2,106 gali 10 ward 12 hanuman mandir ke pasa tilak nagar devgarh nagar 970204,106 gali 10 ward 12 hanuman mandir ke pasa tilak nagar devgarh nagar,970204,True,True,False,False,False
AD002054,AC001594,residence,kyc_origination,2026-04-01,T2,gali 6 ward 2 behind medical store indira colony devgarh nagr 970202,gali 6 ward 2 behind medical store indira colony devgarh nagr,970202,True,True,False,False,False
AD002055,AC001594,office,kyc_origination,2026-04-01,T2,house 419 gali 4 ward 6 bus adda ke pass nehru col devgarh ngr 970203,house 419 gali 4 ward 6 bus adda ke pass nehru col devgarh ngr,970203,True,True,False,True,False
AD002056,AC001595,residence,kyc_origination,2026-04-01,T2,24 gali 7 nehru colny devgarh nagar 970203,24 gali 7 nehru colny devgarh nagar,970203,True,True,False,False,False
AD002057,AC001596,residence,kyc_origination,2026-04-01,T2,h no 396 gali no 11 ganesh mandir ke paas devgarh nagar 9702203,h no 396 gali no 11 ganesh mandir ke paas devgarh nagar 9702203,,False,False,False,True,False
AD002058,AC001596,permanent_native,kyc_origination,2026-04-01,OUT,village mallapura taluk a district east 991469,village mallapura taluk a district east,991469,True,False,False,False,True
AD002059,AC001597,residence,kyc_origination,2026-04-01,T2,gali no 8 सरकारी स्कूल के सामने patel nagr devgarh nagr 970202,gali no 8 सरकारी स्कूल के सामने patel nagr devgarh nagr,970202,True,True,True,True,False
AD002060,AC001598,residence,kyc_origination,2026-04-01,T1,no 110 5th cross 1st mn hanuman mandir ke paas kuvempu layt kaveripura 960102,no 110 5th cross 1st mn hanuman mandir ke paas kuvempu layt kaveripura,960102,True,True,False,True,False
AD002061,AC001599,residence,kyc_origination,2026-04-01,T1,7th cross 5th main gandhi ngr kaveripura 960102,7th cross 5th main gandhi ngr kaveripura,960102,True,True,False,False,False
AD002062,AC001600,residence,kyc_origination,2026-04-01,T1,h no 293 8th cross 3rd main rd ganesh mandir ke samne siddeshwara colony kaveripura 960102,h no 293 8th cross 3rd main rd ganesh mandir ke samne siddeshwara colony kaveripura,960102,True,True,False,True,False
AD002063,AC001601,residence,kyc_origination,2026-04-01,T2,gali 1 park ke paas indira colony devgarh nagar 970202,gali 1 park ke paas indira colony devgarh nagar,970202,True,True,False,False,False
AD002064,AC001602,residence,kyc_origination,2026-04-01,T2,gali no 5 nr ganapathi temple shivaji nagar devgarh nagar 90203,gali no 5 nr ganapathi temple shivaji nagar devgarh nagar 90203,,False,False,False,True,False
AD002065,AC001603,residence,kyc_origination,2026-04-01,T2,157 gali no 12 nr ration shop nehru colny devgarh nagar 970203,157 gali no 12 nr ration shop nehru colny devgarh nagar,970203,True,True,False,True,False
AD002066,AC001604,residence,kyc_origination,2026-04-01,T2,472 2 gali no 4 dawai ki dukaan ke paas patel nagar devgarh nagr,472 2 gali no 4 dawai ki dukaan ke paas patel nagar devgarh nagr,,False,False,False,True,False
AD002067,AC001605,residence,kyc_origination,2026-04-01,T1,113 3 4th cr 3rd main kuvempu layt kaveripura 960102,113 3 4th cr 3rd main kuvempu layt kaveripura,960102,True,True,False,False,False
AD002068,AC001606,residence,kyc_origination,2026-04-01,T3,near mosque railway col navanagara east 980304,near mosque railway col navanagara east,980304,True,True,False,False,False
AD002069,AC001607,residence,kyc_origination,2026-04-01,T3,house 274 f blk 2nd road opposite bus stand lakeview phase 2 navanagara east 980303,house 274 f blk 2nd road opposite bus stand lakeview phase 2 navanagara east,980303,True,True,False,True,False
AD002070,AC001607,office,kyc_origination,2026-04-01,T3,c block 3rd rd orchid enclave navanagara east 980301,c block 3rd rd orchid enclave navanagara east,980301,True,True,False,False,False
AD002071,AC001608,residence,kyc_origination,2026-04-01,T3,h no 402 om sai complex c block 1st rd palm meadows navanagara east 980302,h no 402 om sai complex c block 1st rd palm meadows navanagara east,980302,True,True,False,True,False
AD002072,AC001608,office,kyc_origination,2026-04-01,T3,382 annapoorna nilaya d block 5th road nr hanuman temple orchid enclave navanagara east,382 annapoorna nilaya d block 5th road nr hanuman temple orchid enclave navanagara east,,False,False,False,False,False
AD002073,AC001609,residence,kyc_origination,2026-04-01,T1,9th crs 3rd main close to ganesh temple shanthi nagr kaveripura 960101,9th crs 3rd main close to ganesh temple shanthi nagr kaveripura,960101,True,True,False,False,False
AD002074,AC001610,residence,kyc_origination,2026-04-01,T2,h no 140 gali 11 opp ganesh temple patel nagar devgarh ngr 970202,h no 140 gali 11 opp ganesh temple patel nagar devgarh ngr,970202,True,True,False,True,False
AD002075,AC001611,residence,kyc_origination,2026-04-01,T2,202 3 gali no 3 ward 11 patel nagar devgarh nagar 970202,202 3 gali no 3 ward 11 patel nagar devgarh nagar,970202,True,True,False,True,False
AD002076,AC001611,permanent_native,kyc_origination,2026-04-01,OUT,village bilagi taluk b district north 994114,village bilagi taluk b district north,994114,True,False,False,False,True
AD002077,AC001612,residence,kyc_origination,2026-04-01,T3,b blk 2nd road girja ghar ke pass navanagara east 980302,b blk 2nd road girja ghar ke pass navanagara east,980302,True,True,False,False,False
AD002078,AC001612,office,kyc_origination,2026-04-01,T3,no 404 b block 3rd rd nr pds shop teachers colony navanagara east 980303,no 404 b block 3rd rd nr pds shop teachers colony navanagara east,980303,True,True,False,True,False
AD002079,AC001613,residence,kyc_origination,2026-04-01,T1,10th cross 6th main ಮಸೀದಿ ಹತ್ತಿರ shanthi nagar kaveripura 960101,10th cross 6th main ಮಸೀದಿ ಹತ್ತಿರ shanthi nagar kaveripura,960101,True,True,True,False,False
AD002080,AC001613,office,kyc_origination,2026-04-01,T1,no 62 8th cross 3rd main gandhi nagr kaveripura 960102,no 62 8th cross 3rd main gandhi nagr kaveripura,960102,True,True,False,True,False
AD002081,AC001614,residence,kyc_origination,2026-04-01,T3,house 300 blk a rd 3 nr pds shop teachers colony navanagara east 980302,house 300 blk a rd 3 nr pds shop teachers colony navanagara east,980302,True,True,False,True,False
AD002082,AC001614,office,kyc_origination,2026-04-01,T3,house 159 a blk 2nd rd palm meadows navanagara east 980302,house 159 a blk 2nd rd palm meadows navanagara east,980302,True,True,False,True,False
AD002083,AC001615,residence,kyc_origination,2026-04-01,T3,h no 176 b block 1st rd orchid enclave navanagara east 980301,h no 176 b block 1st rd orchid enclave navanagara east,980301,True,True,False,True,False
AD002084,AC001615,permanent_native,kyc_origination,2026-04-01,OUT,village mallapura tehsil c district east 991070,village mallapura tehsil c district east,991070,True,False,False,False,True
AD002085,AC001616,residence,kyc_origination,2026-04-01,T3,house 441 d block 6th road lakeview phase 2 navanagara east 980303,house 441 d block 6th road lakeview phase 2 navanagara east,980303,True,True,False,True,False
AD002086,AC001616,office,kyc_origination,2026-04-01,T3,no 286 blk f rd 4 nr pds shop navanagara east 980302,no 286 blk f rd 4 nr pds shop navanagara east,980302,True,True,False,True,False
AD002087,AC001617,residence,kyc_origination,2026-04-01,T3,no 340 bagicha ke samne orchid enclave navanagara east 980301,no 340 bagicha ke samne orchid enclave navanagara east,980301,True,True,False,True,False
AD002088,AC001618,residence,kyc_origination,2026-04-01,T1,no 61 bhd pds shop nehru colony kaveripura 960102,no 61 bhd pds shop nehru colony kaveripura,960102,True,True,False,True,False
AD002089,AC001619,residence,kyc_origination,2026-04-01,T2,203 2 गली नं 10 चर्च के पीछे indira colny devgarh nagar 970202,203 2 गली नं 10 चर्च के पीछे indira colny devgarh nagar,970202,True,True,True,False,False
AD002090,AC001620,residence,kyc_origination,2026-04-01,T1,5th cross 7th main ಗಣಪತಿ ದೇವಸ್ಥಾನ ಹತ್ತಿರ gandhi nagr kaveripura 960102,5th cross 7th main ಗಣಪತಿ ದೇವಸ್ಥಾನ ಹತ್ತಿರ gandhi nagr kaveripura,960102,True,True,True,False,False
AD002091,AC001621,residence,kyc_origination,2026-04-01,T2,397 gali no 4 ward 11 patel nagr devgarh nagar 970202,397 gali no 4 ward 11 patel nagr devgarh nagar,970202,True,True,False,True,False
AD002092,AC001622,residence,kyc_origination,2026-04-01,T3,lkeview phase 2 navanagara east 980302,lkeview phase 2 navanagara east,980302,True,True,False,False,False
AD002093,AC001622,permanent_native,kyc_origination,2026-04-01,OUT,village mallapura taluk a district north 997186,village mallapura taluk a district north,997186,True,False,False,False,True
AD002094,AC001623,residence,kyc_origination,2026-04-01,T3,h no 48 f block 3rd road close to ganesh temple railway colony navanagara east 980304,h no 48 f block 3rd road close to ganesh temple railway colony navanagara east,980304,True,True,False,True,False
AD002095,AC001624,residence,kyc_origination,2026-04-01,T3,62 1 blk d rd 3 opposite community hall green park layout navanagara east 980301,62 1 blk d rd 3 opposite community hall green park layout navanagara east,980301,True,True,False,False,False
AD002096,AC001625,residence,kyc_origination,2026-04-01,T3,173 e block 6th road nr ration shop lakeview phase 2 navanagara east 980303,173 e block 6th road nr ration shop lakeview phase 2 navanagara east,980303,True,True,False,False,False
AD002097,AC001626,residence,kyc_origination,2026-04-01,T1,2nd cross 7th main nr hanuman temple kuvempu layout kaveripura 960102,2nd cross 7th main nr hanuman temple kuvempu layout kaveripura,960102,True,True,False,False,False
AD002098,AC001627,residence,kyc_origination,2026-04-01,T3,no 169 blk b rd 3 opp hanuman temple green park layt navanagara east 980301,no 169 blk b rd 3 opp hanuman temple green park layt navanagara east,980301,True,True,False,True,False
AD002099,AC001627,office,kyc_origination,2026-04-01,T3,no 160 blk d rd 3 defecne colny navanagara east 980301,no 160 blk d rd 3 defecne colny navanagara east,980301,True,True,False,True,False
AD002100,AC001628,residence,kyc_origination,2026-04-01,T3,b h bus stop navanagara east 980301,b h bus stop navanagara east,980301,True,True,False,False,False
AD002101,AC001628,office,kyc_origination,2026-04-01,T3,h no 396 e block 2nd road sunrise enclave navanagara east 9803304,h no 396 e block 2nd road sunrise enclave navanagara east 9803304,,False,False,False,True,False
AD002102,AC001629,residence,kyc_origination,2026-04-01,T3,218 1 blk d rd 6 post office ke pass palm meadows navanagara east 980302,218 1 blk d rd 6 post office ke pass palm meadows navanagara east,980302,True,True,False,False,False
AD002103,AC001630,residence,kyc_origination,2026-04-01,T1,opposite children park gandhi nagar kaveripura 960102,opposite children park gandhi nagar kaveripura,960102,True,True,False,False,False
AD002104,AC001631,residence,kyc_origination,2026-04-01,T1,317 1 3rd cross 6th main opp ration shop vidya nagr kaveripura 960103,317 1 3rd cross 6th main opp ration shop vidya nagr kaveripura,960103,True,True,False,False,False
AD002105,AC001632,residence,kyc_origination,2026-04-01,T2,h no 243 gali no 12 ward 6 ration ki dukaan ke paas nehru colony devgarh nagar 970203,h no 243 gali no 12 ward 6 ration ki dukaan ke paas nehru colony devgarh nagar,970203,True,True,False,True,False
AD002106,AC001632,office,kyc_origination,2026-04-01,T2,sarkari school ke pass krishna puri devgarh ngr 970202,sarkari school ke pass krishna puri devgarh ngr,970202,True,True,False,False,False
AD002107,AC001633,residence,kyc_origination,2026-04-01,T1,10th cross 1st mai n close to ration shop hosa badavane kaveripura 960101,10th cross 1st mai n close to ration shop hosa badavane kaveripura,960101,True,True,False,False,False
AD002108,AC001634,residence,kyc_origination,2026-04-01,T1,ಮಸೀದಿ ಎದುರು nehru col kaveripura 960102,ಮಸೀದಿ ಎದುರು nehru col kaveripura,960102,True,True,True,False,False
AD002109,AC001634,permanent_native,kyc_origination,2026-04-01,OUT,village mallapura tehsil d district south 996231,village mallapura tehsil d district south,996231,True,False,False,False,True
AD002110,AC001635,residence,kyc_origination,2026-04-01,T1,155 1st cross 4th main sidedshwara col kaveripura 960102,155 1st cross 4th main sidedshwara col kaveripura,960102,True,True,False,False,False
AD002111,AC001636,residence,kyc_origination,2026-04-01,T2,house 316 gali 10 ganesh mandir ke pass devgarh ngr 970202,house 316 gali 10 ganesh mandir ke pass devgarh ngr,970202,True,True,False,True,False
AD002112,AC001637,residence,kyc_origination,2026-04-01,T2,house 249 gali 12 close to hanuman temple ambedkar nagr devgarh nagr 970204,house 249 gali 12 close to hanuman temple ambedkar nagr devgarh nagr,970204,True,True,False,True,False
AD002113,AC001638,residence,kyc_origination,2026-04-01,T1,h no 343 close to community hall gandhi nagr kaveripura 960102,h no 343 close to community hall gandhi nagr kaveripura,960102,True,True,False,True,False
AD002114,AC001639,residence,kyc_origination,2026-04-01,T3,d blok 4th road near govt scheol hmt colony navanagara east 980301,d blok 4th road near govt scheol hmt colony navanagara east,980301,True,True,False,False,False
AD002115,AC001639,office,kyc_origination,2026-04-01,T3,c block 5th rd close to mosque orchid enclave navanagara east 980301,c block 5th rd close to mosque orchid enclave navanagara east,980301,True,True,False,False,False
AD002116,AC001640,residence,kyc_origination,2026-04-01,T1,335 5th cross 5th main ganapathi gudi hinde gandhi nagar kaveripura 960102,335 5th cross 5th main ganapathi gudi hinde gandhi nagar kaveripura,960102,True,True,False,False,False
AD002117,AC001641,residence,kyc_origination,2026-04-01,T2,annapoorna nilaya gali no 1 close to mosque ram ngr devgarh nagar 970203,annapoorna nilaya gali no 1 close to mosque ram ngr devgarh nagar,970203,True,True,False,True,False
AD002118,AC001642,residence,kyc_origination,2026-04-01,T2,gali 3 medical store ke pass patel nagar devgarh nagar 970202,gali 3 medical store ke pass patel nagar devgarh nagar,970202,True,True,False,False,False
AD002119,AC001643,residence,kyc_origination,2026-04-01,T2,gali no 3 bhd masjid devgarh nagar 970201,gali no 3 bhd masjid devgarh nagar,970201,True,True,False,True,False
AD002120,AC001643,office,kyc_origination,2026-04-01,T2,gali no 6 ward 8 bhd park azad mohalla devgarh nagar 970203,gali no 6 ward 8 bhd park azad mohalla devgarh nagar,970203,True,True,False,True,False
AD002121,AC001644,residence,kyc_origination,2026-04-01,T1,78 3 4th cr 5th main rd nehru collony kaveripura 960102,78 3 4th cr 5th main rd nehru collony kaveripura,960102,True,True,False,False,False
AD002122,AC001645,residence,kyc_origination,2026-04-01,T3,12 e blk 4th road teachers colony navanagara east 980302,12 e blk 4th road teachers colony navanagara east,980302,True,True,False,False,False
AD002123,AC001646,residence,kyc_origination,2026-04-01,T2,300 gali 11 indira colony devgarh ngr 970202,300 gali 11 indira colony devgarh ngr,970202,True,True,False,False,False
AD002124,AC001647,residence,kyc_origination,2026-04-01,T1,28 2 shanti kunj 3rd x 1st main nehru colony kaveripura,28 2 shanti kunj 3rd x 1st main nehru colony kaveripura,,False,False,False,False,False
AD002125,AC001647,office,kyc_origination,2026-04-01,T1,h no 44 5th cross 5th main kuvempu lyaout kaveripura 960102,h no 44 5th cross 5th main kuvempu lyaout kaveripura,960102,True,True,False,True,False
AD002126,AC001648,residence,kyc_origination,2026-04-01,T2,गली नं 1 बारात घर के पास krishna puri devgarh nagar 970202,गली नं 1 बारात घर के पास krishna puri devgarh nagar,970202,True,True,True,False,False
AD002127,AC001648,office,kyc_origination,2026-04-01,T2,no 83 मेडिकल स्टोर के पास ram nagar devgarh nagar 970203,no 83 मेडिकल स्टोर के पास ram nagar devgarh nagar,970203,True,True,True,True,False
AD002128,AC001649,residence,kyc_origination,2026-04-01,T1,367 2 7th cross 6th main bhd bus stand vinayaka nagr kaveripura 960104,367 2 7th cross 6th main bhd bus stand vinayaka nagr kaveripura,960104,True,True,False,False,False
AD002129,AC001649,office,kyc_origination,2026-04-01,T1,h no 153 5th crs 3rd main kuempu layout kaveripura 960102,h no 153 5th crs 3rd main kuempu layout kaveripura,960102,True,True,False,True,False
AD002130,AC001650,residence,kyc_origination,2026-04-01,T3,no 313 blk f rd 5 sunrise enclave navanagara east 980304,no 313 blk f rd 5 sunrise enclave navanagara east,980304,True,True,False,True,False
AD002131,AC001651,residence,kyc_origination,2026-04-01,T2,gali no 9 subhash nagr devgarh nagr 970201,gali no 9 subhash nagr devgarh nagr,970201,True,True,False,True,False
AD002132,AC001651,office,kyc_origination,2026-04-01,T2,gali no 3 ward 4 ration ki dukaan ke saamne ram nagar devgarh nagar 970203,gali no 3 ward 4 ration ki dukaan ke saamne ram nagar devgarh nagar,970203,True,True,False,True,False
AD002133,AC001652,residence,kyc_origination,2026-04-01,T1,6th cross 3rd main opp petrol bunk ashoka layout kaveripura 960104,6th cross 3rd main opp petrol bunk ashoka layout kaveripura,960104,True,True,False,False,False
AD002134,AC001653,residence,kyc_origination,2026-04-01,T3,h no 78 blk e rd 3 nr bus stand palm meadows navanagara east 980302,h no 78 blk e rd 3 nr bus stand palm meadows navanagara east,980302,True,True,False,True,False
AD002135,AC001654,residence,kyc_origination,2026-04-01,T3,442 om sai complex medical shop hattira teachers col navanagara east 980302,442 om sai complex medical shop hattira teachers col navanagara east,980302,True,True,False,False,False
AD002136,AC001655,residence,kyc_origination,2026-04-01,T2,h no 25 गली नं 2 wrad 11 patel nagar devgarh nagar 970202,h no 25 गली नं 2 wrad 11 patel nagar devgarh nagar,970202,True,True,True,True,False
AD002137,AC001655,permanent_native,kyc_origination,2026-04-01,OUT,village devipur tehsil c district south 992456,village devipur tehsil c district south,992456,True,False,False,False,True
AD002138,AC001656,residence,kyc_origination,2026-04-01,T3,h no 419 blk f rd 3 close to bus stop lakeview phase 2 navanagara east 980303,h no 419 blk f rd 3 close to bus stop lakeview phase 2 navanagara east,980303,True,True,False,True,False
AD002139,AC001656,office,kyc_origination,2026-04-01,T3,h no 317 green park layout navanagara east 980301,h no 317 green park layout navanagara east,980301,True,True,False,True,False
AD002140,AC001657,residence,kyc_origination,2026-04-01,T2,gali no 5 सरकारी स्कूल के पीछे indira colony devgarh nagar 970202,gali no 5 सरकारी स्कूल के पीछे indira colony devgarh nagar,970202,True,True,True,True,False
AD002141,AC001657,office,kyc_origination,2026-04-01,T2,house 169 gali no 8 sarkari school ke peeche subhash nagr devgarh nagar 970201,house 169 gali no 8 sarkari school ke peeche subhash nagr devgarh nagar,970201,True,True,False,True,False
AD002142,AC001658,residence,kyc_origination,2026-04-01,T1,house 111 annapoorna nilaya 6th crs 6th main behind overhead tank basava nagar kaveripura 960101,house 111 annapoorna nilaya 6th crs 6th main behind overhead tank basava nagar kaveripura,960101,True,True,False,True,False
AD002143,AC001659,residence,kyc_origination,2026-04-01,T3,49 1 blk b rd 6 close to mosque railway colony navanagara east 980304,49 1 blk b rd 6 close to mosque railway colony navanagara east,980304,True,True,False,False,False
AD002144,AC001659,permanent_native,kyc_origination,2026-04-01,OUT,village rampura kalan taluk a district east 998138,village rampura kalan taluk a district east,998138,True,False,False,False,True
AD002145,AC001660,residence,kyc_origination,2026-04-01,T3,h o 411 ganga apartments sunrise enclave navanagara east,h o 411 ganga apartments sunrise enclave navanagara east,,False,False,False,False,False
AD002146,AC001660,office,kyc_origination,2026-04-01,T3,283 3 navanagara east 980303,283 3 navanagara east,980303,True,True,False,False,False
AD002147,AC001661,residence,kyc_origination,2026-04-01,T1,191 1 3rd cr 2nd main rd medical shop edhuru ashoka layt kaveripura,191 1 3rd cr 2nd main rd medical shop edhuru ashoka layt kaveripura,,False,False,False,False,False
AD002148,AC001662,residence,kyc_origination,2026-04-01,T1,ashoka layout kaveripura 960104,ashoka layout kaveripura,960104,True,True,False,False,False
AD002149,AC001663,residence,kyc_origination,2026-04-01,T2,no 419 gali no 8 gandhi basti devgarh nagar 970203,no 419 gali no 8 gandhi basti devgarh nagar,970203,True,True,False,True,False
AD002150,AC001664,residence,kyc_origination,2026-04-01,T3,no 438 f block 1st rd nr hanuman temple lakeview phase 2 navanagara east 980303,no 438 f block 1st rd nr hanuman temple lakeview phase 2 navanagara east,980303,True,True,False,True,False
AD002151,AC001665,residence,kyc_origination,2026-04-01,T1,147 5th crs 8th main close to ganapathi temple gandhi nagar kaveripura 960102,147 5th crs 8th main close to ganapathi temple gandhi nagar kaveripura,960102,True,True,False,False,False
AD002152,AC001665,office,kyc_origination,2026-04-01,T1,nr medicals hosa badavane kaveripura 960104,nr medicals hosa badavane kaveripura,960104,True,True,False,False,False
AD002153,AC001666,residence,kyc_origination,2026-04-01,T3,no 350 blk f rd 4 palm meadows navanagara east 980302,no 350 blk f rd 4 palm meadows navanagara east,980302,True,True,False,True,False
AD002154,AC001667,residence,kyc_origination,2026-04-01,T1,11th cross 5th mn opposite government school gandhi nagr kaveripura 960103,11th cross 5th mn opposite government school gandhi nagr kaveripura,960103,True,True,False,False,False
AD002155,AC001668,residence,kyc_origination,2026-04-01,T3,b block 4th road nr masjid railay colny navanagara east 9880304,b block 4th road nr masjid railay colny navanagara east 9880304,,False,False,False,False,False
AD002156,AC001668,permanent_native,kyc_origination,2026-04-01,OUT,village rampura kalan tehsil d district west 992747,village rampura kalan tehsil d district west,992747,True,False,False,False,True
AD002157,AC001669,residence,kyc_origination,2026-04-01,T3,hiuse 42 0 blk d rd 4 teachers col navanagara east 980302,hiuse 42 0 blk d rd 4 teachers col navanagara east,980302,True,True,False,False,False
AD002158,AC001670,residence,kyc_origination,2026-04-01,T1,h no 109 ration angadi hattira kaveripura 960102,h no 109 ration angadi hattira kaveripura,960102,True,True,False,True,False
AD002159,AC001671,residence,kyc_origination,2026-04-01,T2,gali no 12 nr haanuman temple ambedkar nagar devgarh nagar 970204,gali no 12 nr haanuman temple ambedkar nagar devgarh nagar,970204,True,True,False,True,False
AD002160,AC001671,office,kyc_origination,2026-04-01,T2,house 135 gali no 11 close to hanuman temple tilak nagar devgarh nagr 970204,house 135 gali no 11 close to hanuman temple tilak nagar devgarh nagr,970204,True,True,False,True,False
AD002161,AC001672,residence,kyc_origination,2026-04-01,T1,402 2 behind government school siddeshwara colny kaveripura 960102,402 2 behind government school siddeshwara colny kaveripura,960102,True,True,False,False,False
AD002162,AC001673,residence,kyc_origination,2026-04-01,T2,no 18 patel nagar devgarh ngr 970202,no 18 patel nagar devgarh ngr,970202,True,True,False,True,False
AD002163,AC001674,residence,kyc_origination,2026-04-01,T2,h no 136 gali no 6 girja ghar ke pass devgarh ngr 970202,h no 136 gali no 6 girja ghar ke pass devgarh ngr,970202,True,True,False,True,False
AD002164,AC001675,residence,kyc_origination,2026-04-01,T3,blk c rd 2 orchid enclave navanagara east 980301,blk c rd 2 orchid enclave navanagara east,980301,True,True,False,False,False
AD002165,AC001675,office,kyc_origination,2026-04-01,T3,neerina tank hattira silvver oak lyaout navanagara east 980301,neerina tank hattira silvver oak lyaout navanagara east,980301,True,True,False,False,False
AD002166,AC001676,residence,kyc_origination,2026-04-01,T2,no 143 doodh dairy ke paas ambedkar nagr devgarh nagar 970204,no 143 doodh dairy ke paas ambedkar nagr devgarh nagar,970204,True,True,False,True,False
AD002167,AC001677,residence,kyc_origination,2026-04-01,T2,h no 319 gali nu 1 ambedkar ngr devgarh nagar 970204,h no 319 gali nu 1 ambedkar ngr devgarh nagar,970204,True,True,False,True,False
AD002168,AC001677,permanent_native,kyc_origination,2026-04-01,OUT,village hosahalli tehsil c district south 993411,village hosahalli tehsil c district south,993411,True,False,False,False,True
AD002169,AC001678,residence,kyc_origination,2026-04-01,T1,434 3 6th crs 5th mn nr milk dairy kuvempu layout kaveripura 960102,434 3 6th crs 5th mn nr milk dairy kuvempu layout kaveripura,960102,True,True,False,False,False
AD002170,AC001678,office,kyc_origination,2026-04-01,T1,446 nr children park nehru colny kaveripura 960102,446 nr children park nehru colny kaveripura,960102,True,True,False,False,False
AD002171,AC001679,residence,kyc_origination,2026-04-01,T1,no 461 1st cross 1st mn church hattira gandhi nagar kaveripura 960102,no 461 1st cross 1st mn church hattira gandhi nagar kaveripura,960102,True,True,False,True,False
AD002172,AC001680,residence,kyc_origination,2026-04-01,T2,359 glai 4 opposite bus stand azad mohalla devgarh nagar 970203,359 glai 4 opposite bus stand azad mohalla devgarh nagar,970203,True,True,False,False,False
AD002173,AC001681,residence,kyc_origination,2026-04-01,T3,blk a rd 1 near milk dairy palm meadows navanagara est 980302,blk a rd 1 near milk dairy palm meadows navanagara est,980302,True,True,False,False,False
AD002174,AC001681,office,kyc_origination,2026-04-01,T3,near mosque hmt colony navanagara east 980301,near mosque hmt colony navanagara east,980301,True,True,False,False,False
AD002175,AC001682,residence,kyc_origination,2026-04-01,T3,sri krishna nivas a blk 2nd road teachers col navanagaa east 980302,sri krishna nivas a blk 2nd road teachers col navanagaa east,980302,True,True,False,False,False
AD002176,AC001683,residence,kyc_origination,2026-04-01,T2,141 gali no 3 azad mohalla devgarh naagr 970203,141 gali no 3 azad mohalla devgarh naagr,970203,True,True,False,True,False
AD002177,AC001683,office,kyc_origination,2026-04-01,T2,no 388 gali 1 ward 5 b h pharmacy subhash ngr devgarh nagar 970201,no 388 gali 1 ward 5 b h pharmacy subhash ngr devgarh nagar,970201,True,True,False,True,False
AD002178,AC001684,residence,kyc_origination,2026-04-01,T3,a block 3rd road b h milk booth palm meadows navanagara east 980304,a block 3rd road b h milk booth palm meadows navanagara east,980304,True,True,False,False,False
AD002179,AC001685,residence,kyc_origination,2026-04-01,T1,11th cross 3rd main rd behind government school kaveripura 960102,11th cross 3rd main rd behind government school kaveripura,960102,True,True,False,False,False
AD002180,AC001685,office,kyc_origination,2026-04-01,T1,462 1 11th crs 5th main bhd government school gandhi nagar kaveripura 960102,462 1 11th crs 5th main bhd government school gandhi nagar kaveripura,960102,True,True,False,False,False
AD002181,AC001686,residence,kyc_origination,2026-04-01,T3,37 blk f rd 6 tanki ke paas silver oak layout navanagara east 980301,37 blk f rd 6 tanki ke paas silver oak layout navanagara east,980301,True,True,False,False,False
AD002182,AC001687,residence,kyc_origination,2026-04-01,T1,8th cross 8th main anjanyea gudi hattira nehru colony kaveripura 960102,8th cross 8th main anjanyea gudi hattira nehru colony kaveripura,960102,True,True,False,False,False
AD002183,AC001688,residence,kyc_origination,2026-04-01,T1,house 243 sarkari shaale eduru shanthi nagar kaveripura 960101,house 243 sarkari shaale eduru shanthi nagar kaveripura,960101,True,True,False,True,False
AD002184,AC001688,office,kyc_origination,2026-04-01,T1,house 183 5th x 5th main sarkari shaale edhuru shanthi nagar kaveripura 960101,house 183 5th x 5th main sarkari shaale edhuru shanthi nagar kaveripura,960101,True,True,False,True,False
AD002185,AC001689,residence,kyc_origination,2026-04-01,T3,e blk 6th road railway colny navanagara east 980304,e blk 6th road railway colny navanagara east,980304,True,True,False,False,False
AD002186,AC001690,residence,kyc_origination,2026-04-01,T2,379 gali 6 indira colny devgarh nagar 970201,379 gali 6 indira colny devgarh nagar,970201,True,True,False,False,False
AD002187,AC001691,residence,kyc_origination,2026-04-01,T3,h no 264 a blk 5th road green park layout navanagara east 980301,h no 264 a blk 5th road green park layout navanagara east,980301,True,True,False,True,False
AD002188,AC001692,residence,kyc_origination,2026-04-01,T3,h no 304 blk f rd 6 close to community hall orchid enclave navanagara east 980301,h no 304 blk f rd 6 close to community hall orchid enclave navanagara east,980301,True,True,False,True,False
AD002189,AC001693,residence,kyc_origination,2026-04-01,T1,7th cross 2nd main rd close to government school gandhi nagar kaveripura 960102,7th cross 2nd main rd close to government school gandhi nagar kaveripura,960102,True,True,False,False,False
AD002190,AC001694,residence,kyc_origination,2026-04-01,T1,h no 83 ashoka layout kaveripura 960104,h no 83 ashoka layout kaveripura,960104,True,True,False,True,False
AD002191,AC001694,office,kyc_origination,2026-04-01,T1,10th cross 5th main nehru colony kaveripura 960120,10th cross 5th main nehru colony kaveripura,960120,True,False,False,False,False
AD002192,AC001695,residence,kyc_origination,2026-04-01,T2,ambedkar nagar devgarh nagr 970204,ambedkar nagar devgarh nagr,970204,True,True,False,False,False
AD002193,AC001696,residence,kyc_origination,2026-04-01,T2,424 2 gali no 11 nr church patel nagar devgarh nagar 970202,424 2 gali no 11 nr church patel nagar devgarh nagar,970202,True,True,False,True,False
AD002194,AC001697,residence,kyc_origination,2026-04-01,T2,223 1 gali no 10 patel nagar devgarh nagar 970202,223 1 gali no 10 patel nagar devgarh nagar,970202,True,True,False,True,False
AD002195,AC001698,residence,kyc_origination,2026-04-01,T1,9th crs 8th main kaveripura 960101,9th crs 8th main kaveripura,960101,True,True,False,False,False
AD002196,AC001699,residence,kyc_origination,2026-04-01,T1,6th cross 3rd mn ನ್ಯಾಯಬೆಲೆ ಅಂಗಡಿ ಹತ್ತಿರ anjaneya badavane kaveripura 960103,6th cross 3rd mn ನ್ಯಾಯಬೆಲೆ ಅಂಗಡಿ ಹತ್ತಿರ anjaneya badavane kaveripura,960103,True,True,True,False,False
AD002197,AC001700,residence,kyc_origination,2026-04-01,T2,h no 207 gali 3 near park indira col devgarh nagar 970202,h no 207 gali 3 near park indira col devgarh nagar,970202,True,True,False,True,False
AD002198,AC001701,residence,kyc_origination,2026-04-01,T1,3rd cross 4th main milk dairy hattira nehru colony kaveripura 960104,3rd cross 4th main milk dairy hattira nehru colony kaveripura,960104,True,True,False,False,False
AD002199,AC001701,office,kyc_origination,2026-04-01,T1,13th cross 7th main rd close to bus stand kaveripura 960102,13th cross 7th main rd close to bus stand kaveripura,960102,True,True,False,False,False
AD002200,AC001702,residence,kyc_origination,2026-04-01,T2,no 254 gali no 7 nehru colony devgarh ngr,no 254 gali no 7 nehru colony devgarh ngr,,False,False,False,True,False
AD002201,AC001702,office,kyc_origination,2026-04-01,T2,gali no 4 close to ganapathi temple tilak nagar devgarh ngr,gali no 4 close to ganapathi temple tilak nagar devgarh ngr,,False,False,False,True,False
AD002202,AC001703,residence,kyc_origination,2026-04-01,T1,2990 1 9th cr 5th main bus nildana hattira shanthi nagar kaveripura 960101,2990 1 9th cr 5th main bus nildana hattira shanthi nagar kaveripura,960101,True,True,False,False,False
AD002203,AC001703,permanent_native,kyc_origination,2026-04-01,OUT,village hosahalli tehsil d district south 999315,village hosahalli tehsil d district south,999315,True,False,False,False,True
AD002204,AC001704,residence,kyc_origination,2026-04-01,T3,a blk 2nd road ನ್ಯಾಯಬೆಲೆ ಅಂಗಡಿ ಹತ್ತಿರ teachers colony navanagara east 980302,a blk 2nd road ನ್ಯಾಯಬೆಲೆ ಅಂಗಡಿ ಹತ್ತಿರ teachers colony navanagara east,980302,True,True,True,False,False
AD002205,AC001704,office,kyc_origination,2026-04-01,T3,379 2 e block 6th rd hmt colony navanagara east 980301,379 2 e block 6th rd hmt colony navanagara east,980301,True,True,False,False,False
AD002206,AC001705,residence,kyc_origination,2026-04-01,T2,h no 380 gali no 10 ganesh mandir ke paas azad mohalla devgarh nagar 970203,h no 380 gali no 10 ganesh mandir ke paas azad mohalla devgarh nagar,970203,True,True,False,True,False
AD002207,AC001706,residence,kyc_origination,2026-04-01,T1,shanti kunj 9th cross 6th main rd close to milk dairy kaveripura 960101,shanti kunj 9th cross 6th main rd close to milk dairy kaveripura,960101,True,True,False,False,False
AD002208,AC001706,permanent_native,kyc_origination,2026-04-01,OUT,village kodihalli tehsil d district east 998619,village kodihalli tehsil d district east,998619,True,False,False,False,True
AD002209,AC001707,residence,kyc_origination,2026-04-01,T3,99 1 om sai complex orchid enclave navanagara east 980301,99 1 om sai complex orchid enclave navanagara east,980301,True,True,False,False,False
AD002210,AC001708,residence,kyc_origination,2026-04-01,T2,424 3 gali no 12 patel nagar devgarh ngr 970202,424 3 gali no 12 patel nagar devgarh ngr,970202,True,True,False,True,False
AD002211,AC001709,residence,kyc_origination,2026-04-01,T2,gali no 3 near bus stop devgarh nagar 970203,gali no 3 near bus stop devgarh nagar,970203,True,True,False,True,False
AD002212,AC001710,residence,kyc_origination,2026-04-01,T1,h no 22 10th cross 3rd mn hanuman mandir ke piche ashoka layt kaveripura 960104,h no 22 10th cross 3rd mn hanuman mandir ke piche ashoka layt kaveripura,960104,True,True,False,True,False
AD002213,AC001711,residence,kyc_origination,2026-04-01,T2,gali 8 पानी की टंकी के सामने nehru col devgarh nagar 970203,gali 8 पानी की टंकी के सामने nehru col devgarh nagar,970203,True,True,True,False,False
AD002214,AC001712,residence,kyc_origination,2026-04-01,T3,h no 94 a blockk 3rd rd adj petrol pump unity nagr navanagara east 980302,h no 94 a blockk 3rd rd adj petrol pump unity nagr navanagara east,980302,True,True,False,True,False
AD002215,AC001713,residence,kyc_origination,2026-04-01,T1,h no 361 12th cross 8th main gandhi nagar kaveripura 960102,h no 361 12th cross 8th main gandhi nagar kaveripura,960102,True,True,False,True,False
AD002216,AC001714,residence,kyc_origination,2026-04-01,T2,house 11 gali no 2 ward 6 nehru col devgarh nagar 970203,house 11 gali no 2 ward 6 nehru col devgarh nagar,970203,True,True,False,True,False
AD002217,AC001715,residence,kyc_origination,2026-04-01,T1,223 8th cross 6th main rd opp overhead tank basava nagar kaveripura 960101,223 8th cross 6th main rd opp overhead tank basava nagar kaveripura,960101,True,True,False,False,False
AD002218,AC001716,residence,kyc_origination,2026-04-01,T2,gali no 6 sarkari school ke pass azad mohalla devgarh nagar 970203,gali no 6 sarkari school ke pass azad mohalla devgarh nagar,970203,True,True,False,True,False
AD002219,AC001716,permanent_native,kyc_origination,2026-04-01,OUT,village bilagi tehsil c district east 998267,village bilagi tehsil c district east,998267,True,False,False,False,True
AD002220,AC001717,residence,kyc_origination,2026-04-01,T2,no 393 gali no doodh dairy ke paas ambedkar nagr devgarh nagar 970204,no 393 gali no doodh dairy ke paas ambedkar nagr devgarh nagar,970204,True,True,False,True,False
AD002221,AC001718,residence,kyc_origination,2026-04-01,T1,10th cross 7th main near masjid vidya nagr kaveripura 960103,10th cross 7th main near masjid vidya nagr kaveripura,960103,True,True,False,False,False
AD002222,AC001719,residence,kyc_origination,2026-04-01,T1,10th cr 1st main near church kaveripura 960104,10th cr 1st main near church kaveripura,960104,True,True,False,False,False
AD002223,AC001719,office,kyc_origination,2026-04-01,T1,11th cross 7th main rd nr govt school kuvempu layout kaveripura 960102,11th cross 7th main rd nr govt school kuvempu layout kaveripura,960102,True,True,False,False,False
AD002224,AC001720,residence,kyc_origination,2026-04-01,T2,gali no 9 bhd hanuman temple devgarh nagr 970202,gali no 9 bhd hanuman temple devgarh nagr,970202,True,True,False,True,False
AD002225,AC001720,office,kyc_origination,2026-04-01,T2,h no 336 gali 3 nr govt school shaastri nagar devgarh nagar 970201,h no 336 gali 3 nr govt school shaastri nagar devgarh nagar,970201,True,True,False,True,False
AD002226,AC001721,residence,kyc_origination,2026-04-01,T2,h no 475 gali 6 abmedkar ngr devgarh nagar 970204,h no 475 gali 6 abmedkar ngr devgarh nagar,970204,True,True,False,True,False
AD002227,AC001722,residence,kyc_origination,2026-04-01,T3,no 102 d blk 1st road hmt colony navanagara eat 980301,no 102 d blk 1st road hmt colony navanagara eat,980301,True,True,False,True,False
AD002228,AC001723,residence,kyc_origination,2026-04-01,T3,352 3 b block 4th road close to church sunrise enclave navanagara east 980304,352 3 b block 4th road close to church sunrise enclave navanagara east,980304,True,True,False,False,False
AD002229,AC001724,residence,kyc_origination,2026-04-01,T3,blk c rd 5 opposite masjid railway colony navanagara eaast 980304,blk c rd 5 opposite masjid railway colony navanagara eaast,980304,True,True,False,False,False
AD002230,AC001725,residence,kyc_origination,2026-04-01,T3,house 263 blk f rd 3 b h mosque palm meadows navanagara east 980302,house 263 blk f rd 3 b h mosque palm meadows navanagara east,980302,True,True,False,True,False
AD002231,AC001726,residence,kyc_origination,2026-04-01,T1,house 249 12th cross 6th main vidya ngr kaveripura 960103,house 249 12th cross 6th main vidya ngr kaveripura,960103,True,True,False,True,False
AD002232,AC001726,office,kyc_origination,2026-04-01,T1,8th cross 8th main nr church basava nagar kaveripura 960101,8th cross 8th main nr church basava nagar kaveripura,960101,True,True,False,False,False
AD002233,AC001727,residence,kyc_origination,2026-04-01,T3,h no 137 b blk 4th road nr bus stand silver oak lyt navanagara east 980301,h no 137 b blk 4th road nr bus stand silver oak lyt navanagara east,980301,True,True,False,True,False
AD002234,AC001728,residence,kyc_origination,2026-04-01,T3,blk e rd 2 next to government school orchid enclave navanagara east 980301,blk e rd 2 next to government school orchid enclave navanagara east,980301,True,True,False,False,False
AD002235,AC001729,residence,kyc_origination,2026-04-01,T2,गली नं 11 nehru colony devgarh nagar 9700203,गली नं 11 nehru colony devgarh nagar 9700203,,False,False,True,False,False
AD002236,AC001730,residence,kyc_origination,2026-04-01,T2,h no 288 gali no 6 ward 9 shastri ngr devgarh nagar 970201,h no 288 gali no 6 ward 9 shastri ngr devgarh nagar,970201,True,True,False,True,False
AD002237,AC001731,residence,kyc_origination,2026-04-01,T2,no 241 medcial store ke samne devgarh nagar 970202,no 241 medcial store ke samne devgarh nagar,970202,True,True,False,True,False
AD002238,AC001732,residence,kyc_origination,2026-04-01,T1,no 4 nr masjid vinayaka nagr kaveripura 960104,no 4 nr masjid vinayaka nagr kaveripura,960104,True,True,False,True,False
AD002239,AC001733,residence,kyc_origination,2026-04-01,T1,12th crs 4th main rd bus nildana hattira kaveripura 960103,12th crs 4th main rd bus nildana hattira kaveripura,960103,True,True,False,False,False
AD002240,AC001733,office,kyc_origination,2026-04-01,T1,no 292 ganapathi gudi hattira gandhi nagar kaveripura,no 292 ganapathi gudi hattira gandhi nagar kaveripura,,False,False,False,True,False
AD002241,AC001734,residence,kyc_origination,2026-04-01,T1,287 8th x 8th main rd hosa badavane kaveripura 960101,287 8th x 8th main rd hosa badavane kaveripura,960101,True,True,False,False,False
AD002242,AC001735,residence,kyc_origination,2026-04-01,T2,no 221 हनुमान मंदिर के बगल में shastri nagr devgarh ngr 970202,no 221 हनुमान मंदिर के बगल में shastri nagr devgarh ngr,970202,True,True,True,True,False
AD002243,AC001735,office,kyc_origination,2026-04-01,T2,no 459 gali no 10 ward 5 nr ration shop subhash nagar devgarh ngr 970201,no 459 gali no 10 ward 5 nr ration shop subhash nagar devgarh ngr,970201,True,True,False,True,False
AD002244,AC001736,residence,kyc_origination,2026-04-01,T2,house 222 community hall ke peeche shivaji nagar devgarh nagar 970202,house 222 community hall ke peeche shivaji nagar devgarh nagar,970202,True,True,False,True,False
AD002245,AC001737,residence,kyc_origination,2026-04-01,T1,no 370 10th cross 3rd main rd bhd ganesh temple nehru colony kaveripura 960102,no 370 10th cross 3rd main rd bhd ganesh temple nehru colony kaveripura,960102,True,True,False,True,False
AD002246,AC001738,residence,kyc_origination,2026-04-01,T1,house 441 annapoorna nilaya 3rd cross 2nd main nehru colony kaveripura 960102,house 441 annapoorna nilaya 3rd cross 2nd main nehru colony kaveripura,960102,True,True,False,True,False
AD002247,AC001739,residence,kyc_origination,2026-04-01,T1,no 159 13th x 2nd mn samudaya bhavana hattira siddeshwara colny kaveripura 960102,no 159 13th x 2nd mn samudaya bhavana hattira siddeshwara colny kaveripura,960102,True,True,False,True,False
AD002248,AC001740,residence,kyc_origination,2026-04-01,T3,h no 477 blk b rd 3 nr church navanagara east,h no 477 blk b rd 3 nr church navanagara east,,False,False,False,True,False
AD002249,AC001741,residence,kyc_origination,2026-04-01,T3,h no 363 a blk 1st rd royal gardens navanagara east 980303,h no 363 a blk 1st rd royal gardens navanagara east,980303,True,True,False,True,False
AD002250,AC001742,residence,kyc_origination,2026-04-01,T1,house 180 opp ration shop shanthi nagar kaveripura 960101,house 180 opp ration shop shanthi nagar kaveripura,960101,True,True,False,True,False
AD002251,AC001743,residence,kyc_origination,2026-04-01,T3,456 2 a block 2nd road green park layout navanagara east 980301,456 2 a block 2nd road green park layout navanagara east,980301,True,True,False,False,False
AD002252,AC001744,residence,kyc_origination,2026-04-01,T3,silver oak lyt navanagara east 980301,silver oak lyt navanagara east,980301,True,True,False,False,False
AD002253,AC001745,residence,kyc_origination,2026-04-01,T3,house 329 blk c rd 6 cuhrch hattira silver oak lyt navanagara east 980301,house 329 blk c rd 6 cuhrch hattira silver oak lyt navanagara east,980301,True,True,False,True,False
AD002254,AC001746,residence,kyc_origination,2026-04-01,T3,27 f block 6th road neerina tank hattira hmt colony navanagara east 980301,27 f block 6th road neerina tank hattira hmt colony navanagara east,980301,True,True,False,False,False
AD002255,AC001747,residence,kyc_origination,2026-04-01,T2,gali no 1 barat ghar ke paas azad mohalla devgarh nagr 970203,gali no 1 barat ghar ke paas azad mohalla devgarh nagr,970203,True,True,False,True,False
AD002256,AC001748,residence,kyc_origination,2026-04-01,T1,house 90 8th cross 4th mn nr bus stand ashoka layout kaveripura 960101,house 90 8th cross 4th mn nr bus stand ashoka layout kaveripura,960101,True,True,False,True,False
AD002257,AC001748,office,kyc_origination,2026-04-01,T1,133 beside government school anjaneya badavane kaveripura 960103,133 beside government school anjaneya badavane kaveripura,960103,True,True,False,False,False
AD002258,AC001749,residence,kyc_origination,2026-04-01,T3,house 133 b blk 6th road sarkari school ke paas teachers colony navanagara east 980302,house 133 b blk 6th road sarkari school ke paas teachers colony navanagara east,980302,True,True,False,True,False
AD002259,AC001750,residence,kyc_origination,2026-04-01,T3,house 108 d block 7th road palm meadows navanagara east,house 108 d block 7th road palm meadows navanagara east,,False,False,False,True,False
AD002260,AC001751,residence,kyc_origination,2026-04-01,T1,3rd cross 1st main nr hanuman temple siddeshwara colny kaveripura 960102,3rd cross 1st main nr hanuman temple siddeshwara colny kaveripura,960102,True,True,False,False,False
AD002261,AC001752,residence,kyc_origination,2026-04-01,T2,380 1 lakshmi nilaya गली नं 2 ward 6 बस स्टॉप के पास nehru col devgarh nagr 970203,380 1 lakshmi nilaya गली नं 2 ward 6 बस स्टॉप के पास nehru col devgarh nagr,970203,True,True,True,False,False
AD002262,AC001753,residence,kyc_origination,2026-04-01,T2,132 gali 1 ration ki dukaan ke paas krishna puri devgarh naggar 970202,132 gali 1 ration ki dukaan ke paas krishna puri devgarh naggar,970202,True,True,False,False,False
AD002263,AC001754,residence,kyc_origination,2026-04-01,T2,gali no 1 patel nagar devgarh nagar 970202,gali no 1 patel nagar devgarh nagar,970202,True,True,False,True,False
AD002264,AC001755,residence,kyc_origination,2026-04-01,T2,no 391 gali 3 close to ration shop azad mohalla devgarh nagr,no 391 gali 3 close to ration shop azad mohalla devgarh nagr,,False,False,False,True,False
AD002265,AC001756,residence,kyc_origination,2026-04-01,T1,42 3 6th cross 1st main church hattira basava ngr kaveripura,42 3 6th cross 1st main church hattira basava ngr kaveripura,,False,False,False,False,False
AD002266,AC001756,office,kyc_origination,2026-04-01,T1,no 472 3rd cross 7th main kalyana nagar kaveripura 960104,no 472 3rd cross 7th main kalyana nagar kaveripura,960104,True,True,False,True,False
AD002267,AC001757,residence,kyc_origination,2026-04-01,T2,h no 439 gali 8 azad mohalla devgarh nagar 970203,h no 439 gali 8 azad mohalla devgarh nagar,970203,True,True,False,True,False
AD002268,AC001757,permanent_native,kyc_origination,2026-04-01,OUT,village devipur tehsil c district north 995088,village devipur tehsil c district north,995088,True,False,False,False,True
AD002269,AC001758,residence,kyc_origination,2026-04-01,T1,124 2 close to medical store kuvempu layout kaveripura 960102,124 2 close to medical store kuvempu layout kaveripura,960102,True,True,False,False,False
AD002270,AC001759,residence,kyc_origination,2026-04-01,T1,8th cross 3rd main beside bus stop gandhi ngr kaveripura 960102,8th cross 3rd main beside bus stop gandhi ngr kaveripura,960102,True,True,False,False,False
AD002271,AC001760,residence,kyc_origination,2026-04-01,T2,h no 104 gali no 1 patel nagar devgarh nagar 970202,h no 104 gali no 1 patel nagar devgarh nagar,970202,True,True,False,True,False
AD002272,AC001761,residence,kyc_origination,2026-04-01,T2,ganga apartments gali no 9 ward 6 nr bus stand nehru colny devgarh nagr 970203,ganga apartments gali no 9 ward 6 nr bus stand nehru colny devgarh nagr,970203,True,True,False,True,False
AD002273,AC001761,office,kyc_origination,2026-04-01,T2,gali no 11 close to water tank krishna puri devgarh ngr 970202,gali no 11 close to water tank krishna puri devgarh ngr,970202,True,True,False,True,False
AD002274,AC001762,residence,kyc_origination,2026-04-01,T2,h no 88 gali 11 ward 1 medical store ke bagal mein shivaji nagr devgarh ngr 970202,h no 88 gali 11 ward 1 medical store ke bagal mein shivaji nagr devgarh ngr,970202,True,True,False,True,False
AD002275,AC001762,office,kyc_origination,2026-04-01,T2,gali no 9 bus stop ke paas azad mohalla devgarh nagr 970203,gali no 9 bus stop ke paas azad mohalla devgarh nagr,970203,True,True,False,True,False
AD002276,AC001763,residence,kyc_origination,2026-04-01,T1,215 1 lakshmi nilaya 3rd cross 6th main rd sarkari shaale pakkadalli vinayaka nagar kaveripura 960104,215 1 lakshmi nilaya 3rd cross 6th main rd sarkari shaale pakkadalli vinayaka nagar kaveripura,960104,True,True,False,False,False
AD002277,AC001764,residence,kyc_origination,2026-04-01,T2,gali 5 ward 11 patel nagr devgarh ngr 970202,gali 5 ward 11 patel nagr devgarh ngr,970202,True,True,False,False,False
AD002278,AC001764,office,kyc_origination,2026-04-01,T2,no 293 gali no 10 gandhi basti devgarh nagar 970203,no 293 gali no 10 gandhi basti devgarh nagar,970203,True,True,False,True,False
AD002279,AC001765,residence,kyc_origination,2026-04-01,T1,207 3rd crs 2nd main ನ್ಯಾಯಬೆಲೆ ಅಂಗಡಿ ಹತ್ತಿರ hosa badavane kaveripura 960101,207 3rd crs 2nd main ನ್ಯಾಯಬೆಲೆ ಅಂಗಡಿ ಹತ್ತಿರ hosa badavane kaveripura,960101,True,True,True,False,False
AD002280,AC001765,office,kyc_origination,2026-04-01,T1,10th cross 5th mn nr pds shop gandhi nagar kaveripura 960102,10th cross 5th mn nr pds shop gandhi nagar kaveripura,960102,True,True,False,False,False
AD002281,AC001766,residence,kyc_origination,2026-04-01,T1,3rd cross 6th mn vinayaka nagar kaveripura 960104,3rd cross 6th mn vinayaka nagar kaveripura,960104,True,True,False,False,False
AD002282,AC001767,residence,kyc_origination,2026-04-01,T3,house 419 hmt colny navanagara east 980301,house 419 hmt colny navanagara east,980301,True,True,False,True,False
AD002283,AC001767,office,kyc_origination,2026-04-01,T3,a blk 3rd road orchid enclave navanagara east 980301,a blk 3rd road orchid enclave navanagara east,980301,True,True,False,False,False
AD002284,AC001768,residence,kyc_origination,2026-04-01,T2,no 98 gali no 6 close to government school indira colony devgarh nagar 970202,no 98 gali no 6 close to government school indira colony devgarh nagar,970202,True,True,False,True,False
AD002285,AC001768,permanent_native,kyc_origination,2026-04-01,OUT,village rampura kalan taluk b district north 993733,village rampura kalan taluk b district north,993733,True,False,False,False,True
AD002286,AC001769,residence,kyc_origination,2026-04-01,T2,284 sai residency gali no 3 ward 6 barat ghar ke pass ram nagr devgarh nagar 970203,284 sai residency gali no 3 ward 6 barat ghar ke pass ram nagr devgarh nagar,970203,True,True,False,True,False
AD002287,AC001770,residence,kyc_origination,2026-04-01,T2,gali no 7 ward 11 close to church patel nagar devgarh nagr 970202,gali no 7 ward 11 close to church patel nagar devgarh nagr,970202,True,True,False,True,False
AD002288,AC001771,residence,kyc_origination,2026-04-01,T1,329 3 haalina dairy hattira kaveripura 960102,329 3 haalina dairy hattira kaveripura,960102,True,True,False,False,False
AD002289,AC001772,residence,kyc_origination,2026-04-01,T1,433 7th cross 3rd main close to hanuman temple nehru colony kaveripura 960104,433 7th cross 3rd main close to hanuman temple nehru colony kaveripura,960104,True,True,False,False,False
AD002290,AC001772,permanent_native,kyc_origination,2026-04-01,OUT,village mallapura tehsil d district east 999991,village mallapura tehsil d district east,999991,True,False,False,False,True
AD002291,AC001773,residence,kyc_origination,2026-04-01,T2,257 2 गली नं 1 डाकघर के पास subhash nagar devgarh nagar 970201,257 2 गली नं 1 डाकघर के पास subhash nagar devgarh nagar,970201,True,True,True,False,False
AD002292,AC001774,residence,kyc_origination,2026-04-01,T3,house 416 f block 3rd road green park lyt navanagara east 980301,house 416 f block 3rd road green park lyt navanagara east,980301,True,True,False,True,False
AD002293,AC001774,office,kyc_origination,2026-04-01,T3,322 blk b rd 1 close to milk booth hmt colony navanagara easst 980301,322 blk b rd 1 close to milk booth hmt colony navanagara easst,980301,True,True,False,False,False
AD002294,AC001775,residence,kyc_origination,2026-04-01,T2,310 3 gali no 10 patel nagar devgarh nagar 970202,310 3 gali no 10 patel nagar devgarh nagar,970202,True,True,False,True,False
AD002295,AC001776,residence,kyc_origination,2026-04-01,T3,shanti kunj blk a rd 4 navanagara east 980301,shanti kunj blk a rd 4 navanagara east,980301,True,True,False,False,False
AD002296,AC001777,residence,kyc_origination,2026-04-01,T3,no 372 palm meadows naavnagara east 980302,no 372 palm meadows naavnagara east,980302,True,True,False,True,False
AD002297,AC001778,residence,kyc_origination,2026-04-01,T1,361 2nd cross 6th mn nr hanuman temple siddeshwara colony kaveripura 960102,361 2nd cross 6th mn nr hanuman temple siddeshwara colony kaveripura,960102,True,True,False,False,False
AD002298,AC001779,residence,kyc_origination,2026-04-01,T3,h no 128 blk d rd 1 palm meadows navonagara east 980302,h no 128 blk d rd 1 palm meadows navonagara east,980302,True,True,False,True,False
AD002299,AC001780,residence,kyc_origination,2026-04-01,T2,azad mohalla devgarh naagar 970203,azad mohalla devgarh naagar,970203,True,True,False,False,False
AD002300,AC001781,residence,kyc_origination,2026-04-01,T2,gali no 6 medical store ke pass nehru colny devgarh nagar 970203,gali no 6 medical store ke pass nehru colny devgarh nagar,970203,True,True,False,True,False
AD002301,AC001782,residence,kyc_origination,2026-04-01,T2,gali no 3 ward 11 nr masjid patel nagr devgarh nagar 970201,gali no 3 ward 11 nr masjid patel nagr devgarh nagar,970201,True,True,False,True,False
AD002302,AC001783,residence,kyc_origination,2026-04-01,T2,no 41 opp bus stop azad mohalla devgarh ngr,no 41 opp bus stop azad mohalla devgarh ngr,,False,False,False,True,False
AD002303,AC001784,residence,kyc_origination,2026-04-01,T1,h no 218 3rd cross 8th main kaveripura 960101,h no 218 3rd cross 8th main kaveripura,960101,True,True,False,True,False
AD002304,AC001785,residence,kyc_origination,2026-04-01,T1,no 419 2nd cross 5th main nr hanuman temple nehru colony kaveripura 960102,no 419 2nd cross 5th main nr hanuman temple nehru colony kaveripura,960102,True,True,False,True,False
AD002305,AC001786,residence,kyc_origination,2026-04-01,T1,358 9th cross 2nd main b h bus stop vidya nagr kaveripura 960103,358 9th cross 2nd main b h bus stop vidya nagr kaveripura,960103,True,True,False,False,False
AD002306,AC001787,residence,kyc_origination,2026-04-01,T1,no 82 annapoorna nilaya 9th cross 4th main nehru colny kaveripura 960102,no 82 annapoorna nilaya 9th cross 4th main nehru colny kaveripura,960102,True,True,False,True,False
AD002307,AC001788,residence,kyc_origination,2026-04-01,T1,house 54 3rd crs 2nd main maasidi hattira nehru col kaveripura 960102,house 54 3rd crs 2nd main maasidi hattira nehru col kaveripura,960102,True,True,False,True,False
AD002308,AC001789,residence,kyc_origination,2026-04-01,T1,neor hanuman temple neru colony kaveripura 960102,neor hanuman temple neru colony kaveripura,960102,True,True,False,False,False
AD002309,AC001790,residence,kyc_origination,2026-04-01,T3,no 146 e block 2nd road navanagara east 980303,no 146 e block 2nd road navanagara east,980303,True,True,False,True,False
AD002310,AC001791,residence,kyc_origination,2026-04-01,T1,80 1 2nd crs 4th main post office hattira vidya nagar kaveripura 960103,80 1 2nd crs 4th main post office hattira vidya nagar kaveripura,960103,True,True,False,False,False
AD002311,AC001792,residence,kyc_origination,2026-04-01,T3,55 palm meadows navanagara east 980303,55 palm meadows navanagara east,980303,True,True,False,False,False
AD002312,AC001793,residence,kyc_origination,2026-04-01,T2,no 425 gali 3 पार्क के पास indira colony devgarh ngr 970202,no 425 gali 3 पार्क के पास indira colony devgarh ngr,970202,True,True,True,True,False
AD002313,AC001793,permanent_native,kyc_origination,2026-04-01,OUT,village hosahalli tehsil c district south 996235,village hosahalli tehsil c district south,996235,True,False,False,False,True
AD002314,AC001794,residence,kyc_origination,2026-04-01,T1,house 474 6th cross 4th main neerina tank hattira basava nagar kaveripura 960101,house 474 6th cross 4th main neerina tank hattira basava nagar kaveripura,960101,True,True,False,True,False
AD002315,AC001794,office,kyc_origination,2026-04-01,T1,house 30 11th cr 5th mn beside church ajaneya badavane kaveripura 960103,house 30 11th cr 5th mn beside church ajaneya badavane kaveripura,960103,True,True,False,True,False
AD002316,AC001795,residence,kyc_origination,2026-04-01,T1,h no 377 ganga apartments siddeshwara colny kaveripura 9601002,h no 377 ganga apartments siddeshwara colny kaveripura 9601002,,False,False,False,True,False
AD002317,AC001796,residence,kyc_origination,2026-04-01,T1,134 1 12th cross 4th main shanthi nagar kaveripura 960101,134 1 12th cross 4th main shanthi nagar kaveripura,960101,True,True,False,False,False
AD002318,AC001797,residence,kyc_origination,2026-04-01,T2,house 187 gali no 1 tilak nagar devgarh nagr 970204,house 187 gali no 1 tilak nagar devgarh nagr,970204,True,True,False,True,False
AD002319,AC001798,residence,kyc_origination,2026-04-01,T1,house 404 11th cross 4th main rd close to ganapathi temple nehru colony kaveripura 960102,house 404 11th cross 4th main rd close to ganapathi temple nehru colony kaveripura,960102,True,True,False,True,False
AD002320,AC001798,permanent_native,kyc_origination,2026-04-01,OUT,village sundarpur tehsil c district west 992228,village sundarpur tehsil c district west,992228,True,False,False,False,True
AD002321,AC001799,residence,kyc_origination,2026-04-01,T3,house 257 f blk 2nd rd opposite bus stand palm meadows navanagara east 980302,house 257 f blk 2nd rd opposite bus stand palm meadows navanagara east,980302,True,True,False,True,False
AD002322,AC001800,residence,kyc_origination,2026-04-01,T2,331 3 बस स्टॉप के पास azad mohalla devgarh nagr 970203,331 3 बस स्टॉप के पास azad mohalla devgarh nagr,970203,True,True,True,False,False
AD002323,AC001801,residence,kyc_origination,2026-04-01,T2,8 gali no 2 devgarh nagar 970204,8 gali no 2 devgarh nagar,970204,True,True,False,True,False
AD002324,AC001801,office,kyc_origination,2026-04-01,T2,286 1 gali 11 ward 5 opp masjid subhash nagar devgarh ngr,286 1 gali 11 ward 5 opp masjid subhash nagar devgarh ngr,,False,False,False,False,False
AD002325,AC001802,residence,kyc_origination,2026-04-01,T2,house 259 ganga apartments gali no5 ward 6 nehru colony devgarh nagar 970203,house 259 ganga apartments gali no5 ward 6 nehru colony devgarh nagar,970203,True,True,False,True,False
AD002326,AC001802,permanent_native,kyc_origination,2026-04-01,OUT,village bilagi taluk b district east 993375,village bilagi taluk b district east,993375,True,False,False,False,True
AD002327,AC001803,residence,kyc_origination,2026-04-01,T2,house 161 gali 1 devgarh ngr 970203,house 161 gali 1 devgarh ngr,970203,True,True,False,True,False
AD002328,AC001804,residence,kyc_origination,2026-04-01,T3,h no 304 c blk 2nd road nr ganapathi temple orchid enclave navanagara east 980301,h no 304 c blk 2nd road nr ganapathi temple orchid enclave navanagara east,980301,True,True,False,True,False
AD002329,AC001804,permanent_native,kyc_origination,2026-04-01,OUT,village mallapura taluk a district east 991183,village mallapura taluk a district east,991183,True,False,False,False,True
AD002330,AC001805,residence,kyc_origination,2026-04-01,T2,gali 5 दूध डेयरी के पास patel nagar devgarh nagar 970202,gali 5 दूध डेयरी के पास patel nagar devgarh nagar,970202,True,True,True,False,False
AD002331,AC001805,permanent_native,kyc_origination,2026-04-01,OUT,village rampura kalan tehsil d district east 998565,village rampura kalan tehsil d district east,998565,True,False,False,False,True
AD002332,AC001806,residence,kyc_origination,2026-04-01,T1,house 83 10th cross 7th mn close to bus stop kaveripura 960102,house 83 10th cross 7th mn close to bus stop kaveripura,960102,True,True,False,True,False
AD002333,AC001807,residence,kyc_origination,2026-04-01,T3,h no 246 blk c rd 4 b h post office silvr oak layout navanagara east 980301,h no 246 blk c rd 4 b h post office silvr oak layout navanagara east,980301,True,True,False,True,False
AD002334,AC001808,residence,kyc_origination,2026-04-01,T3,house 135 behind milk booth railway colony navanagara east 980304,house 135 behind milk booth railway colony navanagara east,980304,True,True,False,True,False
AD002335,AC001809,residence,kyc_origination,2026-04-01,T3,h no 435 d block 5th road palm meadows navanagara east 980302,h no 435 d block 5th road palm meadows navanagara east,980302,True,True,False,True,False
AD002336,AC001810,residence,kyc_origination,2026-04-01,T3,no 394 f blk 6th road nr medical store lakeview phase 2 navanagara east 980303,no 394 f blk 6th road nr medical store lakeview phase 2 navanagara east,980303,True,True,False,True,False
AD002337,AC001811,residence,kyc_origination,2026-04-01,T2,house 262 gali no 3 ram nagar devgarh nagar 970202,house 262 gali no 3 ram nagar devgarh nagar,970202,True,True,False,True,False
AD002338,AC001811,permanent_native,kyc_origination,2026-04-01,OUT,village bilagi taluk b district south 997414,village bilagi taluk b district south,997414,True,False,False,False,True
AD002339,AC001812,residence,kyc_origination,2026-04-01,T2,no 414 gali no 11 ward 8 bhd ganapathi temple azad mohalla devgarh nagar 970203,no 414 gali no 11 ward 8 bhd ganapathi temple azad mohalla devgarh nagar,970203,True,True,False,True,False
AD002340,AC001812,office,kyc_origination,2026-04-01,T2,no 273 gali no 8 close to bus stop devgarh nagar 970203,no 273 gali no 8 close to bus stop devgarh nagar,970203,True,True,False,True,False
AD002341,AC001813,residence,kyc_origination,2026-04-01,T2,346 gali no 3 ward 3 पार्क के सामने azad mohalla devgarh nagar 970204,346 gali no 3 ward 3 पार्क के सामने azad mohalla devgarh nagar,970204,True,True,True,True,False
AD002342,AC001814,residence,kyc_origination,2026-04-01,T2,nr government school tilk nagar devgarh nagar 970203,nr government school tilk nagar devgarh nagar,970203,True,True,False,False,False
AD002343,AC001815,residence,kyc_origination,2026-04-01,T3,c block 3rd road nr kalyana mantapa navanagara east 980304,c block 3rd road nr kalyana mantapa navanagara east,980304,True,True,False,False,False
AD002344,AC001816,residence,kyc_origination,2026-04-01,T2,house 88 gali 10 ward 4 close to church devgarh nagar 970203,house 88 gali 10 ward 4 close to church devgarh nagar,970203,True,True,False,True,False
AD002345,AC001817,residence,kyc_origination,2026-04-01,T2,296 2 gali 11 bagicha ke piche gandhi basti devgarh nagar 970202,296 2 gali 11 bagicha ke piche gandhi basti devgarh nagar,970202,True,True,False,False,False
AD002346,AC001818,residence,kyc_origination,2026-04-01,T3,391 1 d block 3rd road close to bus stand teachers col navanagara east 980302,391 1 d block 3rd road close to bus stand teachers col navanagara east,980302,True,True,False,False,False
AD002347,AC001818,office,kyc_origination,2026-04-01,T3,h no 277 c block 1st road nr ganesh temple orchid enclave navanagara east 980301,h no 277 c block 1st road nr ganesh temple orchid enclave navanagara east,980301,True,True,False,True,False
AD002348,AC001819,residence,kyc_origination,2026-04-01,T1,10th cross 8th main gandhi nagar kaveripura 960102,10th cross 8th main gandhi nagar kaveripura,960102,True,True,False,False,False
AD002349,AC001820,residence,kyc_origination,2026-04-01,T2,293 gali 3 ward 9 b h masjid shastri nagra devgarh nagar 970201,293 gali 3 ward 9 b h masjid shastri nagra devgarh nagar,970201,True,True,False,False,False
AD002350,AC001821,residence,kyc_origination,2026-04-01,T3,397 d block 2nd road nr peetrol pump green park layout navanagara east 980301,397 d block 2nd road nr peetrol pump green park layout navanagara east,980301,True,True,False,False,False
AD002351,AC001821,office,kyc_origination,2026-04-01,T3,house 366 blk f rd 6 adj ganesh temple palm meadowws navanagara east 980302,house 366 blk f rd 6 adj ganesh temple palm meadowws navanagara east,980302,True,True,False,True,False
AD002352,AC001822,residence,kyc_origination,2026-04-01,T1,12th cr 1st main rd anjaneya badavane kaveripura 960103,12th cr 1st main rd anjaneya badavane kaveripura,960103,True,True,False,False,False
AD002353,AC001823,residence,kyc_origination,2026-04-01,T1,1st x 8th main rd ashoka layout kaveripura 960104,1st x 8th main rd ashoka layout kaveripura,960104,True,True,False,False,False
AD002354,AC001824,residence,kyc_origination,2026-04-01,T1,h no 95 nr post office vinayaka nagr kaveripura 960104,h no 95 nr post office vinayaka nagr kaveripura,960104,True,True,False,True,False
AD002355,AC001825,residence,kyc_origination,2026-04-01,T1,h no 239 8th cross 8th main near pds shop nehru colony kaveripura 960102,h no 239 8th cross 8th main near pds shop nehru colony kaveripura,960102,True,True,False,True,False
AD002356,AC001825,office,kyc_origination,2026-04-01,T1,h no 77 1st cr 7th mn kaveripura 960104,h no 77 1st cr 7th mn kaveripura,960104,True,True,False,True,False
AD002357,AC001826,residence,kyc_origination,2026-04-01,T2,34 ganga apartments gali 11 ward 2 indira col devgarh nagar 970202,34 ganga apartments gali 11 ward 2 indira col devgarh nagar,970202,True,True,False,False,False
AD002358,AC001827,residence,kyc_origination,2026-04-01,T3,sri krishna nivvas bus stop ke paas navanagara east 980303,sri krishna nivvas bus stop ke paas navanagara east,980303,True,True,False,False,False
AD002359,AC001828,residence,kyc_origination,2026-04-01,T2,h no 4773 gali 12 bhd ganesh temple patel nagr devgarh nagr 970202,h no 4773 gali 12 bhd ganesh temple patel nagr devgarh nagr,970202,True,True,False,True,False
AD002360,AC001829,residence,kyc_origination,2026-04-01,T2,no 410 gali no 12 ward 3 ambedkar nagar devgarh nagar 970204,no 410 gali no 12 ward 3 ambedkar nagar devgarh nagar,970204,True,True,False,True,False
AD002361,AC001829,office,kyc_origination,2026-04-01,T2,197 2 annapoorna nilaya gali no 7 ganesh madnir ke paass shivaji nagr devgarh nagar 970202,197 2 annapoorna nilaya gali no 7 ganesh madnir ke paass shivaji nagr devgarh nagar,970202,True,True,False,True,False
AD002362,AC001830,residence,kyc_origination,2026-04-01,T1,no 393 park ke paas nehru colony kaveripura 960102,no 393 park ke paas nehru colony kaveripura,960102,True,True,False,True,False
AD002363,AC001831,residence,kyc_origination,2026-04-01,T3,h no 351 f block 3rd road nr ganapathi temple palm meadows navanagara east 980303,h no 351 f block 3rd road nr ganapathi temple palm meadows navanagara east,980303,True,True,False,True,False
AD002364,AC001832,residence,kyc_origination,2026-04-01,T2,297 3 gali 9 ward 4 medical store ke pass ram nagar devgarh nagar 970203,297 3 gali 9 ward 4 medical store ke pass ram nagar devgarh nagar,970203,True,True,False,False,False
AD002365,AC001833,residence,kyc_origination,2026-04-01,T3,e block 4th rd nr government school teachers colony navanagara east 980302,e block 4th rd nr government school teachers colony navanagara east,980302,True,True,False,False,False
AD002366,AC001833,office,kyc_origination,2026-04-01,T3,unity nagar navanagara east 980302,unity nagar navanagara east,980302,True,True,False,False,False
AD002367,AC001834,residence,kyc_origination,2026-04-01,T1,456 2 3rd cross 1st main rd opp park vidya nagar kaveripura 960103,456 2 3rd cross 1st main rd opp park vidya nagar kaveripura,960103,True,True,False,False,False
AD002368,AC001835,residence,kyc_origination,2026-04-01,T3,342 3 blk f rd 3 near mosque teachers col navanagara east 980302,342 3 blk f rd 3 near mosque teachers col navanagara east,980302,True,True,False,False,False
AD002369,AC001836,residence,kyc_origination,2026-04-01,T2,house 256 gali no 9 ward 5 subhash nagar devgarh nagr 970202,house 256 gali no 9 ward 5 subhash nagar devgarh nagr,970202,True,True,False,True,False
AD002370,AC001837,residence,kyc_origination,2026-04-01,T3,no 240 blk f rd 6 barat ghar ke pass railway colony navanagara east 980304,no 240 blk f rd 6 barat ghar ke pass railway colony navanagara east,980304,True,True,False,True,False
AD002371,AC001838,residence,kyc_origination,2026-04-01,T2,no 446 gali no 11 bhd post office indira colny devgarh nagar 970201,no 446 gali no 11 bhd post office indira colny devgarh nagar,970201,True,True,False,True,False
AD002372,AC001839,residence,kyc_origination,2026-04-01,T3,156 blk d rd 5 nr hanuman temple palm meadows navanagara eat 980302,156 blk d rd 5 nr hanuman temple palm meadows navanagara eat,980302,True,True,False,False,False
AD002373,AC001840,residence,kyc_origination,2026-04-01,T2,60 गली नं 8 हनुमान मंदिर के पास subhash nagar devgarh nagar 970203,60 गली नं 8 हनुमान मंदिर के पास subhash nagar devgarh nagar,970203,True,True,True,False,False
AD002374,AC001841,residence,kyc_origination,2026-04-01,T1,h no 79 12th cross 6th main rd vidya ngr kaveripura 960103,h no 79 12th cross 6th main rd vidya ngr kaveripura,960103,True,True,False,True,False
AD002375,AC001842,residence,kyc_origination,2026-04-01,T3,house 155 blk f rd 3 unity ngr navanagara east 980302,house 155 blk f rd 3 unity ngr navanagara east,980302,True,True,False,True,False
AD002376,AC001843,residence,kyc_origination,2026-04-01,T1,near ganapathi temple ashoka layout kaveripura 960104,near ganapathi temple ashoka layout kaveripura,960104,True,True,False,False,False
AD002377,AC001844,residence,kyc_origination,2026-04-01,T3,109 3 e blk 3rd rd paani ki tanki ke paas uinty nogar navanagara east 980302,109 3 e blk 3rd rd paani ki tanki ke paas uinty nogar navanagara east,980302,True,True,False,False,False
AD002378,AC001845,residence,kyc_origination,2026-04-01,T1,ganga apartments 4th cross 4th main ಅಂಚೆ ಕಚೇರಿ ಹಿಂದೆ vinayaka nagr kaveripura 960104,ganga apartments 4th cross 4th main ಅಂಚೆ ಕಚೇರಿ ಹಿಂದೆ vinayaka nagr kaveripura,960104,True,True,True,False,False
AD002379,AC001845,permanent_native,kyc_origination,2026-04-01,OUT,village bilagi taluk b district west 992287,village bilagi taluk b district west,992287,True,False,False,False,True
AD002380,AC001846,residence,kyc_origination,2026-04-01,T3,blk a rd 2 palm meadows navanagara east 980302,blk a rd 2 palm meadows navanagara east,980302,True,True,False,False,False
AD002381,AC001847,residence,kyc_origination,2026-04-01,T2,gali 2 park ke bagal mein indira colony devgarh nagar 9702202,gali 2 park ke bagal mein indira colony devgarh nagar 9702202,,False,False,False,False,False
AD002382,AC001848,residence,kyc_origination,2026-04-01,T2,गली नं 2 राशन की दुकान के पास indira colny devgarh nagar 970202,गली नं 2 राशन की दुकान के पास indira colny devgarh nagar,970202,True,True,True,False,False
AD002383,AC001849,residence,kyc_origination,2026-04-01,T3,h no 214 nr water tank orchid enclave navanagara east 980302,h no 214 nr water tank orchid enclave navanagara east,980302,True,True,False,True,False
AD002384,AC001850,residence,kyc_origination,2026-04-01,T2,h no 191 gali no 2 girja ghar ke saamne shastri ngr devgarh ngr 970201,h no 191 gali no 2 girja ghar ke saamne shastri ngr devgarh ngr,970201,True,True,False,True,False
AD002385,AC001851,residence,kyc_origination,2026-04-01,T2,gali 6 close to medicals shastri nagar devgarh nagar 970201,gali 6 close to medicals shastri nagar devgarh nagar,970201,True,True,False,False,False
AD002386,AC001851,permanent_native,kyc_origination,2026-04-01,OUT,village devipur taluk a district north 996686,village devipur taluk a district north,996686,True,False,False,False,True
AD002387,AC001852,residence,kyc_origination,2026-04-01,T2,h no 12 gali no 12 oppposite mosque subhash nagar devgarh nagar 970201,h no 12 gali no 12 oppposite mosque subhash nagar devgarh nagar,970201,True,True,False,True,False
AD002388,AC001852,office,kyc_origination,2026-04-01,T2,gali no 9 ward 2 bhd hanuman temple devgarh nagar 970202,gali no 9 ward 2 bhd hanuman temple devgarh nagar,970202,True,True,False,True,False
AD002389,AC001853,residence,kyc_origination,2026-04-01,T2,gali 14 ward 3 sarkari school ke paas devgarh nagar 970204,gali 14 ward 3 sarkari school ke paas devgarh nagar,970204,True,True,False,False,False
AD002390,AC001853,permanent_native,kyc_origination,2026-04-01,OUT,village hosahalli tehsil d district east 992473,village hosahalli tehsil d district east,992473,True,False,False,False,True
AD002391,AC001854,residence,kyc_origination,2026-04-01,T3,h no 18 blk f rd 4 close to hanuman temple sunrise enclave navanagara east 980304,h no 18 blk f rd 4 close to hanuman temple sunrise enclave navanagara east,980304,True,True,False,True,False
AD002392,AC001855,residence,kyc_origination,2026-04-01,T1,6th x 3rd mn anche kacheri hattira vidya nagr kaveripura 960103,6th x 3rd mn anche kacheri hattira vidya nagr kaveripura,960103,True,True,False,False,False
AD002393,AC001856,residence,kyc_origination,2026-04-01,T1,h no 413 9th cross 2nd mn ಬಸ್ ನಿಲ್ದಾಣ ಎದುರು gandhi nagar kaveripura 960102,h no 413 9th cross 2nd mn ಬಸ್ ನಿಲ್ದಾಣ ಎದುರು gandhi nagar kaveripura,960102,True,True,True,True,False
AD002394,AC001856,office,kyc_origination,2026-04-01,T1,93 2 3rd cr 2nd main nr ganesh temple kalyana ngr kaveripura 960104,93 2 3rd cr 2nd main nr ganesh temple kalyana ngr kaveripura,960104,True,True,False,False,False
AD002395,AC001857,residence,kyc_origination,2026-04-01,T3,19 1 blk c rd 2 masidi hattira hmt colony navanagara east,19 1 blk c rd 2 masidi hattira hmt colony navanagara east,,False,False,False,False,False
AD002396,AC001858,residence,kyc_origination,2026-04-01,T2,near ganapathi temple krishna puri devgarh nagar,near ganapathi temple krishna puri devgarh nagar,,False,False,False,False,False
AD002397,AC001859,residence,kyc_origination,2026-04-01,T3,h no 56 nr overhead tank green park layout navanagara east 980301,h no 56 nr overhead tank green park layout navanagara east,980301,True,True,False,True,False
AD002398,AC001859,office,kyc_origination,2026-04-01,T3,no 377 blk d rd 2 opp government school teachers colony navanagara east 980302,no 377 blk d rd 2 opp government school teachers colony navanagara east,980302,True,True,False,True,False
AD002399,AC001860,residence,kyc_origination,2026-04-01,T3,e block 6th rad nr bus stand unity ngr navanagara east 980302,e block 6th rad nr bus stand unity ngr navanagara east,980302,True,True,False,False,False
AD002400,AC001861,residence,kyc_origination,2026-04-01,T3,c block 1st road nr kalyana mantapa railway colony navanagara east 980301,c block 1st road nr kalyana mantapa railway colony navanagara east,980301,True,True,False,False,False
AD002401,AC001862,residence,kyc_origination,2026-04-01,T2,gali 1 nr bus stand shivaji nagar devgarh ngr 970202,gali 1 nr bus stand shivaji nagar devgarh ngr,970202,True,True,False,False,False
AD002402,AC001863,residence,kyc_origination,2026-04-01,T3,h no 69 ganapathi gudi hinde unity nagar navanagara east 980301,h no 69 ganapathi gudi hinde unity nagar navanagara east,980301,True,True,False,True,False
AD002403,AC001864,residence,kyc_origination,2026-04-01,T1,house 92 5th crs 3rd main rd nr govt school vidya nagr kaveripura 960103,house 92 5th crs 3rd main rd nr govt school vidya nagr kaveripura,960103,True,True,False,True,False
AD002404,AC001865,residence,kyc_origination,2026-04-01,T1,11th crs 6th main behind bus stand nehru colony kaveripura 960102,11th crs 6th main behind bus stand nehru colony kaveripura,960102,True,True,False,False,False
AD002405,AC001866,residence,kyc_origination,2026-04-01,T3,b blk 2nd road near milk booth hmt colony navanagara east 980301,b blk 2nd road near milk booth hmt colony navanagara east,980301,True,True,False,False,False
AD002406,AC001866,permanent_native,kyc_origination,2026-04-01,OUT,village hosahalli tehsil c district east 991969,village hosahalli tehsil c district east,991969,True,False,False,False,True
AD002407,AC001867,residence,kyc_origination,2026-04-01,T3,blk c rd 6 lakeview phase 2 navanagara east 980303,blk c rd 6 lakeview phase 2 navanagara east,980303,True,True,False,False,False
AD002408,AC001868,residence,kyc_origination,2026-04-01,T1,327 5th cross 3rd mn bhd petrol bunk ashoka layout kaveripura 960104,327 5th cross 3rd mn bhd petrol bunk ashoka layout kaveripura,960104,True,True,False,False,False
AD002409,AC001868,permanent_native,kyc_origination,2026-04-01,OUT,village bilagi taluk b district north 997794,village bilagi taluk b district north,997794,True,False,False,False,True
AD002410,AC001869,residence,kyc_origination,2026-04-01,T3,house 410 b blk 1st road close to milk booth teachers collony navanagara east 980302,house 410 b blk 1st road close to milk booth teachers collony navanagara east,980302,True,True,False,True,False
AD002411,AC001869,office,kyc_origination,2026-04-01,T3,no 437 teachers col navanagara east 980302,no 437 teachers col navanagara east,980302,True,True,False,True,False
AD002412,AC001870,residence,kyc_origination,2026-04-01,T3,36 2 blk e rd 3 nr govt school silver oak lyt navanagara east 980301,36 2 blk e rd 3 nr govt school silver oak lyt navanagara east,980301,True,True,False,False,False
AD002413,AC001871,residence,kyc_origination,2026-04-01,T1,house 103 nr bus stop nehru colony kaveripura 960102,house 103 nr bus stop nehru colony kaveripura,960102,True,True,False,True,False
AD002414,AC001872,residence,kyc_origination,2026-04-01,T1,h no 399 ganga apartments 12th crs 4th main nehru colony kaveripura 960102,h no 399 ganga apartments 12th crs 4th main nehru colony kaveripura,960102,True,True,False,True,False
AD002415,AC001873,residence,kyc_origination,2026-04-01,T3,blk e rd 5 nr govt school silver oak layout navanagara east 980301,blk e rd 5 nr govt school silver oak layout navanagara east,980301,True,True,False,False,False
AD002416,AC001873,office,kyc_origination,2026-04-01,T3,359 1 c blk 4th road beside ganesh temple orchid enclave navanagara east 980301,359 1 c blk 4th road beside ganesh temple orchid enclave navanagara east,980301,True,True,False,False,False
AD002417,AC001874,residence,kyc_origination,2026-04-01,T1,h no 354 3rd cross 4th main rd nr medical store hosa badavane kaveripura 960101,h no 354 3rd cross 4th main rd nr medical store hosa badavane kaveripura,960101,True,True,False,True,False
AD002418,AC001874,office,kyc_origination,2026-04-01,T1,no 268 sai residency 1st cross 6th main close to ration shop kaveripura 960102,no 268 sai residency 1st cross 6th main close to ration shop kaveripura,960102,True,True,False,True,False
AD002419,AC001875,residence,kyc_origination,2026-04-01,T1,house 453 5th cross 5th main rd behind hanuman temple nehru colony kaveripura 960104,house 453 5th cross 5th main rd behind hanuman temple nehru colony kaveripura,960104,True,True,False,True,False
AD002420,AC001875,permanent_native,kyc_origination,2026-04-01,OUT,village hosahalli taluk a district north 996244,village hosahalli taluk a district north,996244,True,False,False,False,True
AD002421,AC001876,residence,kyc_origination,2026-04-01,T2,no 306 shivaji nagr devgarh nagr 970203,no 306 shivaji nagr devgarh nagr,970203,True,True,False,True,False
AD002422,AC001877,residence,kyc_origination,2026-04-01,T3,a blk 4th rd bhd pds shop unity nagar navanagara east 980302,a blk 4th rd bhd pds shop unity nagar navanagara east,980302,True,True,False,False,False
AD002423,AC001878,residence,kyc_origination,2026-04-01,T3,a block 4th road jama masjid ke paas railway colony navanagara east 980304,a block 4th road jama masjid ke paas railway colony navanagara east,980304,True,True,False,False,False
AD002424,AC001879,residence,kyc_origination,2026-04-01,T3,e block 4th rd orchid enclave navanagara east 980301,e block 4th rd orchid enclave navanagara east,980301,True,True,False,False,False
AD002425,AC001880,residence,kyc_origination,2026-04-01,T3,154 1 blk d rd 5 ಕಲ್ಯಾಣ ಮಂಟಪ ಹತ್ತಿರ green park layout navanagara esat 980301,154 1 blk d rd 5 ಕಲ್ಯಾಣ ಮಂಟಪ ಹತ್ತಿರ green park layout navanagara esat,980301,True,True,True,False,False
AD002426,AC001880,permanent_native,kyc_origination,2026-04-01,OUT,village sundarpur taluk b district west 997028,village sundarpur taluk b district west,997028,True,False,False,False,True
AD002427,AC001881,residence,kyc_origination,2026-04-01,T3,no 86 om sai complex blk e rd 3 opp government school orchid enclave navanagara east 980301,no 86 om sai complex blk e rd 3 opp government school orchid enclave navanagara east,980301,True,True,False,True,False
AD002428,AC001882,residence,kyc_origination,2026-04-01,T2,house 358 near bus stop indira colony devgarh nagar 970202,house 358 near bus stop indira colony devgarh nagar,970202,True,True,False,True,False
AD002429,AC001883,residence,kyc_origination,2026-04-01,T1,shanti kunj 4th cr 3rd mn anche kacheri hattira vidya nagar kaveripura 960101,shanti kunj 4th cr 3rd mn anche kacheri hattira vidya nagar kaveripura,960101,True,True,False,False,False
AD002430,AC001883,office,kyc_origination,2026-04-01,T1,house 45 annapoorna nilaya 8th cross 2nd mn nr children park nehru colony kaveripura 960102,house 45 annapoorna nilaya 8th cross 2nd mn nr children park nehru colony kaveripura,960102,True,True,False,True,False
AD002431,AC001884,residence,kyc_origination,2026-04-01,T2,गली नं 9 ward 10 krishna puri devgarh nagar 970202,गली नं 9 ward 10 krishna puri devgarh nagar,970202,True,True,True,False,False
AD002432,AC001884,office,kyc_origination,2026-04-01,T2,285 gali no 3 ward 8 azad mohalla devgarh ngr 970203,285 gali no 3 ward 8 azad mohalla devgarh ngr,970203,True,True,False,True,False
AD002433,AC001885,residence,kyc_origination,2026-04-01,T2,431 gali 12 ward 1 nr medicals shivaji ngr devgarh ngr 970202,431 gali 12 ward 1 nr medicals shivaji ngr devgarh ngr,970202,True,True,False,False,False
AD002434,AC001886,residence,kyc_origination,2026-04-01,T1,house 441 5th cross 4th main vinayeka nagr kaveripura 960104,house 441 5th cross 4th main vinayeka nagr kaveripura,960104,True,True,False,True,False
AD002435,AC001886,office,kyc_origination,2026-04-01,T1,2nd cross 7th main rd close to hanuman temple siddeshwara colony kaveripura 960102,2nd cross 7th main rd close to hanuman temple siddeshwara colony kaveripura,960102,True,True,False,False,False
AD002436,AC001887,residence,kyc_origination,2026-04-01,T2,394 2 gali no 6 ward 8 near cimmunity hall azad mohalla devgarh nagar 970203,394 2 gali no 6 ward 8 near cimmunity hall azad mohalla devgarh nagar,970203,True,True,False,True,False
AD002437,AC001887,office,kyc_origination,2026-04-01,T2,57 gali no 6 ward 11 close to church patel nagar devgarh nagar 970202,57 gali no 6 ward 11 close to church patel nagar devgarh nagar,970202,True,True,False,True,False
AD002438,AC001888,residence,kyc_origination,2026-04-01,T1,opp pds shop vidya nagar kaveripura 960103,opp pds shop vidya nagar kaveripura,960103,True,True,False,False,False
AD002439,AC001889,residence,kyc_origination,2026-04-01,T1,house 256 4th cr 8th mn ration angadi hinde vidya ngr kaveripura 960103,house 256 4th cr 8th mn ration angadi hinde vidya ngr kaveripura,960103,True,True,False,True,False
AD002440,AC001890,residence,kyc_origination,2026-04-01,T2,h no 249 sri krishna nivas gali no 11 ration ki dukaan ke paas devgarh nagr 970202,h no 249 sri krishna nivas gali no 11 ration ki dukaan ke paas devgarh nagr,970202,True,True,False,True,False
AD002441,AC001890,office,kyc_origination,2026-04-01,T2,320 2 gali 6 nr milk booth shastri ngr devgarh nagar 970201,320 2 gali 6 nr milk booth shastri ngr devgarh nagar,970201,True,True,False,False,False
AD002442,AC001891,residence,kyc_origination,2026-04-01,T1,h no 292 3rd cross 3rd main vinayaka nagar kaveripura 960104,h no 292 3rd cross 3rd main vinayaka nagar kaveripura,960104,True,True,False,True,False
AD002443,AC001891,permanent_native,kyc_origination,2026-04-01,OUT,village bilagi tehsil c district east 991588,village bilagi tehsil c district east,991588,True,False,False,False,True
AD002444,AC001892,residence,kyc_origination,2026-04-01,T1,no 350 green view apts kalyana mantapa eduru vinayaka ngr kaveripura 960104,no 350 green view apts kalyana mantapa eduru vinayaka ngr kaveripura,960104,True,True,False,True,False
AD002445,AC001893,residence,kyc_origination,2026-04-01,T3,f block 3rd rd teachers colny navanaara east 980302,f block 3rd rd teachers colny navanaara east,980302,True,True,False,False,False
AD002446,AC001893,permanent_native,kyc_origination,2026-04-01,OUT,village chikkapura tehsil d district east 998266,village chikkapura tehsil d district east,998266,True,False,False,False,True
AD002447,AC001894,residence,kyc_origination,2026-04-01,T3,blk e rd 2 teachers col navanagara east 980302,blk e rd 2 teachers col navanagara east,980302,True,True,False,False,False
AD002448,AC001894,office,kyc_origination,2026-04-01,T3,house 266 e blk 2nd road lakeview phase 2 navanagara east 980303,house 266 e blk 2nd road lakeview phase 2 navanagara east,980303,True,True,False,True,False
AD002449,AC001895,residence,kyc_origination,2026-04-01,T2,house 256 gali no 2 close to community hall ram nagar devgarh nagar 970203,house 256 gali no 2 close to community hall ram nagar devgarh nagar,970203,True,True,False,True,False
AD002450,AC001895,office,kyc_origination,2026-04-01,T2,no 222 gali no 2 पार्क के पास indira colony devgarh nagar 90202,no 222 gali no 2 पार्क के पास indira colony devgarh nagar 90202,,False,False,True,True,False
AD002451,AC001896,residence,kyc_origination,2026-04-01,T1,h no 269 12th cross 4th main ashoka layout kaveripura 960104,h no 269 12th cross 4th main ashoka layout kaveripura,960104,True,True,False,True,False
AD002452,AC001896,office,kyc_origination,2026-04-01,T1,3rd cross 1st main basava ngr kaveripura 960101,3rd cross 1st main basava ngr kaveripura,960101,True,True,False,False,False
AD002453,AC001897,residence,kyc_origination,2026-04-01,T2,no 350 gali no 8 ward 11 patel nagr devgarh nagar 970202,no 350 gali no 8 ward 11 patel nagr devgarh nagar,970202,True,True,False,True,False
AD002454,AC001898,residence,kyc_origination,2026-04-01,T3,blk c rd 2 community hll ke pass railway colny navanagara east 980304,blk c rd 2 community hll ke pass railway colny navanagara east,980304,True,True,False,False,False
AD002455,AC001898,permanent_native,kyc_origination,2026-04-01,OUT,village hosahalli taluk b district north 995268,village hosahalli taluk b district north,995268,True,False,False,False,True
AD002456,AC001899,residence,kyc_origination,2026-04-01,T1,3rd cross 7th main near hanuman temple siddeshwara colony kaveripura 960102,3rd cross 7th main near hanuman temple siddeshwara colony kaveripura,960102,True,True,False,False,False
AD002457,AC001900,residence,kyc_origination,2026-04-01,T1,340 10th cross 2nd main opp ganapathi temple nehru colny kaveripura 960101,340 10th cross 2nd main opp ganapathi temple nehru colny kaveripura,960101,True,True,False,False,False
AD002458,AC001901,residence,kyc_origination,2026-04-01,T2,gali no 4 next to hanuman temple shivaji nagar devgarh nagar 970202,gali no 4 next to hanuman temple shivaji nagar devgarh nagar,970202,True,True,False,True,False
AD002459,AC001902,residence,kyc_origination,2026-04-01,T2,house 167 gali 5 near medical store patel nagar devgarh nagar 970202,house 167 gali 5 near medical store patel nagar devgarh nagar,970202,True,True,False,True,False
AD002460,AC001902,permanent_native,kyc_origination,2026-04-01,OUT,village devipur taluk a district west 993334,village devipur taluk a district west,993334,True,False,False,False,True
AD002461,AC001903,residence,kyc_origination,2026-04-01,T1,3rd cross 2nd main near mosque kaveripura 960102,3rd cross 2nd main near mosque kaveripura,960102,True,True,False,False,False
AD002462,AC001904,residence,kyc_origination,2026-04-01,T1,377 b h mosque nehru colny kaveripura 960102,377 b h mosque nehru colny kaveripura,960102,True,True,False,False,False
AD002463,AC001905,residence,kyc_origination,2026-04-01,T2,gali no 1 bus stop ke paas shivaji nagar devgarh nagr 970202,gali no 1 bus stop ke paas shivaji nagar devgarh nagr,970202,True,True,False,True,False
AD002464,AC001906,residence,kyc_origination,2026-04-01,T2,gali 2 near kalyana mantapa nehru colny devgarh nagar 970202,gali 2 near kalyana mantapa nehru colny devgarh nagar,970202,True,True,False,False,False
AD002465,AC001906,office,kyc_origination,2026-04-01,T2,no 443 gali no 1 devgarh nagr 970203,no 443 gali no 1 devgarh nagr,970203,True,True,False,True,False
AD002466,AC001907,residence,kyc_origination,2026-04-01,T2,185 2 green view aptss gali no 5 nr medical store patel ngr devgarh nagar 970202,185 2 green view aptss gali no 5 nr medical store patel ngr devgarh nagar,970202,True,True,False,True,False
AD002467,AC001908,residence,kyc_origination,2026-04-01,T3,blk d rd 1 ಹಾಲಿನ ಡೈರಿ ಹತ್ತಿರ palm meadows navanagara east 980302,blk d rd 1 ಹಾಲಿನ ಡೈರಿ ಹತ್ತಿರ palm meadows navanagara east,980302,True,True,True,False,False
AD002468,AC001909,residence,kyc_origination,2026-04-01,T1,365 11th cross 3rd main rd vinayaka nagar kaveripura 960104,365 11th cross 3rd main rd vinayaka nagar kaveripura,960104,True,True,False,False,False
AD002469,AC001910,residence,kyc_origination,2026-04-01,T3,224 3 b blk 4th rd near water tank sunrise enclave navanagara east 980304,224 3 b blk 4th rd near water tank sunrise enclave navanagara east,980304,True,True,False,False,False
AD002470,AC001911,residence,kyc_origination,2026-04-01,T2,gali 3 close to ration shop krishna puri devgarh ngr 970202,gali 3 close to ration shop krishna puri devgarh ngr,970202,True,True,False,False,False
AD002471,AC001912,residence,kyc_origination,2026-04-01,T3,house 91 blk b rd 1 palm meadows navanagara east 980302,house 91 blk b rd 1 palm meadows navanagara east,980302,True,True,False,True,False
AD002472,AC001913,residence,kyc_origination,2026-04-01,T3,f block 4th road green park lyt navanagara east 980301,f block 4th road green park lyt navanagara east,980301,True,True,False,False,False
AD002473,AC001914,residence,kyc_origination,2026-04-01,T2,407 gali 12 ward 11 बारात घर के पास patel nagar devgarh ngr 970202,407 gali 12 ward 11 बारात घर के पास patel nagar devgarh ngr,970202,True,True,True,False,False
AD002474,AC001915,residence,kyc_origination,2026-04-01,T2,gali no 11 opp water tank nehru colony devgarh nagar,gali no 11 opp water tank nehru colony devgarh nagar,,False,False,False,True,False
AD002475,AC001916,residence,kyc_origination,2026-04-01,T2,209 3 bhd mosque gandhi bastii devgarh nagar 970201,209 3 bhd mosque gandhi bastii devgarh nagar,970201,True,True,False,False,False
AD002476,AC001916,office,kyc_origination,2026-04-01,T2,381 gali no 5 nr bus stand gandhi basti devgarh nagar 970203,381 gali no 5 nr bus stand gandhi basti devgarh nagar,970203,True,True,False,True,False
AD002477,AC001917,residence,kyc_origination,2026-04-01,T3,blk a rd 6 railway colony navanagara east 980304,blk a rd 6 railway colony navanagara east,980304,True,True,False,False,False
AD002478,AC001917,office,kyc_origination,2026-04-01,T3,h no 66 blk e rd 1 post office edhuru hmt colony navanagara east 980301,h no 66 blk e rd 1 post office edhuru hmt colony navanagara east,980301,True,True,False,True,False
AD002479,AC001918,residence,kyc_origination,2026-04-01,T1,7th cross 5th main rd close to medical store nehru colony kaveripura 960102,7th cross 5th main rd close to medical store nehru colony kaveripura,960102,True,True,False,False,False
AD002480,AC001919,residence,kyc_origination,2026-04-01,T2,h no 183 gali no 6 ward 11 church ke paas patel ngr devgarh ngr 970202,h no 183 gali no 6 ward 11 church ke paas patel ngr devgarh ngr,970202,True,True,False,True,False
AD002481,AC001920,residence,kyc_origination,2026-04-01,T3,h no 220 blk c rd 4 teachers colony navanagara east 980302,h no 220 blk c rd 4 teachers colony navanagara east,980302,True,True,False,True,False
AD002482,AC001920,office,kyc_origination,2026-04-01,T3,nr children park navanagara east,nr children park navanagara east,,False,False,False,False,False
AD002483,AC001921,residence,kyc_origination,2026-04-01,T2,440 बारात घर के पीछे shivaji ngr devgarh nagar 970202,440 बारात घर के पीछे shivaji ngr devgarh nagar,970202,True,True,True,False,False
AD002484,AC001922,residence,kyc_origination,2026-04-01,T1,h no 384 9th cross 3rd main ganapathi gudi hattira nehru colony kaveripura 960102,h no 384 9th cross 3rd main ganapathi gudi hattira nehru colony kaveripura,960102,True,True,False,True,False
AD002485,AC001923,residence,kyc_origination,2026-04-01,T3,blk e rd 3 near petrol pump navanagara east 980301,blk e rd 3 near petrol pump navanagara east,980301,True,True,False,False,False
AD002486,AC001924,residence,kyc_origination,2026-04-01,T3,house 18 palm meadows navanagara eost 9803302,house 18 palm meadows navanagara eost 9803302,,False,False,False,True,False
AD002487,AC001925,residence,kyc_origination,2026-04-01,T2,gali no 9 ward 8 azad mohalla devgarh nagar 970203,gali no 9 ward 8 azad mohalla devgarh nagar,970203,True,True,False,True,False
AD002488,AC001925,office,kyc_origination,2026-04-01,T2,h no 1744 gali 2 ward 2 indira colny devgarh nagar 970202,h no 1744 gali 2 ward 2 indira colny devgarh nagar,970202,True,True,False,True,False
AD002489,AC001926,residence,kyc_origination,2026-04-01,T2,gali 8 दूध डेयरी के पास shastri nagar devgarh nagar 970201,gali 8 दूध डेयरी के पास shastri nagar devgarh nagar,970201,True,True,True,False,False
AD002490,AC001927,residence,kyc_origination,2026-04-01,T1,371 hosa badavane kaveripura 960101,371 hosa badavane kaveripura,960101,True,True,False,False,False
AD002491,AC001927,office,kyc_origination,2026-04-01,T1,263 11th cross 1st main ಕಲ್ಯಾಣ ಮಂಟಪ ಹಿಂದೆ anjaneya badavane kaveripura 960103,263 11th cross 1st main ಕಲ್ಯಾಣ ಮಂಟಪ ಹಿಂದೆ anjaneya badavane kaveripura,960103,True,True,True,False,False
AD002492,AC001928,residence,kyc_origination,2026-04-01,T2,shastri nagar devgarh nagar,shastri nagar devgarh nagar,,False,False,False,False,False
AD002493,AC001929,residence,kyc_origination,2026-04-01,T3,h no 64 blk f rd 4 close to government school silver oak layout navanagara east 9880301,h no 64 blk f rd 4 close to government school silver oak layout navanagara east 9880301,,False,False,False,True,False
AD002494,AC001930,residence,kyc_origination,2026-04-01,T1,11th cross 3rd main rd bus stop ke peeche hosa badavane kaveripura 960101,11th cross 3rd main rd bus stop ke peeche hosa badavane kaveripura,960101,True,True,False,False,False
AD002495,AC001931,residence,kyc_origination,2026-04-01,T1,1 7th crs 3rd main kaveripura 960101,1 7th crs 3rd main kaveripura,960101,True,True,False,False,False
AD002496,AC001931,office,kyc_origination,2026-04-01,T1,479 2 6th cr 5th main near government school basava nagar kaveripura,479 2 6th cr 5th main near government school basava nagar kaveripura,,False,False,False,False,False
AD002497,AC001932,residence,kyc_origination,2026-04-01,T3,blk c rd 5 near milk booth hmt colony navanagara east 980301,blk c rd 5 near milk booth hmt colony navanagara east,980301,True,True,False,False,False
AD002498,AC001932,office,kyc_origination,2026-04-01,T3,hno 263 c blk 5th road unity nagar navanagara east 980304,hno 263 c blk 5th road unity nagar navanagara east,980304,True,True,False,False,False
AD002499,AC001933,residence,kyc_origination,2026-04-01,T2,no 440 गली नं 7 wadr 8 सरकारी स्कूल के पास azad mohalla devgarh nagar 970203,no 440 गली नं 7 wadr 8 सरकारी स्कूल के पास azad mohalla devgarh nagar,970203,True,True,True,True,False
AD002500,AC001934,residence,kyc_origination,2026-04-01,T3,h no 34 blk f rd 3 church eduru royal gardens navanagara east 980303,h no 34 blk f rd 3 church eduru royal gardens navanagara east,980303,True,True,False,True,False
AD002501,AC001935,residence,kyc_origination,2026-04-01,T2,no 349 near petrol pump azad mohalla devgarh nagar 970203,no 349 near petrol pump azad mohalla devgarh nagar,970203,True,True,False,True,False
AD002502,AC001936,residence,kyc_origination,2026-04-01,T1,25 4 1st cross 6th main nr kalyana mantapa gandhi nagr kaveripura 960102,25 4 1st cross 6th main nr kalyana mantapa gandhi nagr kaveripura,960102,True,True,False,False,False
AD002503,AC001936,permanent_native,kyc_origination,2026-04-01,OUT,village devipur tehsil d district north 996737,village devipur tehsil d district north,996737,True,False,False,False,True
AD002504,AC001937,residence,kyc_origination,2026-04-01,T3,c block 5th roaad close to kalyana mantapa railway colony navanagara east 980340,c block 5th roaad close to kalyana mantapa railway colony navanagara east,980340,True,False,False,False,False
AD002505,AC001938,residence,kyc_origination,2026-04-01,T1,70 2 2nd cross 7th mn nr hanuman temple nehru col kaveripura 960102,70 2 2nd cross 7th mn nr hanuman temple nehru col kaveripura,960102,True,True,False,False,False
AD002506,AC001939,residence,kyc_origination,2026-04-01,T3,338 sarkari shaale edhuru teachers colony navanagara east 980302,338 sarkari shaale edhuru teachers colony navanagara east,980302,True,True,False,False,False
AD002507,AC001939,permanent_native,kyc_origination,2026-04-01,OUT,village kodihalli tehsil d district south 996459,village kodihalli tehsil d district south,996459,True,False,False,False,True
AD002508,AC001940,residence,kyc_origination,2026-04-01,T1,126 8th cross 3rd main anjaneya badavane kaveripura 960101,126 8th cross 3rd main anjaneya badavane kaveripura,960101,True,True,False,False,False
AD002509,AC001941,residence,kyc_origination,2026-04-01,T3,no 461 om sai complex blk c rd 2 near mosque silver oak lyt navanagara east 980301,no 461 om sai complex blk c rd 2 near mosque silver oak lyt navanagara east,980301,True,True,False,True,False
AD002510,AC001942,residence,kyc_origination,2026-04-01,T1,11th cross 6th main nr petrol pump kalyana nagar kaveripura 960104,11th cross 6th main nr petrol pump kalyana nagar kaveripura,960104,True,True,False,False,False
AD002511,AC001943,residence,kyc_origination,2026-04-01,T3,h no 201 om sai complex d block 5th road bhd bus stand navanagara east 980302,h no 201 om sai complex d block 5th road bhd bus stand navanagara east,980302,True,True,False,True,False
AD002512,AC001943,office,kyc_origination,2026-04-01,T3,h no 153 close to hanuman temple lakeview phase 2 navanagara east 980303,h no 153 close to hanuman temple lakeview phase 2 navanagara east,980303,True,True,False,True,False
AD002513,AC001944,residence,kyc_origination,2026-04-01,T3,blk e rd 3 near government school hmt colony navanagara east 980301,blk e rd 3 near government school hmt colony navanagara east,980301,True,True,False,False,False
AD002514,AC001945,residence,kyc_origination,2026-04-01,T1,7 3rd cross 4th main rd nr kalyana mantapa kaveripura 960102,7 3rd cross 4th main rd nr kalyana mantapa kaveripura,960102,True,True,False,False,False
AD002515,AC001945,office,kyc_origination,2026-04-01,T1,141 sai residency nr government school siddeshwara colony kaveripura 960102,141 sai residency nr government school siddeshwara colony kaveripura,960102,True,True,False,False,False
AD002516,AC001946,residence,kyc_origination,2026-04-01,T2,gali no 5 close to community hall azad mohalla devgarh ngr 970203,gali no 5 close to community hall azad mohalla devgarh ngr,970203,True,True,False,True,False
AD002517,AC001946,office,kyc_origination,2026-04-01,T2,no 49 sri krishna nivas gali no 1 ward 7 masjid ke paas gandhi basti devgarh nagar 970203,no 49 sri krishna nivas gali no 1 ward 7 masjid ke paas gandhi basti devgarh nagar,970203,True,True,False,True,False
AD002518,AC001947,residence,kyc_origination,2026-04-01,T3,no 147 b block 6th road close to government school orchid enclave navanagara east 980301,no 147 b block 6th road close to government school orchid enclave navanagara east,980301,True,True,False,True,False
AD002519,AC001947,office,kyc_origination,2026-04-01,T3,house 9 blk c rd 4 close to water tank sunrise enclave navanagara east 980304,house 9 blk c rd 4 close to water tank sunrise enclave navanagara east,980304,True,True,False,True,False
AD002520,AC001948,residence,kyc_origination,2026-04-01,T3,blk d rd 4 nr ration shop teachers colony navanagara east 980302,blk d rd 4 nr ration shop teachers colony navanagara east,980302,True,True,False,False,False
AD002521,AC001949,residence,kyc_origination,2026-04-01,T2,no 469 गली नं 2 ward 11 चर्च के पास patel nagr devgarh nagar 970202,no 469 गली नं 2 ward 11 चर्च के पास patel nagr devgarh nagar,970202,True,True,True,True,False
AD002522,AC001950,residence,kyc_origination,2026-04-01,T3,h no 344 f block 4th rd near government school silver oak layout navanagara east 980301,h no 344 f block 4th rd near government school silver oak layout navanagara east,980301,True,True,False,True,False
AD002523,AC001951,residence,kyc_origination,2026-04-01,T3,blk c rd 6 palm meadows navanagara east 980302,blk c rd 6 palm meadows navanagara east,980302,True,True,False,False,False
AD002524,AC001952,residence,kyc_origination,2026-04-01,T3,d block 3rd rd royal gardens navanagara east 980303,d block 3rd rd royal gardens navanagara east,980303,True,True,False,False,False
AD002525,AC001953,residence,kyc_origination,2026-04-01,T2,nr petrol pump azad mohalla devgarh nagr 970203,nr petrol pump azad mohalla devgarh nagr,970203,True,True,False,False,False
AD002526,AC001954,residence,kyc_origination,2026-04-01,T2,gali 6 doodh dairy ke paas patel nagar devgarh nagr 970202,gali 6 doodh dairy ke paas patel nagar devgarh nagr,970202,True,True,False,False,False
AD002527,AC001954,office,kyc_origination,2026-04-01,T2,azad mohalla devgarh nagr 970203,azad mohalla devgarh nagr,970203,True,True,False,False,False
AD002528,AC001955,residence,kyc_origination,2026-04-01,T3,no 9 a block 2nd rd silver oak layt navanagara east 9803301,no 9 a block 2nd rd silver oak layt navanagara east 9803301,,False,False,False,True,False
AD002529,AC001956,residence,kyc_origination,2026-04-01,T3,h no 338 blk e rd 2 close to bus stand navanagara east 980303,h no 338 blk e rd 2 close to bus stand navanagara east,980303,True,True,False,True,False
AD002530,AC001957,residence,kyc_origination,2026-04-01,T1,h no 188 6th cross 5th mn opp hanuman temple kaveripura 960102,h no 188 6th cross 5th mn opp hanuman temple kaveripura,960102,True,True,False,True,False
AD002531,AC001958,residence,kyc_origination,2026-04-01,T2,h no 262 gali no 9 gandhi basti devgarh nagr 970202,h no 262 gali no 9 gandhi basti devgarh nagr,970202,True,True,False,True,False
AD002532,AC001959,residence,kyc_origination,2026-04-01,T3,house 392 bus nildana hattira railway colony navanagara east 980304,house 392 bus nildana hattira railway colony navanagara east,980304,True,True,False,True,False
AD002533,AC001960,residence,kyc_origination,2026-04-01,T2,gali no 7 ward 8 nr gotv school azad mohalla devgarh nagar 970203,gali no 7 ward 8 nr gotv school azad mohalla devgarh nagar,970203,True,True,False,True,False
AD002534,AC001960,office,kyc_origination,2026-04-01,T2,no 43 gali no 5 indira colny devgarh ngr 970202,no 43 gali no 5 indira colny devgarh ngr,970202,True,True,False,True,False
AD002535,AC001961,residence,kyc_origination,2026-04-01,T2,house 141 gali no 14 nr children park nehru colony devgarh nagar 970203,house 141 gali no 14 nr children park nehru colony devgarh nagar,970203,True,True,False,True,False
AD002536,AC001962,residence,kyc_origination,2026-04-01,T1,159 2 3rd cross 8th main opposite pds shop vidya nagar kaveripura 960104,159 2 3rd cross 8th main opposite pds shop vidya nagar kaveripura,960104,True,True,False,False,False
AD002537,AC001963,residence,kyc_origination,2026-04-01,T1,4th crs 5th main udyanavana hattira kaveripura 960102,4th crs 5th main udyanavana hattira kaveripura,960102,True,True,False,False,False
AD002538,AC001963,permanent_native,kyc_origination,2026-04-01,OUT,village kodihalli tehsil c district north 999894,village kodihalli tehsil c district north,999894,True,False,False,False,True
AD002539,AC001964,residence,kyc_origination,2026-04-01,T1,vinayaka nagar kaveripura 960104,vinayaka nagar kaveripura,960104,True,True,False,False,False
AD002540,AC001965,residence,kyc_origination,2026-04-01,T2,5 lakshmi nilaya paani ki tanki ke pass krishna puri devgarh nagar 970202,5 lakshmi nilaya paani ki tanki ke pass krishna puri devgarh nagar,970202,True,True,False,False,False
AD002541,AC001966,residence,kyc_origination,2026-04-01,T2,no 178 gali 9 nr hanuman temple indira col devgarh nagar 970202,no 178 gali 9 nr hanuman temple indira col devgarh nagar,970202,True,True,False,True,False
AD002542,AC001967,residence,kyc_origination,2026-04-01,T3,a block 5th road bhd milk booth palm meadows navanagara east 980302,a block 5th road bhd milk booth palm meadows navanagara east,980302,True,True,False,False,False
AD002543,AC001968,residence,kyc_origination,2026-04-01,T1,77 7th cross 3rd mn close to kalyana mantapa hosa badavane kaveripura 960101,77 7th cross 3rd mn close to kalyana mantapa hosa badavane kaveripura,960101,True,True,False,False,False
AD002544,AC001969,residence,kyc_origination,2026-04-01,T1,no 47 ration angadi eduru gandhi nagar kaveripura 960102,no 47 ration angadi eduru gandhi nagar kaveripura,960102,True,True,False,True,False
AD002545,AC001969,office,kyc_origination,2026-04-01,T1,452 7th cross 8th main kaveripura 960104,452 7th cross 8th main kaveripura,960104,True,True,False,False,False
AD002546,AC001970,residence,kyc_origination,2026-04-01,T3,house 241 blk c rd 6 opp post office silver oak layt navanagara east 980301,house 241 blk c rd 6 opp post office silver oak layt navanagara east,980301,True,True,False,True,False
AD002547,AC001970,office,kyc_origination,2026-04-01,T3,h no 442 sai residency b block 2nd road nr bus stand royal gardens navanagara east 980303,h no 442 sai residency b block 2nd road nr bus stand royal gardens navanagara east,980303,True,True,False,True,False
AD002548,AC001971,residence,kyc_origination,2026-04-01,T1,8th cross 4th main ganapathi gudi hattira gandhi nagar kaveripura 960102,8th cross 4th main ganapathi gudi hattira gandhi nagar kaveripura,960102,True,True,False,False,False
AD002549,AC001972,residence,kyc_origination,2026-04-01,T3,no 162 a block 1st road nr government school teachers colony navanagara east 980302,no 162 a block 1st road nr government school teachers colony navanagara east,980302,True,True,False,True,False
AD002550,AC001973,residence,kyc_origination,2026-04-01,T2,nr water tank nehru colony devgarh nagar 970203,nr water tank nehru colony devgarh nagar,970203,True,True,False,False,False
AD002551,AC001974,residence,kyc_origination,2026-04-01,T3,h no 55 blk d rd 5 near masjid palm meadows navanagara east 980303,h no 55 blk d rd 5 near masjid palm meadows navanagara east,980303,True,True,False,True,False
AD002552,AC001975,residence,kyc_origination,2026-04-01,T3,blk c rd 6 close to mosque silver oak layt navanagara east 980304,blk c rd 6 close to mosque silver oak layt navanagara east,980304,True,True,False,False,False
AD002553,AC001976,residence,kyc_origination,2026-04-01,T3,house 179 blk c rd 2 udyanavana eduru palm meadows navanagara east 980302,house 179 blk c rd 2 udyanavana eduru palm meadows navanagara east,980302,True,True,False,True,False
AD002554,AC001976,permanent_native,kyc_origination,2026-04-01,OUT,village sundarpur taluk b district south 996556,village sundarpur taluk b district south,996556,True,False,False,False,True
AD002555,AC001977,residence,kyc_origination,2026-04-01,T2,h no 13 gali no 4 ward 10 behind community hall krishna puri devgarh nagar 970201,h no 13 gali no 4 ward 10 behind community hall krishna puri devgarh nagar,970201,True,True,False,True,False
AD002556,AC001978,residence,kyc_origination,2026-04-01,T1,2nd cross 1st main close to children park hosa badavane kaveripura 960101,2nd cross 1st main close to children park hosa badavane kaveripura,960101,True,True,False,False,False
AD002557,AC001979,residence,kyc_origination,2026-04-01,T3,138 blk e rd 6 close to medical store unity nagar navanagara east,138 blk e rd 6 close to medical store unity nagar navanagara east,,False,False,False,False,False
AD002558,AC001980,residence,kyc_origination,2026-04-01,T1,438 1 4th cross 3rd main rd masjid ke pass siddeshwara colny kaveripura 960102,438 1 4th cross 3rd main rd masjid ke pass siddeshwara colny kaveripura,960102,True,True,False,False,False
AD002559,AC001980,office,kyc_origination,2026-04-01,T1,401 8th cross 2nd main samudaya bhavana hattira kalyana nagr kaveripura 960104,401 8th cross 2nd main samudaya bhavana hattira kalyana nagr kaveripura,960104,True,True,False,False,False
AD002560,AC001981,residence,kyc_origination,2026-04-01,T2,no 2118 om sai complex gali no 8 ward 6 doodh dairy ke paas nehru colony devgarh nagar 970203,no 2118 om sai complex gali no 8 ward 6 doodh dairy ke paas nehru colony devgarh nagar,970203,True,True,False,True,False
AD002561,AC001982,residence,kyc_origination,2026-04-01,T2,shanti kunj gali no 11 petrol pump ke piche tilak nagar devgarh nagar 970204,shanti kunj gali no 11 petrol pump ke piche tilak nagar devgarh nagar,970204,True,True,False,True,False
AD002562,AC001983,residence,kyc_origination,2026-04-01,T3,no 66 blk b rd 1 nr medicals teachers colony navanagara east 9880302,no 66 blk b rd 1 nr medicals teachers colony navanagara east 9880302,,False,False,False,True,False
AD002563,AC001984,residence,kyc_origination,2026-04-01,T3,no 104 blk c rd 6 near petrol bunk orchid enclave navanagara east 980301,no 104 blk c rd 6 near petrol bunk orchid enclave navanagara east,980301,True,True,False,True,False
AD002564,AC001985,residence,kyc_origination,2026-04-01,T3,no 128 b block 6th road nr church sunrise enclave navanagara east 980304,no 128 b block 6th road nr church sunrise enclave navanagara east,980304,True,True,False,True,False
AD002565,AC001986,residence,kyc_origination,2026-04-01,T1,house 220 12th cross 5th main ಬಸ್ ನಿಲ್ದಾಣ ಹತ್ತಿರ vidya nagar kaveripura 960103,house 220 12th cross 5th main ಬಸ್ ನಿಲ್ದಾಣ ಹತ್ತಿರ vidya nagar kaveripura,960103,True,True,True,True,False
AD002566,AC001987,residence,kyc_origination,2026-04-01,T3,h no 85 e block 4th road nr petrol pump silver oak layout navanagara east 980301,h no 85 e block 4th road nr petrol pump silver oak layout navanagara east,980301,True,True,False,True,False
AD002567,AC001988,residence,kyc_origination,2026-04-01,T3,no 7 ganga apartments close to overhead tank hmt col navanagara east 980302,no 7 ganga apartments close to overhead tank hmt col navanagara east,980302,True,True,False,True,False
AD002568,AC001989,residence,kyc_origination,2026-04-01,T2,gali 3 ward 6 nehru col devgarh nagar 970203,gali 3 ward 6 nehru col devgarh nagar,970203,True,True,False,False,False
AD002569,AC001990,residence,kyc_origination,2026-04-01,T1,h no 278 11th crs 6th main anjaneya badavane kaveripura 960103,h no 278 11th crs 6th main anjaneya badavane kaveripura,960103,True,True,False,True,False
AD002570,AC001991,residence,kyc_origination,2026-04-01,T2,h no 184 gali 5 ram nagar devgarh nagar 970203,h no 184 gali 5 ram nagar devgarh nagar,970203,True,True,False,True,False
AD002571,AC001992,residence,kyc_origination,2026-04-01,T1,h no 263 annapoorna nilaya 6th cross 5th main sarkari shaale edhuru shanthi nagar kaveripura 960101,h no 263 annapoorna nilaya 6th cross 5th main sarkari shaale edhuru shanthi nagar kaveripura,960101,True,True,False,True,False
AD002572,AC001993,residence,kyc_origination,2026-04-01,T2,gali no 6 ward 7 near medical store gandhi basti devgarh nagar 970203,gali no 6 ward 7 near medical store gandhi basti devgarh nagar,970203,True,True,False,True,False
AD002573,AC001994,residence,kyc_origination,2026-04-01,T1,no 80 5th cross 5th main rd vinayaka nagar kaveripura 960104,no 80 5th cross 5th main rd vinayaka nagar kaveripura,960104,True,True,False,True,False
AD002574,AC001995,residence,kyc_origination,2026-04-01,T2,house 420 gali no 4 medical store ke pass patel nagr devgarh nagar 970202,house 420 gali no 4 medical store ke pass patel nagr devgarh nagar,970202,True,True,False,True,False
AD002575,AC001996,residence,kyc_origination,2026-04-01,T2,gali no 7 nr water tank krishna puri devgarh nagar 970202,gali no 7 nr water tank krishna puri devgarh nagar,970202,True,True,False,True,False
AD002576,AC001997,residence,kyc_origination,2026-04-01,T2,h no 243 गली नं 3 ward 11 patel nagar devgarh ngr 970202,h no 243 गली नं 3 ward 11 patel nagar devgarh ngr,970202,True,True,True,True,False
AD002577,AC001998,residence,kyc_origination,2026-04-01,T3,no 389 blk f rd 4 nr overhead tank sunrise enclave navanagara eats 980304,no 389 blk f rd 4 nr overhead tank sunrise enclave navanagara eats,980304,True,True,False,True,False
AD002578,AC001998,office,kyc_origination,2026-04-01,T3,house 178 blk f rd 2 nar mosque railway colony navanagara east 980304,house 178 blk f rd 2 nar mosque railway colony navanagara east,980304,True,True,False,True,False
AD002579,AC001999,residence,kyc_origination,2026-04-01,T1,h no 77 shanthi nagar kaveripura,h no 77 shanthi nagar kaveripura,,False,False,False,True,False
AD002580,AC002000,residence,kyc_origination,2026-04-01,T2,no 79 gali no 3 ward 5 subhash nagr devgarh nagar 970201,no 79 gali no 3 ward 5 subhash nagr devgarh nagar,970201,True,True,False,True,False
AD002581,AC002001,residence,kyc_origination,2026-04-01,T3,house 55 e block 4th rd sunrise enclave navanagara east 980304,house 55 e block 4th rd sunrise enclave navanagara east,980304,True,True,False,True,False
AD002582,AC002001,office,kyc_origination,2026-04-01,T3,house 130 railway colony navanagara east 980304,house 130 railway colony navanagara east,980304,True,True,False,True,False
AD002583,AC002002,residence,kyc_origination,2026-04-01,T2,438 3 gali 5 nehru colny devgarh nagar,438 3 gali 5 nehru colny devgarh nagar,,False,False,False,False,False
AD002584,AC002002,office,kyc_origination,2026-04-01,T2,22 सरकारी स्कूल के पास devgarh nagar 970203,22 सरकारी स्कूल के पास devgarh nagar,970203,True,True,True,False,False
AD002585,AC002003,residence,kyc_origination,2026-04-01,T2,gali no 2 ration ki dukaan ke peeche ram nagar devgarh nagar 970203,gali no 2 ration ki dukaan ke peeche ram nagar devgarh nagar,970203,True,True,False,True,False
AD002586,AC002004,residence,kyc_origination,2026-04-01,T3,blk e rd 3 close to church teachers colony navanagara east 980303,blk e rd 3 close to church teachers colony navanagara east,980303,True,True,False,False,False
AD002587,AC002004,office,kyc_origination,2026-04-01,T3,368 b block 4th road palm meadows navanagara east 980302,368 b block 4th road palm meadows navanagara east,980302,True,True,False,False,False
AD002588,AC002005,residence,kyc_origination,2026-04-01,T2,gali no 3 ward 1 opposite bus stand shivaji nagar devgarh nagar 970202,gali no 3 ward 1 opposite bus stand shivaji nagar devgarh nagar,970202,True,True,False,True,False
AD002589,AC002005,permanent_native,kyc_origination,2026-04-01,OUT,village sundarpur taluk a district east 993325,village sundarpur taluk a district east,993325,True,False,False,False,True
AD002590,AC002006,residence,kyc_origination,2026-04-01,T3,house 188 blk f rd 2 silver oak layt navanagara east 980301,house 188 blk f rd 2 silver oak layt navanagara east,980301,True,True,False,True,False
AD002591,AC002006,office,kyc_origination,2026-04-01,T3,blk a rd 2 nr church sunrise enclave navanagara east 980304,blk a rd 2 nr church sunrise enclave navanagara east,980304,True,True,False,False,False
AD002592,AC002007,residence,kyc_origination,2026-04-01,T3,no 379 c block 3rd road near hanuman temple lakeview phase 2 navanagara east 980303,no 379 c block 3rd road near hanuman temple lakeview phase 2 navanagara east,980303,True,True,False,True,False
AD002593,AC002008,residence,kyc_origination,2026-04-01,T1,no 147 close to medical store vidya nagar kaveripura 960103,no 147 close to medical store vidya nagar kaveripura,960103,True,True,False,True,False
AD002594,AC002009,residence,kyc_origination,2026-04-01,T3,hoouse 221 ganga apartments blk a rd 6 defence colony navanagara east 980301,hoouse 221 ganga apartments blk a rd 6 defence colony navanagara east,980301,True,True,False,False,False
AD002595,AC002010,residence,kyc_origination,2026-04-01,T2,no 398 paani ki tanki ke pass shastri ngr devgarh nagr 970203,no 398 paani ki tanki ke pass shastri ngr devgarh nagr,970203,True,True,False,True,False
AD002596,AC002011,residence,kyc_origination,2026-04-01,T3,no 191 a block 2nd rd opposite pds shop sunrise enclave navanagara east 980304,no 191 a block 2nd rd opposite pds shop sunrise enclave navanagara east,980304,True,True,False,True,False
AD002597,AC002011,permanent_native,kyc_origination,2026-04-01,OUT,village sundarpur tehsil d district west 993613,village sundarpur tehsil d district west,993613,True,False,False,False,True
AD002598,AC002012,residence,kyc_origination,2026-04-01,T2,gali 8 doodh dairy ke peeche patel nagar devgarh nagr 970202,gali 8 doodh dairy ke peeche patel nagar devgarh nagr,970202,True,True,False,False,False
AD002599,AC002013,residence,kyc_origination,2026-04-01,T3,no 25 b blk 4th road nr gvot school teachers colony navanagara east 980302,no 25 b blk 4th road nr gvot school teachers colony navanagara east,980302,True,True,False,True,False
AD002600,AC002013,office,kyc_origination,2026-04-01,T3,no 26 blk a rd 2 opp bus stand silver oak layout navanaara east 980301,no 26 blk a rd 2 opp bus stand silver oak layout navanaara east,980301,True,True,False,True,False
AD002601,AC002014,residence,kyc_origination,2026-04-01,T2,masjid ke paas indira col devgarh nagar 970202,masjid ke paas indira col devgarh nagar,970202,True,True,False,False,False
AD002602,AC002015,residence,kyc_origination,2026-04-01,T2,no 72 gali 1 near mosquee shastri nagar devgarh nagar 970201,no 72 gali 1 near mosquee shastri nagar devgarh nagar,970201,True,True,False,True,False
AD002603,AC002016,residence,kyc_origination,2026-04-01,T3,120 blk b rd 4 near bus stop navanagara east 980303,120 blk b rd 4 near bus stop navanagara east,980303,True,True,False,False,False
AD002604,AC002016,permanent_native,kyc_origination,2026-04-01,OUT,village kodihalli taluk b district south 995473,village kodihalli taluk b district south,995473,True,False,False,False,True
AD002605,AC002017,residence,kyc_origination,2026-04-01,T3,blk d rd 2 next to petrol pump green park layout navanagara east 980301,blk d rd 2 next to petrol pump green park layout navanagara east,980301,True,True,False,False,False
AD002606,AC002018,residence,kyc_origination,2026-04-01,T1,no 329 6th cross 5th main kuvempu layout kaveripura 960102,no 329 6th cross 5th main kuvempu layout kaveripura,960102,True,True,False,True,False
AD002607,AC002019,residence,kyc_origination,2026-04-01,T1,155 lakshmi nilaya 10th crs 2nd mainn ganapathi gudi hinde kaveripura 960104,155 lakshmi nilaya 10th crs 2nd mainn ganapathi gudi hinde kaveripura,960104,True,True,False,False,False
AD002608,AC002019,office,kyc_origination,2026-04-01,T1,h no 446 10th cr 8th mn hosa badavane kaveripura 960104,h no 446 10th cr 8th mn hosa badavane kaveripura,960104,True,True,False,True,False
AD002609,AC002020,residence,kyc_origination,2026-04-01,T3,no 238 blk f rd 6 navanagara east 980302,no 238 blk f rd 6 navanagara east,980302,True,True,False,True,False
AD002610,AC002020,office,kyc_origination,2026-04-01,T3,237 1 blk b rd 3 nr children park palm meadows navanagara east 980303,237 1 blk b rd 3 nr children park palm meadows navanagara east,980303,True,True,False,False,False
AD002611,AC002021,residence,kyc_origination,2026-04-01,T2,no 231 nr overhead tank nehru colny devgarh ngr 970204,no 231 nr overhead tank nehru colny devgarh ngr,970204,True,True,False,True,False
AD002612,AC002022,residence,kyc_origination,2026-04-01,T1,h no 196 7th cross 4th mn basava nagar kaveripura 960101,h no 196 7th cross 4th mn basava nagar kaveripura,960101,True,True,False,True,False
AD002613,AC002023,residence,kyc_origination,2026-04-01,T2,gali no 1 near pds shop shivaji nagar devgarh nagar 970202,gali no 1 near pds shop shivaji nagar devgarh nagar,970202,True,True,False,True,False
AD002614,AC002024,residence,kyc_origination,2026-04-01,T3,d block 4th road bus stop ke piche teachers colny navanagara east 980302,d block 4th road bus stop ke piche teachers colny navanagara east,980302,True,True,False,False,False
AD002615,AC002025,residence,kyc_origination,2026-04-01,T3,e block 3rd road near overhead tank unity nagar navanagara east 980302,e block 3rd road near overhead tank unity nagar navanagara east,980302,True,True,False,False,False
AD002616,AC002026,residence,kyc_origination,2026-04-01,T1,h no 441 5th cross 5th main church ke samne hosa badavane kaveripura 960101,h no 441 5th cross 5th main church ke samne hosa badavane kaveripura,960101,True,True,False,True,False
AD002617,AC002027,residence,kyc_origination,2026-04-01,T3,blk c rd 1 railway colony navanagara east 980304,blk c rd 1 railway colony navanagara east,980304,True,True,False,False,False
AD002618,AC002028,residence,kyc_origination,2026-04-01,T2,380 gali no 9 ward 10 nr ganesh temple krishnna puri devgarh nagr 970202,380 gali no 9 ward 10 nr ganesh temple krishnna puri devgarh nagr,970202,True,True,False,True,False
AD002619,AC002029,residence,kyc_origination,2026-04-01,T2,no 46 gali no 2 gandhi basti devgarh nagar 970203,no 46 gali no 2 gandhi basti devgarh nagar,970203,True,True,False,True,False
AD002620,AC002030,residence,kyc_origination,2026-04-01,T3,c block 5th rd hmt colny navanagara east 980302,c block 5th rd hmt colny navanagara east,980302,True,True,False,False,False
AD002621,AC002031,residence,kyc_origination,2026-04-01,T1,no 217 5th cross 5th main near ganesh temple gandhi nagar kaveripura 960102,no 217 5th cross 5th main near ganesh temple gandhi nagar kaveripura,960102,True,True,False,True,False
AD002622,AC002032,residence,kyc_origination,2026-04-01,T2,gali no 5 near mosque shastri nagar devgarh ngr,gali no 5 near mosque shastri nagar devgarh ngr,,False,False,False,True,False
AD002623,AC002033,residence,kyc_origination,2026-04-01,T1,398 12th cross 4th main kaveripura 960102,398 12th cross 4th main kaveripura,960102,True,True,False,False,False
AD002624,AC002034,residence,kyc_origination,2026-04-01,T1,house 241 1st cross 2nd mn neeirna tank hattira gandhi ngr kaveripua 960102,house 241 1st cross 2nd mn neeirna tank hattira gandhi ngr kaveripua,960102,True,True,False,True,False
AD002625,AC002034,permanent_native,kyc_origination,2026-04-01,OUT,village mallapura tehsil d district south 991107,village mallapura tehsil d district south,991107,True,False,False,False,True
AD002626,AC002035,residence,kyc_origination,2026-04-01,T2,no 107 nr kalyana mantaa nehru colny devgarh nagar 970203,no 107 nr kalyana mantaa nehru colny devgarh nagar,970203,True,True,False,True,False
AD002627,AC002036,residence,kyc_origination,2026-04-01,T3,no 170 a blk 3rd rd navanagara east,no 170 a blk 3rd rd navanagara east,,False,False,False,True,False
AD002628,AC002037,residence,kyc_origination,2026-04-01,T2,house 191 annapoorna nilaya gali no 6 shivaji ngr devgarh nagar 970202,house 191 annapoorna nilaya gali no 6 shivaji ngr devgarh nagar,970202,True,True,False,True,False
AD002629,AC002038,residence,kyc_origination,2026-04-01,T3,214 1 blk a rd 3 near hanuman temple unity nagar navanagara east 980302,214 1 blk a rd 3 near hanuman temple unity nagar navanagara east,980302,True,True,False,False,False
AD002630,AC002038,permanent_native,kyc_origination,2026-04-01,OUT,village hosahalli taluk b district south 999818,village hosahalli taluk b district south,999818,True,False,False,False,True
AD002631,AC002039,residence,kyc_origination,2026-04-01,T1,no 318 7th cross 1st main paani ki tanki ke saaamne gandhi nagar kaveripura 960102,no 318 7th cross 1st main paani ki tanki ke saaamne gandhi nagar kaveripura,960102,True,True,False,True,False
AD002632,AC002040,residence,kyc_origination,2026-04-01,T3,blk a rd 6 teachers colny navanagara east 980302,blk a rd 6 teachers colny navanagara east,980302,True,True,False,False,False
AD002633,AC002041,residence,kyc_origination,2026-04-01,T2,28 gali no 8 wrd 6 nr milk booth nehru col devgarh nagr 970203,28 gali no 8 wrd 6 nr milk booth nehru col devgarh nagr,970203,True,True,False,True,False
AD002634,AC002041,office,kyc_origination,2026-04-01,T2,162 gali no 3 dak ghar ke samne shivaji nagr devgarh nagar 970202,162 gali no 3 dak ghar ke samne shivaji nagr devgarh nagar,970202,True,True,False,True,False
AD002635,AC002042,residence,kyc_origination,2026-04-01,T3,no 136 nr milk dairy palm meadows navanagara east,no 136 nr milk dairy palm meadows navanagara east,,False,False,False,True,False
AD002636,AC002042,office,kyc_origination,2026-04-01,T3,h no 87 e block 3rd road bhd bus stand railway colony navanagara east 980304,h no 87 e block 3rd road bhd bus stand railway colony navanagara east,980304,True,True,False,True,False
AD002637,AC002043,residence,kyc_origination,2026-04-01,T1,5th cross 4th main basvaa nagar kaveripura 960101,5th cross 4th main basvaa nagar kaveripura,960101,True,True,False,False,False
AD002638,AC002044,residence,kyc_origination,2026-04-01,T2,29 3 gali no 2 krishna puri devgarh nagr 970202,29 3 gali no 2 krishna puri devgarh nagr,970202,True,True,False,True,False
AD002639,AC002044,office,kyc_origination,2026-04-01,T2,gali 11 girja ghar ke paas azad mohalla devgarh nagr 970203,gali 11 girja ghar ke paas azad mohalla devgarh nagr,970203,True,True,False,False,False
AD002640,AC002045,residence,kyc_origination,2026-04-01,T1,8th cross 3rd main opposite bus stand gandhi nagar kaveripura 960102,8th cross 3rd main opposite bus stand gandhi nagar kaveripura,960102,True,True,False,False,False
AD002641,AC002046,residence,kyc_origination,2026-04-01,T1,2nd cross 4th main nr post office vinayaka nagar kaveripura 960104,2nd cross 4th main nr post office vinayaka nagar kaveripura,960104,True,True,False,False,False
AD002642,AC002047,residence,kyc_origination,2026-04-01,T2,house 399 gali 4 krishna puri devgarh nagar 970202,house 399 gali 4 krishna puri devgarh nagar,970202,True,True,False,True,False
AD002643,AC002048,residence,kyc_origination,2026-04-01,T3,b blk 2nd road close to milk booth defence colony navanagara east 980301,b blk 2nd road close to milk booth defence colony navanagara east,980301,True,True,False,False,False
AD002644,AC002048,permanent_native,kyc_origination,2026-04-01,OUT,village mallapura tehsil c district east 991842,village mallapura tehsil c district east,991842,True,False,False,False,True
AD002645,AC002049,residence,kyc_origination,2026-04-01,T1,337 ಮಸೀದಿ ಹತ್ತಿರ vidya nagar kaveripura 960103,337 ಮಸೀದಿ ಹತ್ತಿರ vidya nagar kaveripura,960103,True,True,True,False,False
AD002646,AC002049,permanent_native,kyc_origination,2026-04-01,OUT,village mallapura tehsil c district south 992449,village mallapura tehsil c district south,992449,True,False,False,False,True
AD002647,AC002050,residence,kyc_origination,2026-04-01,T3,blk d rd 1 nr hanuman temple navanagara east 980302,blk d rd 1 nr hanuman temple navanagara east,980302,True,True,False,False,False
AD002648,AC002051,residence,kyc_origination,2026-04-01,T3,blk d rd 3 close to hanuman temple palm meadows navanagara east 980302,blk d rd 3 close to hanuman temple palm meadows navanagara east,980302,True,True,False,False,False
AD002649,AC002051,office,kyc_origination,2026-04-01,T3,blk d rd 2 close to kalyana mantapa sunrise enclave navenagara east 980304,blk d rd 2 close to kalyana mantapa sunrise enclave navenagara east,980304,True,True,False,False,False
AD002650,AC002052,residence,kyc_origination,2026-04-01,T2,h no 105 gali 11 patel nagar devgarh nagar 970202,h no 105 gali 11 patel nagar devgarh nagar,970202,True,True,False,True,False
AD002651,AC002053,residence,kyc_origination,2026-04-01,T3,h no 267 blk b rd 4 nr church sunrise enclave navanagara east 980304,h no 267 blk b rd 4 nr church sunrise enclave navanagara east,980304,True,True,False,True,False
AD002652,AC002053,office,kyc_origination,2026-04-01,T3,42 1 a block 3rd road nr milk booth hmt col navanagara east 980301,42 1 a block 3rd road nr milk booth hmt col navanagara east,980301,True,True,False,False,False
AD002653,AC002054,residence,kyc_origination,2026-04-01,T2,गली नं 11 डाकघर के पीछे gandhi basti devgarh nagar 97203,गली नं 11 डाकघर के पीछे gandhi basti devgarh nagar 97203,,False,False,True,False,False
AD002654,AC002055,residence,kyc_origination,2026-04-01,T3,no 418 b blk 5th road near bus stop lakeview phase 2 navanagara east 980303,no 418 b blk 5th road near bus stop lakeview phase 2 navanagara east,980303,True,True,False,True,False
AD002655,AC002056,residence,kyc_origination,2026-04-01,T3,blk d rd 6 nr overhead tank silver oak lyt navanagara east 980301,blk d rd 6 nr overhead tank silver oak lyt navanagara east,980301,True,True,False,False,False
AD002656,AC002057,residence,kyc_origination,2026-04-01,T3,e blk 6th rd perol bunk hattira railway col navanagara east 980304,e blk 6th rd perol bunk hattira railway col navanagara east,980304,True,True,False,False,False
AD002657,AC002058,residence,kyc_origination,2026-04-01,T2,gali 1 ward 11 patel ngaar devgarh nagar 970202,gali 1 ward 11 patel ngaar devgarh nagar,970202,True,True,False,False,False
AD002658,AC002059,residence,kyc_origination,2026-04-01,T3,no 84 blk a rd 4 ration angadi hattira hmt colony navanagara east 980301,no 84 blk a rd 4 ration angadi hattira hmt colony navanagara east,980301,True,True,False,True,False
AD002659,AC002060,residence,kyc_origination,2026-04-01,T3,e block 6th road near pharmacy hmt colony navanagara east 980301,e block 6th road near pharmacy hmt colony navanagara east,980301,True,True,False,False,False
AD002660,AC002061,residence,kyc_origination,2026-04-01,T1,12 12th cross 2nd main tanki ke paas shanthi nagar kaveripura 960101,12 12th cross 2nd main tanki ke paas shanthi nagar kaveripura,960101,True,True,False,False,False
AD002661,AC002062,residence,kyc_origination,2026-04-01,T2,128 1 gali no 10 devgarh ngr 970202,128 1 gali no 10 devgarh ngr,970202,True,True,False,True,False
AD002662,AC002063,residence,kyc_origination,2026-04-01,T3,h no 299 blk c rd 6 green park layout navanagara east 980301,h no 299 blk c rd 6 green park layout navanagara east,980301,True,True,False,True,False
AD002663,AC002064,residence,kyc_origination,2026-04-01,T2,no 10 gali no 8 ward 11 b h chruch shivaji nagar devgarh nagar 970202,no 10 gali no 8 ward 11 b h chruch shivaji nagar devgarh nagar,970202,True,True,False,True,False
AD002664,AC002065,residence,kyc_origination,2026-04-01,T2,no 313 gali no 3 patel nagar devgarh nagar 970202,no 313 gali no 3 patel nagar devgarh nagar,970202,True,True,False,True,False
AD002665,AC002065,office,kyc_origination,2026-04-01,T2,278 gali no 4 nr masjid tilak nagar devgarh ngr 970203,278 gali no 4 nr masjid tilak nagar devgarh ngr,970203,True,True,False,True,False
AD002666,AC002066,residence,kyc_origination,2026-04-01,T3,262 d block 4th road behind water tank navanagara east 980301,262 d block 4th road behind water tank navanagara east,980301,True,True,False,False,False
AD002667,AC002067,residence,kyc_origination,2026-04-01,T3,no 2 blk a rd 6 close to government school hmt colony navanagara east 980301,no 2 blk a rd 6 close to government school hmt colony navanagara east,980301,True,True,False,True,False
AD002668,AC002068,residence,kyc_origination,2026-04-01,T1,418 1 close to ganapathi temple ashoka lyt kaveripura 960104,418 1 close to ganapathi temple ashoka lyt kaveripura,960104,True,True,False,False,False
AD002669,AC002069,residence,kyc_origination,2026-04-01,T2,devgarh ngr,devgarh ngr,,False,False,False,False,False
AD002670,AC002070,residence,kyc_origination,2026-04-01,T2,no 348 gali no 1 ward 6 ram nagar devgarh naagr 970203,no 348 gali no 1 ward 6 ram nagar devgarh naagr,970203,True,True,False,True,False
AD002671,AC002070,office,kyc_origination,2026-04-01,T2,412 1 gali 5 near masjid tilak nagar devgarh nagar 970204,412 1 gali 5 near masjid tilak nagar devgarh nagar,970204,True,True,False,False,False
AD002672,AC002071,residence,kyc_origination,2026-04-01,T1,3rd cross 1st main udyanavana eduru vidya naagar kaveripura 960103,3rd cross 1st main udyanavana eduru vidya naagar kaveripura,960103,True,True,False,False,False
AD002673,AC002072,residence,kyc_origination,2026-04-01,T1,h no 7 4th cross 3rd main park hattira nehru colony kaveripura 960102,h no 7 4th cross 3rd main park hattira nehru colony kaveripura,960102,True,True,False,True,False
AD002674,AC002073,residence,kyc_origination,2026-04-01,T3,18 e block 6th road near government school navanagara east 980301,18 e block 6th road near government school navanagara east,980301,True,True,False,False,False
AD002675,AC002074,residence,kyc_origination,2026-04-01,T3,house 274 blk d rd 1 nr community hall sunrise enclave navanagara east 980304,house 274 blk d rd 1 nr community hall sunrise enclave navanagara east,980304,True,True,False,True,False
AD002676,AC002075,residence,kyc_origination,2026-04-01,T3,house 369 e blk 2nd road close to pds shop lakeview phase 2 navanagara east 980303,house 369 e blk 2nd road close to pds shop lakeview phase 2 navanagara east,980303,True,True,False,True,False
AD002677,AC002075,permanent_native,kyc_origination,2026-04-01,OUT,village devipur tehsil d district east 998910,village devipur tehsil d district east,998910,True,False,False,False,True
AD002678,AC002076,residence,kyc_origination,2026-04-01,T3,house 100 blk c rd 4 near ganapathi temple green park layt navanagara east 980301,house 100 blk c rd 4 near ganapathi temple green park layt navanagara east,980301,True,True,False,True,False
AD002679,AC002076,permanent_native,kyc_origination,2026-04-01,OUT,village sundarpur taluk b district north 991666,village sundarpur taluk b district north,991666,True,False,False,False,True
AD002680,AC002077,residence,kyc_origination,2026-04-01,T3,248 blk c rd 3 nr ganesh temple navanagara east 980301,248 blk c rd 3 nr ganesh temple navanagara east,980301,True,True,False,False,False
AD002681,AC002078,residence,kyc_origination,2026-04-01,T1,no 335 12th cross 2nd main nehru colony kaveripura 960102,no 335 12th cross 2nd main nehru colony kaveripura,960102,True,True,False,True,False
AD002682,AC002079,residence,kyc_origination,2026-04-01,T2,house 311 gali no 1 nr ration shop azad mohalla devgarh ngr,house 311 gali no 1 nr ration shop azad mohalla devgarh ngr,,False,False,False,True,False
AD002683,AC002080,residence,kyc_origination,2026-04-01,T1,h no 112 11th cross 8th main gandhi nagr kaveripura 960102,h no 112 11th cross 8th main gandhi nagr kaveripura,960102,True,True,False,True,False
AD002684,AC002081,residence,kyc_origination,2026-04-01,T3,house 278 b block 5th road bhd church silver oak lyt navanagara east 980301,house 278 b block 5th road bhd church silver oak lyt navanagara east,980301,True,True,False,True,False
AD002685,AC002082,residence,kyc_origination,2026-04-01,T3,blk f rd 3 ಬಸ್ ನಿಲ್ದಾಣ ಹತ್ತಿರ lakeview phase 2 navanagara east 980303,blk f rd 3 ಬಸ್ ನಿಲ್ದಾಣ ಹತ್ತಿರ lakeview phase 2 navanagara east,980303,True,True,True,False,False
AD002686,AC002082,permanent_native,kyc_origination,2026-04-01,OUT,village mallapura tehsil d district east 993820,village mallapura tehsil d district east,993820,True,False,False,False,True
AD002687,AC002083,residence,kyc_origination,2026-04-01,T1,457 2 11th cross 2nd main rd nr government school anjaneay badavane kaveripura 960103,457 2 11th cross 2nd main rd nr government school anjaneay badavane kaveripura,960103,True,True,False,False,False
AD002688,AC002084,residence,kyc_origination,2026-04-01,T2,gali no 3 ward 11 beside medical store patel nagar devgarh nagar 970202,gali no 3 ward 11 beside medical store patel nagar devgarh nagar,970202,True,True,False,True,False
AD002689,AC002084,office,kyc_origination,2026-04-01,T2,gali 10 close to gvt school subhash nagr devgarh nagr,gali 10 close to gvt school subhash nagr devgarh nagr,,False,False,False,False,False
AD002690,AC002085,residence,kyc_origination,2026-04-01,T2,336 3 patel nagar devgarh nagar 970202,336 3 patel nagar devgarh nagar,970202,True,True,False,False,False
AD002691,AC002086,residence,kyc_origination,2026-04-01,T1,346 2 10th cross 7th main b h bus stop kaveripura 960102,346 2 10th cross 7th main b h bus stop kaveripura,960102,True,True,False,False,False
AD002692,AC002087,residence,kyc_origination,2026-04-01,T3,28 blk e rd 3 opp govt school orchid enclave navanagara east,28 blk e rd 3 opp govt school orchid enclave navanagara east,,False,False,False,False,False
AD002693,AC002088,residence,kyc_origination,2026-04-01,T2,house 148 gali 12 हनुमान मंदिर के सामने shastri ngr devgarh nagr 970201,house 148 gali 12 हनुमान मंदिर के सामने shastri ngr devgarh nagr,970201,True,True,True,True,False
AD002694,AC002089,residence,kyc_origination,2026-04-01,T2,177 गली नं 8 ward 1 डाकघर के पास devgarh nagar 970202,177 गली नं 8 ward 1 डाकघर के पास devgarh nagar,970202,True,True,True,False,False
AD002695,AC002089,office,kyc_origination,2026-04-01,T2,no 211 gali no 8 nehru colony devgarh ngr 970203,no 211 gali no 8 nehru colony devgarh ngr,970203,True,True,False,True,False
AD002696,AC002090,residence,kyc_origination,2026-04-01,T3,362 b block 2nd rd nr mosque rialway col navanagara east 980304,362 b block 2nd rd nr mosque rialway col navanagara east,980304,True,True,False,False,False
AD002697,AC002091,residence,kyc_origination,2026-04-01,T1,house 86 behind medical store anjaneya badavane kaveripura 960103,house 86 behind medical store anjaneya badavane kaveripura,960103,True,True,False,True,False
AD002698,AC002091,office,kyc_origination,2026-04-01,T1,405 3 2nd cross 7th main rd kalyana nagr kaveripura 960104,405 3 2nd cross 7th main rd kalyana nagr kaveripura,960104,True,True,False,False,False
AD002699,AC002092,residence,kyc_origination,2026-04-01,T2,h no 78 gali no 1 indira colny devgarh nagar 970202,h no 78 gali no 1 indira colny devgarh nagar,970202,True,True,False,True,False
AD002700,AC002093,residence,kyc_origination,2026-04-01,T3,house 398 shanti kunj a block 4th road nr church defence colny navanagara east 980301,house 398 shanti kunj a block 4th road nr church defence colny navanagara east,980301,True,True,False,True,False
AD002701,AC002094,residence,kyc_origination,2026-04-01,T2,293 2 gali 9 near petrol pump devgarh ngr 970203,293 2 gali 9 near petrol pump devgarh ngr,970203,True,True,False,False,False
AD002702,AC002094,office,kyc_origination,2026-04-01,T2,h no 456 गली नं 5 ward 1 गणेश मंदिर के सामने shivaji nagar devgarh nagr 970202,h no 456 गली नं 5 ward 1 गणेश मंदिर के सामने shivaji nagar devgarh nagr,970202,True,True,True,True,False
AD002703,AC002095,residence,kyc_origination,2026-04-01,T2,343 2 gali 4 b h post office shivaji ngr devgarh nagar 970202,343 2 gali 4 b h post office shivaji ngr devgarh nagar,970202,True,True,False,False,False
AD002704,AC002096,residence,kyc_origination,2026-04-01,T2,green view apts gali no 8 b h government school indira colony devgarh nagr 970202,green view apts gali no 8 b h government school indira colony devgarh nagr,970202,True,True,False,True,False
AD002705,AC002096,office,kyc_origination,2026-04-01,T2,146 gali no 12 ward 3 ambedkar nagar devgarh nagar,146 gali no 12 ward 3 ambedkar nagar devgarh nagar,,False,False,False,True,False
AD002706,AC002097,residence,kyc_origination,2026-04-01,T1,82 3 11th cross 6th main kuvempu layout kaveripura 960102,82 3 11th cross 6th main kuvempu layout kaveripura,960102,True,True,False,False,False
AD002707,AC002098,residence,kyc_origination,2026-04-01,T1,208 3rd cr 2nd main nr mosque kaveripura 960102,208 3rd cr 2nd main nr mosque kaveripura,960102,True,True,False,False,False
AD002708,AC002099,residence,kyc_origination,2026-04-01,T3,h no 376 annapoorna nilaya blk a rd 6 hmt colony navanagara east 980301,h no 376 annapoorna nilaya blk a rd 6 hmt colony navanagara east,980301,True,True,False,True,False
AD002709,AC002100,residence,kyc_origination,2026-04-01,T1,h no 150 3rd cr 2nd main rd b h masjid nehru colony kaveripura 960102,h no 150 3rd cr 2nd main rd b h masjid nehru colony kaveripura,960102,True,True,False,True,False
AD002710,AC002101,residence,kyc_origination,2026-04-01,T3,h no 266 d block 4th road near ganesh temple defence colony navanagara east 980301,h no 266 d block 4th road near ganesh temple defence colony navanagara east,980301,True,True,False,True,False
AD002711,AC002102,residence,kyc_origination,2026-04-01,T1,no 275 4th cross 8th main close to ganesh temple gandhi nagar kaveeripura 960102,no 275 4th cross 8th main close to ganesh temple gandhi nagar kaveeripura,960102,True,True,False,True,False
AD002712,AC002103,residence,kyc_origination,2026-04-01,T3,house 390 blk a rd 4 hanuman mandir ke paas orchid enclave navanagara east 980304,house 390 blk a rd 4 hanuman mandir ke paas orchid enclave navanagara east,980304,True,True,False,True,False
AD002713,AC002103,office,kyc_origination,2026-04-01,T3,no 94 blk e rd 2 silver oak layt navanagara eat,no 94 blk e rd 2 silver oak layt navanagara eat,,False,False,False,True,False
AD002714,AC002104,residence,kyc_origination,2026-04-01,T3,331 3 blk c rd 1 palm meadows navanagara east 980302,331 3 blk c rd 1 palm meadows navanagara east,980302,True,True,False,False,False
AD002715,AC002105,residence,kyc_origination,2026-04-01,T1,297 3 4th cross 7th main nr ganapathi temple gandhi nagar kaveripura,297 3 4th cross 7th main nr ganapathi temple gandhi nagar kaveripura,,False,False,False,False,False
AD002716,AC002106,residence,kyc_origination,2026-04-01,T2,gali no 1 bus adda ke pass devgarh nagar 970201,gali no 1 bus adda ke pass devgarh nagar,970201,True,True,False,True,False
AD002717,AC002106,office,kyc_origination,2026-04-01,T2,h no 133 krishna pur devgarh nagar 970202,h no 133 krishna pur devgarh nagar,970202,True,True,False,True,False
AD002718,AC002107,residence,kyc_origination,2026-04-01,T3,436 2 blk c rd 1 sunrise enclave navanagara east 980304,436 2 blk c rd 1 sunrise enclave navanagara east,980304,True,True,False,False,False
AD002719,AC002108,residence,kyc_origination,2026-04-01,T2,gali no 11 ward 9 सरकारी स्कूल के पास shastri ngr devgarh nagr 970201,gali no 11 ward 9 सरकारी स्कूल के पास shastri ngr devgarh nagr,970201,True,True,True,True,False
AD002720,AC002109,residence,kyc_origination,2026-04-01,T3,nr masjid orchid enclave navanagara east 980301,nr masjid orchid enclave navanagara east,980301,True,True,False,False,False
AD002721,AC002110,residence,kyc_origination,2026-04-01,T1,h no 381 1st cr 8th main petrol bunk hattira kalyana nagar kaveripura 960104,h no 381 1st cr 8th main petrol bunk hattira kalyana nagar kaveripura,960104,True,True,False,True,False
AD002722,AC002111,residence,kyc_origination,2026-04-01,T3,no 247 a bloc k 3rd road bhd pds shop navanagara east 980301,no 247 a bloc k 3rd road bhd pds shop navanagara east,980301,True,True,False,True,False
AD002723,AC002112,residence,kyc_origination,2026-04-01,T2,no 174 glai no 4 subhash nagar devgarh nagar 970201,no 174 glai no 4 subhash nagar devgarh nagar,970201,True,True,False,True,False
AD002724,AC002113,residence,kyc_origination,2026-04-01,T2,house 114 gali no 3 nr post office subhash nagar devgarh nagar 970201,house 114 gali no 3 nr post office subhash nagar devgarh nagar,970201,True,True,False,True,False
AD002725,AC002114,residence,kyc_origination,2026-04-01,T2,gali 10 गणेश मंदिर के सामने azad mohalla devgarh nagar 970203,gali 10 गणेश मंदिर के सामने azad mohalla devgarh nagar,970203,True,True,True,False,False
AD002726,AC002114,office,kyc_origination,2026-04-01,T2,house 234 gali no 2 ward 7 gandhi basti devgarh nagar 970203,house 234 gali no 2 ward 7 gandhi basti devgarh nagar,970203,True,True,False,True,False
AD002727,AC002115,residence,kyc_origination,2026-04-01,T1,house 176 11th cr 2nd main nyayabele angadi hindhe kuvempu layout kaveripura,house 176 11th cr 2nd main nyayabele angadi hindhe kuvempu layout kaveripura,,False,False,False,True,False
AD002728,AC002116,residence,kyc_origination,2026-04-01,T2,h on 268 gali 7 close to petrol bunk azad mohalla devgarh nagar 970203,h on 268 gali 7 close to petrol bunk azad mohalla devgarh nagar,970203,True,True,False,False,False
AD002729,AC002117,residence,kyc_origination,2026-04-01,T1,h no 166 9th crs 5th main anjaneya badavane kaveripura 960103,h no 166 9th crs 5th main anjaneya badavane kaveripura,960103,True,True,False,True,False
AD002730,AC002118,residence,kyc_origination,2026-04-01,T3,no 5 f blk 4th road nr mosque navanagara east 980302,no 5 f blk 4th road nr mosque navanagara east,980302,True,True,False,True,False
AD002731,AC002118,office,kyc_origination,2026-04-01,T3,blk f rd 3 royal gardens navanagara east 980303,blk f rd 3 royal gardens navanagara east,980303,True,True,False,False,False
AD002732,AC002119,residence,kyc_origination,2026-04-01,T2,house 37 6 close to govt school tilak nagar devgarh nagar 970204,house 37 6 close to govt school tilak nagar devgarh nagar,970204,True,True,False,True,False
AD002733,AC002120,residence,kyc_origination,2026-04-01,T2,house 287 near ganesh temple azad mohalla devgarh nagar 970203,house 287 near ganesh temple azad mohalla devgarh nagar,970203,True,True,False,True,False
AD002734,AC002120,office,kyc_origination,2026-04-01,T2,446 1 gali no 6 barat ghar ke pass azad mohalla devgarh nagar 970230,446 1 gali no 6 barat ghar ke pass azad mohalla devgarh nagar,970230,True,False,False,True,False
AD002735,AC002121,residence,kyc_origination,2026-04-01,T3,h no 385 blk a rd 1 lakeview phase 2 navanagara east 980304,h no 385 blk a rd 1 lakeview phase 2 navanagara east,980304,True,True,False,True,False
AD002736,AC002122,residence,kyc_origination,2026-04-01,T3,87 blk c rd 4 sarkari school ke paas unity nagar navanagara east 980304,87 blk c rd 4 sarkari school ke paas unity nagar navanagara east,980304,True,True,False,False,False
AD002737,AC002123,residence,kyc_origination,2026-04-01,T3,nr bus stop lakeview phase 2 navanagara east 980303,nr bus stop lakeview phase 2 navanagara east,980303,True,True,False,False,False
AD002738,AC002124,residence,kyc_origination,2026-04-01,T1,no 80 4th cross 1st main rd medical shop hattira ashoka lyt kaveripura 960104,no 80 4th cross 1st main rd medical shop hattira ashoka lyt kaveripura,960104,True,True,False,True,False
AD002739,AC002125,residence,kyc_origination,2026-04-01,T3,h ni 397 annapoorna nilaya bus stop hinde teachers colony navanagara east 980302,h ni 397 annapoorna nilaya bus stop hinde teachers colony navanagara east,980302,True,True,False,False,False
AD002740,AC002126,residence,kyc_origination,2026-04-01,T1,215 10th cross 7th main vinayaka nagr kaveripura 960104,215 10th cross 7th main vinayaka nagr kaveripura,960104,True,True,False,False,False
AD002741,AC002127,residence,kyc_origination,2026-04-01,T2,hiuse 187 gali 5 near govt school indira colony devgarh nagar 970202,hiuse 187 gali 5 near govt school indira colony devgarh nagar,970202,True,True,False,False,False
AD002742,AC002127,office,kyc_origination,2026-04-01,T2,house 115 gali no 12 मेडिकल स्टोर के सामने shivaji nagar devgarh nagar 970202,house 115 gali no 12 मेडिकल स्टोर के सामने shivaji nagar devgarh nagar,970202,True,True,True,True,False
AD002743,AC002128,residence,kyc_origination,2026-04-01,T3,392 b block 6th roda near ganesh temple defence colony navanagara east 980301,392 b block 6th roda near ganesh temple defence colony navanagara east,980301,True,True,False,False,False
AD002744,AC002129,residence,kyc_origination,2026-04-01,T1,215 4th cross 1st main rd vidya nagar kaveripura 960103,215 4th cross 1st main rd vidya nagar kaveripura,960103,True,True,False,False,False
AD002745,AC002129,permanent_native,kyc_origination,2026-04-01,OUT,village rampura kalan tehsil d district west 993873,village rampura kalan tehsil d district west,993873,True,False,False,False,True
AD002746,AC002130,residence,kyc_origination,2026-04-01,T1,house 40 4th cross 3rd main park hattira nehru colny kaveripura 960102,house 40 4th cross 3rd main park hattira nehru colny kaveripura,960102,True,True,False,True,False
AD002747,AC002130,permanent_native,kyc_origination,2026-04-01,OUT,village devipur taluk a district south 994087,village devipur taluk a district south,994087,True,False,False,False,True
AD002748,AC002131,residence,kyc_origination,2026-04-01,T2,house 204 gali 10 patel ngr devgarh ngr 970202,house 204 gali 10 patel ngr devgarh ngr,970202,True,True,False,True,False
AD002749,AC002131,office,kyc_origination,2026-04-01,T2,5 2 गली नं 3 मस्जिद के पास shastri nagar devgarh nagar 970201,5 2 गली नं 3 मस्जिद के पास shastri nagar devgarh nagar,970201,True,True,True,False,False
AD002750,AC002132,residence,kyc_origination,2026-04-01,T2,465 2 gali no 7 park ke paas azad mohalla devgarh ngr 970203,465 2 gali no 7 park ke paas azad mohalla devgarh ngr,970203,True,True,False,True,False
AD002751,AC002133,residence,kyc_origination,2026-04-01,T2,h no 15 गली नं 3 बारात घर के पास nehru col devgarh ngr 970203,h no 15 गली नं 3 बारात घर के पास nehru col devgarh ngr,970203,True,True,True,True,False
AD002752,AC002133,office,kyc_origination,2026-04-01,T2,179 gali no 1 ward 7 bus adda ke saamne gandhi basti devgarh nagar 970203,179 gali no 1 ward 7 bus adda ke saamne gandhi basti devgarh nagar,970203,True,True,False,True,False
AD002753,AC002134,residence,kyc_origination,2026-04-01,T3,f block 4th rd nr bus stop lakeview phase 2 navanagara east 980303,f block 4th rd nr bus stop lakeview phase 2 navanagara east,980303,True,True,False,False,False
AD002754,AC002134,office,kyc_origination,2026-04-01,T3,142 3 sai residency blk f rd 2 nr masjid sunrise enclave navanagara east 980301,142 3 sai residency blk f rd 2 nr masjid sunrise enclave navanagara east,980301,True,True,False,False,False
AD002755,AC002135,residence,kyc_origination,2026-04-01,T3,house 168 blk b rd 6 close to hanuman temple green park layt navanagara east 980301,house 168 blk b rd 6 close to hanuman temple green park layt navanagara east,980301,True,True,False,True,False
AD002756,AC002136,residence,kyc_origination,2026-04-01,T3,blk b rd 6 bus adda ke paas navanagara east 980304,blk b rd 6 bus adda ke paas navanagara east,980304,True,True,False,False,False
AD002757,AC002137,residence,kyc_origination,2026-04-01,T1,352 5th cross 1st main near masjid nehru colony kaveripura,352 5th cross 1st main near masjid nehru colony kaveripura,,False,False,False,False,False
AD002758,AC002138,residence,kyc_origination,2026-04-01,T3,no 96 a block 4th road bus nildana edhuru silver oak layout navanagara east 980302,no 96 a block 4th road bus nildana edhuru silver oak layout navanagara east,980302,True,True,False,True,False
AD002759,AC002138,office,kyc_origination,2026-04-01,T3,269 blk d rd 1 unity nagar navanagara east 980302,269 blk d rd 1 unity nagar navanagara east,980302,True,True,False,False,False
AD002760,AC002139,residence,kyc_origination,2026-04-01,T3,254 2 blk b rd 6 b h mosque orchid enclave navaanagara east 980301,254 2 blk b rd 6 b h mosque orchid enclave navaanagara east,980301,True,True,False,False,False
AD002761,AC002139,office,kyc_origination,2026-04-01,T3,house 307 petrol bunk hattira green park layout navanagara east 980301,house 307 petrol bunk hattira green park layout navanagara east,980301,True,True,False,True,False
AD002762,AC002140,residence,kyc_origination,2026-04-01,T1,159 3 3rd cros 2nd main close to medical store ashoka layout kaveripura 960104,159 3 3rd cros 2nd main close to medical store ashoka layout kaveripura,960104,True,True,False,False,False
AD002763,AC002141,residence,kyc_origination,2026-04-01,T2,gali no 4 patel nagar devgarh nagr 970203,gali no 4 patel nagar devgarh nagr,970203,True,True,False,True,False
AD002764,AC002142,residence,kyc_origination,2026-04-01,T1,house 219 shanti kunj 3rd cross 2nd main rd opp church gandhi nagar koveripura 960102,house 219 shanti kunj 3rd cross 2nd main rd opp church gandhi nagar koveripura,960102,True,True,False,True,False
AD002765,AC002142,office,kyc_origination,2026-04-01,T1,208 3rd cross 2nd mn kuvempu layout kaveripura 960102,208 3rd cross 2nd mn kuvempu layout kaveripura,960102,True,True,False,False,False
AD002766,AC002143,residence,kyc_origination,2026-04-01,T1,75 10th cross 3rd main ganesh mandir ke piche nehru colony kaveripura 960102,75 10th cross 3rd main ganesh mandir ke piche nehru colony kaveripura,960102,True,True,False,False,False
AD002767,AC002144,residence,kyc_origination,2026-04-01,T1,no 421 lakshmi nilaya 2nd cross 7th maain kaveripura 960104,no 421 lakshmi nilaya 2nd cross 7th maain kaveripura,960104,True,True,False,True,False
AD002768,AC002145,residence,kyc_origination,2026-04-01,T3,no 419 blk f rd 5 close to medicals orchid enclave navanagara east 980301,no 419 blk f rd 5 close to medicals orchid enclave navanagara east,980301,True,True,False,True,False
AD002769,AC002145,office,kyc_origination,2026-04-01,T3,67 3 d block 1st road royal gardens navanagara east 980303,67 3 d block 1st road royal gardens navanagara east,980303,True,True,False,False,False
AD002770,AC002146,residence,kyc_origination,2026-04-01,T2,338 2 gali no 5 ward 5 डाकघर के पास subhash nagar devgarh nagr,338 2 gali no 5 ward 5 डाकघर के पास subhash nagar devgarh nagr,,False,False,True,True,False
AD002771,AC002147,residence,kyc_origination,2026-04-01,T1,no 308 nr masjid kaveripura 960102,no 308 nr masjid kaveripura,960102,True,True,False,True,False
AD002772,AC002148,residence,kyc_origination,2026-04-01,T2,house 142 gali 10 ward 10 close to post office krishna puri devgarh nagar 970202,house 142 gali 10 ward 10 close to post office krishna puri devgarh nagar,970202,True,True,False,True,False
AD002773,AC002149,residence,kyc_origination,2026-04-01,T1,176 3 basava nagar kaveripura 960101,176 3 basava nagar kaveripura,960101,True,True,False,False,False
AD002774,AC002150,residence,kyc_origination,2026-04-01,T1,11 church hattira kuvompu layt kaveripura 960103,11 church hattira kuvompu layt kaveripura,960103,True,True,False,False,False
AD002775,AC002150,office,kyc_origination,2026-04-01,T1,no 91 12th cross 7th main nr govt schol gandhi nagar kaveripura 960102,no 91 12th cross 7th main nr govt schol gandhi nagar kaveripura,960102,True,True,False,True,False
AD002776,AC002151,residence,kyc_origination,2026-04-01,T3,tanki ke pas defence colony navanagara east 980301,tanki ke pas defence colony navanagara east,980301,True,True,False,False,False
AD002777,AC002152,residence,kyc_origination,2026-04-01,T2,no 168 गली नं 1 ward 7 gandhi basti devgarh nagar 970203,no 168 गली नं 1 ward 7 gandhi basti devgarh nagar,970203,True,True,True,True,False
AD002778,AC002153,residence,kyc_origination,2026-04-01,T3,girja ghar ke paas sunrise enclave navanagara east 980304,girja ghar ke paas sunrise enclave navanagara east,980304,True,True,False,False,False
AD002779,AC002154,residence,kyc_origination,2026-04-01,T1,h no 398 sarkari school ke paas shanthi nagar kaveripura 960101,h no 398 sarkari school ke paas shanthi nagar kaveripura,960101,True,True,False,True,False
AD002780,AC002154,permanent_native,kyc_origination,2026-04-01,OUT,village devipur tehsil c district west 991274,village devipur tehsil c district west,991274,True,False,False,False,True
AD002781,AC002155,residence,kyc_origination,2026-04-01,T1,h no 333 2nd cross 8th main nehru col kaveripura 960102,h no 333 2nd cross 8th main nehru col kaveripura,960102,True,True,False,True,False
AD002782,AC002156,residence,kyc_origination,2026-04-01,T3,house 70 blk a rd 6 unity nagar navanagara east 980302,house 70 blk a rd 6 unity nagar navanagara east,980302,True,True,False,True,False
AD002783,AC002157,residence,kyc_origination,2026-04-01,T1,house 359 near hanuman temple nehru colony kaveripura 960102,house 359 near hanuman temple nehru colony kaveripura,960102,True,True,False,True,False
AD002784,AC002158,residence,kyc_origination,2026-04-01,T2,283 1 gali 2 opposite mosque shastri nagr devgarh nagar 970201,283 1 gali 2 opposite mosque shastri nagr devgarh nagar,970201,True,True,False,False,False
AD002785,AC002159,residence,kyc_origination,2026-04-01,T3,blk d rd 1 palm meadows navanagara east 980302,blk d rd 1 palm meadows navanagara east,980302,True,True,False,False,False
AD002786,AC002159,office,kyc_origination,2026-04-01,T3,h no 221 doodh dairy ke pass railway colony navanagara east 980304,h no 221 doodh dairy ke pass railway colony navanagara east,980304,True,True,False,True,False
AD002787,AC002160,residence,kyc_origination,2026-04-01,T2,346 gali no 2 ward 1 behind hanuman teemple shivaji ngr devgarh nagar 970201,346 gali no 2 ward 1 behind hanuman teemple shivaji ngr devgarh nagar,970201,True,True,False,True,False
AD002788,AC002160,office,kyc_origination,2026-04-01,T2,211 gali no 3 बारात घर के सामने azad mohalla devgarh nagr 970203,211 gali no 3 बारात घर के सामने azad mohalla devgarh nagr,970203,True,True,True,True,False
AD002789,AC002161,residence,kyc_origination,2026-04-01,T3,186 1 blk d rd 4 close to petrol bunk railway colny navanagara east 980304,186 1 blk d rd 4 close to petrol bunk railway colny navanagara east,980304,True,True,False,False,False
AD002790,AC002161,permanent_native,kyc_origination,2026-04-01,OUT,village kodihalli tehsil d district east 997375,village kodihalli tehsil d district east,997375,True,False,False,False,True
AD002791,AC002162,residence,kyc_origination,2026-04-01,T3,house 366 d block 1st road navanagara east,house 366 d block 1st road navanagara east,,False,False,False,True,False
AD002792,AC002163,residence,kyc_origination,2026-04-01,T1,362 12th cross 8th main near mosque ashoka layout kaveripura 96014,362 12th cross 8th main near mosque ashoka layout kaveripura 96014,,False,False,False,False,False
AD002793,AC002164,residence,kyc_origination,2026-04-01,T1,h no 391 3rd cross 4th main ಗಣಪತಿ ದೇವಸ್ಥಾನ ಹತ್ತಿರ kaveripura 960104,h no 391 3rd cross 4th main ಗಣಪತಿ ದೇವಸ್ಥಾನ ಹತ್ತಿರ kaveripura,960104,True,True,True,True,False
AD002794,AC002165,residence,kyc_origination,2026-04-01,T2,no 333 gali 3 medical store ke pass patel nagar devgarh nagar 970202,no 333 gali 3 medical store ke pass patel nagar devgarh nagar,970202,True,True,False,True,False
AD002795,AC002166,residence,kyc_origination,2026-04-01,T1,h no 289 11th cross 5th main opp church anjaneya badavane kaveripura 960103,h no 289 11th cross 5th main opp church anjaneya badavane kaveripura,960103,True,True,False,True,False
AD002796,AC002167,residence,kyc_origination,2026-04-01,T2,37 gali no 12 devgarh nagar,37 gali no 12 devgarh nagar,,False,False,False,True,False
AD002797,AC002167,permanent_native,kyc_origination,2026-04-01,OUT,village bilagi tehsil c district west 996383,village bilagi tehsil c district west,996383,True,False,False,False,True
AD002798,AC002168,residence,kyc_origination,2026-04-01,T2,467 2 gali no 8 azad mohalla devgarh nagr 970203,467 2 gali no 8 azad mohalla devgarh nagr,970203,True,True,False,True,False
AD002799,AC002169,residence,kyc_origination,2026-04-01,T3,house 92 sri krishna nivas blk a rd 3 lakeview phase 2 navanagara east 980303,house 92 sri krishna nivas blk a rd 3 lakeview phase 2 navanagara east,980303,True,True,False,True,False
AD002800,AC002170,residence,kyc_origination,2026-04-01,T3,149 2 a block 4th road anjaneya gudi hattia green park layout navanagara east 980301,149 2 a block 4th road anjaneya gudi hattia green park layout navanagara east,980301,True,True,False,False,False
AD002801,AC002171,residence,kyc_origination,2026-04-01,T1,3rd cross 1st main ಉದ್ಯಾನವನ ಹತ್ತಿರ hosa badavane kaveripura 960101,3rd cross 1st main ಉದ್ಯಾನವನ ಹತ್ತಿರ hosa badavane kaveripura,960101,True,True,True,False,False
AD002802,AC002172,residence,kyc_origination,2026-04-01,T1,no 231 10th crs 4th mn opp pds shop gandhi nagar kaveripura 960102,no 231 10th crs 4th mn opp pds shop gandhi nagar kaveripura,960102,True,True,False,True,False
AD002803,AC002172,office,kyc_origination,2026-04-01,T1,h no 145 2nd cross 7th main ganapathi gudi hinde hosa badavane kaveripura 960101,h no 145 2nd cross 7th main ganapathi gudi hinde hosa badavane kaveripura,960101,True,True,False,True,False
AD002804,AC002173,residence,kyc_origination,2026-04-01,T3,house 80 sunrise enclave navanagara east 980302,house 80 sunrise enclave navanagara east,980302,True,True,False,True,False
AD002805,AC002173,permanent_native,kyc_origination,2026-04-01,OUT,village bilagi taluk a district south 998311,village bilagi taluk a district south,998311,True,False,False,False,True
AD002806,AC002174,residence,kyc_origination,2026-04-01,T1,224 1 12th cross 3rd main ಬಸ್ ನಿಲ್ದಾಣ ಹತ್ತಿರ nehru colny kaveripura 960102,224 1 12th cross 3rd main ಬಸ್ ನಿಲ್ದಾಣ ಹತ್ತಿರ nehru colny kaveripura,960102,True,True,True,False,False
AD002807,AC002174,office,kyc_origination,2026-04-01,T1,220 2 6th cross 1st main rd ಗಣಪತಿ ದೇವಸ್ಥಾನ ಹಿಂದೆ siddeshwara colony kaveripura 960102,220 2 6th cross 1st main rd ಗಣಪತಿ ದೇವಸ್ಥಾನ ಹಿಂದೆ siddeshwara colony kaveripura,960102,True,True,True,False,False
AD002808,AC002175,residence,kyc_origination,2026-04-01,T1,4th cross 2nd mn near masjid nehru col kaveripura 960102,4th cross 2nd mn near masjid nehru col kaveripura,960102,True,True,False,False,False
AD002809,AC002176,residence,kyc_origination,2026-04-01,T1,363 ಉದ್ಯಾನವನ ಹಿಂದೆ siddeshwara colny kaveripura 960102,363 ಉದ್ಯಾನವನ ಹಿಂದೆ siddeshwara colny kaveripura,960102,True,True,True,False,False
AD002810,AC002176,permanent_native,kyc_origination,2026-04-01,OUT,village sundarpur taluk b district west 995400,village sundarpur taluk b district west,995400,True,False,False,False,True
AD002811,AC002177,residence,kyc_origination,2026-04-01,T2,park ke pass ambedkar nagr devgarh nagar 970204,park ke pass ambedkar nagr devgarh nagar,970204,True,True,False,False,False
AD002812,AC002178,residence,kyc_origination,2026-04-01,T1,12th cross 1st main close to bus stand hosa badavane kaveripura 960101,12th cross 1st main close to bus stand hosa badavane kaveripura,960101,True,True,False,False,False
AD002813,AC002178,office,kyc_origination,2026-04-01,T1,393 2 3rd cross 4th main rd near ganapathi temple ashoka layout kaveripura 960104,393 2 3rd cross 4th main rd near ganapathi temple ashoka layout kaveripura,960104,True,True,False,False,False
AD002814,AC002179,residence,kyc_origination,2026-04-01,T1,house 74 1st cross 6th main milk dairy hattira basava nagar kaveripura 960101,house 74 1st cross 6th main milk dairy hattira basava nagar kaveripura,960101,True,True,False,True,False
AD002815,AC002180,residence,kyc_origination,2026-04-01,T1,10th cross 5th main rd opposite bus stop kaveripura 960102,10th cross 5th main rd opposite bus stop kaveripura,960102,True,True,False,False,False
AD002816,AC002181,residence,kyc_origination,2026-04-01,T3,blk e rd 5 nr mosque navanagara eust 980304,blk e rd 5 nr mosque navanagara eust,980304,True,True,False,False,False
AD002817,AC002181,office,kyc_origination,2026-04-01,T3,close to pharmacy teachers colony navanagara east 980302,close to pharmacy teachers colony navanagara east,980302,True,True,False,False,False
AD002818,AC002182,residence,kyc_origination,2026-04-01,T1,h no 113 medical shop eduru anjaneya badavane kaveripura 960103,h no 113 medical shop eduru anjaneya badavane kaveripura,960103,True,True,False,True,False
AD002819,AC002183,residence,kyc_origination,2026-04-01,T3,no 330 blk c rd 4 ಮೆಡಿಕಲ್ ಶಾಪ್ ಎದುರು navanagara east 980302,no 330 blk c rd 4 ಮೆಡಿಕಲ್ ಶಾಪ್ ಎದುರು navanagara east,980302,True,True,True,True,False
AD002820,AC002184,residence,kyc_origination,2026-04-01,T2,house 188 गली नं 8 ward 11 गणेश मंदिर के पास patel nagar devgarh nagar 970202,house 188 गली नं 8 ward 11 गणेश मंदिर के पास patel nagar devgarh nagar,970202,True,True,True,True,False
AD002821,AC002185,residence,kyc_origination,2026-04-01,T2,no 89 gali no 5 ward 11 near milk dairy patel nagar devgarh nagr 970202,no 89 gali no 5 ward 11 near milk dairy patel nagar devgarh nagr,970202,True,True,False,True,False
AD002822,AC002186,residence,kyc_origination,2026-04-01,T3,no 356 blk e rd 6 teachers col navanagara east 980302,no 356 blk e rd 6 teachers col navanagara east,980302,True,True,False,True,False
AD002823,AC002187,residence,kyc_origination,2026-04-01,T2,gali no 10 ward 5 subhash nagar devgarh nagar 970201,gali no 10 ward 5 subhash nagar devgarh nagar,970201,True,True,False,True,False
AD002824,AC002187,office,kyc_origination,2026-04-01,T2,h no 210 opposite bus stand azad mohalla devgarh ngr 970203,h no 210 opposite bus stand azad mohalla devgarh ngr,970203,True,True,False,True,False
AD002825,AC002188,residence,kyc_origination,2026-04-01,T1,no 183 green view apts 5th cross 4th main rd church ke pass gandhi nagar kaveripura 960102,no 183 green view apts 5th cross 4th main rd church ke pass gandhi nagar kaveripura,960102,True,True,False,True,False
AD002826,AC002189,residence,kyc_origination,2026-04-01,T2,47 gali 5 ward 12 near water tank tilak ngr devgarh nagar,47 gali 5 ward 12 near water tank tilak ngr devgarh nagar,,False,False,False,False,False
AD002827,AC002190,residence,kyc_origination,2026-04-01,T1,10th cross 4th mn community hall ke pass ashoka layout kaveripura 960103,10th cross 4th mn community hall ke pass ashoka layout kaveripura,960103,True,True,False,False,False
AD002828,AC002191,residence,kyc_origination,2026-04-01,T1,1st cross 2nd mn near ganesh temple kaveripura 960104,1st cross 2nd mn near ganesh temple kaveripura,960104,True,True,False,False,False
AD002829,AC002192,residence,kyc_origination,2026-04-01,T3,246 2 f blk 4th rd silver oak layt navanagara east 980301,246 2 f blk 4th rd silver oak layt navanagara east,980301,True,True,False,False,False
AD002830,AC002193,residence,kyc_origination,2026-04-01,T3,no 258 blk b rd 6 neerina tank hindhe palm meadows navanagara east 9800302,no 258 blk b rd 6 neerina tank hindhe palm meadows navanagara east 9800302,,False,False,False,True,False
AD002831,AC002194,residence,kyc_origination,2026-04-01,T2,320 gai 2 ration ki dukaan ke paas azad mohalla devgarh nagar 970203,320 gai 2 ration ki dukaan ke paas azad mohalla devgarh nagar,970203,True,True,False,False,False
AD002832,AC002195,residence,kyc_origination,2026-04-01,T2,no 52 gali no 10 near overhead tank krishna puri devgarh nagar 970202,no 52 gali no 10 near overhead tank krishna puri devgarh nagar,970202,True,True,False,True,False
AD002833,AC002195,office,kyc_origination,2026-04-01,T2,no 475 green view atps tilak nagr devgarh nagar 970204,no 475 green view atps tilak nagr devgarh nagar,970204,True,True,False,True,False
AD002834,AC002196,residence,kyc_origination,2026-04-01,T2,325 3 shanti kunj ganesh mandir ke pass devgarh nagar 970203,325 3 shanti kunj ganesh mandir ke pass devgarh nagar,970203,True,True,False,False,False
AD002835,AC002197,residence,kyc_origination,2026-04-01,T1,no 370 nr milk dairy nehru colony kaveripura 960102,no 370 nr milk dairy nehru colony kaveripura,960102,True,True,False,True,False
AD002836,AC002197,office,kyc_origination,2026-04-01,T1,house 406 ration angadi hattira kaveripura 960102,house 406 ration angadi hattira kaveripura,960102,True,True,False,True,False
AD002837,AC002198,residence,kyc_origination,2026-04-01,T1,3rd crs 4th main nr community hall gandhi nagr kaveripura 960104,3rd crs 4th main nr community hall gandhi nagr kaveripura,960104,True,True,False,False,False
AD002838,AC002199,residence,kyc_origination,2026-04-01,T2,no 431 gali no 10 near overhead tank krishna puri devgarh nagar 970202,no 431 gali no 10 near overhead tank krishna puri devgarh nagar,970202,True,True,False,True,False
AD002839,AC002199,office,kyc_origination,2026-04-01,T2,no 361 gali no 10 nr government school shastri ngr devgarh nagar 970201,no 361 gali no 10 nr government school shastri ngr devgarh nagar,970201,True,True,False,True,False
AD002840,AC002200,residence,kyc_origination,2026-04-01,T1,310 2 9th crs 3rd main rd kuvempu layout kaveripura 960102,310 2 9th crs 3rd main rd kuvempu layout kaveripura,960102,True,True,False,False,False
AD002841,AC002201,residence,kyc_origination,2026-04-01,T1,339 3 11th cross 8th main ಪೆಟ್ರೋಲ್ ಬಂಕ್ ಹತ್ತಿರ siddeshwara colony kaveripura 960102,339 3 11th cross 8th main ಪೆಟ್ರೋಲ್ ಬಂಕ್ ಹತ್ತಿರ siddeshwara colony kaveripura,960102,True,True,True,False,False
AD002842,AC002202,residence,kyc_origination,2026-04-01,T2,h no 40 0 gali 11 sarkari school ke paas shastri nagar devgarh ngr 970201,h no 40 0 gali 11 sarkari school ke paas shastri nagar devgarh ngr,970201,True,True,False,True,False
AD002843,AC002203,residence,kyc_origination,2026-04-01,T2,144 1 gali no 5 shastri nagar devgarh nagar 970201,144 1 gali no 5 shastri nagar devgarh nagar,970201,True,True,False,True,False
AD002844,AC002203,office,kyc_origination,2026-04-01,T2,shivaji nagar devgarh nagar 970202,shivaji nagar devgarh nagar,970202,True,True,False,False,False
AD002845,AC002204,residence,kyc_origination,2026-04-01,T1,406 3rd cross 2nd mn shanthi ngr kaveripura 960101,406 3rd cross 2nd mn shanthi ngr kaveripura,960101,True,True,False,False,False
AD002846,AC002204,office,kyc_origination,2026-04-01,T1,11th cross 3rd mn vidya nagar kaveripura 960103,11th cross 3rd mn vidya nagar kaveripura,960103,True,True,False,False,False
AD002847,AC002205,residence,kyc_origination,2026-04-01,T3,198 2 c blk 1st rd opposite medicals teachers colony navanagara east 980302,198 2 c blk 1st rd opposite medicals teachers colony navanagara east,980302,True,True,False,False,False
AD002848,AC002206,residence,kyc_origination,2026-04-01,T3,274 blk e rd 1 nr government school teachers colony navanagara east 980302,274 blk e rd 1 nr government school teachers colony navanagara east,980302,True,True,False,False,False
AD002849,AC002207,residence,kyc_origination,2026-04-01,T2,453 1 ganga apartments गली नं 2 मेडिकल स्टोर के सामने patel ngr devgarh ngr 970202,453 1 ganga apartments गली नं 2 मेडिकल स्टोर के सामने patel ngr devgarh ngr,970202,True,True,True,False,False
AD002850,AC002208,residence,kyc_origination,2026-04-01,T1,12th cross 8th main anjaneya badavane kaveripura 960103,12th cross 8th main anjaneya badavane kaveripura,960103,True,True,False,False,False
AD002851,AC002209,residence,kyc_origination,2026-04-01,T2,161 2 gali no 8 cose to hanuman temple shastir nagr devgarh ngr 970201,161 2 gali no 8 cose to hanuman temple shastir nagr devgarh ngr,970201,True,True,False,True,False
AD002852,AC002210,residence,kyc_origination,2026-04-01,T3,house 38 c block 3rd road neerina tank hattira sunrise enclave navanagara east 980304,house 38 c block 3rd road neerina tank hattira sunrise enclave navanagara east,980304,True,True,False,True,False
AD002853,AC002211,residence,kyc_origination,2026-04-01,T2,161 gali no 5 ward 12 tilak nagar devgarh nagar 970204,161 gali no 5 ward 12 tilak nagar devgarh nagar,970204,True,True,False,True,False
AD002854,AC002212,residence,kyc_origination,2026-04-01,T2,314 2 gali no 5 ward 11 girja ghar ke paas patel nagar devgarh nagar 970202,314 2 gali no 5 ward 11 girja ghar ke paas patel nagar devgarh nagar,970202,True,True,False,True,False
AD002855,AC002213,residence,kyc_origination,2026-04-01,T1,7th cross 8th main ಮಸೀದಿ ಹತ್ತಿರ vidya nagar kaveripura 960103,7th cross 8th main ಮಸೀದಿ ಹತ್ತಿರ vidya nagar kaveripura,960103,True,True,True,False,False
AD002856,AC002214,residence,kyc_origination,2026-04-01,T1,community hall ke paas kaveripura 960102,community hall ke paas kaveripura,960102,True,True,False,False,False
AD002857,AC002215,residence,kyc_origination,2026-04-01,T3,c block 2nd road near overhead tank teachers colony navanagara east 980302,c block 2nd road near overhead tank teachers colony navanagara east,980302,True,True,False,False,False
AD002858,AC002216,residence,kyc_origination,2026-04-01,T1,house 307 8th cross 8th main rd gandhi ngr kaveripura 960102,house 307 8th cross 8th main rd gandhi ngr kaveripura,960102,True,True,False,True,False
AD002859,AC002217,residence,kyc_origination,2026-04-01,T2,house 179 azad mohalla devgarh nagar 970203,house 179 azad mohalla devgarh nagar,970203,True,True,False,True,False
AD002860,AC002218,residence,kyc_origination,2026-04-01,T3,163 c block 5th road ಚರ್ಚ್ ಹತ್ತಿರ lakeview phase 2 navanagara east 980303,163 c block 5th road ಚರ್ಚ್ ಹತ್ತಿರ lakeview phase 2 navanagara east,980303,True,True,True,False,False
AD002861,AC002219,residence,kyc_origination,2026-04-01,T1,h no 62 10th cross 3rd main sarkari school ke pass anjaneya badavane kaveripura 960103,h no 62 10th cross 3rd main sarkari school ke pass anjaneya badavane kaveripura,960103,True,True,False,True,False
AD002862,AC002220,residence,kyc_origination,2026-04-01,T3,house 221 blk f rd 2 near mosque palm meadows navanagara east 980302,house 221 blk f rd 2 near mosque palm meadows navanagara east,980302,True,True,False,True,False
AD002863,AC002221,residence,kyc_origination,2026-04-01,T3,186 3 blk e rd 5 close to pharmacy orchid enclave navanagara east 980301,186 3 blk e rd 5 close to pharmacy orchid enclave navanagara east,980301,True,True,False,False,False
AD002864,AC002221,office,kyc_origination,2026-04-01,T3,house 242 blk d rd 5 hanuman mandir ke saamne nevanagara east 980301,house 242 blk d rd 5 hanuman mandir ke saamne nevanagara east,980301,True,True,False,True,False
AD002865,AC002222,residence,kyc_origination,2026-04-01,T3,house 130 blk d rd 1 b h milk dairy silver oak layout navanagara east 980301,house 130 blk d rd 1 b h milk dairy silver oak layout navanagara east,980301,True,True,False,True,False
AD002866,AC002223,residence,kyc_origination,2026-04-01,T3,house 287 blk f rd 3 nr hanuman temple lakeview phase 2 navanagara east 980303,house 287 blk f rd 3 nr hanuman temple lakeview phase 2 navanagara east,980303,True,True,False,True,False
AD002867,AC002224,residence,kyc_origination,2026-04-01,T3,house 2 petrol buk hattira railway colony navanagara east 980304,house 2 petrol buk hattira railway colony navanagara east,980304,True,True,False,True,False
AD002868,AC002225,residence,kyc_origination,2026-04-01,T1,9th cross 7th main rd sarkari shaale hattira hosa badavane kaveripura 960101,9th cross 7th main rd sarkari shaale hattira hosa badavane kaveripura,960101,True,True,False,False,False
AD002869,AC002226,residence,kyc_origination,2026-04-01,T3,h no 193 d block 1st rd ration dukan ke piche hmt colony navanagara east 980301,h no 193 d block 1st rd ration dukan ke piche hmt colony navanagara east,980301,True,True,False,True,False
AD002870,AC002227,residence,kyc_origination,2026-04-01,T2,h no 75 गली नं 4 patel nagar devgarh nagar 970202,h no 75 गली नं 4 patel nagar devgarh nagar,970202,True,True,True,True,False
AD002871,AC002228,residence,kyc_origination,2026-04-01,T3,a block 4th road teachers colony navanagara east 980302,a block 4th road teachers colony navanagara east,980302,True,True,False,False,False
AD002872,AC002229,residence,kyc_origination,2026-04-01,T2,h no 187 gali no 2 close to milk dairy nehru colony devgarh nagar 970203,h no 187 gali no 2 close to milk dairy nehru colony devgarh nagar,970203,True,True,False,True,False
AD002873,AC002230,residence,kyc_origination,2026-04-01,T3,no 226 b block 1st road church ke peechhe silver oak layou t navanagara east 980301,no 226 b block 1st road church ke peechhe silver oak layou t navanagara east,980301,True,True,False,True,False
AD002874,AC002230,office,kyc_origination,2026-04-01,T3,138 blk a rd 2 lakeview phase 2 navanagara east 980303,138 blk a rd 2 lakeview phase 2 navanagara east,980303,True,True,False,False,False
AD002875,AC002231,residence,kyc_origination,2026-04-01,T1,house 333 11th crs 8th main near government school kuvempu layt kaveripura 96002,house 333 11th crs 8th main near government school kuvempu layt kaveripura 96002,,False,False,False,True,False
AD002876,AC002232,residence,kyc_origination,2026-04-01,T1,2nd cross 2nd main kalyana mantapa hattira gandhi ngr kaveripura 960102,2nd cross 2nd main kalyana mantapa hattira gandhi ngr kaveripura,960102,True,True,False,False,False
AD002877,AC002233,residence,kyc_origination,2026-04-01,T3,house 78 om sai complex blk e rd 2 paani ki tanki ke peeche hmt colny navanagara east 980301,house 78 om sai complex blk e rd 2 paani ki tanki ke peeche hmt colny navanagara east,980301,True,True,False,True,False
AD002878,AC002234,residence,kyc_origination,2026-04-01,T2,419 gali 12 krishna puri devgarh nagar 970202,419 gali 12 krishna puri devgarh nagar,970202,True,True,False,False,False
AD002879,AC002235,residence,kyc_origination,2026-04-01,T2,house 353 gali 3 ward 10 krishna puri devgarh nagar 970202,house 353 gali 3 ward 10 krishna puri devgarh nagar,970202,True,True,False,True,False
AD002880,AC002236,residence,kyc_origination,2026-04-01,T3,h no 4 b block 5th road sunrise enclave navanagara east 980304,h no 4 b block 5th road sunrise enclave navanagara east,980304,True,True,False,True,False
AD002881,AC002237,residence,kyc_origination,2026-04-01,T1,no 359 12th crs 3rd main bus nildna hattira kaveripura 960103,no 359 12th crs 3rd main bus nildna hattira kaveripura,960103,True,True,False,True,False
AD002882,AC002238,residence,kyc_origination,2026-04-01,T1,lakshmi nilaya 4th cross 5th main b h church kaveripura 960102,lakshmi nilaya 4th cross 5th main b h church kaveripura,960102,True,True,False,False,False
AD002883,AC002239,residence,kyc_origination,2026-04-01,T1,no 297 ganga apartments 4th cross 7th main near ganapathi temple gandhi nagr kaveripura 960102,no 297 ganga apartments 4th cross 7th main near ganapathi temple gandhi nagr kaveripura,960102,True,True,False,True,False
AD002884,AC002240,residence,kyc_origination,2026-04-01,T3,3 1 e blk 5th rd orchid enclave navanagara east 980301,3 1 e blk 5th rd orchid enclave navanagara east,980301,True,True,False,False,False
AD002885,AC002240,permanent_native,kyc_origination,2026-04-01,OUT,village bilagi taluk a district east 994403,village bilagi taluk a district east,994403,True,False,False,False,True
AD002886,AC002241,residence,kyc_origination,2026-04-01,T1,house 47 3rd cross 7th main near ganapathi temple gandhi nagar kaveripura 960102,house 47 3rd cross 7th main near ganapathi temple gandhi nagar kaveripura,960102,True,True,False,True,False
AD002887,AC002241,office,kyc_origination,2026-04-01,T1,close to masjid vidya naagar kaveripura 960103,close to masjid vidya naagar kaveripura,960103,True,True,False,False,False
AD002888,AC002242,residence,kyc_origination,2026-04-01,T2,gali no 12 ward 6 close to ration shop nehru col devgarh nagr 970203,gali no 12 ward 6 close to ration shop nehru col devgarh nagr,970203,True,True,False,True,False
AD002889,AC002243,residence,kyc_origination,2026-04-01,T3,206 2 blk c rd 1 behind chorch lakeview phase 2 navanagara east 980303,206 2 blk c rd 1 behind chorch lakeview phase 2 navanagara east,980303,True,True,False,False,False
AD002890,AC002243,office,kyc_origination,2026-04-01,T3,298 c block 3rd rd close to bus stand navanagara east 980304,298 c block 3rd rd close to bus stand navanagara east,980304,True,True,False,False,False
AD002891,AC002244,residence,kyc_origination,2026-04-01,T3,191 2 d block 3rd road near bus stop teachers colony navanagara east 980302,191 2 d block 3rd road near bus stop teachers colony navanagara east,980302,True,True,False,False,False
AD002892,AC002245,residence,kyc_origination,2026-04-01,T3,h no 186 green view apts f blk 3rd road railway colony navanagara east 980304,h no 186 green view apts f blk 3rd road railway colony navanagara east,980304,True,True,False,True,False
AD002893,AC002246,residence,kyc_origination,2026-04-01,T2,363 gali no 1 ward 11 close to medicals patel ngr devgarh ngr 970202,363 gali no 1 ward 11 close to medicals patel ngr devgarh ngr,970202,True,True,False,True,False
AD002894,AC002247,residence,kyc_origination,2026-04-01,T3,no 134 blk b rd 1 close to bus stop royal gardens navanagara east 980303,no 134 blk b rd 1 close to bus stop royal gardens navanagara east,980303,True,True,False,True,False
AD002895,AC002247,permanent_native,kyc_origination,2026-04-01,OUT,village kodihalli tehsil c district west 993106,village kodihalli tehsil c district west,993106,True,False,False,False,True
AD002896,AC002248,residence,kyc_origination,2026-04-01,T3,blk f rd 6 bhd mossque teachers colny navanagara east 9800302,blk f rd 6 bhd mossque teachers colny navanagara east 9800302,,False,False,False,False,False
AD002897,AC002248,permanent_native,kyc_origination,2026-04-01,OUT,village chikkapura tehsil c district north 996395,village chikkapura tehsil c district north,996395,True,False,False,False,True
AD002898,AC002249,residence,kyc_origination,2026-04-01,T3,74 2 blk d rd 3 orchid enclave navanagara east 980304,74 2 blk d rd 3 orchid enclave navanagara east,980304,True,True,False,False,False
AD002899,AC002250,residence,kyc_origination,2026-04-01,T2,469 गली नं 9 ward 6 डाकघर के पीछे nehru colony devgarh nagar 970203,469 गली नं 9 ward 6 डाकघर के पीछे nehru colony devgarh nagar,970203,True,True,True,False,False
AD002900,AC002251,residence,kyc_origination,2026-04-01,T3,blk f rd 6 palm meadows navanagara east 980302,blk f rd 6 palm meadows navanagara east,980302,True,True,False,False,False
AD002901,AC002252,residence,kyc_origination,2026-04-01,T3,blk a rd 3 near pds shop teachers colony navanagara east 980302,blk a rd 3 near pds shop teachers colony navanagara east,980302,True,True,False,False,False
AD002902,AC002253,residence,kyc_origination,2026-04-01,T3,160 2 blk c rd 5 sunrise enclave navanagara east,160 2 blk c rd 5 sunrise enclave navanagara east,,False,False,False,False,False
AD002903,AC002254,residence,kyc_origination,2026-04-01,T3,163 3 blk f rd 3 railway colony navanagara east 980304,163 3 blk f rd 3 railway colony navanagara east,980304,True,True,False,False,False
AD002904,AC002255,residence,kyc_origination,2026-04-01,T1,h no 306 4th x 7th mn nehru colony kaveripura 960102,h no 306 4th x 7th mn nehru colony kaveripura,960102,True,True,False,True,False
AD002905,AC002256,residence,kyc_origination,2026-04-01,T3,blk f rd 1 near pharmacy teachers colny navanagara east 980302,blk f rd 1 near pharmacy teachers colny navanagara east,980302,True,True,False,False,False
AD002906,AC002257,residence,kyc_origination,2026-04-01,T2,204 gali no 5 ward 9 medical store ke paas shastri ngr devgarh nagar 970201,204 gali no 5 ward 9 medical store ke paas shastri ngr devgarh nagar,970201,True,True,False,True,False
AD002907,AC002257,office,kyc_origination,2026-04-01,T2,ration dukan ke paas azad mohalla devgarh nagar 970203,ration dukan ke paas azad mohalla devgarh nagar,970203,True,True,False,False,False
AD002908,AC002258,residence,kyc_origination,2026-04-01,T1,6th x 5th main anjaneya swamy temple hattiar nehru colony kaveripura 960102,6th x 5th main anjaneya swamy temple hattiar nehru colony kaveripura,960102,True,True,False,False,False
AD002909,AC002258,permanent_native,kyc_origination,2026-04-01,OUT,village rampura kalan taluk a district west 999580,village rampura kalan taluk a district west,999580,True,False,False,False,True
AD002910,AC002259,residence,kyc_origination,2026-04-01,T1,house 252 12th cr 2nd main bus nildana hattira hsa badavane kaveripura 960101,house 252 12th cr 2nd main bus nildana hattira hsa badavane kaveripura,960101,True,True,False,True,False
AD002911,AC002260,residence,kyc_origination,2026-04-01,T1,no 377 7th cross 5th mainn kalyana mantapa hinde nehru colny kaveripura 960102,no 377 7th cross 5th mainn kalyana mantapa hinde nehru colny kaveripura,960102,True,True,False,True,False
AD002912,AC002261,residence,kyc_origination,2026-04-01,T2,h no 209 gali no 6 ward 6 bus adda ke saamne devgarh ngr 970203,h no 209 gali no 6 ward 6 bus adda ke saamne devgarh ngr,970203,True,True,False,True,False
AD002913,AC002261,office,kyc_origination,2026-04-01,T2,h no 289 gali no 10 tilak nagar devgarh nagr 970204,h no 289 gali no 10 tilak nagar devgarh nagr,970204,True,True,False,True,False
AD002914,AC002262,residence,kyc_origination,2026-04-01,T1,no 335 1st cross 3rd main niar children park ashoka lyt kaveripura 960101,no 335 1st cross 3rd main niar children park ashoka lyt kaveripura,960101,True,True,False,True,False
AD002915,AC002263,residence,kyc_origination,2026-04-01,T2,b h bus stand shastri nagar devgarh nagar 970201,b h bus stand shastri nagar devgarh nagar,970201,True,True,False,False,False
AD002916,AC002264,residence,kyc_origination,2026-04-01,T3,8 b block 4th road near petrol pump orchid enclave navanagara east 980301,8 b block 4th road near petrol pump orchid enclave navanagara east,980301,True,True,False,False,False
AD002917,AC002265,residence,kyc_origination,2026-04-01,T1,369 2 10th cross 7th main rd church hattira basava nagr kaveripura 960101,369 2 10th cross 7th main rd church hattira basava nagr kaveripura,960101,True,True,False,False,False
AD002918,AC002266,residence,kyc_origination,2026-04-01,T1,h no 196 near children park nehru colony kaveripuar 960102,h no 196 near children park nehru colony kaveripuar,960102,True,True,False,True,False
AD002919,AC002266,permanent_native,kyc_origination,2026-04-01,OUT,village rampura kalan tehsil d district west 991828,village rampura kalan tehsil d district west,991828,True,False,False,False,True
AD002920,AC002267,residence,kyc_origination,2026-04-01,T1,1st cross 5th main nehru colony kaveripura 960102,1st cross 5th main nehru colony kaveripura,960102,True,True,False,False,False
AD002921,AC002268,residence,kyc_origination,2026-04-01,T3,house 33 blk a rd 2 railway colony navanagara east 980304,house 33 blk a rd 2 railway colony navanagara east,980304,True,True,False,True,False
AD002922,AC002269,residence,kyc_origination,2026-04-01,T1,11th crs 5th main close to govt school gandhi ngr kaveripura 960102,11th crs 5th main close to govt school gandhi ngr kaveripura,960102,True,True,False,False,False
AD002923,AC002270,residence,kyc_origination,2026-04-01,T1,23 3rd cross 2nd main nehru colony kaveripura,23 3rd cross 2nd main nehru colony kaveripura,,False,False,False,False,False
AD002924,AC002271,residence,kyc_origination,2026-04-01,T1,h no 451 11th cross 1st main bhd pds shop siddeshwara colony kaveripura 960102,h no 451 11th cross 1st main bhd pds shop siddeshwara colony kaveripura,960102,True,True,False,True,False
AD002925,AC002272,residence,kyc_origination,2026-04-01,T1,no 216 8th x 2nd main close to community hall nehru colony kaveripura 960102,no 216 8th x 2nd main close to community hall nehru colony kaveripura,960102,True,True,False,True,False
AD002926,AC002273,residence,kyc_origination,2026-04-01,T3,329 2 blk a rd 1 green park layt navanagara east 980301,329 2 blk a rd 1 green park layt navanagara east,980301,True,True,False,False,False
AD002927,AC002274,residence,kyc_origination,2026-04-01,T3,249 opp bus stop navanagara east 980301,249 opp bus stop navanagara east,980301,True,True,False,False,False
AD002928,AC002275,residence,kyc_origination,2026-04-01,T1,311 4th x 8th main near ganesh temple gandhi nagar kaveripura 960102,311 4th x 8th main near ganesh temple gandhi nagar kaveripura,960102,True,True,False,False,False
AD002929,AC002275,office,kyc_origination,2026-04-01,T1,house 286 1st cross 6th main ಆಂಜನೇಯ ದೇವಸ್ಥಾನ ಹತ್ತಿರ kuvempu layout kaveripura 960102,house 286 1st cross 6th main ಆಂಜನೇಯ ದೇವಸ್ಥಾನ ಹತ್ತಿರ kuvempu layout kaveripura,960102,True,True,True,True,False
AD002930,AC002276,residence,kyc_origination,2026-04-01,T2,house 435 gali 3 next to overhead taank ambedkar nagar devgarh nagar 970204,house 435 gali 3 next to overhead taank ambedkar nagar devgarh nagar,970204,True,True,False,True,False
AD002931,AC002277,residence,kyc_origination,2026-04-01,T2,house 373 gali no 11 ward 10 nr ganapathi temple krishna puri devgarh nagar 970202,house 373 gali no 11 ward 10 nr ganapathi temple krishna puri devgarh nagar,970202,True,True,False,True,False
AD002932,AC002278,residence,kyc_origination,2026-04-01,T3,no 21 blk d rd 1 hanuman mandir ke saamne orchid enclave navanagara east 980301,no 21 blk d rd 1 hanuman mandir ke saamne orchid enclave navanagara east,980301,True,True,False,True,False
AD002933,AC002279,residence,kyc_origination,2026-04-01,T3,43 blk e rd 3 nr ganapathi temple teachers colony navanagara east 980302,43 blk e rd 3 nr ganapathi temple teachers colony navanagara east,980302,True,True,False,False,False
AD002934,AC002280,residence,kyc_origination,2026-04-01,T3,143 near chruch navanagara east 980302,143 near chruch navanagara east,980302,True,True,False,False,False
AD002935,AC002281,residence,kyc_origination,2026-04-01,T3,blk e rd 3 orchid enclaev navanagara east 980301,blk e rd 3 orchid enclaev navanagara east,980301,True,True,False,False,False
AD002936,AC002282,residence,kyc_origination,2026-04-01,T2,gali no 11 azad mohalla devgarh nagar 970203,gali no 11 azad mohalla devgarh nagar,970203,True,True,False,True,False
AD002937,AC002282,permanent_native,kyc_origination,2026-04-01,OUT,village sundarpur taluk a district east 997028,village sundarpur taluk a district east,997028,True,False,False,False,True
AD002938,AC002283,residence,kyc_origination,2026-04-01,T1,h no 81 near park vidya ngr kaveripura,h no 81 near park vidya ngr kaveripura,,False,False,False,True,False
AD002939,AC002284,residence,kyc_origination,2026-04-01,T3,railway colony navanagara east 980304,railway colony navanagara east,980304,True,True,False,False,False
AD002940,AC002285,residence,kyc_origination,2026-04-01,T1,422 1 12th x 5th main hosa badavane kaveripura 960101,422 1 12th x 5th main hosa badavane kaveripura,960101,True,True,False,False,False
AD002941,AC002285,office,kyc_origination,2026-04-01,T1,h no 134 12th cross 6th main rd ಸರ್ಕಾರಿ ಶಾಲೆ ಹತ್ತಿರ gandhi nagar kaveripura,h no 134 12th cross 6th main rd ಸರ್ಕಾರಿ ಶಾಲೆ ಹತ್ತಿರ gandhi nagar kaveripura,,False,False,True,True,False
AD002942,AC002286,residence,kyc_origination,2026-04-01,T2,gali no 9 gandhi basti devgarh nagar 970203,gali no 9 gandhi basti devgarh nagar,970203,True,True,False,True,False
AD002943,AC002287,residence,kyc_origination,2026-04-01,T3,f block 4th road silver oak layout navanagara east 980301,f block 4th road silver oak layout navanagara east,980301,True,True,False,False,False
AD002944,AC002287,office,kyc_origination,2026-04-01,T3,e block 2nd road silver oak layt navanagara east 980304,e block 2nd road silver oak layt navanagara east,980304,True,True,False,False,False
AD002945,AC002288,residence,kyc_origination,2026-04-01,T2,23 gali no 1 near community hall nehru colony devgarh nagar,23 gali no 1 near community hall nehru colony devgarh nagar,,False,False,False,True,False
AD002946,AC002288,permanent_native,kyc_origination,2026-04-01,OUT,village devipur taluk b district west 996476,village devipur taluk b district west,996476,True,False,False,False,True
AD002947,AC002289,residence,kyc_origination,2026-04-01,T2,no 416 gali no 10 behind pots office indira colony devgarh nagr 9702002,no 416 gali no 10 behind pots office indira colony devgarh nagr 9702002,,False,False,False,True,False
AD002948,AC002290,residence,kyc_origination,2026-04-01,T2,283 behind ganesh temple krishna puri devgarh ngr 970202,283 behind ganesh temple krishna puri devgarh ngr,970202,True,True,False,False,False
AD002949,AC002290,office,kyc_origination,2026-04-01,T2,indira col devgarh ngr 970202,indira col devgarh ngr,970202,True,True,False,False,False
AD002950,AC002291,residence,kyc_origination,2026-04-01,T1,neerina tank hinde basava nagar kaveripura 961001,neerina tank hinde basava nagar kaveripura,961001,True,False,False,False,False
AD002951,AC002291,permanent_native,kyc_origination,2026-04-01,OUT,village chikkapura tehsil c district south 994907,village chikkapura tehsil c district south,994907,True,False,False,False,True
AD002952,AC002292,residence,kyc_origination,2026-04-01,T1,b h milk booth siddeshwara colony kaveripura,b h milk booth siddeshwara colony kaveripura,,False,False,False,False,False
AD002953,AC002293,residence,kyc_origination,2026-04-01,T2,no 128 gali no 1 ward 10 बस स्टॉप के पास devgarh nagar 970202,no 128 gali no 1 ward 10 बस स्टॉप के पास devgarh nagar,970202,True,True,True,True,False
AD002954,AC002294,residence,kyc_origination,2026-04-01,T1,4th x 6th main bhd water tank basava nagar kaveripura 960101,4th x 6th main bhd water tank basava nagar kaveripura,960101,True,True,False,False,False
AD002955,AC002294,office,kyc_origination,2026-04-01,T1,1st cross 3rd main clsoe to masjid kaveripura 960102,1st cross 3rd main clsoe to masjid kaveripura,960102,True,True,False,False,False
AD002956,AC002295,residence,kyc_origination,2026-04-01,T3,56 blk d rd 2 doodh dairy ke samne silver oak layout navanagara east 980301,56 blk d rd 2 doodh dairy ke samne silver oak layout navanagara east,980301,True,True,False,False,False
AD002957,AC002296,residence,kyc_origination,2026-04-01,T2,464 gali no 12 ward 1 shivaji nagar devgarh nagr 9770202,464 gali no 12 ward 1 shivaji nagar devgarh nagr 9770202,,False,False,False,True,False
AD002958,AC002296,office,kyc_origination,2026-04-01,T2,house 453 gali no 4 nr bus stop deevgarh nagr 970203,house 453 gali no 4 nr bus stop deevgarh nagr,970203,True,True,False,True,False
AD002959,AC002297,residence,kyc_origination,2026-04-01,T3,no 3 blk c rd 4 opposite masjid silver oak layout navanagara east 980301,no 3 blk c rd 4 opposite masjid silver oak layout navanagara east,980301,True,True,False,True,False
AD002960,AC002298,residence,kyc_origination,2026-04-01,T3,e blk 2nd road adj govt school orchid enclave navanagara east 980301,e blk 2nd road adj govt school orchid enclave navanagara east,980301,True,True,False,False,False
AD002961,AC002299,residence,kyc_origination,2026-04-01,T2,gali no 5 bagicha ke paas azad mohalla devgarh ngr 970203,gali no 5 bagicha ke paas azad mohalla devgarh ngr,970203,True,True,False,True,False
AD002962,AC002300,residence,kyc_origination,2026-04-01,T2,lakshmi nilaya gali no 12 azad mohalla devgarh nagar 970203,lakshmi nilaya gali no 12 azad mohalla devgarh nagar,970203,True,True,False,True,False
AD002963,AC002300,permanent_native,kyc_origination,2026-04-01,OUT,village mallapura tehsil c district south 994288,village mallapura tehsil c district south,994288,True,False,False,False,True
AD002964,AC002301,residence,kyc_origination,2026-04-01,T3,blk d rd 6 railwy colony navanagara east 980304,blk d rd 6 railwy colony navanagara east,980304,True,True,False,False,False
AD002965,AC002302,residence,kyc_origination,2026-04-01,T1,no 237 11th cross 1st main bus stop hattira hosa badavane kaveripura 960101,no 237 11th cross 1st main bus stop hattira hosa badavane kaveripura,960101,True,True,False,True,False
AD002966,AC002303,residence,kyc_origination,2026-04-01,T2,house 375 gali no 2 ward 8 बारात घर के सामने azad mohalla devgarh ngar 970203,house 375 gali no 2 ward 8 बारात घर के सामने azad mohalla devgarh ngar,970203,True,True,True,True,False
AD002967,AC002304,residence,kyc_origination,2026-04-01,T1,253 2nd cross 2nd main op medicals ashoka layout kaveripura 960104,253 2nd cross 2nd main op medicals ashoka layout kaveripura,960104,True,True,False,False,False
AD002968,AC002305,residence,kyc_origination,2026-04-01,T3,379 f block 3rd road close to hanuman temple lakeview phase 2 navanagara east 980303,379 f block 3rd road close to hanuman temple lakeview phase 2 navanagara east,980303,True,True,False,False,False
AD002969,AC002306,residence,kyc_origination,2026-04-01,T3,unity nagar navanagara east 980301,unity nagar navanagara east,980301,True,True,False,False,False
AD002970,AC002306,office,kyc_origination,2026-04-01,T3,103 blk a rd 1 church ke pass defence colony navanagara east 980301,103 blk a rd 1 church ke pass defence colony navanagara east,980301,True,True,False,False,False
AD002971,AC002307,residence,kyc_origination,2026-04-01,T2,मस्जिद के पीछे krishna puri devgarh nagr 970202,मस्जिद के पीछे krishna puri devgarh nagr,970202,True,True,True,False,False
AD002972,AC002307,office,kyc_origination,2026-04-01,T2,house 330 gali no 5 b h community hall ram nagar devgarh nagar 970203,house 330 gali no 5 b h community hall ram nagar devgarh nagar,970203,True,True,False,True,False
AD002973,AC002308,residence,kyc_origination,2026-04-01,T2,no 286 gali no 6 ward 11 b h government school devgarh nagar 970202,no 286 gali no 6 ward 11 b h government school devgarh nagar,970202,True,True,False,True,False
AD002974,AC002309,residence,kyc_origination,2026-04-01,T2,gali no 9 bhd church ptael nagar devgarh nagar 970202,gali no 9 bhd church ptael nagar devgarh nagar,970202,True,True,False,True,False
AD002975,AC002310,residence,kyc_origination,2026-04-01,T2,gali no 7 ram ngr devgarh nagar 970203,gali no 7 ram ngr devgarh nagar,970203,True,True,False,True,False
AD002976,AC002311,residence,kyc_origination,2026-04-01,T2,h no 36 gali no 12 near community hall patel nagr devgarh nagar 970202,h no 36 gali no 12 near community hall patel nagr devgarh nagar,970202,True,True,False,True,False
AD002977,AC002312,residence,kyc_origination,2026-04-01,T3,h no 342 b blk 5th road green park layout navangara east 980301,h no 342 b blk 5th road green park layout navangara east,980301,True,True,False,True,False
AD002978,AC002313,residence,kyc_origination,2026-04-01,T1,99 2 anjaneya gudi hindhe nehru colony kaveripura 960102,99 2 anjaneya gudi hindhe nehru colony kaveripura,960102,True,True,False,False,False
AD002979,AC002314,residence,kyc_origination,2026-04-01,T1,no 217 ಸರ್ಕಾರಿ ಶಾಲೆ ಹಿಂದೆ kaveripura,no 217 ಸರ್ಕಾರಿ ಶಾಲೆ ಹಿಂದೆ kaveripura,,False,False,True,True,False
AD002980,AC002315,residence,kyc_origination,2026-04-01,T1,house 384 3rd cr 6th main rd gandhi ngr kaveripura 960102,house 384 3rd cr 6th main rd gandhi ngr kaveripura,960102,True,True,False,True,False
AD002981,AC002316,residence,kyc_origination,2026-04-01,T3,h no 429 blk f rd 2 anjaneya gudi hattira lakeview phase 2 navanagara east 980303,h no 429 blk f rd 2 anjaneya gudi hattira lakeview phase 2 navanagara east,980303,True,True,False,True,False
AD002982,AC002317,residence,kyc_origination,2026-04-01,T3,blk a rd 4 opp milk dairy palm meadows navanagara east 980302,blk a rd 4 opp milk dairy palm meadows navanagara east,980302,True,True,False,False,False
AD002983,AC002318,residence,kyc_origination,2026-04-01,T1,352 2nd crs 4th main rd bus stop ke pass kaveripura 960104,352 2nd crs 4th main rd bus stop ke pass kaveripura,960104,True,True,False,False,False
AD002984,AC002319,residence,kyc_origination,2026-04-01,T2,gali no 8 azad mohalla devgarh nagar 970203,gali no 8 azad mohalla devgarh nagar,970203,True,True,False,True,False
AD002985,AC002319,permanent_native,kyc_origination,2026-04-01,OUT,village hosahalli taluk a district south 993588,village hosahalli taluk a district south,993588,True,False,False,False,True
AD002986,AC002320,residence,kyc_origination,2026-04-01,T3,326 b block 3rd road lakeview phase 2 navanagara east 980303,326 b block 3rd road lakeview phase 2 navanagara east,980303,True,True,False,False,False
AD002987,AC002321,residence,kyc_origination,2026-04-01,T1,3rd cross 4th mn kalyana mantapa hattira gandhi nagr kaveripura 960102,3rd cross 4th mn kalyana mantapa hattira gandhi nagr kaveripura,960102,True,True,False,False,False
AD002988,AC002322,residence,kyc_origination,2026-04-01,T3,blk a rd 1 palm meadows navanaggara east 980302,blk a rd 1 palm meadows navanaggara east,980302,True,True,False,False,False
AD002989,AC002323,residence,kyc_origination,2026-04-01,T3,h no 42 blk d rd 2 railway colony navanagara east 980304,h no 42 blk d rd 2 railway colony navanagara east,980304,True,True,False,True,False
AD002990,AC002324,residence,kyc_origination,2026-04-01,T3,d blk 4th rod hmt colony navanagara east 980301,d blk 4th rod hmt colony navanagara east,980301,True,True,False,False,False
AD002991,AC002325,residence,kyc_origination,2026-04-01,T1,h no 265 5th cross 2nd main rd udyanavana hattira nehru colony kaveripura 960102,h no 265 5th cross 2nd main rd udyanavana hattira nehru colony kaveripura,960102,True,True,False,True,False
AD002992,AC002326,residence,kyc_origination,2026-04-01,T2,h no 61 gali no 3 ward 9 masjid ke paas shastri nagar devgarh nagar 970201,h no 61 gali no 3 ward 9 masjid ke paas shastri nagar devgarh nagar,970201,True,True,False,True,False
AD002993,AC002327,residence,kyc_origination,2026-04-01,T1,house 466 11th crs 1st main opposite hanuman temple gandhi nagar kaveripura 960102,house 466 11th crs 1st main opposite hanuman temple gandhi nagar kaveripura,960102,True,True,False,True,False
AD002994,AC002328,residence,kyc_origination,2026-04-01,T1,no 477 close to bus stand shanthi nagar kaveripura 960101,no 477 close to bus stand shanthi nagar kaveripura,960101,True,True,False,True,False
AD002995,AC002329,residence,kyc_origination,2026-04-01,T1,12th x 4th main nr pds shop kuvempu layout kaveripura 960102,12th x 4th main nr pds shop kuvempu layout kaveripura,960102,True,True,False,False,False
AD002996,AC002330,residence,kyc_origination,2026-04-01,T1,5th cross 2nd main community hall ke pass hosa badavane kaveripura 960101,5th cross 2nd main community hall ke pass hosa badavane kaveripura,960101,True,True,False,False,False
AD002997,AC002331,residence,kyc_origination,2026-04-01,T3,near hanuman temple palm meadows navanagara east 980302,near hanuman temple palm meadows navanagara east,980302,True,True,False,False,False
AD002998,AC002331,permanent_native,kyc_origination,2026-04-01,OUT,village mallapura tehsil d district west 999490,village mallapura tehsil d district west,999490,True,False,False,False,True
AD002999,AC002332,residence,kyc_origination,2026-04-01,T2,house 371 gali 5 ambedkar nagar devgarh nagar,house 371 gali 5 ambedkar nagar devgarh nagar,,False,False,False,True,False
AD003000,AC002333,residence,kyc_origination,2026-04-01,T1,1st cross 7th main ನ್ಯಾಯಬೆಲೆ ಅಂಗಡಿ ಹತ್ತಿರ kuvempu layout kaveripura 960102,1st cross 7th main ನ್ಯಾಯಬೆಲೆ ಅಂಗಡಿ ಹತ್ತಿರ kuvempu layout kaveripura,960102,True,True,True,False,False
AD003001,AC002333,permanent_native,kyc_origination,2026-04-01,OUT,village rampura kalan taluk a district south 993879,village rampura kalan taluk a district south,993879,True,False,False,False,True
AD003002,AC002334,residence,kyc_origination,2026-04-01,T2,gali 8 गणेश मंदिर के पास patel nagar devgarh nagar 970202,gali 8 गणेश मंदिर के पास patel nagar devgarh nagar,970202,True,True,True,False,False
AD003003,AC002335,residence,kyc_origination,2026-04-01,T2,389 1 devgarh nagar 970202,389 1 devgarh nagar,970202,True,True,False,False,False
AD003004,AC002336,residence,kyc_origination,2026-04-01,T1,46 near milk booth nehru colony kaveripura 960102,46 near milk booth nehru colony kaveripura,960102,True,True,False,False,False
AD003005,AC002336,office,kyc_origination,2026-04-01,T1,ಬಸ್ ನಿಲ್ದಾಣ ಎದುರು kaveripura 960101,ಬಸ್ ನಿಲ್ದಾಣ ಎದುರು kaveripura,960101,True,True,True,False,False
AD003006,AC002337,residence,kyc_origination,2026-04-01,T1,ಗಣಪತಿ ದೇವಸ್ಥಾನ ಹತ್ತಿರ gandhi nagar kaveripura 961002,ಗಣಪತಿ ದೇವಸ್ಥಾನ ಹತ್ತಿರ gandhi nagar kaveripura,961002,True,False,True,False,False
AD003007,AC002338,residence,kyc_origination,2026-04-01,T2,sarkari school ke pass azad mohalla devgarh nagar 970203,sarkari school ke pass azad mohalla devgarh nagar,970203,True,True,False,False,False
AD003008,AC002338,office,kyc_origination,2026-04-01,T2,gali no 5 indira colony devgarh nagar 970202,gali no 5 indira colony devgarh nagar,970202,True,True,False,True,False
AD003009,AC002339,residence,kyc_origination,2026-04-01,T3,h no 48 f block 5th road near hanuman temple sunrise enclave navanagara east,h no 48 f block 5th road near hanuman temple sunrise enclave navanagara east,,False,False,False,True,False
AD003010,AC002340,residence,kyc_origination,2026-04-01,T1,7th cross 4th main basava nagar kaveripura 960101,7th cross 4th main basava nagar kaveripura,960101,True,True,False,False,False
AD003011,AC002340,office,kyc_origination,2026-04-01,T1,11th cross 2nd main close to pds shop siddeshwara colony kaveripura 960102,11th cross 2nd main close to pds shop siddeshwara colony kaveripura,960102,True,True,False,False,False
AD003012,AC002341,residence,kyc_origination,2026-04-01,T3,house 477 a blk 2nd rd orchid enclave navanagara east 980301,house 477 a blk 2nd rd orchid enclave navanagara east,980301,True,True,False,True,False
AD003013,AC002342,residence,kyc_origination,2026-04-01,T2,h no 337 gali no 1 dawai ki dukaan ke pass patel nagar devgarh nagar 970202,h no 337 gali no 1 dawai ki dukaan ke pass patel nagar devgarh nagar,970202,True,True,False,True,False
AD003014,AC002342,office,kyc_origination,2026-04-01,T2,no 57 gali 7 ward 6 nr children park nehru colony devgarh ngr 970203,no 57 gali 7 ward 6 nr children park nehru colony devgarh ngr,970203,True,True,False,True,False
AD003015,AC002343,residence,kyc_origination,2026-04-01,T2,house 199 ration ki dukaan ke samne azad mohalla devgarh nagar 970203,house 199 ration ki dukaan ke samne azad mohalla devgarh nagar,970203,True,True,False,True,False
AD003016,AC002344,residence,kyc_origination,2026-04-01,T1,h no 74 1st cross 4th main ಮಸೀದಿ ಹತ್ತಿರ vidya nagar kaveripura 960103,h no 74 1st cross 4th main ಮಸೀದಿ ಹತ್ತಿರ vidya nagar kaveripura,960103,True,True,True,True,False
AD003017,AC002345,residence,kyc_origination,2026-04-01,T2,krishna puri devgarh nagar 970202,krishna puri devgarh nagar,970202,True,True,False,False,False
AD003018,AC002345,office,kyc_origination,2026-04-01,T2,gali no 3 near medical store azad mohalla devgarh nagr 970203,gali no 3 near medical store azad mohalla devgarh nagr,970203,True,True,False,True,False
AD003019,AC002346,residence,kyc_origination,2026-04-01,T2,house 478 gali 6 azad mohalla devgarh nagar 970203,house 478 gali 6 azad mohalla devgarh nagar,970203,True,True,False,True,False
AD003020,AC002347,residence,kyc_origination,2026-04-01,T1,465 2 10th cross 3rd main anjaneya swamy temple hinde hosa badavane kaveripura 960104,465 2 10th cross 3rd main anjaneya swamy temple hinde hosa badavane kaveripura,960104,True,True,False,False,False
AD003021,AC002347,permanent_native,kyc_origination,2026-04-01,OUT,village devipur taluk b district north 996584,village devipur taluk b district north,996584,True,False,False,False,True
AD003022,AC002348,residence,kyc_origination,2026-04-01,T3,blk a rd 1 close to church teachers colony navanagara east,blk a rd 1 close to church teachers colony navanagara east,,False,False,False,False,False
AD003023,AC002348,permanent_native,kyc_origination,2026-04-01,OUT,village hosahalli taluk b district south 996375,village hosahalli taluk b district south,996375,True,False,False,False,True
AD003024,AC002349,residence,kyc_origination,2026-04-01,T2,gali no 7 azad mohalla devgarh nagar 970203,gali no 7 azad mohalla devgarh nagar,970203,True,True,False,True,False
AD003025,AC002349,office,kyc_origination,2026-04-01,T2,gali 3 ward 11 patel nagar devgarh nagar 970201,gali 3 ward 11 patel nagar devgarh nagar,970201,True,True,False,False,False
AD003026,AC002350,residence,kyc_origination,2026-04-01,T1,269 4th crss 6th main nr pds shop nehru col kaveripura 960102,269 4th crss 6th main nr pds shop nehru col kaveripura,960102,True,True,False,False,False
AD003027,AC002351,residence,kyc_origination,2026-04-01,T1,h no 365 close to medicals vidya nagar kaveripura 960103,h no 365 close to medicals vidya nagar kaveripura,960103,True,True,False,True,False
AD003028,AC002352,residence,kyc_origination,2026-04-01,T1,447 6th crs 6th main ganapathi gudi hattira ashoka lyt kaveripura 960104,447 6th crs 6th main ganapathi gudi hattira ashoka lyt kaveripura,960104,True,True,False,False,False
AD003029,AC002353,residence,kyc_origination,2026-04-01,T3,blk d rd 1 anjaneya gdi hattira orchid enclave navanagara east 980301,blk d rd 1 anjaneya gdi hattira orchid enclave navanagara east,980301,True,True,False,False,False
AD003030,AC002354,residence,kyc_origination,2026-04-01,T1,266 green view apts close to kalyana mantapa nehru colony kaveripura 960102,266 green view apts close to kalyana mantapa nehru colony kaveripura,960102,True,True,False,False,False
AD003031,AC002354,office,kyc_origination,2026-04-01,T1,87 9th cross 5th main close to bus stand kaveripura 960101,87 9th cross 5th main close to bus stand kaveripura,960101,True,True,False,False,False
AD003032,AC002355,residence,kyc_origination,2026-04-01,T2,248 3 gali no 10 डाकघर के पास krishna puri devgarh nagar 970202,248 3 gali no 10 डाकघर के पास krishna puri devgarh nagar,970202,True,True,True,True,False
AD003033,AC002355,permanent_native,kyc_origination,2026-04-01,OUT,village bilagi tehsil c district east 997473,village bilagi tehsil c district east,997473,True,False,False,False,True
AD003034,AC002356,residence,kyc_origination,2026-04-01,T3,house 271 blk f rd 3 nr water tank teachers colonny navanagara east 980302,house 271 blk f rd 3 nr water tank teachers colonny navanagara east,980302,True,True,False,True,False
AD003035,AC002357,residence,kyc_origination,2026-04-01,T1,nr bus stand vidya ngr kaveripura 960103,nr bus stand vidya ngr kaveripura,960103,True,True,False,False,False
AD003036,AC002357,office,kyc_origination,2026-04-01,T1,3 9th cr 4th main nr medical store vidya nagar kaveripura 960103,3 9th cr 4th main nr medical store vidya nagar kaveripura,960103,True,True,False,False,False
AD003037,AC002358,residence,kyc_origination,2026-04-01,T2,225 gali 6 near post office nehru colony devgarh ngr 970203,225 gali 6 near post office nehru colony devgarh ngr,970203,True,True,False,False,False
AD003038,AC002359,residence,kyc_origination,2026-04-01,T2,gli 11 पार्क के पीछे nehru colony devgarh nagar 970203,gli 11 पार्क के पीछे nehru colony devgarh nagar,970203,True,True,True,False,False
AD003039,AC002360,residence,kyc_origination,2026-04-01,T3,no 415 railway colony navanagara east,no 415 railway colony navanagara east,,False,False,False,True,False
AD003040,AC002361,residence,kyc_origination,2026-04-01,T2,gali 5 ward 5 opp mikl booth subhash nagar devgarh nagar 970201,gali 5 ward 5 opp mikl booth subhash nagar devgarh nagar,970201,True,True,False,False,False
AD003041,AC002362,residence,kyc_origination,2026-04-01,T1,house 356 7th cr 1st main nr ganapathi temple kuvempu layout kaveripura 960104,house 356 7th cr 1st main nr ganapathi temple kuvempu layout kaveripura,960104,True,True,False,True,False
AD003042,AC002362,office,kyc_origination,2026-04-01,T1,10th x 6th main kuvempu layout kaveripura 960103,10th x 6th main kuvempu layout kaveripura,960103,True,True,False,False,False
AD003043,AC002363,residence,kyc_origination,2026-04-01,T1,10th cross 6th main ಚರ್ಚ್ ಹತ್ತಿರ anjaneya badavane kaveripura 960103,10th cross 6th main ಚರ್ಚ್ ಹತ್ತಿರ anjaneya badavane kaveripura,960103,True,True,True,False,False
AD003044,AC002364,residence,kyc_origination,2026-04-01,T2,h no 105 gali no 1 ward 11 opposite mosque patel nagar devgarh nagar 970202,h no 105 gali no 1 ward 11 opposite mosque patel nagar devgarh nagar,970202,True,True,False,True,False
AD003045,AC002365,residence,kyc_origination,2026-04-01,T2,no 300 gali 9 ganesh mandir ke samne krishna puri devgarh nagar 970202,no 300 gali 9 ganesh mandir ke samne krishna puri devgarh nagar,970202,True,True,False,True,False
AD003046,AC002366,residence,kyc_origination,2026-04-01,T3,blk a rd 3 nr hanuman temple grreen park layout navanagara east,blk a rd 3 nr hanuman temple grreen park layout navanagara east,,False,False,False,False,False
AD003047,AC002366,office,kyc_origination,2026-04-01,T3,e block 2nd road green park layout navanagara east 980301,e block 2nd road green park layout navanagara east,980301,True,True,False,False,False
AD003048,AC002367,residence,kyc_origination,2026-04-01,T1,458 12th cross 2nd mn shanthi nagar kaveripura 90101,458 12th cross 2nd mn shanthi nagar kaveripura 90101,,False,False,False,False,False
AD003049,AC002368,residence,kyc_origination,2026-04-01,T1,no 266 7th cr 1st main neerina tank hattira shanthi nagar kaveripura 960101,no 266 7th cr 1st main neerina tank hattira shanthi nagar kaveripura,960101,True,True,False,True,False
AD003050,AC002369,residence,kyc_origination,2026-04-01,T2,208 बस स्टॉप के पास azad mohalla devgarh nagar 970203,208 बस स्टॉप के पास azad mohalla devgarh nagar,970203,True,True,True,False,False
AD003051,AC002370,residence,kyc_origination,2026-04-01,T1,4th x 4th main rd anjaneya gudi hattira nehru colony kaveripura 960102,4th x 4th main rd anjaneya gudi hattira nehru colony kaveripura,960102,True,True,False,False,False
AD003052,AC002371,residence,kyc_origination,2026-04-01,T2,gali 4 shivaji nagar devgarh nagar 970202,gali 4 shivaji nagar devgarh nagar,970202,True,True,False,False,False
AD003053,AC002372,residence,kyc_origination,2026-04-01,T1,no 95 green view apts 9th cress 8th main ration angadi hattira nehru colny kaveripura 960102,no 95 green view apts 9th cress 8th main ration angadi hattira nehru colny kaveripura,960102,True,True,False,True,False
AD003054,AC002372,office,kyc_origination,2026-04-01,T1,h no 120 11th cross 8th main vinayaka ngr kavreipura 960104,h no 120 11th cross 8th main vinayaka ngr kavreipura,960104,True,True,False,True,False
AD003055,AC002373,residence,kyc_origination,2026-04-01,T3,no 215 f block 6th road lakeview phase 2 navanagara east 980303,no 215 f block 6th road lakeview phase 2 navanagara east,980303,True,True,False,True,False
AD003056,AC002374,residence,kyc_origination,2026-04-01,T1,396 7th cross 7th main rd kaveripura 960101,396 7th cross 7th main rd kaveripura,960101,True,True,False,False,False
AD003057,AC002375,residence,kyc_origination,2026-04-01,T2,gali no 4 nr mosque tilak ngr devgarh nagar 970204,gali no 4 nr mosque tilak ngr devgarh nagar,970204,True,True,False,True,False
AD003058,AC002376,residence,kyc_origination,2026-04-01,T2,196 3 gali no 7 close to petrol bunk tilak nagar devgarh nagar 970204,196 3 gali no 7 close to petrol bunk tilak nagar devgarh nagar,970204,True,True,False,True,False
AD003059,AC002377,residence,kyc_origination,2026-04-01,T1,76 2 7th cross 8th main rd nr pds shop nehru colony kaveripura 960102,76 2 7th cross 8th main rd nr pds shop nehru colony kaveripura,960102,True,True,False,False,False
AD003060,AC002378,residence,kyc_origination,2026-04-01,T2,h no 210 gali noo 7 ward 8 nr govt school azad mohalla devgarh nagr 970203,h no 210 gali noo 7 ward 8 nr govt school azad mohalla devgarh nagr,970203,True,True,False,True,False
AD003061,AC002378,permanent_native,kyc_origination,2026-04-01,OUT,village devipur tehsil c district south 991141,village devipur tehsil c district south,991141,True,False,False,False,True
AD003062,AC002379,residence,kyc_origination,2026-04-01,T2,gali 8 ward 2 behind pds shop indira colony devgarh nagar 970202,gali 8 ward 2 behind pds shop indira colony devgarh nagar,970202,True,True,False,False,False
AD003063,AC002380,residence,kyc_origination,2026-04-01,T3,blk e rd 4 teachers col navanagara east 980302,blk e rd 4 teachers col navanagara east,980302,True,True,False,False,False
AD003064,AC002380,office,kyc_origination,2026-04-01,T3,e block 3rd road nr ration shop palm meadows navanagara east 980302,e block 3rd road nr ration shop palm meadows navanagara east,980302,True,True,False,False,False
AD003065,AC002381,residence,kyc_origination,2026-04-01,T2,near park azad mohalla devgarh nagar 970203,near park azad mohalla devgarh nagar,970203,True,True,False,False,False
AD003066,AC002381,office,kyc_origination,2026-04-01,T2,53 3 glai no 7 opp post office krishna puri devgarh nagar 970202,53 3 glai no 7 opp post office krishna puri devgarh nagar,970202,True,True,False,True,False
AD003067,AC002382,residence,kyc_origination,2026-04-01,T2,h no 221 gali 12 nr community hall patel nagar devgarh ngr,h no 221 gali 12 nr community hall patel nagar devgarh ngr,,False,False,False,True,False
AD003068,AC002382,office,kyc_origination,2026-04-01,T2,no 1222 चर्च के पीछे shastri nagar devvgarh nagar 970201,no 1222 चर्च के पीछे shastri nagar devvgarh nagar,970201,True,True,True,True,False
AD003069,AC002383,residence,kyc_origination,2026-04-01,T2,h no 256 gali 3 nr masjid gandhi basti devgarh nagar 970203,h no 256 gali 3 nr masjid gandhi basti devgarh nagar,970203,True,True,False,True,False
AD003070,AC002384,residence,kyc_origination,2026-04-01,T2,no 368 gali 3 ration ki dukaan ke piche ram nagar devgarh nagar 970203,no 368 gali 3 ration ki dukaan ke piche ram nagar devgarh nagar,970203,True,True,False,True,False
AD003071,AC002385,residence,kyc_origination,2026-04-01,T3,blk b rd 3 nr government school orchad enclave navanagara east 980031,blk b rd 3 nr government school orchad enclave navanagara east,980031,True,False,False,False,False
AD003072,AC002385,office,kyc_origination,2026-04-01,T3,b block 5th rd hmt colny navanagara east 980031,b block 5th rd hmt colny navanagara east,980031,True,False,False,False,False
AD003073,AC002386,residence,kyc_origination,2026-04-01,T1,house 113 9th cross 7th main rd kaveripura 960102,house 113 9th cross 7th main rd kaveripura,960102,True,True,False,True,False
AD003074,AC002387,residence,kyc_origination,2026-04-01,T2,215 devgarh nagar 970202,215 devgarh nagar,970202,True,True,False,False,False
AD003075,AC002388,residence,kyc_origination,2026-04-01,T3,h no 362 ganesh mandir ke paas hmt colny navanagara east 980301,h no 362 ganesh mandir ke paas hmt colny navanagara east,980301,True,True,False,True,False
AD003076,AC002388,office,kyc_origination,2026-04-01,T3,h no 42 a block 2nd road close to church hmt colony navanagara east 980302,h no 42 a block 2nd road close to church hmt colony navanagara east,980302,True,True,False,True,False
AD003077,AC002389,residence,kyc_origination,2026-04-01,T2,274 gali no 6 krishna puri dvegarh nagar 970202,274 gali no 6 krishna puri dvegarh nagar,970202,True,True,False,True,False
AD003078,AC002390,residence,kyc_origination,2026-04-01,T2,nr overhead tank nehru colony devgarh nagar 970203,nr overhead tank nehru colony devgarh nagar,970203,True,True,False,False,False
AD003079,AC002390,permanent_native,kyc_origination,2026-04-01,OUT,village mallapura tehsil d district north 997972,village mallapura tehsil d district north,997972,True,False,False,False,True
AD003080,AC002391,residence,kyc_origination,2026-04-01,T3,186 1 e block 5th rd nr ganapathi temple teachers colony navanagara east 980302,186 1 e block 5th rd nr ganapathi temple teachers colony navanagara east,980302,True,True,False,False,False
AD003081,AC002392,residence,kyc_origination,2026-04-01,T2,lakshmi nilaya gali no 1 shivaji ngr devgarh nagar 970202,lakshmi nilaya gali no 1 shivaji ngr devgarh nagar,970202,True,True,False,True,False
AD003082,AC002393,residence,kyc_origination,2026-04-01,T2,h no 424 gali 9 मेडिकल स्टोर के बगल में nehru colny devgarh nagar 970203,h no 424 gali 9 मेडिकल स्टोर के बगल में nehru colny devgarh nagar,970203,True,True,True,True,False
AD003083,AC002394,residence,kyc_origination,2026-04-01,T1,no 352 basava nagar kaveripura 960101,no 352 basava nagar kaveripura,960101,True,True,False,True,False
AD003084,AC002395,residence,kyc_origination,2026-04-01,T1,h no 416 3rd cross 6th main vinayaka nagar kaveripura 960104,h no 416 3rd cross 6th main vinayaka nagar kaveripura,960104,True,True,False,True,False
AD003085,AC002396,residence,kyc_origination,2026-04-01,T1,house 56 om sai complex 11th cross 8th mn nehru colony kaveripura 960102,house 56 om sai complex 11th cross 8th mn nehru colony kaveripura,960102,True,True,False,True,False
AD003086,AC002397,residence,kyc_origination,2026-04-01,T3,133 1 d blk 3rd rd teachers colony navanagara east 980302,133 1 d blk 3rd rd teachers colony navanagara east,980302,True,True,False,False,False
AD003087,AC002398,residence,kyc_origination,2026-04-01,T2,tanki ke piche krishna puri devgarh nagr 970204,tanki ke piche krishna puri devgarh nagr,970204,True,True,False,False,False
AD003088,AC002399,residence,kyc_origination,2026-04-01,T3,274 2 e block 4th road adj ration shop palm meadows navanagara east 980303,274 2 e block 4th road adj ration shop palm meadows navanagara east,980303,True,True,False,False,False
AD003089,AC002399,permanent_native,kyc_origination,2026-04-01,OUT,village sundarpur tehsil c district south 993714,village sundarpur tehsil c district south,993714,True,False,False,False,True
AD003090,AC002400,residence,kyc_origination,2026-04-01,T1,7th cross 6th main samudaya bhavana hattira gandhi nagr kaveripura 960102,7th cross 6th main samudaya bhavana hattira gandhi nagr kaveripura,960102,True,True,False,False,False
AD003091,AC001083,residence,skip_trace,2026-04-23,OUT,village rampura kalan taluk a district north 998850,village rampura kalan taluk a district north,998850,True,False,False,False,False
AD003092,AC001768,residence,skip_trace,2026-04-24,T2,101 annapoorna nilaya गली नं 1 ram nagar devgarh ngr 970203,101 annapoorna nilaya गली नं 1 ram nagar devgarh ngr,970203,True,True,True,False,False
AD003093,AC000317,residence,skip_trace,2026-04-27,OUT,village bilagi tehsil d district south 996507,village bilagi tehsil d district south,996507,True,False,False,False,False
AD003094,AC002225,residence,skip_trace,2026-04-30,T1,6th crs 2nd main beside ganesh temple kuvempu layout kaveripura 960102,6th crs 2nd main beside ganesh temple kuvempu layout kaveripura,960102,True,True,False,False,False
AD003095,AC002341,residence,skip_trace,2026-05-01,OUT,village kodihalli tehsil d district east 998580,village kodihalli tehsil d district east,998580,True,False,False,False,False
AD003096,AC001013,residence,skip_trace,2026-05-10,T1,9th cross 2nd main rd kalyana ngr kaveripura 960104,9th cross 2nd main rd kalyana ngr kaveripura,960104,True,True,False,False,False
AD003097,AC001191,residence,skip_trace,2026-05-19,OUT,village mallapura taluk a district south 995787,village mallapura taluk a district south,995787,True,False,False,False,False
AD003098,AC001529,residence,skip_trace,2026-05-20,T2,house 213 shanti kunj nr petrol pump azad mohalla devgarh nagar 970203,house 213 shanti kunj nr petrol pump azad mohalla devgarh nagar,970203,True,True,False,True,False
AD003099,AC001408,residence,skip_trace,2026-05-24,T1,6th cross 4th main opp children park nehru colony kaveripura 960102,6th cross 4th main opp children park nehru colony kaveripura,960102,True,True,False,False,False
AD003100,AC001748,residence,skip_trace,2026-05-24,T1,house 399 1t2h cross 4th mn nr govt school kuvempu lyt kaveripura 960102,house 399 1t2h cross 4th mn nr govt school kuvempu lyt kaveripura,960102,True,True,False,True,False
AD003101,AC000232,residence,skip_trace,2026-05-27,OUT,village mallapura taluk a district east 998315,village mallapura taluk a district east,998315,True,False,False,False,False
AD003102,AC001232,residence,skip_trace,2026-05-29,T1,372 6th x 7th mn gandhi nagar kaveripura,372 6th x 7th mn gandhi nagar kaveripura,,False,False,False,False,False
AD003103,AC001162,residence,skip_trace,2026-05-30,OUT,village mallapura tehsil c district west 995699,village mallapura tehsil c district west,995699,True,False,False,False,False
AD003104,AC001882,residence,skip_trace,2026-05-30,T2,h no 387 gali 10 opposite petrol pump tilak nagar devgarh nagr 970204,h no 387 gali 10 opposite petrol pump tilak nagar devgarh nagr,970204,True,True,False,True,False
AD003105,AC001373,residence,skip_trace,2026-06-01,T3,no 149 blk f rd 1 near overhead tank sunrise enclave navanagara east 980304,no 149 blk f rd 1 near overhead tank sunrise enclave navanagara east,980304,True,True,False,True,False
AD003106,AC002288,residence,skip_trace,2026-06-01,T2,no 315 gali 10 ward 2 indira col devgarh nagr 970202,no 315 gali 10 ward 2 indira col devgarh nagr,970202,True,True,False,True,False
AD003107,AC001202,residence,skip_trace,2026-06-06,T1,6th cross 3rd mn bus stop hattira kaveripura 960102,6th cross 3rd mn bus stop hattira kaveripura,960102,True,True,False,False,False
AD003108,AC002174,residence,skip_trace,2026-06-10,OUT,village sundarpur tehsil c district south 993233,village sundarpur tehsil c district south,993233,True,False,False,False,False
AD003109,AC000775,residence,skip_trace,2026-06-11,OUT,village kodihalli taluk b district west 994477,village kodihalli taluk b district west,994477,True,False,False,False,False
AD003110,AC000542,residence,skip_trace,2026-06-14,T1,h nno 273 12th crosss 8th main hosa badavane kaveripura 960101,h nno 273 12th crosss 8th main hosa badavane kaveripura,960101,True,True,False,False,False
AD003111,AC000602,residence,skip_trace,2026-06-18,T3,h no 61 b block 3rd rd church hattira sunrise enclave navanagara east 980304,h no 61 b block 3rd rd church hattira sunrise enclave navanagara east,980304,True,True,False,True,False
AD003112,AC000523,residence,skip_trace,2026-06-19,OUT,village kodihalli tehsil d district south 993021,village kodihalli tehsil d district south,993021,True,False,False,False,False
AD003113,AC002368,residence,skip_trace,2026-06-20,T1,3rd cross 5th main close to ganesh temple ashoka layout kaveripura 960104,3rd cross 5th main close to ganesh temple ashoka layout kaveripura,960104,True,True,False,False,False
AD003114,AC000505,residence,skip_trace,2026-06-23,OUT,village rampura kalan taluk b district south 997536,village rampura kalan taluk b district south,997536,True,False,False,False,False
AD003115,AC001755,residence,skip_trace,2026-06-25,T2,opposite hanuman temple shivaaji nagar devgarh nagar 970202,opposite hanuman temple shivaaji nagar devgarh nagar,970202,True,True,False,False,False
AD003116,AC002060,residence,skip_trace,2026-06-25,OUT,village rampura kalan tehsil c district south 991666,village rampura kalan tehsil c district south,991666,True,False,False,False,False
AD003117,AC000977,residence,skip_trace,2026-06-29,T1,no 284 1st cross 8th main kaveripura 960102,no 284 1st cross 8th main kaveripura,960102,True,True,False,True,False
