visit_id,account_id,address_id,agent_id,visit_date,checkin_x,checkin_y,gps_accuracy_m,dwell_s,outcome,met_someone,phase,same_hash_hits,precision
VS000001,AC000652,AD000840,FA003,2026-04-01,1409.8,-1495.1,11.7,65,address_not_traceable,False,pre_cut,1,pincode
VS000002,AC000953,AD001233,FA003,2026-04-01,2517.3,-2363.0,21.1,1168,cash_collected,True,pre_cut,1,locality
VS000003,AC001472,AD001899,FA003,2026-04-01,3016.5,-2614.8,16.5,173,locked_premises,False,pre_cut,1,locality
VS000004,AC000608,AD000785,FA003,2026-04-01,1617.3,-1579.5,6.9,51,address_not_traceable,False,pre_cut,1,pincode
VS000005,AC000918,AD001186,FA003,2026-04-01,2864.1,-2032.0,6.2,291,met_family,True,pre_cut,1,locality
VS000006,AC000590,AD000761,FA003,2026-04-01,2690.3,1062.0,8.5,1117,met_borrower,True,pre_cut,1,locality
VS000007,AC002174,AD002806,FA003,2026-04-01,2866.0,-1819.5,8.6,238,locked_premises,False,pre_cut,1,locality
VS000008,AC002147,AD002771,FA003,2026-04-01,1722.8,-1672.2,9.4,73,address_not_traceable,False,pre_cut,1,pincode
VS000009,AC001103,AD001433,FA003,2026-04-01,2736.8,-2482.1,5.8,120,locked_premises,False,pre_cut,1,street
VS000010,AC001830,AD002362,FA003,2026-04-01,2518.6,-2132.4,7.3,437,met_family,True,pre_cut,1,locality
VS000011,AC001012,AD001306,FA001,2026-04-01,2697.9,-2220.5,10.8,146,locked_premises,False,pre_cut,1,locality
VS000012,AC000442,AD000569,FA001,2026-04-01,2865.5,-2126.9,6.3,1147,met_borrower,True,pre_cut,1,locality
VS000013,AC000979,AD001267,FA001,2026-04-01,-2265.3,-2561.2,12.0,58,address_not_traceable,False,pre_cut,1,locality
VS000014,AC000506,AD000652,FA001,2026-04-01,2866.8,-2265.9,13.2,380,met_family,True,pre_cut,1,locality
VS000015,AC000858,AD001107,FA001,2026-04-01,1660.9,-1521.4,14.8,71,address_not_traceable,False,pre_cut,1,pincode
VS000016,AC000189,AD000237,FA001,2026-04-01,-3259.5,1123.9,9.3,92,locked_premises,False,pre_cut,1,pincode
VS000017,AC000250,AD000314,FA001,2026-04-01,2498.7,-2131.9,5.3,86,locked_premises,False,pre_cut,1,locality
VS000018,AC001562,AD002016,FA002,2026-04-01,2775.4,-2319.6,14.6,185,no_such_person,False,pre_cut,1,locality
VS000019,AC000060,AD000075,FA002,2026-04-01,379.8,2274.2,9.9,111,locked_premises,False,pre_cut,1,locality
VS000020,AC001091,AD001416,FA002,2026-04-01,2598.5,-1657.4,12.9,534,met_family,True,pre_cut,1,street
VS000021,AC001963,AD002537,FA002,2026-04-01,1619.1,-2222.7,6.7,30,address_not_traceable,False,pre_cut,1,pincode
VS000022,AC002086,AD002691,FA002,2026-04-01,2923.4,-2128.7,14.7,551,met_borrower,True,pre_cut,1,pincode
VS000023,AC000154,AD000193,FA002,2026-04-01,1396.8,-1470.9,19.0,290,no_such_person,False,pre_cut,1,pincode
VS000024,AC000701,AD000904,FA002,2026-04-01,889.8,-2903.8,10.8,1044,met_borrower,True,pre_cut,1,locality
VS000025,AC001828,AD002359,FA004,2026-04-01,1661.9,-1602.3,7.5,206,neighbour_says_shifted,False,pre_cut,1,street
VS000026,AC000418,AD000539,FA004,2026-04-01,1277.4,-1627.3,6.6,111,address_not_traceable,False,pre_cut,1,pincode
VS000027,AC001256,AD001627,FA004,2026-04-01,1301.6,-2074.9,11.7,428,met_family,True,pre_cut,1,pincode
VS000028,AC001353,AD001752,FA004,2026-04-01,1427.8,-2199.8,5.2,334,neighbour_says_shifted,False,pre_cut,1,locality
VS000029,AC002308,AD002973,FA004,2026-04-01,1690.0,-1414.6,6.3,37,address_not_traceable,False,pre_cut,1,pincode
VS000030,AC001997,AD002576,FA004,2026-04-01,1305.3,-2201.0,11.5,195,met_family,True,pre_cut,1,locality
VS000031,AC002387,AD003074,FA004,2026-04-01,1507.7,-2091.0,11.6,849,met_borrower,True,pre_cut,1,pincode
VS000032,AC001151,AD001495,FA004,2026-04-01,1168.7,-1859.2,5.4,475,met_family,True,pre_cut,1,pincode
VS000033,AC001597,AD002059,FA004,2026-04-01,1152.5,-2022.1,8.4,1057,met_borrower,True,pre_cut,1,locality
VS000034,AC000871,AD001124,FA005,2026-04-01,1209.5,-1669.2,23.2,402,met_borrower,True,pre_cut,1,locality
VS000035,AC002207,AD002849,FA005,2026-04-01,1711.7,-2359.0,5.8,831,met_borrower,True,pre_cut,1,locality
VS000036,AC000787,AD001013,FA005,2026-04-01,1331.2,-2070.4,6.2,186,locked_premises,False,pre_cut,1,street
VS000037,AC000327,AD000412,FA005,2026-04-01,1339.6,-2148.6,8.6,178,locked_premises,False,pre_cut,1,street
VS000038,AC001288,AD001673,FA005,2026-04-01,1058.5,-1724.2,5.2,336,neighbour_says_shifted,False,pre_cut,1,street
VS000039,AC002382,AD003067,FA005,2026-04-01,1438.7,-1827.8,11.6,95,locked_premises,False,pre_cut,1,locality
VS000040,AC001421,AD001833,FA005,2026-04-01,1534.0,-2417.4,4.0,79,locked_premises,False,pre_cut,1,locality
VS000041,AC001068,AD001381,FA005,2026-04-01,1029.7,-440.2,13.3,189,neighbour_says_shifted,False,pre_cut,1,locality
VS000042,AC001907,AD002466,FA005,2026-04-01,1913.9,-2118.0,20.2,180,locked_premises,False,pre_cut,1,locality
VS000043,AC002343,AD003015,FA006,2026-04-01,1158.2,2844.1,7.8,95,address_not_traceable,False,pre_cut,1,locality
VS000044,AC002338,AD003007,FA006,2026-04-01,682.2,2544.3,7.1,110,address_not_traceable,False,pre_cut,1,locality
VS000045,AC002378,AD003060,FA006,2026-04-01,852.9,2794.5,5.0,226,met_family,True,pre_cut,1,locality
VS000046,AC001780,AD002299,FA006,2026-04-01,933.2,2298.6,4.1,887,met_borrower,True,pre_cut,1,locality
VS000047,AC002069,AD002669,FA006,2026-04-01,-472.6,179.1,16.0,64,address_not_traceable,False,pre_cut,1,pincode
VS000048,AC001418,AD001830,FA006,2026-04-01,917.2,2936.8,7.8,276,met_family,True,pre_cut,1,street
VS000049,AC000023,AD000027,FA006,2026-04-01,977.5,2926.8,19.1,611,met_borrower,True,pre_cut,1,locality
VS000050,AC000838,AD001080,FA007,2026-04-01,-2166.7,-144.4,4.2,722,met_borrower,True,pre_cut,1,street
VS000051,AC001466,AD001891,FA007,2026-04-01,-2969.2,-20.0,14.2,1037,met_borrower,True,pre_cut,1,locality
VS000052,AC000158,AD000197,FA007,2026-04-01,-2844.4,-382.7,25.3,362,met_borrower,True,pre_cut,1,locality
VS000053,AC000016,AD000019,FA007,2026-04-01,-3064.3,177.9,4.2,989,met_borrower,True,pre_cut,1,locality
VS000054,AC001987,AD002566,FA007,2026-04-01,-2707.2,-85.4,8.5,134,locked_premises,False,pre_cut,1,locality
VS000055,AC001923,AD002485,FA007,2026-04-01,-2666.9,-127.9,16.4,779,met_borrower,True,pre_cut,1,pincode
VS000056,AC001727,AD002233,FA007,2026-04-01,-2525.0,-465.4,13.0,77,locked_premises,False,pre_cut,1,street
VS000057,AC001181,AD001534,FA007,2026-04-01,-1782.0,-1756.2,15.6,47,address_not_traceable,False,pre_cut,1,pincode
VS000058,AC000481,AD000617,FA007,2026-04-01,-2588.0,-148.9,15.0,102,address_not_traceable,False,pre_cut,1,locality
VS000059,AC001031,AD001333,FA007,2026-04-01,-2762.6,-525.0,13.2,96,address_not_traceable,False,pre_cut,1,locality
VS000060,AC000808,AD001040,FA009,2026-04-01,824.7,-1126.3,9.7,346,met_family,True,pre_cut,1,street
VS000061,AC002020,AD002609,FA009,2026-04-01,2341.3,-755.4,13.6,81,locked_premises,False,pre_cut,23,pincode
VS000062,AC001548,AD001995,FA009,2026-04-01,-3711.3,-792.7,7.4,93,address_not_traceable,False,pre_cut,23,locality
VS000063,AC000707,AD000913,FA009,2026-04-01,622.6,-845.0,17.5,929,met_borrower,True,pre_cut,1,locality
VS000064,AC002118,AD002731,FA009,2026-04-01,850.8,1601.3,4.0,242,neighbour_says_shifted,False,pre_cut,1,street
VS000065,AC001356,AD001755,FA009,2026-04-01,2333.1,-796.8,8.2,118,address_not_traceable,False,pre_cut,26,pincode
VS000066,AC000577,AD000744,FA009,2026-04-01,1325.8,-1116.6,19.4,419,met_borrower,True,pre_cut,1,street
VS000067,AC001607,AD002069,FA008,2026-04-01,3835.3,530.0,9.8,98,locked_premises,False,pre_cut,1,locality
VS000068,AC001625,AD002096,FA008,2026-04-01,3608.4,622.3,11.4,395,met_family,True,pre_cut,1,street
VS000069,AC002075,AD002676,FA008,2026-04-01,3660.9,465.7,14.0,522,met_family,True,pre_cut,1,locality
VS000070,AC001046,AD001352,FA008,2026-04-01,4138.4,337.7,6.9,1052,met_borrower,True,pre_cut,1,locality
VS000071,AC000086,AD000107,FA008,2026-04-01,3506.0,294.8,9.3,81,address_not_traceable,False,pre_cut,1,locality
VS000072,AC002316,AD002981,FA008,2026-04-01,3930.4,533.2,9.4,139,locked_premises,False,pre_cut,1,locality
VS000073,AC001792,AD002311,FA008,2026-04-01,2911.6,-1792.4,17.1,91,address_not_traceable,False,pre_cut,1,locality
VS000074,AC000517,AD000667,FA002,2026-04-02,2276.3,-2358.2,17.1,361,met_family,True,pre_cut,1,locality
VS000075,AC001273,AD001649,FA002,2026-04-02,2717.1,-2096.4,10.2,52,address_not_traceable,False,pre_cut,1,locality
VS000076,AC001411,AD001821,FA002,2026-04-02,2490.7,-2443.0,14.9,315,met_family,True,pre_cut,1,street
VS000077,AC001806,AD002332,FA002,2026-04-02,1798.2,-1513.8,4.3,100,address_not_traceable,False,pre_cut,1,pincode
VS000078,AC000741,AD000955,FA002,2026-04-02,3135.4,-1912.8,15.3,328,neighbour_says_shifted,False,pre_cut,1,locality
VS000079,AC000955,AD001236,FA002,2026-04-02,2926.1,-2650.1,9.6,814,met_borrower,True,pre_cut,1,locality
VS000080,AC002336,AD003004,FA002,2026-04-02,2651.7,-2323.7,7.8,81,address_not_traceable,False,pre_cut,1,locality
VS000081,AC000420,AD000541,FA002,2026-04-02,2649.9,-2513.3,17.9,60,locked_premises,False,pre_cut,1,locality
VS000082,AC000227,AD000287,FA002,2026-04-02,2876.1,-2282.3,72.8,1466,met_borrower,True,pre_cut,1,locality
VS000083,AC001738,AD002246,FA002,2026-04-02,2482.6,-2327.6,4.9,186,locked_premises,False,pre_cut,1,rooftop
VS000084,AC001163,AD001509,FA003,2026-04-02,3096.6,-2564.7,8.2,470,met_family,True,pre_cut,1,locality
VS000085,AC001348,AD001746,FA003,2026-04-02,3030.1,-2206.1,9.1,191,met_family,True,pre_cut,1,locality
VS000086,AC000712,AD000920,FA003,2026-04-02,-1419.5,580.8,13.7,106,locked_premises,False,pre_cut,1,rooftop
VS000087,AC000026,AD000030,FA003,2026-04-02,2813.1,-1821.6,16.2,1363,met_borrower,True,pre_cut,1,street
VS000088,AC002100,AD002709,FA003,2026-04-02,2436.2,-2363.7,13.9,470,met_family,True,pre_cut,1,street
VS000089,AC000408,AD000524,FA003,2026-04-02,2610.2,-1663.7,11.4,552,met_borrower,True,pre_cut,1,street
VS000090,AC000857,AD001105,FA003,2026-04-02,2892.8,-2525.9,7.3,1285,met_borrower,True,pre_cut,1,locality
VS000091,AC001218,AD001581,FA003,2026-04-02,2893.2,-1721.6,9.4,201,met_family,True,pre_cut,1,street
VS000092,AC001002,AD001294,FA003,2026-04-02,2665.4,-2386.6,9.2,391,met_family,True,pre_cut,1,pincode
VS000093,AC000110,AD000138,FA001,2026-04-02,363.2,-2975.0,7.9,516,met_borrower,True,pre_cut,1,street
VS000094,AC001667,AD002154,FA001,2026-04-02,751.5,-2682.6,6.0,204,locked_premises,False,pre_cut,1,locality
VS000095,AC002216,AD002858,FA001,2026-04-02,953.7,-3001.2,9.7,595,met_family,True,pre_cut,1,locality
VS000096,AC001969,AD002544,FA001,2026-04-02,662.7,-2761.4,23.0,554,met_family,True,pre_cut,1,locality
VS000097,AC001049,AD001355,FA001,2026-04-02,640.7,-2608.5,9.7,257,met_family,True,pre_cut,1,locality
VS000098,AC001264,AD001638,FA001,2026-04-02,639.0,-2970.1,6.1,65,address_not_traceable,False,pre_cut,1,locality
VS000099,AC002065,AD002665,FA006,2026-04-02,-304.7,1106.7,9.2,85,address_not_traceable,False,pre_cut,1,locality
VS000100,AC001320,AD001713,FA006,2026-04-02,1725.4,-2051.8,7.7,1046,met_borrower,True,pre_cut,1,rooftop
VS000101,AC001995,AD002574,FA006,2026-04-02,1795.3,-2201.6,4.8,113,locked_premises,False,pre_cut,1,locality
VS000102,AC002185,AD002821,FA006,2026-04-02,1288.6,-2239.9,13.7,586,met_family,True,pre_cut,1,locality
VS000103,AC001697,AD002194,FA006,2026-04-02,1746.0,-1760.1,15.1,70,locked_premises,False,pre_cut,1,locality
VS000104,AC000666,AD000860,FA006,2026-04-02,1349.4,-1839.2,13.2,364,neighbour_says_shifted,False,pre_cut,1,locality
VS000105,AC000730,AD000942,FA005,2026-04-02,796.5,3248.0,13.5,445,met_borrower,True,pre_cut,1,street
VS000106,AC000521,AD000672,FA005,2026-04-02,936.2,2648.8,16.3,170,locked_premises,False,pre_cut,1,locality
VS000107,AC001307,AD001697,FA005,2026-04-02,843.2,3211.5,10.4,407,met_borrower,True,pre_cut,1,street
VS000108,AC000614,AD000792,FA005,2026-04-02,1005.0,1001.4,7.3,74,address_not_traceable,False,pre_cut,1,locality
VS000109,AC001365,AD001767,FA005,2026-04-02,783.3,2571.2,7.7,115,address_not_traceable,False,pre_cut,1,locality
VS000110,AC001812,AD002339,FA005,2026-04-02,966.2,2814.3,5.3,103,address_not_traceable,False,pre_cut,1,locality
VS000111,AC000346,AD000438,FA005,2026-04-02,701.7,2761.0,6.7,71,address_not_traceable,False,pre_cut,1,locality
VS000112,AC002381,AD003065,FA005,2026-04-02,933.4,2591.8,20.3,91,address_not_traceable,False,pre_cut,1,locality
VS000113,AC000336,AD000424,FA004,2026-04-02,2946.7,254.3,25.7,788,met_borrower,True,pre_cut,1,locality
VS000114,AC000531,AD000686,FA004,2026-04-02,3227.7,693.5,10.4,61,address_not_traceable,False,pre_cut,1,locality
VS000115,AC001961,AD002535,FA004,2026-04-02,3002.8,1048.3,6.3,1390,met_borrower,True,pre_cut,1,locality
VS000116,AC001761,AD002272,FA004,2026-04-02,2907.1,350.6,14.4,56,address_not_traceable,False,pre_cut,1,locality
VS000117,AC002002,AD002583,FA004,2026-04-02,3380.9,556.7,9.8,427,met_borrower,True,pre_cut,1,locality
VS000118,AC000478,AD000613,FA004,2026-04-02,2790.3,373.0,4.8,1250,met_borrower,True,pre_cut,1,locality
VS000119,AC000229,AD000290,FA004,2026-04-02,2784.8,166.0,9.8,155,neighbour_says_shifted,False,pre_cut,1,locality
VS000120,AC000497,AD000639,FA009,2026-04-02,2332.4,-770.5,8.9,66,met_borrower,True,pre_cut,26,street
VS000121,AC001614,AD002081,FA009,2026-04-02,914.7,-1261.8,7.1,118,locked_premises,False,pre_cut,1,locality
VS000122,AC000064,AD000079,FA009,2026-04-02,-3731.6,-771.0,16.9,235,met_borrower,True,pre_cut,1,street
VS000123,AC000999,AD001290,FA009,2026-04-02,2337.9,-770.5,5.5,103,locked_premises,False,pre_cut,1,locality
VS000124,AC001894,AD002448,FA009,2026-04-02,-3748.3,-772.2,16.5,166,locked_premises,False,pre_cut,1,locality
VS000125,AC002024,AD002614,FA009,2026-04-02,902.6,-761.6,12.3,48,address_not_traceable,False,pre_cut,1,locality
VS000126,AC001000,AD001291,FA009,2026-04-02,-3724.5,-788.5,5.6,116,met_family,True,pre_cut,26,locality
VS000127,AC001219,AD001582,FA009,2026-04-02,2325.1,-774.0,4.0,158,locked_premises,False,pre_cut,32,locality
VS000128,AC001988,AD002567,FA009,2026-04-02,-741.3,-212.4,18.1,59,address_not_traceable,False,pre_cut,1,locality
VS000129,AC001387,AD001792,FA008,2026-04-02,-2876.7,-738.6,10.8,1490,met_borrower,True,pre_cut,1,street
VS000130,AC001745,AD002253,FA008,2026-04-02,-2773.8,-236.7,8.8,93,address_not_traceable,False,pre_cut,1,locality
VS000131,AC000074,AD000094,FA008,2026-04-02,-2836.0,-86.7,6.3,118,address_not_traceable,False,pre_cut,1,locality
VS000132,AC000020,AD000023,FA008,2026-04-02,-2507.4,-69.9,7.6,77,address_not_traceable,False,pre_cut,1,locality
VS000133,AC001123,AD001458,FA008,2026-04-02,-3072.5,-528.4,15.1,365,met_family,True,pre_cut,1,locality
VS000134,AC000563,AD000727,FA008,2026-04-02,-2768.8,-526.0,10.8,1239,met_borrower,True,pre_cut,1,locality
VS000135,AC001470,AD001896,FA008,2026-04-02,1288.2,673.1,7.2,126,address_not_traceable,False,pre_cut,2,locality
VS000136,AC001725,AD002230,FA007,2026-04-02,3390.1,-1810.6,11.2,207,locked_premises,False,pre_cut,1,locality
VS000137,AC001912,AD002471,FA007,2026-04-02,3420.0,-1806.7,12.9,108,address_not_traceable,False,pre_cut,1,locality
VS000138,AC001141,AD001481,FA007,2026-04-02,2828.1,-1740.2,10.3,589,met_borrower,True,pre_cut,1,locality
VS000139,AC000906,AD001170,FA007,2026-04-02,3334.9,-2087.3,5.2,56,address_not_traceable,False,pre_cut,1,locality
VS000140,AC000316,AD000397,FA007,2026-04-02,3472.4,-1976.0,36.7,51,address_not_traceable,False,pre_cut,1,locality
VS000141,AC001462,AD001886,FA007,2026-04-02,3482.0,-2134.5,5.9,112,locked_premises,False,pre_cut,1,locality
VS000142,AC001629,AD002102,FA007,2026-04-02,3211.3,-1957.1,10.8,79,address_not_traceable,False,pre_cut,1,locality
VS000143,AC001140,AD001480,FA007,2026-04-02,3291.1,-1669.3,8.3,33,address_not_traceable,False,pre_cut,1,locality
VS000144,AC001967,AD002542,FA007,2026-04-02,3655.8,-1668.2,5.2,58,address_not_traceable,False,pre_cut,1,locality
VS000145,AC000246,AD000309,FA003,2026-04-03,2779.1,-1817.0,16.1,149,locked_premises,False,pre_cut,1,locality
VS000146,AC000557,AD000719,FA003,2026-04-03,2759.7,-1818.2,12.1,94,locked_premises,False,pre_cut,1,locality
VS000147,AC000484,AD000622,FA003,2026-04-03,2498.0,-2485.5,17.9,84,locked_premises,False,pre_cut,1,locality
VS000148,AC000971,AD001256,FA003,2026-04-03,2617.0,-2374.3,15.0,113,address_not_traceable,False,pre_cut,1,locality
VS000149,AC002386,AD003073,FA003,2026-04-03,1192.1,-1199.5,7.6,84,address_not_traceable,False,pre_cut,1,pincode
VS000150,AC000511,AD000658,FA003,2026-04-03,2348.8,-2342.9,9.3,1458,met_borrower,True,pre_cut,1,locality
VS000151,AC000103,AD000129,FA003,2026-04-03,3229.4,-1949.4,7.4,228,locked_premises,False,pre_cut,1,locality
VS000152,AC001865,AD002404,FA003,2026-04-03,3053.1,-1949.7,10.5,128,locked_premises,False,pre_cut,1,locality
VS000153,AC001789,AD002308,FA003,2026-04-03,2879.4,-2465.2,12.5,140,locked_premises,False,pre_cut,1,locality
VS000154,AC000475,AD000608,FA001,2026-04-03,915.1,-3353.1,11.6,498,met_borrower,True,pre_cut,1,locality
VS000155,AC000697,AD000898,FA001,2026-04-03,1190.6,-3389.6,4.0,345,met_family,True,pre_cut,1,street
VS000156,AC001126,AD001462,FA001,2026-04-03,959.0,-3356.5,13.7,521,met_family,True,pre_cut,1,locality
VS000157,AC001258,AD001629,FA001,2026-04-03,525.4,-2991.2,14.8,236,locked_premises,False,pre_cut,1,locality
VS000158,AC000627,AD000810,FA001,2026-04-03,1137.9,-3201.3,11.2,511,met_family,True,pre_cut,1,locality
VS000159,AC001685,AD002180,FA001,2026-04-03,787.1,-2967.4,10.3,35,address_not_traceable,False,pre_cut,1,locality
VS000160,AC001400,AD001808,FA001,2026-04-03,919.3,-3203.3,6.6,68,address_not_traceable,False,pre_cut,1,locality
VS000161,AC000726,AD000936,FA001,2026-04-03,1021.0,-2975.6,4.0,563,met_family,True,pre_cut,1,locality
VS000162,AC000945,AD001224,FA002,2026-04-03,2663.4,-2235.7,6.2,81,address_not_traceable,False,pre_cut,1,locality
VS000163,AC000570,AD000735,FA002,2026-04-03,2727.3,-2363.7,5.9,394,met_family,True,pre_cut,1,street
VS000164,AC000834,AD001074,FA002,2026-04-03,2533.3,-1888.0,4.8,214,locked_premises,False,pre_cut,1,locality
VS000165,AC000489,AD000630,FA002,2026-04-03,2754.9,-1899.2,12.9,714,met_borrower,True,pre_cut,1,locality
VS000166,AC001139,AD001479,FA002,2026-04-03,2865.7,-1833.4,6.3,78,address_not_traceable,False,pre_cut,1,locality
VS000167,AC001070,AD001383,FA002,2026-04-03,1940.5,-1941.3,17.8,118,address_not_traceable,False,pre_cut,1,pincode
VS000168,AC000984,AD001273,FA002,2026-04-03,2531.5,-2236.4,11.4,100,address_not_traceable,False,pre_cut,1,locality
VS000169,AC002175,AD002808,FA002,2026-04-03,2797.2,-2257.9,5.6,956,met_borrower,True,pre_cut,1,locality
VS000170,AC000007,AD000009,FA002,2026-04-03,2971.9,-2299.3,4.0,297,neighbour_says_shifted,False,pre_cut,1,street
VS000171,AC000746,AD000963,FA002,2026-04-03,1602.9,-1488.8,7.7,62,address_not_traceable,False,pre_cut,1,pincode
VS000172,AC000120,AD000150,FA005,2026-04-03,2228.7,-1021.2,19.6,120,locked_premises,False,pre_cut,1,locality
VS000173,AC001363,AD001765,FA005,2026-04-03,2213.8,-1091.5,12.9,92,locked_premises,False,pre_cut,1,locality
VS000174,AC000261,AD000330,FA005,2026-04-03,2726.5,-1166.8,6.1,457,met_family,True,pre_cut,1,locality
VS000175,AC002293,AD002953,FA005,2026-04-03,2412.2,-1599.9,8.7,191,locked_premises,False,pre_cut,1,pincode
VS000176,AC000595,AD000768,FA005,2026-04-03,2639.4,-1588.2,20.3,207,locked_premises,False,pre_cut,1,locality
VS000177,AC000617,AD000797,FA005,2026-04-03,2507.1,-1136.1,11.1,143,locked_premises,False,pre_cut,1,locality
VS000178,AC000388,AD000495,FA005,2026-04-03,2323.5,-1221.7,15.6,104,address_not_traceable,False,pre_cut,1,locality
VS000179,AC001531,AD001971,FA005,2026-04-03,2812.7,-1268.6,4.2,1420,met_borrower,True,pre_cut,1,locality
VS000180,AC000212,AD000267,FA005,2026-04-03,2468.3,-1135.3,7.1,182,met_family,True,pre_cut,1,locality
VS000181,AC002148,AD002772,FA005,2026-04-03,2615.4,-1007.9,8.1,183,met_family,True,pre_cut,1,locality
VS000182,AC002062,AD002661,FA006,2026-04-03,1779.0,-1755.0,16.8,339,met_family,True,pre_cut,1,pincode
VS000183,AC000435,AD000560,FA006,2026-04-03,1294.4,-2466.3,4.9,678,met_borrower,True,pre_cut,1,locality
VS000184,AC002165,AD002794,FA006,2026-04-03,1394.6,-1832.7,5.0,81,address_not_traceable,False,pre_cut,1,locality
VS000185,AC001610,AD002074,FA006,2026-04-03,1726.1,-1645.7,11.5,1088,met_borrower,True,pre_cut,1,street
VS000186,AC000138,AD000173,FA006,2026-04-03,1445.7,-2339.6,5.7,228,locked_premises,False,pre_cut,1,locality
VS000187,AC000585,AD000755,FA006,2026-04-03,801.6,-3399.0,15.2,34,address_not_traceable,False,pre_cut,1,locality
VS000188,AC000653,AD000841,FA006,2026-04-03,1434.8,-2024.5,9.0,101,address_not_traceable,False,pre_cut,1,locality
VS000189,AC001736,AD002244,FA006,2026-04-03,833.3,-2881.1,21.4,74,address_not_traceable,False,pre_cut,1,locality
VS000190,AC000028,AD000032,FA006,2026-04-03,1477.4,-1904.9,18.0,84,address_not_traceable,False,pre_cut,1,locality
VS000191,AC001516,AD001954,FA006,2026-04-03,1128.7,-1889.9,5.9,151,locked_premises,False,pre_cut,1,locality
VS000192,AC000499,AD000642,FA004,2026-04-03,1571.6,307.2,10.5,33,address_not_traceable,False,pre_cut,1,locality
VS000193,AC000308,AD000386,FA004,2026-04-03,971.2,-118.2,18.9,103,address_not_traceable,False,pre_cut,1,locality
VS000194,AC000880,AD001137,FA004,2026-04-03,571.7,1757.0,6.4,117,address_not_traceable,False,pre_cut,1,pincode
VS000195,AC001215,AD001577,FA004,2026-04-03,1247.7,12.1,11.2,89,address_not_traceable,False,pre_cut,1,locality
VS000196,AC001958,AD002531,FA004,2026-04-03,813.1,1132.8,17.6,66,address_not_traceable,False,pre_cut,1,locality
VS000197,AC001826,AD002357,FA004,2026-04-03,1061.4,292.4,18.2,142,locked_premises,False,pre_cut,1,locality
VS000198,AC000892,AD001152,FA004,2026-04-03,1503.1,361.7,11.9,1274,met_borrower,True,pre_cut,1,street
VS000199,AC002127,AD002741,FA004,2026-04-03,743.8,-130.6,9.5,98,locked_premises,False,pre_cut,1,locality
VS000200,AC002278,AD002932,FA008,2026-04-03,-239.1,-3689.5,11.4,50,address_not_traceable,False,pre_cut,1,locality
VS000201,AC001172,AD001520,FA008,2026-04-03,-886.2,-3592.1,27.3,212,locked_premises,False,pre_cut,1,street
VS000202,AC001592,AD002051,FA008,2026-04-03,-278.4,-3857.6,4.2,167,locked_premises,False,pre_cut,1,locality
VS000203,AC000491,AD000632,FA008,2026-04-03,-934.5,-3864.1,4.0,430,met_family,True,pre_cut,1,locality
VS000204,AC000474,AD000607,FA008,2026-04-03,-835.4,-3897.1,6.5,178,no_such_person,False,pre_cut,1,locality
VS000205,AC000447,AD000576,FA008,2026-04-03,-431.9,-3540.9,15.1,108,address_not_traceable,False,pre_cut,1,locality
VS000206,AC001321,AD001715,FA008,2026-04-03,-1971.8,-811.2,17.0,114,address_not_traceable,False,pre_cut,1,pincode
VS000207,AC001072,AD001386,FA008,2026-04-03,-397.7,-3408.9,10.9,390,neighbour_says_shifted,False,pre_cut,1,locality
VS000208,AC002224,AD002867,FA007,2026-04-03,-2329.1,1737.9,12.7,121,neighbour_says_shifted,False,pre_cut,1,locality
VS000209,AC001878,AD002423,FA007,2026-04-03,-2768.3,1382.6,6.1,494,met_family,True,pre_cut,1,street
VS000210,AC000257,AD000324,FA007,2026-04-03,-2653.6,1701.6,23.3,528,met_family,True,pre_cut,1,locality
VS000211,AC001197,AD001555,FA007,2026-04-03,-2597.4,1589.1,10.1,583,met_family,True,pre_cut,1,locality
VS000212,AC000675,AD000869,FA007,2026-04-03,-2268.0,1623.1,11.1,58,address_not_traceable,False,pre_cut,1,locality
VS000213,AC001052,AD001360,FA007,2026-04-03,-2302.2,1223.9,4.6,155,locked_premises,False,pre_cut,1,street
VS000214,AC000605,AD000781,FA009,2026-04-03,3729.7,495.5,16.3,172,locked_premises,False,pre_cut,1,locality
VS000215,AC000868,AD001121,FA009,2026-04-03,2324.6,-800.1,35.5,70,met_borrower,True,pre_cut,26,street
VS000216,AC000920,AD001188,FA009,2026-04-03,3786.9,509.2,19.5,30,address_not_traceable,False,pre_cut,1,locality
VS000217,AC001974,AD002551,FA009,2026-04-03,3434.6,528.4,8.5,235,neighbour_says_shifted,False,pre_cut,1,locality
VS000218,AC001129,AD001466,FA009,2026-04-03,3625.3,-35.4,13.7,566,met_family,True,pre_cut,1,locality
VS000219,AC001457,AD001880,FA009,2026-04-03,3493.7,123.5,7.3,229,met_family,True,pre_cut,1,street
VS000220,AC002400,AD003090,FA002,2026-04-04,982.2,-2913.5,4.0,414,met_family,True,pre_cut,1,locality
VS000221,AC001532,AD001972,FA002,2026-04-04,690.4,-2849.8,8.7,469,met_family,True,pre_cut,1,street
VS000222,AC001599,AD002061,FA002,2026-04-04,796.9,-2981.5,10.6,92,locked_premises,False,pre_cut,1,street
VS000223,AC001131,AD001468,FA002,2026-04-04,600.2,-3199.5,14.0,79,address_not_traceable,False,pre_cut,1,locality
VS000224,AC000714,AD000923,FA002,2026-04-04,518.3,-3402.9,13.0,453,met_family,True,pre_cut,1,locality
VS000225,AC000032,AD000037,FA002,2026-04-04,551.3,-3238.9,14.6,354,met_borrower,True,pre_cut,1,pincode
VS000226,AC001169,AD001516,FA002,2026-04-04,665.3,-2640.0,7.6,385,neighbour_says_shifted,False,pre_cut,1,pincode
VS000227,AC002031,AD002621,FA002,2026-04-04,825.9,-3134.4,25.4,166,locked_premises,False,pre_cut,1,street
VS000228,AC001945,AD002515,FA002,2026-04-04,1806.4,-716.0,11.2,172,locked_premises,False,pre_cut,1,locality
VS000229,AC000814,AD001047,FA003,2026-04-04,2561.6,-1605.1,9.7,45,address_not_traceable,False,pre_cut,1,street
VS000230,AC001634,AD002108,FA003,2026-04-04,2264.9,-2401.5,7.3,261,neighbour_says_shifted,False,pre_cut,1,locality
VS000231,AC002072,AD002673,FA003,2026-04-04,2643.2,-2331.1,7.3,588,met_family,True,pre_cut,1,locality
VS000232,AC001311,AD001702,FA003,2026-04-04,2481.7,-2260.9,16.6,179,locked_premises,False,pre_cut,1,street
VS000233,AC001900,AD002457,FA003,2026-04-04,2668.4,-2279.9,15.8,113,address_not_traceable,False,pre_cut,1,locality
VS000234,AC000289,AD000363,FA003,2026-04-04,2150.9,-724.5,6.1,40,address_not_traceable,False,pre_cut,1,locality
VS000235,AC000840,AD001083,FA001,2026-04-04,788.3,-3306.4,14.9,266,no_such_person,False,pre_cut,1,street
VS000236,AC002034,AD002624,FA001,2026-04-04,898.3,-3218.9,18.4,73,address_not_traceable,False,pre_cut,1,locality
VS000237,AC001630,AD002103,FA001,2026-04-04,967.5,-3196.6,28.7,119,address_not_traceable,False,pre_cut,1,locality
VS000238,AC000854,AD001101,FA001,2026-04-04,759.7,-2710.7,15.7,70,address_not_traceable,False,pre_cut,1,locality
VS000239,AC000843,AD001087,FA001,2026-04-04,2036.6,-1739.4,4.0,98,address_not_traceable,False,pre_cut,1,pincode
VS000240,AC000226,AD000286,FA001,2026-04-04,513.9,-2849.3,5.9,106,address_not_traceable,False,pre_cut,1,locality
VS000241,AC001290,AD001676,FA001,2026-04-04,1231.3,-3544.3,15.2,217,met_family,True,pre_cut,1,pincode
VS000242,AC001759,AD002270,FA001,2026-04-04,581.6,-2919.4,9.1,161,locked_premises,False,pre_cut,1,locality
VS000243,AC000040,AD000049,FA005,2026-04-04,554.8,2696.4,17.9,51,address_not_traceable,False,pre_cut,1,locality
VS000244,AC002282,AD002936,FA005,2026-04-04,1061.9,2822.8,5.9,57,address_not_traceable,False,pre_cut,1,locality
VS000245,AC001345,AD001743,FA005,2026-04-04,1258.5,2790.8,13.7,1406,met_borrower,True,pre_cut,1,locality
VS000246,AC001953,AD002525,FA005,2026-04-04,1077.9,2992.7,5.5,647,met_borrower,True,pre_cut,1,locality
VS000247,AC002116,AD002728,FA005,2026-04-04,650.5,2120.1,8.3,71,address_not_traceable,False,pre_cut,1,locality
VS000248,AC000213,AD000268,FA005,2026-04-04,868.5,2447.4,13.6,36,address_not_traceable,False,pre_cut,1,locality
VS000249,AC001683,AD002176,FA005,2026-04-04,654.9,3039.2,10.3,111,address_not_traceable,False,pre_cut,1,locality
VS000250,AC001403,AD001811,FA005,2026-04-04,906.2,3087.7,14.8,431,met_borrower,True,pre_cut,1,locality
VS000251,AC000759,AD000979,FA005,2026-04-04,643.9,2686.1,11.6,60,address_not_traceable,False,pre_cut,1,locality
VS000252,AC000765,AD000986,FA005,2026-04-04,1216.7,2507.3,18.6,64,locked_premises,False,pre_cut,1,rooftop
VS000253,AC000282,AD000355,FA006,2026-04-04,454.3,-3346.3,19.6,328,met_family,True,pre_cut,1,locality
VS000254,AC001150,AD001493,FA006,2026-04-04,739.2,-3113.2,16.2,32,address_not_traceable,False,pre_cut,1,locality
VS000255,AC000952,AD001232,FA006,2026-04-04,376.6,-2970.3,15.9,113,locked_premises,False,pre_cut,1,locality
VS000256,AC000056,AD000069,FA006,2026-04-04,713.1,-3442.8,14.9,123,locked_premises,False,pre_cut,1,locality
VS000257,AC000715,AD000924,FA006,2026-04-04,709.2,-2831.3,5.7,72,locked_premises,False,pre_cut,1,locality
VS000258,AC000112,AD000141,FA006,2026-04-04,889.5,-1528.4,6.2,91,address_not_traceable,False,pre_cut,1,pincode
VS000259,AC000140,AD000176,FA006,2026-04-04,850.2,-2706.2,16.5,1337,met_borrower,True,pre_cut,1,locality
VS000260,AC000873,AD001127,FA006,2026-04-04,308.1,-3031.9,19.4,76,address_not_traceable,False,pre_cut,1,locality
VS000261,AC001388,AD001794,FA006,2026-04-04,928.2,-2908.4,4.0,1260,met_borrower,True,pre_cut,1,locality
VS000262,AC001283,AD001664,FA004,2026-04-04,1419.3,-1684.3,6.7,629,met_borrower,True,pre_cut,1,locality
VS000263,AC001121,AD001456,FA004,2026-04-04,991.2,297.2,4.6,40,address_not_traceable,False,pre_cut,1,locality
VS000264,AC002131,AD002749,FA004,2026-04-04,-696.8,-229.6,22.6,52,address_not_traceable,False,pre_cut,1,locality
VS000265,AC002364,AD003044,FA004,2026-04-04,1229.7,-2585.1,17.3,277,no_such_person,False,pre_cut,1,rooftop
VS000266,AC000179,AD000223,FA004,2026-04-04,2093.0,-1930.6,8.3,1239,met_borrower,True,pre_cut,1,locality
VS000267,AC001720,AD002224,FA004,2026-04-04,1780.4,-1404.1,13.6,67,address_not_traceable,False,pre_cut,1,pincode
VS000268,AC002085,AD002690,FA004,2026-04-04,1596.2,-2069.0,4.2,298,neighbour_says_shifted,False,pre_cut,1,locality
VS000269,AC000800,AD001031,FA004,2026-04-04,1440.6,-2134.0,10.7,889,cash_collected,True,pre_cut,1,street
VS000270,AC000713,AD000922,FA004,2026-04-04,-1306.0,-2863.9,12.2,107,address_not_traceable,False,pre_cut,1,locality
VS000271,AC000780,AD001006,FA008,2026-04-04,1203.0,-1158.9,9.7,71,locked_premises,False,pre_cut,1,locality
VS000272,AC000874,AD001128,FA008,2026-04-04,625.1,-663.5,6.7,100,address_not_traceable,False,pre_cut,1,locality
VS000273,AC002279,AD002933,FA008,2026-04-04,830.6,-679.9,8.9,1238,met_borrower,True,pre_cut,1,locality
VS000274,AC000123,AD000155,FA008,2026-04-04,1168.2,-587.4,11.4,334,met_family,True,pre_cut,1,street
VS000275,AC001079,AD001395,FA008,2026-04-04,1374.1,-1085.0,11.8,65,locked_premises,False,pre_cut,1,locality
VS000276,AC000281,AD000354,FA008,2026-04-04,1074.3,-832.9,8.2,711,met_borrower,True,pre_cut,1,locality
VS000277,AC000818,AD001053,FA008,2026-04-04,887.2,-791.5,6.1,296,met_family,True,pre_cut,1,street
VS000278,AC001251,AD001620,FA009,2026-04-04,-449.7,-3147.4,8.8,51,address_not_traceable,False,pre_cut,1,locality
VS000279,AC002111,AD002722,FA009,2026-04-04,-3718.4,-746.6,13.8,210,address_not_traceable,False,pre_cut,1,pincode
VS000280,AC000899,AD001162,FA009,2026-04-04,-429.2,-3580.8,7.3,63,address_not_traceable,False,pre_cut,1,locality
VS000281,AC001728,AD002234,FA009,2026-04-04,-379.6,-3453.1,9.1,230,locked_premises,False,pre_cut,1,locality
VS000282,AC001134,AD001472,FA009,2026-04-04,-429.8,-3922.5,4.0,317,met_family,True,pre_cut,1,locality
VS000283,AC002109,AD002720,FA009,2026-04-04,210.9,-3496.6,10.4,73,address_not_traceable,False,pre_cut,1,locality
VS000284,AC001111,AD001443,FA009,2026-04-04,-3737.1,-754.9,7.8,158,locked_premises,False,pre_cut,28,locality
VS000285,AC001445,AD001864,FA009,2026-04-04,-282.3,-4009.3,7.4,1271,met_borrower,True,pre_cut,1,rooftop
VS000286,AC001863,AD002402,FA009,2026-04-04,2325.9,-785.7,7.7,190,locked_premises,False,pre_cut,32,locality
VS000287,AC000501,AD000645,FA007,2026-04-04,3553.3,-81.7,15.5,286,no_such_person,False,pre_cut,1,locality
VS000288,AC000036,AD000043,FA007,2026-04-04,3914.0,690.3,16.0,227,neighbour_says_shifted,False,pre_cut,1,street
VS000289,AC002243,AD002890,FA007,2026-04-04,-1526.3,2828.1,18.0,55,address_not_traceable,False,pre_cut,1,pincode
VS000290,AC001095,AD001422,FA007,2026-04-04,3979.6,671.9,30.8,358,met_family,True,pre_cut,1,locality
VS000291,AC001155,AD001499,FA007,2026-04-04,3257.2,-89.4,6.4,400,met_family,True,pre_cut,1,street
VS000292,AC002123,AD002737,FA007,2026-04-04,3717.4,253.1,7.5,80,address_not_traceable,False,pre_cut,1,locality
VS000293,AC000560,AD000722,FA007,2026-04-04,4043.5,83.7,6.1,398,met_family,True,pre_cut,1,locality
VS000294,AC001980,AD002558,FA002,2026-04-06,2403.9,-2167.4,4.0,110,locked_premises,False,pre_cut,1,locality
VS000295,AC000469,AD000602,FA002,2026-04-06,2954.7,-1893.7,12.4,617,met_borrower,True,pre_cut,1,locality
VS000296,AC000413,AD000530,FA002,2026-04-06,-1137.4,-3087.3,5.5,91,locked_premises,False,pre_cut,1,locality
VS000297,AC002078,AD002681,FA002,2026-04-06,2718.0,-1711.9,4.4,853,met_borrower,True,pre_cut,1,locality
VS000298,AC000825,AD001063,FA002,2026-04-06,2676.4,-1949.0,7.1,117,address_not_traceable,False,pre_cut,1,locality
VS000299,AC001537,AD001978,FA002,2026-04-06,2960.2,-2374.2,9.1,197,neighbour_says_shifted,False,pre_cut,1,rooftop
VS000300,AC001904,AD002462,FA002,2026-04-06,2715.5,-2122.9,7.3,97,address_not_traceable,False,pre_cut,1,locality
VS000301,AC000458,AD000589,FA002,2026-04-06,3031.3,-1493.9,5.7,520,met_borrower,True,pre_cut,1,locality
VS000302,AC001372,AD001775,FA002,2026-04-06,2579.9,-2359.0,4.9,47,address_not_traceable,False,pre_cut,1,locality
VS000303,AC000673,AD000867,FA002,2026-04-06,2816.3,-2528.5,8.4,48,address_not_traceable,False,pre_cut,1,locality
VS000304,AC000626,AD000809,FA003,2026-04-06,666.3,64.6,11.6,1469,met_borrower,True,pre_cut,1,locality
VS000305,AC000053,AD000066,FA003,2026-04-06,915.2,-313.0,9.5,57,address_not_traceable,False,pre_cut,1,locality
VS000306,AC002314,AD002979,FA003,2026-04-06,1354.2,172.4,17.8,120,locked_premises,False,pre_cut,1,pincode
VS000307,AC000292,AD000366,FA003,2026-04-06,1522.3,158.7,5.9,104,address_not_traceable,False,pre_cut,1,street
VS000308,AC000649,AD000836,FA003,2026-04-06,821.2,-588.2,4.0,78,locked_premises,False,pre_cut,1,locality
VS000309,AC000958,AD001240,FA003,2026-04-06,1314.1,-213.0,5.2,203,locked_premises,False,pre_cut,1,locality
VS000310,AC002362,AD003042,FA003,2026-04-06,895.9,60.4,7.9,96,address_not_traceable,False,pre_cut,1,locality
VS000311,AC000997,AD001288,FA003,2026-04-06,1173.9,-243.1,13.0,98,address_not_traceable,False,pre_cut,1,locality
VS000312,AC001533,AD001973,FA003,2026-04-06,891.6,-409.2,5.8,482,met_family,True,pre_cut,1,pincode
VS000313,AC001074,AD001389,FA001,2026-04-06,652.6,2369.8,5.9,1134,met_borrower,True,pre_cut,1,street
VS000314,AC002182,AD002818,FA001,2026-04-06,689.1,2363.1,12.2,140,neighbour_says_shifted,False,pre_cut,1,locality
VS000315,AC000695,AD000895,FA001,2026-04-06,673.3,2644.9,5.4,117,address_not_traceable,False,pre_cut,1,street
VS000316,AC001023,AD001322,FA001,2026-04-06,1595.2,1007.1,14.2,74,address_not_traceable,False,pre_cut,1,pincode
VS000317,AC001822,AD002352,FA001,2026-04-06,-46.1,2664.5,17.8,149,locked_premises,False,pre_cut,1,locality
VS000318,AC000015,AD000018,FA001,2026-04-06,603.3,2344.3,9.8,283,met_family,True,pre_cut,1,locality
VS000319,AC001184,AD001539,FA001,2026-04-06,256.7,1989.2,4.3,472,met_family,True,pre_cut,1,street
VS000320,AC000886,AD001145,FA001,2026-04-06,598.0,2292.4,7.4,217,met_family,True,pre_cut,1,street
VS000321,AC001990,AD002569,FA001,2026-04-06,562.7,2959.4,8.1,1342,met_borrower,True,pre_cut,1,locality
VS000322,AC000656,AD000846,FA005,2026-04-06,-1825.1,-3266.1,9.1,208,locked_premises,False,pre_cut,1,pincode
VS000323,AC001651,AD002131,FA005,2026-04-06,-1540.0,-2452.0,12.1,378,met_family,True,pre_cut,1,locality
VS000324,AC001272,AD001647,FA005,2026-04-06,-1522.9,-3126.9,11.6,442,met_family,True,pre_cut,1,locality
VS000325,AC001114,AD001447,FA005,2026-04-06,-1413.4,-2812.1,33.4,192,locked_premises,False,pre_cut,1,street
VS000326,AC001360,AD001761,FA005,2026-04-06,-1760.5,-2638.7,9.3,349,met_family,True,pre_cut,1,locality
VS000327,AC000301,AD000379,FA005,2026-04-06,-1934.3,-2492.9,6.6,198,met_family,True,pre_cut,1,locality
VS000328,AC001711,AD002213,FA004,2026-04-06,2842.6,579.1,8.6,287,met_family,True,pre_cut,1,street
VS000329,AC002133,AD002751,FA004,2026-04-06,3087.1,479.2,17.7,347,met_family,True,pre_cut,1,locality
VS000330,AC001331,AD001726,FA004,2026-04-06,2903.1,883.2,14.7,531,met_family,True,pre_cut,1,street
VS000331,AC000969,AD001254,FA004,2026-04-06,2767.3,291.0,19.9,331,met_family,True,pre_cut,1,street
VS000332,AC000321,AD000404,FA004,2026-04-06,2988.2,1013.7,7.5,555,met_family,True,pre_cut,1,locality
VS000333,AC001494,AD001929,FA004,2026-04-06,2901.3,-158.2,9.4,91,address_not_traceable,False,pre_cut,1,street
VS000334,AC001989,AD002568,FA004,2026-04-06,3176.1,345.7,15.3,209,neighbour_says_shifted,False,pre_cut,1,locality
VS000335,AC002041,AD002633,FA004,2026-04-06,3182.5,744.3,5.2,206,locked_premises,False,pre_cut,1,street
VS000336,AC002167,AD002796,FA006,2026-04-06,389.4,-129.9,4.8,38,address_not_traceable,False,pre_cut,1,pincode
VS000337,AC000013,AD000016,FA006,2026-04-06,749.5,2461.1,6.6,175,neighbour_says_shifted,False,pre_cut,1,street
VS000338,AC001500,AD001937,FA006,2026-04-06,754.0,3062.4,9.3,460,met_family,True,pre_cut,1,street
VS000339,AC002369,AD003050,FA006,2026-04-06,800.1,2656.3,22.2,329,met_family,True,pre_cut,1,locality
VS000340,AC001096,AD001425,FA006,2026-04-06,859.9,-3302.3,4.5,143,locked_premises,False,pre_cut,1,street
VS000341,AC000551,AD000711,FA006,2026-04-06,657.8,2598.6,16.6,1139,met_borrower,True,pre_cut,1,locality
VS000342,AC001493,AD001927,FA006,2026-04-06,1076.8,2395.9,22.6,157,locked_premises,False,pre_cut,1,pincode
VS000343,AC001666,AD002153,FA009,2026-04-06,3565.2,-2035.5,19.5,379,met_borrower,True,pre_cut,1,street
VS000344,AC001779,AD002298,FA009,2026-04-06,2964.6,-2057.9,9.6,395,met_family,True,pre_cut,1,street
VS000345,AC000837,AD001078,FA009,2026-04-06,-3744.3,-780.3,10.9,138,address_not_traceable,False,pre_cut,32,locality
VS000346,AC000676,AD000870,FA009,2026-04-06,3328.4,-2400.5,14.8,187,locked_premises,False,pre_cut,1,locality
VS000347,AC000807,AD001039,FA009,2026-04-06,-3734.8,-776.2,4.0,215,address_not_traceable,False,pre_cut,28,street
VS000348,AC001586,AD002044,FA009,2026-04-06,2355.2,-769.0,17.7,138,locked_premises,False,pre_cut,1,locality
VS000349,AC001653,AD002134,FA009,2026-04-06,-3740.5,-786.2,13.2,218,locked_premises,False,pre_cut,26,locality
VS000350,AC000547,AD000705,FA009,2026-04-06,3246.1,-2236.8,7.0,519,met_borrower,True,pre_cut,1,locality
VS000351,AC002331,AD002997,FA009,2026-04-06,3165.5,-2065.0,13.9,81,address_not_traceable,False,pre_cut,1,locality
VS000352,AC001799,AD002321,FA009,2026-04-06,2319.6,-787.9,8.6,177,met_borrower,True,pre_cut,28,locality
VS000353,AC001807,AD002333,FA008,2026-04-06,-2309.1,-779.5,15.9,217,met_family,True,pre_cut,1,locality
VS000354,AC000122,AD000153,FA008,2026-04-06,-2714.9,-260.7,4.0,34,address_not_traceable,False,pre_cut,1,locality
VS000355,AC000826,AD001064,FA008,2026-04-06,-4072.9,-848.2,10.3,93,address_not_traceable,False,pre_cut,1,locality
VS000356,AC001071,AD001384,FA008,2026-04-06,-2542.5,-273.2,8.1,73,address_not_traceable,False,pre_cut,1,locality
VS000357,AC001355,AD001754,FA008,2026-04-06,-2369.0,-80.7,6.7,297,no_such_person,False,pre_cut,1,street
VS000358,AC000135,AD000170,FA008,2026-04-06,-3898.7,-410.5,5.2,119,address_not_traceable,False,pre_cut,1,locality
VS000359,AC001448,AD001868,FA008,2026-04-06,-2212.6,-169.6,8.1,146,locked_premises,False,pre_cut,1,locality
VS000360,AC002066,AD002666,FA008,2026-04-06,-1117.9,-2136.5,4.0,42,address_not_traceable,False,pre_cut,1,pincode
VS000361,AC000077,AD000098,FA007,2026-04-06,-2591.8,1501.7,8.0,49,address_not_traceable,False,pre_cut,1,locality
VS000362,AC001937,AD002504,FA007,2026-04-06,-2414.5,1435.9,9.9,100,address_not_traceable,False,pre_cut,1,locality
VS000363,AC001327,AD001722,FA007,2026-04-06,-2161.5,1528.2,10.5,167,locked_premises,False,pre_cut,1,pincode
VS000364,AC002254,AD002903,FA007,2026-04-06,-2224.9,1644.1,13.3,195,neighbour_says_shifted,False,pre_cut,1,street
VS000365,AC001606,AD002068,FA007,2026-04-06,-2072.8,1522.3,4.4,935,cash_collected,True,pre_cut,1,locality
VS000366,AC002090,AD002696,FA007,2026-04-06,-2480.2,1164.6,26.7,114,locked_premises,False,pre_cut,1,locality
VS000367,AC000256,AD000323,FA007,2026-04-06,-2641.3,1771.4,15.5,992,met_borrower,True,pre_cut,1,street
VS000368,AC002301,AD002964,FA007,2026-04-06,-2764.3,1949.5,9.3,773,met_borrower,True,pre_cut,1,locality
VS000369,AC001456,AD001879,FA003,2026-04-07,564.0,-2846.3,11.7,558,met_family,True,pre_cut,1,locality
VS000370,AC001232,AD001596,FA003,2026-04-07,733.3,-3228.3,7.3,1328,met_borrower,True,pre_cut,1,locality
VS000371,AC000034,AD000040,FA003,2026-04-07,835.0,-2924.7,4.5,79,met_borrower,True,pre_cut,1,locality
VS000372,AC000637,AD000822,FA003,2026-04-07,482.9,-2881.3,4.0,345,met_family,True,pre_cut,1,locality
VS000373,AC002275,AD002928,FA003,2026-04-07,1169.3,-3166.2,10.3,371,met_family,True,pre_cut,1,locality
VS000374,AC000371,AD000469,FA003,2026-04-07,715.9,-2724.8,4.3,470,met_family,True,pre_cut,1,street
VS000375,AC000050,AD000062,FA003,2026-04-07,595.8,-3084.5,4.0,794,met_borrower,True,pre_cut,1,locality
VS000376,AC001354,AD001753,FA003,2026-04-07,1040.4,-2695.3,16.3,79,address_not_traceable,False,pre_cut,1,street
VS000377,AC002172,AD002802,FA003,2026-04-07,830.9,-3112.0,17.3,68,address_not_traceable,False,pre_cut,1,locality
VS000378,AC001473,AD001900,FA003,2026-04-07,-1153.0,-3224.0,14.0,107,address_not_traceable,False,pre_cut,1,locality
VS000379,AC002396,AD003085,FA002,2026-04-07,3346.6,-2066.5,11.3,541,met_family,True,pre_cut,1,rooftop
VS000380,AC001872,AD002414,FA002,2026-04-07,2828.2,-1551.5,15.6,594,met_family,True,pre_cut,1,street
VS000381,AC002098,AD002707,FA002,2026-04-07,2477.3,-2353.3,7.7,406,met_family,True,pre_cut,1,pincode
VS000382,AC002350,AD003026,FA002,2026-04-07,2469.3,-2303.8,10.6,117,address_not_traceable,False,pre_cut,1,locality
VS000383,AC001368,AD001770,FA002,2026-04-07,2511.5,-2348.7,6.2,649,met_borrower,True,pre_cut,1,locality
VS000384,AC000310,AD000389,FA002,2026-04-07,1391.8,-1179.9,5.8,60,address_not_traceable,False,pre_cut,1,pincode
VS000385,AC001406,AD001815,FA001,2026-04-07,-2426.4,1038.1,6.8,117,address_not_traceable,False,pre_cut,1,locality
VS000386,AC000893,AD001154,FA001,2026-04-07,-3149.1,1121.3,4.8,63,address_not_traceable,False,pre_cut,1,locality
VS000387,AC000022,AD000026,FA001,2026-04-07,-2743.1,1025.4,6.4,102,address_not_traceable,False,pre_cut,1,locality
VS000388,AC000190,AD000238,FA001,2026-04-07,-2873.1,991.0,7.8,448,met_family,True,pre_cut,1,locality
VS000389,AC000810,AD001042,FA001,2026-04-07,-2970.7,793.9,7.7,444,met_family,True,pre_cut,1,street
VS000390,AC001017,AD001314,FA001,2026-04-07,-2449.2,1292.3,10.9,1214,met_borrower,True,pre_cut,1,street
VS000391,AC000504,AD000649,FA001,2026-04-07,-2863.9,1078.5,12.6,117,address_not_traceable,False,pre_cut,1,street
VS000392,AC000038,AD000047,FA001,2026-04-07,-2480.7,1213.0,20.1,91,locked_premises,False,pre_cut,1,locality
VS000393,AC001845,AD002378,FA001,2026-04-07,-2852.2,992.7,9.1,685,met_borrower,True,pre_cut,1,locality
VS000394,AC001385,AD001790,FA001,2026-04-07,-3112.5,1541.0,8.9,457,met_family,True,pre_cut,1,locality
VS000395,AC001966,AD002541,FA006,2026-04-07,1301.0,141.1,10.5,420,met_family,True,pre_cut,1,locality
VS000396,AC001020,AD001318,FA006,2026-04-07,1278.9,-227.5,17.0,73,address_not_traceable,False,pre_cut,1,street
VS000397,AC001646,AD002123,FA006,2026-04-07,1113.4,175.3,7.2,445,met_family,True,pre_cut,1,locality
VS000398,AC000895,AD001156,FA006,2026-04-07,424.6,-238.1,24.6,208,locked_premises,False,pre_cut,1,street
VS000399,AC001092,AD001417,FA006,2026-04-07,1378.9,-258.5,7.2,377,met_family,True,pre_cut,1,locality
VS000400,AC000285,AD000358,FA006,2026-04-07,643.2,-169.1,6.9,187,no_such_person,False,pre_cut,1,locality
VS000401,AC001524,AD001963,FA004,2026-04-07,-311.1,-741.3,5.9,233,locked_premises,False,pre_cut,1,locality
VS000402,AC000756,AD000975,FA004,2026-04-07,-573.2,-626.5,16.3,108,address_not_traceable,False,pre_cut,1,locality
VS000403,AC000373,AD000472,FA004,2026-04-07,-363.0,-115.4,8.7,534,met_family,True,pre_cut,1,locality
VS000404,AC001128,AD001465,FA004,2026-04-07,-779.8,-736.0,12.2,712,met_borrower,True,pre_cut,1,locality
VS000405,AC001571,AD002027,FA004,2026-04-07,-385.9,-634.1,6.4,526,met_family,True,pre_cut,1,locality
VS000406,AC001295,AD001682,FA004,2026-04-07,-699.3,-271.3,17.3,216,no_such_person,False,pre_cut,1,locality
VS000407,AC000449,AD000579,FA004,2026-04-07,-408.5,-619.9,5.6,378,neighbour_says_shifted,False,pre_cut,1,pincode
VS000408,AC000009,AD000012,FA004,2026-04-07,-571.2,-623.6,11.5,235,met_family,True,pre_cut,1,street
VS000409,AC000865,AD001117,FA005,2026-04-07,2656.4,-1283.3,5.5,89,address_not_traceable,False,pre_cut,1,locality
VS000410,AC001437,AD001855,FA005,2026-04-07,2438.3,-1201.9,5.0,451,met_family,True,pre_cut,1,locality
VS000411,AC002389,AD003077,FA005,2026-04-07,2935.5,-1503.4,8.8,923,met_borrower,True,pre_cut,1,locality
VS000412,AC001296,AD001684,FA005,2026-04-07,1225.5,2619.2,7.3,90,address_not_traceable,False,pre_cut,1,locality
VS000413,AC001506,AD001944,FA005,2026-04-07,2561.2,-698.9,6.9,354,met_family,True,pre_cut,1,locality
VS000414,AC000878,AD001133,FA005,2026-04-07,2389.1,-1258.5,8.9,396,met_family,True,pre_cut,1,locality
VS000415,AC000758,AD000978,FA009,2026-04-07,-1195.0,-594.7,5.8,232,locked_premises,False,pre_cut,1,locality
VS000416,AC001060,AD001369,FA009,2026-04-07,-3728.6,-764.1,14.0,105,address_not_traceable,False,pre_cut,32,street
VS000417,AC000976,AD001262,FA009,2026-04-07,2336.9,-773.7,4.0,215,met_family,True,pre_cut,26,locality
VS000418,AC000078,AD000099,FA009,2026-04-07,-711.7,-511.3,16.1,66,address_not_traceable,False,pre_cut,1,locality
VS000419,AC000963,AD001247,FA009,2026-04-07,-825.3,-399.5,8.9,255,met_family,True,pre_cut,1,street
VS000420,AC001746,AD002254,FA009,2026-04-07,-443.9,-296.8,5.8,226,locked_premises,False,pre_cut,1,street
VS000421,AC000709,AD000915,FA009,2026-04-07,-884.3,-1648.4,5.6,80,address_not_traceable,False,pre_cut,1,locality
VS000422,AC000601,AD000775,FA009,2026-04-07,-661.6,-272.4,8.1,424,met_borrower,True,pre_cut,1,street
VS000423,AC001203,AD001563,FA009,2026-04-07,-714.2,-735.9,4.0,188,locked_premises,False,pre_cut,1,locality
VS000424,AC002067,AD002667,FA009,2026-04-07,-1144.9,-634.8,8.9,505,met_family,True,pre_cut,1,locality
VS000425,AC000152,AD000191,FA008,2026-04-07,-3878.0,-727.7,15.5,73,address_not_traceable,False,pre_cut,1,locality
VS000426,AC001474,AD001901,FA008,2026-04-07,-3654.0,-777.0,7.6,1266,met_borrower,True,pre_cut,1,street
VS000427,AC000221,AD000279,FA008,2026-04-07,-4108.9,-675.7,11.8,1433,met_borrower,True,pre_cut,1,locality
VS000428,AC001743,AD002251,FA008,2026-04-07,-4183.5,-1102.7,23.2,761,met_borrower,True,pre_cut,1,locality
VS000429,AC000173,AD000216,FA008,2026-04-07,-4073.5,-1011.5,8.7,463,met_family,True,pre_cut,1,locality
VS000430,AC001428,AD001842,FA008,2026-04-07,-3668.1,-725.5,8.1,145,locked_premises,False,pre_cut,1,locality
VS000431,AC000735,AD000948,FA007,2026-04-07,1014.4,-691.1,13.1,431,cash_collected,True,pre_cut,1,street
VS000432,AC001939,AD002506,FA007,2026-04-07,796.6,-826.7,9.6,48,address_not_traceable,False,pre_cut,1,locality
VS000433,AC000609,AD000787,FA007,2026-04-07,1100.4,-1174.1,17.8,955,met_borrower,True,pre_cut,1,rooftop
VS000434,AC002183,AD002819,FA007,2026-04-07,1326.2,-926.1,14.4,349,met_borrower,True,pre_cut,1,pincode
VS000435,AC001669,AD002157,FA007,2026-04-07,987.9,-1001.0,7.2,39,address_not_traceable,False,pre_cut,1,locality
VS000436,AC000191,AD000239,FA007,2026-04-07,1216.5,-752.2,12.1,85,address_not_traceable,False,pre_cut,1,street
VS000437,AC000604,AD000779,FA002,2026-04-08,2489.8,1127.8,7.0,59,address_not_traceable,False,pre_cut,1,locality
VS000438,AC000168,AD000209,FA002,2026-04-08,2647.6,833.1,7.0,108,address_not_traceable,False,pre_cut,1,locality
VS000439,AC000518,AD000668,FA002,2026-04-08,2314.5,915.7,4.4,184,locked_premises,False,pre_cut,1,locality
VS000440,AC000519,AD000669,FA002,2026-04-08,2251.1,608.5,8.5,1001,met_borrower,True,pre_cut,1,locality
VS000441,AC001248,AD001617,FA002,2026-04-08,112.7,1974.3,4.0,62,locked_premises,False,pre_cut,1,locality
VS000442,AC001086,AD001408,FA002,2026-04-08,2620.0,928.2,10.7,982,met_borrower,True,pre_cut,1,locality
VS000443,AC001447,AD001867,FA002,2026-04-08,2919.9,1213.8,11.3,94,no_such_person,False,pre_cut,1,street
VS000444,AC000751,AD000970,FA002,2026-04-08,2705.2,1471.0,9.7,237,locked_premises,False,pre_cut,1,locality
VS000445,AC002157,AD002783,FA001,2026-04-08,2903.4,-2280.7,9.2,115,address_not_traceable,False,pre_cut,1,locality
VS000446,AC001063,AD001372,FA001,2026-04-08,2991.0,-2507.3,9.1,497,met_family,True,pre_cut,1,locality
VS000447,AC000583,AD000753,FA001,2026-04-08,2732.3,-2095.7,13.1,35,address_not_traceable,False,pre_cut,1,locality
VS000448,AC000568,AD000733,FA001,2026-04-08,2921.6,-2436.8,24.4,373,met_family,True,pre_cut,1,locality
VS000449,AC001033,AD001336,FA001,2026-04-08,2690.6,-1787.9,7.8,193,locked_premises,False,pre_cut,1,locality
VS000450,AC001393,AD001800,FA001,2026-04-08,2538.4,-2228.8,8.5,208,locked_premises,False,pre_cut,1,locality
VS000451,AC001582,AD002039,FA001,2026-04-08,2780.6,-2484.4,10.8,739,met_borrower,True,pre_cut,1,locality
VS000452,AC002330,AD002996,FA003,2026-04-08,-715.0,-1522.9,17.7,423,met_borrower,True,pre_cut,1,locality
VS000453,AC001930,AD002494,FA003,2026-04-08,-666.7,-1148.5,30.5,183,locked_premises,False,pre_cut,1,locality
VS000454,AC000572,AD000738,FA003,2026-04-08,-722.6,-963.4,7.0,58,address_not_traceable,False,pre_cut,1,locality
VS000455,AC002262,AD002914,FA003,2026-04-08,-1556.9,216.9,14.3,73,address_not_traceable,False,pre_cut,1,locality
VS000456,AC001341,AD001738,FA003,2026-04-08,-781.5,-1195.2,14.0,190,met_family,True,pre_cut,1,locality
VS000457,AC001927,AD002490,FA003,2026-04-08,-871.1,-1412.1,31.8,218,met_family,True,pre_cut,1,locality
VS000458,AC002178,AD002812,FA003,2026-04-08,-1047.2,-1001.4,15.1,141,locked_premises,False,pre_cut,1,locality
VS000459,AC000184,AD000229,FA003,2026-04-08,-484.1,-1112.1,16.9,108,address_not_traceable,False,pre_cut,1,locality
VS000460,AC001748,AD002256,FA003,2026-04-08,-1047.3,644.6,6.7,36,address_not_traceable,False,pre_cut,1,locality
VS000461,AC000860,AD001110,FA003,2026-04-08,-887.4,-976.9,11.7,83,address_not_traceable,False,pre_cut,1,locality
VS000462,AC002227,AD002870,FA006,2026-04-08,1480.9,-2248.4,18.6,916,met_borrower,True,pre_cut,1,locality
VS000463,AC000586,AD000756,FA006,2026-04-08,1345.0,-2066.0,11.0,453,met_family,True,pre_cut,1,street
VS000464,AC002141,AD002763,FA006,2026-04-08,1788.2,-2199.6,4.0,1194,met_borrower,True,pre_cut,1,locality
VS000465,AC000266,AD000336,FA006,2026-04-08,1149.7,-2043.3,8.9,90,locked_premises,False,pre_cut,1,locality
VS000466,AC001221,AD001584,FA006,2026-04-08,1235.5,-2253.9,8.5,67,address_not_traceable,False,pre_cut,1,locality
VS000467,AC000633,AD000817,FA006,2026-04-08,1534.2,-1855.6,8.9,68,address_not_traceable,False,pre_cut,1,locality
VS000468,AC000959,AD001242,FA006,2026-04-08,1691.1,-1973.1,28.0,194,neighbour_says_shifted,False,pre_cut,1,locality
VS000469,AC000711,AD000918,FA004,2026-04-08,2163.2,1759.2,8.4,1158,met_borrower,True,pre_cut,1,street
VS000470,AC000146,AD000182,FA004,2026-04-08,829.2,2848.1,16.3,119,address_not_traceable,False,pre_cut,1,locality
VS000471,AC001198,AD001556,FA004,2026-04-08,1107.9,2440.8,8.0,360,met_family,True,pre_cut,1,locality
VS000472,AC001933,AD002499,FA004,2026-04-08,855.7,2779.0,11.8,929,met_borrower,True,pre_cut,1,locality
VS000473,AC000164,AD000204,FA004,2026-04-08,1019.1,2516.7,11.8,487,met_family,True,pre_cut,1,locality
VS000474,AC001036,AD001339,FA004,2026-04-08,774.3,2326.1,12.2,79,address_not_traceable,False,pre_cut,1,locality
VS000475,AC002300,AD002962,FA004,2026-04-08,978.9,3150.1,14.6,60,locked_premises,False,pre_cut,1,locality
VS000476,AC001160,AD001505,FA004,2026-04-08,1068.0,2644.2,6.6,285,met_family,True,pre_cut,1,locality
VS000477,AC001491,AD001923,FA004,2026-04-08,1048.9,3212.1,8.1,1420,met_borrower,True,pre_cut,1,locality
VS000478,AC001596,AD002057,FA004,2026-04-08,1418.7,1987.5,4.9,115,address_not_traceable,False,pre_cut,1,pincode
VS000479,AC000523,AD000674,FA005,2026-04-08,1665.9,-1865.5,5.7,105,address_not_traceable,False,pre_cut,1,pincode
VS000480,AC001901,AD002458,FA005,2026-04-08,1858.0,-2053.5,5.8,66,met_family,True,pre_cut,2,locality
VS000481,AC001921,AD002483,FA005,2026-04-08,626.6,-2663.8,9.2,142,no_such_person,False,pre_cut,1,locality
VS000482,AC000820,AD001055,FA005,2026-04-08,285.4,-3216.4,12.9,294,met_family,True,pre_cut,1,locality
VS000483,AC000451,AD000581,FA005,2026-04-08,749.9,-3004.6,8.1,116,address_not_traceable,False,pre_cut,1,locality
VS000484,AC001434,AD001851,FA005,2026-04-08,2225.3,-1751.3,10.8,31,address_not_traceable,False,pre_cut,1,pincode
VS000485,AC000530,AD000685,FA005,2026-04-08,775.5,-3290.8,11.7,152,locked_premises,False,pre_cut,1,locality
VS000486,AC002074,AD002675,FA008,2026-04-08,-582.1,3311.3,11.4,54,address_not_traceable,False,pre_cut,1,locality
VS000487,AC002011,AD002596,FA008,2026-04-08,-786.0,2769.1,4.0,349,neighbour_says_shifted,False,pre_cut,1,street
VS000488,AC001224,AD001587,FA008,2026-04-08,-867.0,2979.6,8.4,65,locked_premises,False,pre_cut,1,locality
VS000489,AC000625,AD000808,FA008,2026-04-08,-714.7,3379.4,17.8,220,met_family,True,pre_cut,1,locality
VS000490,AC001173,AD001521,FA008,2026-04-08,-724.4,3271.2,16.5,109,locked_premises,False,pre_cut,1,locality
VS000491,AC000513,AD000662,FA008,2026-04-08,-671.5,3264.3,15.3,80,address_not_traceable,False,pre_cut,1,locality
VS000492,AC000574,AD000741,FA008,2026-04-08,-845.7,2860.3,8.1,360,met_family,True,pre_cut,1,street
VS000493,AC000941,AD001219,FA007,2026-04-08,666.5,-3141.0,15.2,112,address_not_traceable,False,pre_cut,1,locality
VS000494,AC001692,AD002188,FA007,2026-04-08,-159.0,-3053.6,14.5,67,locked_premises,False,pre_cut,1,street
VS000495,AC001204,AD001564,FA007,2026-04-08,-218.8,-3273.5,4.0,224,no_such_person,False,pre_cut,1,locality
VS000496,AC002103,AD002712,FA007,2026-04-08,-354.2,-3269.7,24.3,60,address_not_traceable,False,pre_cut,1,locality
VS000497,AC000406,AD000521,FA007,2026-04-08,-866.1,-3863.5,8.5,273,neighbour_says_shifted,False,pre_cut,1,street
VS000498,AC001707,AD002209,FA007,2026-04-08,-14.2,-3821.2,6.8,550,met_family,True,pre_cut,1,locality
VS000499,AC002341,AD003012,FA007,2026-04-08,-665.5,-3822.7,7.5,330,met_family,True,pre_cut,1,locality
VS000500,AC001509,AD001947,FA007,2026-04-08,-402.9,-3518.5,6.1,116,address_not_traceable,False,pre_cut,1,locality
VS000501,AC000881,AD001138,FA007,2026-04-08,-364.6,-3305.7,11.2,115,locked_premises,False,pre_cut,1,street
VS000502,AC000396,AD000505,FA007,2026-04-08,-2371.5,-1356.3,9.7,64,address_not_traceable,False,pre_cut,1,pincode
VS000503,AC001430,AD001845,FA009,2026-04-08,3597.6,23.8,8.2,274,met_family,True,pre_cut,1,locality
VS000504,AC001175,AD001524,FA009,2026-04-08,3540.9,140.4,10.8,51,address_not_traceable,False,pre_cut,1,locality
VS000505,AC002016,AD002603,FA009,2026-04-08,2324.2,604.5,5.7,55,address_not_traceable,False,pre_cut,1,pincode
VS000506,AC001656,AD002138,FA009,2026-04-08,3902.4,591.6,30.5,378,met_family,True,pre_cut,1,street
VS000507,AC002305,AD002968,FA009,2026-04-08,3824.6,253.5,4.2,76,address_not_traceable,False,pre_cut,1,locality
VS000508,AC001239,AD001605,FA009,2026-04-08,2325.7,-793.2,9.3,202,address_not_traceable,False,pre_cut,27,locality
VS000509,AC000610,AD000788,FA003,2026-04-09,1281.3,-244.9,9.9,270,no_such_person,False,pre_cut,1,locality
VS000510,AC001598,AD002060,FA003,2026-04-09,683.4,-353.0,7.9,1346,met_borrower,True,pre_cut,1,street
VS000511,AC000196,AD000247,FA003,2026-04-09,2078.2,-969.1,18.7,116,address_not_traceable,False,pre_cut,1,pincode
VS000512,AC000804,AD001035,FA003,2026-04-09,976.5,321.3,5.6,85,address_not_traceable,False,pre_cut,1,locality
VS000513,AC000778,AD001004,FA003,2026-04-09,1313.2,137.7,7.9,65,address_not_traceable,False,pre_cut,1,locality
VS000514,AC001605,AD002067,FA003,2026-04-09,869.4,-645.1,7.8,1129,met_borrower,True,pre_cut,1,locality
VS000515,AC000001,AD000001,FA003,2026-04-09,1211.1,-183.0,4.0,312,met_family,True,pre_cut,1,street
VS000516,AC002201,AD002841,FA002,2026-04-09,2379.6,-621.7,6.7,168,locked_premises,False,pre_cut,1,locality
VS000517,AC001672,AD002161,FA002,2026-04-09,1931.2,-1117.6,5.2,96,address_not_traceable,False,pre_cut,1,locality
VS000518,AC001635,AD002110,FA002,2026-04-09,1998.8,-1363.4,14.1,562,met_family,True,pre_cut,1,locality
VS000519,AC002176,AD002809,FA002,2026-04-09,2175.8,-927.8,6.4,677,met_borrower,True,pre_cut,1,locality
VS000520,AC000104,AD000130,FA002,2026-04-09,1829.1,-1073.1,34.4,490,met_borrower,True,pre_cut,1,locality
VS000521,AC000496,AD000638,FA002,2026-04-09,2407.4,-1305.2,9.1,534,met_family,True,pre_cut,1,locality
VS000522,AC001751,AD002260,FA002,2026-04-09,1602.9,-1230.7,10.0,231,locked_premises,False,pre_cut,1,locality
VS000523,AC000775,AD001000,FA002,2026-04-09,2249.6,-1284.1,8.6,176,neighbour_says_shifted,False,pre_cut,1,locality
VS000524,AC001110,AD001442,FA002,2026-04-09,2027.6,-1837.5,5.2,50,address_not_traceable,False,pre_cut,1,pincode
VS000525,AC000286,AD000359,FA001,2026-04-09,-2435.0,-2645.9,8.2,136,locked_premises,False,pre_cut,1,locality
VS000526,AC001999,AD002579,FA001,2026-04-09,-1921.7,-2424.6,10.8,88,address_not_traceable,False,pre_cut,1,locality
VS000527,AC000137,AD000172,FA001,2026-04-09,-2185.5,-2701.9,13.0,157,locked_premises,False,pre_cut,1,locality
VS000528,AC001796,AD002317,FA001,2026-04-09,-2380.4,-2015.9,6.2,221,locked_premises,False,pre_cut,1,locality
VS000529,AC000466,AD000599,FA001,2026-04-09,-908.1,-2649.6,31.6,38,address_not_traceable,False,pre_cut,1,pincode
VS000530,AC000977,AD001263,FA001,2026-04-09,-2524.2,-2470.6,7.5,46,address_not_traceable,False,pre_cut,1,locality
VS000531,AC000376,AD000477,FA001,2026-04-09,-2071.2,-2036.9,8.0,83,locked_premises,False,pre_cut,1,locality
VS000532,AC001688,AD002184,FA001,2026-04-09,-2051.8,-2466.5,10.8,222,locked_premises,False,pre_cut,1,locality
VS000533,AC000176,AD000220,FA004,2026-04-09,1442.4,-436.2,25.5,216,neighbour_says_shifted,False,pre_cut,1,locality
VS000534,AC001619,AD002089,FA004,2026-04-09,1018.0,244.4,26.1,552,met_family,True,pre_cut,1,locality
VS000535,AC001325,AD001720,FA004,2026-04-09,1433.1,-256.1,20.9,70,address_not_traceable,False,pre_cut,1,locality
VS000536,AC001700,AD002197,FA004,2026-04-09,877.1,-287.1,7.1,131,locked_premises,False,pre_cut,1,street
VS000537,AC000990,AD001279,FA004,2026-04-09,1014.3,-72.9,23.5,109,locked_premises,False,pre_cut,1,street
VS000538,AC001657,AD002141,FA004,2026-04-09,-1801.4,-2733.3,9.3,299,no_such_person,False,pre_cut,1,locality
VS000539,AC000690,AD000886,FA004,2026-04-09,761.5,107.4,9.2,517,met_family,True,pre_cut,1,street
VS000540,AC000159,AD000198,FA005,2026-04-09,-481.4,3165.9,6.8,274,met_family,True,pre_cut,1,locality
VS000541,AC001813,AD002341,FA005,2026-04-09,768.3,2439.9,5.9,33,address_not_traceable,False,pre_cut,1,locality
VS000542,AC000224,AD000284,FA005,2026-04-09,-505.4,3016.6,8.2,103,no_such_person,False,pre_cut,1,street
VS000543,AC001637,AD002112,FA005,2026-04-09,-334.0,3272.2,14.9,493,met_family,True,pre_cut,1,street
VS000544,AC001676,AD002166,FA005,2026-04-09,-989.5,3027.4,13.1,60,locked_premises,False,pre_cut,1,locality
VS000545,AC000130,AD000163,FA005,2026-04-09,-717.4,2785.1,10.0,174,neighbour_says_shifted,False,pre_cut,1,locality
VS000546,AC001282,AD001662,FA005,2026-04-09,-380.8,2961.0,4.0,359,met_borrower,True,pre_cut,1,locality
VS000547,AC000879,AD001135,FA005,2026-04-09,-749.7,2879.2,6.2,392,met_family,True,pre_cut,1,locality
VS000548,AC000070,AD000088,FA005,2026-04-09,-395.8,3100.6,24.1,453,met_family,True,pre_cut,1,street
VS000549,AC000527,AD000680,FA005,2026-04-09,-649.7,2784.3,4.0,182,locked_premises,False,pre_cut,1,locality
VS000550,AC000155,AD000194,FA006,2026-04-09,-1276.2,-1480.0,4.0,59,address_not_traceable,False,pre_cut,1,pincode
VS000551,AC002112,AD002723,FA006,2026-04-09,-1722.9,-2677.5,9.3,78,address_not_traceable,False,pre_cut,1,locality
VS000552,AC001228,AD001591,FA006,2026-04-09,-1699.8,-2935.9,5.1,712,met_borrower,True,pre_cut,1,locality
VS000553,AC002361,AD003040,FA006,2026-04-09,-1734.7,-2589.6,16.0,62,address_not_traceable,False,pre_cut,1,locality
VS000554,AC002113,AD002724,FA006,2026-04-09,-1899.2,-3178.6,7.6,259,neighbour_says_shifted,False,pre_cut,1,street
VS000555,AC000512,AD000660,FA006,2026-04-09,-1568.9,-2432.8,22.3,146,neighbour_says_shifted,False,pre_cut,1,locality
VS000556,AC002146,AD002770,FA006,2026-04-09,-1653.9,-2776.8,13.2,103,address_not_traceable,False,pre_cut,1,locality
VS000557,AC001870,AD002412,FA009,2026-04-09,-2690.6,47.6,13.8,673,cash_collected,True,pre_cut,1,locality
VS000558,AC000126,AD000159,FA009,2026-04-09,-2855.8,-126.2,5.8,314,neighbour_says_shifted,False,pre_cut,1,street
VS000559,AC001970,AD002546,FA009,2026-04-09,-3732.7,-778.2,8.8,151,met_borrower,True,pre_cut,23,locality
VS000560,AC000737,AD000950,FA009,2026-04-09,-3029.5,-247.2,8.6,377,met_family,True,pre_cut,1,locality
VS000561,AC001029,AD001330,FA009,2026-04-09,2318.0,-765.6,8.4,139,locked_premises,False,pre_cut,32,locality
VS000562,AC001873,AD002416,FA009,2026-04-09,2344.3,-772.9,8.7,217,met_family,True,pre_cut,1,locality
VS000563,AC002222,AD002865,FA009,2026-04-09,-3036.3,-257.3,13.6,192,met_family,True,pre_cut,1,street
VS000564,AC001062,AD001371,FA009,2026-04-09,2333.9,-762.4,6.7,113,locked_premises,False,pre_cut,1,locality
VS000565,AC001686,AD002181,FA009,2026-04-09,-3773.9,-747.4,24.4,91,locked_premises,False,pre_cut,26,rooftop
VS000566,AC001105,AD001436,FA008,2026-04-09,-2308.8,1241.0,15.0,181,met_family,True,pre_cut,1,locality
VS000567,AC002136,AD002756,FA008,2026-04-09,-2598.5,1401.8,14.0,492,met_family,True,pre_cut,1,pincode
VS000568,AC001975,AD002552,FA008,2026-04-09,-2229.0,1332.2,7.2,277,neighbour_says_shifted,False,pre_cut,1,locality
VS000569,AC000942,AD001220,FA008,2026-04-09,-2234.5,1741.2,8.6,446,met_family,True,pre_cut,1,locality
VS000570,AC001659,AD002143,FA008,2026-04-09,-2611.4,1351.4,8.7,525,met_family,True,pre_cut,1,locality
VS000571,AC001338,AD001734,FA008,2026-04-09,-2465.1,1230.5,17.0,30,address_not_traceable,False,pre_cut,1,locality
VS000572,AC001302,AD001692,FA008,2026-04-09,-2868.6,1366.7,5.0,247,neighbour_says_shifted,False,pre_cut,1,street
VS000573,AC001451,AD001872,FA008,2026-04-09,-2537.9,-208.7,7.1,98,address_not_traceable,False,pre_cut,1,locality
VS000574,AC001216,AD001578,FA008,2026-04-09,-2270.3,1710.3,17.7,119,locked_premises,False,pre_cut,1,locality
VS000575,AC002027,AD002617,FA008,2026-04-09,-2175.6,1173.5,5.1,62,locked_premises,False,pre_cut,1,locality
VS000576,AC002348,AD003022,FA007,2026-04-09,1327.6,-831.9,17.7,42,address_not_traceable,False,pre_cut,1,locality
VS000577,AC000443,AD000570,FA007,2026-04-09,695.5,-597.6,7.4,72,address_not_traceable,False,pre_cut,1,locality
VS000578,AC002206,AD002848,FA007,2026-04-09,1024.3,-821.9,7.7,375,neighbour_says_shifted,False,pre_cut,1,locality
VS000579,AC000182,AD000227,FA007,2026-04-09,1144.8,-1199.3,19.3,450,met_family,True,pre_cut,1,locality
VS000580,AC000105,AD000133,FA007,2026-04-09,-3966.5,-1155.9,32.1,190,locked_premises,False,pre_cut,1,street
VS000581,AC000926,AD001197,FA007,2026-04-09,1264.6,-414.9,16.1,119,address_not_traceable,False,pre_cut,1,locality
VS000582,AC000276,AD000347,FA007,2026-04-09,982.1,-1803.4,15.7,80,address_not_traceable,False,pre_cut,1,pincode
VS000583,AC001253,AD001622,FA007,2026-04-09,1289.4,-749.0,6.3,111,address_not_traceable,False,pre_cut,1,locality
VS000584,AC002043,AD002637,FA003,2026-04-10,-1093.3,-3238.9,6.8,186,met_family,True,pre_cut,1,street
VS000585,AC000576,AD000743,FA003,2026-04-10,-655.4,-2890.4,4.0,154,no_such_person,False,pre_cut,1,locality
VS000586,AC002394,AD003083,FA003,2026-04-10,-1380.1,-2720.5,9.9,230,locked_premises,False,pre_cut,1,locality
VS000587,AC001005,AD001298,FA003,2026-04-10,-846.0,-3041.6,25.4,581,met_family,True,pre_cut,1,locality
VS000588,AC001715,AD002217,FA003,2026-04-10,-1292.7,-3182.0,5.1,85,address_not_traceable,False,pre_cut,1,locality
VS000589,AC001658,AD002142,FA003,2026-04-10,-811.0,-3152.1,7.9,816,met_borrower,True,pre_cut,1,locality
VS000590,AC002304,AD002967,FA001,2026-04-10,-1256.4,208.4,12.9,239,locked_premises,False,pre_cut,1,locality
VS000591,AC002144,AD002767,FA001,2026-04-10,-2573.0,1268.3,7.9,57,address_not_traceable,False,pre_cut,1,pincode
VS000592,AC000200,AD000251,FA001,2026-04-10,-1128.4,506.3,7.7,98,address_not_traceable,False,pre_cut,1,locality
VS000593,AC001383,AD001788,FA001,2026-04-10,-1336.8,603.5,6.7,339,cash_collected,True,pre_cut,1,locality
VS000594,AC002164,AD002793,FA001,2026-04-10,-836.7,-126.2,19.4,374,met_borrower,True,pre_cut,1,pincode
VS000595,AC001148,AD001490,FA001,2026-04-10,-1544.9,451.9,32.0,103,locked_premises,False,pre_cut,1,locality
VS000596,AC001823,AD002353,FA001,2026-04-10,-661.1,221.1,7.6,176,locked_premises,False,pre_cut,1,locality
VS000597,AC002347,AD003020,FA001,2026-04-10,-602.7,-1185.3,9.2,81,address_not_traceable,False,pre_cut,1,locality
VS000598,AC001785,AD002304,FA002,2026-04-10,2982.0,-2036.9,5.4,262,no_such_person,False,pre_cut,1,locality
VS000599,AC001025,AD001324,FA002,2026-04-10,2583.3,-1950.2,20.2,464,met_family,True,pre_cut,1,locality
VS000600,AC000253,AD000319,FA002,2026-04-10,2672.7,-2051.3,10.2,105,address_not_traceable,False,pre_cut,1,locality
VS000601,AC000251,AD000316,FA002,2026-04-10,2234.3,-2392.2,14.2,131,locked_premises,False,pre_cut,1,street
VS000602,AC000534,AD000689,FA002,2026-04-10,2618.9,-2118.0,10.1,41,address_not_traceable,False,pre_cut,1,locality
VS000603,AC000079,AD000100,FA002,2026-04-10,2834.8,-2100.0,9.0,163,neighbour_says_shifted,False,pre_cut,1,locality
VS000604,AC002272,AD002925,FA002,2026-04-10,2375.9,-2434.8,12.8,98,address_not_traceable,False,pre_cut,1,locality
VS000605,AC002035,AD002626,FA004,2026-04-10,3131.9,455.5,4.0,74,locked_premises,False,pre_cut,1,locality
VS000606,AC000589,AD000759,FA004,2026-04-10,3136.2,572.7,6.8,471,met_family,True,pre_cut,1,locality
VS000607,AC001319,AD001712,FA004,2026-04-10,2990.9,775.8,9.3,138,locked_premises,False,pre_cut,1,locality
VS000608,AC001174,AD001523,FA004,2026-04-10,3329.1,288.4,10.5,42,address_not_traceable,False,pre_cut,1,locality
VS000609,AC000956,AD001237,FA004,2026-04-10,2701.0,526.4,18.1,302,met_family,True,pre_cut,1,locality
VS000610,AC002229,AD002872,FA004,2026-04-10,2863.5,698.7,6.7,58,address_not_traceable,False,pre_cut,1,locality
VS000611,AC002070,AD002671,FA004,2026-04-10,-297.6,1227.1,8.2,514,met_borrower,True,pre_cut,1,street
VS000612,AC001158,AD001503,FA005,2026-04-10,2892.9,-1498.5,12.4,146,locked_premises,False,pre_cut,1,street
VS000613,AC000364,AD000460,FA005,2026-04-10,2844.2,-1279.1,5.9,668,met_borrower,True,pre_cut,1,locality
VS000614,AC001965,AD002540,FA005,2026-04-10,2729.1,-1118.1,14.2,47,address_not_traceable,False,pre_cut,1,locality
VS000615,AC001753,AD002262,FA005,2026-04-10,2749.1,-1230.2,8.2,80,address_not_traceable,False,pre_cut,1,locality
VS000616,AC000546,AD000704,FA005,2026-04-10,2561.1,-1237.9,13.2,60,address_not_traceable,False,pre_cut,1,locality
VS000617,AC001648,AD002126,FA005,2026-04-10,2567.5,-1428.6,4.7,100,address_not_traceable,False,pre_cut,1,locality
VS000618,AC002365,AD003045,FA005,2026-04-10,2923.3,-1202.9,6.3,312,neighbour_says_shifted,False,pre_cut,1,locality
VS000619,AC002195,AD002832,FA005,2026-04-10,2710.2,-1021.3,12.6,199,met_family,True,pre_cut,1,locality
VS000620,AC001117,AD001450,FA005,2026-04-10,2487.0,-1059.1,8.7,285,no_such_person,False,pre_cut,1,street
VS000621,AC001993,AD002572,FA006,2026-04-10,1250.7,923.5,14.6,117,address_not_traceable,False,pre_cut,1,locality
VS000622,AC000061,AD000076,FA006,2026-04-10,654.4,1268.7,20.4,114,address_not_traceable,False,pre_cut,1,locality
VS000623,AC000618,AD000799,FA006,2026-04-10,1253.6,-276.9,6.7,221,locked_premises,False,pre_cut,1,locality
VS000624,AC000550,AD000710,FA006,2026-04-10,1179.5,1091.4,13.8,476,cash_collected,True,pre_cut,1,locality
VS000625,AC001484,AD001914,FA006,2026-04-10,842.9,989.9,4.6,511,met_family,True,pre_cut,1,locality
VS000626,AC000149,AD000187,FA006,2026-04-10,1178.3,1055.4,6.3,456,met_family,True,pre_cut,1,locality
VS000627,AC001113,AD001445,FA006,2026-04-10,890.5,1006.3,8.5,109,address_not_traceable,False,pre_cut,1,locality
VS000628,AC000631,AD000815,FA008,2026-04-10,2971.4,-2366.0,10.7,1432,met_borrower,True,pre_cut,1,street
VS000629,AC002042,AD002635,FA008,2026-04-10,3232.3,-2181.3,6.9,365,cash_collected,True,pre_cut,1,locality
VS000630,AC002322,AD002988,FA008,2026-04-10,3435.0,-1857.9,6.8,44,address_not_traceable,False,pre_cut,1,locality
VS000631,AC001314,AD001706,FA008,2026-04-10,3393.9,-2273.6,9.4,298,neighbour_says_shifted,False,pre_cut,1,locality
VS000632,AC001130,AD001467,FA008,2026-04-10,3173.5,-1796.3,13.3,88,address_not_traceable,False,pre_cut,1,locality
VS000633,AC000689,AD000885,FA008,2026-04-10,3200.4,-2340.5,4.0,1186,met_borrower,True,pre_cut,1,locality
VS000634,AC001839,AD002372,FA008,2026-04-10,2890.7,-1617.2,13.6,168,locked_premises,False,pre_cut,1,locality
VS000635,AC000983,AD001272,FA008,2026-04-10,3115.8,-2331.6,28.7,685,met_borrower,True,pre_cut,1,locality
VS000636,AC000641,AD000827,FA008,2026-04-10,3161.3,-2444.6,16.5,415,met_family,True,pre_cut,1,locality
VS000637,AC001040,AD001343,FA009,2026-04-10,-1269.1,-501.1,4.5,116,locked_premises,False,pre_cut,1,street
VS000638,AC000277,AD000348,FA009,2026-04-10,-3747.0,-794.4,21.5,69,locked_premises,False,pre_cut,23,locality
VS000639,AC000065,AD000081,FA009,2026-04-10,-716.5,-849.4,12.8,291,met_family,True,pre_cut,1,locality
VS000640,AC001558,AD002009,FA009,2026-04-10,2353.2,-770.8,6.8,174,met_family,True,pre_cut,1,locality
VS000641,AC002099,AD002708,FA009,2026-04-10,-3729.4,-772.4,5.8,197,address_not_traceable,False,pre_cut,26,locality
VS000642,AC000789,AD001017,FA009,2026-04-10,2344.8,-751.8,4.9,230,address_not_traceable,False,pre_cut,1,locality
VS000643,AC001857,AD002395,FA009,2026-04-10,-3747.7,-786.6,8.6,205,locked_premises,False,pre_cut,1,street
VS000644,AC001566,AD002022,FA009,2026-04-10,-830.5,-65.8,9.9,89,address_not_traceable,False,pre_cut,1,locality
VS000645,AC000832,AD001071,FA009,2026-04-10,2324.7,-780.4,16.8,228,locked_premises,False,pre_cut,27,locality
VS000646,AC000075,AD000096,FA007,2026-04-10,3336.9,605.4,9.8,279,met_family,True,pre_cut,1,locality
VS000647,AC001664,AD002150,FA007,2026-04-10,4042.4,252.7,4.0,329,met_family,True,pre_cut,1,locality
VS000648,AC002082,AD002685,FA007,2026-04-10,4160.3,484.2,20.0,1076,met_borrower,True,pre_cut,1,locality
VS000649,AC001404,AD001812,FA007,2026-04-10,3406.4,522.8,8.0,49,address_not_traceable,False,pre_cut,1,locality
VS000650,AC000113,AD000142,FA007,2026-04-10,3979.4,774.2,10.4,401,met_family,True,pre_cut,1,street
VS000651,AC000341,AD000433,FA007,2026-04-10,4124.4,76.2,23.8,1422,met_borrower,True,pre_cut,1,pincode
VS000652,AC000201,AD000252,FA007,2026-04-10,3466.3,356.8,9.5,38,address_not_traceable,False,pre_cut,1,locality
VS000653,AC001103,AD001433,FA002,2026-04-11,2712.5,-2469.2,9.7,350,met_family,True,pre_cut,1,street
VS000654,AC002147,AD002771,FA002,2026-04-11,1839.1,-1728.4,14.4,84,address_not_traceable,False,pre_cut,1,pincode
VS000655,AC001472,AD001899,FA002,2026-04-11,2409.5,-2265.3,7.6,56,address_not_traceable,False,pre_cut,1,locality
VS000656,AC002174,AD002806,FA002,2026-04-11,3150.6,-2172.5,10.6,45,address_not_traceable,False,pre_cut,1,locality
VS000657,AC000953,AD001233,FA002,2026-04-11,2785.4,-2055.6,16.5,59,address_not_traceable,False,pre_cut,1,locality
VS000658,AC000608,AD000785,FA002,2026-04-11,1657.1,-1726.8,10.1,117,address_not_traceable,False,pre_cut,1,pincode
VS000659,AC001830,AD002362,FA001,2026-04-11,2752.0,-2274.0,9.8,503,cash_collected,True,pre_cut,1,locality
VS000660,AC000918,AD001186,FA001,2026-04-11,2867.7,-1998.5,11.7,920,met_borrower,True,pre_cut,1,locality
VS000661,AC001012,AD001307,FA001,2026-04-11,372.4,-3110.9,9.7,216,locked_premises,False,pre_cut,1,street
VS000662,AC000506,AD000652,FA001,2026-04-11,2837.5,-2273.5,6.8,128,locked_premises,False,pre_cut,1,locality
VS000663,AC000442,AD000569,FA001,2026-04-11,2771.8,-1933.1,6.4,347,met_family,True,pre_cut,1,locality
VS000664,AC000979,AD001267,FA001,2026-04-11,-2375.0,-2090.4,17.9,1295,met_borrower,True,pre_cut,1,locality
VS000665,AC000189,AD000236,FA001,2026-04-11,2638.8,-1993.3,17.9,285,met_family,True,pre_cut,1,locality
VS000666,AC000858,AD001107,FA001,2026-04-11,1641.8,-1659.2,4.0,85,address_not_traceable,False,pre_cut,1,pincode
VS000667,AC001562,AD002016,FA001,2026-04-11,2920.7,-2282.8,12.7,342,neighbour_says_shifted,False,pre_cut,1,locality
VS000668,AC000250,AD000314,FA001,2026-04-11,2537.2,-2128.4,4.0,143,locked_premises,False,pre_cut,1,locality
VS000669,AC001963,AD002537,FA003,2026-04-11,1960.3,-2206.8,11.2,81,address_not_traceable,False,pre_cut,1,pincode
VS000670,AC002086,AD002691,FA003,2026-04-11,1256.7,-1732.6,10.1,111,address_not_traceable,False,pre_cut,1,pincode
VS000671,AC000060,AD000075,FA003,2026-04-11,2773.6,-2333.6,12.5,192,met_family,True,pre_cut,1,locality
VS000672,AC000154,AD000193,FA003,2026-04-11,1895.0,-1278.8,8.4,121,no_such_person,False,pre_cut,1,pincode
VS000673,AC001091,AD001416,FA003,2026-04-11,2603.8,-1655.6,9.5,205,met_family,True,pre_cut,1,street
VS000674,AC000590,AD000760,FA003,2026-04-11,2775.2,-1612.2,4.0,50,address_not_traceable,False,pre_cut,1,locality
VS000675,AC000701,AD000903,FA003,2026-04-11,2990.1,-2815.0,7.3,1340,met_borrower,True,pre_cut,1,street
VS000676,AC002370,AD003051,FA003,2026-04-11,2758.1,-2207.2,7.1,97,address_not_traceable,False,pre_cut,1,locality
VS000677,AC001256,AD001627,FA004,2026-04-11,1319.9,-2072.8,11.4,237,locked_premises,False,pre_cut,1,pincode
VS000678,AC000418,AD000538,FA004,2026-04-11,1278.9,-1767.7,8.0,221,locked_premises,False,pre_cut,1,locality
VS000679,AC001353,AD001752,FA004,2026-04-11,1469.8,-2285.2,7.7,94,no_such_person,False,pre_cut,1,locality
VS000680,AC001828,AD002359,FA004,2026-04-11,1628.7,-1613.9,8.0,184,no_such_person,False,pre_cut,1,street
VS000681,AC002387,AD003074,FA004,2026-04-11,1515.6,-2124.7,10.1,236,locked_premises,False,pre_cut,1,pincode
VS000682,AC002308,AD002973,FA004,2026-04-11,1160.8,-2170.3,4.5,1408,met_borrower,True,pre_cut,1,pincode
VS000683,AC002207,AD002849,FA004,2026-04-11,1727.7,-2110.8,14.1,334,met_borrower,True,pre_cut,1,locality
VS000684,AC001151,AD001495,FA006,2026-04-11,1245.9,-1861.2,17.9,1045,cash_collected,True,pre_cut,1,pincode
VS000685,AC000787,AD001013,FA006,2026-04-11,1449.2,-2135.0,5.5,42,address_not_traceable,False,pre_cut,1,street
VS000686,AC001997,AD002576,FA006,2026-04-11,1834.3,-2220.1,9.5,115,address_not_traceable,False,pre_cut,1,locality
VS000687,AC000327,AD000412,FA006,2026-04-11,1223.9,-2085.1,12.6,1157,met_borrower,True,pre_cut,1,street
VS000688,AC001288,AD001673,FA006,2026-04-11,1063.1,-1739.5,8.6,195,neighbour_says_shifted,False,pre_cut,1,street
VS000689,AC001597,AD002059,FA006,2026-04-11,1234.9,-2082.7,5.5,96,locked_premises,False,pre_cut,1,locality
VS000690,AC001068,AD001380,FA005,2026-04-11,1414.9,-1895.9,4.0,1149,cash_collected,True,pre_cut,1,locality
VS000691,AC001907,AD002466,FA005,2026-04-11,1954.6,-2047.2,10.1,1063,met_borrower,True,pre_cut,1,locality
VS000692,AC001421,AD001833,FA005,2026-04-11,1538.1,-2406.1,5.2,194,locked_premises,False,pre_cut,1,locality
VS000693,AC002382,AD003067,FA005,2026-04-11,1413.3,-1814.7,22.1,1280,met_borrower,True,pre_cut,1,locality
VS000694,AC001919,AD002480,FA005,2026-04-11,1658.7,-2070.5,18.4,97,locked_premises,False,pre_cut,1,street
VS000695,AC001621,AD002091,FA005,2026-04-11,1591.3,-2148.0,6.9,37,address_not_traceable,False,pre_cut,1,locality
VS000696,AC002334,AD003002,FA005,2026-04-11,1749.4,-1897.5,7.7,210,met_family,True,pre_cut,1,locality
VS000697,AC002064,AD002663,FA005,2026-04-11,1566.5,-1884.0,6.5,1099,met_borrower,True,pre_cut,1,locality
VS000698,AC001034,AD001337,FA005,2026-04-11,1357.0,-2513.1,31.3,374,neighbour_says_shifted,False,pre_cut,1,locality
VS000699,AC000158,AD000197,FA007,2026-04-11,-2673.4,-144.0,6.7,200,met_family,True,pre_cut,1,locality
VS000700,AC000838,AD001079,FA007,2026-04-11,-2411.7,-249.3,6.9,108,address_not_traceable,False,pre_cut,1,rooftop
VS000701,AC000481,AD000617,FA007,2026-04-11,-2955.3,-9.1,5.8,597,met_family,True,pre_cut,1,locality
VS000702,AC001727,AD002233,FA007,2026-04-11,-2562.0,-510.8,14.7,211,neighbour_says_shifted,False,pre_cut,1,street
VS000703,AC001181,AD001535,FA007,2026-04-11,-466.4,3040.4,5.4,63,address_not_traceable,False,pre_cut,1,locality
VS000704,AC001031,AD001333,FA007,2026-04-11,-2707.8,-345.7,9.8,109,address_not_traceable,False,pre_cut,1,locality
VS000705,AC001987,AD002566,FA007,2026-04-11,-2651.3,-84.7,17.2,381,met_family,True,pre_cut,1,locality
VS000706,AC001950,AD002522,FA007,2026-04-11,-2334.7,-106.6,8.4,219,neighbour_says_shifted,False,pre_cut,1,locality
VS000707,AC000490,AD000631,FA007,2026-04-11,-2866.9,-150.7,11.6,1244,met_borrower,True,pre_cut,1,locality
VS000708,AC002020,AD002609,FA008,2026-04-11,2477.5,-2218.4,9.1,82,address_not_traceable,False,pre_cut,1,pincode
VS000709,AC000808,AD001040,FA008,2026-04-11,852.9,-1113.6,7.3,524,met_family,True,pre_cut,1,street
VS000710,AC001548,AD001995,FA008,2026-04-11,1211.3,-710.2,7.5,655,met_borrower,True,pre_cut,1,locality
VS000711,AC002118,AD002730,FA008,2026-04-11,1286.5,688.5,14.9,75,locked_premises,False,pre_cut,1,pincode
VS000712,AC000577,AD000744,FA008,2026-04-11,1202.3,-877.3,12.5,45,address_not_traceable,False,pre_cut,1,street
VS000713,AC000415,AD000532,FA008,2026-04-11,926.2,-823.2,7.7,109,address_not_traceable,False,pre_cut,1,locality
VS000714,AC000356,AD000451,FA008,2026-04-11,848.8,-827.9,4.0,118,address_not_traceable,False,pre_cut,1,locality
VS000715,AC001983,AD002562,FA008,2026-04-11,1260.4,-1052.7,4.2,489,met_family,True,pre_cut,1,locality
VS000716,AC001436,AD001854,FA008,2026-04-11,875.7,-804.5,13.2,101,locked_premises,False,pre_cut,1,locality
VS000717,AC001625,AD002096,FA009,2026-04-11,2341.4,-752.4,5.6,83,address_not_traceable,False,pre_cut,1,street
VS000718,AC002316,AD002981,FA009,2026-04-11,3698.3,544.5,8.3,119,address_not_traceable,False,pre_cut,1,locality
VS000719,AC000086,AD000107,FA009,2026-04-11,3815.0,470.8,8.9,99,address_not_traceable,False,pre_cut,1,locality
VS000720,AC002075,AD002676,FA009,2026-04-11,3674.9,477.7,4.7,80,locked_premises,False,pre_cut,1,locality
VS000721,AC001607,AD002070,FA009,2026-04-11,2322.5,-755.9,7.3,74,met_borrower,True,pre_cut,1,locality
VS000722,AC001792,AD002311,FA009,2026-04-11,3262.6,-1255.7,4.5,98,address_not_traceable,False,pre_cut,1,locality
VS000723,AC001046,AD001352,FA009,2026-04-11,2323.8,-771.2,8.6,184,locked_premises,False,pre_cut,28,locality
VS000724,AC000517,AD000667,FA002,2026-04-13,2199.3,-2177.7,6.9,1205,met_borrower,True,pre_cut,1,locality
VS000725,AC001273,AD001649,FA002,2026-04-13,2344.3,-2445.1,7.3,858,met_borrower,True,pre_cut,1,locality
VS000726,AC000741,AD000955,FA002,2026-04-13,3167.1,-1896.7,15.2,291,neighbour_says_shifted,False,pre_cut,1,locality
VS000727,AC001348,AD001746,FA002,2026-04-13,3090.3,-2426.3,12.2,138,locked_premises,False,pre_cut,1,locality
VS000728,AC001738,AD002246,FA002,2026-04-13,2451.3,-2373.5,7.5,85,locked_premises,False,pre_cut,1,rooftop
VS000729,AC001806,AD002332,FA002,2026-04-13,1814.0,-1759.7,11.8,107,address_not_traceable,False,pre_cut,1,pincode
VS000730,AC000408,AD000524,FA002,2026-04-13,2602.6,-1649.3,8.3,507,met_family,True,pre_cut,1,street
VS000731,AC000227,AD000287,FA001,2026-04-13,2779.7,-2406.0,9.0,314,met_family,True,pre_cut,1,locality
VS000732,AC000955,AD001236,FA001,2026-04-13,2937.3,-2651.0,8.3,77,locked_premises,False,pre_cut,1,locality
VS000733,AC001218,AD001581,FA001,2026-04-13,2735.7,-1808.2,4.0,228,met_family,True,pre_cut,1,street
VS000734,AC002336,AD003004,FA001,2026-04-13,2974.5,-2521.5,26.7,217,met_family,True,pre_cut,1,locality
VS000735,AC000712,AD000919,FA001,2026-04-13,2761.2,-2050.5,8.8,112,address_not_traceable,False,pre_cut,1,locality
VS000736,AC001163,AD001509,FA001,2026-04-13,2692.6,-1910.5,9.8,82,address_not_traceable,False,pre_cut,1,locality
VS000737,AC000026,AD000030,FA001,2026-04-13,2760.5,-1652.4,7.9,85,address_not_traceable,False,pre_cut,1,street
VS000738,AC000945,AD001224,FA001,2026-04-13,2903.8,-2207.9,6.3,77,address_not_traceable,False,pre_cut,1,locality
VS000739,AC000420,AD000541,FA001,2026-04-13,2654.8,-2411.4,10.0,1056,cash_collected,True,pre_cut,1,locality
VS000740,AC000971,AD001256,FA003,2026-04-13,3314.0,-1980.8,6.9,293,met_family,True,pre_cut,1,locality
VS000741,AC001002,AD001294,FA003,2026-04-13,2704.4,-2473.8,12.9,554,met_family,True,pre_cut,1,pincode
VS000742,AC000557,AD000719,FA003,2026-04-13,2747.8,-1829.0,8.5,310,neighbour_says_shifted,False,pre_cut,1,locality
VS000743,AC000103,AD000129,FA003,2026-04-13,3227.9,-1959.4,6.5,335,met_borrower,True,pre_cut,1,locality
VS000744,AC002175,AD002808,FA003,2026-04-13,2448.3,-2256.6,14.5,1004,met_borrower,True,pre_cut,1,locality
VS000745,AC000246,AD000309,FA003,2026-04-13,2778.0,-1821.1,18.5,627,met_borrower,True,pre_cut,1,locality
VS000746,AC001320,AD001713,FA006,2026-04-13,1785.8,-2317.7,4.4,543,met_family,True,pre_cut,1,rooftop
VS000747,AC001995,AD002574,FA006,2026-04-13,1810.8,-2188.9,16.3,222,neighbour_says_shifted,False,pre_cut,1,locality
VS000748,AC002065,AD002664,FA006,2026-04-13,1232.1,-2396.9,5.1,955,met_borrower,True,pre_cut,1,street
VS000749,AC002185,AD002821,FA006,2026-04-13,1310.5,-2179.0,22.4,1183,cash_collected,True,pre_cut,1,locality
VS000750,AC002062,AD002661,FA006,2026-04-13,1755.2,-1721.0,5.4,87,locked_premises,False,pre_cut,1,pincode
VS000751,AC000585,AD000755,FA006,2026-04-13,932.2,-2631.5,7.2,87,address_not_traceable,False,pre_cut,1,locality
VS000752,AC000138,AD000173,FA006,2026-04-13,1315.3,-2283.1,7.6,678,met_borrower,True,pre_cut,1,locality
VS000753,AC000653,AD000841,FA006,2026-04-13,1680.7,-2220.0,5.9,83,address_not_traceable,False,pre_cut,1,locality
VS000754,AC002342,AD003013,FA006,2026-04-13,1336.0,-2299.6,16.4,189,neighbour_says_shifted,False,pre_cut,1,locality
VS000755,AC002165,AD002794,FA006,2026-04-13,1606.5,-2360.0,13.1,250,met_family,True,pre_cut,1,locality
VS000756,AC002343,AD003015,FA005,2026-04-13,975.6,2455.4,7.2,208,locked_premises,False,pre_cut,1,locality
VS000757,AC002338,AD003007,FA005,2026-04-13,736.9,2470.7,8.5,40,address_not_traceable,False,pre_cut,1,locality
VS000758,AC002069,AD002669,FA005,2026-04-13,-878.0,176.5,14.5,97,address_not_traceable,False,pre_cut,1,pincode
VS000759,AC001418,AD001830,FA005,2026-04-13,1070.9,2909.7,5.4,310,met_family,True,pre_cut,1,street
VS000760,AC002378,AD003060,FA005,2026-04-13,844.8,2766.8,5.9,277,met_family,True,pre_cut,1,locality
VS000761,AC000023,AD000027,FA005,2026-04-13,900.3,2900.9,9.7,469,met_family,True,pre_cut,1,locality
VS000762,AC000730,AD000942,FA005,2026-04-13,800.7,3241.4,11.8,466,met_borrower,True,pre_cut,1,street
VS000763,AC001307,AD001697,FA005,2026-04-13,691.6,3007.2,12.6,505,met_borrower,True,pre_cut,1,street
VS000764,AC000614,AD000792,FA005,2026-04-13,1066.6,1189.2,4.8,112,address_not_traceable,False,pre_cut,1,locality
VS000765,AC000521,AD000672,FA005,2026-04-13,951.2,2635.7,4.0,235,locked_premises,False,pre_cut,1,locality
VS000766,AC000531,AD000686,FA004,2026-04-13,2891.4,952.1,16.1,51,address_not_traceable,False,pre_cut,1,locality
VS000767,AC001961,AD002535,FA004,2026-04-13,2996.9,1006.2,21.9,1321,cash_collected,True,pre_cut,1,locality
VS000768,AC000336,AD000424,FA004,2026-04-13,2907.0,327.0,9.6,716,met_borrower,True,pre_cut,1,locality
VS000769,AC002002,AD002583,FA004,2026-04-13,3398.2,548.7,18.1,150,locked_premises,False,pre_cut,1,locality
VS000770,AC000229,AD000290,FA004,2026-04-13,2821.2,134.4,6.4,143,no_such_person,False,pre_cut,1,locality
VS000771,AC000478,AD000613,FA004,2026-04-13,2782.5,546.7,10.2,51,address_not_traceable,False,pre_cut,1,locality
VS000772,AC000291,AD000365,FA004,2026-04-13,2492.8,732.9,12.4,98,address_not_traceable,False,pre_cut,1,pincode
VS000773,AC001585,AD002043,FA004,2026-04-13,3045.0,694.7,12.5,64,address_not_traceable,False,pre_cut,1,locality
VS000774,AC000055,AD000068,FA004,2026-04-13,3356.3,472.9,12.5,539,met_family,True,pre_cut,1,locality
VS000775,AC000145,AD000181,FA004,2026-04-13,2949.1,651.6,9.4,511,met_family,True,pre_cut,1,locality
VS000776,AC001356,AD001755,FA009,2026-04-13,-3732.0,-778.2,6.3,78,address_not_traceable,False,pre_cut,27,pincode
VS000777,AC000064,AD000079,FA009,2026-04-13,2333.5,-781.9,7.6,81,locked_premises,False,pre_cut,23,street
VS000778,AC001000,AD001291,FA009,2026-04-13,2345.6,-793.0,6.0,216,locked_premises,False,pre_cut,28,locality
VS000779,AC000497,AD000639,FA009,2026-04-13,-3750.1,-793.6,11.9,111,met_borrower,True,pre_cut,26,street
VS000780,AC001219,AD001582,FA009,2026-04-13,-3735.8,-763.5,4.6,102,met_borrower,True,pre_cut,26,locality
VS000781,AC001988,AD002567,FA009,2026-04-13,-721.1,-649.2,15.7,45,address_not_traceable,False,pre_cut,1,locality
VS000782,AC000999,AD001290,FA009,2026-04-13,975.7,-1036.5,5.8,232,locked_premises,False,pre_cut,1,locality
VS000783,AC001745,AD002253,FA008,2026-04-13,-2314.7,-441.1,16.0,531,met_family,True,pre_cut,1,locality
VS000784,AC000074,AD000094,FA008,2026-04-13,-2844.5,-216.1,8.4,95,address_not_traceable,False,pre_cut,1,locality
VS000785,AC001387,AD001792,FA008,2026-04-13,-2789.8,-444.5,16.2,194,locked_premises,False,pre_cut,1,street
VS000786,AC000020,AD000023,FA008,2026-04-13,-2951.8,-19.7,5.9,1169,met_borrower,True,pre_cut,1,locality
VS000787,AC000563,AD000727,FA008,2026-04-13,-2699.2,-568.6,13.6,402,met_family,True,pre_cut,1,locality
VS000788,AC001470,AD001896,FA008,2026-04-13,-2608.2,-114.5,7.5,1406,met_borrower,True,pre_cut,1,locality
VS000789,AC001941,AD002509,FA008,2026-04-13,-2418.4,-592.0,12.7,163,locked_premises,False,pre_cut,1,street
VS000790,AC000216,AD000273,FA008,2026-04-13,-1080.1,-2062.7,4.0,108,address_not_traceable,False,pre_cut,1,pincode
VS000791,AC000906,AD001170,FA007,2026-04-13,3334.1,-1891.5,5.3,41,address_not_traceable,False,pre_cut,1,locality
VS000792,AC001725,AD002230,FA007,2026-04-13,3401.9,-1827.6,7.5,173,locked_premises,False,pre_cut,1,locality
VS000793,AC001912,AD002471,FA007,2026-04-13,3407.8,-2353.9,7.6,377,neighbour_says_shifted,False,pre_cut,1,locality
VS000794,AC000316,AD000397,FA007,2026-04-13,3101.8,-1913.2,13.4,185,locked_premises,False,pre_cut,1,locality
VS000795,AC001462,AD001886,FA007,2026-04-13,3542.1,-2135.5,5.9,105,no_such_person,False,pre_cut,1,locality
VS000796,AC001629,AD002102,FA007,2026-04-13,2954.7,-1806.3,6.5,560,met_family,True,pre_cut,1,locality
VS000797,AC001140,AD001480,FA007,2026-04-13,3628.2,-2240.7,5.9,180,neighbour_says_shifted,False,pre_cut,1,locality
VS000798,AC001846,AD002380,FA007,2026-04-13,2918.6,-2588.8,6.2,56,address_not_traceable,False,pre_cut,1,street
VS000799,AC002104,AD002714,FA007,2026-04-13,3259.1,-2063.4,4.2,88,address_not_traceable,False,pre_cut,1,locality
VS000800,AC001535,AD001976,FA007,2026-04-13,3437.0,-1759.5,12.1,209,met_family,True,pre_cut,1,street
VS000801,AC001667,AD002154,FA003,2026-04-14,622.9,-2780.4,13.4,203,met_family,True,pre_cut,1,locality
VS000802,AC000110,AD000138,FA003,2026-04-14,750.9,-3075.2,9.8,116,address_not_traceable,False,pre_cut,1,street
VS000803,AC001969,AD002544,FA003,2026-04-14,536.1,-2751.3,12.8,169,locked_premises,False,pre_cut,1,locality
VS000804,AC002216,AD002858,FA003,2026-04-14,1166.0,-2858.5,27.5,304,met_family,True,pre_cut,1,locality
VS000805,AC001126,AD001462,FA003,2026-04-14,893.3,-2863.9,4.0,76,address_not_traceable,False,pre_cut,1,locality
VS000806,AC000475,AD000608,FA003,2026-04-14,896.7,-3330.6,22.6,430,met_family,True,pre_cut,1,locality
VS000807,AC001258,AD001630,FA003,2026-04-14,720.6,2734.1,17.6,95,address_not_traceable,False,pre_cut,1,street
VS000808,AC001400,AD001808,FA001,2026-04-14,948.3,-3230.6,4.0,910,met_borrower,True,pre_cut,1,locality
VS000809,AC001685,AD002179,FA001,2026-04-14,1271.4,-1679.4,36.3,72,address_not_traceable,False,pre_cut,1,pincode
VS000810,AC000627,AD000810,FA001,2026-04-14,1151.6,-3187.0,11.0,559,met_borrower,True,pre_cut,1,locality
VS000811,AC002400,AD003090,FA001,2026-04-14,953.8,-2970.2,6.7,971,met_borrower,True,pre_cut,1,locality
VS000812,AC001599,AD002061,FA001,2026-04-14,684.3,-3094.4,9.7,72,address_not_traceable,False,pre_cut,1,street
VS000813,AC000714,AD000923,FA001,2026-04-14,546.2,-3403.4,25.2,1242,met_borrower,True,pre_cut,1,locality
VS000814,AC000484,AD000622,FA002,2026-04-14,2529.3,-2709.5,15.8,233,locked_premises,False,pre_cut,1,locality
VS000815,AC000814,AD001048,FA002,2026-04-14,2672.5,-2098.5,10.8,77,locked_premises,False,pre_cut,1,locality
VS000816,AC001139,AD001479,FA002,2026-04-14,2972.4,-2491.7,4.2,594,met_family,True,pre_cut,1,locality
VS000817,AC000489,AD000630,FA002,2026-04-14,2874.2,-1947.0,7.9,363,met_borrower,True,pre_cut,1,locality
VS000818,AC000289,AD000363,FA002,2026-04-14,2047.3,-1197.9,10.2,53,address_not_traceable,False,pre_cut,1,locality
VS000819,AC001634,AD002108,FA002,2026-04-14,2879.1,-2194.1,30.4,91,address_not_traceable,False,pre_cut,1,locality
VS000820,AC002386,AD003073,FA002,2026-04-14,1226.3,-944.9,18.3,48,address_not_traceable,False,pre_cut,1,pincode
VS000821,AC000746,AD000963,FA002,2026-04-14,1751.0,-1626.8,9.3,117,no_such_person,False,pre_cut,1,pincode
VS000822,AC002085,AD002690,FA005,2026-04-14,1621.6,-2070.4,7.6,230,neighbour_says_shifted,False,pre_cut,1,locality
VS000823,AC000028,AD000032,FA005,2026-04-14,1772.1,-1924.1,6.6,238,met_family,True,pre_cut,1,locality
VS000824,AC000800,AD001031,FA005,2026-04-14,1182.7,-2101.7,13.8,462,met_borrower,True,pre_cut,1,street
VS000825,AC002364,AD003044,FA005,2026-04-14,1215.4,-2849.8,6.5,120,neighbour_says_shifted,False,pre_cut,1,rooftop
VS000826,AC000179,AD000223,FA005,2026-04-14,1915.2,-2164.5,14.9,541,met_borrower,True,pre_cut,1,locality
VS000827,AC000823,AD001060,FA005,2026-04-14,1013.0,-1642.5,12.2,832,met_borrower,True,pre_cut,1,locality
VS000828,AC000666,AD000860,FA005,2026-04-14,1342.7,-1832.2,11.6,256,neighbour_says_shifted,False,pre_cut,1,locality
VS000829,AC000890,AD001149,FA005,2026-04-14,1525.2,-2030.9,10.8,33,address_not_traceable,False,pre_cut,1,locality
VS000830,AC001708,AD002210,FA005,2026-04-14,1666.9,-1610.4,9.9,371,met_family,True,pre_cut,1,locality
VS000831,AC001720,AD002224,FA005,2026-04-14,1773.1,-1611.1,11.3,37,address_not_traceable,False,pre_cut,1,pincode
VS000832,AC001812,AD002339,FA004,2026-04-14,734.5,2652.6,13.5,46,address_not_traceable,False,pre_cut,1,locality
VS000833,AC000040,AD000049,FA004,2026-04-14,762.1,2394.8,5.3,78,locked_premises,False,pre_cut,1,locality
VS000834,AC001345,AD001743,FA004,2026-04-14,1259.2,2794.3,9.4,209,locked_premises,False,pre_cut,1,locality
VS000835,AC002381,AD003065,FA004,2026-04-14,769.8,2821.5,7.7,318,met_family,True,pre_cut,1,locality
VS000836,AC000346,AD000438,FA004,2026-04-14,792.6,2612.3,7.3,37,address_not_traceable,False,pre_cut,1,locality
VS000837,AC000765,AD000986,FA004,2026-04-14,1198.7,2516.0,12.9,318,met_family,True,pre_cut,1,rooftop
VS000838,AC001683,AD002176,FA004,2026-04-14,770.8,2469.3,5.2,1171,met_borrower,True,pre_cut,1,locality
VS000839,AC001365,AD001767,FA004,2026-04-14,817.5,2511.6,12.2,1229,met_borrower,True,pre_cut,1,locality
VS000840,AC002116,AD002728,FA004,2026-04-14,807.3,3059.8,5.4,985,met_borrower,True,pre_cut,1,locality
VS000841,AC001150,AD001494,FA006,2026-04-14,721.8,-3050.8,11.5,804,met_borrower,True,pre_cut,1,locality
VS000842,AC000282,AD000355,FA006,2026-04-14,718.6,-3240.2,16.8,1456,met_borrower,True,pre_cut,1,locality
VS000843,AC000056,AD000069,FA006,2026-04-14,1109.5,-3453.1,9.3,822,met_borrower,True,pre_cut,1,locality
VS000844,AC000873,AD001127,FA006,2026-04-14,619.4,-3376.7,18.7,581,met_family,True,pre_cut,1,locality
VS000845,AC000112,AD000141,FA006,2026-04-14,1403.3,-1457.4,6.5,43,address_not_traceable,False,pre_cut,1,pincode
VS000846,AC000715,AD000924,FA006,2026-04-14,505.3,-2713.5,4.5,318,met_family,True,pre_cut,1,locality
VS000847,AC001388,AD001794,FA006,2026-04-14,954.9,-2947.3,8.0,1293,met_borrower,True,pre_cut,1,locality
VS000848,AC001172,AD001520,FA007,2026-04-14,-569.1,-3663.1,15.6,418,met_family,True,pre_cut,1,street
VS000849,AC002278,AD002932,FA007,2026-04-14,-625.4,-3685.8,29.1,447,met_borrower,True,pre_cut,1,locality
VS000850,AC001321,AD001715,FA007,2026-04-14,-1540.3,-1159.9,7.6,97,address_not_traceable,False,pre_cut,1,pincode
VS000851,AC000474,AD000607,FA007,2026-04-14,-316.0,-3669.4,7.1,71,address_not_traceable,False,pre_cut,1,locality
VS000852,AC000491,AD000632,FA007,2026-04-14,-888.2,-3833.5,4.2,377,neighbour_says_shifted,False,pre_cut,1,locality
VS000853,AC000447,AD000576,FA007,2026-04-14,-487.1,-3696.8,11.0,232,locked_premises,False,pre_cut,1,locality
VS000854,AC001974,AD002551,FA009,2026-04-14,2322.3,-764.6,6.2,208,address_not_traceable,False,pre_cut,27,locality
VS000855,AC000605,AD000781,FA009,2026-04-14,3757.7,516.5,13.6,427,met_family,True,pre_cut,1,locality
VS000856,AC000868,AD001121,FA009,2026-04-14,3863.3,917.1,12.5,96,address_not_traceable,False,pre_cut,1,street
VS000857,AC001457,AD001880,FA009,2026-04-14,2338.6,-790.3,7.6,224,met_family,True,pre_cut,1,street
VS000858,AC001129,AD001466,FA009,2026-04-14,3611.5,-26.7,8.6,177,locked_premises,False,pre_cut,1,locality
VS000859,AC000501,AD000645,FA009,2026-04-14,-3728.6,-780.1,4.0,161,address_not_traceable,False,pre_cut,26,locality
VS000860,AC002243,AD002889,FA009,2026-04-14,-3754.2,-781.5,17.3,200,address_not_traceable,False,pre_cut,28,locality
VS000861,AC001095,AD001422,FA009,2026-04-14,3725.4,388.4,7.7,80,address_not_traceable,False,pre_cut,1,locality
VS000862,AC001251,AD001620,FA008,2026-04-14,-609.6,-3448.8,14.1,81,address_not_traceable,False,pre_cut,1,locality
VS000863,AC001072,AD001386,FA008,2026-04-14,-421.5,-3401.8,20.9,213,neighbour_says_shifted,False,pre_cut,1,locality
VS000864,AC002109,AD002720,FA008,2026-04-14,-805.0,-3549.8,8.1,144,no_such_person,False,pre_cut,1,locality
VS000865,AC001445,AD001864,FA008,2026-04-14,3.7,-3872.6,15.1,193,locked_premises,False,pre_cut,1,rooftop
VS000866,AC001879,AD002424,FA008,2026-04-14,-513.7,-3305.8,5.6,989,cash_collected,True,pre_cut,1,locality
VS000867,AC002111,AD002722,FA008,2026-04-14,-1598.9,-1080.8,6.2,49,address_not_traceable,False,pre_cut,1,pincode
VS000868,AC000899,AD001162,FA008,2026-04-14,-729.2,-3522.6,11.1,41,address_not_traceable,False,pre_cut,1,locality
VS000869,AC001169,AD001516,FA003,2026-04-15,2037.3,-1984.0,20.6,51,address_not_traceable,False,pre_cut,1,pincode
VS000870,AC000032,AD000037,FA003,2026-04-15,1395.2,-2414.6,7.7,56,address_not_traceable,False,pre_cut,1,pincode
VS000871,AC002034,AD002624,FA003,2026-04-15,781.4,-2750.8,9.4,72,address_not_traceable,False,pre_cut,1,locality
VS000872,AC000726,AD000936,FA003,2026-04-15,642.3,-3251.0,6.3,105,address_not_traceable,False,pre_cut,1,locality
VS000873,AC000840,AD001083,FA003,2026-04-15,805.6,-3288.4,9.6,115,locked_premises,False,pre_cut,1,street
VS000874,AC002031,AD002621,FA003,2026-04-15,856.1,-3104.2,5.6,107,locked_premises,False,pre_cut,1,street
VS000875,AC000294,AD000369,FA003,2026-04-15,671.2,-3324.1,14.5,491,met_family,True,pre_cut,1,locality
VS000876,AC001630,AD002103,FA003,2026-04-15,290.3,-2696.4,9.4,747,met_borrower,True,pre_cut,1,locality
VS000877,AC002260,AD002911,FA002,2026-04-15,2896.6,-2131.3,6.4,999,met_borrower,True,pre_cut,1,locality
VS000878,AC001070,AD001383,FA002,2026-04-15,2832.2,-2339.2,8.4,176,locked_premises,False,pre_cut,1,pincode
VS000879,AC001789,AD002308,FA002,2026-04-15,3070.5,-2648.5,7.8,272,met_family,True,pre_cut,1,locality
VS000880,AC001056,AD001364,FA002,2026-04-15,2964.4,-2497.0,11.4,923,cash_collected,True,pre_cut,1,locality
VS000881,AC001865,AD002404,FA002,2026-04-15,3142.2,-2121.1,17.2,88,locked_premises,False,pre_cut,1,locality
VS000882,AC000502,AD000646,FA002,2026-04-15,2433.3,-2248.8,10.1,1313,met_borrower,True,pre_cut,1,locality
VS000883,AC000134,AD000169,FA002,2026-04-15,2622.5,-2207.1,12.9,50,address_not_traceable,False,pre_cut,1,locality
VS000884,AC000287,AD000360,FA002,2026-04-15,2823.6,-2388.9,6.1,217,locked_premises,False,pre_cut,1,locality
VS000885,AC002072,AD002673,FA002,2026-04-15,2617.6,-2275.3,19.1,1367,met_borrower,True,pre_cut,1,locality
VS000886,AC000225,AD000285,FA001,2026-04-15,381.0,2789.5,15.4,512,met_family,True,pre_cut,1,locality
VS000887,AC000809,AD001041,FA001,2026-04-15,1842.4,1327.1,5.7,70,address_not_traceable,False,pre_cut,1,pincode
VS000888,AC001699,AD002196,FA001,2026-04-15,209.9,2274.6,14.2,365,met_family,True,pre_cut,1,locality
VS000889,AC000922,AD001191,FA001,2026-04-15,366.9,2806.8,8.4,317,met_borrower,True,pre_cut,1,locality
VS000890,AC002219,AD002861,FA001,2026-04-15,140.0,2571.7,15.9,598,met_family,True,pre_cut,1,locality
VS000891,AC002083,AD002687,FA001,2026-04-15,46.8,2309.8,13.6,43,address_not_traceable,False,pre_cut,1,locality
VS000892,AC000186,AD000231,FA001,2026-04-15,211.8,2554.7,8.9,182,locked_premises,False,pre_cut,1,locality
VS000893,AC000120,AD000151,FA006,2026-04-15,-749.2,3343.4,20.6,1181,met_borrower,True,pre_cut,1,street
VS000894,AC002293,AD002953,FA006,2026-04-15,687.3,-1656.5,9.7,92,address_not_traceable,False,pre_cut,1,pincode
VS000895,AC001363,AD001765,FA006,2026-04-15,2325.8,-1067.6,21.6,130,locked_premises,False,pre_cut,1,locality
VS000896,AC000595,AD000768,FA006,2026-04-15,2647.8,-1552.5,6.0,286,met_family,True,pre_cut,1,locality
VS000897,AC000617,AD000797,FA006,2026-04-15,2502.3,-1149.1,6.4,383,neighbour_says_shifted,False,pre_cut,1,locality
VS000898,AC001531,AD001971,FA006,2026-04-15,2695.0,-1291.7,11.9,104,locked_premises,False,pre_cut,1,locality
VS000899,AC002148,AD002772,FA006,2026-04-15,2545.8,-924.4,16.6,309,met_family,True,pre_cut,1,locality
VS000900,AC001926,AD002489,FA004,2026-04-15,-344.6,-385.0,5.2,157,locked_premises,False,pre_cut,1,locality
VS000901,AC002257,AD002906,FA004,2026-04-15,-442.4,-502.9,4.0,80,address_not_traceable,False,pre_cut,1,locality
VS000902,AC000084,AD000105,FA004,2026-04-15,-528.7,-606.9,17.4,57,address_not_traceable,False,pre_cut,1,locality
VS000903,AC000777,AD001003,FA004,2026-04-15,-554.8,-276.2,10.6,72,address_not_traceable,False,pre_cut,1,locality
VS000904,AC001587,AD002045,FA004,2026-04-15,-955.2,-790.5,11.2,202,locked_premises,False,pre_cut,1,locality
VS000905,AC000485,AD000624,FA004,2026-04-15,-129.2,-247.7,6.5,399,met_borrower,True,pre_cut,1,pincode
VS000906,AC002108,AD002719,FA004,2026-04-15,-1042.9,-690.4,11.4,44,address_not_traceable,False,pre_cut,1,locality
VS000907,AC002158,AD002784,FA004,2026-04-15,-572.6,-300.7,12.3,134,no_such_person,False,pre_cut,1,locality
VS000908,AC000499,AD000642,FA005,2026-04-15,674.2,-327.5,11.0,61,locked_premises,False,pre_cut,1,locality
VS000909,AC001215,AD001577,FA005,2026-04-15,930.2,421.0,16.3,275,neighbour_says_shifted,False,pre_cut,1,locality
VS000910,AC000308,AD000386,FA005,2026-04-15,1270.7,128.3,13.9,657,met_borrower,True,pre_cut,1,locality
VS000911,AC000880,AD001136,FA005,2026-04-15,1402.7,-33.6,7.8,35,address_not_traceable,False,pre_cut,1,locality
VS000912,AC001826,AD002357,FA005,2026-04-15,888.5,545.7,9.7,443,met_family,True,pre_cut,1,locality
VS000913,AC000892,AD001152,FA005,2026-04-15,1309.3,337.0,5.8,470,met_family,True,pre_cut,1,street
VS000914,AC001768,AD002284,FA005,2026-04-15,729.1,-41.5,9.8,271,met_family,True,pre_cut,1,street
VS000915,AC000874,AD001128,FA009,2026-04-15,908.5,-1401.3,23.0,739,met_borrower,True,pre_cut,1,locality
VS000916,AC000818,AD001053,FA009,2026-04-15,957.1,-707.6,6.9,516,met_family,True,pre_cut,1,street
VS000917,AC002279,AD002933,FA009,2026-04-15,-3716.3,-804.7,7.1,236,address_not_traceable,False,pre_cut,26,locality
VS000918,AC001465,AD001890,FA009,2026-04-15,1209.4,-534.2,10.0,87,address_not_traceable,False,pre_cut,1,locality
VS000919,AC002244,AD002891,FA009,2026-04-15,526.1,-937.1,11.3,180,locked_premises,False,pre_cut,1,street
VS000920,AC002248,AD002896,FA009,2026-04-15,1115.6,-481.5,14.8,436,met_family,True,pre_cut,1,locality
VS000921,AC000123,AD000155,FA009,2026-04-15,2306.2,-772.7,12.8,73,address_not_traceable,False,pre_cut,32,street
VS000922,AC001869,AD002411,FA009,2026-04-15,-3747.4,-771.5,14.6,94,address_not_traceable,False,pre_cut,1,locality
VS000923,AC000281,AD000354,FA009,2026-04-15,971.6,-1034.8,5.2,256,met_family,True,pre_cut,1,locality
VS000924,AC000620,AD000801,FA009,2026-04-15,1199.0,-546.3,6.3,1163,met_borrower,True,pre_cut,1,street
VS000925,AC002224,AD002867,FA007,2026-04-15,-2344.4,1720.9,8.9,392,neighbour_says_shifted,False,pre_cut,1,locality
VS000926,AC000675,AD000869,FA007,2026-04-15,-2102.1,1679.8,12.2,1008,met_borrower,True,pre_cut,1,locality
VS000927,AC000257,AD000324,FA007,2026-04-15,-2642.3,1717.4,21.5,1492,met_borrower,True,pre_cut,1,locality
VS000928,AC001197,AD001555,FA007,2026-04-15,-2567.4,1783.4,11.6,593,met_borrower,True,pre_cut,1,locality
VS000929,AC001052,AD001360,FA007,2026-04-15,-2310.1,1215.9,13.1,573,met_family,True,pre_cut,1,street
VS000930,AC001081,AD001399,FA007,2026-04-15,-1963.7,1662.9,12.4,73,address_not_traceable,False,pre_cut,1,street
VS000931,AC001544,AD001990,FA007,2026-04-15,-2911.8,1541.5,19.9,479,met_borrower,True,pre_cut,1,locality
VS000932,AC000317,AD000398,FA007,2026-04-15,-2515.5,1475.7,4.0,40,address_not_traceable,False,pre_cut,1,locality
VS000933,AC000679,AD000874,FA008,2026-04-15,-3857.9,-540.3,12.4,349,met_family,True,pre_cut,1,locality
VS000934,AC001859,AD002397,FA008,2026-04-15,-3594.6,-763.6,9.9,115,address_not_traceable,False,pre_cut,1,locality
VS000935,AC001391,AD001798,FA008,2026-04-15,-3966.5,-1075.6,10.4,167,locked_premises,False,pre_cut,1,locality
VS000936,AC001774,AD002293,FA008,2026-04-15,-769.0,-977.9,9.4,702,met_borrower,True,pre_cut,1,street
VS000937,AC000372,AD000471,FA008,2026-04-15,-3839.2,-1027.2,6.3,92,address_not_traceable,False,pre_cut,1,locality
VS000938,AC000846,AD001091,FA008,2026-04-15,-3691.6,-718.5,20.5,1230,met_borrower,True,pre_cut,1,locality
VS000939,AC000188,AD000235,FA008,2026-04-15,-3557.8,-771.9,14.7,267,neighbour_says_shifted,False,pre_cut,1,locality
VS000940,AC001904,AD002462,FA003,2026-04-16,2463.1,-2441.7,15.3,273,met_family,True,pre_cut,1,locality
VS000941,AC000469,AD000602,FA003,2026-04-16,2968.2,-1913.8,9.7,1006,met_borrower,True,pre_cut,1,locality
VS000942,AC001372,AD001775,FA003,2026-04-16,2705.5,-2353.7,4.5,45,address_not_traceable,False,pre_cut,1,locality
VS000943,AC000825,AD001063,FA003,2026-04-16,2911.4,-1833.7,4.9,187,locked_premises,False,pre_cut,1,locality
VS000944,AC000413,AD000529,FA003,2026-04-16,2952.4,-1877.9,12.2,341,met_family,True,pre_cut,1,locality
VS000945,AC000511,AD000658,FA003,2026-04-16,2375.7,-2255.0,11.8,1426,met_borrower,True,pre_cut,1,locality
VS000946,AC000673,AD000867,FA003,2026-04-16,3159.9,-2454.7,9.8,101,address_not_traceable,False,pre_cut,1,locality
VS000947,AC000458,AD000589,FA003,2026-04-16,2660.5,-1848.1,18.1,1323,met_borrower,True,pre_cut,1,locality
VS000948,AC000091,AD000114,FA003,2026-04-16,2684.1,-1854.1,19.0,173,locked_premises,False,pre_cut,1,street
VS000949,AC000375,AD000475,FA003,2026-04-16,2593.3,-2256.9,8.8,574,met_family,True,pre_cut,1,locality
VS000950,AC000053,AD000066,FA001,2026-04-16,1156.7,-205.0,10.6,207,locked_premises,False,pre_cut,1,locality
VS000951,AC000626,AD000809,FA001,2026-04-16,686.0,77.6,10.1,543,met_borrower,True,pre_cut,1,locality
VS000952,AC002314,AD002979,FA001,2026-04-16,65.0,-246.4,5.2,34,address_not_traceable,False,pre_cut,1,pincode
VS000953,AC000292,AD000366,FA001,2026-04-16,1682.3,231.2,17.0,45,address_not_traceable,False,pre_cut,1,street
VS000954,AC000958,AD001240,FA001,2026-04-16,1349.7,-211.4,6.7,298,neighbour_says_shifted,False,pre_cut,1,locality
VS000955,AC000649,AD000836,FA001,2026-04-16,1067.9,-185.6,4.4,62,address_not_traceable,False,pre_cut,1,locality
VS000956,AC002362,AD003041,FA001,2026-04-16,735.8,-220.2,22.7,1090,met_borrower,True,pre_cut,1,street
VS000957,AC000384,AD000488,FA001,2026-04-16,1138.2,-1153.8,16.3,71,address_not_traceable,False,pre_cut,1,pincode
VS000958,AC001533,AD001973,FA001,2026-04-16,895.5,-398.4,6.7,430,met_family,True,pre_cut,1,pincode
VS000959,AC001290,AD001676,FA002,2026-04-16,2159.3,-1810.3,13.9,65,address_not_traceable,False,pre_cut,1,pincode
VS000960,AC001713,AD002215,FA002,2026-04-16,962.6,-3050.7,20.6,89,address_not_traceable,False,pre_cut,1,locality
VS000961,AC000226,AD000286,FA002,2026-04-16,329.8,-3171.0,6.1,289,met_family,True,pre_cut,1,locality
VS000962,AC001759,AD002270,FA002,2026-04-16,734.7,-2939.5,33.0,778,met_borrower,True,pre_cut,1,locality
VS000963,AC001090,AD001414,FA002,2026-04-16,551.2,-2632.6,8.4,76,locked_premises,False,pre_cut,1,locality
VS000964,AC000786,AD001012,FA002,2026-04-16,819.2,-3288.6,13.2,262,neighbour_says_shifted,False,pre_cut,1,street
VS000965,AC002102,AD002711,FA002,2026-04-16,1407.5,-3321.3,7.4,1404,cash_collected,True,pre_cut,1,locality
VS000966,AC001545,AD001991,FA002,2026-04-16,299.0,-3262.6,7.1,153,locked_premises,False,pre_cut,1,locality
VS000967,AC002321,AD002987,FA002,2026-04-16,849.3,-3448.1,5.8,563,met_family,True,pre_cut,1,locality
VS000968,AC002142,AD002764,FA002,2026-04-16,542.5,-3401.3,18.3,82,address_not_traceable,False,pre_cut,1,rooftop
VS000969,AC002282,AD002936,FA005,2026-04-16,1122.1,2974.2,19.1,226,locked_premises,False,pre_cut,1,locality
VS000970,AC001493,AD001927,FA005,2026-04-16,1053.4,2416.6,4.5,268,met_family,True,pre_cut,1,pincode
VS000971,AC002167,AD002796,FA005,2026-04-16,844.6,216.2,6.8,83,address_not_traceable,False,pre_cut,1,pincode
VS000972,AC002369,AD003050,FA005,2026-04-16,1027.2,2725.9,12.4,67,address_not_traceable,False,pre_cut,1,locality
VS000973,AC000013,AD000016,FA005,2026-04-16,655.5,2169.3,12.3,128,neighbour_says_shifted,False,pre_cut,1,street
VS000974,AC000213,AD000268,FA005,2026-04-16,956.7,3025.5,7.0,234,locked_premises,False,pre_cut,1,locality
VS000975,AC000551,AD000711,FA005,2026-04-16,539.4,2811.6,11.4,85,address_not_traceable,False,pre_cut,1,locality
VS000976,AC001403,AD001811,FA005,2026-04-16,873.7,3184.7,6.4,138,locked_premises,False,pre_cut,1,locality
VS000977,AC002349,AD003024,FA005,2026-04-16,1007.9,2782.0,10.1,59,address_not_traceable,False,pre_cut,1,locality
VS000978,AC001935,AD002501,FA005,2026-04-16,632.7,3037.8,29.0,418,met_family,True,pre_cut,1,locality
VS000979,AC001697,AD002194,FA004,2026-04-16,1709.3,-1748.7,4.5,1495,met_borrower,True,pre_cut,1,locality
VS000980,AC001516,AD001954,FA004,2026-04-16,1098.6,-1892.0,13.0,259,met_family,True,pre_cut,1,locality
VS000981,AC001736,AD002244,FA004,2026-04-16,1237.7,-1845.6,4.8,551,met_family,True,pre_cut,1,locality
VS000982,AC001335,AD001731,FA004,2026-04-16,1229.5,-1897.1,5.0,452,met_family,True,pre_cut,1,street
VS000983,AC001439,AD001857,FA004,2026-04-16,1642.1,-2214.1,15.1,469,met_family,True,pre_cut,1,locality
VS000984,AC001223,AD001586,FA004,2026-04-16,1559.2,-1849.4,10.3,89,locked_premises,False,pre_cut,1,locality
VS000985,AC001177,AD001528,FA004,2026-04-16,1262.2,-2250.0,11.2,60,address_not_traceable,False,pre_cut,1,locality
VS000986,AC002131,AD002748,FA004,2026-04-16,1172.2,-1852.5,11.1,552,met_family,True,pre_cut,1,street
VS000987,AC000713,AD000921,FA004,2026-04-16,1528.7,-2195.5,9.5,71,address_not_traceable,False,pre_cut,1,locality
VS000988,AC000656,AD000846,FA006,2026-04-16,-1548.1,-1737.7,8.8,64,address_not_traceable,False,pre_cut,1,pincode
VS000989,AC001272,AD001647,FA006,2026-04-16,-1645.9,-2897.6,10.5,454,met_family,True,pre_cut,1,locality
VS000990,AC001114,AD001447,FA006,2026-04-16,-1366.7,-2840.0,5.5,447,met_family,True,pre_cut,1,street
VS000991,AC001651,AD002131,FA006,2026-04-16,-1539.2,-2450.6,9.0,324,met_family,True,pre_cut,1,locality
VS000992,AC000301,AD000379,FA006,2026-04-16,-1584.4,-2825.7,10.0,97,address_not_traceable,False,pre_cut,1,locality
VS000993,AC001045,AD001351,FA006,2026-04-16,1493.2,396.7,17.7,1154,met_borrower,True,pre_cut,1,locality
VS000994,AC000122,AD000153,FA009,2026-04-16,-2294.5,-154.5,5.7,109,locked_premises,False,pre_cut,1,locality
VS000995,AC001373,AD001776,FA009,2026-04-16,-3955.0,-694.5,5.7,34,address_not_traceable,False,pre_cut,1,locality
VS000996,AC001123,AD001458,FA009,2026-04-16,-3734.4,-762.5,11.7,155,met_borrower,True,pre_cut,27,locality
VS000997,AC001071,AD001384,FA009,2026-04-16,-2724.5,-471.0,9.8,116,locked_premises,False,pre_cut,1,locality
VS000998,AC001807,AD002333,FA009,2026-04-16,-2693.3,-94.6,5.0,51,address_not_traceable,False,pre_cut,1,locality
VS000999,AC001355,AD001754,FA009,2026-04-16,2319.2,-787.2,9.8,156,locked_premises,False,pre_cut,32,street
VS001000,AC000135,AD000170,FA009,2026-04-16,-3939.9,-968.2,7.7,117,address_not_traceable,False,pre_cut,1,locality
VS001001,AC000826,AD001064,FA009,2026-04-16,2322.5,-766.2,9.3,175,met_borrower,True,pre_cut,28,locality
VS001002,AC001448,AD001868,FA009,2026-04-16,2347.0,-778.8,9.5,217,locked_premises,False,pre_cut,1,locality
VS001003,AC000077,AD000098,FA008,2026-04-16,-2708.2,1581.7,27.3,116,address_not_traceable,False,pre_cut,1,locality
VS001004,AC001937,AD002504,FA008,2026-04-16,-2169.2,1457.7,10.6,102,address_not_traceable,False,pre_cut,1,locality
VS001005,AC001606,AD002068,FA008,2026-04-16,-2053.8,1535.2,19.9,131,locked_premises,False,pre_cut,1,locality
VS001006,AC002254,AD002903,FA008,2026-04-16,-2246.8,1646.2,13.6,137,locked_premises,False,pre_cut,1,street
VS001007,AC002090,AD002696,FA008,2026-04-16,-2624.7,672.2,9.5,1084,met_borrower,True,pre_cut,1,locality
VS001008,AC001327,AD001722,FA008,2026-04-16,-2288.6,1271.9,6.1,533,met_family,True,pre_cut,1,pincode
VS001009,AC000256,AD000323,FA008,2026-04-16,-2525.3,1863.1,4.0,171,locked_premises,False,pre_cut,1,street
VS001010,AC000937,AD001212,FA008,2026-04-16,-2997.2,1380.8,6.8,942,met_borrower,True,pre_cut,1,pincode
VS001011,AC001779,AD002298,FA007,2026-04-16,3018.0,-2255.1,11.7,64,address_not_traceable,False,pre_cut,1,street
VS001012,AC000676,AD000870,FA007,2026-04-16,3340.1,-2384.2,5.7,420,met_family,True,pre_cut,1,locality
VS001013,AC000837,AD001078,FA007,2026-04-16,2934.4,-2084.4,17.9,1435,met_borrower,True,pre_cut,1,locality
VS001014,AC000807,AD001039,FA007,2026-04-16,2977.4,-2372.7,12.1,674,met_borrower,True,pre_cut,1,street
VS001015,AC001586,AD002044,FA007,2026-04-16,3214.1,-2154.7,12.0,47,address_not_traceable,False,pre_cut,1,locality
VS001016,AC001799,AD002321,FA007,2026-04-16,3140.9,-1696.5,8.7,47,address_not_traceable,False,pre_cut,1,locality
VS001017,AC001653,AD002134,FA007,2026-04-16,3132.2,-1902.1,6.1,153,locked_premises,False,pre_cut,1,locality
VS001018,AC000893,AD001154,FA001,2026-04-17,-2619.4,1725.2,23.7,223,locked_premises,False,pre_cut,1,locality
VS001019,AC001406,AD001815,FA001,2026-04-17,-2481.9,1022.8,7.7,248,met_family,True,pre_cut,1,locality
VS001020,AC000190,AD000238,FA001,2026-04-17,-2851.5,982.4,11.9,1050,met_borrower,True,pre_cut,1,locality
VS001021,AC000022,AD000026,FA001,2026-04-17,-2889.6,868.5,7.5,74,address_not_traceable,False,pre_cut,1,locality
VS001022,AC001017,AD001314,FA001,2026-04-17,-2372.6,1265.4,4.0,224,locked_premises,False,pre_cut,1,street
VS001023,AC000810,AD001042,FA001,2026-04-17,-2954.9,885.0,10.0,587,met_family,True,pre_cut,1,street
VS001024,AC001385,AD001790,FA001,2026-04-17,-3095.9,1569.3,10.6,230,locked_premises,False,pre_cut,1,locality
VS001025,AC000504,AD000649,FA001,2026-04-17,-2614.1,1157.8,6.5,47,address_not_traceable,False,pre_cut,1,street
VS001026,AC000929,AD001200,FA001,2026-04-17,-2824.4,850.0,6.6,422,met_borrower,True,pre_cut,1,locality
VS001027,AC002350,AD003026,FA002,2026-04-17,2736.1,-2412.2,4.0,110,address_not_traceable,False,pre_cut,1,locality
VS001028,AC001537,AD001978,FA002,2026-04-17,3082.2,-2539.0,14.2,206,neighbour_says_shifted,False,pre_cut,1,rooftop
VS001029,AC000570,AD000735,FA002,2026-04-17,2701.5,-2383.6,20.5,830,met_borrower,True,pre_cut,1,street
VS001030,AC001872,AD002414,FA002,2026-04-17,2902.1,-1790.1,8.6,219,met_family,True,pre_cut,1,street
VS001031,AC001900,AD002457,FA002,2026-04-17,2569.0,-2301.3,14.8,88,address_not_traceable,False,pre_cut,1,locality
VS001032,AC000645,AD000832,FA002,2026-04-17,2571.1,-2180.2,13.0,96,address_not_traceable,False,pre_cut,1,locality
VS001033,AC001329,AD001724,FA002,2026-04-17,2344.8,-1230.0,4.9,60,address_not_traceable,False,pre_cut,1,locality
VS001034,AC002098,AD002707,FA002,2026-04-17,2718.2,-2194.9,8.0,188,locked_premises,False,pre_cut,1,pincode
VS001035,AC002396,AD003085,FA002,2026-04-17,3342.8,-2051.4,19.5,226,met_family,True,pre_cut,1,rooftop
VS001036,AC000310,AD000389,FA002,2026-04-17,698.2,-1328.7,10.6,109,address_not_traceable,False,pre_cut,1,pincode
VS001037,AC001588,AD002046,FA003,2026-04-17,-1008.3,-3577.5,19.2,461,met_family,True,pre_cut,1,locality
VS001038,AC002340,AD003010,FA003,2026-04-17,-1195.4,-3108.0,12.1,181,locked_premises,False,pre_cut,1,locality
VS001039,AC001794,AD002315,FA003,2026-04-17,435.8,2304.1,22.2,98,address_not_traceable,False,pre_cut,1,locality
VS001040,AC001384,AD001789,FA003,2026-04-17,-1017.2,-3111.0,6.5,31,address_not_traceable,False,pre_cut,1,locality
VS001041,AC001344,AD001742,FA003,2026-04-17,-1445.8,-3096.5,12.0,761,met_borrower,True,pre_cut,1,locality
VS001042,AC000436,AD000562,FA003,2026-04-17,-743.9,-3253.8,15.3,670,met_borrower,True,pre_cut,1,locality
VS001043,AC000876,AD001130,FA003,2026-04-17,-784.8,-3314.6,4.6,405,met_family,True,pre_cut,1,street
VS001044,AC000957,AD001239,FA003,2026-04-17,-1141.2,-3525.0,16.5,57,address_not_traceable,False,pre_cut,1,locality
VS001045,AC001128,AD001465,FA005,2026-04-17,-777.4,-740.1,7.6,472,met_borrower,True,pre_cut,1,locality
VS001046,AC000756,AD000975,FA005,2026-04-17,-589.6,-481.4,5.0,95,address_not_traceable,False,pre_cut,1,locality
VS001047,AC001524,AD001963,FA005,2026-04-17,-316.7,-734.8,7.7,989,met_borrower,True,pre_cut,1,locality
VS001048,AC000373,AD000472,FA005,2026-04-17,-291.7,-287.2,8.1,64,locked_premises,False,pre_cut,1,locality
VS001049,AC001295,AD001682,FA005,2026-04-17,-630.0,-457.9,12.9,396,neighbour_says_shifted,False,pre_cut,1,locality
VS001050,AC000449,AD000579,FA005,2026-04-17,-205.6,-214.8,8.6,96,address_not_traceable,False,pre_cut,1,pincode
VS001051,AC001571,AD002027,FA005,2026-04-17,-393.9,-423.0,8.5,648,cash_collected,True,pre_cut,1,locality
VS001052,AC001331,AD001726,FA004,2026-04-17,3229.9,820.8,14.3,78,locked_premises,False,pre_cut,1,street
VS001053,AC002133,AD002751,FA004,2026-04-17,3082.2,450.0,11.8,229,locked_premises,False,pre_cut,1,locality
VS001054,AC000321,AD000404,FA004,2026-04-17,2958.8,1035.5,10.5,1457,met_borrower,True,pre_cut,1,locality
VS001055,AC001711,AD002213,FA004,2026-04-17,2874.9,629.2,6.8,1476,cash_collected,True,pre_cut,1,street
VS001056,AC001494,AD001929,FA004,2026-04-17,3091.4,236.2,15.6,330,met_family,True,pre_cut,1,street
VS001057,AC000969,AD001254,FA004,2026-04-17,2724.2,250.4,9.3,91,locked_premises,False,pre_cut,1,street
VS001058,AC001989,AD002568,FA004,2026-04-17,3165.8,331.6,4.0,147,no_such_person,False,pre_cut,1,locality
VS001059,AC002041,AD002634,FA004,2026-04-17,270.1,-3296.1,9.7,368,met_borrower,True,pre_cut,1,locality
VS001060,AC002288,AD002945,FA004,2026-04-17,3066.9,662.8,11.7,82,address_not_traceable,False,pre_cut,1,locality
VS001061,AC001020,AD001318,FA006,2026-04-17,1267.3,-44.7,4.0,31,address_not_traceable,False,pre_cut,1,street
VS001062,AC001966,AD002541,FA006,2026-04-17,1337.2,90.6,54.0,822,met_borrower,True,pre_cut,1,locality
VS001063,AC001646,AD002123,FA006,2026-04-17,1115.5,212.5,26.2,953,met_borrower,True,pre_cut,1,locality
VS001064,AC000895,AD001156,FA006,2026-04-17,641.3,-289.3,8.4,181,met_family,True,pre_cut,1,street
VS001065,AC001092,AD001417,FA006,2026-04-17,1202.2,-435.2,8.0,60,locked_premises,False,pre_cut,1,locality
VS001066,AC000545,AD000703,FA006,2026-04-17,1277.3,150.4,12.0,117,locked_premises,False,pre_cut,1,locality
VS001067,AC001155,AD001499,FA008,2026-04-17,3528.2,7.2,5.1,160,locked_premises,False,pre_cut,1,street
VS001068,AC000560,AD000722,FA008,2026-04-17,3878.3,325.3,11.1,75,address_not_traceable,False,pre_cut,1,locality
VS001069,AC002123,AD002737,FA008,2026-04-17,3898.9,270.5,15.9,31,address_not_traceable,False,pre_cut,1,locality
VS001070,AC001420,AD001832,FA008,2026-04-17,4041.2,119.4,17.2,194,met_family,True,pre_cut,1,street
VS001071,AC000762,AD000982,FA008,2026-04-17,4209.7,576.3,7.8,455,met_family,True,pre_cut,1,street
VS001072,AC002121,AD002735,FA008,2026-04-17,3886.1,295.3,10.4,118,address_not_traceable,False,pre_cut,1,locality
VS001073,AC001461,AD001885,FA008,2026-04-17,583.0,-225.9,12.6,34,address_not_traceable,False,pre_cut,1,pincode
VS001074,AC000183,AD000228,FA008,2026-04-17,3790.5,399.4,13.8,48,address_not_traceable,False,pre_cut,1,locality
VS001075,AC001212,AD001574,FA008,2026-04-17,3713.1,-58.4,8.7,185,neighbour_says_shifted,False,pre_cut,1,street
VS001076,AC001669,AD002157,FA007,2026-04-17,581.3,-760.1,4.3,1017,met_borrower,True,pre_cut,1,locality
VS001077,AC002183,AD002819,FA007,2026-04-17,3312.8,1374.4,6.6,72,met_family,True,pre_cut,1,pincode
VS001078,AC000191,AD000239,FA007,2026-04-17,1023.4,-720.5,20.9,173,neighbour_says_shifted,False,pre_cut,1,street
VS001079,AC001079,AD001395,FA007,2026-04-17,1379.1,-1076.6,25.3,132,neighbour_says_shifted,False,pre_cut,1,locality
VS001080,AC000939,AD001216,FA007,2026-04-17,978.3,-984.2,4.0,133,locked_premises,False,pre_cut,1,locality
VS001081,AC001590,AD002049,FA007,2026-04-17,4015.9,82.8,12.6,630,met_borrower,True,pre_cut,1,locality
VS001082,AC000456,AD000587,FA007,2026-04-17,926.5,-790.4,10.8,111,address_not_traceable,False,pre_cut,1,locality
VS001083,AC000410,AD000526,FA007,2026-04-17,1112.0,-515.9,10.9,204,met_family,True,pre_cut,1,locality
VS001084,AC001111,AD001443,FA009,2026-04-17,-689.8,-3247.5,10.6,257,met_family,True,pre_cut,1,locality
VS001085,AC000205,AD000258,FA009,2026-04-17,-670.9,-3384.7,8.0,510,met_borrower,True,pre_cut,1,pincode
VS001086,AC000503,AD000647,FA009,2026-04-17,-837.4,-3371.0,14.1,103,address_not_traceable,False,pre_cut,1,locality
VS001087,AC001134,AD001472,FA009,2026-04-17,-420.0,-3929.7,11.1,110,locked_premises,False,pre_cut,1,locality
VS001088,AC002249,AD002898,FA009,2026-04-17,-304.4,-3388.2,13.8,100,address_not_traceable,False,pre_cut,1,locality
VS001089,AC001728,AD002234,FA009,2026-04-17,-615.1,-3351.9,8.7,1264,met_borrower,True,pre_cut,1,locality
VS001090,AC000487,AD000627,FA009,2026-04-17,2317.7,-773.7,6.1,177,address_not_traceable,False,pre_cut,1,locality
VS001091,AC002385,AD003072,FA009,2026-04-17,-804.9,-831.0,6.8,181,neighbour_says_shifted,False,pre_cut,1,street
VS001092,AC000351,AD000446,FA009,2026-04-17,2336.7,-752.3,15.7,226,address_not_traceable,False,pre_cut,32,locality
VS001093,AC002264,AD002916,FA009,2026-04-17,2324.8,-754.0,7.8,134,locked_premises,False,pre_cut,26,locality
VS001094,AC000604,AD000779,FA002,2026-04-18,2200.5,837.1,9.9,172,locked_premises,False,pre_cut,1,locality
VS001095,AC000168,AD000209,FA002,2026-04-18,2685.8,1032.4,6.0,223,no_such_person,False,pre_cut,1,locality
VS001096,AC000518,AD000668,FA002,2026-04-18,2228.4,794.2,4.5,100,address_not_traceable,False,pre_cut,1,locality
VS001097,AC000519,AD000669,FA002,2026-04-18,2270.7,612.7,14.8,203,locked_premises,False,pre_cut,1,locality
VS001098,AC001248,AD001616,FA002,2026-04-18,410.2,2268.7,8.5,218,locked_premises,False,pre_cut,2,street
VS001099,AC001086,AD001408,FA002,2026-04-18,2602.5,956.1,5.3,617,met_borrower,True,pre_cut,1,locality
VS001100,AC000934,AD001207,FA002,2026-04-18,2490.1,904.0,20.4,200,neighbour_says_shifted,False,pre_cut,1,locality
VS001101,AC001393,AD001800,FA001,2026-04-18,2422.3,-2218.8,6.9,72,address_not_traceable,False,pre_cut,1,locality
VS001102,AC001063,AD001372,FA001,2026-04-18,2899.1,-2737.4,5.3,838,met_borrower,True,pre_cut,1,locality
VS001103,AC000568,AD000733,FA001,2026-04-18,2865.7,-2273.3,12.9,803,met_borrower,True,pre_cut,1,locality
VS001104,AC001144,AD001484,FA001,2026-04-18,2795.4,-2421.3,5.9,30,address_not_traceable,False,pre_cut,1,locality
VS001105,AC001033,AD001336,FA001,2026-04-18,2709.5,-1810.6,10.2,102,locked_premises,False,pre_cut,1,locality
VS001106,AC002267,AD002920,FA001,2026-04-18,2745.4,-2558.5,6.0,548,met_family,True,pre_cut,1,locality
VS001107,AC000984,AD001273,FA001,2026-04-18,2308.8,-2143.2,6.2,199,locked_premises,False,pre_cut,1,locality
VS001108,AC000498,AD000641,FA001,2026-04-18,2753.2,-2105.8,41.3,73,address_not_traceable,False,pre_cut,1,locality
VS001109,AC001048,AD001354,FA001,2026-04-18,2850.1,-2275.5,5.4,42,address_not_traceable,False,pre_cut,1,locality
VS001110,AC001411,AD001821,FA001,2026-04-18,2485.4,-2381.9,11.7,568,met_family,True,pre_cut,1,street
VS001111,AC002172,AD002802,FA003,2026-04-18,695.6,-2790.3,5.4,256,met_family,True,pre_cut,1,locality
VS001112,AC000161,AD000201,FA003,2026-04-18,1541.4,1225.3,6.8,146,met_family,True,pre_cut,1,locality
VS001113,AC001354,AD001753,FA003,2026-04-18,940.3,-2893.9,19.1,1116,met_borrower,True,pre_cut,1,street
VS001114,AC000637,AD000822,FA003,2026-04-18,431.3,-2855.5,17.7,158,locked_premises,False,pre_cut,1,locality
VS001115,AC001473,AD001900,FA003,2026-04-18,699.4,-2681.9,7.2,305,neighbour_says_shifted,False,pre_cut,1,locality
VS001116,AC001456,AD001879,FA003,2026-04-18,551.2,-2850.2,20.1,1227,cash_collected,True,pre_cut,1,locality
VS001117,AC000034,AD000041,FA003,2026-04-18,-628.0,-1274.5,4.2,538,met_borrower,True,pre_cut,1,street
VS001118,AC000711,AD000917,FA006,2026-04-18,845.7,2756.3,7.3,102,address_not_traceable,False,pre_cut,1,locality
VS001119,AC001036,AD001339,FA006,2026-04-18,608.3,3028.8,4.4,391,met_family,True,pre_cut,1,locality
VS001120,AC001160,AD001505,FA006,2026-04-18,1077.1,2669.1,17.1,812,met_borrower,True,pre_cut,1,locality
VS001121,AC001500,AD001937,FA006,2026-04-18,740.4,3085.7,4.0,1432,met_borrower,True,pre_cut,1,street
VS001122,AC001491,AD001924,FA006,2026-04-18,861.9,1689.0,4.0,101,address_not_traceable,False,pre_cut,1,locality
VS001123,AC001933,AD002499,FA006,2026-04-18,858.4,2773.5,5.9,1267,met_borrower,True,pre_cut,1,locality
VS001124,AC001596,AD002057,FA006,2026-04-18,702.7,3033.0,16.4,576,met_borrower,True,pre_cut,1,pincode
VS001125,AC000146,AD000182,FA006,2026-04-18,1009.9,2912.7,19.3,115,address_not_traceable,False,pre_cut,1,locality
VS001126,AC002227,AD002870,FA005,2026-04-18,1498.0,-2251.8,5.9,70,locked_premises,False,pre_cut,1,locality
VS001127,AC000266,AD000336,FA005,2026-04-18,1407.8,-1776.8,5.2,90,address_not_traceable,False,pre_cut,1,locality
VS001128,AC000218,AD000275,FA005,2026-04-18,-2036.7,-1170.5,5.8,30,address_not_traceable,False,pre_cut,1,pincode
VS001129,AC000586,AD000756,FA005,2026-04-18,1062.4,-2160.4,9.3,38,address_not_traceable,False,pre_cut,1,street
VS001130,AC001754,AD002263,FA005,2026-04-18,1686.4,-2440.2,12.2,1200,met_borrower,True,pre_cut,1,locality
VS001131,AC000636,AD000821,FA005,2026-04-18,1653.5,-2739.4,6.8,81,address_not_traceable,False,pre_cut,1,locality
VS001132,AC000633,AD000817,FA005,2026-04-18,1480.7,-1962.5,19.8,568,met_family,True,pre_cut,1,locality
VS001133,AC000959,AD001242,FA005,2026-04-18,1529.2,-2083.4,6.1,284,no_such_person,False,pre_cut,1,locality
VS001134,AC000267,AD000338,FA005,2026-04-18,1205.3,-2016.5,18.3,186,locked_premises,False,pre_cut,1,locality
VS001135,AC001549,AD001996,FA005,2026-04-18,1662.1,-1760.7,13.5,486,met_family,True,pre_cut,1,pincode
VS001136,AC001901,AD002458,FA004,2026-04-18,718.0,-3040.5,4.9,99,address_not_traceable,False,pre_cut,1,locality
VS001137,AC000523,AD000674,FA004,2026-04-18,1296.6,-1683.8,8.0,38,address_not_traceable,False,pre_cut,1,pincode
VS001138,AC000739,AD000953,FA004,2026-04-18,545.6,-3272.7,14.7,37,address_not_traceable,False,pre_cut,1,locality
VS001139,AC000451,AD000581,FA004,2026-04-18,720.1,-3426.2,8.1,1298,met_borrower,True,pre_cut,1,locality
VS001140,AC001435,AD001852,FA004,2026-04-18,685.5,-3294.8,7.5,199,neighbour_says_shifted,False,pre_cut,1,locality
VS001141,AC000140,AD000176,FA004,2026-04-18,847.8,-2714.1,24.6,797,met_borrower,True,pre_cut,1,locality
VS001142,AC001921,AD002483,FA004,2026-04-18,783.1,-2773.5,6.6,220,neighbour_says_shifted,False,pre_cut,1,locality
VS001143,AC000290,AD000364,FA004,2026-04-18,950.8,-3476.6,9.4,498,met_family,True,pre_cut,1,street
VS001144,AC000820,AD001055,FA004,2026-04-18,353.0,-3230.0,7.8,567,met_family,True,pre_cut,1,locality
VS001145,AC001204,AD001564,FA007,2026-04-18,-425.2,-3338.5,10.3,118,address_not_traceable,False,pre_cut,1,locality
VS001146,AC000941,AD001219,FA007,2026-04-18,1294.5,-3430.4,4.5,48,address_not_traceable,False,pre_cut,1,locality
VS001147,AC002103,AD002713,FA007,2026-04-18,-2499.0,-24.5,8.7,96,address_not_traceable,False,pre_cut,1,locality
VS001148,AC000396,AD000505,FA007,2026-04-18,-2434.0,-511.8,7.7,64,address_not_traceable,False,pre_cut,1,pincode
VS001149,AC000881,AD001138,FA007,2026-04-18,-353.5,-3259.2,12.3,141,locked_premises,False,pre_cut,1,street
VS001150,AC001863,AD002402,FA007,2026-04-18,-236.3,-3862.8,6.6,302,met_family,True,pre_cut,1,locality
VS001151,AC002341,AD003012,FA007,2026-04-18,-635.0,-3831.5,10.3,257,met_family,True,pre_cut,1,locality
VS001152,AC000446,AD000574,FA007,2026-04-18,-67.0,-3856.9,8.4,131,locked_premises,False,pre_cut,1,street
VS001153,AC001490,AD001922,FA007,2026-04-18,-816.9,-3739.9,10.7,1266,met_borrower,True,pre_cut,1,locality
VS001154,AC002074,AD002675,FA008,2026-04-18,-693.2,3159.5,6.9,252,met_family,True,pre_cut,1,locality
VS001155,AC001224,AD001587,FA008,2026-04-18,-815.9,2980.9,14.4,541,met_family,True,pre_cut,1,locality
VS001156,AC002011,AD002596,FA008,2026-04-18,-799.1,2801.6,6.9,279,no_such_person,False,pre_cut,1,street
VS001157,AC000625,AD000808,FA008,2026-04-18,-704.1,3095.5,5.6,554,met_family,True,pre_cut,1,locality
VS001158,AC001173,AD001521,FA008,2026-04-18,-725.9,3281.9,13.7,571,met_borrower,True,pre_cut,1,locality
VS001159,AC000508,AD000654,FA008,2026-04-18,-1556.4,2259.9,15.2,100,address_not_traceable,False,pre_cut,1,pincode
VS001160,AC000513,AD000662,FA008,2026-04-18,-641.8,3123.3,14.2,101,address_not_traceable,False,pre_cut,1,locality
VS001161,AC000758,AD000978,FA009,2026-04-18,-3742.5,-774.1,16.5,229,address_not_traceable,False,pre_cut,1,locality
VS001162,AC000976,AD001262,FA009,2026-04-18,-727.5,-543.0,9.6,81,address_not_traceable,False,pre_cut,1,locality
VS001163,AC000078,AD000099,FA009,2026-04-18,-341.2,-434.4,8.4,419,met_family,True,pre_cut,1,locality
VS001164,AC001746,AD002254,FA009,2026-04-18,2307.4,-785.9,13.2,99,address_not_traceable,False,pre_cut,28,street
VS001165,AC000709,AD000915,FA009,2026-04-18,-753.9,-822.7,23.1,235,locked_premises,False,pre_cut,1,locality
VS001166,AC002067,AD002667,FA009,2026-04-18,-1418.7,-734.0,10.0,1066,met_borrower,True,pre_cut,1,locality
VS001167,AC000663,AD000856,FA009,2026-04-18,-581.9,-859.2,7.3,298,met_family,True,pre_cut,1,locality
VS001168,AC000804,AD001035,FA002,2026-04-20,1007.9,-409.3,11.8,325,met_family,True,pre_cut,1,locality
VS001169,AC000196,AD000247,FA002,2026-04-20,789.6,-594.7,21.3,364,neighbour_says_shifted,False,pre_cut,1,pincode
VS001170,AC001605,AD002067,FA002,2026-04-20,1042.0,-389.9,13.1,417,met_family,True,pre_cut,1,locality
VS001171,AC001678,AD002169,FA002,2026-04-20,1040.2,-318.9,4.2,60,address_not_traceable,False,pre_cut,1,street
VS001172,AC000610,AD000788,FA002,2026-04-20,1293.7,-56.5,9.9,263,no_such_person,False,pre_cut,1,locality
VS001173,AC000001,AD000002,FA002,2026-04-20,-2449.8,-2068.9,4.0,124,locked_premises,False,pre_cut,1,street
VS001174,AC000844,AD001088,FA002,2026-04-20,1478.1,-298.4,11.7,234,locked_premises,False,pre_cut,1,locality
VS001175,AC002238,AD002882,FA002,2026-04-20,1183.1,-326.3,10.6,328,met_borrower,True,pre_cut,1,pincode
VS001176,AC001598,AD002060,FA002,2026-04-20,771.7,-348.7,7.2,429,met_family,True,pre_cut,1,street
VS001177,AC001999,AD002579,FA001,2026-04-20,-2009.7,-2592.2,7.1,471,met_family,True,pre_cut,1,locality
VS001178,AC000286,AD000359,FA001,2026-04-20,-2600.0,-2558.8,5.7,528,met_family,True,pre_cut,1,locality
VS001179,AC000137,AD000172,FA001,2026-04-20,-2222.4,-2670.5,17.4,264,met_family,True,pre_cut,1,locality
VS001180,AC000144,AD000180,FA001,2026-04-20,-2231.4,-2703.7,13.4,110,locked_premises,False,pre_cut,1,locality
VS001181,AC001796,AD002317,FA001,2026-04-20,-2383.5,-2026.4,7.6,399,met_family,True,pre_cut,1,locality
VS001182,AC000466,AD000599,FA001,2026-04-20,-1035.3,-2617.7,46.7,112,address_not_traceable,False,pre_cut,1,pincode
VS001183,AC000376,AD000477,FA001,2026-04-20,-2042.2,-2073.2,5.5,497,met_borrower,True,pre_cut,1,locality
VS001184,AC001447,AD001867,FA003,2026-04-20,2733.0,1486.0,4.0,32,address_not_traceable,False,pre_cut,1,street
VS001185,AC000751,AD000969,FA003,2026-04-20,2126.4,1043.4,16.7,350,met_family,True,pre_cut,1,locality
VS001186,AC001834,AD002367,FA003,2026-04-20,2101.2,761.6,6.6,193,locked_premises,False,pre_cut,1,locality
VS001187,AC000089,AD000111,FA003,2026-04-20,2390.3,1072.6,10.7,52,address_not_traceable,False,pre_cut,1,locality
VS001188,AC000348,AD000441,FA003,2026-04-20,2552.7,912.2,9.4,214,met_family,True,pre_cut,1,locality
VS001189,AC002129,AD002744,FA003,2026-04-20,2393.1,1008.6,8.9,104,address_not_traceable,False,pre_cut,1,locality
VS001190,AC000850,AD001096,FA003,2026-04-20,2712.2,943.5,4.0,223,met_family,True,pre_cut,1,locality
VS001191,AC002344,AD003016,FA003,2026-04-20,2596.8,379.7,15.1,363,met_family,True,pre_cut,1,locality
VS001192,AC000404,AD000517,FA003,2026-04-20,2091.6,613.2,12.2,914,met_borrower,True,pre_cut,1,street
VS001193,AC000388,AD000495,FA006,2026-04-20,2867.2,-1351.3,39.2,110,locked_premises,False,pre_cut,1,locality
VS001194,AC000865,AD001117,FA006,2026-04-20,2085.2,-1047.1,11.7,31,address_not_traceable,False,pre_cut,1,locality
VS001195,AC001158,AD001503,FA006,2026-04-20,2927.9,-1497.7,24.7,363,neighbour_says_shifted,False,pre_cut,1,street
VS001196,AC001296,AD001683,FA006,2026-04-20,2712.3,-1364.9,11.7,644,met_borrower,True,pre_cut,1,locality
VS001197,AC001965,AD002540,FA006,2026-04-20,2481.5,-1583.5,16.7,269,met_family,True,pre_cut,1,locality
VS001198,AC001437,AD001855,FA006,2026-04-20,2343.3,-1346.0,4.7,557,met_family,True,pre_cut,1,locality
VS001199,AC000878,AD001133,FA006,2026-04-20,2642.7,-1188.6,11.8,65,address_not_traceable,False,pre_cut,1,locality
VS001200,AC000159,AD000198,FA005,2026-04-20,-501.7,3049.5,10.1,504,cash_collected,True,pre_cut,1,locality
VS001201,AC001637,AD002112,FA005,2026-04-20,-356.3,3278.7,7.1,587,met_family,True,pre_cut,1,street
VS001202,AC001813,AD002341,FA005,2026-04-20,-770.0,2731.8,13.6,393,met_family,True,pre_cut,1,locality
VS001203,AC000224,AD000284,FA005,2026-04-20,-436.6,3061.5,8.7,169,neighbour_says_shifted,False,pre_cut,1,street
VS001204,AC001676,AD002166,FA005,2026-04-20,-980.4,3032.9,9.8,153,no_such_person,False,pre_cut,1,locality
VS001205,AC000130,AD000163,FA005,2026-04-20,-734.0,2698.3,7.7,243,no_such_person,False,pre_cut,1,locality
VS001206,AC002389,AD003077,FA004,2026-04-20,3166.0,-1420.7,9.5,1072,met_borrower,True,pre_cut,1,locality
VS001207,AC001753,AD002262,FA004,2026-04-20,2648.1,-1628.8,6.1,170,locked_premises,False,pre_cut,1,locality
VS001208,AC000364,AD000460,FA004,2026-04-20,2788.3,-1394.4,12.1,97,address_not_traceable,False,pre_cut,1,locality
VS001209,AC002365,AD003045,FA004,2026-04-20,2834.3,-1304.8,11.0,67,address_not_traceable,False,pre_cut,1,locality
VS001210,AC001506,AD001944,FA004,2026-04-20,2672.4,-1441.7,9.0,66,address_not_traceable,False,pre_cut,1,locality
VS001211,AC002398,AD003087,FA004,2026-04-20,2658.8,-1351.7,6.3,394,met_borrower,True,pre_cut,1,locality
VS001212,AC001636,AD002111,FA004,2026-04-20,3063.1,-1243.7,8.0,559,met_family,True,pre_cut,1,pincode
VS001213,AC001577,AD002034,FA004,2026-04-20,1337.2,-2728.5,14.1,115,address_not_traceable,False,pre_cut,1,pincode
VS001214,AC000492,AD000633,FA004,2026-04-20,2886.1,-1360.4,12.3,42,address_not_traceable,False,pre_cut,1,locality
VS001215,AC001440,AD001858,FA004,2026-04-20,1338.9,-1528.8,6.7,93,address_not_traceable,False,pre_cut,1,pincode
VS001216,AC001873,AD002416,FA007,2026-04-20,-131.6,-3801.0,5.1,860,met_borrower,True,pre_cut,1,locality
VS001217,AC001029,AD001330,FA007,2026-04-20,-3797.9,-367.4,14.5,43,address_not_traceable,False,pre_cut,1,locality
VS001218,AC001686,AD002181,FA007,2026-04-20,-2708.8,166.1,5.4,327,met_borrower,True,pre_cut,1,rooftop
VS001219,AC002066,AD002666,FA007,2026-04-20,-1688.5,-1639.1,20.2,67,address_not_traceable,False,pre_cut,1,pincode
VS001220,AC002312,AD002977,FA007,2026-04-20,-2665.4,-486.1,14.2,142,locked_premises,False,pre_cut,1,locality
VS001221,AC000761,AD000981,FA007,2026-04-20,-2528.1,-202.8,14.3,688,met_borrower,True,pre_cut,1,locality
VS001222,AC000228,AD000288,FA007,2026-04-20,-3043.0,-595.3,8.3,120,neighbour_says_shifted,False,pre_cut,1,locality
VS001223,AC002295,AD002956,FA007,2026-04-20,-3068.4,-133.1,11.9,103,locked_premises,False,pre_cut,1,locality
VS001224,AC002297,AD002959,FA007,2026-04-20,-2446.3,-509.6,18.7,154,locked_premises,False,pre_cut,1,street
VS001225,AC000258,AD000326,FA007,2026-04-20,-1968.7,-1289.8,12.5,119,address_not_traceable,False,pre_cut,1,pincode
VS001226,AC001141,AD001481,FA008,2026-04-20,2871.3,-1841.0,11.8,185,locked_premises,False,pre_cut,1,locality
VS001227,AC002042,AD002635,FA008,2026-04-20,3403.9,-2059.6,6.0,84,address_not_traceable,False,pre_cut,1,locality
VS001228,AC000983,AD001272,FA008,2026-04-20,3124.9,-2317.2,9.9,577,met_family,True,pre_cut,1,locality
VS001229,AC000631,AD000815,FA008,2026-04-20,3042.4,-2502.1,11.4,580,met_borrower,True,pre_cut,1,street
VS001230,AC002322,AD002988,FA008,2026-04-20,3161.6,-1576.3,6.0,40,address_not_traceable,False,pre_cut,1,locality
VS001231,AC000162,AD000202,FA008,2026-04-20,3562.0,-1789.0,12.1,147,locked_premises,False,pre_cut,1,locality
VS001232,AC001430,AD001845,FA009,2026-04-20,3662.4,-45.7,14.0,523,met_borrower,True,pre_cut,1,locality
VS001233,AC001175,AD001524,FA009,2026-04-20,4236.0,148.1,5.8,207,neighbour_says_shifted,False,pre_cut,1,locality
VS001234,AC001404,AD001812,FA009,2026-04-20,3882.8,575.4,11.3,505,met_borrower,True,pre_cut,1,locality
VS001235,AC001664,AD002150,FA009,2026-04-20,2345.3,-786.8,12.0,121,locked_premises,False,pre_cut,28,locality
VS001236,AC001239,AD001605,FA009,2026-04-20,2314.4,-775.9,6.1,155,met_borrower,True,pre_cut,28,locality
VS001237,AC000869,AD001122,FA009,2026-04-20,3389.4,498.4,4.4,486,met_family,True,pre_cut,1,locality
VS001238,AC001656,AD002139,FA009,2026-04-20,2339.8,-784.9,12.6,217,met_family,True,pre_cut,26,locality
VS001239,AC000113,AD000142,FA009,2026-04-20,4146.2,680.8,39.9,666,cash_collected,True,pre_cut,1,street
VS001240,AC000953,AD001233,FA003,2026-04-21,2537.5,-2373.4,29.5,1194,met_borrower,True,pre_cut,1,locality
VS001241,AC002174,AD002806,FA003,2026-04-21,2847.2,-1771.9,6.0,242,no_such_person,False,pre_cut,1,locality
VS001242,AC001012,AD001307,FA003,2026-04-21,409.0,-3158.9,5.2,1311,met_borrower,True,pre_cut,1,street
VS001243,AC001830,AD002362,FA003,2026-04-21,2513.7,-2119.6,7.1,135,locked_premises,False,pre_cut,1,locality
VS001244,AC000608,AD000785,FA003,2026-04-21,2437.1,-2255.4,4.8,623,met_borrower,True,pre_cut,1,pincode
VS001245,AC001562,AD002016,FA003,2026-04-21,2711.9,-2081.5,10.5,52,address_not_traceable,False,pre_cut,1,locality
VS001246,AC000506,AD000652,FA003,2026-04-21,2860.3,-2284.7,15.6,110,locked_premises,False,pre_cut,1,locality
VS001247,AC000442,AD000569,FA003,2026-04-21,2851.7,-2377.5,19.6,73,address_not_traceable,False,pre_cut,1,locality
VS001248,AC002086,AD002691,FA003,2026-04-21,1478.6,-2249.2,13.1,47,address_not_traceable,False,pre_cut,1,pincode
VS001249,AC000858,AD001108,FA003,2026-04-21,312.1,2546.9,11.2,206,locked_premises,False,pre_cut,1,street
VS001250,AC001963,AD002537,FA001,2026-04-21,2090.0,-2029.5,21.8,84,address_not_traceable,False,pre_cut,1,pincode
VS001251,AC001091,AD001416,FA001,2026-04-21,2641.6,-1712.4,7.6,1380,met_borrower,True,pre_cut,1,street
VS001252,AC000060,AD000075,FA001,2026-04-21,2760.1,-2266.7,10.0,313,neighbour_says_shifted,False,pre_cut,1,locality
VS001253,AC000154,AD000193,FA001,2026-04-21,1627.6,-820.6,4.3,115,address_not_traceable,False,pre_cut,1,pincode
VS001254,AC000701,AD000903,FA001,2026-04-21,3089.9,-2518.2,13.5,551,met_family,True,pre_cut,1,street
VS001255,AC000918,AD001186,FA001,2026-04-21,2922.1,-2013.1,11.0,1414,met_borrower,True,pre_cut,1,locality
VS001256,AC001785,AD002304,FA001,2026-04-21,2741.5,-2347.4,14.3,184,no_such_person,False,pre_cut,1,locality
VS001257,AC001507,AD001945,FA002,2026-04-21,-3136.7,798.7,13.9,95,no_such_person,False,pre_cut,1,locality
VS001258,AC001424,AD001836,FA002,2026-04-21,-2991.6,1446.0,8.6,95,address_not_traceable,False,pre_cut,1,locality
VS001259,AC000721,AD000930,FA002,2026-04-21,-2597.1,1574.2,6.9,383,neighbour_says_shifted,False,pre_cut,1,rooftop
VS001260,AC002318,AD002983,FA002,2026-04-21,-1709.8,883.7,43.9,80,address_not_traceable,False,pre_cut,1,pincode
VS001261,AC000038,AD000047,FA002,2026-04-21,-2418.3,1132.2,6.2,1454,met_borrower,True,pre_cut,1,locality
VS001262,AC002046,AD002641,FA002,2026-04-21,-2817.9,838.4,9.5,167,neighbour_says_shifted,False,pre_cut,1,locality
VS001263,AC001443,AD001862,FA002,2026-04-21,-3276.0,1255.3,6.2,580,met_family,True,pre_cut,1,pincode
VS001264,AC001475,AD001903,FA002,2026-04-21,1688.4,2445.0,14.8,94,address_not_traceable,False,pre_cut,1,pincode
VS001265,AC001125,AD001461,FA002,2026-04-21,-2466.0,1079.2,4.0,55,address_not_traceable,False,pre_cut,1,locality
VS001266,AC001828,AD002359,FA006,2026-04-21,1650.6,-1618.9,5.9,399,neighbour_says_shifted,False,pre_cut,1,street
VS001267,AC000418,AD000538,FA006,2026-04-21,586.6,-3120.2,11.9,84,address_not_traceable,False,pre_cut,1,locality
VS001268,AC001353,AD001752,FA006,2026-04-21,1459.7,-2273.0,10.0,137,neighbour_says_shifted,False,pre_cut,1,locality
VS001269,AC002387,AD003074,FA006,2026-04-21,2390.0,-1418.7,6.6,65,address_not_traceable,False,pre_cut,1,pincode
VS001270,AC002308,AD002973,FA006,2026-04-21,1855.3,-1469.5,7.0,110,address_not_traceable,False,pre_cut,1,pincode
VS001271,AC001997,AD002576,FA006,2026-04-21,1425.9,-1987.7,15.4,95,address_not_traceable,False,pre_cut,1,locality
VS001272,AC000787,AD001013,FA006,2026-04-21,1299.5,-1967.9,19.9,30,address_not_traceable,False,pre_cut,1,street
VS001273,AC002207,AD002849,FA005,2026-04-21,1677.7,-2350.1,24.0,1001,met_borrower,True,pre_cut,1,locality
VS001274,AC001151,AD001495,FA005,2026-04-21,1266.3,-1846.9,4.3,220,locked_premises,False,pre_cut,1,pincode
VS001275,AC001288,AD001673,FA005,2026-04-21,1066.2,-1740.3,16.2,202,locked_premises,False,pre_cut,1,street
VS001276,AC000327,AD000412,FA005,2026-04-21,1346.8,-2136.4,11.3,496,met_borrower,True,pre_cut,1,street
VS001277,AC001907,AD002466,FA005,2026-04-21,1836.8,-2113.1,17.3,224,locked_premises,False,pre_cut,1,locality
VS001278,AC001597,AD002059,FA005,2026-04-21,1214.5,-2023.0,6.4,86,locked_premises,False,pre_cut,1,locality
VS001279,AC001282,AD001662,FA004,2026-04-21,-470.3,3140.3,11.2,100,locked_premises,False,pre_cut,1,locality
VS001280,AC000070,AD000088,FA004,2026-04-21,-475.7,3182.2,18.7,467,met_family,True,pre_cut,1,street
VS001281,AC000769,AD000992,FA004,2026-04-21,2588.6,-1304.9,4.0,125,locked_premises,False,pre_cut,1,locality
VS001282,AC000879,AD001135,FA004,2026-04-21,-893.8,2960.0,12.6,627,met_borrower,True,pre_cut,1,locality
VS001283,AC002177,AD002811,FA004,2026-04-21,-758.4,2718.7,7.3,1093,met_borrower,True,pre_cut,1,locality
VS001284,AC001717,AD002220,FA004,2026-04-21,-721.8,2943.9,11.9,869,met_borrower,True,pre_cut,1,locality
VS001285,AC000033,AD000039,FA004,2026-04-21,-565.7,2542.2,14.6,188,locked_premises,False,pre_cut,1,street
VS001286,AC000158,AD000197,FA008,2026-04-21,-2678.3,-126.1,8.2,1101,met_borrower,True,pre_cut,1,locality
VS001287,AC001727,AD002233,FA008,2026-04-21,-2648.0,-456.3,7.2,186,locked_premises,False,pre_cut,1,street
VS001288,AC001987,AD002566,FA008,2026-04-21,-2630.3,-82.3,7.4,196,locked_premises,False,pre_cut,1,locality
VS001289,AC000838,AD001079,FA008,2026-04-21,-2447.0,-88.5,24.2,144,locked_premises,False,pre_cut,1,rooftop
VS001290,AC000481,AD000617,FA008,2026-04-21,-2997.9,-21.3,23.7,361,met_family,True,pre_cut,1,locality
VS001291,AC001181,AD001534,FA008,2026-04-21,-2542.5,-185.8,40.9,88,locked_premises,False,pre_cut,1,pincode
VS001292,AC001031,AD001333,FA008,2026-04-21,-2507.9,-568.1,7.3,74,address_not_traceable,False,pre_cut,1,locality
VS001293,AC000490,AD000631,FA008,2026-04-21,-2849.7,-130.5,13.8,101,locked_premises,False,pre_cut,1,locality
VS001294,AC001870,AD002412,FA008,2026-04-21,-2678.1,-163.5,11.0,156,locked_premises,False,pre_cut,1,locality
VS001295,AC001970,AD002546,FA008,2026-04-21,-2535.7,-157.5,10.4,65,address_not_traceable,False,pre_cut,1,locality
VS001296,AC002118,AD002731,FA007,2026-04-21,852.9,1611.3,9.0,295,neighbour_says_shifted,False,pre_cut,1,street
VS001297,AC002206,AD002848,FA007,2026-04-21,976.0,-911.6,9.0,233,locked_premises,False,pre_cut,1,locality
VS001298,AC000735,AD000948,FA007,2026-04-21,992.7,-690.7,7.7,451,met_family,True,pre_cut,1,street
VS001299,AC000182,AD000227,FA007,2026-04-21,1161.6,-1182.7,9.8,477,met_borrower,True,pre_cut,1,locality
VS001300,AC000926,AD001197,FA007,2026-04-21,1363.0,-589.7,12.8,112,address_not_traceable,False,pre_cut,1,locality
VS001301,AC000356,AD000451,FA007,2026-04-21,1006.6,-489.2,12.4,1109,cash_collected,True,pre_cut,1,locality
VS001302,AC000443,AD000570,FA007,2026-04-21,638.9,-790.5,6.9,221,no_such_person,False,pre_cut,1,locality
VS001303,AC000415,AD000533,FA007,2026-04-21,-2581.0,-176.7,18.8,1387,met_borrower,True,pre_cut,1,locality
VS001304,AC000276,AD000347,FA007,2026-04-21,1362.3,-2228.4,13.5,49,address_not_traceable,False,pre_cut,1,pincode
VS001305,AC000198,AD000249,FA007,2026-04-21,1280.3,-652.6,4.7,59,address_not_traceable,False,pre_cut,1,street
VS001306,AC000963,AD001247,FA009,2026-04-21,2327.5,-763.0,7.3,136,address_not_traceable,False,pre_cut,23,street
VS001307,AC001040,AD001343,FA009,2026-04-21,2333.1,-794.3,11.4,86,met_borrower,True,pre_cut,26,street
VS001308,AC000277,AD000348,FA009,2026-04-21,-719.1,-549.9,9.9,109,address_not_traceable,False,pre_cut,1,locality
VS001309,AC000789,AD001017,FA009,2026-04-21,-934.6,-724.5,17.6,167,neighbour_says_shifted,False,pre_cut,1,locality
VS001310,AC000980,AD001268,FA009,2026-04-21,-147.1,-850.7,4.5,1044,met_borrower,True,pre_cut,1,locality
VS001311,AC000065,AD000081,FA009,2026-04-21,-756.1,-862.4,4.0,369,met_borrower,True,pre_cut,1,locality
VS001312,AC002099,AD002708,FA009,2026-04-21,-1265.2,-620.2,21.1,478,met_family,True,pre_cut,1,locality
VS001313,AC001558,AD002009,FA009,2026-04-21,-1173.3,-749.3,34.0,217,locked_premises,False,pre_cut,1,locality
VS001314,AC002272,AD002925,FA002,2026-04-22,2578.1,-1956.1,12.6,390,met_family,True,pre_cut,1,locality
VS001315,AC000079,AD000100,FA002,2026-04-22,2831.7,-2128.6,32.1,159,locked_premises,False,pre_cut,1,locality
VS001316,AC001025,AD001324,FA002,2026-04-22,2613.4,-1900.3,26.3,454,met_family,True,pre_cut,1,locality
VS001317,AC001217,AD001579,FA002,2026-04-22,2293.1,-2412.4,10.1,54,address_not_traceable,False,pre_cut,1,street
VS001318,AC001739,AD002247,FA002,2026-04-22,1795.2,-697.0,4.0,68,address_not_traceable,False,pre_cut,1,locality
VS001319,AC000583,AD000753,FA002,2026-04-22,2792.7,-2556.0,11.3,443,met_borrower,True,pre_cut,1,locality
VS001320,AC002313,AD002978,FA002,2026-04-22,2783.5,-2388.3,12.1,99,no_such_person,False,pre_cut,1,locality
VS001321,AC000857,AD001105,FA002,2026-04-22,2911.7,-2515.3,10.2,480,met_borrower,True,pre_cut,1,locality
VS001322,AC000251,AD000316,FA002,2026-04-22,2385.4,-2176.7,13.2,654,met_borrower,True,pre_cut,1,street
VS001323,AC001957,AD002530,FA002,2026-04-22,1288.7,-2740.5,8.8,35,address_not_traceable,False,pre_cut,1,pincode
VS001324,AC000572,AD000738,FA001,2026-04-22,-361.8,-944.9,8.3,157,locked_premises,False,pre_cut,1,locality
VS001325,AC001930,AD002494,FA001,2026-04-22,-745.4,-940.3,9.5,284,met_family,True,pre_cut,1,locality
VS001326,AC002262,AD002914,FA001,2026-04-22,-1326.4,242.3,14.1,57,address_not_traceable,False,pre_cut,1,locality
VS001327,AC001341,AD001738,FA001,2026-04-22,-891.6,-1440.7,7.4,123,locked_premises,False,pre_cut,1,locality
VS001328,AC001927,AD002490,FA001,2026-04-22,-839.4,-1394.9,8.6,1271,met_borrower,True,pre_cut,1,locality
VS001329,AC001748,AD002257,FA001,2026-04-22,191.8,2753.6,11.4,170,locked_premises,False,pre_cut,1,locality
VS001330,AC002178,AD002812,FA001,2026-04-22,-1030.5,-1008.3,8.6,185,locked_premises,False,pre_cut,1,locality
VS001331,AC002182,AD002818,FA003,2026-04-22,225.0,2278.9,19.2,83,address_not_traceable,False,pre_cut,1,locality
VS001332,AC001023,AD001322,FA003,2026-04-22,1506.1,1147.0,25.1,55,address_not_traceable,False,pre_cut,1,pincode
VS001333,AC000886,AD001145,FA003,2026-04-22,592.3,2228.1,9.5,328,met_family,True,pre_cut,1,street
VS001334,AC000695,AD000895,FA003,2026-04-22,489.7,2356.2,16.4,389,met_family,True,pre_cut,1,street
VS001335,AC000015,AD000018,FA003,2026-04-22,636.4,2396.0,17.6,414,met_family,True,pre_cut,1,locality
VS001336,AC001432,AD001849,FA003,2026-04-22,437.6,2786.9,10.4,1288,met_borrower,True,pre_cut,1,locality
VS001337,AC000116,AD000146,FA003,2026-04-22,717.9,2409.4,5.1,223,met_family,True,pre_cut,1,locality
VS001338,AC000455,AD000586,FA003,2026-04-22,420.7,2672.3,9.5,815,cash_collected,True,pre_cut,1,locality
VS001339,AC000231,AD000292,FA003,2026-04-22,197.4,2196.1,4.0,111,address_not_traceable,False,pre_cut,1,locality
VS001340,AC000155,AD000194,FA005,2026-04-22,-1108.4,-1162.8,9.8,99,address_not_traceable,False,pre_cut,1,pincode
VS001341,AC002112,AD002723,FA005,2026-04-22,-1769.9,-2515.9,10.4,35,address_not_traceable,False,pre_cut,1,locality
VS001342,AC000512,AD000660,FA005,2026-04-22,-1552.6,-2579.9,11.3,127,locked_premises,False,pre_cut,1,locality
VS001343,AC002361,AD003040,FA005,2026-04-22,-1787.1,-2896.7,9.8,232,no_such_person,False,pre_cut,1,locality
VS001344,AC001529,AD001969,FA005,2026-04-22,-1282.8,-3078.7,15.6,176,locked_premises,False,pre_cut,1,street
VS001345,AC002187,AD002823,FA005,2026-04-22,-1551.8,-3160.4,10.5,114,address_not_traceable,False,pre_cut,1,locality
VS001346,AC001337,AD001733,FA005,2026-04-22,-1712.3,-2820.2,8.7,68,address_not_traceable,False,pre_cut,1,locality
VS001347,AC000967,AD001252,FA005,2026-04-22,851.8,-2852.1,15.8,52,address_not_traceable,False,pre_cut,1,locality
VS001348,AC001319,AD001712,FA004,2026-04-22,3062.6,544.9,14.3,191,no_such_person,False,pre_cut,1,locality
VS001349,AC002035,AD002626,FA004,2026-04-22,3151.2,472.8,7.3,81,locked_premises,False,pre_cut,1,locality
VS001350,AC000956,AD001237,FA004,2026-04-22,2573.5,750.4,6.6,1379,cash_collected,True,pre_cut,1,locality
VS001351,AC001309,AD001700,FA004,2026-04-22,3016.6,470.4,6.3,285,met_family,True,pre_cut,1,locality
VS001352,AC001752,AD002261,FA004,2026-04-22,2680.7,236.7,14.5,151,neighbour_says_shifted,False,pre_cut,1,locality
VS001353,AC002229,AD002872,FA004,2026-04-22,2993.2,893.4,14.7,79,address_not_traceable,False,pre_cut,1,locality
VS001354,AC001174,AD001523,FA004,2026-04-22,2944.3,263.0,7.6,440,met_family,True,pre_cut,1,locality
VS001355,AC001993,AD002572,FA006,2026-04-22,1451.5,701.2,11.3,70,address_not_traceable,False,pre_cut,1,locality
VS001356,AC000061,AD000076,FA006,2026-04-22,983.0,1451.1,5.3,228,met_family,True,pre_cut,1,locality
VS001357,AC000618,AD000799,FA006,2026-04-22,1263.7,-238.7,6.7,194,locked_premises,False,pre_cut,1,locality
VS001358,AC000550,AD000710,FA006,2026-04-22,1193.1,1046.1,6.1,1189,met_borrower,True,pre_cut,1,locality
VS001359,AC001484,AD001914,FA006,2026-04-22,893.5,992.9,10.0,595,met_family,True,pre_cut,1,locality
VS001360,AC000149,AD000187,FA006,2026-04-22,1116.3,1268.4,17.1,1372,met_borrower,True,pre_cut,1,locality
VS001361,AC000486,AD000625,FA006,2026-04-22,2398.7,1644.3,7.5,60,address_not_traceable,False,pre_cut,1,pincode
VS001362,AC000915,AD001182,FA006,2026-04-22,1031.9,1556.5,7.9,42,address_not_traceable,False,pre_cut,1,locality
VS001363,AC001216,AD001578,FA007,2026-04-22,-2330.5,1655.4,7.7,509,met_family,True,pre_cut,1,locality
VS001364,AC001105,AD001436,FA007,2026-04-22,-2604.1,1305.1,7.5,57,address_not_traceable,False,pre_cut,1,locality
VS001365,AC002136,AD002756,FA007,2026-04-22,-1990.1,2228.3,6.4,60,address_not_traceable,False,pre_cut,1,pincode
VS001366,AC000942,AD001220,FA007,2026-04-22,-2645.4,1571.7,4.4,66,address_not_traceable,False,pre_cut,1,locality
VS001367,AC000381,AD000484,FA007,2026-04-22,-1933.0,1493.0,8.1,213,met_family,True,pre_cut,1,locality
VS001368,AC000805,AD001036,FA007,2026-04-22,-2501.8,1752.2,27.2,267,neighbour_says_shifted,False,pre_cut,1,locality
VS001369,AC002027,AD002617,FA007,2026-04-22,-2143.8,1459.6,21.2,42,address_not_traceable,False,pre_cut,1,locality
VS001370,AC000600,AD000774,FA007,2026-04-22,-2759.8,1775.8,8.8,190,locked_premises,False,pre_cut,1,locality
VS001371,AC001451,AD001872,FA007,2026-04-22,-2072.8,-303.7,37.8,96,address_not_traceable,False,pre_cut,1,locality
VS001372,AC001659,AD002143,FA007,2026-04-22,-2696.1,1355.2,25.9,883,cash_collected,True,pre_cut,1,locality
VS001373,AC001607,AD002070,FA008,2026-04-22,-278.3,-3847.5,27.1,902,met_borrower,True,pre_cut,1,locality
VS001374,AC001625,AD002096,FA008,2026-04-22,3588.3,644.1,7.4,516,met_borrower,True,pre_cut,1,street
VS001375,AC000086,AD000107,FA008,2026-04-22,3482.2,291.9,7.6,92,address_not_traceable,False,pre_cut,1,locality
VS001376,AC002316,AD002981,FA008,2026-04-22,3925.0,539.3,6.7,564,met_family,True,pre_cut,1,locality
VS001377,AC002075,AD002676,FA008,2026-04-22,3695.6,450.7,6.8,83,address_not_traceable,False,pre_cut,1,locality
VS001378,AC001792,AD002311,FA008,2026-04-22,3271.7,-1927.0,15.1,64,address_not_traceable,False,pre_cut,1,locality
VS001379,AC001046,AD001352,FA008,2026-04-22,3931.5,280.0,14.8,391,met_borrower,True,pre_cut,1,locality
VS001380,AC000240,AD000303,FA008,2026-04-22,3577.4,607.2,18.7,298,met_family,True,pre_cut,1,locality
VS001381,AC000911,AD001176,FA008,2026-04-22,3697.8,79.0,10.4,53,address_not_traceable,False,pre_cut,1,street
VS001382,AC002053,AD002652,FA009,2026-04-22,-1004.7,-802.6,6.8,169,locked_premises,False,pre_cut,1,street
VS001383,AC001985,AD002564,FA009,2026-04-22,2319.7,-779.3,8.2,144,address_not_traceable,False,pre_cut,27,locality
VS001384,AC002153,AD002778,FA009,2026-04-22,-542.4,2993.3,5.7,81,locked_premises,False,pre_cut,1,locality
VS001385,AC000141,AD000177,FA009,2026-04-22,-487.5,2891.6,24.1,1186,met_borrower,True,pre_cut,1,locality
VS001386,AC002236,AD002880,FA009,2026-04-22,-443.9,2923.4,14.7,507,met_family,True,pre_cut,1,locality
VS001387,AC000819,AD001054,FA009,2026-04-22,-439.4,2887.9,10.5,75,address_not_traceable,False,pre_cut,1,locality
VS001388,AC000354,AD000449,FA009,2026-04-22,-3725.0,-783.7,12.4,85,locked_premises,False,pre_cut,1,street
VS001389,AC000517,AD000667,FA003,2026-04-23,2326.8,-2371.3,5.1,1274,met_borrower,True,pre_cut,1,locality
VS001390,AC001348,AD001746,FA003,2026-04-23,3099.7,-2202.4,27.8,109,locked_premises,False,pre_cut,1,locality
VS001391,AC000955,AD001236,FA003,2026-04-23,2904.9,-2090.8,18.4,53,address_not_traceable,False,pre_cut,1,locality
VS001392,AC001806,AD002332,FA003,2026-04-23,3112.5,-2133.7,36.2,927,met_borrower,True,pre_cut,1,pincode
VS001393,AC001273,AD001649,FA003,2026-04-23,2820.7,-1992.7,10.9,104,address_not_traceable,False,pre_cut,1,locality
VS001394,AC000227,AD000287,FA003,2026-04-23,2895.6,-2027.9,5.7,112,address_not_traceable,False,pre_cut,1,locality
VS001395,AC002336,AD003004,FA002,2026-04-23,2992.9,-2504.6,15.8,651,met_borrower,True,pre_cut,1,locality
VS001396,AC000408,AD000524,FA002,2026-04-23,2614.8,-1647.6,13.8,882,met_borrower,True,pre_cut,1,street
VS001397,AC000741,AD000955,FA002,2026-04-23,3112.0,-1923.1,5.9,360,neighbour_says_shifted,False,pre_cut,1,locality
VS001398,AC001738,AD002246,FA002,2026-04-23,2454.5,-2338.8,14.9,1255,met_borrower,True,pre_cut,1,rooftop
VS001399,AC000420,AD000541,FA002,2026-04-23,2492.6,-2346.6,4.7,553,met_borrower,True,pre_cut,1,locality
VS001400,AC000712,AD000919,FA002,2026-04-23,2753.9,-2355.2,13.4,93,address_not_traceable,False,pre_cut,1,locality
VS001401,AC000557,AD000719,FA002,2026-04-23,2767.9,-1813.7,10.2,213,no_such_person,False,pre_cut,1,locality
VS001402,AC000026,AD000030,FA002,2026-04-23,2944.0,-1697.5,9.2,130,locked_premises,False,pre_cut,1,street
VS001403,AC001218,AD001581,FA002,2026-04-23,2736.8,-1812.5,11.1,219,met_family,True,pre_cut,1,street
VS001404,AC001264,AD001638,FA001,2026-04-23,900.6,-2904.9,5.3,509,met_family,True,pre_cut,1,locality
VS001405,AC000050,AD000062,FA001,2026-04-23,326.4,-3067.1,13.8,199,locked_premises,False,pre_cut,1,locality
VS001406,AC001232,AD001596,FA001,2026-04-23,588.9,-3107.7,11.4,85,address_not_traceable,False,pre_cut,1,locality
VS001407,AC000854,AD001101,FA001,2026-04-23,322.1,-2862.8,7.5,108,address_not_traceable,False,pre_cut,1,locality
VS001408,AC001679,AD002171,FA001,2026-04-23,559.3,-2950.6,7.1,95,address_not_traceable,False,pre_cut,1,locality
VS001409,AC001620,AD002090,FA001,2026-04-23,870.4,-3268.7,8.7,31,address_not_traceable,False,pre_cut,1,locality
VS001410,AC002269,AD002922,FA001,2026-04-23,677.7,-3123.5,11.1,47,address_not_traceable,False,pre_cut,1,locality
VS001411,AC000202,AD000253,FA001,2026-04-23,502.9,-2870.8,9.4,587,met_family,True,pre_cut,1,locality
VS001412,AC001256,AD001627,FA004,2026-04-23,1321.6,-2078.0,4.0,1044,met_borrower,True,pre_cut,1,pincode
VS001413,AC002185,AD002821,FA004,2026-04-23,1425.3,-2308.1,5.2,46,address_not_traceable,False,pre_cut,1,locality
VS001414,AC002065,AD002665,FA004,2026-04-23,-137.2,1123.0,4.6,380,neighbour_says_shifted,False,pre_cut,1,locality
VS001415,AC001068,AD001380,FA004,2026-04-23,1386.2,-1884.8,8.9,400,met_borrower,True,pre_cut,1,locality
VS001416,AC001995,AD002574,FA004,2026-04-23,1745.6,-2176.7,4.4,236,no_such_person,False,pre_cut,1,locality
VS001417,AC001421,AD001833,FA004,2026-04-23,1874.7,-2222.4,18.7,107,address_not_traceable,False,pre_cut,1,locality
VS001418,AC002062,AD002661,FA004,2026-04-23,1756.8,-1753.2,32.2,72,locked_premises,False,pre_cut,1,pincode
VS001419,AC002343,AD003015,FA006,2026-04-23,967.5,2438.2,18.6,116,locked_premises,False,pre_cut,1,locality
VS001420,AC002338,AD003007,FA006,2026-04-23,894.0,2754.0,9.6,448,met_family,True,pre_cut,1,locality
VS001421,AC001418,AD001830,FA006,2026-04-23,1062.5,2926.5,10.7,61,locked_premises,False,pre_cut,1,street
VS001422,AC002378,AD003060,FA006,2026-04-23,861.0,2772.3,8.9,63,locked_premises,False,pre_cut,1,locality
VS001423,AC002069,AD002669,FA006,2026-04-23,706.8,2622.2,10.0,450,met_family,True,pre_cut,1,pincode
VS001424,AC001307,AD001697,FA006,2026-04-23,914.6,2975.3,7.3,1114,met_borrower,True,pre_cut,1,street
VS001425,AC000614,AD000792,FA006,2026-04-23,1306.5,1121.2,14.0,84,address_not_traceable,False,pre_cut,1,locality
VS001426,AC000023,AD000027,FA006,2026-04-23,911.1,2916.6,10.4,126,locked_premises,False,pre_cut,1,locality
VS001427,AC001096,AD001424,FA006,2026-04-23,651.9,2472.5,28.1,74,locked_premises,False,pre_cut,1,locality
VS001428,AC002382,AD003067,FA005,2026-04-23,1377.4,-1823.8,23.3,448,met_borrower,True,pre_cut,1,locality
VS001429,AC000585,AD000755,FA005,2026-04-23,402.4,-2924.0,12.8,65,address_not_traceable,False,pre_cut,1,locality
VS001430,AC001320,AD001713,FA005,2026-04-23,1705.1,-2261.4,8.0,540,met_borrower,True,pre_cut,1,rooftop
VS001431,AC000138,AD000173,FA005,2026-04-23,1442.8,-2339.4,4.0,238,locked_premises,False,pre_cut,1,locality
VS001432,AC002342,AD003013,FA005,2026-04-23,1692.1,-2487.5,32.3,347,neighbour_says_shifted,False,pre_cut,1,locality
VS001433,AC002165,AD002794,FA005,2026-04-23,1631.1,-2304.7,10.3,122,locked_premises,False,pre_cut,1,locality
VS001434,AC000662,AD000854,FA005,2026-04-23,1253.5,-2442.1,18.3,1047,met_borrower,True,pre_cut,1,locality
VS001435,AC001343,AD001741,FA005,2026-04-23,1559.9,-1857.1,7.9,199,locked_premises,False,pre_cut,1,locality
VS001436,AC000653,AD000841,FA005,2026-04-23,1829.5,-2332.5,8.4,560,met_family,True,pre_cut,1,locality
VS001437,AC002064,AD002663,FA005,2026-04-23,1589.7,-1933.1,11.9,819,met_borrower,True,pre_cut,1,locality
VS001438,AC001725,AD002230,FA009,2026-04-23,-3719.4,-777.6,9.9,200,locked_premises,False,pre_cut,23,locality
VS001439,AC001912,AD002471,FA009,2026-04-23,3421.4,-2357.5,12.1,218,neighbour_says_shifted,False,pre_cut,1,locality
VS001440,AC000906,AD001170,FA009,2026-04-23,3763.4,-1661.4,10.3,403,met_family,True,pre_cut,1,locality
VS001441,AC001462,AD001886,FA009,2026-04-23,3524.9,-2136.5,10.8,194,neighbour_says_shifted,False,pre_cut,1,locality
VS001442,AC000316,AD000397,FA009,2026-04-23,3105.3,-1958.1,16.3,534,met_borrower,True,pre_cut,1,locality
VS001443,AC001140,AD001480,FA009,2026-04-23,-3732.5,-762.3,11.6,71,locked_premises,False,pre_cut,26,locality
VS001444,AC002331,AD002997,FA009,2026-04-23,2888.9,-2014.5,8.4,1254,met_borrower,True,pre_cut,1,locality
VS001445,AC001846,AD002380,FA009,2026-04-23,-3725.4,-802.0,14.0,230,locked_premises,False,pre_cut,23,street
VS001446,AC001314,AD001706,FA009,2026-04-23,3412.5,-2272.8,10.9,174,no_such_person,False,pre_cut,1,locality
VS001447,AC002020,AD002610,FA008,2026-04-23,3477.5,-2047.1,12.0,38,address_not_traceable,False,pre_cut,1,street
VS001448,AC000064,AD000079,FA008,2026-04-23,1029.0,-1094.0,10.3,354,met_family,True,pre_cut,1,street
VS001449,AC001356,AD001755,FA008,2026-04-23,597.2,-859.2,4.0,405,met_family,True,pre_cut,1,pincode
VS001450,AC000497,AD000639,FA008,2026-04-23,1061.7,-948.3,9.4,1261,met_borrower,True,pre_cut,1,street
VS001451,AC001000,AD001291,FA008,2026-04-23,903.3,-806.1,22.8,92,locked_premises,False,pre_cut,1,locality
VS001452,AC000999,AD001290,FA008,2026-04-23,995.0,-1058.1,13.2,748,met_borrower,True,pre_cut,1,locality
VS001453,AC001988,AD002567,FA008,2026-04-23,-776.6,-666.0,13.3,66,address_not_traceable,False,pre_cut,1,locality
VS001454,AC000074,AD000094,FA007,2026-04-23,-2639.7,-185.7,8.5,326,met_borrower,True,pre_cut,1,locality
VS001455,AC001387,AD001792,FA007,2026-04-23,-2761.2,-481.9,16.0,464,met_family,True,pre_cut,1,street
VS001456,AC001745,AD002253,FA007,2026-04-23,-2320.1,-429.9,8.3,1222,met_borrower,True,pre_cut,1,locality
VS001457,AC000563,AD000727,FA007,2026-04-23,-2687.9,-465.7,8.9,471,met_borrower,True,pre_cut,1,locality
VS001458,AC001941,AD002509,FA007,2026-04-23,-2435.6,-620.9,7.4,513,met_family,True,pre_cut,1,street
VS001459,AC001062,AD001371,FA007,2026-04-23,-2819.6,-680.8,11.5,144,locked_premises,False,pre_cut,1,locality
VS001460,AC001103,AD001433,FA001,2026-04-24,2732.1,-2442.9,16.5,113,locked_premises,False,pre_cut,1,street
VS001461,AC001163,AD001509,FA001,2026-04-24,3176.8,-2553.8,42.3,463,met_family,True,pre_cut,1,locality
VS001462,AC001002,AD001294,FA001,2026-04-24,2744.8,-2494.6,16.2,1194,met_borrower,True,pre_cut,1,pincode
VS001463,AC000814,AD001047,FA001,2026-04-24,2594.2,-1801.4,13.9,81,address_not_traceable,False,pre_cut,1,street
VS001464,AC000103,AD000129,FA001,2026-04-24,2526.6,-1977.9,6.1,101,address_not_traceable,False,pre_cut,1,locality
VS001465,AC002175,AD002808,FA001,2026-04-24,2810.8,-2399.0,20.9,646,met_borrower,True,pre_cut,1,locality
VS001466,AC002386,AD003073,FA001,2026-04-24,870.6,-1150.8,15.6,104,address_not_traceable,False,pre_cut,1,pincode
VS001467,AC001634,AD002108,FA001,2026-04-24,2226.7,-2444.4,22.9,239,neighbour_says_shifted,False,pre_cut,1,locality
VS001468,AC001139,AD001479,FA001,2026-04-24,2940.0,-2668.9,19.5,970,met_borrower,True,pre_cut,1,locality
VS001469,AC000110,AD000138,FA003,2026-04-24,630.7,-3084.3,7.0,84,locked_premises,False,pre_cut,1,street
VS001470,AC001667,AD002154,FA003,2026-04-24,761.0,-2694.6,9.1,597,met_family,True,pre_cut,1,locality
VS001471,AC002216,AD002858,FA003,2026-04-24,1177.8,-2927.2,11.8,616,met_borrower,True,pre_cut,1,locality
VS001472,AC001969,AD002545,FA003,2026-04-24,-2557.1,1436.8,12.3,1302,met_borrower,True,pre_cut,1,pincode
VS001473,AC001126,AD001462,FA003,2026-04-24,974.0,-3355.4,4.0,1068,met_borrower,True,pre_cut,1,locality
VS001474,AC001258,AD001630,FA003,2026-04-24,567.6,2843.6,6.0,123,locked_premises,False,pre_cut,1,street
VS001475,AC000475,AD000608,FA003,2026-04-24,940.7,-3356.7,6.3,412,met_borrower,True,pre_cut,1,locality
VS001476,AC001400,AD001808,FA003,2026-04-24,976.8,-3151.6,18.2,86,locked_premises,False,pre_cut,1,locality
VS001477,AC000484,AD000623,FA002,2026-04-24,2280.6,1285.2,4.7,1393,met_borrower,True,pre_cut,1,locality
VS001478,AC001980,AD002558,FA002,2026-04-24,2316.1,-2341.2,9.5,199,locked_premises,False,pre_cut,1,locality
VS001479,AC000246,AD000309,FA002,2026-04-24,2636.0,-2125.5,7.2,90,address_not_traceable,False,pre_cut,1,locality
VS001480,AC000971,AD001256,FA002,2026-04-24,3266.6,-1942.6,7.0,153,locked_premises,False,pre_cut,1,locality
VS001481,AC000945,AD001224,FA002,2026-04-24,2615.0,-2372.8,6.2,50,address_not_traceable,False,pre_cut,1,locality
VS001482,AC001330,AD001725,FA002,2026-04-24,1452.3,-1640.6,5.4,68,address_not_traceable,False,pre_cut,1,pincode
VS001483,AC001812,AD002339,FA004,2026-04-24,602.7,2773.5,8.2,75,address_not_traceable,False,pre_cut,1,locality
VS001484,AC002381,AD003066,FA004,2026-04-24,2349.7,-1238.7,10.7,89,locked_premises,False,pre_cut,1,locality
VS001485,AC000040,AD000049,FA004,2026-04-24,842.8,2371.9,6.7,919,cash_collected,True,pre_cut,1,locality
VS001486,AC001345,AD001743,FA004,2026-04-24,1257.4,2820.0,4.0,221,locked_premises,False,pre_cut,1,locality
VS001487,AC000765,AD000986,FA004,2026-04-24,1317.0,2548.6,8.2,30,address_not_traceable,False,pre_cut,1,rooftop
VS001488,AC002116,AD002728,FA004,2026-04-24,761.4,2977.2,7.3,771,met_borrower,True,pre_cut,1,locality
VS001489,AC001198,AD001556,FA004,2026-04-24,1082.1,2647.2,8.7,173,locked_premises,False,pre_cut,1,locality
VS001490,AC001365,AD001767,FA004,2026-04-24,1016.9,2290.6,9.2,313,met_borrower,True,pre_cut,1,locality
VS001491,AC001277,AD001654,FA004,2026-04-24,1111.4,2402.3,7.4,345,neighbour_says_shifted,False,pre_cut,1,locality
VS001492,AC001683,AD002176,FA004,2026-04-24,755.0,2469.8,15.3,441,met_family,True,pre_cut,1,locality
VS001493,AC000800,AD001031,FA005,2026-04-24,1435.4,-2133.4,17.8,61,locked_premises,False,pre_cut,1,street
VS001494,AC000028,AD000032,FA005,2026-04-24,1857.1,-1618.5,8.3,1389,cash_collected,True,pre_cut,1,locality
VS001495,AC000179,AD000223,FA005,2026-04-24,1881.4,-2175.6,18.0,858,met_borrower,True,pre_cut,1,locality
VS001496,AC000493,AD000634,FA005,2026-04-24,1866.2,-1596.4,6.6,559,met_borrower,True,pre_cut,1,locality
VS001497,AC002364,AD003044,FA005,2026-04-24,1267.3,-2525.0,4.2,147,locked_premises,False,pre_cut,1,rooftop
VS001498,AC000467,AD000600,FA005,2026-04-24,1761.1,-2421.0,6.8,85,locked_premises,False,pre_cut,1,locality
VS001499,AC001221,AD001584,FA005,2026-04-24,1311.6,-2013.8,24.4,335,neighbour_says_shifted,False,pre_cut,1,locality
VS001500,AC000336,AD000424,FA006,2026-04-24,2903.5,329.9,8.0,880,met_borrower,True,pre_cut,1,locality
VS001501,AC001961,AD002535,FA006,2026-04-24,2998.1,1008.9,21.5,567,met_family,True,pre_cut,1,locality
VS001502,AC000229,AD000290,FA006,2026-04-24,3033.2,570.2,8.2,90,address_not_traceable,False,pre_cut,1,locality
VS001503,AC000478,AD000613,FA006,2026-04-24,2875.8,101.1,4.0,464,met_family,True,pre_cut,1,locality
VS001504,AC002002,AD002583,FA006,2026-04-24,2832.3,597.9,15.1,64,address_not_traceable,False,pre_cut,1,locality
VS001505,AC001585,AD002043,FA006,2026-04-24,2921.0,104.9,5.4,74,locked_premises,False,pre_cut,1,locality
VS001506,AC000291,AD000365,FA006,2026-04-24,3086.1,540.2,4.9,266,met_family,True,pre_cut,1,pincode
VS001507,AC001803,AD002327,FA006,2026-04-24,1427.5,1160.5,13.3,92,address_not_traceable,False,pre_cut,1,pincode
VS001508,AC002070,AD002670,FA006,2026-04-24,3149.2,182.1,12.7,318,neighbour_says_shifted,False,pre_cut,1,locality
VS001509,AC001172,AD001520,FA008,2026-04-24,-652.3,-3634.0,12.2,412,met_family,True,pre_cut,1,street
VS001510,AC002278,AD002932,FA008,2026-04-24,-337.5,-3376.9,13.1,74,address_not_traceable,False,pre_cut,1,locality
VS001511,AC001321,AD001715,FA008,2026-04-24,-312.9,-3395.7,4.1,472,met_family,True,pre_cut,1,pincode
VS001512,AC000474,AD000607,FA008,2026-04-24,-832.5,-3850.4,7.8,315,neighbour_says_shifted,False,pre_cut,1,locality
VS001513,AC001251,AD001620,FA008,2026-04-24,-543.3,-2997.5,11.3,104,address_not_traceable,False,pre_cut,1,locality
VS001514,AC000447,AD000576,FA008,2026-04-24,-138.9,-3604.3,8.8,113,address_not_traceable,False,pre_cut,1,locality
VS001515,AC001509,AD001947,FA008,2026-04-24,-109.9,-3386.3,4.8,104,address_not_traceable,False,pre_cut,1,locality
VS001516,AC000605,AD000781,FA009,2026-04-24,2309.1,-821.7,16.2,134,locked_premises,False,pre_cut,28,locality
VS001517,AC001974,AD002551,FA009,2026-04-24,3314.0,535.4,7.2,235,no_such_person,False,pre_cut,1,locality
VS001518,AC000868,AD001121,FA009,2026-04-24,3743.3,657.4,18.5,673,met_borrower,True,pre_cut,1,street
VS001519,AC001457,AD001880,FA009,2026-04-24,2313.0,-785.3,9.6,125,locked_premises,False,pre_cut,26,street
VS001520,AC001129,AD001466,FA009,2026-04-24,-3725.4,-763.4,7.1,75,met_borrower,True,pre_cut,1,locality
VS001521,AC000501,AD000645,FA009,2026-04-24,3562.7,-31.7,17.2,197,neighbour_says_shifted,False,pre_cut,1,locality
VS001522,AC002243,AD002889,FA009,2026-04-24,-3748.6,-805.2,50.0,181,met_borrower,True,pre_cut,1,locality
VS001523,AC002305,AD002968,FA009,2026-04-24,3937.3,724.0,6.8,1374,met_borrower,True,pre_cut,1,locality
VS001524,AC000048,AD000060,FA009,2026-04-24,3780.7,108.8,13.2,198,met_family,True,pre_cut,1,street
VS001525,AC001879,AD002424,FA007,2026-04-24,-516.2,-3331.9,8.5,971,met_borrower,True,pre_cut,1,locality
VS001526,AC001707,AD002209,FA007,2026-04-24,-70.8,-3837.7,14.9,1400,met_borrower,True,pre_cut,1,locality
VS001527,AC001445,AD001865,FA007,2026-04-24,439.5,1322.4,10.8,148,locked_premises,False,pre_cut,1,locality
VS001528,AC002221,AD002864,FA007,2026-04-24,-689.1,-3257.6,9.4,1220,met_borrower,True,pre_cut,1,pincode
VS001529,AC000899,AD001162,FA007,2026-04-24,-145.9,-3531.5,14.5,431,met_borrower,True,pre_cut,1,locality
VS001530,AC001541,AD001985,FA007,2026-04-24,-388.7,-3381.8,9.7,96,address_not_traceable,False,pre_cut,1,locality
VS001531,AC002111,AD002722,FA007,2026-04-24,-1335.9,-1194.1,18.6,49,address_not_traceable,False,pre_cut,1,pincode
VS001532,AC000581,AD000749,FA007,2026-04-24,-175.3,-3450.4,7.5,241,met_family,True,pre_cut,1,street
VS001533,AC001692,AD002188,FA007,2026-04-24,-185.4,-3272.1,11.0,139,locked_premises,False,pre_cut,1,street
VS001534,AC001615,AD002083,FA007,2026-04-24,-447.1,-3969.0,5.8,79,locked_premises,False,pre_cut,1,locality
VS001535,AC002072,AD002673,FA002,2026-04-25,2604.6,-2328.3,6.5,586,met_borrower,True,pre_cut,1,locality
VS001536,AC002260,AD002911,FA002,2026-04-25,2885.4,-2228.5,17.3,99,locked_premises,False,pre_cut,1,locality
VS001537,AC000289,AD000363,FA002,2026-04-25,2714.7,-2620.1,10.9,473,met_family,True,pre_cut,1,locality
VS001538,AC000746,AD000963,FA002,2026-04-25,1158.4,-1469.9,7.3,183,no_such_person,False,pre_cut,1,pincode
VS001539,AC001206,AD001567,FA002,2026-04-25,2856.8,-2194.9,10.5,240,neighbour_says_shifted,False,pre_cut,1,locality
VS001540,AC000134,AD000169,FA002,2026-04-25,3294.1,-2167.3,21.9,1040,met_borrower,True,pre_cut,1,locality
VS001541,AC001359,AD001760,FA002,2026-04-25,3192.0,-2426.1,8.3,292,met_family,True,pre_cut,1,locality
VS001542,AC001865,AD002404,FA002,2026-04-25,3050.4,-1948.5,9.4,187,locked_premises,False,pre_cut,1,locality
VS001543,AC000253,AD000319,FA002,2026-04-25,2817.3,-2336.9,16.0,48,address_not_traceable,False,pre_cut,1,locality
VS001544,AC000726,AD000936,FA003,2026-04-25,1018.2,-2983.3,8.1,1024,met_borrower,True,pre_cut,1,locality
VS001545,AC000032,AD000037,FA003,2026-04-25,535.9,-3227.3,4.9,216,locked_premises,False,pre_cut,1,pincode
VS001546,AC001599,AD002061,FA003,2026-04-25,890.5,-3066.8,10.0,101,address_not_traceable,False,pre_cut,1,street
VS001547,AC001169,AD001516,FA003,2026-04-25,479.0,-2618.1,5.0,245,neighbour_says_shifted,False,pre_cut,1,pincode
VS001548,AC002034,AD002624,FA003,2026-04-25,666.1,-2960.5,8.6,43,address_not_traceable,False,pre_cut,1,locality
VS001549,AC002031,AD002621,FA003,2026-04-25,755.3,-2994.3,5.5,825,met_borrower,True,pre_cut,1,street
VS001550,AC001630,AD002103,FA003,2026-04-25,504.9,-2678.9,4.2,104,address_not_traceable,False,pre_cut,1,locality
VS001551,AC000891,AD001151,FA003,2026-04-25,729.8,-2788.8,7.5,360,met_family,True,pre_cut,1,locality
VS001552,AC002304,AD002967,FA001,2026-04-25,-1255.1,-16.8,9.6,753,met_borrower,True,pre_cut,1,locality
VS001553,AC002144,AD002767,FA001,2026-04-25,-2061.5,1880.3,12.7,74,address_not_traceable,False,pre_cut,1,pincode
VS001554,AC001383,AD001788,FA001,2026-04-25,-1252.2,750.2,13.9,763,met_borrower,True,pre_cut,1,locality
VS001555,AC000200,AD000251,FA001,2026-04-25,-1498.6,569.8,4.3,130,locked_premises,False,pre_cut,1,locality
VS001556,AC001148,AD001490,FA001,2026-04-25,-1592.4,475.3,6.3,331,met_family,True,pre_cut,1,locality
VS001557,AC002347,AD003020,FA001,2026-04-25,-222.7,-1323.3,19.5,110,address_not_traceable,False,pre_cut,1,locality
VS001558,AC001077,AD001393,FA001,2026-04-25,-1365.3,538.5,6.9,77,locked_premises,False,pre_cut,1,locality
VS001559,AC002163,AD002792,FA001,2026-04-25,-1186.7,178.2,14.6,83,address_not_traceable,False,pre_cut,1,locality
VS001560,AC002140,AD002762,FA001,2026-04-25,-1243.8,57.2,10.6,1481,met_borrower,True,pre_cut,1,locality
VS001561,AC001823,AD002353,FA001,2026-04-25,-649.8,234.3,9.9,1434,met_borrower,True,pre_cut,1,locality
VS001562,AC000308,AD000387,FA004,2026-04-25,-405.0,1667.3,13.3,480,met_borrower,True,pre_cut,1,locality
VS001563,AC000499,AD000642,FA004,2026-04-25,1006.5,226.3,8.4,76,address_not_traceable,False,pre_cut,1,locality
VS001564,AC000880,AD001136,FA004,2026-04-25,836.6,-250.5,28.3,399,met_family,True,pre_cut,1,locality
VS001565,AC001826,AD002357,FA004,2026-04-25,1018.2,333.6,14.1,1278,met_borrower,True,pre_cut,1,locality
VS001566,AC000892,AD001153,FA004,2026-04-25,-883.0,2119.7,8.8,41,address_not_traceable,False,pre_cut,1,pincode
VS001567,AC001215,AD001577,FA004,2026-04-25,922.3,400.8,4.0,143,neighbour_says_shifted,False,pre_cut,1,locality
VS001568,AC000176,AD000220,FA004,2026-04-25,1462.4,-471.0,9.5,221,neighbour_says_shifted,False,pre_cut,1,locality
VS001569,AC001619,AD002089,FA004,2026-04-25,1043.9,239.1,9.1,478,met_borrower,True,pre_cut,1,locality
VS001570,AC000009,AD000012,FA005,2026-04-25,-659.2,-548.5,11.0,733,cash_collected,True,pre_cut,1,street
VS001571,AC001926,AD002489,FA005,2026-04-25,-623.0,-528.2,12.7,92,address_not_traceable,False,pre_cut,1,locality
VS001572,AC000084,AD000105,FA005,2026-04-25,-690.5,-40.8,7.1,861,met_borrower,True,pre_cut,1,locality
VS001573,AC002257,AD002907,FA005,2026-04-25,1050.2,3065.3,16.3,39,address_not_traceable,False,pre_cut,1,locality
VS001574,AC000777,AD001003,FA005,2026-04-25,863.3,1144.3,6.1,82,locked_premises,False,pre_cut,2,locality
VS001575,AC001429,AD001844,FA005,2026-04-25,-634.2,-180.5,9.7,1430,met_borrower,True,pre_cut,1,street
VS001576,AC001150,AD001493,FA006,2026-04-25,631.2,-3367.8,15.6,101,address_not_traceable,False,pre_cut,1,locality
VS001577,AC000282,AD000355,FA006,2026-04-25,700.5,-3282.7,9.9,209,locked_premises,False,pre_cut,1,locality
VS001578,AC000056,AD000069,FA006,2026-04-25,725.5,-3427.5,4.4,549,met_borrower,True,pre_cut,1,locality
VS001579,AC000952,AD001232,FA006,2026-04-25,237.5,-2837.4,10.3,512,met_borrower,True,pre_cut,1,locality
VS001580,AC000873,AD001127,FA006,2026-04-25,578.5,-3373.0,21.9,1386,cash_collected,True,pre_cut,1,locality
VS001581,AC000715,AD000924,FA006,2026-04-25,563.2,-2782.8,7.5,214,locked_premises,False,pre_cut,1,locality
VS001582,AC000874,AD001128,FA009,2026-04-25,847.1,-1370.4,10.5,1015,met_borrower,True,pre_cut,1,locality
VS001583,AC002279,AD002933,FA009,2026-04-25,922.9,-736.5,10.2,321,met_family,True,pre_cut,1,locality
VS001584,AC000281,AD000354,FA009,2026-04-25,1255.1,-845.0,5.8,981,met_borrower,True,pre_cut,1,locality
VS001585,AC000818,AD001053,FA009,2026-04-25,880.7,-709.3,14.9,101,locked_premises,False,pre_cut,1,street
VS001586,AC000123,AD000155,FA009,2026-04-25,1137.1,-593.8,26.1,1171,met_borrower,True,pre_cut,1,street
VS001587,AC001465,AD001890,FA009,2026-04-25,2334.5,-765.8,12.4,93,locked_premises,False,pre_cut,26,locality
VS001588,AC000464,AD000596,FA009,2026-04-25,861.7,-707.9,15.7,229,locked_premises,False,pre_cut,1,locality
VS001589,AC001749,AD002258,FA009,2026-04-25,-3717.8,-771.8,4.0,109,locked_premises,False,pre_cut,27,street
VS001590,AC002248,AD002896,FA009,2026-04-25,2342.4,-765.6,6.7,72,address_not_traceable,False,pre_cut,26,locality
VS001591,AC000152,AD000191,FA007,2026-04-25,-3520.2,-911.8,6.7,212,neighbour_says_shifted,False,pre_cut,1,locality
VS001592,AC001474,AD001901,FA007,2026-04-25,-3658.0,-785.0,7.2,60,locked_premises,False,pre_cut,1,street
VS001593,AC000221,AD000280,FA007,2026-04-25,1261.2,-1087.1,11.9,1266,met_borrower,True,pre_cut,1,locality
VS001594,AC001743,AD002251,FA007,2026-04-25,-4180.6,-1064.5,4.6,781,met_borrower,True,pre_cut,1,locality
VS001595,AC001859,AD002398,FA007,2026-04-25,678.7,-927.4,7.4,1406,met_borrower,True,pre_cut,1,locality
VS001596,AC000372,AD000471,FA007,2026-04-25,-3828.4,-1132.5,12.8,235,locked_premises,False,pre_cut,1,locality
VS001597,AC000679,AD000874,FA007,2026-04-25,-3938.5,-525.8,18.6,526,met_family,True,pre_cut,1,locality
VS001598,AC002135,AD002755,FA007,2026-04-25,-3818.7,-1055.2,13.2,202,neighbour_says_shifted,False,pre_cut,1,locality
VS001599,AC000846,AD001091,FA007,2026-04-25,-3681.4,-712.5,7.9,652,cash_collected,True,pre_cut,1,locality
VS001600,AC000173,AD000216,FA007,2026-04-25,-4410.0,-818.5,9.0,1139,met_borrower,True,pre_cut,1,locality
VS001601,AC002224,AD002867,FA008,2026-04-25,-2319.9,1711.9,16.4,106,no_such_person,False,pre_cut,1,locality
VS001602,AC000257,AD000324,FA008,2026-04-25,-2641.5,1709.1,10.9,227,locked_premises,False,pre_cut,1,locality
VS001603,AC000675,AD000869,FA008,2026-04-25,-2046.3,1562.8,7.7,148,locked_premises,False,pre_cut,1,locality
VS001604,AC001197,AD001555,FA008,2026-04-25,-2573.9,1784.7,22.9,357,met_family,True,pre_cut,1,locality
VS001605,AC001302,AD001692,FA008,2026-04-25,-2875.5,1671.9,8.2,386,neighbour_says_shifted,False,pre_cut,1,street
VS001606,AC001975,AD002552,FA008,2026-04-25,-2216.1,1347.7,6.5,290,neighbour_says_shifted,False,pre_cut,1,locality
VS001607,AC000317,AD000398,FA008,2026-04-25,-2287.0,1348.6,10.9,142,neighbour_says_shifted,False,pre_cut,1,locality
VS001608,AC001338,AD001734,FA008,2026-04-25,-2890.8,1442.0,9.9,1435,met_borrower,True,pre_cut,1,locality
VS001609,AC001132,AD001469,FA008,2026-04-25,-2621.2,1455.2,8.8,391,met_family,True,pre_cut,1,locality
VS001610,AC002057,AD002656,FA008,2026-04-25,-2308.8,2067.8,5.8,308,met_borrower,True,pre_cut,1,locality
VS001611,AC002147,AD002771,FA001,2026-04-27,2108.5,-1912.6,12.2,580,met_borrower,True,pre_cut,1,pincode
VS001612,AC001900,AD002457,FA001,2026-04-27,2446.7,-1848.0,10.9,77,locked_premises,False,pre_cut,1,locality
VS001613,AC002396,AD003085,FA001,2026-04-27,3343.6,-2088.0,4.0,222,locked_premises,False,pre_cut,1,rooftop
VS001614,AC000458,AD000589,FA001,2026-04-27,2665.7,-1860.8,15.9,587,met_borrower,True,pre_cut,1,locality
VS001615,AC000673,AD000867,FA001,2026-04-27,3255.9,-2139.1,4.7,89,address_not_traceable,False,pre_cut,1,locality
VS001616,AC001372,AD001775,FA001,2026-04-27,2943.1,-2402.1,18.5,236,locked_premises,False,pre_cut,1,locality
VS001617,AC000570,AD000735,FA001,2026-04-27,2680.5,-2367.3,9.1,256,met_family,True,pre_cut,1,street
VS001618,AC001872,AD002414,FA001,2026-04-27,2698.0,-1758.5,10.3,90,address_not_traceable,False,pre_cut,1,street
VS001619,AC001409,AD001818,FA001,2026-04-27,422.1,-265.8,5.4,95,address_not_traceable,False,pre_cut,1,pincode
VS001620,AC002098,AD002707,FA001,2026-04-27,2429.9,-2381.7,8.2,461,met_borrower,True,pre_cut,1,pincode
VS001621,AC000626,AD000809,FA003,2026-04-27,681.0,73.3,33.1,193,met_family,True,pre_cut,1,locality
VS001622,AC000053,AD000066,FA003,2026-04-27,820.2,-365.3,12.6,77,address_not_traceable,False,pre_cut,1,locality
VS001623,AC002314,AD002979,FA003,2026-04-27,1372.1,175.3,7.7,400,met_family,True,pre_cut,1,pincode
VS001624,AC000292,AD000366,FA003,2026-04-27,1505.7,483.2,31.9,65,address_not_traceable,False,pre_cut,1,street
VS001625,AC000649,AD000836,FA003,2026-04-27,806.6,-597.4,10.9,624,met_borrower,True,pre_cut,1,locality
VS001626,AC000958,AD001240,FA003,2026-04-27,1228.6,-26.2,11.7,44,address_not_traceable,False,pre_cut,1,locality
VS001627,AC001112,AD001444,FA003,2026-04-27,1012.0,-49.9,13.8,41,address_not_traceable,False,pre_cut,1,locality
VS001628,AC000384,AD000488,FA003,2026-04-27,1242.1,224.8,9.8,294,neighbour_says_shifted,False,pre_cut,1,pincode
VS001629,AC001533,AD001973,FA003,2026-04-27,877.9,-412.5,20.6,78,locked_premises,False,pre_cut,1,pincode
VS001630,AC000576,AD000743,FA002,2026-04-27,-1992.1,-2499.9,8.0,35,address_not_traceable,False,pre_cut,1,locality
VS001631,AC002394,AD003083,FA002,2026-04-27,-1375.3,-2757.7,8.1,174,no_such_person,False,pre_cut,1,locality
VS001632,AC002043,AD002637,FA002,2026-04-27,-1283.4,-3459.6,20.9,1011,met_borrower,True,pre_cut,1,street
VS001633,AC002340,AD003010,FA002,2026-04-27,-1093.6,-3088.2,14.8,506,met_family,True,pre_cut,1,locality
VS001634,AC001588,AD002046,FA002,2026-04-27,-1062.3,-3495.7,15.3,960,met_borrower,True,pre_cut,1,locality
VS001635,AC001715,AD002217,FA002,2026-04-27,-683.9,-3074.4,7.0,292,met_family,True,pre_cut,1,locality
VS001636,AC001561,AD002015,FA002,2026-04-27,-1418.4,-2700.3,15.9,293,met_family,True,pre_cut,1,locality
VS001637,AC000876,AD001130,FA002,2026-04-27,-746.0,-3327.0,5.7,231,locked_premises,False,pre_cut,1,street
VS001638,AC002179,AD002814,FA002,2026-04-27,-707.4,-3490.4,11.1,176,no_such_person,False,pre_cut,1,rooftop
VS001639,AC000436,AD000561,FA002,2026-04-27,1778.7,-1222.2,5.2,84,address_not_traceable,False,pre_cut,1,pincode
VS001640,AC001697,AD002194,FA005,2026-04-27,1657.2,-1701.1,14.7,381,met_family,True,pre_cut,1,locality
VS001641,AC002131,AD002748,FA005,2026-04-27,1212.6,-1969.2,12.3,601,met_borrower,True,pre_cut,1,street
VS001642,AC000666,AD000860,FA005,2026-04-27,1341.0,-1837.1,5.4,207,locked_premises,False,pre_cut,1,locality
VS001643,AC000332,AD000419,FA005,2026-04-27,1919.5,-2324.9,4.1,238,neighbour_says_shifted,False,pre_cut,1,locality
VS001644,AC001736,AD002244,FA005,2026-04-27,1216.2,-1861.5,7.2,1007,met_borrower,True,pre_cut,1,locality
VS001645,AC002085,AD002690,FA005,2026-04-27,1574.8,-2075.8,18.7,382,neighbour_says_shifted,False,pre_cut,1,locality
VS001646,AC001193,AD001551,FA005,2026-04-27,1601.6,-2255.1,5.2,491,met_family,True,pre_cut,1,locality
VS001647,AC001223,AD001586,FA005,2026-04-27,1720.0,-1590.2,5.6,312,met_borrower,True,pre_cut,1,locality
VS001648,AC001780,AD002299,FA006,2026-04-27,938.4,2286.7,4.5,1416,cash_collected,True,pre_cut,1,locality
VS001649,AC002282,AD002936,FA006,2026-04-27,1136.4,2977.6,6.5,834,met_borrower,True,pre_cut,1,locality
VS001650,AC001493,AD001927,FA006,2026-04-27,1067.9,2392.0,13.5,208,locked_premises,False,pre_cut,1,pincode
VS001651,AC001403,AD001811,FA006,2026-04-27,993.9,3255.0,9.5,553,met_borrower,True,pre_cut,1,locality
VS001652,AC002167,AD002796,FA006,2026-04-27,848.7,3205.0,8.7,564,met_borrower,True,pre_cut,1,pincode
VS001653,AC002369,AD003050,FA006,2026-04-27,742.3,2671.7,12.9,584,met_family,True,pre_cut,1,locality
VS001654,AC000551,AD000711,FA006,2026-04-27,773.8,2478.7,11.8,425,met_family,True,pre_cut,1,locality
VS001655,AC001524,AD001963,FA004,2026-04-27,-309.0,-737.7,5.0,541,met_family,True,pre_cut,1,locality
VS001656,AC000756,AD000975,FA004,2026-04-27,-561.2,-437.1,6.0,208,no_such_person,False,pre_cut,1,locality
VS001657,AC001571,AD002027,FA004,2026-04-27,-375.9,-636.7,9.3,150,locked_premises,False,pre_cut,1,locality
VS001658,AC001295,AD001682,FA004,2026-04-27,-606.1,-262.2,6.6,348,neighbour_says_shifted,False,pre_cut,1,locality
VS001659,AC000373,AD000472,FA004,2026-04-27,-324.5,-101.4,4.0,734,met_borrower,True,pre_cut,1,locality
VS001660,AC000449,AD000579,FA004,2026-04-27,-412.4,-607.6,24.6,228,neighbour_says_shifted,False,pre_cut,1,pincode
VS001661,AC002158,AD002784,FA004,2026-04-27,-509.0,-517.2,8.3,80,address_not_traceable,False,pre_cut,1,locality
VS001662,AC001587,AD002045,FA004,2026-04-27,-967.6,-678.8,10.9,202,locked_premises,False,pre_cut,1,locality
VS001663,AC000360,AD000456,FA004,2026-04-27,-267.8,-378.5,4.0,348,neighbour_says_shifted,False,pre_cut,1,locality
VS001664,AC001466,AD001891,FA008,2026-04-27,-3127.5,-165.2,10.3,671,met_borrower,True,pre_cut,1,locality
VS001665,AC001923,AD002485,FA008,2026-04-27,-2081.1,-1639.9,9.9,83,address_not_traceable,False,pre_cut,1,pincode
VS001666,AC001807,AD002333,FA008,2026-04-27,-2254.0,-536.1,12.8,460,met_family,True,pre_cut,1,locality
VS001667,AC000122,AD000153,FA008,2026-04-27,-2226.0,-145.1,16.1,424,met_family,True,pre_cut,1,locality
VS001668,AC001123,AD001458,FA008,2026-04-27,-2860.6,-455.6,4.0,216,locked_premises,False,pre_cut,1,locality
VS001669,AC001071,AD001384,FA008,2026-04-27,-2715.5,-504.7,9.8,288,neighbour_says_shifted,False,pre_cut,1,locality
VS001670,AC000826,AD001064,FA008,2026-04-27,-2882.7,72.6,4.0,557,met_borrower,True,pre_cut,1,locality
VS001671,AC001448,AD001868,FA008,2026-04-27,-2217.5,-178.7,5.2,273,met_family,True,pre_cut,1,locality
VS001672,AC000216,AD000273,FA008,2026-04-27,-1057.7,-1662.5,5.7,98,address_not_traceable,False,pre_cut,1,pincode
VS001673,AC000075,AD000096,FA007,2026-04-27,3372.9,553.2,11.9,136,locked_premises,False,pre_cut,1,locality
VS001674,AC001095,AD001422,FA007,2026-04-27,3978.4,693.8,11.4,396,met_borrower,True,pre_cut,1,locality
VS001675,AC002123,AD002737,FA007,2026-04-27,3607.2,167.7,9.1,500,met_family,True,pre_cut,1,locality
VS001676,AC000036,AD000043,FA007,2026-04-27,3920.2,708.2,8.7,62,locked_premises,False,pre_cut,1,street
VS001677,AC000560,AD000722,FA007,2026-04-27,4025.7,325.7,4.0,311,met_borrower,True,pre_cut,1,locality
VS001678,AC001155,AD001499,FA007,2026-04-27,3510.3,4.2,13.3,471,met_family,True,pre_cut,1,street
VS001679,AC001629,AD002102,FA009,2026-04-27,2968.0,-1824.8,6.4,1194,met_borrower,True,pre_cut,1,locality
VS001680,AC000676,AD000870,FA009,2026-04-27,-3757.8,-781.1,16.1,217,address_not_traceable,False,pre_cut,32,locality
VS001681,AC000837,AD001078,FA009,2026-04-27,3061.6,-1848.8,8.3,919,met_borrower,True,pre_cut,1,locality
VS001682,AC001586,AD002044,FA009,2026-04-27,3174.9,-2062.7,7.6,74,address_not_traceable,False,pre_cut,1,locality
VS001683,AC001653,AD002134,FA009,2026-04-27,3095.7,-1836.8,8.3,363,met_family,True,pre_cut,1,locality
VS001684,AC000641,AD000827,FA009,2026-04-27,-3733.8,-780.6,13.5,183,locked_premises,False,pre_cut,26,locality
VS001685,AC000027,AD000031,FA009,2026-04-27,2325.8,-729.4,22.8,181,locked_premises,False,pre_cut,32,locality
VS001686,AC002317,AD002982,FA009,2026-04-27,3041.4,-2337.1,8.4,575,met_family,True,pre_cut,1,street
VS001687,AC000840,AD001083,FA003,2026-04-28,802.2,-3288.8,4.8,155,locked_premises,False,pre_cut,1,street
VS001688,AC001354,AD001753,FA003,2026-04-28,918.8,-2909.8,18.6,153,locked_premises,False,pre_cut,1,street
VS001689,AC001713,AD002215,FA003,2026-04-28,817.8,-3477.4,12.9,82,address_not_traceable,False,pre_cut,1,locality
VS001690,AC001456,AD001879,FA003,2026-04-28,575.1,-2853.0,6.6,132,locked_premises,False,pre_cut,1,locality
VS001691,AC001290,AD001676,FA003,2026-04-28,1095.7,-3411.7,5.9,145,locked_premises,False,pre_cut,1,pincode
VS001692,AC000161,AD000200,FA003,2026-04-28,363.2,-2875.2,6.9,1214,met_borrower,True,pre_cut,1,pincode
VS001693,AC002172,AD002802,FA003,2026-04-28,640.6,-2764.9,10.4,180,met_family,True,pre_cut,1,locality
VS001694,AC001473,AD001900,FA003,2026-04-28,699.6,-2696.1,9.1,257,neighbour_says_shifted,False,pre_cut,1,locality
VS001695,AC000226,AD000286,FA003,2026-04-28,729.0,-3141.9,4.0,38,address_not_traceable,False,pre_cut,1,locality
VS001696,AC001759,AD002270,FA003,2026-04-28,612.2,-2898.5,11.3,1075,met_borrower,True,pre_cut,1,locality
VS001697,AC001063,AD001372,FA001,2026-04-28,2994.2,-2500.8,10.4,267,met_family,True,pre_cut,1,locality
VS001698,AC000511,AD000658,FA001,2026-04-28,2135.1,-2115.4,15.2,402,met_borrower,True,pre_cut,1,locality
VS001699,AC001393,AD001800,FA001,2026-04-28,2563.1,-2311.6,9.7,535,met_family,True,pre_cut,1,locality
VS001700,AC000568,AD000733,FA001,2026-04-28,2828.0,-2258.2,10.4,150,locked_premises,False,pre_cut,1,locality
VS001701,AC001411,AD001821,FA001,2026-04-28,2482.3,-2425.2,9.7,133,locked_premises,False,pre_cut,1,street
VS001702,AC002033,AD002623,FA001,2026-04-28,1466.1,-1468.3,4.4,34,address_not_traceable,False,pre_cut,1,pincode
VS001703,AC000469,AD000602,FA001,2026-04-28,3016.0,-1616.8,10.3,348,met_family,True,pre_cut,1,locality
VS001704,AC000893,AD001154,FA002,2026-04-28,-2603.5,1717.8,14.2,420,met_family,True,pre_cut,1,locality
VS001705,AC001406,AD001815,FA002,2026-04-28,-2484.9,1025.5,6.4,186,locked_premises,False,pre_cut,1,locality
VS001706,AC000190,AD000238,FA002,2026-04-28,-2865.4,1007.0,5.3,552,met_family,True,pre_cut,1,locality
VS001707,AC001017,AD001314,FA002,2026-04-28,-2432.5,1274.0,10.8,420,cash_collected,True,pre_cut,1,street
VS001708,AC000810,AD001042,FA002,2026-04-28,-2989.3,807.4,6.8,566,met_family,True,pre_cut,1,street
VS001709,AC000929,AD001200,FA002,2026-04-28,-2804.3,844.7,15.0,64,locked_premises,False,pre_cut,1,locality
VS001710,AC000633,AD000817,FA004,2026-04-28,1465.0,-1855.5,12.0,41,address_not_traceable,False,pre_cut,1,locality
VS001711,AC001516,AD001954,FA004,2026-04-28,1119.1,-1866.7,7.1,588,met_family,True,pre_cut,1,locality
VS001712,AC000959,AD001242,FA004,2026-04-28,1515.9,-1922.3,15.0,169,neighbour_says_shifted,False,pre_cut,1,locality
VS001713,AC002227,AD002870,FA004,2026-04-28,1695.0,-2372.9,12.2,83,address_not_traceable,False,pre_cut,1,locality
VS001714,AC001556,AD002007,FA004,2026-04-28,1124.9,-2164.7,6.8,80,locked_premises,False,pre_cut,1,locality
VS001715,AC001439,AD001857,FA004,2026-04-28,1646.1,-2253.7,15.0,584,met_family,True,pre_cut,1,locality
VS001716,AC001080,AD001397,FA004,2026-04-28,1692.5,-1696.4,10.3,380,met_family,True,pre_cut,1,locality
VS001717,AC001754,AD002263,FA004,2026-04-28,1687.0,-1894.7,4.7,96,address_not_traceable,False,pre_cut,1,locality
VS001718,AC000586,AD000756,FA004,2026-04-28,1322.6,-2271.2,8.1,324,met_borrower,True,pre_cut,1,street
VS001719,AC000213,AD000268,FA005,2026-04-28,986.3,3042.7,9.9,912,met_borrower,True,pre_cut,1,locality
VS001720,AC000711,AD000918,FA005,2026-04-28,1988.4,1917.4,22.9,77,address_not_traceable,False,pre_cut,1,street
VS001721,AC000146,AD000182,FA005,2026-04-28,712.7,2675.0,5.1,45,address_not_traceable,False,pre_cut,1,locality
VS001722,AC000013,AD000016,FA005,2026-04-28,749.7,2350.7,4.0,192,neighbour_says_shifted,False,pre_cut,1,street
VS001723,AC002303,AD002966,FA005,2026-04-28,434.2,2611.5,11.2,296,met_family,True,pre_cut,1,locality
VS001724,AC001596,AD002057,FA005,2026-04-28,1020.1,2900.5,19.4,780,met_borrower,True,pre_cut,1,pincode
VS001725,AC002300,AD002962,FA005,2026-04-28,996.0,3134.5,14.1,821,met_borrower,True,pre_cut,1,locality
VS001726,AC001146,AD001488,FA006,2026-04-28,-1517.6,-2862.9,8.8,191,locked_premises,False,pre_cut,1,locality
VS001727,AC000153,AD000192,FA006,2026-04-28,1551.7,-183.9,6.7,236,met_family,True,pre_cut,1,street
VS001728,AC000414,AD000531,FA006,2026-04-28,1227.1,-1007.4,28.2,78,address_not_traceable,False,pre_cut,1,pincode
VS001729,AC000890,AD001150,FA006,2026-04-28,1252.1,717.2,7.8,115,address_not_traceable,False,pre_cut,1,pincode
VS001730,AC000636,AD000821,FA006,2026-04-28,1412.7,-2460.6,10.9,54,address_not_traceable,False,pre_cut,1,locality
VS001731,AC001564,AD002019,FA006,2026-04-28,1154.0,-1962.7,6.8,335,neighbour_says_shifted,False,pre_cut,1,locality
VS001732,AC000218,AD000275,FA006,2026-04-28,-1836.0,-1385.5,4.0,97,address_not_traceable,False,pre_cut,1,pincode
VS001733,AC001335,AD001731,FA006,2026-04-28,1458.4,-2230.5,9.4,838,met_borrower,True,pre_cut,1,street
VS001734,AC001949,AD002521,FA006,2026-04-28,1764.0,-2526.9,20.1,438,met_family,True,pre_cut,1,locality
VS001735,AC002074,AD002675,FA008,2026-04-28,-654.5,3200.4,8.7,232,locked_premises,False,pre_cut,1,locality
VS001736,AC001224,AD001587,FA008,2026-04-28,-812.4,2989.2,11.2,185,met_family,True,pre_cut,1,locality
VS001737,AC002011,AD002596,FA008,2026-04-28,-576.6,2767.6,21.2,55,address_not_traceable,False,pre_cut,1,street
VS001738,AC000625,AD000808,FA008,2026-04-28,-720.8,3385.8,4.5,593,met_family,True,pre_cut,1,locality
VS001739,AC000508,AD000654,FA008,2026-04-28,-1362.2,2481.9,8.9,92,address_not_traceable,False,pre_cut,1,pincode
VS001740,AC000513,AD000662,FA008,2026-04-28,-561.3,3419.8,13.5,91,locked_premises,False,pre_cut,1,locality
VS001741,AC000473,AD000606,FA008,2026-04-28,-577.7,3294.5,6.0,474,met_family,True,pre_cut,1,rooftop
VS001742,AC001050,AD001357,FA008,2026-04-28,-505.0,3422.1,14.5,236,met_family,True,pre_cut,1,locality
VS001743,AC002210,AD002852,FA008,2026-04-28,-327.3,2839.8,6.1,704,met_borrower,True,pre_cut,1,street
VS001744,AC000191,AD000239,FA007,2026-04-28,1068.9,-666.9,10.3,135,neighbour_says_shifted,False,pre_cut,1,street
VS001745,AC001079,AD001395,FA007,2026-04-28,1363.0,-1066.3,4.8,312,neighbour_says_shifted,False,pre_cut,1,locality
VS001746,AC000456,AD000587,FA007,2026-04-28,1103.5,-867.7,7.6,109,address_not_traceable,False,pre_cut,1,locality
VS001747,AC002183,AD002819,FA007,2026-04-28,1329.7,-909.1,6.6,994,met_borrower,True,pre_cut,1,pincode
VS001748,AC000410,AD000526,FA007,2026-04-28,1215.3,-598.1,9.4,514,met_borrower,True,pre_cut,1,locality
VS001749,AC000638,AD000824,FA007,2026-04-28,1566.8,-2133.4,15.9,94,address_not_traceable,False,pre_cut,1,pincode
VS001750,AC001204,AD001565,FA009,2026-04-28,-3731.2,-771.6,7.3,159,locked_premises,False,pre_cut,1,locality
VS001751,AC000941,AD001219,FA009,2026-04-28,1512.4,-3496.1,6.2,91,address_not_traceable,False,pre_cut,1,locality
VS001752,AC002341,AD003012,FA009,2026-04-28,-664.8,-3841.2,6.7,156,neighbour_says_shifted,False,pre_cut,1,locality
VS001753,AC000503,AD000647,FA009,2026-04-28,-171.5,-3335.7,7.0,241,neighbour_says_shifted,False,pre_cut,1,locality
VS001754,AC002103,AD002712,FA009,2026-04-28,-739.2,-3702.1,12.9,232,locked_premises,False,pre_cut,1,locality
VS001755,AC001111,AD001443,FA009,2026-04-28,-3730.7,-776.3,7.1,119,met_borrower,True,pre_cut,26,locality
VS001756,AC001134,AD001473,FA009,2026-04-28,596.2,1778.6,8.1,107,address_not_traceable,False,pre_cut,1,locality
VS001757,AC000205,AD000258,FA009,2026-04-28,-651.6,-3367.2,29.7,802,met_borrower,True,pre_cut,1,pincode
VS001758,AC002142,AD002764,FA001,2026-04-29,533.8,-3288.3,8.2,930,met_borrower,True,pre_cut,1,rooftop
VS001759,AC000637,AD000822,FA001,2026-04-29,370.0,-2935.0,33.6,1167,met_borrower,True,pre_cut,1,locality
VS001760,AC000294,AD000369,FA001,2026-04-29,718.5,-3210.5,23.3,1112,met_borrower,True,pre_cut,1,locality
VS001761,AC002337,AD003006,FA001,2026-04-29,295.6,-3163.1,9.3,87,address_not_traceable,False,pre_cut,1,locality
VS001762,AC002102,AD002711,FA001,2026-04-29,1461.2,-3343.4,7.5,619,met_borrower,True,pre_cut,1,locality
VS001763,AC000829,AD001067,FA001,2026-04-29,1680.3,-1857.3,4.8,84,address_not_traceable,False,pre_cut,1,pincode
VS001764,AC000606,AD000782,FA001,2026-04-29,676.2,-2465.6,10.1,402,met_borrower,True,pre_cut,1,locality
VS001765,AC000260,AD000328,FA001,2026-04-29,383.6,-2906.1,9.4,108,no_such_person,False,pre_cut,1,locality
VS001766,AC000100,AD000126,FA001,2026-04-29,769.6,-3410.6,12.2,185,no_such_person,False,pre_cut,1,locality
VS001767,AC000222,AD000281,FA001,2026-04-29,991.1,-2735.6,18.6,1229,met_borrower,True,pre_cut,1,locality
VS001768,AC001789,AD002308,FA002,2026-04-29,2931.5,-2432.0,7.8,1190,met_borrower,True,pre_cut,1,locality
VS001769,AC002350,AD003026,FA002,2026-04-29,2843.2,-2492.5,20.6,592,met_family,True,pre_cut,1,locality
VS001770,AC000375,AD000475,FA002,2026-04-29,2579.2,-2282.1,16.3,402,met_borrower,True,pre_cut,1,locality
VS001771,AC001144,AD001484,FA002,2026-04-29,2769.4,-2319.3,17.3,81,address_not_traceable,False,pre_cut,1,locality
VS001772,AC001329,AD001724,FA002,2026-04-29,1906.2,-856.5,4.0,58,address_not_traceable,False,pre_cut,1,locality
VS001773,AC000310,AD000389,FA002,2026-04-29,691.2,-1654.3,11.7,93,address_not_traceable,False,pre_cut,1,pincode
VS001774,AC000604,AD000779,FA003,2026-04-29,2300.4,830.2,10.1,249,met_family,True,pre_cut,1,locality
VS001775,AC000168,AD000209,FA003,2026-04-29,2337.2,983.5,4.5,73,address_not_traceable,False,pre_cut,1,locality
VS001776,AC000519,AD000669,FA003,2026-04-29,2264.5,678.5,12.6,152,locked_premises,False,pre_cut,1,locality
VS001777,AC001248,AD001616,FA003,2026-04-29,2588.1,1404.9,11.6,234,neighbour_says_shifted,False,pre_cut,1,street
VS001778,AC001086,AD001408,FA003,2026-04-29,2293.8,1040.6,7.7,117,address_not_traceable,False,pre_cut,1,locality
VS001779,AC000934,AD001207,FA003,2026-04-29,2455.0,914.5,21.5,187,neighbour_says_shifted,False,pre_cut,1,locality
VS001780,AC000518,AD000668,FA003,2026-04-29,2325.8,925.2,11.1,500,met_family,True,pre_cut,1,locality
VS001781,AC000112,AD000141,FA004,2026-04-29,1639.0,-1267.9,8.4,30,address_not_traceable,False,pre_cut,1,pincode
VS001782,AC001388,AD001794,FA004,2026-04-29,414.3,-3017.3,10.2,109,address_not_traceable,False,pre_cut,1,locality
VS001783,AC000739,AD000953,FA004,2026-04-29,537.7,-3363.7,4.5,116,address_not_traceable,False,pre_cut,1,locality
VS001784,AC000523,AD000674,FA004,2026-04-29,935.4,-2908.1,18.6,135,locked_premises,False,pre_cut,1,pincode
VS001785,AC001901,AD002458,FA004,2026-04-29,1031.5,-3112.6,4.6,308,met_borrower,True,pre_cut,1,locality
VS001786,AC001862,AD002401,FA004,2026-04-29,655.8,-3633.4,10.9,226,met_family,True,pre_cut,1,locality
VS001787,AC001646,AD002123,FA006,2026-04-29,1135.0,183.4,36.8,593,met_family,True,pre_cut,1,locality
VS001788,AC001966,AD002541,FA006,2026-04-29,1300.4,154.8,14.5,697,met_borrower,True,pre_cut,1,locality
VS001789,AC001020,AD001318,FA006,2026-04-29,1226.4,55.2,9.5,113,address_not_traceable,False,pre_cut,1,street
VS001790,AC001092,AD001417,FA006,2026-04-29,1203.3,-448.3,7.8,1479,met_borrower,True,pre_cut,1,locality
VS001791,AC001657,AD002141,FA006,2026-04-29,-1529.8,-3067.9,5.5,114,address_not_traceable,False,pre_cut,1,locality
VS001792,AC000760,AD000980,FA006,2026-04-29,1440.0,-34.7,9.2,140,locked_premises,False,pre_cut,1,locality
VS001793,AC000656,AD000846,FA005,2026-04-29,-1855.9,-3248.3,5.2,155,locked_premises,False,pre_cut,1,pincode
VS001794,AC001651,AD002131,FA005,2026-04-29,-1509.9,-2438.4,9.5,361,met_family,True,pre_cut,1,locality
VS001795,AC001272,AD001647,FA005,2026-04-29,-1639.1,-2886.1,9.2,583,met_family,True,pre_cut,1,locality
VS001796,AC001114,AD001447,FA005,2026-04-29,-1254.7,-2708.2,14.5,1369,met_borrower,True,pre_cut,1,street
VS001797,AC001360,AD001761,FA005,2026-04-29,-1919.0,-2665.5,22.9,389,met_family,True,pre_cut,1,locality
VS001798,AC000301,AD000379,FA005,2026-04-29,-1667.6,-2521.8,6.9,885,met_borrower,True,pre_cut,1,locality
VS001799,AC001228,AD001591,FA005,2026-04-29,-1829.7,-3098.3,30.4,230,locked_premises,False,pre_cut,1,locality
VS001800,AC001852,AD002387,FA005,2026-04-29,-1646.6,-2357.3,18.2,347,neighbour_says_shifted,False,pre_cut,1,locality
VS001801,AC000318,AD000400,FA005,2026-04-29,-2069.8,-2671.8,10.5,224,locked_premises,False,pre_cut,1,rooftop
VS001802,AC001355,AD001754,FA007,2026-04-29,-2380.1,-92.2,7.3,388,neighbour_says_shifted,False,pre_cut,1,street
VS001803,AC002056,AD002655,FA007,2026-04-29,-2949.3,72.3,7.4,80,address_not_traceable,False,pre_cut,1,street
VS001804,AC000367,AD000465,FA007,2026-04-29,-2642.1,-57.5,11.0,156,locked_premises,False,pre_cut,1,locality
VS001805,AC000737,AD000950,FA007,2026-04-29,-3018.3,-239.1,6.2,169,locked_premises,False,pre_cut,1,locality
VS001806,AC001373,AD001776,FA007,2026-04-29,-2533.0,-18.3,15.7,391,neighbour_says_shifted,False,pre_cut,1,locality
VS001807,AC000135,AD000170,FA007,2026-04-29,-3891.6,-879.1,4.0,51,address_not_traceable,False,pre_cut,1,locality
VS001808,AC000063,AD000078,FA007,2026-04-29,-2523.9,-89.8,8.0,192,locked_premises,False,pre_cut,1,locality
VS001809,AC000271,AD000342,FA009,2026-04-29,3653.7,635.2,10.9,85,address_not_traceable,False,pre_cut,1,locality
VS001810,AC001420,AD001832,FA009,2026-04-29,-3715.4,-765.5,8.9,171,address_not_traceable,False,pre_cut,23,street
VS001811,AC000762,AD000982,FA009,2026-04-29,2333.0,-759.5,7.0,216,address_not_traceable,False,pre_cut,27,street
VS001812,AC002223,AD002866,FA009,2026-04-29,2346.9,-744.5,10.5,117,address_not_traceable,False,pre_cut,1,locality
VS001813,AC001350,AD001749,FA009,2026-04-29,2331.4,-786.5,8.4,228,address_not_traceable,False,pre_cut,28,pincode
VS001814,AC000341,AD000433,FA009,2026-04-29,2349.7,-766.1,15.9,184,address_not_traceable,False,pre_cut,23,pincode
VS001815,AC002399,AD003088,FA009,2026-04-29,2335.2,-765.8,4.0,228,address_not_traceable,False,pre_cut,1,locality
VS001816,AC000183,AD000228,FA009,2026-04-29,3485.9,285.7,13.4,78,address_not_traceable,False,pre_cut,1,locality
VS001817,AC002169,AD002799,FA009,2026-04-29,3483.6,-21.5,14.1,505,met_family,True,pre_cut,1,street
VS001818,AC002254,AD002903,FA008,2026-04-29,-2244.9,1667.2,11.8,152,neighbour_says_shifted,False,pre_cut,1,street
VS001819,AC000077,AD000098,FA008,2026-04-29,-2494.9,1363.7,10.6,119,locked_premises,False,pre_cut,1,locality
VS001820,AC001937,AD002504,FA008,2026-04-29,-2297.8,1290.1,24.1,579,met_family,True,pre_cut,1,locality
VS001821,AC001606,AD002068,FA008,2026-04-29,-2034.0,1433.2,8.3,582,met_family,True,pre_cut,1,locality
VS001822,AC001327,AD001722,FA008,2026-04-29,-2243.5,1292.8,10.8,1332,met_borrower,True,pre_cut,1,pincode
VS001823,AC002301,AD002964,FA008,2026-04-29,-2701.3,1925.4,7.0,395,met_family,True,pre_cut,1,locality
VS001824,AC000286,AD000359,FA001,2026-04-30,-2470.0,-2648.2,7.6,605,met_borrower,True,pre_cut,1,locality
VS001825,AC001999,AD002579,FA001,2026-04-30,-2042.0,-2569.2,8.6,464,met_borrower,True,pre_cut,1,locality
VS001826,AC000137,AD000172,FA001,2026-04-30,-2191.7,-2660.0,24.2,116,locked_premises,False,pre_cut,1,locality
VS001827,AC001796,AD002317,FA001,2026-04-30,-2395.7,-2023.0,6.4,209,locked_premises,False,pre_cut,1,locality
VS001828,AC000144,AD000180,FA001,2026-04-30,-2405.9,-2700.8,6.4,37,address_not_traceable,False,pre_cut,1,locality
VS001829,AC000466,AD000599,FA001,2026-04-30,-927.1,-2476.9,6.2,117,address_not_traceable,False,pre_cut,1,pincode
VS001830,AC000977,AD001263,FA001,2026-04-30,-2643.8,-2423.9,5.5,45,address_not_traceable,False,pre_cut,1,locality
VS001831,AC001332,AD001727,FA001,2026-04-30,1236.9,1992.4,13.8,85,address_not_traceable,False,pre_cut,1,pincode
VS001832,AC002204,AD002845,FA001,2026-04-30,-2224.4,-2855.7,7.5,34,address_not_traceable,False,pre_cut,1,street
VS001833,AC001447,AD001867,FA002,2026-04-30,2850.0,1461.5,15.2,299,no_such_person,False,pre_cut,1,street
VS001834,AC000404,AD000517,FA002,2026-04-30,2115.4,636.4,12.6,455,met_borrower,True,pre_cut,1,street
VS001835,AC001834,AD002367,FA002,2026-04-30,2094.0,759.0,4.7,207,met_family,True,pre_cut,1,locality
VS001836,AC000751,AD000969,FA002,2026-04-30,2174.9,1002.3,8.3,351,met_family,True,pre_cut,1,locality
VS001837,AC000812,AD001045,FA002,2026-04-30,2615.2,1450.9,6.9,287,met_family,True,pre_cut,1,street
VS001838,AC000850,AD001096,FA002,2026-04-30,2634.6,1151.5,5.6,551,met_family,True,pre_cut,1,locality
VS001839,AC000089,AD000111,FA002,2026-04-30,2702.3,1144.4,4.7,121,locked_premises,False,pre_cut,1,locality
VS001840,AC000972,AD001257,FA002,2026-04-30,2318.6,1449.6,6.2,549,met_family,True,pre_cut,1,locality
VS001841,AC001733,AD002239,FA002,2026-04-30,1884.8,1330.5,4.9,35,address_not_traceable,False,pre_cut,1,pincode
VS001842,AC002071,AD002672,FA002,2026-04-30,2212.7,990.9,24.1,109,address_not_traceable,False,pre_cut,1,locality
VS001843,AC000804,AD001035,FA003,2026-04-30,979.9,-494.4,7.0,496,met_borrower,True,pre_cut,1,locality
VS001844,AC000610,AD000788,FA003,2026-04-30,1255.4,-392.5,21.2,228,no_such_person,False,pre_cut,1,locality
VS001845,AC000919,AD001187,FA003,2026-04-30,1365.3,-304.6,7.9,185,locked_premises,False,pre_cut,1,locality
VS001846,AC000001,AD000001,FA003,2026-04-30,1221.2,-281.1,15.0,1334,met_borrower,True,pre_cut,1,street
VS001847,AC000196,AD000247,FA003,2026-04-30,1883.5,-1199.9,9.8,70,address_not_traceable,False,pre_cut,1,pincode
VS001848,AC001598,AD002060,FA003,2026-04-30,760.6,-342.2,10.9,826,met_borrower,True,pre_cut,1,street
VS001849,AC001605,AD002067,FA003,2026-04-30,1028.0,-308.2,10.3,566,met_family,True,pre_cut,1,locality
VS001850,AC002238,AD002882,FA003,2026-04-30,1202.9,-333.4,6.8,1263,met_borrower,True,pre_cut,1,pincode
VS001851,AC002018,AD002606,FA003,2026-04-30,1224.9,-188.6,16.4,507,met_family,True,pre_cut,1,locality
VS001852,AC000207,AD000260,FA003,2026-04-30,1175.8,-376.1,10.1,1254,cash_collected,True,pre_cut,1,street
VS001853,AC002293,AD002953,FA004,2026-04-30,584.9,-1567.2,6.2,114,address_not_traceable,False,pre_cut,1,pincode
VS001854,AC001363,AD001765,FA004,2026-04-30,2346.6,-981.5,4.9,70,address_not_traceable,False,pre_cut,1,locality
VS001855,AC000595,AD000768,FA004,2026-04-30,2676.8,-1229.5,6.3,102,address_not_traceable,False,pre_cut,1,locality
VS001856,AC000120,AD000150,FA004,2026-04-30,2505.6,-865.4,13.4,101,locked_premises,False,pre_cut,1,locality
VS001857,AC000617,AD000797,FA004,2026-04-30,2586.7,-1122.4,5.8,305,neighbour_says_shifted,False,pre_cut,1,locality
VS001858,AC000388,AD000495,FA004,2026-04-30,2652.8,-1289.3,4.0,93,address_not_traceable,False,pre_cut,1,locality
VS001859,AC001531,AD001971,FA006,2026-04-30,2818.7,-1044.4,6.2,413,met_borrower,True,pre_cut,1,locality
VS001860,AC000865,AD001117,FA006,2026-04-30,2319.7,-1322.7,4.0,68,address_not_traceable,False,pre_cut,1,locality
VS001861,AC002148,AD002772,FA006,2026-04-30,2534.6,-930.3,5.8,570,met_family,True,pre_cut,1,locality
VS001862,AC001437,AD001855,FA006,2026-04-30,2412.7,-1204.6,16.0,208,locked_premises,False,pre_cut,1,locality
VS001863,AC001753,AD002262,FA006,2026-04-30,2610.9,-1650.6,10.9,1238,met_borrower,True,pre_cut,1,locality
VS001864,AC002389,AD003077,FA006,2026-04-30,2609.8,-1333.4,7.6,78,address_not_traceable,False,pre_cut,1,locality
VS001865,AC001117,AD001450,FA006,2026-04-30,2501.9,-973.1,5.2,220,neighbour_says_shifted,False,pre_cut,1,street
VS001866,AC000531,AD000686,FA005,2026-04-30,2792.5,835.1,4.0,237,locked_premises,False,pre_cut,1,locality
VS001867,AC001711,AD002213,FA005,2026-04-30,2763.2,673.7,8.7,410,met_family,True,pre_cut,1,street
VS001868,AC002133,AD002751,FA005,2026-04-30,3094.8,405.1,6.0,348,met_family,True,pre_cut,1,locality
VS001869,AC001989,AD002568,FA005,2026-04-30,3057.9,681.0,7.1,105,address_not_traceable,False,pre_cut,1,locality
VS001870,AC001331,AD001726,FA005,2026-04-30,2927.8,883.2,4.5,192,locked_premises,False,pre_cut,1,street
VS001871,AC000969,AD001254,FA005,2026-04-30,2624.6,7.3,11.0,36,address_not_traceable,False,pre_cut,1,street
VS001872,AC002295,AD002956,FA009,2026-04-30,2325.8,-765.7,10.7,68,locked_premises,False,pre_cut,27,locality
VS001873,AC001873,AD002415,FA009,2026-04-30,-2825.0,197.2,15.0,917,met_borrower,True,pre_cut,1,street
VS001874,AC001686,AD002181,FA009,2026-04-30,2326.4,-776.3,15.3,138,met_borrower,True,pre_cut,32,rooftop
VS001875,AC000559,AD000721,FA009,2026-04-30,-3035.4,-140.9,6.0,1409,met_borrower,True,pre_cut,1,locality
VS001876,AC000228,AD000288,FA009,2026-04-30,2317.0,-771.1,8.3,152,address_not_traceable,False,pre_cut,27,locality
VS001877,AC002006,AD002590,FA009,2026-04-30,-3744.0,-785.6,11.9,109,locked_premises,False,pre_cut,28,locality
VS001878,AC001412,AD001822,FA009,2026-04-30,-3727.7,-781.0,5.6,167,locked_premises,False,pre_cut,27,street
VS001879,AC000859,AD001109,FA009,2026-04-30,-3743.7,-768.7,6.7,109,address_not_traceable,False,pre_cut,28,locality
VS001880,AC001106,AD001437,FA009,2026-04-30,-2394.7,-618.2,14.9,214,locked_premises,False,pre_cut,1,locality
VS001881,AC002312,AD002977,FA009,2026-04-30,-2652.5,-496.2,5.6,272,met_family,True,pre_cut,1,locality
VS001882,AC001175,AD001524,FA007,2026-04-30,4269.1,181.4,13.4,238,locked_premises,False,pre_cut,1,locality
VS001883,AC001430,AD001846,FA007,2026-04-30,-3626.5,-786.9,18.9,73,address_not_traceable,False,pre_cut,1,locality
VS001884,AC000869,AD001122,FA007,2026-04-30,3755.9,435.9,11.5,50,address_not_traceable,False,pre_cut,1,locality
VS001885,AC001656,AD002138,FA007,2026-04-30,3740.6,563.2,5.8,1050,met_borrower,True,pre_cut,1,street
VS001886,AC000416,AD000534,FA007,2026-04-30,3956.9,732.9,11.0,178,locked_premises,False,pre_cut,1,pincode
VS001887,AC000201,AD000252,FA007,2026-04-30,3537.9,638.0,13.2,115,address_not_traceable,False,pre_cut,1,locality
VS001888,AC002016,AD002603,FA007,2026-04-30,2475.3,588.0,8.0,41,address_not_traceable,False,pre_cut,1,pincode
VS001889,AC000113,AD000142,FA007,2026-04-30,3928.8,774.2,18.6,277,met_family,True,pre_cut,1,street
VS001890,AC000659,AD000850,FA007,2026-04-30,3785.4,225.5,19.6,1140,met_borrower,True,pre_cut,1,locality
VS001891,AC001141,AD001481,FA008,2026-04-30,2786.2,-1720.6,5.1,100,address_not_traceable,False,pre_cut,1,locality
VS001892,AC002042,AD002636,FA008,2026-04-30,-2397.3,1687.6,12.5,64,locked_premises,False,pre_cut,1,street
VS001893,AC000983,AD001272,FA008,2026-04-30,2924.1,-2313.7,19.0,36,address_not_traceable,False,pre_cut,1,locality
VS001894,AC000631,AD000815,FA008,2026-04-30,2943.1,-2314.2,7.7,165,locked_premises,False,pre_cut,1,street
VS001895,AC001130,AD001467,FA008,2026-04-30,2997.5,-1848.2,13.6,77,address_not_traceable,False,pre_cut,1,locality
VS001896,AC000887,AD001146,FA008,2026-04-30,379.5,-425.8,6.9,108,address_not_traceable,False,pre_cut,1,pincode
VS001897,AC001799,AD002321,FA008,2026-04-30,2832.5,-1913.6,9.4,58,address_not_traceable,False,pre_cut,1,locality
VS001898,AC002174,AD002806,FA003,2026-05-01,2795.8,-1801.5,15.4,175,no_such_person,False,pre_cut,1,locality
VS001899,AC000652,AD000840,FA003,2026-05-01,1094.6,-1764.7,6.0,68,address_not_traceable,False,pre_cut,1,pincode
VS001900,AC001562,AD002016,FA003,2026-05-01,2768.2,-2327.0,7.2,278,neighbour_says_shifted,False,pre_cut,1,locality
VS001901,AC001830,AD002362,FA003,2026-05-01,2494.1,-2121.9,23.1,544,met_family,True,pre_cut,1,locality
VS001902,AC000506,AD000652,FA003,2026-05-01,2815.0,-2230.3,15.1,731,met_borrower,True,pre_cut,1,locality
VS001903,AC000608,AD000785,FA003,2026-05-01,2446.0,-2317.7,6.5,1288,met_borrower,True,pre_cut,1,pincode
VS001904,AC000442,AD000569,FA003,2026-05-01,2824.7,-2148.7,9.9,206,locked_premises,False,pre_cut,1,locality
VS001905,AC001091,AD001416,FA003,2026-05-01,2601.3,-1652.5,7.8,974,met_borrower,True,pre_cut,1,street
VS001906,AC000858,AD001107,FA001,2026-05-01,1595.7,-1674.4,15.8,116,address_not_traceable,False,pre_cut,1,pincode
VS001907,AC002086,AD002691,FA001,2026-05-01,1534.8,-2437.6,7.2,84,address_not_traceable,False,pre_cut,1,pincode
VS001908,AC000060,AD000075,FA001,2026-05-01,2785.1,-2317.7,7.0,379,neighbour_says_shifted,False,pre_cut,1,locality
VS001909,AC000154,AD000193,FA001,2026-05-01,1660.5,-1460.9,28.7,100,address_not_traceable,False,pre_cut,1,pincode
VS001910,AC000701,AD000904,FA001,2026-05-01,954.0,-2889.8,9.4,1218,met_borrower,True,pre_cut,1,locality
VS001911,AC000918,AD001186,FA001,2026-05-01,2875.7,-2018.5,9.3,1448,met_borrower,True,pre_cut,1,locality
VS001912,AC001785,AD002304,FA001,2026-05-01,2786.0,-2052.9,9.9,291,no_such_person,False,pre_cut,1,locality
VS001913,AC001368,AD001770,FA001,2026-05-01,2497.6,-2351.5,8.8,538,met_family,True,pre_cut,1,locality
VS001914,AC000091,AD000114,FA001,2026-05-01,2716.4,-1869.8,10.6,530,met_family,True,pre_cut,1,street
VS001915,AC000413,AD000529,FA001,2026-05-01,2816.5,-2095.5,8.8,226,locked_premises,False,pre_cut,1,locality
VS001916,AC001507,AD001945,FA002,2026-05-01,-2978.1,594.6,12.2,40,address_not_traceable,False,pre_cut,1,locality
VS001917,AC001054,AD001362,FA002,2026-05-01,-1461.9,752.0,15.2,75,address_not_traceable,False,pre_cut,1,pincode
VS001918,AC000038,AD000047,FA002,2026-05-01,-2462.7,1209.7,10.1,69,locked_premises,False,pre_cut,1,locality
VS001919,AC000504,AD000649,FA002,2026-05-01,-2618.8,899.9,17.5,71,address_not_traceable,False,pre_cut,1,street
VS001920,AC001909,AD002468,FA002,2026-05-01,-3049.4,1477.7,15.8,579,met_family,True,pre_cut,1,locality
VS001921,AC001385,AD001790,FA002,2026-05-01,-3144.6,1510.0,6.3,1146,met_borrower,True,pre_cut,1,locality
VS001922,AC000418,AD000539,FA004,2026-05-01,2682.0,-941.8,21.3,211,neighbour_says_shifted,False,pre_cut,1,pincode
VS001923,AC001828,AD002359,FA004,2026-05-01,1821.8,-1735.5,16.9,162,neighbour_says_shifted,False,pre_cut,1,street
VS001924,AC001353,AD001752,FA004,2026-05-01,1466.6,-2259.8,5.7,261,no_such_person,False,pre_cut,1,locality
VS001925,AC002308,AD002973,FA004,2026-05-01,1141.9,-2165.8,17.6,73,locked_premises,False,pre_cut,1,pincode
VS001926,AC001151,AD001495,FA004,2026-05-01,1266.5,-1832.2,4.0,1495,met_borrower,True,pre_cut,1,pincode
VS001927,AC002387,AD003074,FA004,2026-05-01,1508.6,-2121.3,10.0,230,met_family,True,pre_cut,1,pincode
VS001928,AC001288,AD001673,FA005,2026-05-01,1008.0,-1764.5,12.5,79,locked_premises,False,pre_cut,1,street
VS001929,AC000787,AD001013,FA005,2026-05-01,1319.6,-2075.4,16.9,281,neighbour_says_shifted,False,pre_cut,1,street
VS001930,AC002207,AD002849,FA005,2026-05-01,1721.6,-2413.9,9.7,373,met_borrower,True,pre_cut,1,locality
VS001931,AC001997,AD002576,FA005,2026-05-01,1484.1,-2345.5,8.4,166,locked_premises,False,pre_cut,1,locality
VS001932,AC001597,AD002059,FA005,2026-05-01,1313.0,-1876.4,27.9,99,locked_premises,False,pre_cut,1,locality
VS001933,AC001907,AD002466,FA005,2026-05-01,1858.5,-2089.2,14.2,112,locked_premises,False,pre_cut,1,locality
VS001934,AC001813,AD002341,FA006,2026-05-01,-701.1,2667.7,20.4,202,met_family,True,pre_cut,1,locality
VS001935,AC001637,AD002112,FA006,2026-05-01,-358.9,3274.8,8.1,571,met_family,True,pre_cut,1,street
VS001936,AC001676,AD002166,FA006,2026-05-01,-940.5,2990.1,5.4,254,neighbour_says_shifted,False,pre_cut,1,locality
VS001937,AC001282,AD001662,FA006,2026-05-01,-634.6,2697.6,12.6,58,address_not_traceable,False,pre_cut,1,locality
VS001938,AC000159,AD000198,FA006,2026-05-01,-471.1,3190.3,6.3,135,locked_premises,False,pre_cut,1,locality
VS001939,AC000879,AD001135,FA006,2026-05-01,-732.6,2999.1,7.7,502,cash_collected,True,pre_cut,1,locality
VS001940,AC000070,AD000088,FA006,2026-05-01,-429.0,3101.5,7.5,99,locked_premises,False,pre_cut,1,street
VS001941,AC000769,AD000991,FA006,2026-05-01,-437.7,3260.2,13.4,79,locked_premises,False,pre_cut,1,locality
VS001942,AC000808,AD001040,FA007,2026-05-01,617.2,-1232.4,5.5,204,locked_premises,False,pre_cut,1,street
VS001943,AC001548,AD001995,FA007,2026-05-01,831.9,-358.7,11.3,1072,met_borrower,True,pre_cut,1,locality
VS001944,AC002024,AD002614,FA007,2026-05-01,802.7,-781.9,5.1,245,neighbour_says_shifted,False,pre_cut,1,locality
VS001945,AC002118,AD002731,FA007,2026-05-01,764.0,1378.6,9.9,311,neighbour_says_shifted,False,pre_cut,1,street
VS001946,AC000182,AD000227,FA007,2026-05-01,1166.7,-1190.1,7.7,181,locked_premises,False,pre_cut,1,locality
VS001947,AC000356,AD000451,FA007,2026-05-01,1002.1,-514.1,6.5,148,locked_premises,False,pre_cut,1,locality
VS001948,AC002206,AD002848,FA007,2026-05-01,1003.3,-774.6,10.2,299,no_such_person,False,pre_cut,1,locality
VS001949,AC001253,AD001622,FA007,2026-05-01,1140.4,-1091.8,11.5,1110,met_borrower,True,pre_cut,1,locality
VS001950,AC001612,AD002077,FA007,2026-05-01,1717.7,-2203.2,8.3,45,address_not_traceable,False,pre_cut,1,pincode
VS001951,AC001869,AD002411,FA007,2026-05-01,1201.8,-1239.8,5.6,342,met_borrower,True,pre_cut,1,locality
VS001952,AC000443,AD000570,FA009,2026-05-01,-3733.1,-752.3,9.7,187,met_borrower,True,pre_cut,1,locality
VS001953,AC000926,AD001197,FA009,2026-05-01,1093.1,-386.1,5.2,81,address_not_traceable,False,pre_cut,1,locality
VS001954,AC000609,AD000787,FA009,2026-05-01,1073.7,-1175.3,7.8,1062,met_borrower,True,pre_cut,1,rooftop
VS001955,AC001939,AD002506,FA009,2026-05-01,868.1,-869.3,15.3,522,met_borrower,True,pre_cut,1,locality
VS001956,AC000337,AD000426,FA009,2026-05-01,838.1,-1179.5,5.3,344,met_family,True,pre_cut,1,locality
VS001957,AC001427,AD001840,FA009,2026-05-01,-3746.2,-759.4,5.4,210,locked_premises,False,pre_cut,32,locality
VS001958,AC000758,AD000978,FA008,2026-05-01,-1255.0,-710.8,15.3,214,no_such_person,False,pre_cut,1,locality
VS001959,AC000976,AD001262,FA008,2026-05-01,-978.6,-432.0,12.7,178,locked_premises,False,pre_cut,1,locality
VS001960,AC000078,AD000099,FA008,2026-05-01,1285.2,667.7,14.9,199,locked_premises,False,pre_cut,1,locality
VS001961,AC001746,AD002254,FA008,2026-05-01,-438.5,-272.6,6.8,149,locked_premises,False,pre_cut,1,street
VS001962,AC000277,AD000348,FA008,2026-05-01,-760.8,-654.5,12.5,46,address_not_traceable,False,pre_cut,1,locality
VS001963,AC000709,AD000915,FA008,2026-05-01,-689.0,-1711.8,13.6,42,address_not_traceable,False,pre_cut,1,locality
VS001964,AC001963,AD002537,FA001,2026-05-02,2126.3,-2157.9,8.9,70,address_not_traceable,False,pre_cut,1,pincode
VS001965,AC001739,AD002247,FA001,2026-05-02,1672.6,-566.7,4.0,101,address_not_traceable,False,pre_cut,1,locality
VS001966,AC000853,AD001100,FA001,2026-05-02,2891.6,-2591.2,21.5,548,met_family,True,pre_cut,1,locality
VS001967,AC000645,AD000832,FA001,2026-05-02,2777.8,-2100.3,8.9,109,address_not_traceable,False,pre_cut,1,locality
VS001968,AC002313,AD002978,FA001,2026-05-02,2777.3,-2402.5,9.0,170,no_such_person,False,pre_cut,1,locality
VS001969,AC002267,AD002920,FA001,2026-05-02,2743.2,-2544.0,14.8,965,met_borrower,True,pre_cut,1,locality
VS001970,AC000287,AD000360,FA001,2026-05-02,3269.9,-2386.4,4.1,863,met_borrower,True,pre_cut,1,locality
VS001971,AC000251,AD000316,FA001,2026-05-02,2317.5,-2130.3,13.5,335,met_family,True,pre_cut,1,street
VS001972,AC001788,AD002307,FA001,2026-05-02,2482.8,-2346.0,4.3,415,met_borrower,True,pre_cut,1,locality
VS001973,AC000338,AD000428,FA001,2026-05-02,2891.6,-2724.9,20.7,179,neighbour_says_shifted,False,pre_cut,1,locality
VS001974,AC000857,AD001105,FA002,2026-05-02,2818.6,-2258.0,19.3,567,met_family,True,pre_cut,1,locality
VS001975,AC002137,AD002757,FA002,2026-05-02,2408.1,-2151.8,6.8,319,neighbour_says_shifted,False,pre_cut,1,street
VS001976,AC001217,AD001579,FA002,2026-05-02,2695.4,-2282.5,19.1,113,address_not_traceable,False,pre_cut,1,street
VS001977,AC001073,AD001387,FA002,2026-05-02,3011.1,-2031.0,4.0,43,address_not_traceable,False,pre_cut,1,locality
VS001978,AC001048,AD001354,FA002,2026-05-02,2617.1,-2325.6,15.7,70,address_not_traceable,False,pre_cut,1,locality
VS001979,AC001056,AD001364,FA002,2026-05-02,2965.6,-2530.9,5.0,1438,met_borrower,True,pre_cut,1,locality
VS001980,AC001033,AD001336,FA002,2026-05-02,2677.1,-1873.9,12.1,234,locked_premises,False,pre_cut,1,locality
VS001981,AC001025,AD001324,FA002,2026-05-02,2624.4,-1951.7,18.7,93,locked_premises,False,pre_cut,1,locality
VS001982,AC001055,AD001363,FA002,2026-05-02,2922.9,-1807.8,10.1,80,locked_premises,False,pre_cut,1,locality
VS001983,AC000498,AD000641,FA002,2026-05-02,2977.4,-2281.2,45.4,526,met_family,True,pre_cut,1,locality
VS001984,AC002330,AD002996,FA003,2026-05-02,-754.3,-1531.0,10.6,1200,met_borrower,True,pre_cut,1,locality
VS001985,AC001930,AD002494,FA003,2026-05-02,-743.8,-958.2,6.3,181,locked_premises,False,pre_cut,1,locality
VS001986,AC002262,AD002914,FA003,2026-05-02,-1637.4,200.4,12.0,39,address_not_traceable,False,pre_cut,1,locality
VS001987,AC000572,AD000738,FA003,2026-05-02,-376.7,-953.5,11.0,166,locked_premises,False,pre_cut,1,locality
VS001988,AC001927,AD002490,FA003,2026-05-02,-844.9,-1411.8,4.7,101,locked_premises,False,pre_cut,1,locality
VS001989,AC001341,AD001738,FA003,2026-05-02,-837.3,-1392.5,18.1,104,locked_premises,False,pre_cut,1,locality
VS001990,AC002178,AD002813,FA003,2026-05-02,-1067.8,173.3,4.7,226,locked_premises,False,pre_cut,1,locality
VS001991,AC001748,AD002256,FA003,2026-05-02,-514.5,220.0,10.2,46,address_not_traceable,False,pre_cut,1,locality
VS001992,AC000423,AD000544,FA003,2026-05-02,-489.5,-1092.1,10.3,113,address_not_traceable,False,pre_cut,1,street
VS001993,AC001761,AD002272,FA004,2026-05-02,2897.2,346.0,10.8,105,address_not_traceable,False,pre_cut,1,locality
VS001994,AC001319,AD001712,FA004,2026-05-02,2957.8,801.7,10.3,139,no_such_person,False,pre_cut,1,locality
VS001995,AC001174,AD001523,FA004,2026-05-02,2940.4,271.5,5.4,1233,met_borrower,True,pre_cut,1,locality
VS001996,AC002035,AD002626,FA004,2026-05-02,3190.3,462.2,16.5,429,met_family,True,pre_cut,1,locality
VS001997,AC000745,AD000962,FA004,2026-05-02,2275.0,2069.6,22.2,36,address_not_traceable,False,pre_cut,1,locality
VS001998,AC001973,AD002550,FA004,2026-05-02,2893.0,573.5,12.1,241,no_such_person,False,pre_cut,1,locality
VS001999,AC002229,AD002872,FA004,2026-05-02,3430.3,285.8,9.2,67,locked_premises,False,pre_cut,1,locality
VS002000,AC001259,AD001631,FA004,2026-05-02,2716.3,501.5,6.8,90,locked_premises,False,pre_cut,1,rooftop
VS002001,AC001915,AD002474,FA004,2026-05-02,2803.3,831.7,6.6,663,met_borrower,True,pre_cut,1,locality
VS002002,AC001752,AD002261,FA004,2026-05-02,2671.2,252.7,7.9,352,neighbour_says_shifted,False,pre_cut,1,locality
VS002003,AC000327,AD000412,FA005,2026-05-02,1168.8,-1889.3,9.7,583,met_borrower,True,pre_cut,1,street
VS002004,AC001720,AD002225,FA005,2026-05-02,-929.6,-626.3,10.9,167,locked_premises,False,pre_cut,1,locality
VS002005,AC001610,AD002074,FA005,2026-05-02,1750.0,-1665.3,10.3,98,locked_premises,False,pre_cut,1,street
VS002006,AC001890,AD002440,FA005,2026-05-02,1114.2,-1819.0,8.9,498,met_family,True,pre_cut,1,pincode
VS002007,AC001708,AD002210,FA005,2026-05-02,1652.9,-1596.4,8.6,152,locked_premises,False,pre_cut,1,locality
VS002008,AC000713,AD000921,FA005,2026-05-02,1703.0,-2314.5,8.8,228,locked_premises,False,pre_cut,1,locality
VS002009,AC002184,AD002820,FA005,2026-05-02,1838.2,-1602.1,9.5,429,met_family,True,pre_cut,1,locality
VS002010,AC001621,AD002091,FA005,2026-05-02,1834.8,-2219.8,12.8,249,met_family,True,pre_cut,1,locality
VS002011,AC000267,AD000338,FA005,2026-05-02,1216.6,-2012.5,7.7,231,met_family,True,pre_cut,1,locality
VS002012,AC001731,AD002237,FA005,2026-05-02,1609.5,-2350.9,4.0,402,met_family,True,pre_cut,1,pincode
VS002013,AC001158,AD001503,FA006,2026-05-02,2786.4,-1488.6,13.3,108,locked_premises,False,pre_cut,1,street
VS002014,AC001506,AD001944,FA006,2026-05-02,2415.2,-1669.3,6.7,56,address_not_traceable,False,pre_cut,1,locality
VS002015,AC000364,AD000461,FA006,2026-05-02,2958.8,644.2,4.9,117,address_not_traceable,False,pre_cut,1,locality
VS002016,AC002398,AD003087,FA006,2026-05-02,2703.7,-1343.4,7.6,377,neighbour_says_shifted,False,pre_cut,1,locality
VS002017,AC000546,AD000704,FA006,2026-05-02,2498.3,-1468.8,6.3,53,address_not_traceable,False,pre_cut,1,locality
VS002018,AC002195,AD002832,FA006,2026-05-02,2692.6,-1033.3,4.5,231,locked_premises,False,pre_cut,1,locality
VS002019,AC001965,AD002540,FA006,2026-05-02,2353.4,-1561.0,18.8,169,locked_premises,False,pre_cut,1,locality
VS002020,AC002365,AD003045,FA006,2026-05-02,2951.0,-1271.5,9.5,218,neighbour_says_shifted,False,pre_cut,1,locality
VS002021,AC002090,AD002696,FA008,2026-05-02,-2534.2,1231.2,18.9,108,locked_premises,False,pre_cut,1,locality
VS002022,AC002136,AD002756,FA008,2026-05-02,-2542.9,1412.2,4.0,769,met_borrower,True,pre_cut,1,pincode
VS002023,AC000256,AD000323,FA008,2026-05-02,-2539.6,1871.9,9.4,350,met_family,True,pre_cut,1,street
VS002024,AC001105,AD001436,FA008,2026-05-02,-2310.7,1214.1,8.6,120,locked_premises,False,pre_cut,1,locality
VS002025,AC002027,AD002617,FA008,2026-05-02,-2497.4,1038.2,22.6,997,cash_collected,True,pre_cut,1,locality
VS002026,AC001216,AD001578,FA008,2026-05-02,-2263.9,1693.5,5.2,484,met_family,True,pre_cut,1,locality
VS002027,AC000848,AD001094,FA008,2026-05-02,-2471.0,1745.6,18.9,339,met_borrower,True,pre_cut,1,locality
VS002028,AC000937,AD001212,FA008,2026-05-02,-3127.8,1341.6,10.1,329,met_borrower,True,pre_cut,1,pincode
VS002029,AC000381,AD000484,FA008,2026-05-02,-2001.1,1671.8,6.3,172,locked_premises,False,pre_cut,1,locality
VS002030,AC000805,AD001036,FA008,2026-05-02,-2114.5,-454.7,16.3,51,address_not_traceable,False,pre_cut,1,locality
VS002031,AC000158,AD000197,FA009,2026-05-02,2347.3,-764.8,7.2,210,locked_premises,False,pre_cut,1,locality
VS002032,AC000838,AD001080,FA009,2026-05-02,-2313.1,-118.6,10.8,1278,met_borrower,True,pre_cut,1,street
VS002033,AC001727,AD002233,FA009,2026-05-02,2337.5,-792.7,11.2,157,locked_premises,False,pre_cut,27,street
VS002034,AC001987,AD002566,FA009,2026-05-02,-3710.9,-762.3,12.5,228,met_family,True,pre_cut,26,locality
VS002035,AC000481,AD000617,FA009,2026-05-02,2293.7,-868.6,37.2,184,locked_premises,False,pre_cut,32,locality
VS002036,AC001031,AD001333,FA009,2026-05-02,-2893.9,-220.7,5.7,276,no_such_person,False,pre_cut,1,locality
VS002037,AC001607,AD002069,FA007,2026-05-02,3813.2,471.2,12.4,365,met_family,True,pre_cut,1,locality
VS002038,AC002075,AD002676,FA007,2026-05-02,3686.8,465.0,9.4,126,locked_premises,False,pre_cut,1,locality
VS002039,AC001625,AD002096,FA007,2026-05-02,3593.6,616.7,16.9,1026,met_borrower,True,pre_cut,1,street
VS002040,AC000086,AD000107,FA007,2026-05-02,3523.3,481.4,9.2,56,address_not_traceable,False,pre_cut,1,locality
VS002041,AC001792,AD002311,FA007,2026-05-02,2843.6,-1981.1,5.8,106,address_not_traceable,False,pre_cut,1,locality
VS002042,AC001046,AD001352,FA007,2026-05-02,3938.8,498.0,7.0,133,locked_premises,False,pre_cut,1,locality
VS002043,AC001103,AD001433,FA001,2026-05-04,2697.4,-2482.6,22.0,521,met_family,True,pre_cut,1,street
VS002044,AC000517,AD000667,FA001,2026-05-04,3038.7,-2117.8,7.7,73,address_not_traceable,False,pre_cut,1,locality
VS002045,AC001348,AD001746,FA001,2026-05-04,2938.5,-1988.5,16.3,83,address_not_traceable,False,pre_cut,1,locality
VS002046,AC001806,AD002332,FA001,2026-05-04,3060.9,-2087.1,8.5,219,locked_premises,False,pre_cut,1,pincode
VS002047,AC000955,AD001236,FA001,2026-05-04,2925.2,-2631.9,6.3,204,locked_premises,False,pre_cut,1,locality
VS002048,AC000741,AD000955,FA001,2026-05-04,3139.3,-1904.5,25.2,178,no_such_person,False,pre_cut,1,locality
VS002049,AC002336,AD003005,FA001,2026-05-04,-2076.0,-2216.0,10.6,623,cash_collected,True,pre_cut,1,pincode
VS002050,AC000420,AD000541,FA001,2026-05-04,2504.7,-2447.2,8.6,46,address_not_traceable,False,pre_cut,1,locality
VS002051,AC000408,AD000524,FA001,2026-05-04,2591.5,-1942.5,9.7,84,address_not_traceable,False,pre_cut,1,street
VS002052,AC001163,AD001509,FA001,2026-05-04,3106.5,-2572.2,12.8,232,met_family,True,pre_cut,1,locality
VS002053,AC001667,AD002154,FA002,2026-05-04,756.1,-2663.4,14.0,475,met_borrower,True,pre_cut,1,locality
VS002054,AC000110,AD000138,FA002,2026-05-04,638.2,-3093.1,8.1,191,locked_premises,False,pre_cut,1,street
VS002055,AC001126,AD001462,FA002,2026-05-04,938.3,-3404.6,8.3,956,met_borrower,True,pre_cut,1,locality
VS002056,AC000475,AD000608,FA002,2026-05-04,922.6,-3351.9,8.4,148,locked_premises,False,pre_cut,1,locality
VS002057,AC001258,AD001629,FA002,2026-05-04,802.8,-2892.6,13.0,157,neighbour_says_shifted,False,pre_cut,1,locality
VS002058,AC000627,AD000810,FA002,2026-05-04,552.3,-2751.7,8.8,52,address_not_traceable,False,pre_cut,1,locality
VS002059,AC000712,AD000919,FA003,2026-05-04,2599.4,-2185.7,8.7,35,address_not_traceable,False,pre_cut,1,locality
VS002060,AC000246,AD000309,FA003,2026-05-04,2841.9,-1644.6,9.0,470,met_family,True,pre_cut,1,locality
VS002061,AC000557,AD000719,FA003,2026-05-04,2868.4,-1941.0,16.7,229,no_such_person,False,pre_cut,1,locality
VS002062,AC000484,AD000622,FA003,2026-05-04,2483.7,-2499.3,4.8,222,locked_premises,False,pre_cut,1,locality
VS002063,AC000971,AD001256,FA003,2026-05-04,3308.4,-1993.2,18.6,144,locked_premises,False,pre_cut,1,locality
VS002064,AC000814,AD001047,FA003,2026-05-04,2902.6,-1732.1,15.1,146,no_such_person,False,pre_cut,1,street
VS002065,AC002175,AD002808,FA003,2026-05-04,2451.7,-2319.7,15.3,157,locked_premises,False,pre_cut,1,locality
VS002066,AC001995,AD002574,FA006,2026-05-04,1814.8,-2203.6,10.0,235,locked_premises,False,pre_cut,1,locality
VS002067,AC002065,AD002664,FA006,2026-05-04,1220.3,-2391.6,4.0,759,met_borrower,True,pre_cut,1,street
VS002068,AC002382,AD003067,FA006,2026-05-04,1741.1,-2084.5,6.9,90,address_not_traceable,False,pre_cut,1,locality
VS002069,AC002185,AD002821,FA006,2026-05-04,1311.9,-2242.2,4.0,1249,met_borrower,True,pre_cut,1,locality
VS002070,AC002062,AD002661,FA006,2026-05-04,1752.8,-1728.7,9.2,494,met_family,True,pre_cut,1,pincode
VS002071,AC001421,AD001833,FA006,2026-05-04,1526.9,-2386.5,9.1,342,neighbour_says_shifted,False,pre_cut,1,locality
VS002072,AC001068,AD001380,FA006,2026-05-04,1405.5,-1891.1,6.0,201,met_family,True,pre_cut,1,locality
VS002073,AC000435,AD000560,FA006,2026-05-04,1276.3,-2461.3,7.9,483,met_family,True,pre_cut,1,locality
VS002074,AC001320,AD001713,FA006,2026-05-04,1808.9,-2079.5,5.3,317,met_family,True,pre_cut,1,rooftop
VS002075,AC002343,AD003015,FA004,2026-05-04,1181.4,2821.0,11.5,56,address_not_traceable,False,pre_cut,1,locality
VS002076,AC001418,AD001830,FA004,2026-05-04,1081.8,2897.5,12.0,99,locked_premises,False,pre_cut,1,street
VS002077,AC002378,AD003060,FA004,2026-05-04,858.5,2781.8,6.3,276,met_family,True,pre_cut,1,locality
VS002078,AC002069,AD002669,FA004,2026-05-04,-390.7,432.3,7.1,112,address_not_traceable,False,pre_cut,1,pincode
VS002079,AC001307,AD001697,FA004,2026-05-04,847.4,3201.3,4.0,110,locked_premises,False,pre_cut,1,street
VS002080,AC000614,AD000792,FA004,2026-05-04,923.8,2483.2,9.5,461,met_family,True,pre_cut,1,locality
VS002081,AC002338,AD003007,FA004,2026-05-04,731.1,2682.2,8.3,111,address_not_traceable,False,pre_cut,1,locality
VS002082,AC002165,AD002794,FA005,2026-05-04,1610.0,-2311.9,12.3,65,locked_premises,False,pre_cut,1,locality
VS002083,AC000585,AD000755,FA005,2026-05-04,967.0,-2999.4,12.5,82,address_not_traceable,False,pre_cut,1,locality
VS002084,AC000138,AD000173,FA005,2026-05-04,1457.3,-2341.3,5.6,395,met_borrower,True,pre_cut,1,locality
VS002085,AC001343,AD001741,FA005,2026-05-04,1517.8,-1878.1,9.6,232,met_family,True,pre_cut,1,locality
VS002086,AC000179,AD000223,FA005,2026-05-04,1930.1,-2161.8,13.8,84,locked_premises,False,pre_cut,1,locality
VS002087,AC000800,AD001031,FA005,2026-05-04,1277.5,-2283.7,13.7,328,met_family,True,pre_cut,1,street
VS002088,AC002342,AD003014,FA005,2026-05-04,3211.2,842.7,17.2,1211,met_borrower,True,pre_cut,1,street
VS002089,AC001172,AD001520,FA008,2026-05-04,-639.6,-3696.0,13.6,546,met_family,True,pre_cut,1,street
VS002090,AC002278,AD002932,FA008,2026-05-04,-127.2,-3642.3,8.7,83,address_not_traceable,False,pre_cut,1,locality
VS002091,AC001321,AD001715,FA008,2026-05-04,-346.3,-3399.1,4.8,1268,met_borrower,True,pre_cut,1,pincode
VS002092,AC001251,AD001620,FA008,2026-05-04,-39.1,-3371.8,6.3,497,met_family,True,pre_cut,1,locality
VS002093,AC000474,AD000607,FA008,2026-05-04,-827.1,-3865.6,12.5,98,no_such_person,False,pre_cut,1,locality
VS002094,AC000447,AD000576,FA008,2026-05-04,-481.5,-3617.3,7.7,189,met_family,True,pre_cut,1,locality
VS002095,AC000074,AD000094,FA007,2026-05-04,-2643.2,-191.0,12.8,537,met_borrower,True,pre_cut,1,locality
VS002096,AC000020,AD000023,FA007,2026-05-04,-2953.6,-25.9,5.4,195,met_family,True,pre_cut,1,locality
VS002097,AC001387,AD001792,FA007,2026-05-04,-2985.0,-650.2,10.7,98,address_not_traceable,False,pre_cut,1,street
VS002098,AC001745,AD002253,FA007,2026-05-04,-2326.5,-419.8,4.7,105,locked_premises,False,pre_cut,1,locality
VS002099,AC001970,AD002547,FA007,2026-05-04,319.4,1329.5,8.9,1020,met_borrower,True,pre_cut,1,locality
VS002100,AC001062,AD001371,FA007,2026-05-04,-2819.1,-681.4,8.2,533,met_family,True,pre_cut,1,locality
VS002101,AC000563,AD000727,FA007,2026-05-04,-2698.9,-758.6,9.4,487,met_family,True,pre_cut,1,locality
VS002102,AC001941,AD002509,FA007,2026-05-04,-2435.6,-614.5,8.5,428,met_family,True,pre_cut,1,street
VS002103,AC001029,AD001330,FA007,2026-05-04,-3812.7,-802.1,4.0,39,address_not_traceable,False,pre_cut,1,locality
VS002104,AC000605,AD000781,FA009,2026-05-04,3808.3,648.1,4.0,655,cash_collected,True,pre_cut,1,locality
VS002105,AC001129,AD001466,FA009,2026-05-04,2332.2,-770.3,17.7,151,met_family,True,pre_cut,26,locality
VS002106,AC000501,AD000645,FA009,2026-05-04,3538.6,-92.3,13.9,87,locked_premises,False,pre_cut,1,locality
VS002107,AC002243,AD002889,FA009,2026-05-04,4088.0,110.3,8.6,291,neighbour_says_shifted,False,pre_cut,1,locality
VS002108,AC002082,AD002685,FA009,2026-05-04,-3736.9,-775.6,28.6,166,locked_premises,False,pre_cut,28,locality
VS002109,AC001974,AD002551,FA009,2026-05-04,3471.4,628.9,13.2,202,neighbour_says_shifted,False,pre_cut,1,locality
VS002110,AC000240,AD000303,FA009,2026-05-04,2338.3,-787.1,4.0,237,met_borrower,True,pre_cut,32,locality
VS002111,AC002121,AD002735,FA009,2026-05-04,3939.5,241.9,11.2,33,address_not_traceable,False,pre_cut,1,locality
VS002112,AC000048,AD000060,FA009,2026-05-04,3792.8,96.7,4.6,165,locked_premises,False,pre_cut,1,street
VS002113,AC001264,AD001638,FA003,2026-05-05,861.2,-3298.2,13.2,946,met_borrower,True,pre_cut,1,locality
VS002114,AC001685,AD002180,FA003,2026-05-05,792.6,-2762.4,9.7,224,locked_premises,False,pre_cut,1,locality
VS002115,AC000726,AD000936,FA003,2026-05-05,1005.1,-2973.5,7.6,196,locked_premises,False,pre_cut,1,locality
VS002116,AC001599,AD002061,FA003,2026-05-05,801.7,-2952.2,5.5,816,met_borrower,True,pre_cut,1,street
VS002117,AC001532,AD001972,FA003,2026-05-05,693.0,-2829.0,9.8,567,met_family,True,pre_cut,1,street
VS002118,AC001169,AD001516,FA003,2026-05-05,655.6,-2630.7,21.1,253,neighbour_says_shifted,False,pre_cut,1,pincode
VS002119,AC002034,AD002624,FA003,2026-05-05,868.2,-2778.4,11.2,85,address_not_traceable,False,pre_cut,1,locality
VS002120,AC000032,AD000037,FA003,2026-05-05,708.3,-3438.3,11.6,1435,met_borrower,True,pre_cut,1,pincode
VS002121,AC002031,AD002621,FA003,2026-05-05,838.9,-3205.2,13.9,217,locked_premises,False,pre_cut,1,street
VS002122,AC001630,AD002103,FA003,2026-05-05,189.1,-2827.1,6.7,1182,cash_collected,True,pre_cut,1,locality
VS002123,AC001273,AD001649,FA002,2026-05-05,2539.3,-2482.3,11.3,100,locked_premises,False,pre_cut,1,locality
VS002124,AC000103,AD000129,FA002,2026-05-05,3281.4,-1952.9,12.4,331,met_family,True,pre_cut,1,locality
VS002125,AC000945,AD001224,FA002,2026-05-05,2975.9,-2216.8,7.5,83,address_not_traceable,False,pre_cut,1,locality
VS002126,AC001634,AD002108,FA002,2026-05-05,2937.8,-2569.6,9.4,104,address_not_traceable,False,pre_cut,1,locality
VS002127,AC000289,AD000363,FA002,2026-05-05,2462.2,-2539.4,5.9,180,met_family,True,pre_cut,1,locality
VS002128,AC000253,AD000320,FA002,2026-05-05,2030.0,-913.0,7.3,1391,met_borrower,True,pre_cut,1,pincode
VS002129,AC001139,AD001479,FA002,2026-05-05,2974.6,-2510.1,20.3,190,locked_premises,False,pre_cut,1,locality
VS002130,AC001206,AD001567,FA002,2026-05-05,2871.1,-2172.7,14.2,247,no_such_person,False,pre_cut,1,locality
VS002131,AC000843,AD001087,FA001,2026-05-05,2204.8,-1994.5,18.3,62,address_not_traceable,False,pre_cut,1,pincode
VS002132,AC002275,AD002928,FA001,2026-05-05,1179.8,-3156.3,9.8,197,locked_premises,False,pre_cut,1,locality
VS002133,AC001232,AD001596,FA001,2026-05-05,741.0,-3242.6,37.0,233,locked_premises,False,pre_cut,1,locality
VS002134,AC001679,AD002171,FA001,2026-05-05,424.7,-3439.9,14.6,945,met_borrower,True,pre_cut,1,locality
VS002135,AC000202,AD000253,FA001,2026-05-05,524.6,-2839.2,6.3,347,met_family,True,pre_cut,1,locality
VS002136,AC001620,AD002090,FA001,2026-05-05,733.7,-3194.3,15.9,84,address_not_traceable,False,pre_cut,1,locality
VS002137,AC000023,AD000027,FA006,2026-05-05,617.2,2944.6,14.7,75,locked_premises,False,pre_cut,1,locality
VS002138,AC001812,AD002339,FA006,2026-05-05,1087.1,2978.4,11.1,467,met_family,True,pre_cut,1,locality
VS002139,AC000040,AD000049,FA006,2026-05-05,738.9,2391.8,9.2,129,locked_premises,False,pre_cut,1,locality
VS002140,AC000765,AD000986,FA006,2026-05-05,1334.8,2536.2,4.5,534,met_family,True,pre_cut,1,rooftop
VS002141,AC002381,AD003066,FA006,2026-05-05,2375.2,-1144.8,10.9,176,locked_premises,False,pre_cut,1,locality
VS002142,AC001683,AD002176,FA006,2026-05-05,1089.4,3162.9,9.5,95,address_not_traceable,False,pre_cut,1,locality
VS002143,AC002116,AD002728,FA006,2026-05-05,775.5,3073.7,21.9,963,met_borrower,True,pre_cut,1,locality
VS002144,AC000028,AD000032,FA005,2026-05-05,1786.3,-1829.0,7.3,422,met_borrower,True,pre_cut,1,locality
VS002145,AC000653,AD000842,FA005,2026-05-05,846.2,1312.2,8.2,818,met_borrower,True,pre_cut,1,street
VS002146,AC002364,AD003044,FA005,2026-05-05,1200.0,-2372.1,9.8,365,neighbour_says_shifted,False,pre_cut,1,rooftop
VS002147,AC000662,AD000854,FA005,2026-05-05,1309.3,-2503.4,15.9,187,met_family,True,pre_cut,1,locality
VS002148,AC000467,AD000600,FA005,2026-05-05,1800.3,-2501.6,4.0,163,locked_premises,False,pre_cut,1,locality
VS002149,AC000493,AD000634,FA005,2026-05-05,1791.3,-1655.5,20.2,1059,met_borrower,True,pre_cut,1,locality
VS002150,AC001549,AD001996,FA005,2026-05-05,1709.5,-1819.6,18.5,582,met_family,True,pre_cut,1,pincode
VS002151,AC001221,AD001584,FA005,2026-05-05,1341.5,-1965.7,24.8,244,neighbour_says_shifted,False,pre_cut,1,locality
VS002152,AC000521,AD000672,FA004,2026-05-05,930.5,2633.0,8.7,213,locked_premises,False,pre_cut,1,locality
VS002153,AC001198,AD001556,FA004,2026-05-05,1019.1,2599.7,14.4,131,locked_premises,False,pre_cut,1,locality
VS002154,AC001160,AD001505,FA004,2026-05-05,1068.0,2643.0,6.8,342,met_family,True,pre_cut,1,locality
VS002155,AC001036,AD001339,FA004,2026-05-05,550.0,2652.9,9.6,481,met_borrower,True,pre_cut,1,locality
VS002156,AC001500,AD001937,FA004,2026-05-05,738.4,3065.8,12.0,106,locked_premises,False,pre_cut,1,street
VS002157,AC002346,AD003019,FA004,2026-05-05,668.6,2784.3,4.0,88,locked_premises,False,pre_cut,1,locality
VS002158,AC001491,AD001923,FA004,2026-05-05,966.0,2935.6,14.5,1032,met_borrower,True,pre_cut,1,locality
VS002159,AC000117,AD000147,FA004,2026-05-05,1159.4,1107.5,9.8,76,address_not_traceable,False,pre_cut,1,locality
VS002160,AC001747,AD002255,FA004,2026-05-05,919.7,2828.5,15.9,65,address_not_traceable,False,pre_cut,1,locality
VS002161,AC001096,AD001424,FA004,2026-05-05,562.2,2345.4,20.7,576,met_borrower,True,pre_cut,1,locality
VS002162,AC001356,AD001755,FA007,2026-05-05,1338.5,-1280.3,9.7,96,address_not_traceable,False,pre_cut,1,pincode
VS002163,AC001000,AD001291,FA007,2026-05-05,981.6,-836.6,13.4,575,met_borrower,True,pre_cut,1,locality
VS002164,AC000497,AD000639,FA007,2026-05-05,717.2,-820.0,11.2,306,met_borrower,True,pre_cut,1,street
VS002165,AC001988,AD002567,FA007,2026-05-05,-873.1,-159.8,12.8,96,address_not_traceable,False,pre_cut,1,locality
VS002166,AC000874,AD001128,FA007,2026-05-05,788.0,-991.8,10.6,117,address_not_traceable,False,pre_cut,1,locality
VS002167,AC002279,AD002933,FA007,2026-05-05,905.3,-720.4,12.1,554,met_family,True,pre_cut,1,locality
VS002168,AC001465,AD001890,FA007,2026-05-05,1095.4,-477.7,9.1,211,neighbour_says_shifted,False,pre_cut,1,locality
VS002169,AC000123,AD000155,FA007,2026-05-05,1161.1,-606.8,7.4,181,met_family,True,pre_cut,1,street
VS002170,AC000187,AD000233,FA007,2026-05-05,796.3,-763.5,9.7,599,met_borrower,True,pre_cut,1,locality
VS002171,AC000257,AD000325,FA009,2026-05-05,2327.0,-778.9,4.1,212,locked_premises,False,pre_cut,23,locality
VS002172,AC000675,AD000869,FA009,2026-05-05,2335.3,-768.4,11.8,190,locked_premises,False,pre_cut,1,locality
VS002173,AC001197,AD001555,FA009,2026-05-05,-2647.1,1797.2,10.7,831,met_borrower,True,pre_cut,1,locality
VS002174,AC000942,AD001220,FA009,2026-05-05,2339.9,-773.6,4.2,169,met_borrower,True,pre_cut,1,locality
VS002175,AC001338,AD001734,FA009,2026-05-05,2342.8,-765.4,12.8,190,locked_premises,False,pre_cut,28,locality
VS002176,AC001659,AD002143,FA009,2026-05-05,2333.8,-756.7,9.8,172,locked_premises,False,pre_cut,1,locality
VS002177,AC000600,AD000774,FA009,2026-05-05,-2653.3,1741.0,8.9,564,met_borrower,True,pre_cut,1,locality
VS002178,AC001567,AD002023,FA009,2026-05-05,-2752.5,1778.9,8.9,169,locked_premises,False,pre_cut,1,locality
VS002179,AC001724,AD002229,FA009,2026-05-05,2325.1,-792.9,6.2,94,address_not_traceable,False,pre_cut,32,street
VS002180,AC001072,AD001386,FA008,2026-05-05,-534.7,-3511.4,17.3,330,neighbour_says_shifted,False,pre_cut,1,locality
VS002181,AC001445,AD001865,FA008,2026-05-05,394.3,1309.6,9.3,146,locked_premises,False,pre_cut,1,locality
VS002182,AC001692,AD002188,FA008,2026-05-05,-240.7,-3321.4,4.7,1085,met_borrower,True,pre_cut,1,street
VS002183,AC001863,AD002402,FA008,2026-05-05,1006.9,-4046.9,4.5,116,address_not_traceable,False,pre_cut,1,locality
VS002184,AC000899,AD001162,FA008,2026-05-05,-512.2,-3826.8,9.3,66,address_not_traceable,False,pre_cut,1,locality
VS002185,AC002139,AD002761,FA008,2026-05-05,-3623.7,-815.8,10.3,91,no_such_person,False,pre_cut,1,locality
VS002186,AC001738,AD002246,FA001,2026-05-06,2439.9,-2330.3,5.9,192,met_family,True,pre_cut,1,rooftop
VS002187,AC002260,AD002911,FA001,2026-05-06,2907.0,-2221.7,13.0,484,met_family,True,pre_cut,1,locality
VS002188,AC000079,AD000100,FA001,2026-05-06,2834.1,-2084.1,8.5,125,locked_premises,False,pre_cut,1,locality
VS002189,AC002019,AD002608,FA001,2026-05-06,-611.8,-1436.5,7.9,40,address_not_traceable,False,pre_cut,1,locality
VS002190,AC001359,AD001760,FA001,2026-05-06,3170.1,-2461.2,4.3,1487,met_borrower,True,pre_cut,1,locality
VS002191,AC001093,AD001419,FA001,2026-05-06,1471.9,-1379.5,15.9,44,address_not_traceable,False,pre_cut,1,pincode
VS002192,AC000134,AD000169,FA001,2026-05-06,3000.0,-2106.0,4.0,47,address_not_traceable,False,pre_cut,1,locality
VS002193,AC001737,AD002245,FA001,2026-05-06,2774.2,-1915.2,26.6,417,met_family,True,pre_cut,1,street
VS002194,AC000803,AD001034,FA001,2026-05-06,3182.1,-2003.2,8.8,337,neighbour_says_shifted,False,pre_cut,1,locality
VS002195,AC002255,AD002904,FA001,2026-05-06,2617.7,-1947.3,5.3,297,no_such_person,False,pre_cut,1,locality
VS002196,AC000050,AD000062,FA003,2026-05-06,580.1,-3096.0,7.7,459,met_family,True,pre_cut,1,locality
VS002197,AC000786,AD001012,FA003,2026-05-06,866.1,-3267.0,17.0,285,neighbour_says_shifted,False,pre_cut,1,street
VS002198,AC002269,AD002922,FA003,2026-05-06,780.4,-2699.9,6.0,481,met_borrower,True,pre_cut,1,locality
VS002199,AC001131,AD001468,FA003,2026-05-06,358.4,-2688.1,12.4,235,no_such_person,False,pre_cut,1,locality
VS002200,AC001945,AD002514,FA003,2026-05-06,748.0,-3276.3,5.2,680,met_borrower,True,pre_cut,1,rooftop
VS002201,AC000107,AD000135,FA003,2026-05-06,809.1,-2623.7,7.2,139,neighbour_says_shifted,False,pre_cut,1,street
VS002202,AC002241,AD002886,FA003,2026-05-06,351.4,-3160.8,8.4,90,address_not_traceable,False,pre_cut,1,locality
VS002203,AC000891,AD001151,FA003,2026-05-06,671.5,-2914.5,5.7,544,met_family,True,pre_cut,1,locality
VS002204,AC002182,AD002818,FA002,2026-05-06,824.7,2115.0,19.1,171,no_such_person,False,pre_cut,1,locality
VS002205,AC000886,AD001145,FA002,2026-05-06,593.9,2301.0,5.0,564,met_family,True,pre_cut,1,street
VS002206,AC001184,AD001539,FA002,2026-05-06,246.0,1979.9,13.4,564,met_family,True,pre_cut,1,street
VS002207,AC001023,AD001322,FA002,2026-05-06,16.7,1989.0,9.7,344,met_family,True,pre_cut,1,pincode
VS002208,AC000225,AD000285,FA002,2026-05-06,362.5,2790.3,4.2,179,locked_premises,False,pre_cut,1,locality
VS002209,AC000015,AD000018,FA002,2026-05-06,643.2,2400.9,16.2,120,neighbour_says_shifted,False,pre_cut,1,locality
VS002210,AC002083,AD002687,FA002,2026-05-06,69.8,2611.7,11.1,458,met_family,True,pre_cut,1,locality
VS002211,AC000116,AD000146,FA002,2026-05-06,582.5,2416.4,9.8,50,address_not_traceable,False,pre_cut,1,locality
VS002212,AC000266,AD000337,FA005,2026-05-06,1478.3,-2033.8,6.7,1290,met_borrower,True,pre_cut,1,street
VS002213,AC000349,AD000443,FA005,2026-05-06,1765.8,-1808.2,10.5,1352,met_borrower,True,pre_cut,1,locality
VS002214,AC000339,AD000430,FA005,2026-05-06,1621.4,-2264.3,18.7,1162,met_borrower,True,pre_cut,1,locality
VS002215,AC000747,AD000964,FA005,2026-05-06,1032.9,-1837.5,4.9,123,neighbour_says_shifted,False,pre_cut,1,locality
VS002216,AC001304,AD001694,FA005,2026-05-06,1757.5,-2215.3,16.7,1039,met_borrower,True,pre_cut,1,locality
VS002217,AC001523,AD001962,FA005,2026-05-06,1458.8,-1796.2,9.2,564,met_borrower,True,pre_cut,1,locality
VS002218,AC001961,AD002535,FA006,2026-05-06,2991.1,979.8,10.8,1263,met_borrower,True,pre_cut,1,locality
VS002219,AC000336,AD000424,FA006,2026-05-06,2918.9,337.2,7.8,1284,met_borrower,True,pre_cut,1,locality
VS002220,AC002002,AD002583,FA006,2026-05-06,3393.4,553.8,12.2,1098,met_borrower,True,pre_cut,1,locality
VS002221,AC000229,AD000290,FA006,2026-05-06,3235.6,670.3,12.1,41,address_not_traceable,False,pre_cut,1,locality
VS002222,AC000478,AD000613,FA006,2026-05-06,2779.5,358.7,6.3,1088,cash_collected,True,pre_cut,1,locality
VS002223,AC002041,AD002633,FA006,2026-05-06,3185.4,669.5,8.3,488,met_borrower,True,pre_cut,1,street
VS002224,AC000308,AD000386,FA004,2026-05-06,1053.2,21.9,24.0,38,address_not_traceable,False,pre_cut,1,locality
VS002225,AC000499,AD000642,FA004,2026-05-06,669.3,-346.7,17.7,1295,met_borrower,True,pre_cut,1,locality
VS002226,AC000880,AD001136,FA004,2026-05-06,834.0,-264.2,14.0,231,locked_premises,False,pre_cut,1,locality
VS002227,AC001215,AD001577,FA004,2026-05-06,930.0,410.2,8.1,280,neighbour_says_shifted,False,pre_cut,1,locality
VS002228,AC001958,AD002531,FA004,2026-05-06,876.0,157.7,18.8,256,met_family,True,pre_cut,1,locality
VS002229,AC001826,AD002357,FA004,2026-05-06,1031.3,309.6,4.4,92,locked_premises,False,pre_cut,1,locality
VS002230,AC000176,AD000220,FA004,2026-05-06,1415.8,-395.8,11.3,85,locked_premises,False,pre_cut,1,locality
VS002231,AC000892,AD001152,FA004,2026-05-06,1417.1,355.7,23.7,242,met_family,True,pre_cut,1,street
VS002232,AC001619,AD002089,FA004,2026-05-06,1064.1,187.7,20.3,1140,met_borrower,True,pre_cut,1,locality
VS002233,AC001700,AD002197,FA004,2026-05-06,947.5,-268.5,4.0,76,locked_premises,False,pre_cut,1,street
VS002234,AC000735,AD000948,FA009,2026-05-06,1324.4,-505.1,6.9,507,cash_collected,True,pre_cut,1,street
VS002235,AC000415,AD000532,FA009,2026-05-06,1401.3,-751.2,4.0,115,no_such_person,False,pre_cut,1,locality
VS002236,AC000818,AD001053,FA009,2026-05-06,897.8,-725.4,13.1,179,locked_premises,False,pre_cut,1,street
VS002237,AC001682,AD002175,FA009,2026-05-06,758.6,-767.4,11.1,72,address_not_traceable,False,pre_cut,1,locality
VS002238,AC000464,AD000596,FA009,2026-05-06,698.9,-706.4,7.8,177,locked_premises,False,pre_cut,1,locality
VS002239,AC001590,AD002048,FA009,2026-05-06,874.4,-769.1,10.7,61,address_not_traceable,False,pre_cut,1,locality
VS002240,AC001948,AD002520,FA009,2026-05-06,620.8,-867.2,5.1,1296,met_borrower,True,pre_cut,1,locality
VS002241,AC001249,AD001618,FA009,2026-05-06,2344.4,-775.0,8.1,222,met_family,True,pre_cut,26,locality
VS002242,AC000851,AD001098,FA009,2026-05-06,2279.2,-1545.9,8.5,32,address_not_traceable,False,pre_cut,1,pincode
VS002243,AC001725,AD002230,FA008,2026-05-06,3397.6,-1817.8,4.3,238,locked_premises,False,pre_cut,1,locality
VS002244,AC001912,AD002471,FA008,2026-05-06,3400.7,-1769.2,13.5,83,address_not_traceable,False,pre_cut,1,locality
VS002245,AC000906,AD001170,FA008,2026-05-06,3658.8,-1915.9,7.3,852,met_borrower,True,pre_cut,1,locality
VS002246,AC001462,AD001886,FA008,2026-05-06,3198.7,-1889.4,5.5,116,address_not_traceable,False,pre_cut,1,locality
VS002247,AC001140,AD001480,FA008,2026-05-06,2905.1,-1731.6,7.7,88,address_not_traceable,False,pre_cut,1,locality
VS002248,AC001666,AD002153,FA008,2026-05-06,3738.7,-1993.5,5.0,118,address_not_traceable,False,pre_cut,1,street
VS002249,AC001684,AD002178,FA008,2026-05-06,2956.4,-2421.9,10.8,331,met_family,True,pre_cut,1,street
VS002250,AC002322,AD002988,FA008,2026-05-06,3370.6,-1669.3,6.6,114,address_not_traceable,False,pre_cut,1,locality
VS002251,AC001173,AD001521,FA007,2026-05-06,-742.0,3279.7,9.6,494,met_borrower,True,pre_cut,1,locality
VS002252,AC002053,AD002652,FA007,2026-05-06,-1077.8,-787.6,4.9,32,address_not_traceable,False,pre_cut,1,street
VS002253,AC002236,AD002880,FA007,2026-05-06,-507.2,2938.8,5.8,585,met_family,True,pre_cut,1,locality
VS002254,AC000574,AD000741,FA007,2026-05-06,-633.8,2732.5,8.7,1483,met_borrower,True,pre_cut,1,street
VS002255,AC001252,AD001621,FA007,2026-05-06,-502.2,3349.4,7.8,35,address_not_traceable,False,pre_cut,1,locality
VS002256,AC001985,AD002564,FA007,2026-05-06,-358.9,3153.2,8.4,84,address_not_traceable,False,pre_cut,1,locality
VS002257,AC000354,AD000449,FA007,2026-05-06,-246.0,2741.4,20.4,267,no_such_person,False,pre_cut,1,street
VS002258,AC002107,AD002718,FA007,2026-05-06,-298.4,3001.7,15.3,68,address_not_traceable,False,pre_cut,1,locality
VS002259,AC000902,AD001165,FA007,2026-05-06,-186.5,2836.7,11.4,68,locked_premises,False,pre_cut,1,locality
VS002260,AC000819,AD001054,FA007,2026-05-06,-133.5,2765.2,9.5,287,met_family,True,pre_cut,1,locality
VS002261,AC002147,AD002771,FA003,2026-05-07,2584.4,-2376.9,4.0,186,locked_premises,False,pre_cut,1,pincode
VS002262,AC001872,AD002414,FA003,2026-05-07,2909.7,-1803.4,6.6,182,locked_premises,False,pre_cut,1,street
VS002263,AC000458,AD000589,FA003,2026-05-07,2674.6,-1858.7,5.8,1153,met_borrower,True,pre_cut,1,locality
VS002264,AC001409,AD001818,FA003,2026-05-07,509.1,-408.1,9.8,108,address_not_traceable,False,pre_cut,1,pincode
VS002265,AC000673,AD000867,FA003,2026-05-07,2980.0,-2544.8,4.8,324,met_family,True,pre_cut,1,locality
VS002266,AC000570,AD000735,FA003,2026-05-07,2961.8,-2412.4,7.0,71,address_not_traceable,False,pre_cut,1,street
VS002267,AC001372,AD001775,FA003,2026-05-07,2508.8,-2359.6,15.9,56,address_not_traceable,False,pre_cut,1,locality
VS002268,AC002396,AD003085,FA003,2026-05-07,3361.7,-2050.3,7.2,570,met_borrower,True,pre_cut,1,rooftop
VS002269,AC001330,AD001725,FA003,2026-05-07,2967.0,-2148.1,4.3,601,met_borrower,True,pre_cut,1,pincode
VS002270,AC000626,AD000809,FA001,2026-05-07,667.5,87.7,4.5,121,locked_premises,False,pre_cut,1,locality
VS002271,AC000053,AD000066,FA001,2026-05-07,1183.9,-195.0,6.4,168,locked_premises,False,pre_cut,1,locality
VS002272,AC002314,AD002979,FA001,2026-05-07,152.7,135.1,4.2,32,address_not_traceable,False,pre_cut,1,pincode
VS002273,AC000292,AD000366,FA001,2026-05-07,1532.5,477.7,6.8,32,address_not_traceable,False,pre_cut,1,street
VS002274,AC000649,AD000836,FA001,2026-05-07,792.3,-581.1,12.7,153,locked_premises,False,pre_cut,1,locality
VS002275,AC001458,AD001882,FA001,2026-05-07,718.8,-3012.1,27.0,1097,met_borrower,True,pre_cut,1,locality
VS002276,AC001600,AD002062,FA001,2026-05-07,2173.5,-951.6,15.5,97,address_not_traceable,False,pre_cut,1,locality
VS002277,AC002362,AD003041,FA001,2026-05-07,722.6,-237.3,15.8,980,met_borrower,True,pre_cut,1,street
VS002278,AC001112,AD001444,FA001,2026-05-07,758.7,148.0,9.2,84,address_not_traceable,False,pre_cut,1,locality
VS002279,AC001533,AD001973,FA001,2026-05-07,895.1,-400.9,9.2,433,met_family,True,pre_cut,1,pincode
VS002280,AC000576,AD000743,FA002,2026-05-07,-1992.6,-2241.7,7.4,98,address_not_traceable,False,pre_cut,1,locality
VS002281,AC002043,AD002637,FA002,2026-05-07,-1099.6,-3241.0,15.1,842,met_borrower,True,pre_cut,1,street
VS002282,AC002394,AD003083,FA002,2026-05-07,-1572.0,-2635.5,12.8,283,neighbour_says_shifted,False,pre_cut,1,locality
VS002283,AC001715,AD002217,FA002,2026-05-07,-873.5,-3085.4,9.4,66,locked_premises,False,pre_cut,1,locality
VS002284,AC002340,AD003010,FA002,2026-05-07,-1120.2,-3037.8,19.5,79,locked_premises,False,pre_cut,1,locality
VS002285,AC002179,AD002814,FA002,2026-05-07,-826.0,-3516.2,7.0,149,locked_premises,False,pre_cut,1,rooftop
VS002286,AC000628,AD000812,FA002,2026-05-07,-1248.8,-2714.3,4.6,60,locked_premises,False,pre_cut,1,pincode
VS002287,AC000756,AD000975,FA004,2026-05-07,-746.6,-588.1,12.9,71,address_not_traceable,False,pre_cut,1,locality
VS002288,AC001524,AD001963,FA004,2026-05-07,-319.3,-737.9,7.5,1004,met_borrower,True,pre_cut,1,locality
VS002289,AC001128,AD001465,FA004,2026-05-07,-794.8,-758.2,6.8,348,met_family,True,pre_cut,1,locality
VS002290,AC001571,AD002027,FA004,2026-05-07,-449.2,-600.8,29.2,156,locked_premises,False,pre_cut,1,locality
VS002291,AC000449,AD000579,FA004,2026-05-07,-406.6,-628.5,4.0,153,neighbour_says_shifted,False,pre_cut,1,pincode
VS002292,AC000009,AD000012,FA004,2026-05-07,-650.8,-551.0,24.0,234,locked_premises,False,pre_cut,1,street
VS002293,AC000373,AD000472,FA004,2026-05-07,-515.7,-201.2,12.5,533,met_family,True,pre_cut,1,locality
VS002294,AC001295,AD001682,FA004,2026-05-07,-545.4,-64.0,10.7,121,locked_premises,False,pre_cut,1,locality
VS002295,AC002257,AD002906,FA004,2026-05-07,-337.0,-747.8,19.4,49,address_not_traceable,False,pre_cut,1,locality
VS002296,AC000084,AD000105,FA004,2026-05-07,-408.2,-720.2,7.5,44,address_not_traceable,False,pre_cut,1,locality
VS002297,AC001256,AD001627,FA005,2026-05-07,1310.9,-1996.0,6.7,1404,met_borrower,True,pre_cut,1,pincode
VS002298,AC001697,AD002194,FA005,2026-05-07,1723.6,-1750.4,5.9,464,met_family,True,pre_cut,1,locality
VS002299,AC001736,AD002244,FA005,2026-05-07,1211.9,-1901.3,12.0,202,met_family,True,pre_cut,1,locality
VS002300,AC002131,AD002748,FA005,2026-05-07,1170.8,-1904.5,10.6,118,locked_premises,False,pre_cut,1,street
VS002301,AC002064,AD002663,FA005,2026-05-07,1817.4,-1842.6,4.3,324,met_borrower,True,pre_cut,1,locality
VS002302,AC001193,AD001551,FA005,2026-05-07,1510.6,-2550.3,6.4,1123,met_borrower,True,pre_cut,1,locality
VS002303,AC001177,AD001528,FA005,2026-05-07,1355.5,-2520.2,8.9,675,met_borrower,True,pre_cut,1,locality
VS002304,AC000913,AD001178,FA005,2026-05-07,1803.6,-2195.5,8.2,865,met_borrower,True,pre_cut,1,locality
VS002305,AC001780,AD002299,FA006,2026-05-07,868.1,2294.9,30.6,585,met_family,True,pre_cut,1,locality
VS002306,AC002167,AD002796,FA006,2026-05-07,961.7,3115.4,17.4,30,address_not_traceable,False,pre_cut,1,pincode
VS002307,AC002282,AD002936,FA006,2026-05-07,1121.6,2984.6,5.9,358,met_family,True,pre_cut,1,locality
VS002308,AC001493,AD001927,FA006,2026-05-07,1070.5,2404.0,12.0,201,locked_premises,False,pre_cut,1,pincode
VS002309,AC002369,AD003050,FA006,2026-05-07,788.1,2594.2,20.6,1083,met_borrower,True,pre_cut,1,locality
VS002310,AC001705,AD002206,FA006,2026-05-07,1042.1,2958.1,6.0,658,met_borrower,True,pre_cut,1,locality
VS002311,AC001277,AD001654,FA006,2026-05-07,1088.7,2092.5,20.0,88,locked_premises,False,pre_cut,1,locality
VS002312,AC000075,AD000096,FA007,2026-05-07,3383.0,563.5,11.2,578,met_family,True,pre_cut,1,locality
VS002313,AC000868,AD001121,FA007,2026-05-07,3732.9,673.9,10.9,628,met_borrower,True,pre_cut,1,street
VS002314,AC001155,AD001499,FA007,2026-05-07,3471.4,-35.9,4.0,314,met_borrower,True,pre_cut,1,street
VS002315,AC001095,AD001422,FA007,2026-05-07,3977.4,652.9,35.2,1493,met_borrower,True,pre_cut,1,locality
VS002316,AC002123,AD002737,FA007,2026-05-07,3587.8,169.6,13.0,579,met_borrower,True,pre_cut,1,locality
VS002317,AC000036,AD000043,FA007,2026-05-07,3918.0,708.4,7.6,186,neighbour_says_shifted,False,pre_cut,1,street
VS002318,AC001404,AD001812,FA007,2026-05-07,3859.5,582.3,8.6,516,met_borrower,True,pre_cut,1,locality
VS002319,AC000911,AD001176,FA007,2026-05-07,3639.0,-221.7,19.3,1063,met_borrower,True,pre_cut,1,street
VS002320,AC001239,AD001605,FA007,2026-05-07,3491.0,272.0,10.3,55,address_not_traceable,False,pre_cut,1,locality
VS002321,AC001923,AD002485,FA009,2026-05-07,2307.4,-787.4,4.7,172,locked_premises,False,pre_cut,1,pincode
VS002322,AC001807,AD002333,FA009,2026-05-07,-2533.8,-40.4,11.9,57,address_not_traceable,False,pre_cut,1,locality
VS002323,AC001071,AD001384,FA009,2026-05-07,2317.6,-784.6,4.8,198,locked_premises,False,pre_cut,26,locality
VS002324,AC001123,AD001458,FA009,2026-05-07,-2871.6,-453.6,4.0,108,locked_premises,False,pre_cut,1,locality
VS002325,AC000826,AD001064,FA009,2026-05-07,2338.5,-780.0,12.2,156,address_not_traceable,False,pre_cut,26,locality
VS002326,AC000122,AD000154,FA009,2026-05-07,3507.9,-2260.0,11.5,424,met_borrower,True,pre_cut,1,street
VS002327,AC001448,AD001868,FA009,2026-05-07,-3744.1,-771.1,8.2,221,locked_premises,False,pre_cut,1,locality
VS002328,AC001629,AD002102,FA008,2026-05-07,2947.0,-1824.6,9.5,146,locked_premises,False,pre_cut,1,locality
VS002329,AC000676,AD000870,FA008,2026-05-07,3294.8,-2338.7,8.7,73,locked_premises,False,pre_cut,1,locality
VS002330,AC000837,AD001078,FA008,2026-05-07,2958.9,-2058.1,9.2,1349,met_borrower,True,pre_cut,1,locality
VS002331,AC001653,AD002134,FA008,2026-05-07,3121.6,-1912.9,9.8,241,met_family,True,pre_cut,1,locality
VS002332,AC001586,AD002044,FA008,2026-05-07,3445.5,-1965.5,7.5,361,met_family,True,pre_cut,1,locality
VS002333,AC001846,AD002380,FA008,2026-05-07,3086.2,-2423.8,13.8,198,locked_premises,False,pre_cut,1,street
VS002334,AC001314,AD001706,FA008,2026-05-07,3399.7,-2268.9,12.5,317,neighbour_says_shifted,False,pre_cut,1,locality
VS002335,AC002331,AD002997,FA008,2026-05-07,3297.8,-2061.6,11.8,37,address_not_traceable,False,pre_cut,1,locality
VS002336,AC001208,AD001569,FA008,2026-05-07,1376.0,-3260.9,22.0,41,address_not_traceable,False,pre_cut,1,pincode
VS002337,AC001376,AD001779,FA008,2026-05-07,3077.3,-1812.6,6.1,497,met_family,True,pre_cut,1,locality
VS002338,AC000568,AD000733,FA002,2026-05-08,2801.7,-2241.2,6.8,409,met_borrower,True,pre_cut,1,locality
VS002339,AC000511,AD000658,FA002,2026-05-08,2418.1,-2242.3,7.6,1218,met_borrower,True,pre_cut,1,locality
VS002340,AC001411,AD001821,FA002,2026-05-08,2487.4,-2454.9,15.4,204,locked_premises,False,pre_cut,1,street
VS002341,AC000469,AD000602,FA002,2026-05-08,2966.6,-1909.7,13.7,1103,met_borrower,True,pre_cut,1,locality
VS002342,AC001196,AD001554,FA002,2026-05-08,2700.8,-2138.1,10.0,208,met_family,True,pre_cut,1,locality
VS002343,AC000654,AD000843,FA002,2026-05-08,1160.2,-1839.3,20.5,108,address_not_traceable,False,pre_cut,1,pincode
VS002344,AC000163,AD000203,FA002,2026-05-08,2619.4,-2354.9,7.1,665,met_borrower,True,pre_cut,1,locality
VS002345,AC001957,AD002530,FA002,2026-05-08,2834.3,-2275.5,5.8,331,neighbour_says_shifted,False,pre_cut,1,pincode
VS002346,AC002325,AD002991,FA002,2026-05-08,2540.9,-2207.9,7.5,1384,met_borrower,True,pre_cut,1,locality
VS002347,AC001406,AD001815,FA003,2026-05-08,-2330.9,1046.6,15.2,786,met_borrower,True,pre_cut,1,locality
VS002348,AC000893,AD001154,FA003,2026-05-08,-2578.9,1707.1,7.8,391,met_family,True,pre_cut,1,locality
VS002349,AC001017,AD001314,FA003,2026-05-08,-2616.6,1478.6,8.8,1073,met_borrower,True,pre_cut,1,street
VS002350,AC000810,AD001043,FA003,2026-05-08,-2549.1,1209.5,4.3,50,address_not_traceable,False,pre_cut,1,locality
VS002351,AC000929,AD001200,FA003,2026-05-08,-2832.7,850.6,14.7,120,locked_premises,False,pre_cut,1,locality
VS002352,AC001892,AD002444,FA003,2026-05-08,-2785.6,1218.3,15.4,115,address_not_traceable,False,pre_cut,1,locality
VS002353,AC001766,AD002281,FA003,2026-05-08,-2617.6,1007.5,24.9,1103,met_borrower,True,pre_cut,1,street
VS002354,AC002046,AD002641,FA003,2026-05-08,-3261.8,968.7,12.0,105,address_not_traceable,False,pre_cut,1,locality
VS002355,AC002318,AD002983,FA003,2026-05-08,-2810.4,847.1,9.1,186,locked_premises,False,pre_cut,1,pincode
VS002356,AC001443,AD001862,FA003,2026-05-08,-2545.0,1141.0,6.3,67,address_not_traceable,False,pre_cut,1,pincode
VS002357,AC002201,AD002841,FA001,2026-05-08,2364.3,-614.6,9.2,281,met_family,True,pre_cut,1,locality
VS002358,AC001672,AD002161,FA001,2026-05-08,2099.7,-777.9,7.1,126,locked_premises,False,pre_cut,1,locality
VS002359,AC002176,AD002809,FA001,2026-05-08,2183.6,-919.0,13.5,517,met_family,True,pre_cut,1,locality
VS002360,AC001635,AD002110,FA001,2026-05-08,1990.1,-1376.6,6.0,383,met_family,True,pre_cut,1,locality
VS002361,AC000775,AD001000,FA001,2026-05-08,2262.3,-1016.6,8.2,101,address_not_traceable,False,pre_cut,1,locality
VS002362,AC001152,AD001496,FA001,2026-05-08,1827.2,-1313.9,8.3,190,neighbour_says_shifted,False,pre_cut,1,locality
VS002363,AC001260,AD001633,FA001,2026-05-08,1605.9,-543.8,8.4,1405,met_borrower,True,pre_cut,1,locality
VS002364,AC000959,AD001242,FA006,2026-05-08,1566.9,-1870.1,17.7,90,no_such_person,False,pre_cut,1,locality
VS002365,AC000633,AD000817,FA006,2026-05-08,1750.8,-2136.7,32.0,102,address_not_traceable,False,pre_cut,1,locality
VS002366,AC001556,AD002007,FA006,2026-05-08,1636.7,-1946.1,23.1,80,address_not_traceable,False,pre_cut,1,locality
VS002367,AC000332,AD000419,FA006,2026-05-08,1312.0,-1803.2,18.4,64,address_not_traceable,False,pre_cut,1,locality
VS002368,AC001439,AD001857,FA006,2026-05-08,1424.0,-1865.0,17.6,96,address_not_traceable,False,pre_cut,1,locality
VS002369,AC001949,AD002521,FA006,2026-05-08,1566.4,-2400.1,8.7,271,met_family,True,pre_cut,1,locality
VS002370,AC002227,AD002870,FA006,2026-05-08,1536.2,-2283.1,9.9,1272,met_borrower,True,pre_cut,1,locality
VS002371,AC001146,AD001487,FA006,2026-05-08,1701.2,-2185.9,5.8,52,address_not_traceable,False,pre_cut,1,locality
VS002372,AC001516,AD001954,FA006,2026-05-08,980.8,-1741.8,11.7,122,locked_premises,False,pre_cut,1,locality
VS002373,AC000414,AD000531,FA004,2026-05-08,1350.2,-1106.0,8.9,64,address_not_traceable,False,pre_cut,1,pincode
VS002374,AC000706,AD000912,FA004,2026-05-08,1639.9,-1719.4,6.4,388,met_family,True,pre_cut,1,locality
VS002375,AC000586,AD000756,FA004,2026-05-08,1458.6,-2245.6,14.3,374,met_borrower,True,pre_cut,1,street
VS002376,AC001770,AD002287,FA004,2026-05-08,1709.3,-2024.7,11.0,387,met_family,True,pre_cut,1,locality
VS002377,AC000218,AD000275,FA004,2026-05-08,1713.0,-2106.1,15.0,72,locked_premises,False,pre_cut,1,pincode
VS002378,AC000139,AD000175,FA004,2026-05-08,1417.6,-2358.0,11.2,75,address_not_traceable,False,pre_cut,1,locality
VS002379,AC000890,AD001149,FA004,2026-05-08,1916.8,-1684.1,18.7,91,locked_premises,False,pre_cut,1,locality
VS002380,AC000430,AD000553,FA004,2026-05-08,1671.1,-1622.2,12.6,1283,met_borrower,True,pre_cut,1,locality
VS002381,AC001902,AD002459,FA004,2026-05-08,1807.9,-2216.6,11.2,305,met_family,True,pre_cut,1,street
VS002382,AC002052,AD002650,FA004,2026-05-08,1744.7,-1683.7,8.2,200,locked_premises,False,pre_cut,1,locality
VS002383,AC000711,AD000917,FA005,2026-05-08,1038.6,2415.3,19.6,467,met_family,True,pre_cut,1,locality
VS002384,AC000551,AD000711,FA005,2026-05-08,1071.7,2367.3,14.4,692,met_borrower,True,pre_cut,1,locality
VS002385,AC001403,AD001811,FA005,2026-05-08,899.3,3084.2,10.5,1326,met_borrower,True,pre_cut,1,locality
VS002386,AC000146,AD000182,FA005,2026-05-08,639.6,2628.3,10.1,45,address_not_traceable,False,pre_cut,1,locality
VS002387,AC000013,AD000016,FA005,2026-05-08,773.5,2395.7,6.0,145,neighbour_says_shifted,False,pre_cut,1,street
VS002388,AC000700,AD000902,FA005,2026-05-08,1122.4,2490.1,6.1,113,address_not_traceable,False,pre_cut,1,locality
VS002389,AC000164,AD000204,FA005,2026-05-08,1098.2,2494.0,5.7,390,met_family,True,pre_cut,1,locality
VS002390,AC000797,AD001026,FA005,2026-05-08,735.0,2318.2,20.4,128,no_such_person,False,pre_cut,1,street
VS002391,AC001728,AD002234,FA008,2026-05-08,-417.9,-3434.6,19.6,196,neighbour_says_shifted,False,pre_cut,1,locality
VS002392,AC002103,AD002712,FA008,2026-05-08,-735.2,-3798.2,12.7,220,locked_premises,False,pre_cut,1,locality
VS002393,AC001204,AD001564,FA008,2026-05-08,-429.3,-3328.7,28.6,89,address_not_traceable,False,pre_cut,1,locality
VS002394,AC001134,AD001472,FA008,2026-05-08,-428.5,-3950.5,12.2,406,met_family,True,pre_cut,1,locality
VS002395,AC001111,AD001443,FA008,2026-05-08,-660.8,-3274.6,24.1,94,locked_premises,False,pre_cut,1,locality
VS002396,AC000503,AD000648,FA008,2026-05-08,-1759.9,-1463.4,10.9,109,address_not_traceable,False,pre_cut,1,pincode
VS002397,AC000941,AD001219,FA008,2026-05-08,906.6,-3476.7,7.4,83,address_not_traceable,False,pre_cut,1,locality
VS002398,AC000191,AD000239,FA009,2026-05-08,1248.6,-721.4,13.3,266,neighbour_says_shifted,False,pre_cut,1,street
VS002399,AC000456,AD000587,FA009,2026-05-08,2327.0,-788.7,24.6,61,address_not_traceable,False,pre_cut,23,locality
VS002400,AC000638,AD000824,FA009,2026-05-08,1993.3,-2194.1,11.4,48,address_not_traceable,False,pre_cut,1,pincode
VS002401,AC002183,AD002819,FA009,2026-05-08,1332.3,-909.1,5.1,1198,met_borrower,True,pre_cut,1,pincode
VS002402,AC001983,AD002562,FA009,2026-05-08,-3741.1,-773.7,8.4,233,address_not_traceable,False,pre_cut,26,locality
VS002403,AC002248,AD002896,FA009,2026-05-08,-3747.2,-776.0,5.7,90,address_not_traceable,False,pre_cut,27,locality
VS002404,AC001079,AD001395,FA009,2026-05-08,1342.9,-1065.1,4.1,390,neighbour_says_shifted,False,pre_cut,1,locality
VS002405,AC001181,AD001534,FA007,2026-05-08,-2588.9,-191.6,8.9,754,met_borrower,True,pre_cut,1,pincode
VS002406,AC000216,AD000273,FA007,2026-05-08,-1034.2,-1821.0,14.7,49,address_not_traceable,False,pre_cut,1,pincode
VS002407,AC000490,AD000631,FA007,2026-05-08,-2846.3,-148.8,9.8,814,met_borrower,True,pre_cut,1,locality
VS002408,AC001870,AD002412,FA007,2026-05-08,-2870.7,-108.5,14.3,1157,met_borrower,True,pre_cut,1,locality
VS002409,AC001076,AD001391,FA007,2026-05-08,-2625.6,-45.8,8.9,141,locked_premises,False,pre_cut,1,locality
VS002410,AC001539,AD001982,FA007,2026-05-08,-2525.6,-489.6,15.2,126,neighbour_says_shifted,False,pre_cut,1,locality
VS002411,AC000516,AD000666,FA007,2026-05-08,-2654.0,-490.1,4.9,174,locked_premises,False,pre_cut,1,locality
VS002412,AC002216,AD002858,FA003,2026-05-09,1154.2,-2868.4,6.4,190,locked_premises,False,pre_cut,1,locality
VS002413,AC001969,AD002544,FA003,2026-05-09,805.9,-2658.2,19.2,310,met_family,True,pre_cut,1,locality
VS002414,AC001354,AD001753,FA003,2026-05-09,917.1,-2860.3,14.1,197,met_family,True,pre_cut,1,street
VS002415,AC002172,AD002802,FA003,2026-05-09,623.5,-2808.7,8.5,1323,met_borrower,True,pre_cut,1,locality
VS002416,AC001290,AD001676,FA003,2026-05-09,1079.1,-3410.0,8.0,60,locked_premises,False,pre_cut,1,pincode
VS002417,AC001713,AD002215,FA003,2026-05-09,377.4,-3047.3,11.4,143,no_such_person,False,pre_cut,1,locality
VS002418,AC002142,AD002764,FA003,2026-05-09,739.8,-3457.8,6.8,1478,met_borrower,True,pre_cut,1,rooftop
VS002419,AC001473,AD001900,FA003,2026-05-09,683.3,-2710.7,14.1,198,locked_premises,False,pre_cut,1,locality
VS002420,AC002102,AD002711,FA003,2026-05-09,1196.3,-3168.2,11.1,503,met_borrower,True,pre_cut,1,locality
VS002421,AC000604,AD000779,FA002,2026-05-09,380.9,2310.8,11.0,103,met_family,True,pre_cut,1,locality
VS002422,AC001248,AD001616,FA002,2026-05-09,2454.3,1193.0,31.8,100,locked_premises,False,pre_cut,1,street
VS002423,AC001086,AD001408,FA002,2026-05-09,2458.6,726.5,8.6,902,met_borrower,True,pre_cut,1,locality
VS002424,AC000934,AD001208,FA002,2026-05-09,2193.6,-1014.6,6.0,60,address_not_traceable,False,pre_cut,1,locality
VS002425,AC000518,AD000668,FA002,2026-05-09,2311.7,885.8,20.4,785,cash_collected,True,pre_cut,1,locality
VS002426,AC000203,AD000255,FA002,2026-05-09,2374.4,934.7,11.6,1317,met_borrower,True,pre_cut,1,locality
VS002427,AC002344,AD003016,FA002,2026-05-09,2267.2,607.1,6.5,1039,met_borrower,True,pre_cut,1,locality
VS002428,AC000232,AD000293,FA002,2026-05-09,2579.1,637.1,4.8,190,neighbour_says_shifted,False,pre_cut,1,locality
VS002429,AC002129,AD002744,FA002,2026-05-09,2688.0,1270.1,21.5,97,address_not_traceable,False,pre_cut,1,locality
VS002430,AC002283,AD002938,FA002,2026-05-09,2129.0,979.5,7.1,1159,met_borrower,True,pre_cut,1,locality
VS002431,AC002350,AD003026,FA001,2026-05-09,2903.1,-2454.9,12.7,1078,met_borrower,True,pre_cut,1,locality
VS002432,AC000375,AD000475,FA001,2026-05-09,2564.6,-2240.5,9.8,513,met_family,True,pre_cut,1,locality
VS002433,AC002072,AD002673,FA001,2026-05-09,2689.3,-2138.9,4.5,106,address_not_traceable,False,pre_cut,1,locality
VS002434,AC000502,AD000646,FA001,2026-05-09,2805.9,-2236.9,6.8,55,address_not_traceable,False,pre_cut,1,locality
VS002435,AC000310,AD000389,FA001,2026-05-09,2833.7,-1785.7,12.1,1468,met_borrower,True,pre_cut,1,pincode
VS002436,AC002272,AD002925,FA001,2026-05-09,2641.5,-2262.1,5.6,61,address_not_traceable,False,pre_cut,1,locality
VS002437,AC000583,AD000753,FA001,2026-05-09,2784.8,-2571.7,14.3,245,met_family,True,pre_cut,1,locality
VS002438,AC000951,AD001231,FA001,2026-05-09,2699.3,-2477.6,11.6,73,address_not_traceable,False,pre_cut,1,locality
VS002439,AC000984,AD001273,FA001,2026-05-09,2366.3,-2212.7,11.6,188,locked_premises,False,pre_cut,1,locality
VS002440,AC000282,AD000355,FA006,2026-05-09,757.1,-3375.7,4.4,1264,met_borrower,True,pre_cut,1,locality
VS002441,AC001150,AD001493,FA006,2026-05-09,713.8,-3535.4,7.2,61,address_not_traceable,False,pre_cut,1,locality
VS002442,AC000056,AD000069,FA006,2026-05-09,1102.7,-3523.0,4.0,553,met_borrower,True,pre_cut,1,locality
VS002443,AC000952,AD001232,FA006,2026-05-09,329.1,-2848.5,8.7,1065,cash_collected,True,pre_cut,1,locality
VS002444,AC000112,AD000141,FA006,2026-05-09,1566.3,-1264.3,10.6,67,address_not_traceable,False,pre_cut,1,pincode
VS002445,AC000715,AD000924,FA006,2026-05-09,520.3,-2714.6,5.4,520,met_family,True,pre_cut,1,locality
VS002446,AC001388,AD001794,FA006,2026-05-09,920.2,-2947.2,12.0,1054,met_borrower,True,pre_cut,1,locality
VS002447,AC000589,AD000759,FA004,2026-05-09,3172.4,632.7,14.6,1240,met_borrower,True,pre_cut,1,locality
VS002448,AC000291,AD000365,FA004,2026-05-09,3038.7,1063.5,14.0,84,address_not_traceable,False,pre_cut,1,pincode
VS002449,AC002261,AD002913,FA004,2026-05-09,-491.4,1504.2,13.7,121,locked_premises,False,pre_cut,1,locality
VS002450,AC001981,AD002560,FA004,2026-05-09,3212.9,712.1,7.0,814,met_borrower,True,pre_cut,1,locality
VS002451,AC000055,AD000068,FA004,2026-05-09,3345.4,462.6,7.4,1437,met_borrower,True,pre_cut,1,locality
VS002452,AC001585,AD002043,FA004,2026-05-09,3014.1,691.0,21.8,32,address_not_traceable,False,pre_cut,1,locality
VS002453,AC000132,AD000166,FA004,2026-05-09,2818.5,943.1,4.0,1261,met_borrower,True,pre_cut,1,street
VS002454,AC001769,AD002286,FA004,2026-05-09,2772.7,1609.0,13.8,87,address_not_traceable,False,pre_cut,1,locality
VS002455,AC001309,AD001700,FA004,2026-05-09,2888.3,535.3,15.7,1126,met_borrower,True,pre_cut,1,locality
VS002456,AC001926,AD002489,FA005,2026-05-09,-967.9,-458.3,28.4,60,address_not_traceable,False,pre_cut,1,locality
VS002457,AC000777,AD001003,FA005,2026-05-09,-594.6,-248.9,16.5,221,neighbour_says_shifted,False,pre_cut,1,locality
VS002458,AC001587,AD002045,FA005,2026-05-09,-955.9,-693.1,9.2,291,met_family,True,pre_cut,1,locality
VS002459,AC001299,AD001689,FA005,2026-05-09,-318.5,-737.9,8.7,724,met_borrower,True,pre_cut,1,street
VS002460,AC002158,AD002784,FA005,2026-05-09,-507.0,-430.7,4.0,101,address_not_traceable,False,pre_cut,1,locality
VS002461,AC001643,AD002120,FA005,2026-05-09,755.7,2775.5,14.1,797,met_borrower,True,pre_cut,1,locality
VS002462,AC000271,AD000342,FA007,2026-05-09,3541.7,-73.7,8.4,1248,met_borrower,True,pre_cut,1,locality
VS002463,AC000762,AD000982,FA007,2026-05-09,3877.3,674.1,5.2,60,address_not_traceable,False,pre_cut,1,street
VS002464,AC001420,AD001832,FA007,2026-05-09,4122.5,82.6,20.4,750,met_borrower,True,pre_cut,1,street
VS002465,AC001350,AD001748,FA007,2026-05-09,3960.5,142.1,8.6,160,locked_premises,False,pre_cut,1,locality
VS002466,AC000560,AD000722,FA007,2026-05-09,4004.6,105.5,5.2,861,met_borrower,True,pre_cut,1,locality
VS002467,AC002399,AD003088,FA007,2026-05-09,3301.6,-2155.0,24.2,89,address_not_traceable,False,pre_cut,1,locality
VS002468,AC000505,AD000650,FA007,2026-05-09,3822.0,181.1,9.7,80,address_not_traceable,False,pre_cut,1,locality
VS002469,AC002224,AD002867,FA008,2026-05-09,-2345.3,1736.9,19.4,184,neighbour_says_shifted,False,pre_cut,1,locality
VS002470,AC001937,AD002504,FA008,2026-05-09,-2280.6,1303.8,14.0,303,met_family,True,pre_cut,1,locality
VS002471,AC001327,AD001722,FA008,2026-05-09,-2334.9,1405.8,12.4,95,address_not_traceable,False,pre_cut,1,pincode
VS002472,AC001606,AD002068,FA008,2026-05-09,-2054.2,1524.5,16.6,279,met_family,True,pre_cut,1,locality
VS002473,AC001451,AD001873,FA008,2026-05-09,-497.8,-2076.0,5.8,141,locked_premises,False,pre_cut,1,rooftop
VS002474,AC001298,AD001687,FA008,2026-05-09,-2791.4,1253.0,7.3,145,locked_premises,False,pre_cut,1,locality
VS002475,AC001959,AD002532,FA008,2026-05-09,-2593.4,1742.7,4.0,1325,met_borrower,True,pre_cut,1,locality
VS002476,AC000077,AD000098,FA008,2026-05-09,-2501.5,1374.9,19.5,273,no_such_person,False,pre_cut,1,locality
VS002477,AC001185,AD001540,FA008,2026-05-09,-2365.2,1823.5,6.0,540,met_family,True,pre_cut,1,street
VS002478,AC002268,AD002921,FA008,2026-05-09,-2470.2,1768.7,9.7,34,address_not_traceable,False,pre_cut,1,locality
VS002479,AC001355,AD001754,FA009,2026-05-09,-2363.8,-104.3,5.1,385,neighbour_says_shifted,False,pre_cut,1,street
VS002480,AC000135,AD000170,FA009,2026-05-09,-3654.9,-720.5,13.5,103,address_not_traceable,False,pre_cut,1,locality
VS002481,AC001373,AD001776,FA009,2026-05-09,-3598.6,-1098.0,16.8,44,address_not_traceable,False,pre_cut,1,locality
VS002482,AC000367,AD000465,FA009,2026-05-09,-2669.2,-62.6,8.6,198,neighbour_says_shifted,False,pre_cut,1,locality
VS002483,AC000737,AD000950,FA009,2026-05-09,-3045.0,-255.0,16.0,500,met_family,True,pre_cut,1,locality
VS002484,AC002297,AD002959,FA009,2026-05-09,2338.0,-762.6,6.8,93,locked_premises,False,pre_cut,1,street
VS002485,AC000385,AD000489,FA009,2026-05-09,-2488.9,-494.0,11.6,43,address_not_traceable,False,pre_cut,1,locality
VS002486,AC000661,AD000852,FA009,2026-05-09,2337.0,-792.4,5.9,115,address_not_traceable,False,pre_cut,26,locality
VS002487,AC000953,AD001233,FA003,2026-05-11,2384.4,-2151.3,4.0,927,cash_collected,True,pre_cut,1,locality
VS002488,AC002174,AD002806,FA003,2026-05-11,2848.2,-1769.1,13.1,204,locked_premises,False,pre_cut,1,locality
VS002489,AC000652,AD000840,FA003,2026-05-11,3084.3,-2478.4,10.2,217,met_family,True,pre_cut,1,pincode
VS002490,AC001830,AD002362,FA003,2026-05-11,2533.7,-2131.1,13.9,579,met_family,True,pre_cut,1,locality
VS002491,AC000506,AD000652,FA003,2026-05-11,2854.3,-2264.3,8.3,117,locked_premises,False,pre_cut,1,locality
VS002492,AC000442,AD000569,FA003,2026-05-11,2973.1,-2339.9,4.2,49,address_not_traceable,False,pre_cut,1,locality
VS002493,AC001447,AD001867,FA001,2026-05-11,2737.6,1128.3,11.8,69,address_not_traceable,False,pre_cut,1,street
VS002494,AC000751,AD000969,FA001,2026-05-11,2216.6,1030.7,14.4,329,neighbour_says_shifted,False,pre_cut,1,locality
VS002495,AC001733,AD002239,FA001,2026-05-11,1900.1,1512.3,15.5,92,address_not_traceable,False,pre_cut,1,pincode
VS002496,AC000089,AD000111,FA001,2026-05-11,2317.2,987.9,12.6,80,address_not_traceable,False,pre_cut,1,locality
VS002497,AC001834,AD002367,FA001,2026-05-11,2100.4,772.5,15.3,130,locked_premises,False,pre_cut,1,locality
VS002498,AC002071,AD002672,FA001,2026-05-11,2439.7,1008.5,4.8,56,address_not_traceable,False,pre_cut,1,locality
VS002499,AC000972,AD001257,FA001,2026-05-11,2403.0,849.9,15.7,45,address_not_traceable,False,pre_cut,1,locality
VS002500,AC000404,AD000517,FA001,2026-05-11,2135.9,647.8,7.0,546,met_borrower,True,pre_cut,1,street
VS002501,AC000608,AD000785,FA002,2026-05-11,1615.3,-1547.3,4.9,116,address_not_traceable,False,pre_cut,1,pincode
VS002502,AC002086,AD002691,FA002,2026-05-11,3168.1,-2137.1,8.3,374,cash_collected,True,pre_cut,1,pincode
VS002503,AC000858,AD001107,FA002,2026-05-11,1435.6,-1588.2,11.7,35,address_not_traceable,False,pre_cut,1,pincode
VS002504,AC000154,AD000193,FA002,2026-05-11,1418.6,-1386.8,42.1,45,address_not_traceable,False,pre_cut,1,pincode
VS002505,AC001218,AD001581,FA002,2026-05-11,2705.6,-1844.2,25.8,262,met_family,True,pre_cut,1,street
VS002506,AC000918,AD001186,FA002,2026-05-11,2381.3,-2299.7,5.4,103,address_not_traceable,False,pre_cut,1,locality
VS002507,AC001785,AD002304,FA002,2026-05-11,2559.5,-2231.6,4.6,79,address_not_traceable,False,pre_cut,1,locality
VS002508,AC001368,AD001770,FA002,2026-05-11,2503.1,-2344.9,23.5,395,met_family,True,pre_cut,1,locality
VS002509,AC000746,AD000963,FA002,2026-05-11,1827.5,-1726.2,13.0,299,no_such_person,False,pre_cut,1,pincode
VS002510,AC001363,AD001765,FA004,2026-05-11,2259.8,-1098.8,9.4,1035,met_borrower,True,pre_cut,1,locality
VS002511,AC000120,AD000150,FA004,2026-05-11,2467.1,-1152.0,14.3,311,neighbour_says_shifted,False,pre_cut,1,locality
VS002512,AC000595,AD000768,FA004,2026-05-11,2661.6,-1596.4,4.7,415,met_family,True,pre_cut,1,locality
VS002513,AC002293,AD002953,FA004,2026-05-11,485.6,-1747.8,23.0,103,address_not_traceable,False,pre_cut,1,pincode
VS002514,AC000617,AD000797,FA004,2026-05-11,2495.3,-1146.9,8.0,198,no_such_person,False,pre_cut,1,locality
VS002515,AC000388,AD000495,FA004,2026-05-11,2400.9,-1198.7,9.8,30,address_not_traceable,False,pre_cut,1,locality
VS002516,AC001531,AD001971,FA004,2026-05-11,2314.1,-1545.9,9.9,74,address_not_traceable,False,pre_cut,1,locality
VS002517,AC002148,AD002772,FA004,2026-05-11,2236.3,-1313.7,24.4,78,address_not_traceable,False,pre_cut,1,locality
VS002518,AC001437,AD001855,FA004,2026-05-11,2424.3,-1198.1,11.4,153,locked_premises,False,pre_cut,1,locality
VS002519,AC000418,AD000538,FA005,2026-05-11,1288.3,-1798.0,14.2,963,met_borrower,True,pre_cut,1,locality
VS002520,AC001353,AD001752,FA005,2026-05-11,1280.4,-2506.6,6.6,92,address_not_traceable,False,pre_cut,1,locality
VS002521,AC002308,AD002973,FA005,2026-05-11,1688.0,-1065.4,9.0,105,address_not_traceable,False,pre_cut,1,pincode
VS002522,AC002387,AD003074,FA005,2026-05-11,1420.6,-2082.7,8.9,1374,met_borrower,True,pre_cut,1,pincode
VS002523,AC000787,AD001013,FA005,2026-05-11,1403.0,-1964.9,15.1,257,neighbour_says_shifted,False,pre_cut,1,street
VS002524,AC001997,AD002576,FA005,2026-05-11,1435.1,-2346.3,20.1,1282,met_borrower,True,pre_cut,1,locality
VS002525,AC001907,AD002466,FA005,2026-05-11,1867.2,-2113.7,6.3,979,met_borrower,True,pre_cut,1,locality
VS002526,AC001151,AD001495,FA005,2026-05-11,1324.3,-1849.8,9.3,174,locked_premises,False,pre_cut,1,pincode
VS002527,AC001597,AD002059,FA005,2026-05-11,1202.6,-2030.8,6.7,265,neighbour_says_shifted,False,pre_cut,1,locality
VS002528,AC001288,AD001673,FA005,2026-05-11,1066.7,-1736.4,12.1,133,no_such_person,False,pre_cut,1,street
VS002529,AC002389,AD003077,FA006,2026-05-11,2678.1,-1653.6,13.3,217,locked_premises,False,pre_cut,1,locality
VS002530,AC001636,AD002111,FA006,2026-05-11,1647.1,-1274.2,14.4,96,address_not_traceable,False,pre_cut,1,pincode
VS002531,AC000878,AD001133,FA006,2026-05-11,2372.8,-1247.3,10.4,597,met_family,True,pre_cut,1,locality
VS002532,AC001753,AD002262,FA006,2026-05-11,2644.2,-1713.5,4.4,221,locked_premises,False,pre_cut,1,locality
VS002533,AC001977,AD002555,FA006,2026-05-11,2271.6,-1213.4,5.1,143,locked_premises,False,pre_cut,1,locality
VS002534,AC001250,AD001619,FA006,2026-05-11,2698.1,-1114.6,8.8,390,met_borrower,True,pre_cut,1,locality
VS002535,AC001430,AD001846,FA007,2026-05-11,-3799.9,-751.1,17.9,57,address_not_traceable,False,pre_cut,1,locality
VS002536,AC001175,AD001524,FA007,2026-05-11,4190.1,193.0,17.2,125,no_such_person,False,pre_cut,1,locality
VS002537,AC001656,AD002138,FA007,2026-05-11,3865.6,545.2,11.4,410,met_borrower,True,pre_cut,1,street
VS002538,AC000869,AD001122,FA007,2026-05-11,3533.2,660.0,12.3,44,address_not_traceable,False,pre_cut,1,locality
VS002539,AC002016,AD002603,FA007,2026-05-11,2225.9,599.9,7.7,52,address_not_traceable,False,pre_cut,1,pincode
VS002540,AC000659,AD000850,FA007,2026-05-11,3683.5,256.9,6.4,341,met_family,True,pre_cut,1,locality
VS002541,AC000808,AD001040,FA009,2026-05-11,862.5,-1128.6,16.3,531,met_family,True,pre_cut,1,street
VS002542,AC002118,AD002730,FA009,2026-05-11,-3726.9,-781.3,19.3,146,address_not_traceable,False,pre_cut,32,pincode
VS002543,AC002024,AD002614,FA009,2026-05-11,1149.0,-778.8,10.1,35,address_not_traceable,False,pre_cut,1,locality
VS002544,AC000609,AD000787,FA009,2026-05-11,2332.0,-773.7,4.9,223,met_borrower,True,pre_cut,26,rooftop
VS002545,AC002206,AD002848,FA009,2026-05-11,-3722.3,-776.2,4.6,138,locked_premises,False,pre_cut,27,locality
VS002546,AC001253,AD001622,FA009,2026-05-11,2314.9,-767.9,13.8,95,locked_premises,False,pre_cut,26,locality
VS002547,AC000443,AD000570,FA009,2026-05-11,793.4,-788.9,11.2,65,address_not_traceable,False,pre_cut,1,locality
VS002548,AC000926,AD001197,FA009,2026-05-11,2343.3,-759.2,15.5,218,address_not_traceable,False,pre_cut,28,locality
VS002549,AC002223,AD002866,FA008,2026-05-11,4012.4,652.7,6.7,175,neighbour_says_shifted,False,pre_cut,1,locality
VS002550,AC000416,AD000534,FA008,2026-05-11,3959.6,717.5,8.8,155,locked_premises,False,pre_cut,1,pincode
VS002551,AC000113,AD000142,FA008,2026-05-11,3916.3,701.1,21.9,33,address_not_traceable,False,pre_cut,1,street
VS002552,AC000201,AD000252,FA008,2026-05-11,3689.9,358.0,13.4,55,address_not_traceable,False,pre_cut,1,locality
VS002553,AC001664,AD002150,FA008,2026-05-11,4039.5,558.7,6.6,218,met_family,True,pre_cut,1,locality
VS002554,AC001461,AD001885,FA008,2026-05-11,-565.2,-123.7,6.7,104,address_not_traceable,False,pre_cut,1,pincode
VS002555,AC001212,AD001574,FA008,2026-05-11,3875.9,125.9,17.1,153,locked_premises,False,pre_cut,1,street
VS002556,AC002169,AD002799,FA008,2026-05-11,3484.3,-28.0,9.4,139,locked_premises,False,pre_cut,1,street
VS002557,AC002305,AD002968,FA008,2026-05-11,3650.5,339.9,9.2,45,address_not_traceable,False,pre_cut,1,locality
VS002558,AC000183,AD000228,FA008,2026-05-11,3808.8,-120.4,5.3,1216,met_borrower,True,pre_cut,1,locality
VS002559,AC001963,AD002537,FA001,2026-05-12,2747.1,-2402.5,8.7,897,met_borrower,True,pre_cut,1,pincode
VS002560,AC000227,AD000287,FA001,2026-05-12,2745.2,-2386.0,7.5,906,met_borrower,True,pre_cut,1,locality
VS002561,AC001739,AD002247,FA001,2026-05-12,1478.0,-726.8,26.6,99,address_not_traceable,False,pre_cut,1,locality
VS002562,AC002033,AD002623,FA001,2026-05-12,1688.3,-1182.6,6.2,84,address_not_traceable,False,pre_cut,1,pincode
VS002563,AC001025,AD001324,FA001,2026-05-12,2642.5,-1930.0,7.1,1381,met_borrower,True,pre_cut,1,locality
VS002564,AC000091,AD000114,FA001,2026-05-12,2682.4,-1874.2,12.9,1023,met_borrower,True,pre_cut,1,street
VS002565,AC001033,AD001336,FA001,2026-05-12,2695.2,-1790.3,6.5,161,locked_premises,False,pre_cut,1,locality
VS002566,AC000958,AD001240,FA002,2026-05-12,1379.2,-218.2,13.7,176,neighbour_says_shifted,False,pre_cut,1,locality
VS002567,AC000610,AD000788,FA002,2026-05-12,1163.3,-88.7,12.7,88,address_not_traceable,False,pre_cut,1,locality
VS002568,AC000804,AD001035,FA002,2026-05-12,961.8,-431.7,10.9,62,locked_premises,False,pre_cut,1,locality
VS002569,AC000196,AD000247,FA002,2026-05-12,805.3,-539.2,17.4,346,neighbour_says_shifted,False,pre_cut,1,pincode
VS002570,AC000384,AD000488,FA002,2026-05-12,1250.9,204.2,9.5,225,neighbour_says_shifted,False,pre_cut,1,pincode
VS002571,AC002231,AD002875,FA002,2026-05-12,1383.8,299.8,8.8,331,met_family,True,pre_cut,1,street
VS002572,AC000621,AD000802,FA002,2026-05-12,1569.4,-252.0,10.0,362,met_family,True,pre_cut,1,locality
VS002573,AC000413,AD000529,FA003,2026-05-12,2804.2,-2111.3,9.0,800,met_borrower,True,pre_cut,1,locality
VS002574,AC000498,AD000641,FA003,2026-05-12,3158.4,-2197.5,7.8,1442,met_borrower,True,pre_cut,1,locality
VS002575,AC001217,AD001579,FA003,2026-05-12,2498.3,-2275.3,19.2,119,no_such_person,False,pre_cut,1,street
VS002576,AC001305,AD001695,FA003,2026-05-12,2881.8,-2339.5,7.0,41,address_not_traceable,False,pre_cut,1,locality
VS002577,AC000645,AD000832,FA003,2026-05-12,3536.4,-2072.5,5.7,420,met_borrower,True,pre_cut,1,locality
VS002578,AC000251,AD000316,FA003,2026-05-12,2395.7,-2143.2,7.7,211,locked_premises,False,pre_cut,1,street
VS002579,AC000395,AD000504,FA003,2026-05-12,3147.3,-2066.4,11.4,136,neighbour_says_shifted,False,pre_cut,1,locality
VS002580,AC000531,AD000686,FA006,2026-05-12,2785.1,796.0,6.5,473,met_family,True,pre_cut,1,locality
VS002581,AC001761,AD002272,FA006,2026-05-12,2986.0,402.0,4.4,56,address_not_traceable,False,pre_cut,1,locality
VS002582,AC002133,AD002751,FA006,2026-05-12,2998.7,686.3,15.2,36,address_not_traceable,False,pre_cut,1,locality
VS002583,AC001331,AD001726,FA006,2026-05-12,2936.5,870.9,9.8,476,met_family,True,pre_cut,1,street
VS002584,AC000969,AD001254,FA006,2026-05-12,2769.8,317.6,20.0,596,met_family,True,pre_cut,1,street
VS002585,AC001989,AD002568,FA006,2026-05-12,2989.1,686.2,5.4,78,address_not_traceable,False,pre_cut,1,locality
VS002586,AC002229,AD002872,FA006,2026-05-12,3097.1,256.8,9.3,293,met_family,True,pre_cut,1,locality
VS002587,AC001319,AD001712,FA006,2026-05-12,3258.8,551.7,9.0,48,address_not_traceable,False,pre_cut,1,locality
VS002588,AC000745,AD000962,FA006,2026-05-12,2579.8,2170.6,10.2,51,address_not_traceable,False,pre_cut,1,locality
VS002589,AC001158,AD001503,FA004,2026-05-12,2787.7,-1690.7,10.5,108,address_not_traceable,False,pre_cut,1,street
VS002590,AC001506,AD001944,FA004,2026-05-12,2499.5,-723.0,16.1,209,locked_premises,False,pre_cut,1,locality
VS002591,AC002398,AD003087,FA004,2026-05-12,2676.3,-1341.7,22.1,86,locked_premises,False,pre_cut,1,locality
VS002592,AC001965,AD002540,FA004,2026-05-12,2839.8,-1346.9,7.5,47,address_not_traceable,False,pre_cut,1,locality
VS002593,AC001296,AD001683,FA004,2026-05-12,2448.5,-998.1,27.5,115,address_not_traceable,False,pre_cut,1,locality
VS002594,AC001117,AD001450,FA004,2026-05-12,2485.5,-1062.8,13.6,288,no_such_person,False,pre_cut,1,street
VS002595,AC002195,AD002833,FA004,2026-05-12,-191.9,1344.9,15.3,321,met_borrower,True,pre_cut,1,locality
VS002596,AC000327,AD000412,FA005,2026-05-12,1400.2,-2191.7,13.0,66,address_not_traceable,False,pre_cut,1,street
VS002597,AC001610,AD002074,FA005,2026-05-12,1769.0,-1670.2,10.1,1033,met_borrower,True,pre_cut,1,street
VS002598,AC001720,AD002224,FA005,2026-05-12,1490.1,-1278.8,6.1,65,address_not_traceable,False,pre_cut,1,pincode
VS002599,AC001890,AD002440,FA005,2026-05-12,1073.4,-1738.1,15.8,1427,met_borrower,True,pre_cut,1,pincode
VS002600,AC001621,AD002091,FA005,2026-05-12,1759.7,-2251.6,8.3,214,neighbour_says_shifted,False,pre_cut,1,locality
VS002601,AC000666,AD000860,FA005,2026-05-12,1344.6,-1834.9,24.2,209,neighbour_says_shifted,False,pre_cut,1,locality
VS002602,AC001604,AD002066,FA005,2026-05-12,1310.1,-2170.8,8.3,188,locked_premises,False,pre_cut,1,locality
VS002603,AC000672,AD000866,FA005,2026-05-12,1701.6,-2122.9,32.6,545,met_family,True,pre_cut,1,locality
VS002604,AC000158,AD000197,FA009,2026-05-12,-3736.3,-777.4,6.9,139,locked_premises,False,pre_cut,26,locality
VS002605,AC001987,AD002566,FA009,2026-05-12,-2669.6,-98.7,23.5,584,met_family,True,pre_cut,1,locality
VS002606,AC000838,AD001079,FA009,2026-05-12,2327.9,-757.4,7.1,90,locked_premises,False,pre_cut,26,rooftop
VS002607,AC001727,AD002233,FA009,2026-05-12,-2558.3,-535.0,14.3,115,locked_premises,False,pre_cut,1,street
VS002608,AC000481,AD000617,FA009,2026-05-12,-2738.4,85.1,6.2,97,address_not_traceable,False,pre_cut,1,locality
VS002609,AC001031,AD001333,FA009,2026-05-12,-2431.6,-179.4,16.7,127,no_such_person,False,pre_cut,1,locality
VS002610,AC001686,AD002181,FA009,2026-05-12,-2445.5,-13.5,9.9,480,met_borrower,True,pre_cut,1,rooftop
VS002611,AC000758,AD000978,FA008,2026-05-12,-1221.6,-643.3,8.9,198,no_such_person,False,pre_cut,1,locality
VS002612,AC000078,AD000099,FA008,2026-05-12,-1140.4,-491.2,17.1,107,address_not_traceable,False,pre_cut,1,locality
VS002613,AC001746,AD002254,FA008,2026-05-12,-538.3,-324.2,21.3,207,locked_premises,False,pre_cut,1,street
VS002614,AC000277,AD000348,FA008,2026-05-12,-834.7,-870.0,10.5,95,locked_premises,False,pre_cut,1,locality
VS002615,AC002067,AD002667,FA008,2026-05-12,-755.2,-403.9,13.8,74,address_not_traceable,False,pre_cut,1,locality
VS002616,AC002099,AD002708,FA008,2026-05-12,-885.8,-634.6,22.2,50,address_not_traceable,False,pre_cut,1,locality
VS002617,AC000980,AD001268,FA008,2026-05-12,-540.4,-761.3,10.9,187,locked_premises,False,pre_cut,1,locality
VS002618,AC000663,AD000856,FA008,2026-05-12,-631.1,-578.6,22.7,92,address_not_traceable,False,pre_cut,1,locality
VS002619,AC001203,AD001563,FA008,2026-05-12,-699.6,-718.7,23.9,183,locked_premises,False,pre_cut,1,locality
VS002620,AC001141,AD001481,FA007,2026-05-12,2901.3,-1946.5,12.0,563,met_family,True,pre_cut,1,locality
VS002621,AC000641,AD000827,FA007,2026-05-12,2971.3,-1921.0,12.1,64,address_not_traceable,False,pre_cut,1,locality
VS002622,AC002042,AD002635,FA007,2026-05-12,3258.2,-2192.3,10.8,118,locked_premises,False,pre_cut,1,locality
VS002623,AC000631,AD000815,FA007,2026-05-12,3122.7,-2480.5,5.3,1200,met_borrower,True,pre_cut,1,street
VS002624,AC002162,AD002791,FA007,2026-05-12,2973.6,-2050.6,7.1,447,met_borrower,True,pre_cut,1,pincode
VS002625,AC000864,AD001116,FA007,2026-05-12,3188.3,-2032.6,19.8,339,met_family,True,pre_cut,1,locality
VS002626,AC001799,AD002321,FA007,2026-05-12,3536.4,-1798.6,11.2,415,met_family,True,pre_cut,1,locality
VS002627,AC000887,AD001146,FA007,2026-05-12,235.8,-834.1,7.9,62,address_not_traceable,False,pre_cut,1,pincode
VS002628,AC000983,AD001272,FA007,2026-05-12,3134.0,-2321.5,11.0,302,met_borrower,True,pre_cut,1,locality
VS002629,AC001498,AD001933,FA007,2026-05-12,3531.8,-2221.6,4.6,75,locked_premises,False,pre_cut,1,locality
VS002630,AC000504,AD000649,FA001,2026-05-13,-2774.3,816.7,11.5,166,no_such_person,False,pre_cut,1,street
VS002631,AC001424,AD001837,FA001,2026-05-13,-1529.8,2321.4,9.9,124,locked_premises,False,pre_cut,1,locality
VS002632,AC001507,AD001945,FA001,2026-05-13,-3008.2,700.2,7.9,145,locked_premises,False,pre_cut,1,locality
VS002633,AC001942,AD002510,FA001,2026-05-13,-2781.5,1580.8,10.8,391,met_family,True,pre_cut,1,locality
VS002634,AC000038,AD000047,FA001,2026-05-13,-2587.2,1286.2,20.9,482,met_borrower,True,pre_cut,1,locality
VS002635,AC001255,AD001625,FA001,2026-05-13,-2806.4,1241.3,20.8,67,locked_premises,False,pre_cut,1,locality
VS002636,AC001400,AD001808,FA003,2026-05-13,923.2,-2986.6,12.3,228,locked_premises,False,pre_cut,1,locality
VS002637,AC000294,AD000369,FA003,2026-05-13,689.0,-3224.8,14.6,234,locked_premises,False,pre_cut,1,locality
VS002638,AC000226,AD000286,FA003,2026-05-13,612.8,-3452.7,5.9,223,locked_premises,False,pre_cut,1,locality
VS002639,AC000637,AD000822,FA003,2026-05-13,551.2,-2865.8,15.7,637,met_borrower,True,pre_cut,1,locality
VS002640,AC001545,AD001991,FA003,2026-05-13,352.2,-3238.1,13.9,163,locked_premises,False,pre_cut,1,locality
VS002641,AC000068,AD000085,FA003,2026-05-13,342.9,-3120.5,9.5,211,met_family,True,pre_cut,1,locality
VS002642,AC000250,AD000314,FA002,2026-05-13,2527.7,-2131.0,5.0,169,locked_premises,False,pre_cut,1,locality
VS002643,AC001900,AD002457,FA002,2026-05-13,2765.4,-2070.3,13.7,40,address_not_traceable,False,pre_cut,1,locality
VS002644,AC001311,AD001702,FA002,2026-05-13,2457.8,-2253.3,8.8,135,locked_premises,False,pre_cut,1,street
VS002645,AC001055,AD001363,FA002,2026-05-13,2911.3,-1805.5,16.7,515,met_family,True,pre_cut,1,locality
VS002646,AC001871,AD002413,FA002,2026-05-13,2964.2,-1900.1,26.3,181,met_family,True,pre_cut,1,locality
VS002647,AC001865,AD002404,FA002,2026-05-13,3075.6,-1959.2,6.1,86,locked_premises,False,pre_cut,1,locality
VS002648,AC001918,AD002479,FA002,2026-05-13,2856.6,-2187.3,4.6,931,cash_collected,True,pre_cut,1,locality
VS002649,AC001392,AD001799,FA002,2026-05-13,2742.1,-2167.2,9.7,78,address_not_traceable,False,pre_cut,1,locality
VS002650,AC001272,AD001647,FA005,2026-05-13,-1913.6,-2832.3,6.5,176,locked_premises,False,pre_cut,1,locality
VS002651,AC000656,AD000846,FA005,2026-05-13,-1896.9,-3290.8,18.2,340,met_family,True,pre_cut,1,pincode
VS002652,AC001651,AD002132,FA005,2026-05-13,2176.4,1905.7,11.5,48,address_not_traceable,False,pre_cut,1,locality
VS002653,AC001114,AD001447,FA005,2026-05-13,-1356.0,-2834.0,10.8,407,met_borrower,True,pre_cut,1,street
VS002654,AC000155,AD000194,FA005,2026-05-13,-738.1,-1189.0,26.5,59,address_not_traceable,False,pre_cut,1,pincode
VS002655,AC000301,AD000379,FA005,2026-05-13,-2126.8,-2658.9,14.2,835,cash_collected,True,pre_cut,1,locality
VS002656,AC002112,AD002723,FA005,2026-05-13,-1185.5,-2718.2,10.6,303,met_borrower,True,pre_cut,1,locality
VS002657,AC002361,AD003040,FA005,2026-05-13,-1708.2,-2931.3,9.9,94,no_such_person,False,pre_cut,1,locality
VS002658,AC000512,AD000660,FA005,2026-05-13,-1332.6,-2236.9,12.3,257,neighbour_says_shifted,False,pre_cut,1,locality
VS002659,AC001813,AD002341,FA006,2026-05-13,-757.6,2714.3,6.2,224,locked_premises,False,pre_cut,1,locality
VS002660,AC001676,AD002166,FA006,2026-05-13,-978.0,3012.1,12.3,62,locked_premises,False,pre_cut,1,locality
VS002661,AC001637,AD002112,FA006,2026-05-13,-382.8,3027.1,12.2,222,locked_premises,False,pre_cut,1,street
VS002662,AC001282,AD001662,FA006,2026-05-13,-526.5,3036.9,12.9,274,met_family,True,pre_cut,1,locality
VS002663,AC000224,AD000284,FA006,2026-05-13,-441.3,3060.5,6.8,238,no_such_person,False,pre_cut,1,street
VS002664,AC000159,AD000198,FA006,2026-05-13,-476.6,3169.1,14.2,188,met_family,True,pre_cut,1,locality
VS002665,AC000527,AD000680,FA006,2026-05-13,-681.7,2823.9,9.4,538,met_family,True,pre_cut,1,locality
VS002666,AC000879,AD001135,FA006,2026-05-13,-884.2,2954.2,8.9,1168,met_borrower,True,pre_cut,1,locality
VS002667,AC001596,AD002057,FA004,2026-05-13,1461.4,1671.9,6.1,50,address_not_traceable,False,pre_cut,1,pincode
VS002668,AC002094,AD002701,FA004,2026-05-13,801.0,2960.4,7.7,375,neighbour_says_shifted,False,pre_cut,1,pincode
VS002669,AC002300,AD002962,FA004,2026-05-13,978.6,3130.5,5.2,403,met_family,True,pre_cut,1,locality
VS002670,AC002114,AD002725,FA004,2026-05-13,842.8,2516.9,9.9,81,address_not_traceable,False,pre_cut,1,locality
VS002671,AC002303,AD002966,FA004,2026-05-13,415.9,2576.6,9.3,738,met_borrower,True,pre_cut,1,locality
VS002672,AC001755,AD002264,FA004,2026-05-13,881.4,2386.0,12.0,106,locked_premises,False,pre_cut,1,street
VS002673,AC002020,AD002609,FA008,2026-05-13,1002.5,-478.9,12.7,186,locked_premises,False,pre_cut,1,pincode
VS002674,AC000182,AD000227,FA008,2026-05-13,1301.1,-1169.5,12.8,132,neighbour_says_shifted,False,pre_cut,1,locality
VS002675,AC000356,AD000451,FA008,2026-05-13,1002.4,-495.2,7.4,352,met_borrower,True,pre_cut,1,locality
VS002676,AC001436,AD001854,FA008,2026-05-13,1016.1,-860.3,15.8,91,address_not_traceable,False,pre_cut,1,locality
VS002677,AC002040,AD002632,FA008,2026-05-13,715.5,-1198.5,10.4,68,locked_premises,False,pre_cut,1,locality
VS002678,AC001654,AD002135,FA008,2026-05-13,1223.6,-942.0,4.5,99,address_not_traceable,False,pre_cut,1,locality
VS002679,AC000337,AD000426,FA008,2026-05-13,847.5,-1190.7,9.2,1230,met_borrower,True,pre_cut,1,locality
VS002680,AC002280,AD002934,FA008,2026-05-13,1482.8,-1973.0,17.9,105,address_not_traceable,False,pre_cut,1,pincode
VS002681,AC000598,AD000771,FA008,2026-05-13,824.8,-711.4,9.2,270,met_family,True,pre_cut,1,street
VS002682,AC000228,AD000288,FA009,2026-05-13,2331.2,-770.7,6.5,64,met_family,True,pre_cut,26,locality
VS002683,AC002312,AD002977,FA009,2026-05-13,-2690.1,-494.7,12.1,169,locked_premises,False,pre_cut,1,locality
VS002684,AC000063,AD000078,FA009,2026-05-13,-2525.2,-129.5,15.2,169,neighbour_says_shifted,False,pre_cut,1,locality
VS002685,AC002056,AD002655,FA009,2026-05-13,-2979.5,-36.5,15.5,290,met_family,True,pre_cut,1,street
VS002686,AC001873,AD002415,FA009,2026-05-13,2319.6,-790.0,10.8,153,met_borrower,True,pre_cut,1,street
VS002687,AC000109,AD000137,FA009,2026-05-13,2339.7,-773.6,4.1,161,address_not_traceable,False,pre_cut,28,locality
VS002688,AC001030,AD001331,FA009,2026-05-13,-2948.6,-20.5,16.1,572,met_family,True,pre_cut,1,locality
VS002689,AC000126,AD000159,FA009,2026-05-13,-3751.5,-781.0,8.2,125,locked_premises,False,pre_cut,32,street
VS002690,AC001115,AD001448,FA009,2026-05-13,2354.6,-762.2,16.9,233,address_not_traceable,False,pre_cut,27,locality
VS002691,AC002006,AD002590,FA009,2026-05-13,-2250.5,-520.6,7.7,72,address_not_traceable,False,pre_cut,1,locality
VS002692,AC002090,AD002696,FA007,2026-05-13,-2391.9,1190.5,10.8,455,met_borrower,True,pre_cut,1,locality
VS002693,AC002254,AD002903,FA007,2026-05-13,-2256.5,1635.8,12.8,184,neighbour_says_shifted,False,pre_cut,1,street
VS002694,AC000256,AD000323,FA007,2026-05-13,-2590.9,1819.5,12.3,561,met_borrower,True,pre_cut,1,street
VS002695,AC001216,AD001578,FA007,2026-05-13,-2183.7,1782.4,8.0,1343,met_borrower,True,pre_cut,1,locality
VS002696,AC000937,AD001212,FA007,2026-05-13,-1026.5,1018.9,4.0,77,address_not_traceable,False,pre_cut,1,pincode
VS002697,AC001132,AD001469,FA007,2026-05-13,-2610.6,1442.4,12.7,63,locked_premises,False,pre_cut,1,locality
VS002698,AC002136,AD002756,FA007,2026-05-13,-1778.7,1802.4,10.7,81,address_not_traceable,False,pre_cut,1,pincode
VS002699,AC001105,AD001436,FA007,2026-05-13,-2339.4,1197.3,9.4,175,locked_premises,False,pre_cut,1,locality
VS002700,AC001103,AD001433,FA003,2026-05-14,2673.7,-2498.2,14.0,462,met_family,True,pre_cut,1,street
VS002701,AC000517,AD000667,FA003,2026-05-14,2081.1,-2429.2,35.3,202,locked_premises,False,pre_cut,1,locality
VS002702,AC000741,AD000955,FA003,2026-05-14,3139.8,-1932.4,14.2,207,no_such_person,False,pre_cut,1,locality
VS002703,AC000712,AD000919,FA003,2026-05-14,3041.3,-2421.9,42.9,576,met_family,True,pre_cut,1,locality
VS002704,AC000420,AD000541,FA003,2026-05-14,2660.9,-2480.0,8.1,315,met_borrower,True,pre_cut,1,locality
VS002705,AC001348,AD001746,FA003,2026-05-14,3008.7,-2169.4,7.9,554,met_family,True,pre_cut,1,locality
VS002706,AC001806,AD002332,FA003,2026-05-14,3177.3,-2092.6,8.2,548,met_family,True,pre_cut,1,pincode
VS002707,AC000955,AD001236,FA003,2026-05-14,2939.3,-2642.7,6.8,157,locked_premises,False,pre_cut,1,locality
VS002708,AC002336,AD003005,FA003,2026-05-14,-1168.5,-2318.9,4.9,100,address_not_traceable,False,pre_cut,1,pincode
VS002709,AC000110,AD000138,FA002,2026-05-14,608.9,-3066.4,14.1,69,locked_premises,False,pre_cut,1,street
VS002710,AC001667,AD002154,FA002,2026-05-14,812.0,-2653.7,32.1,349,met_family,True,pre_cut,1,locality
VS002711,AC001126,AD001462,FA002,2026-05-14,923.5,-3266.9,19.7,564,met_family,True,pre_cut,1,locality
VS002712,AC000475,AD000608,FA002,2026-05-14,900.5,-3369.8,6.6,168,locked_premises,False,pre_cut,1,locality
VS002713,AC000627,AD000810,FA002,2026-05-14,1145.4,-3180.9,8.8,431,met_borrower,True,pre_cut,1,locality
VS002714,AC000752,AD000971,FA002,2026-05-14,813.3,-2903.7,5.6,748,met_borrower,True,pre_cut,1,locality
VS002715,AC000944,AD001223,FA002,2026-05-14,713.4,-3009.9,7.2,568,met_family,True,pre_cut,1,locality
VS002716,AC000260,AD000328,FA002,2026-05-14,300.1,-2874.0,13.3,124,locked_premises,False,pre_cut,1,locality
VS002717,AC001640,AD002116,FA002,2026-05-14,753.9,-2932.2,12.9,237,neighbour_says_shifted,False,pre_cut,1,locality
VS002718,AC000573,AD000740,FA002,2026-05-14,1975.6,-911.1,14.7,70,locked_premises,False,pre_cut,1,locality
VS002719,AC001163,AD001509,FA001,2026-05-14,3202.2,-2490.7,15.7,425,met_family,True,pre_cut,1,locality
VS002720,AC000971,AD001256,FA001,2026-05-14,2916.8,-2139.3,14.6,42,address_not_traceable,False,pre_cut,1,locality
VS002721,AC000557,AD000719,FA001,2026-05-14,2748.7,-1816.7,13.1,238,neighbour_says_shifted,False,pre_cut,1,locality
VS002722,AC000408,AD000524,FA001,2026-05-14,2619.9,-1666.3,6.0,153,locked_premises,False,pre_cut,1,street
VS002723,AC002175,AD002808,FA001,2026-05-14,2495.9,-2299.2,16.1,905,met_borrower,True,pre_cut,1,locality
VS002724,AC000484,AD000622,FA001,2026-05-14,2532.3,-2512.6,16.6,96,locked_premises,False,pre_cut,1,locality
VS002725,AC000246,AD000309,FA001,2026-05-14,2947.9,-1725.2,13.4,134,locked_premises,False,pre_cut,1,locality
VS002726,AC000814,AD001047,FA001,2026-05-14,2566.4,-1767.1,15.5,34,address_not_traceable,False,pre_cut,1,street
VS002727,AC001995,AD002574,FA004,2026-05-14,1801.2,-2197.1,5.0,71,locked_premises,False,pre_cut,1,locality
VS002728,AC002207,AD002849,FA004,2026-05-14,1636.1,-2391.8,14.9,937,met_borrower,True,pre_cut,1,locality
VS002729,AC002185,AD002821,FA004,2026-05-14,1306.0,-2221.7,30.7,114,locked_premises,False,pre_cut,1,locality
VS002730,AC002065,AD002664,FA004,2026-05-14,1109.3,-2478.6,16.7,68,locked_premises,False,pre_cut,1,street
VS002731,AC002062,AD002661,FA004,2026-05-14,1759.2,-1748.0,7.8,296,met_family,True,pre_cut,1,pincode
VS002732,AC001421,AD001833,FA004,2026-05-14,1932.8,-2279.1,5.5,114,address_not_traceable,False,pre_cut,1,locality
VS002733,AC000435,AD000560,FA005,2026-05-14,1596.5,-2137.7,19.3,43,address_not_traceable,False,pre_cut,1,locality
VS002734,AC002342,AD003013,FA005,2026-05-14,1530.1,-2474.8,5.1,298,neighbour_says_shifted,False,pre_cut,1,locality
VS002735,AC001320,AD001713,FA005,2026-05-14,1839.2,-2018.2,5.3,510,met_family,True,pre_cut,1,rooftop
VS002736,AC002165,AD002794,FA005,2026-05-14,1630.4,-2310.6,4.7,113,locked_premises,False,pre_cut,1,locality
VS002737,AC001068,AD001380,FA005,2026-05-14,1395.7,-1882.9,8.3,238,locked_premises,False,pre_cut,1,locality
VS002738,AC000138,AD000173,FA005,2026-05-14,1424.4,-2338.5,5.3,498,met_borrower,True,pre_cut,1,locality
VS002739,AC000800,AD001031,FA005,2026-05-14,1408.8,-2147.5,16.3,126,locked_premises,False,pre_cut,1,street
VS002740,AC002184,AD002820,FA005,2026-05-14,1938.1,-1975.5,8.1,201,locked_premises,False,pre_cut,1,locality
VS002741,AC000179,AD000223,FA005,2026-05-14,1940.2,-2096.8,10.4,1001,cash_collected,True,pre_cut,1,locality
VS002742,AC000364,AD000460,FA006,2026-05-14,2839.1,-1272.1,9.6,120,locked_premises,False,pre_cut,1,locality
VS002743,AC002365,AD003045,FA006,2026-05-14,2782.3,-1442.9,8.2,209,locked_premises,False,pre_cut,1,locality
VS002744,AC001192,AD001549,FA006,2026-05-14,2292.2,-1317.7,10.8,1061,met_borrower,True,pre_cut,1,locality
VS002745,AC000307,AD000385,FA006,2026-05-14,2311.2,-1539.1,9.4,90,address_not_traceable,False,pre_cut,1,locality
VS002746,AC000333,AD000420,FA006,2026-05-14,3070.8,-1258.2,8.9,810,cash_collected,True,pre_cut,1,locality
VS002747,AC002199,AD002838,FA006,2026-05-14,2634.2,-985.1,10.5,35,address_not_traceable,False,pre_cut,1,street
VS002748,AC002234,AD002878,FA006,2026-05-14,2467.5,-710.3,4.7,132,locked_premises,False,pre_cut,1,locality
VS002749,AC001454,AD001877,FA006,2026-05-14,2815.0,-1041.1,10.7,105,address_not_traceable,False,pre_cut,1,locality
VS002750,AC001577,AD002034,FA006,2026-05-14,2328.1,-1046.1,4.5,225,met_family,True,pre_cut,1,pincode
VS002751,AC000069,AD000086,FA006,2026-05-14,2527.0,-1379.7,12.2,514,met_family,True,pre_cut,1,street
VS002752,AC000086,AD000107,FA008,2026-05-14,3602.4,265.2,4.4,65,address_not_traceable,False,pre_cut,1,locality
VS002753,AC001625,AD002096,FA008,2026-05-14,3576.4,631.8,9.9,466,met_family,True,pre_cut,1,street
VS002754,AC002075,AD002676,FA008,2026-05-14,3535.7,671.3,5.6,591,met_family,True,pre_cut,1,locality
VS002755,AC001792,AD002311,FA008,2026-05-14,2743.1,-1820.5,7.5,91,address_not_traceable,False,pre_cut,1,locality
VS002756,AC000605,AD000781,FA008,2026-05-14,3740.0,496.2,14.5,423,met_family,True,pre_cut,1,locality
VS002757,AC001046,AD001352,FA008,2026-05-14,4173.6,544.0,4.0,334,met_borrower,True,pre_cut,1,locality
VS002758,AC001129,AD001466,FA008,2026-05-14,3498.4,459.5,11.8,108,address_not_traceable,False,pre_cut,1,locality
VS002759,AC000501,AD000645,FA008,2026-05-14,3783.7,280.1,6.3,107,address_not_traceable,False,pre_cut,1,locality
VS002760,AC002243,AD002889,FA008,2026-05-14,4086.9,111.0,6.2,256,neighbour_says_shifted,False,pre_cut,1,locality
VS002761,AC002082,AD002685,FA008,2026-05-14,3895.1,604.5,14.3,506,met_family,True,pre_cut,1,locality
VS002762,AC002278,AD002932,FA009,2026-05-14,-528.8,-3439.2,12.6,84,address_not_traceable,False,pre_cut,1,locality
VS002763,AC001172,AD001520,FA009,2026-05-14,-697.3,-3903.8,11.1,35,address_not_traceable,False,pre_cut,1,street
VS002764,AC000474,AD000607,FA009,2026-05-14,-840.4,-3856.0,13.5,340,neighbour_says_shifted,False,pre_cut,1,locality
VS002765,AC000447,AD000576,FA009,2026-05-14,2308.2,-773.0,6.0,218,locked_premises,False,pre_cut,1,locality
VS002766,AC001251,AD001620,FA009,2026-05-14,2326.2,-782.0,8.3,125,locked_premises,False,pre_cut,1,locality
VS002767,AC001509,AD001947,FA009,2026-05-14,-459.2,-3775.9,14.6,217,no_such_person,False,pre_cut,1,locality
VS002768,AC000396,AD000505,FA009,2026-05-14,2353.3,-763.2,10.8,107,address_not_traceable,False,pre_cut,27,pincode
VS002769,AC000446,AD000575,FA009,2026-05-14,2337.0,-771.8,5.1,86,address_not_traceable,False,pre_cut,28,locality
VS002770,AC001675,AD002165,FA009,2026-05-14,-2828.7,20.6,52.7,82,address_not_traceable,False,pre_cut,1,locality
VS002771,AC001615,AD002083,FA009,2026-05-14,2330.3,-780.9,16.5,142,met_borrower,True,pre_cut,1,locality
VS002772,AC001745,AD002253,FA007,2026-05-14,-2326.1,-423.0,7.3,503,met_family,True,pre_cut,1,locality
VS002773,AC001387,AD001792,FA007,2026-05-14,-3102.2,-423.4,9.3,1243,met_borrower,True,pre_cut,1,street
VS002774,AC000020,AD000023,FA007,2026-05-14,-2928.6,-58.4,25.1,402,met_family,True,pre_cut,1,locality
VS002775,AC000563,AD000727,FA007,2026-05-14,-2698.3,-437.2,10.6,1225,met_borrower,True,pre_cut,1,locality
VS002776,AC002295,AD002956,FA007,2026-05-14,-3051.8,-203.1,8.1,624,met_borrower,True,pre_cut,1,locality
VS002777,AC001029,AD001330,FA007,2026-05-14,-2362.7,-538.5,15.0,190,neighbour_says_shifted,False,pre_cut,1,locality
VS002778,AC001062,AD001371,FA007,2026-05-14,-2595.5,-837.1,10.3,156,locked_premises,False,pre_cut,1,locality
VS002779,AC001258,AD001630,FA002,2026-05-15,591.1,2842.9,10.2,71,locked_premises,False,pre_cut,1,street
VS002780,AC001264,AD001638,FA002,2026-05-15,892.2,-2896.7,7.7,1128,met_borrower,True,pre_cut,1,locality
VS002781,AC001685,AD002180,FA002,2026-05-15,639.6,-3127.2,10.4,74,address_not_traceable,False,pre_cut,1,locality
VS002782,AC000726,AD000936,FA002,2026-05-15,921.6,-3034.2,11.1,87,address_not_traceable,False,pre_cut,1,locality
VS002783,AC002034,AD002624,FA002,2026-05-15,524.4,-3479.7,7.3,92,locked_premises,False,pre_cut,1,locality
VS002784,AC001599,AD002061,FA002,2026-05-15,807.1,-3052.2,17.6,1480,met_borrower,True,pre_cut,1,street
VS002785,AC000840,AD001083,FA002,2026-05-15,873.9,-3263.8,7.8,306,neighbour_says_shifted,False,pre_cut,1,street
VS002786,AC002031,AD002621,FA001,2026-05-15,992.3,-3367.5,10.0,407,met_family,True,pre_cut,1,street
VS002787,AC001532,AD001972,FA001,2026-05-15,730.1,-2869.9,13.0,196,met_family,True,pre_cut,1,street
VS002788,AC000843,AD001087,FA001,2026-05-15,2145.0,-2036.5,8.0,52,address_not_traceable,False,pre_cut,1,pincode
VS002789,AC001232,AD001596,FA001,2026-05-15,746.9,-3203.9,7.4,278,neighbour_says_shifted,False,pre_cut,1,locality
VS002790,AC002275,AD002928,FA001,2026-05-15,1193.8,-3177.4,15.0,192,locked_premises,False,pre_cut,1,locality
VS002791,AC001630,AD002103,FA001,2026-05-15,292.0,-2746.7,8.8,228,locked_premises,False,pre_cut,1,locality
VS002792,AC001620,AD002090,FA001,2026-05-15,814.4,-2884.0,9.8,367,met_family,True,pre_cut,1,locality
VS002793,AC000729,AD000940,FA001,2026-05-15,320.8,-3029.4,9.4,183,locked_premises,False,pre_cut,1,locality
VS002794,AC000606,AD000783,FA001,2026-05-15,772.4,-2604.8,5.5,63,locked_premises,False,pre_cut,1,street
VS002795,AC000829,AD001067,FA001,2026-05-15,1100.6,-2782.6,9.9,70,locked_premises,False,pre_cut,1,pincode
VS002796,AC001605,AD002067,FA003,2026-05-15,1107.8,-358.1,5.8,1182,met_borrower,True,pre_cut,1,locality
VS002797,AC000001,AD000001,FA003,2026-05-15,1237.1,-213.0,18.1,984,met_borrower,True,pre_cut,1,street
VS002798,AC000919,AD001187,FA003,2026-05-15,1378.0,-289.1,10.5,169,locked_premises,False,pre_cut,1,locality
VS002799,AC000207,AD000260,FA003,2026-05-15,1037.8,-475.3,14.2,472,met_borrower,True,pre_cut,1,street
VS002800,AC000160,AD000199,FA003,2026-05-15,1594.2,-1396.7,10.4,108,address_not_traceable,False,pre_cut,1,pincode
VS002801,AC002238,AD002882,FA003,2026-05-15,1239.1,-308.0,6.2,366,met_family,True,pre_cut,1,pincode
VS002802,AC001598,AD002060,FA003,2026-05-15,699.4,-365.4,21.4,475,met_family,True,pre_cut,1,street
VS002803,AC001276,AD001653,FA003,2026-05-15,932.9,197.4,7.6,579,met_family,True,pre_cut,1,locality
VS002804,AC002343,AD003015,FA006,2026-05-15,981.3,2511.1,6.2,176,locked_premises,False,pre_cut,1,locality
VS002805,AC002069,AD002669,FA006,2026-05-15,702.0,2596.6,4.3,419,met_family,True,pre_cut,1,pincode
VS002806,AC000614,AD000792,FA006,2026-05-15,1064.0,829.6,5.7,65,address_not_traceable,False,pre_cut,1,locality
VS002807,AC000023,AD000027,FA006,2026-05-15,915.2,2921.6,7.3,1167,cash_collected,True,pre_cut,1,locality
VS002808,AC002378,AD003060,FA006,2026-05-15,848.8,2774.1,10.4,345,met_family,True,pre_cut,1,locality
VS002809,AC000040,AD000049,FA006,2026-05-15,834.2,2612.4,7.1,561,met_family,True,pre_cut,1,locality
VS002810,AC001307,AD001697,FA006,2026-05-15,846.1,3202.0,8.5,227,locked_premises,False,pre_cut,1,street
VS002811,AC001812,AD002339,FA006,2026-05-15,1030.4,2997.1,12.2,652,met_borrower,True,pre_cut,1,locality
VS002812,AC002381,AD003065,FA004,2026-05-15,689.1,2872.1,6.6,486,met_family,True,pre_cut,1,locality
VS002813,AC000521,AD000672,FA004,2026-05-15,973.0,2568.7,17.0,571,met_family,True,pre_cut,1,locality
VS002814,AC000765,AD000986,FA004,2026-05-15,1189.6,2504.3,4.9,772,met_borrower,True,pre_cut,1,rooftop
VS002815,AC001198,AD001556,FA004,2026-05-15,1065.2,2621.3,20.4,191,met_family,True,pre_cut,1,locality
VS002816,AC001036,AD001339,FA004,2026-05-15,740.3,2825.1,10.4,120,locked_premises,False,pre_cut,1,locality
VS002817,AC001160,AD001505,FA004,2026-05-15,1065.9,2654.5,7.2,110,locked_premises,False,pre_cut,1,locality
VS002818,AC002116,AD002728,FA004,2026-05-15,774.3,3008.7,11.2,1376,met_borrower,True,pre_cut,1,locality
VS002819,AC001500,AD001937,FA004,2026-05-15,733.9,3094.0,14.3,239,locked_premises,False,pre_cut,1,street
VS002820,AC001683,AD002176,FA004,2026-05-15,771.3,2483.3,5.6,101,no_such_person,False,pre_cut,1,locality
VS002821,AC000028,AD000032,FA005,2026-05-15,1778.0,-1819.5,7.1,498,met_family,True,pre_cut,1,locality
VS002822,AC002364,AD003044,FA005,2026-05-15,1417.4,-2672.3,6.7,74,locked_premises,False,pre_cut,1,rooftop
VS002823,AC000662,AD000854,FA005,2026-05-15,1336.7,-2557.0,4.4,562,met_family,True,pre_cut,1,locality
VS002824,AC001335,AD001731,FA005,2026-05-15,1173.4,-2073.0,7.1,34,address_not_traceable,False,pre_cut,1,street
VS002825,AC000653,AD000841,FA005,2026-05-15,1738.6,-2333.1,6.4,330,met_borrower,True,pre_cut,1,locality
VS002826,AC002382,AD003067,FA005,2026-05-15,1365.0,-1832.5,19.1,585,met_family,True,pre_cut,1,locality
VS002827,AC001223,AD001586,FA005,2026-05-15,1606.5,-1825.0,8.7,148,locked_premises,False,pre_cut,1,locality
VS002828,AC000257,AD000324,FA009,2026-05-15,-2646.4,1703.3,16.0,191,locked_premises,False,pre_cut,1,locality
VS002829,AC001197,AD001555,FA009,2026-05-15,-2591.3,1800.0,9.3,661,met_borrower,True,pre_cut,1,locality
VS002830,AC000675,AD000869,FA009,2026-05-15,-2131.9,1685.0,18.7,427,met_borrower,True,pre_cut,1,locality
VS002831,AC001659,AD002143,FA009,2026-05-15,-2634.2,1338.8,12.2,695,met_borrower,True,pre_cut,1,locality
VS002832,AC001338,AD001734,FA009,2026-05-15,-2445.0,1455.2,8.7,82,address_not_traceable,False,pre_cut,1,locality
VS002833,AC000600,AD000774,FA009,2026-05-15,-2612.9,1729.2,13.7,355,met_family,True,pre_cut,1,locality
VS002834,AC000740,AD000954,FA009,2026-05-15,-3719.8,-806.9,14.6,79,locked_premises,False,pre_cut,23,rooftop
VS002835,AC000064,AD000079,FA008,2026-05-15,1006.2,-1203.7,5.6,1398,met_borrower,True,pre_cut,1,street
VS002836,AC001356,AD001756,FA008,2026-05-15,-1436.3,-2121.2,9.1,138,neighbour_says_shifted,False,pre_cut,1,locality
VS002837,AC000497,AD000639,FA008,2026-05-15,1097.2,-965.9,9.1,64,locked_premises,False,pre_cut,1,street
VS002838,AC001988,AD002567,FA008,2026-05-15,-868.1,-376.1,7.8,39,address_not_traceable,False,pre_cut,1,locality
VS002839,AC001000,AD001291,FA008,2026-05-15,884.1,-779.3,14.0,115,locked_premises,False,pre_cut,1,locality
VS002840,AC000874,AD001128,FA008,2026-05-15,1004.1,-696.6,9.7,41,address_not_traceable,False,pre_cut,1,locality
VS002841,AC001465,AD001890,FA008,2026-05-15,1123.2,-490.0,6.1,218,locked_premises,False,pre_cut,1,locality
VS002842,AC000123,AD000155,FA008,2026-05-15,1168.6,-611.6,7.0,149,locked_premises,False,pre_cut,1,street
VS002843,AC002279,AD002933,FA008,2026-05-15,912.7,-712.3,7.0,141,locked_premises,False,pre_cut,1,locality
VS002844,AC001072,AD001386,FA007,2026-05-15,-470.3,-3390.2,4.0,324,neighbour_says_shifted,False,pre_cut,1,locality
VS002845,AC001445,AD001864,FA007,2026-05-15,-190.4,-3909.3,8.1,116,locked_premises,False,pre_cut,1,rooftop
VS002846,AC001321,AD001715,FA007,2026-05-15,-2267.6,-1043.1,14.9,63,address_not_traceable,False,pre_cut,1,pincode
VS002847,AC001863,AD002402,FA007,2026-05-15,-456.5,-3953.8,10.0,62,address_not_traceable,False,pre_cut,1,locality
VS002848,AC000487,AD000627,FA007,2026-05-15,-361.6,-3417.1,6.9,119,address_not_traceable,False,pre_cut,1,locality
VS002849,AC000351,AD000446,FA007,2026-05-15,-446.4,-3665.5,18.1,112,address_not_traceable,False,pre_cut,1,locality
VS002850,AC002111,AD002722,FA007,2026-05-15,-730.1,-3768.2,11.1,100,locked_premises,False,pre_cut,1,pincode
VS002851,AC002109,AD002720,FA007,2026-05-15,-233.5,-3387.0,4.0,83,address_not_traceable,False,pre_cut,1,locality
VS002852,AC001102,AD001432,FA007,2026-05-15,-519.1,-3402.1,11.8,231,locked_premises,False,pre_cut,1,locality
VS002853,AC001562,AD002016,FA003,2026-05-16,2760.6,-2323.0,11.8,188,neighbour_says_shifted,False,post_cut,1,locality
VS002854,AC001273,AD001649,FA003,2026-05-16,2611.5,-2288.2,10.7,118,address_not_traceable,False,post_cut,1,locality
VS002855,AC001738,AD002246,FA003,2026-05-16,2459.4,-2327.8,21.0,1062,met_borrower,True,post_cut,1,rooftop
VS002856,AC002260,AD002911,FA003,2026-05-16,2800.5,-2073.2,4.4,253,met_family,True,post_cut,1,locality
VS002857,AC000103,AD000129,FA003,2026-05-16,3224.8,-1949.3,9.6,1003,met_borrower,True,post_cut,1,locality
VS002858,AC000289,AD000363,FA003,2026-05-16,1936.8,-854.6,26.2,69,address_not_traceable,False,post_cut,1,locality
VS002859,AC000945,AD001224,FA002,2026-05-16,2899.2,-2327.0,13.9,85,address_not_traceable,False,post_cut,1,locality
VS002860,AC002019,AD002607,FA002,2026-05-16,-1790.3,993.5,40.7,80,address_not_traceable,False,post_cut,1,pincode
VS002861,AC001139,AD001479,FA002,2026-05-16,2987.0,-2499.9,11.2,1339,met_borrower,True,post_cut,1,locality
VS002862,AC001048,AD001354,FA002,2026-05-16,3040.7,-1964.9,7.1,503,met_family,True,post_cut,1,locality
VS002863,AC000857,AD001105,FA002,2026-05-16,2828.8,-2273.7,20.2,1266,met_borrower,True,post_cut,1,locality
VS002864,AC001737,AD002245,FA002,2026-05-16,2873.9,-2070.2,7.7,738,met_borrower,True,post_cut,1,street
VS002865,AC000338,AD000429,FA002,2026-05-16,739.2,-3241.2,6.9,51,address_not_traceable,False,post_cut,1,locality
VS002866,AC001206,AD001567,FA002,2026-05-16,3078.8,-2024.3,8.3,167,no_such_person,False,post_cut,1,locality
VS002867,AC000287,AD000360,FA002,2026-05-16,3075.0,-2379.9,12.6,1484,met_borrower,True,post_cut,1,locality
VS002868,AC000168,AD000209,FA001,2026-05-16,2734.9,903.0,7.5,71,address_not_traceable,False,post_cut,1,locality
VS002869,AC000519,AD000669,FA001,2026-05-16,2242.3,647.4,10.0,372,met_family,True,post_cut,1,locality
VS002870,AC000812,AD001045,FA001,2026-05-16,2677.3,1419.7,4.4,1219,met_borrower,True,post_cut,1,street
VS002871,AC002357,AD003035,FA001,2026-05-16,2322.5,1437.9,7.5,379,met_family,True,post_cut,1,locality
VS002872,AC002351,AD003027,FA001,2026-05-16,2109.4,1079.1,10.6,71,locked_premises,False,post_cut,1,locality
VS002873,AC000156,AD000195,FA001,2026-05-16,2345.0,816.2,7.7,72,address_not_traceable,False,post_cut,1,locality
VS002874,AC001864,AD002403,FA001,2026-05-16,2330.5,903.0,6.5,525,met_borrower,True,post_cut,1,street
VS002875,AC002008,AD002593,FA001,2026-05-16,2330.0,1220.3,8.2,200,neighbour_says_shifted,False,post_cut,1,locality
VS002876,AC000308,AD000387,FA004,2026-05-16,-282.4,1694.3,18.2,1312,met_borrower,True,post_cut,1,locality
VS002877,AC001826,AD002357,FA004,2026-05-16,1010.3,387.5,7.2,259,met_family,True,post_cut,1,locality
VS002878,AC001958,AD002531,FA004,2026-05-16,1169.2,208.3,17.6,184,locked_premises,False,post_cut,1,locality
VS002879,AC000880,AD001136,FA004,2026-05-16,750.4,-216.9,21.3,380,met_family,True,post_cut,1,locality
VS002880,AC001215,AD001577,FA004,2026-05-16,926.6,414.8,13.6,83,locked_premises,False,post_cut,1,locality
VS002881,AC001966,AD002541,FA004,2026-05-16,1284.7,137.5,18.7,304,met_family,True,post_cut,1,locality
VS002882,AC000873,AD001127,FA005,2026-05-16,680.7,-3347.9,11.3,1412,met_borrower,True,post_cut,1,locality
VS002883,AC000739,AD000953,FA005,2026-05-16,202.8,-3160.6,5.5,119,locked_premises,False,post_cut,1,locality
VS002884,AC000523,AD000675,FA005,2026-05-16,3046.4,-1581.5,7.3,1431,met_borrower,True,post_cut,1,locality
VS002885,AC001921,AD002483,FA005,2026-05-16,884.8,1166.9,16.4,104,locked_premises,False,post_cut,1,locality
VS002886,AC001435,AD001852,FA005,2026-05-16,991.0,-2963.7,8.3,37,address_not_traceable,False,post_cut,1,locality
VS002887,AC000849,AD001095,FA005,2026-05-16,987.5,-1673.1,4.1,32,address_not_traceable,False,post_cut,1,pincode
VS002888,AC001901,AD002458,FA005,2026-05-16,1055.4,-3105.4,6.1,1211,met_borrower,True,post_cut,1,locality
VS002889,AC000820,AD001055,FA005,2026-05-16,324.4,-3211.6,22.1,151,locked_premises,False,post_cut,1,locality
VS002890,AC000336,AD000424,FA006,2026-05-16,2905.4,325.9,10.0,368,cash_collected,True,post_cut,1,locality
VS002891,AC000229,AD000290,FA006,2026-05-16,2841.2,138.3,8.4,248,neighbour_says_shifted,False,post_cut,1,locality
VS002892,AC000478,AD000613,FA006,2026-05-16,2766.6,377.4,4.6,320,met_family,True,post_cut,1,locality
VS002893,AC002002,AD002583,FA006,2026-05-16,3411.4,549.7,14.9,558,met_borrower,True,post_cut,1,locality
VS002894,AC001174,AD001523,FA006,2026-05-16,3040.7,389.3,4.0,80,address_not_traceable,False,post_cut,1,locality
VS002895,AC002035,AD002626,FA006,2026-05-16,3147.0,408.8,9.2,79,locked_premises,False,post_cut,1,locality
VS002896,AC001259,AD001631,FA006,2026-05-16,2667.9,484.3,16.8,322,neighbour_says_shifted,False,post_cut,1,rooftop
VS002897,AC001973,AD002550,FA006,2026-05-16,2899.5,554.0,4.6,337,neighbour_says_shifted,False,post_cut,1,locality
VS002898,AC002041,AD002633,FA006,2026-05-16,3171.3,726.7,13.8,164,locked_premises,False,post_cut,1,street
VS002899,AC002288,AD002945,FA006,2026-05-16,2704.5,-28.8,9.9,151,no_such_person,False,post_cut,1,locality
VS002900,AC002074,AD002675,FA008,2026-05-16,-672.7,3200.6,7.0,232,locked_premises,False,post_cut,1,locality
VS002901,AC000625,AD000808,FA008,2026-05-16,-720.8,3387.8,8.9,1249,met_borrower,True,post_cut,1,locality
VS002902,AC000508,AD000654,FA008,2026-05-16,-219.8,3205.5,5.9,222,locked_premises,False,post_cut,1,pincode
VS002903,AC000574,AD000741,FA008,2026-05-16,-656.0,2897.0,14.7,249,met_family,True,post_cut,1,street
VS002904,AC002053,AD002651,FA008,2026-05-16,-552.9,3135.1,8.8,47,address_not_traceable,False,post_cut,1,locality
VS002905,AC000513,AD000662,FA008,2026-05-16,-808.7,3408.5,18.0,1352,met_borrower,True,post_cut,1,locality
VS002906,AC001985,AD002564,FA008,2026-05-16,-463.2,2813.9,16.3,172,locked_premises,False,post_cut,1,locality
VS002907,AC002236,AD002880,FA008,2026-05-16,-435.2,2942.3,4.8,311,met_family,True,post_cut,1,locality
VS002908,AC001252,AD001621,FA008,2026-05-16,-568.8,3121.5,7.7,44,address_not_traceable,False,post_cut,1,locality
VS002909,AC002107,AD002718,FA008,2026-05-16,-295.1,3059.3,13.6,51,address_not_traceable,False,post_cut,1,locality
VS002910,AC001725,AD002230,FA009,2026-05-16,3347.2,-1846.2,10.0,81,locked_premises,False,post_cut,1,locality
VS002911,AC000906,AD001170,FA009,2026-05-16,3558.7,-1806.4,6.2,1218,cash_collected,True,post_cut,1,locality
VS002912,AC001912,AD002471,FA009,2026-05-16,2339.5,-792.3,15.0,199,address_not_traceable,False,post_cut,1,locality
VS002913,AC000316,AD000397,FA009,2026-05-16,3097.7,-1979.3,14.0,147,locked_premises,False,post_cut,1,locality
VS002914,AC001462,AD001886,FA009,2026-05-16,3585.5,-2146.8,12.7,210,locked_premises,False,post_cut,1,locality
VS002915,AC001140,AD001480,FA009,2026-05-16,3410.6,-1664.0,4.3,97,address_not_traceable,False,post_cut,1,locality
VS002916,AC001666,AD002153,FA009,2026-05-16,3449.0,-1709.4,7.3,97,locked_premises,False,post_cut,1,street
VS002917,AC001607,AD002069,FA007,2026-05-16,3837.0,536.7,10.9,313,met_family,True,post_cut,1,locality
VS002918,AC000048,AD000060,FA007,2026-05-16,3765.8,169.4,16.6,51,address_not_traceable,False,post_cut,1,street
VS002919,AC000341,AD000433,FA007,2026-05-16,4052.5,127.6,5.6,692,met_borrower,True,post_cut,1,pincode
VS002920,AC001974,AD002551,FA007,2026-05-16,2975.7,-1892.6,12.7,89,address_not_traceable,False,post_cut,1,locality
VS002921,AC002055,AD002654,FA007,2026-05-16,3812.5,195.3,4.0,302,met_family,True,post_cut,1,locality
VS002922,AC002121,AD002735,FA007,2026-05-16,3758.2,-50.0,10.0,472,met_family,True,post_cut,1,locality
VS002923,AC002320,AD002986,FA007,2026-05-16,3868.6,78.8,9.9,282,met_family,True,post_cut,1,locality
VS002924,AC001616,AD002085,FA007,2026-05-16,3465.2,572.1,7.9,106,no_such_person,False,post_cut,1,street
VS002925,AC002147,AD002771,FA002,2026-05-18,1526.0,-1958.3,14.5,81,address_not_traceable,False,post_cut,1,pincode
VS002926,AC000570,AD000735,FA002,2026-05-18,2686.5,-2412.3,8.8,295,met_family,True,post_cut,1,street
VS002927,AC000469,AD000602,FA002,2026-05-18,2946.5,-1906.3,6.4,341,met_family,True,post_cut,1,locality
VS002928,AC001372,AD001775,FA002,2026-05-18,2939.4,-2490.0,4.1,197,locked_premises,False,post_cut,1,locality
VS002929,AC000458,AD000589,FA002,2026-05-18,2699.9,-1880.6,15.4,702,met_borrower,True,post_cut,1,locality
VS002930,AC000673,AD000867,FA002,2026-05-18,2909.1,-2512.5,8.8,238,met_family,True,post_cut,1,locality
VS002931,AC001872,AD002414,FA002,2026-05-18,2919.2,-1781.2,17.1,65,locked_premises,False,post_cut,1,street
VS002932,AC000568,AD000733,FA002,2026-05-18,3025.3,-2220.9,20.4,103,locked_premises,False,post_cut,1,locality
VS002933,AC001411,AD001821,FA002,2026-05-18,2480.4,-2430.5,6.3,591,met_family,True,post_cut,1,street
VS002934,AC000079,AD000100,FA002,2026-05-18,2815.9,-2089.3,8.4,174,neighbour_says_shifted,False,post_cut,1,locality
VS002935,AC000576,AD000743,FA001,2026-05-18,-2180.5,-2312.2,21.4,111,address_not_traceable,False,post_cut,1,locality
VS002936,AC002394,AD003083,FA001,2026-05-18,-1270.1,-2861.0,10.3,100,address_not_traceable,False,post_cut,1,locality
VS002937,AC002340,AD003010,FA001,2026-05-18,-918.0,-3007.9,4.1,76,address_not_traceable,False,post_cut,1,locality
VS002938,AC001715,AD002217,FA001,2026-05-18,-867.1,-3076.6,6.3,935,met_borrower,True,post_cut,1,locality
VS002939,AC000628,AD000812,FA001,2026-05-18,-1236.9,-2703.9,6.2,126,locked_premises,False,post_cut,1,pincode
VS002940,AC000876,AD001130,FA001,2026-05-18,-781.8,-3321.3,6.9,220,locked_premises,False,post_cut,1,street
VS002941,AC000650,AD000837,FA001,2026-05-18,-1651.4,-2748.9,22.2,44,address_not_traceable,False,post_cut,1,pincode
VS002942,AC001344,AD001742,FA001,2026-05-18,-1473.2,-3141.8,9.0,712,met_borrower,True,post_cut,1,locality
VS002943,AC002179,AD002814,FA001,2026-05-18,-851.4,-3557.3,4.0,298,neighbour_says_shifted,False,post_cut,1,rooftop
VS002944,AC002330,AD002996,FA003,2026-05-18,-781.6,-1528.7,20.5,158,locked_premises,False,post_cut,1,locality
VS002945,AC002262,AD002914,FA003,2026-05-18,-1563.5,325.5,14.9,54,address_not_traceable,False,post_cut,1,locality
VS002946,AC000572,AD000738,FA003,2026-05-18,-545.0,-990.4,6.0,147,locked_premises,False,post_cut,1,locality
VS002947,AC001930,AD002494,FA003,2026-05-18,-717.4,-1125.2,4.8,96,locked_premises,False,post_cut,1,locality
VS002948,AC001341,AD001738,FA003,2026-05-18,-847.5,-1401.2,6.6,337,met_family,True,post_cut,1,locality
VS002949,AC001927,AD002490,FA003,2026-05-18,-842.0,-1398.2,7.5,516,met_borrower,True,post_cut,1,locality
VS002950,AC002178,AD002812,FA003,2026-05-18,-1046.4,-1002.5,10.7,287,met_family,True,post_cut,1,locality
VS002951,AC002171,AD002801,FA003,2026-05-18,-751.8,-1700.8,11.2,137,neighbour_says_shifted,False,post_cut,1,locality
VS002952,AC001828,AD002359,FA004,2026-05-18,1608.9,-1545.7,14.7,83,address_not_traceable,False,post_cut,1,street
VS002953,AC001736,AD002244,FA004,2026-05-18,1243.3,-1835.6,4.0,526,met_family,True,post_cut,1,locality
VS002954,AC001516,AD001954,FA004,2026-05-18,1125.4,-1880.7,10.8,593,met_family,True,post_cut,1,locality
VS002955,AC002227,AD002870,FA004,2026-05-18,1503.4,-2257.7,12.6,1281,met_borrower,True,post_cut,1,locality
VS002956,AC001949,AD002521,FA004,2026-05-18,1571.2,-2401.3,6.3,215,met_family,True,post_cut,1,locality
VS002957,AC000890,AD001149,FA004,2026-05-18,1633.5,-1603.7,18.1,686,met_borrower,True,post_cut,1,locality
VS002958,AC000218,AD000275,FA005,2026-05-18,-1472.4,-1271.7,11.2,80,address_not_traceable,False,post_cut,1,pincode
VS002959,AC001146,AD001488,FA005,2026-05-18,-1507.4,-2857.9,7.1,701,met_borrower,True,post_cut,1,locality
VS002960,AC002131,AD002748,FA005,2026-05-18,1157.0,-1876.5,9.8,444,met_family,True,post_cut,1,street
VS002961,AC000959,AD001242,FA005,2026-05-18,1521.1,-1885.2,19.5,129,locked_premises,False,post_cut,1,locality
VS002962,AC001708,AD002210,FA005,2026-05-18,1661.0,-1593.4,7.7,246,met_family,True,post_cut,1,locality
VS002963,AC000633,AD000817,FA005,2026-05-18,1302.5,-1940.7,5.3,722,cash_collected,True,post_cut,1,locality
VS002964,AC000414,AD000531,FA005,2026-05-18,1322.8,-2447.5,7.7,148,locked_premises,False,post_cut,1,pincode
VS002965,AC001418,AD001830,FA006,2026-05-18,1069.1,2923.4,18.6,211,locked_premises,False,post_cut,1,street
VS002966,AC002338,AD003008,FA006,2026-05-18,1397.8,-82.2,10.4,160,locked_premises,False,post_cut,1,locality
VS002967,AC001780,AD002299,FA006,2026-05-18,945.7,2313.6,14.8,518,met_family,True,post_cut,1,locality
VS002968,AC002167,AD002796,FA006,2026-05-18,885.4,3109.0,18.9,490,met_borrower,True,post_cut,1,pincode
VS002969,AC000551,AD000711,FA006,2026-05-18,1055.7,2389.9,12.4,349,met_borrower,True,post_cut,1,locality
VS002970,AC000013,AD000016,FA006,2026-05-18,767.9,2403.6,9.0,80,locked_premises,False,post_cut,1,street
VS002971,AC001491,AD001924,FA006,2026-05-18,897.8,1424.4,25.0,67,address_not_traceable,False,post_cut,1,locality
VS002972,AC000711,AD000917,FA006,2026-05-18,910.4,2357.5,7.3,80,locked_premises,False,post_cut,1,locality
VS002973,AC001181,AD001534,FA007,2026-05-18,-2564.2,-186.6,6.4,182,met_family,True,post_cut,1,pincode
VS002974,AC000122,AD000154,FA007,2026-05-18,3575.3,-2276.7,13.8,119,locked_premises,False,post_cut,1,street
VS002975,AC001123,AD001458,FA007,2026-05-18,-2774.4,-389.6,17.6,1218,met_borrower,True,post_cut,1,locality
VS002976,AC001923,AD002485,FA007,2026-05-18,-2748.6,24.7,14.6,1192,met_borrower,True,post_cut,1,pincode
VS002977,AC000826,AD001064,FA007,2026-05-18,-3158.0,-260.5,15.3,261,met_family,True,post_cut,1,locality
VS002978,AC001807,AD002333,FA007,2026-05-18,-2252.2,-521.5,23.9,1453,met_borrower,True,post_cut,1,locality
VS002979,AC000676,AD000870,FA009,2026-05-18,2332.8,-792.3,15.5,209,address_not_traceable,False,post_cut,27,locality
VS002980,AC001629,AD002102,FA009,2026-05-18,-3754.2,-772.7,9.3,197,address_not_traceable,False,post_cut,1,locality
VS002981,AC000837,AD001078,FA009,2026-05-18,3010.1,-2014.9,32.5,1307,met_borrower,True,post_cut,1,locality
VS002982,AC001653,AD002134,FA009,2026-05-18,3147.5,-1878.6,5.1,362,met_borrower,True,post_cut,1,locality
VS002983,AC002322,AD002988,FA009,2026-05-18,3132.5,-2420.1,13.2,977,met_borrower,True,post_cut,1,locality
VS002984,AC001846,AD002380,FA009,2026-05-18,3060.7,-2420.3,6.2,73,locked_premises,False,post_cut,1,street
VS002985,AC001586,AD002044,FA009,2026-05-18,3251.1,-2189.1,5.1,1132,met_borrower,True,post_cut,1,locality
VS002986,AC001870,AD002412,FA008,2026-05-18,-2682.2,-124.5,32.9,304,met_borrower,True,post_cut,1,locality
VS002987,AC000490,AD000631,FA008,2026-05-18,-2883.4,-178.5,17.3,435,met_borrower,True,post_cut,1,locality
VS002988,AC001448,AD001868,FA008,2026-05-18,-2218.1,-204.9,16.8,127,locked_premises,False,post_cut,1,locality
VS002989,AC000516,AD000666,FA008,2026-05-18,-2656.6,-496.9,14.4,238,locked_premises,False,post_cut,1,locality
VS002990,AC001941,AD002509,FA008,2026-05-18,-2420.5,-630.9,6.6,519,met_family,True,post_cut,1,street
VS002991,AC000216,AD000273,FA008,2026-05-18,-1355.1,-1532.9,23.3,88,address_not_traceable,False,post_cut,1,pincode
VS002992,AC001539,AD001982,FA008,2026-05-18,-2512.2,-484.4,8.1,184,locked_premises,False,post_cut,1,locality
VS002993,AC000460,AD000592,FA008,2026-05-18,-3716.9,-746.2,5.2,40,address_not_traceable,False,post_cut,1,locality
VS002994,AC002287,AD002943,FA008,2026-05-18,-2398.7,-224.2,6.1,58,address_not_traceable,False,post_cut,1,locality
VS002995,AC002216,AD002858,FA002,2026-05-19,1150.3,-2837.1,9.6,338,met_family,True,post_cut,1,locality
VS002996,AC001969,AD002545,FA002,2026-05-19,-1543.5,975.9,6.7,105,address_not_traceable,False,post_cut,1,pincode
VS002997,AC001713,AD002215,FA002,2026-05-19,514.0,-2998.3,8.6,118,no_such_person,False,post_cut,1,locality
VS002998,AC001473,AD001900,FA002,2026-05-19,721.3,-2697.1,12.1,152,neighbour_says_shifted,False,post_cut,1,locality
VS002999,AC001354,AD001753,FA002,2026-05-19,919.5,-2891.4,9.1,84,locked_premises,False,post_cut,1,street
VS003000,AC000107,AD000135,FA002,2026-05-19,805.8,-2608.5,6.1,182,neighbour_says_shifted,False,post_cut,1,street
VS003001,AC000050,AD000062,FA002,2026-05-19,669.1,-3103.8,7.4,473,met_borrower,True,post_cut,1,locality
VS003002,AC001679,AD002171,FA002,2026-05-19,593.8,-3646.4,17.4,173,locked_premises,False,post_cut,1,locality
VS003003,AC002142,AD002765,FA002,2026-05-19,895.5,-469.7,20.7,216,locked_premises,False,post_cut,1,locality
VS003004,AC000786,AD001012,FA002,2026-05-19,694.4,-3063.1,16.6,352,neighbour_says_shifted,False,post_cut,1,street
VS003005,AC002350,AD003026,FA001,2026-05-19,2916.8,-2479.2,9.4,216,locked_premises,False,post_cut,1,locality
VS003006,AC000511,AD000658,FA001,2026-05-19,2440.1,-2257.2,9.3,740,met_borrower,True,post_cut,1,locality
VS003007,AC000583,AD000753,FA001,2026-05-19,2842.7,-2599.3,6.0,876,met_borrower,True,post_cut,1,locality
VS003008,AC000984,AD001273,FA001,2026-05-19,2310.5,-2058.3,10.5,250,neighbour_says_shifted,False,post_cut,1,locality
VS003009,AC001359,AD001760,FA001,2026-05-19,3180.4,-2445.5,10.5,263,met_family,True,post_cut,1,locality
VS003010,AC002072,AD002673,FA001,2026-05-19,2656.4,-2319.2,5.9,1442,met_borrower,True,post_cut,1,locality
VS003011,AC001073,AD001387,FA001,2026-05-19,3311.5,-2095.1,6.8,223,locked_premises,False,post_cut,1,locality
VS003012,AC001581,AD002038,FA001,2026-05-19,3022.9,-2503.2,11.0,722,met_borrower,True,post_cut,1,locality
VS003013,AC000604,AD000779,FA003,2026-05-19,2258.4,877.9,6.3,158,locked_premises,False,post_cut,1,locality
VS003014,AC001086,AD001408,FA003,2026-05-19,2043.8,1344.2,12.5,63,address_not_traceable,False,post_cut,1,locality
VS003015,AC001248,AD001616,FA003,2026-05-19,2348.3,1389.2,5.3,202,neighbour_says_shifted,False,post_cut,1,street
VS003016,AC000934,AD001207,FA003,2026-05-19,2559.5,705.8,10.9,384,neighbour_says_shifted,False,post_cut,1,locality
VS003017,AC000518,AD000668,FA003,2026-05-19,2343.2,890.3,11.8,260,met_family,True,post_cut,1,locality
VS003018,AC002344,AD003016,FA003,2026-05-19,2449.6,633.3,9.1,216,met_family,True,post_cut,1,locality
VS003019,AC000643,AD000830,FA003,2026-05-19,2492.3,637.5,12.4,308,met_borrower,True,post_cut,1,locality
VS003020,AC000756,AD000975,FA006,2026-05-19,-567.0,-446.2,19.2,81,address_not_traceable,False,post_cut,1,locality
VS003021,AC001571,AD002027,FA006,2026-05-19,-389.4,-603.9,16.4,81,locked_premises,False,post_cut,1,locality
VS003022,AC000373,AD000472,FA006,2026-05-19,-541.2,-506.8,7.1,42,address_not_traceable,False,post_cut,1,locality
VS003023,AC000449,AD000579,FA006,2026-05-19,-295.4,19.2,17.6,49,address_not_traceable,False,post_cut,1,pincode
VS003024,AC002257,AD002907,FA006,2026-05-19,1115.5,2703.0,11.2,240,no_such_person,False,post_cut,1,locality
VS003025,AC000009,AD000012,FA006,2026-05-19,-666.3,-550.8,11.4,394,met_family,True,post_cut,1,street
VS003026,AC001295,AD001682,FA006,2026-05-19,-628.7,-285.4,23.0,192,no_such_person,False,post_cut,1,locality
VS003027,AC001193,AD001551,FA005,2026-05-19,1928.1,-2694.0,17.8,1058,met_borrower,True,post_cut,1,locality
VS003028,AC001221,AD001584,FA005,2026-05-19,1211.9,-1998.0,4.7,316,neighbour_says_shifted,False,post_cut,1,locality
VS003029,AC001439,AD001857,FA005,2026-05-19,1893.1,-2048.0,16.9,209,address_not_traceable,False,post_cut,1,locality
VS003030,AC001556,AD002007,FA005,2026-05-19,1210.4,-2114.2,16.4,786,met_borrower,True,post_cut,1,locality
VS003031,AC000877,AD001131,FA005,2026-05-19,1126.0,-1756.0,7.7,594,met_borrower,True,post_cut,1,locality
VS003032,AC001764,AD002277,FA005,2026-05-19,1928.3,-2082.2,13.5,82,locked_premises,False,post_cut,1,locality
VS003033,AC000139,AD000175,FA005,2026-05-19,1839.7,-2155.9,7.8,1345,met_borrower,True,post_cut,1,locality
VS003034,AC000467,AD000600,FA005,2026-05-19,1823.1,-2456.3,4.5,160,locked_premises,False,post_cut,1,locality
VS003035,AC000084,AD000105,FA004,2026-05-19,-668.3,-73.8,8.3,633,met_borrower,True,post_cut,1,locality
VS003036,AC001926,AD002489,FA004,2026-05-19,-379.5,-399.4,12.6,169,neighbour_says_shifted,False,post_cut,1,locality
VS003037,AC001299,AD001689,FA004,2026-05-19,-302.4,-810.2,10.6,1072,met_borrower,True,post_cut,1,street
VS003038,AC001587,AD002045,FA004,2026-05-19,-933.4,-690.2,8.1,125,locked_premises,False,post_cut,1,locality
VS003039,AC000485,AD000624,FA004,2026-05-19,137.1,-474.5,9.0,1383,met_borrower,True,post_cut,1,pincode
VS003040,AC001429,AD001844,FA004,2026-05-19,-571.8,-9.0,4.6,135,locked_premises,False,post_cut,1,street
VS003041,AC002158,AD002784,FA004,2026-05-19,-620.1,-745.8,5.5,288,no_such_person,False,post_cut,1,locality
VS003042,AC002202,AD002842,FA004,2026-05-19,-897.0,27.2,6.4,570,met_family,True,post_cut,1,locality
VS003043,AC000075,AD000096,FA007,2026-05-19,3372.7,544.5,7.5,445,met_family,True,post_cut,1,locality
VS003044,AC000868,AD001121,FA007,2026-05-19,3733.5,642.4,8.4,469,met_borrower,True,post_cut,1,street
VS003045,AC001095,AD001422,FA007,2026-05-19,3301.2,1357.0,4.4,235,locked_premises,False,post_cut,1,locality
VS003046,AC001155,AD001499,FA007,2026-05-19,3559.0,-69.2,17.7,96,locked_premises,False,post_cut,1,street
VS003047,AC002123,AD002737,FA007,2026-05-19,3611.1,176.5,11.4,85,locked_premises,False,post_cut,1,locality
VS003048,AC000036,AD000043,FA007,2026-05-19,3959.9,725.1,14.8,140,neighbour_says_shifted,False,post_cut,1,street
VS003049,AC001420,AD001832,FA007,2026-05-19,4050.7,68.8,9.7,1116,met_borrower,True,post_cut,1,street
VS003050,AC001239,AD001605,FA007,2026-05-19,3716.6,522.3,13.4,518,met_family,True,post_cut,1,locality
VS003051,AC000911,AD001176,FA007,2026-05-19,3795.3,38.5,4.5,297,met_family,True,post_cut,1,street
VS003052,AC000560,AD000722,FA007,2026-05-19,4057.7,313.2,28.5,562,met_family,True,post_cut,1,locality
VS003053,AC002224,AD002867,FA009,2026-05-19,-2340.7,1721.4,8.4,247,neighbour_says_shifted,False,post_cut,1,locality
VS003054,AC001937,AD002504,FA009,2026-05-19,2313.5,-777.6,4.4,70,locked_premises,False,post_cut,26,locality
VS003055,AC001606,AD002068,FA009,2026-05-19,-3742.4,-767.4,16.3,67,address_not_traceable,False,post_cut,1,locality
VS003056,AC001327,AD001722,FA009,2026-05-19,-2214.2,1019.3,7.4,428,met_family,True,post_cut,1,pincode
VS003057,AC000732,AD000944,FA009,2026-05-19,-2322.1,1335.5,20.3,468,met_family,True,post_cut,1,locality
VS003058,AC000639,AD000825,FA009,2026-05-19,-2213.0,1141.4,10.5,1262,met_borrower,True,post_cut,1,street
VS003059,AC001298,AD001687,FA009,2026-05-19,-2738.5,1364.4,34.7,487,met_family,True,post_cut,1,locality
VS003060,AC002183,AD002819,FA008,2026-05-19,1733.0,-1671.0,20.5,56,address_not_traceable,False,post_cut,1,pincode
VS003061,AC001079,AD001395,FA008,2026-05-19,1338.5,-1167.3,28.1,221,neighbour_says_shifted,False,post_cut,1,locality
VS003062,AC000415,AD000532,FA008,2026-05-19,1366.7,-774.0,8.4,212,neighbour_says_shifted,False,post_cut,1,locality
VS003063,AC000520,AD000671,FA008,2026-05-19,1271.7,-837.8,6.7,1360,met_borrower,True,post_cut,1,locality
VS003064,AC001983,AD002562,FA008,2026-05-19,1220.4,-1205.6,7.0,60,locked_premises,False,post_cut,1,locality
VS003065,AC000276,AD000347,FA008,2026-05-19,1257.8,-2075.6,8.2,100,address_not_traceable,False,post_cut,1,pincode
VS003066,AC000190,AD000238,FA003,2026-05-20,-2907.8,994.9,16.1,176,locked_premises,False,post_cut,1,locality
VS003067,AC001017,AD001314,FA003,2026-05-20,-2471.1,1315.4,16.0,235,met_family,True,post_cut,1,street
VS003068,AC000810,AD001042,FA003,2026-05-20,-3007.0,793.1,4.4,135,neighbour_says_shifted,False,post_cut,1,street
VS003069,AC001443,AD001862,FA003,2026-05-20,-2629.3,1147.9,7.6,109,address_not_traceable,False,post_cut,1,pincode
VS003070,AC001406,AD001815,FA003,2026-05-20,-2478.3,985.0,21.0,530,met_family,True,post_cut,1,locality
VS003071,AC000929,AD001200,FA003,2026-05-20,-2827.5,847.2,21.4,310,met_borrower,True,post_cut,1,locality
VS003072,AC001475,AD001903,FA003,2026-05-20,1530.8,1998.9,11.7,119,address_not_traceable,False,post_cut,1,pincode
VS003073,AC000389,AD000497,FA003,2026-05-20,-2672.0,934.5,7.3,92,address_not_traceable,False,post_cut,1,locality
VS003074,AC000085,AD000106,FA003,2026-05-20,-3093.9,953.8,33.8,256,met_family,True,post_cut,1,locality
VS003075,AC002318,AD002983,FA003,2026-05-20,-2772.5,846.7,13.1,1421,met_borrower,True,post_cut,1,pincode
VS003076,AC000053,AD000066,FA001,2026-05-20,1179.0,-190.9,11.1,357,met_family,True,post_cut,1,locality
VS003077,AC000626,AD000809,FA001,2026-05-20,624.2,124.6,9.1,1389,met_borrower,True,post_cut,1,locality
VS003078,AC002314,AD002979,FA001,2026-05-20,85.3,-283.5,7.0,60,address_not_traceable,False,post_cut,1,pincode
VS003079,AC000292,AD000366,FA001,2026-05-20,1640.1,398.8,14.5,48,address_not_traceable,False,post_cut,1,street
VS003080,AC000649,AD000836,FA001,2026-05-20,987.7,-662.4,6.4,113,address_not_traceable,False,post_cut,1,locality
VS003081,AC001533,AD001973,FA001,2026-05-20,897.5,-138.8,8.4,553,met_family,True,post_cut,1,pincode
VS003082,AC001112,AD001444,FA001,2026-05-20,673.3,-163.3,6.5,110,address_not_traceable,False,post_cut,1,locality
VS003083,AC002018,AD002606,FA001,2026-05-20,1517.3,69.1,12.8,467,met_borrower,True,post_cut,1,locality
VS003084,AC001169,AD001516,FA002,2026-05-20,665.8,-2619.0,6.5,132,neighbour_says_shifted,False,post_cut,1,pincode
VS003085,AC001290,AD001677,FA002,2026-05-20,-940.0,-2940.1,8.1,1006,met_borrower,True,post_cut,1,locality
VS003086,AC002102,AD002711,FA002,2026-05-20,1175.1,-3175.5,6.4,192,locked_premises,False,post_cut,1,locality
VS003087,AC002269,AD002922,FA002,2026-05-20,744.8,-2667.4,10.0,183,locked_premises,False,post_cut,1,locality
VS003088,AC000891,AD001151,FA002,2026-05-20,667.5,-2917.9,4.0,168,locked_premises,False,post_cut,1,locality
VS003089,AC000296,AD000372,FA002,2026-05-20,992.3,-3151.3,13.7,41,address_not_traceable,False,post_cut,1,locality
VS003090,AC001020,AD001318,FA006,2026-05-20,1412.8,-84.2,8.1,105,address_not_traceable,False,post_cut,1,street
VS003091,AC000892,AD001152,FA006,2026-05-20,1488.4,356.7,8.5,419,met_family,True,post_cut,1,street
VS003092,AC000895,AD001156,FA006,2026-05-20,660.7,-319.4,5.7,305,met_family,True,post_cut,1,street
VS003093,AC001646,AD002123,FA006,2026-05-20,1121.1,166.1,10.9,561,met_family,True,post_cut,1,locality
VS003094,AC001700,AD002197,FA006,2026-05-20,848.6,-236.1,22.6,568,met_family,True,post_cut,1,street
VS003095,AC000176,AD000220,FA006,2026-05-20,1453.9,-464.1,10.5,182,locked_premises,False,post_cut,1,locality
VS003096,AC001493,AD001927,FA004,2026-05-20,1279.2,1148.6,4.8,36,address_not_traceable,False,post_cut,1,pincode
VS003097,AC002369,AD003050,FA004,2026-05-20,1103.6,2907.2,10.7,45,address_not_traceable,False,post_cut,1,locality
VS003098,AC002282,AD002936,FA004,2026-05-20,838.1,2946.8,21.3,77,address_not_traceable,False,post_cut,1,locality
VS003099,AC000146,AD000182,FA004,2026-05-20,868.4,2746.5,19.7,76,address_not_traceable,False,post_cut,1,locality
VS003100,AC001403,AD001811,FA004,2026-05-20,872.4,3087.6,11.7,374,met_borrower,True,post_cut,1,locality
VS003101,AC002346,AD003019,FA004,2026-05-20,603.7,2760.4,4.9,802,met_borrower,True,post_cut,1,locality
VS003102,AC001092,AD001417,FA005,2026-05-20,1865.6,-2042.1,6.1,200,locked_premises,False,post_cut,1,locality
VS003103,AC002096,AD002704,FA005,2026-05-20,862.4,1144.7,10.2,178,address_not_traceable,False,post_cut,1,locality
VS003104,AC000760,AD000980,FA005,2026-05-20,1396.3,5.8,9.0,67,locked_premises,False,post_cut,1,locality
VS003105,AC000285,AD000358,FA005,2026-05-20,1263.7,194.9,13.2,117,address_not_traceable,False,post_cut,1,locality
VS003106,AC001325,AD001720,FA005,2026-05-20,791.8,346.8,7.1,406,met_family,True,post_cut,1,locality
VS003107,AC001657,AD002141,FA005,2026-05-20,-1793.8,-2738.4,6.7,354,neighbour_says_shifted,False,post_cut,1,locality
VS003108,AC000142,AD000178,FA005,2026-05-20,1057.6,-116.9,7.0,55,address_not_traceable,False,post_cut,1,locality
VS003109,AC001355,AD001754,FA007,2026-05-20,-2593.1,-210.7,5.5,131,neighbour_says_shifted,False,post_cut,1,street
VS003110,AC002297,AD002959,FA007,2026-05-20,-2516.0,-616.0,9.4,125,locked_premises,False,post_cut,1,street
VS003111,AC000661,AD000852,FA007,2026-05-20,-2726.0,11.6,15.0,495,met_family,True,post_cut,1,locality
VS003112,AC000385,AD000489,FA007,2026-05-20,-2332.4,-294.4,9.0,60,address_not_traceable,False,post_cut,1,locality
VS003113,AC000135,AD000170,FA007,2026-05-20,-4099.7,-907.8,12.4,94,address_not_traceable,False,post_cut,1,locality
VS003114,AC001970,AD002546,FA007,2026-05-20,-2321.2,-436.0,6.8,229,locked_premises,False,post_cut,1,locality
VS003115,AC001076,AD001391,FA007,2026-05-20,-2632.1,-59.9,7.7,117,locked_premises,False,post_cut,1,locality
VS003116,AC001373,AD001776,FA007,2026-05-20,-2526.1,54.4,5.9,208,locked_premises,False,post_cut,1,locality
VS003117,AC001480,AD001908,FA007,2026-05-20,-2472.5,-37.9,25.2,35,address_not_traceable,False,post_cut,1,street
VS003118,AC001744,AD002252,FA007,2026-05-20,-2911.4,-602.0,15.7,553,met_family,True,post_cut,1,locality
VS003119,AC001314,AD001706,FA008,2026-05-20,3306.4,-2170.4,11.6,52,address_not_traceable,False,post_cut,1,locality
VS003120,AC000027,AD000031,FA008,2026-05-20,2909.8,-2443.1,7.1,525,met_family,True,post_cut,1,locality
VS003121,AC002220,AD002862,FA008,2026-05-20,3380.5,-1864.3,4.0,168,no_such_person,False,post_cut,1,street
VS003122,AC001376,AD001779,FA008,2026-05-20,3066.1,-1821.4,8.6,355,met_family,True,post_cut,1,locality
VS003123,AC001395,AD001802,FA008,2026-05-20,3252.5,-1710.0,9.4,223,locked_premises,False,post_cut,1,street
VS003124,AC002317,AD002982,FA008,2026-05-20,3058.5,-2327.1,11.7,85,locked_premises,False,post_cut,1,street
VS003125,AC000638,AD000824,FA009,2026-05-20,1652.8,-2156.9,26.5,70,address_not_traceable,False,post_cut,1,pincode
VS003126,AC000456,AD000587,FA009,2026-05-20,2319.9,-780.6,19.6,167,locked_premises,False,post_cut,27,locality
VS003127,AC001249,AD001618,FA009,2026-05-20,1082.0,-369.6,8.1,372,met_family,True,post_cut,1,locality
VS003128,AC002248,AD002896,FA009,2026-05-20,1066.6,-453.0,10.7,352,met_family,True,post_cut,1,locality
VS003129,AC002397,AD003086,FA009,2026-05-20,703.2,-867.4,21.9,368,met_family,True,post_cut,1,locality
VS003130,AC000410,AD000526,FA009,2026-05-20,2323.3,-798.7,20.4,224,met_borrower,True,post_cut,1,locality
VS003131,AC001943,AD002511,FA009,2026-05-20,-3742.0,-768.2,5.6,112,locked_premises,False,post_cut,32,pincode
VS003132,AC001669,AD002157,FA009,2026-05-20,714.7,-770.4,8.2,224,locked_premises,False,post_cut,1,locality
VS003133,AC000964,AD001248,FA009,2026-05-20,1413.1,-821.8,11.4,1382,met_borrower,True,post_cut,1,locality
VS003134,AC000652,AD000840,FA002,2026-05-21,1274.8,-1492.9,18.7,68,address_not_traceable,False,post_cut,1,pincode
VS003135,AC002174,AD002806,FA002,2026-05-21,2889.7,-1840.9,12.3,258,neighbour_says_shifted,False,post_cut,1,locality
VS003136,AC000608,AD000785,FA002,2026-05-21,1399.0,-1977.5,6.3,83,address_not_traceable,False,post_cut,1,pincode
VS003137,AC001830,AD002362,FA002,2026-05-21,2514.6,-2136.2,13.8,798,met_borrower,True,post_cut,1,locality
VS003138,AC000442,AD000569,FA002,2026-05-21,2630.8,-2388.3,11.2,58,address_not_traceable,False,post_cut,1,locality
VS003139,AC000858,AD001107,FA002,2026-05-21,1554.5,-1724.8,11.2,106,address_not_traceable,False,post_cut,1,pincode
VS003140,AC002086,AD002691,FA002,2026-05-21,3110.3,-2093.7,14.0,494,met_family,True,post_cut,1,pincode
VS003141,AC000154,AD000193,FA002,2026-05-21,1656.3,-1133.6,14.2,173,no_such_person,False,post_cut,1,pincode
VS003142,AC000918,AD001186,FA002,2026-05-21,2828.3,-1997.5,12.6,1283,met_borrower,True,post_cut,1,locality
VS003143,AC001218,AD001581,FA002,2026-05-21,2712.5,-1838.9,4.7,215,met_family,True,post_cut,1,street
VS003144,AC001447,AD001867,FA001,2026-05-21,2718.1,1409.7,9.6,172,no_such_person,False,post_cut,1,street
VS003145,AC000089,AD000111,FA001,2026-05-21,2614.7,1029.0,16.7,78,address_not_traceable,False,post_cut,1,locality
VS003146,AC000751,AD000969,FA001,2026-05-21,2199.2,992.4,17.6,126,locked_premises,False,post_cut,1,locality
VS003147,AC001733,AD002240,FA001,2026-05-21,1147.2,-3038.0,10.7,141,locked_premises,False,post_cut,1,locality
VS003148,AC001834,AD002367,FA001,2026-05-21,2181.7,959.3,9.1,452,met_family,True,post_cut,1,locality
VS003149,AC000972,AD001257,FA001,2026-05-21,2319.9,1438.9,6.1,526,met_family,True,post_cut,1,locality
VS003150,AC002129,AD002744,FA001,2026-05-21,2155.6,890.5,7.0,1463,met_borrower,True,post_cut,1,locality
VS003151,AC001785,AD002304,FA003,2026-05-21,2700.3,-2189.0,11.6,116,address_not_traceable,False,post_cut,1,locality
VS003152,AC000375,AD000475,FA003,2026-05-21,2586.5,-2237.1,5.4,1242,met_borrower,True,post_cut,1,locality
VS003153,AC000746,AD000963,FA003,2026-05-21,1423.0,-1587.6,4.5,47,address_not_traceable,False,post_cut,1,pincode
VS003154,AC001368,AD001770,FA003,2026-05-21,2503.3,-2353.0,8.2,872,met_borrower,True,post_cut,1,locality
VS003155,AC001787,AD002306,FA003,2026-05-21,2705.3,-1820.1,15.5,385,met_family,True,post_cut,1,locality
VS003156,AC000743,AD000959,FA003,2026-05-21,2925.5,-2722.3,25.3,347,neighbour_says_shifted,False,post_cut,1,locality
VS003157,AC000654,AD000843,FA003,2026-05-21,2732.8,-2595.5,24.4,330,neighbour_says_shifted,False,post_cut,1,pincode
VS003158,AC001647,AD002124,FA003,2026-05-21,2358.8,-2342.8,7.5,504,met_family,True,post_cut,1,locality
VS003159,AC000418,AD000538,FA006,2026-05-21,1282.1,-1759.1,15.4,515,met_family,True,post_cut,1,locality
VS003160,AC001353,AD001752,FA006,2026-05-21,1460.1,-2276.7,10.3,372,neighbour_says_shifted,False,post_cut,1,locality
VS003161,AC002308,AD002973,FA006,2026-05-21,940.8,-2369.3,16.4,95,locked_premises,False,post_cut,1,pincode
VS003162,AC001151,AD001495,FA006,2026-05-21,1275.2,-1850.3,9.6,428,met_family,True,post_cut,1,pincode
VS003163,AC000787,AD001013,FA006,2026-05-21,1349.2,-2081.7,21.0,204,no_such_person,False,post_cut,1,street
VS003164,AC001597,AD002059,FA006,2026-05-21,1213.6,-2023.3,11.8,251,no_such_person,False,post_cut,1,locality
VS003165,AC001997,AD002576,FA006,2026-05-21,1446.4,-2343.3,4.0,162,locked_premises,False,post_cut,1,locality
VS003166,AC001343,AD001741,FA006,2026-05-21,1571.2,-1874.4,11.3,349,met_family,True,post_cut,1,locality
VS003167,AC001363,AD001765,FA004,2026-05-21,2313.7,-1098.7,12.3,70,locked_premises,False,post_cut,1,locality
VS003168,AC000120,AD000150,FA004,2026-05-21,2587.5,-1226.2,15.8,163,locked_premises,False,post_cut,1,locality
VS003169,AC002293,AD002953,FA004,2026-05-21,668.9,-1422.9,9.5,78,address_not_traceable,False,post_cut,1,pincode
VS003170,AC000595,AD000768,FA004,2026-05-21,2661.7,-1608.6,9.0,1357,met_borrower,True,post_cut,1,locality
VS003171,AC000617,AD000797,FA004,2026-05-21,2496.0,-1128.0,11.6,162,locked_premises,False,post_cut,1,locality
VS003172,AC000388,AD000495,FA004,2026-05-21,2473.1,-1456.7,13.6,112,address_not_traceable,False,post_cut,1,locality
VS003173,AC000878,AD001133,FA004,2026-05-21,2392.7,-1241.4,27.3,183,locked_premises,False,post_cut,1,locality
VS003174,AC001437,AD001855,FA004,2026-05-21,2446.1,-1204.7,6.6,718,met_borrower,True,post_cut,1,locality
VS003175,AC002389,AD003077,FA004,2026-05-21,2922.0,-1524.9,9.5,1220,met_borrower,True,post_cut,1,locality
VS003176,AC002148,AD002772,FA004,2026-05-21,2526.2,-929.0,8.0,168,locked_premises,False,post_cut,1,locality
VS003177,AC000282,AD000355,FA005,2026-05-21,692.6,-3298.6,5.8,1053,met_borrower,True,post_cut,1,locality
VS003178,AC001150,AD001493,FA005,2026-05-21,659.5,-2905.3,7.4,367,met_family,True,post_cut,1,locality
VS003179,AC000952,AD001232,FA005,2026-05-21,370.9,-2842.5,8.9,476,met_borrower,True,post_cut,1,locality
VS003180,AC000112,AD000141,FA005,2026-05-21,1596.8,-1694.4,15.5,82,address_not_traceable,False,post_cut,1,pincode
VS003181,AC000715,AD000924,FA005,2026-05-21,471.9,-2780.5,4.0,340,met_borrower,True,post_cut,1,locality
VS003182,AC000056,AD000069,FA005,2026-05-21,713.0,-3440.1,5.8,480,met_family,True,post_cut,1,locality
VS003183,AC001388,AD001794,FA005,2026-05-21,445.8,-2847.6,6.2,40,address_not_traceable,False,post_cut,1,locality
VS003184,AC000140,AD000176,FA005,2026-05-21,906.3,-2970.3,16.2,63,address_not_traceable,False,post_cut,1,locality
VS003185,AC001602,AD002064,FA005,2026-05-21,106.1,-2982.3,6.0,217,locked_premises,False,post_cut,1,locality
VS003186,AC001862,AD002401,FA005,2026-05-21,612.2,-3491.8,7.9,173,locked_premises,False,post_cut,1,locality
VS003187,AC001430,AD001845,FA009,2026-05-21,-3727.9,-764.3,9.0,153,locked_premises,False,post_cut,26,locality
VS003188,AC001175,AD001524,FA009,2026-05-21,4311.0,184.1,12.4,70,locked_premises,False,post_cut,1,locality
VS003189,AC001656,AD002139,FA009,2026-05-21,-3792.1,-704.8,12.8,857,met_borrower,True,post_cut,1,locality
VS003190,AC000113,AD000142,FA009,2026-05-21,3912.3,805.3,5.9,771,met_borrower,True,post_cut,1,street
VS003191,AC001404,AD001812,FA009,2026-05-21,3837.1,597.9,10.5,178,locked_premises,False,post_cut,1,locality
VS003192,AC002016,AD002603,FA009,2026-05-21,3745.7,92.6,8.2,233,locked_premises,False,post_cut,1,pincode
VS003193,AC001461,AD001885,FA009,2026-05-21,824.3,-212.8,11.5,48,address_not_traceable,False,post_cut,1,pincode
VS003194,AC001350,AD001748,FA009,2026-05-21,3899.1,139.2,9.6,147,locked_premises,False,post_cut,1,locality
VS003195,AC000201,AD000252,FA007,2026-05-21,3518.8,482.8,10.9,30,address_not_traceable,False,post_cut,1,locality
VS003196,AC000659,AD000850,FA007,2026-05-21,3761.8,220.1,4.0,72,locked_premises,False,post_cut,1,locality
VS003197,AC001488,AD001920,FA007,2026-05-21,3438.2,598.0,14.8,157,locked_premises,False,post_cut,1,locality
VS003198,AC001536,AD001977,FA007,2026-05-21,3708.4,474.0,18.8,401,met_family,True,post_cut,1,locality
VS003199,AC001394,AD001801,FA007,2026-05-21,3561.0,674.4,5.0,117,address_not_traceable,False,post_cut,1,locality
VS003200,AC000432,AD000556,FA007,2026-05-21,3824.9,208.4,6.2,218,met_family,True,post_cut,1,locality
VS003201,AC001212,AD001574,FA007,2026-05-21,3922.4,-22.6,33.8,36,address_not_traceable,False,post_cut,1,street
VS003202,AC000808,AD001040,FA008,2026-05-21,869.6,-1117.6,6.9,1082,met_borrower,True,post_cut,1,street
VS003203,AC002118,AD002730,FA008,2026-05-21,2540.7,-1851.9,6.3,107,address_not_traceable,False,post_cut,1,pincode
VS003204,AC002024,AD002614,FA008,2026-05-21,675.1,-799.5,12.6,242,neighbour_says_shifted,False,post_cut,1,locality
VS003205,AC000609,AD000787,FA008,2026-05-21,1077.0,-1178.0,6.4,150,locked_premises,False,post_cut,1,rooftop
VS003206,AC000464,AD000596,FA008,2026-05-21,1245.3,-586.5,9.9,40,address_not_traceable,False,post_cut,1,locality
VS003207,AC000926,AD001197,FA008,2026-05-21,1199.8,-458.9,8.0,111,address_not_traceable,False,post_cut,1,locality
VS003208,AC000443,AD000570,FA008,2026-05-21,779.6,-777.0,4.5,42,address_not_traceable,False,post_cut,1,locality
VS003209,AC002256,AD002905,FA008,2026-05-21,635.5,-817.8,9.0,81,address_not_traceable,False,post_cut,1,locality
VS003210,AC002252,AD002901,FA008,2026-05-21,854.2,-1179.2,4.3,564,met_family,True,post_cut,1,street
VS003211,AC001893,AD002445,FA008,2026-05-21,810.0,-944.3,9.8,116,address_not_traceable,False,post_cut,1,locality
VS003212,AC001963,AD002537,FA001,2026-05-22,2782.2,-2486.9,4.1,69,address_not_traceable,False,post_cut,1,pincode
VS003213,AC000227,AD000287,FA001,2026-05-22,2779.3,-2405.5,5.4,94,locked_premises,False,post_cut,1,locality
VS003214,AC000413,AD000529,FA001,2026-05-22,2816.5,-2100.7,9.6,584,met_family,True,post_cut,1,locality
VS003215,AC001739,AD002247,FA001,2026-05-22,1977.6,-553.0,9.0,57,address_not_traceable,False,post_cut,1,locality
VS003216,AC000091,AD000114,FA001,2026-05-22,2665.5,-1864.0,16.6,510,met_borrower,True,post_cut,1,street
VS003217,AC001217,AD001579,FA001,2026-05-22,2491.5,-2384.7,17.3,97,address_not_traceable,False,post_cut,1,street
VS003218,AC002272,AD002925,FA001,2026-05-22,2573.4,-1986.4,8.2,178,locked_premises,False,post_cut,1,locality
VS003219,AC002137,AD002757,FA001,2026-05-22,2368.0,-2152.3,11.4,202,locked_premises,False,post_cut,1,street
VS003220,AC001999,AD002579,FA003,2026-05-22,-2014.8,-2599.9,7.1,981,met_borrower,True,post_cut,1,locality
VS003221,AC000137,AD000172,FA003,2026-05-22,-2154.2,-2638.4,7.7,834,met_borrower,True,post_cut,1,locality
VS003222,AC001796,AD002317,FA003,2026-05-22,-2241.2,-2186.2,9.5,425,met_family,True,post_cut,1,locality
VS003223,AC000466,AD000599,FA003,2026-05-22,-1168.1,-2341.2,8.0,32,address_not_traceable,False,post_cut,1,pincode
VS003224,AC001032,AD001335,FA003,2026-05-22,868.7,-2937.9,12.7,153,locked_premises,False,post_cut,1,locality
VS003225,AC000763,AD000984,FA003,2026-05-22,-2387.8,-2247.0,9.8,576,met_family,True,post_cut,1,locality
VS003226,AC001992,AD002571,FA003,2026-05-22,-2132.8,-2396.2,20.6,502,met_family,True,post_cut,1,rooftop
VS003227,AC001688,AD002183,FA003,2026-05-22,-2328.4,-2415.5,13.4,73,address_not_traceable,False,post_cut,1,locality
VS003228,AC001336,AD001732,FA003,2026-05-22,-2019.8,-2742.0,6.4,503,met_family,True,post_cut,1,street
VS003229,AC000958,AD001240,FA002,2026-05-22,1581.5,-299.4,21.2,198,no_such_person,False,post_cut,1,locality
VS003230,AC000610,AD000788,FA002,2026-05-22,1337.0,-289.9,7.5,73,address_not_traceable,False,post_cut,1,locality
VS003231,AC000384,AD000488,FA002,2026-05-22,1234.5,223.1,14.0,277,neighbour_says_shifted,False,post_cut,1,pincode
VS003232,AC000804,AD001035,FA002,2026-05-22,1024.3,-608.0,8.9,760,cash_collected,True,post_cut,1,locality
VS003233,AC000196,AD000247,FA002,2026-05-22,-1671.6,1590.0,11.7,98,address_not_traceable,False,post_cut,2,pincode
VS003234,AC001600,AD002062,FA002,2026-05-22,910.7,-92.7,8.7,242,met_family,True,post_cut,1,locality
VS003235,AC002225,AD003094,FA002,2026-05-22,890.9,-178.9,6.1,1067,cash_collected,True,post_cut,1,locality
VS003236,AC002362,AD003042,FA002,2026-05-22,1389.8,32.6,10.9,101,address_not_traceable,False,post_cut,1,locality
VS003237,AC002329,AD002995,FA002,2026-05-22,1011.3,240.1,5.2,334,neighbour_says_shifted,False,post_cut,1,locality
VS003238,AC000327,AD000412,FA005,2026-05-22,1370.5,-2139.2,16.4,158,locked_premises,False,post_cut,1,street
VS003239,AC000666,AD000860,FA005,2026-05-22,1402.3,-1776.7,4.0,186,locked_premises,False,post_cut,1,locality
VS003240,AC001720,AD002225,FA005,2026-05-22,-895.9,-347.3,7.8,377,neighbour_says_shifted,False,post_cut,1,locality
VS003241,AC001621,AD002091,FA005,2026-05-22,1767.7,-2196.3,4.0,183,no_such_person,False,post_cut,1,locality
VS003242,AC000747,AD000964,FA005,2026-05-22,1075.8,-1905.7,12.2,125,locked_premises,False,post_cut,1,locality
VS003243,AC000266,AD000337,FA005,2026-05-22,1554.5,-2000.2,7.2,808,met_borrower,True,post_cut,1,street
VS003244,AC001890,AD002440,FA005,2026-05-22,1122.6,-1815.9,5.7,305,met_family,True,post_cut,1,pincode
VS003245,AC001761,AD002272,FA006,2026-05-22,3039.8,371.7,14.9,52,address_not_traceable,False,post_cut,1,locality
VS003246,AC002133,AD002751,FA006,2026-05-22,3080.5,447.0,8.1,315,met_family,True,post_cut,1,locality
VS003247,AC001331,AD001726,FA006,2026-05-22,2921.2,890.9,10.8,157,locked_premises,False,post_cut,1,street
VS003248,AC001319,AD001712,FA006,2026-05-22,3001.7,781.0,11.4,157,locked_premises,False,post_cut,1,locality
VS003249,AC000969,AD001254,FA006,2026-05-22,2723.1,267.4,4.7,329,met_family,True,post_cut,1,street
VS003250,AC002229,AD002872,FA006,2026-05-22,3254.0,284.6,14.8,445,met_family,True,post_cut,1,locality
VS003251,AC001989,AD002568,FA006,2026-05-22,3168.2,343.8,10.2,90,no_such_person,False,post_cut,1,locality
VS003252,AC001158,AD001503,FA004,2026-05-22,2887.1,-1496.2,7.6,363,neighbour_says_shifted,False,post_cut,1,street
VS003253,AC001506,AD001944,FA004,2026-05-22,2496.8,-697.2,6.5,119,locked_premises,False,post_cut,1,locality
VS003254,AC001296,AD001683,FA004,2026-05-22,2698.5,-1371.1,6.6,170,locked_premises,False,post_cut,1,locality
VS003255,AC001965,AD002540,FA004,2026-05-22,2476.3,-1583.8,10.4,531,met_borrower,True,post_cut,1,locality
VS003256,AC002398,AD003087,FA004,2026-05-22,2517.2,-1329.5,8.0,160,no_such_person,False,post_cut,1,locality
VS003257,AC001117,AD001450,FA004,2026-05-22,2483.3,-1042.6,20.1,156,neighbour_says_shifted,False,post_cut,1,street
VS003258,AC001531,AD001971,FA004,2026-05-22,2326.4,-1441.0,4.0,47,address_not_traceable,False,post_cut,1,locality
VS003259,AC001753,AD002262,FA004,2026-05-22,2607.3,-1668.2,5.7,1492,met_borrower,True,post_cut,1,locality
VS003260,AC000758,AD000978,FA007,2026-05-22,-1177.8,-604.3,18.4,328,neighbour_says_shifted,False,post_cut,1,locality
VS003261,AC001746,AD002254,FA007,2026-05-22,-503.9,-333.1,7.8,744,cash_collected,True,post_cut,1,street
VS003262,AC000078,AD000099,FA007,2026-05-22,-344.8,-432.1,7.7,258,met_family,True,post_cut,1,locality
VS003263,AC000709,AD000915,FA007,2026-05-22,-974.1,-1680.8,8.0,96,address_not_traceable,False,post_cut,1,locality
VS003264,AC000980,AD001268,FA007,2026-05-22,-540.1,-769.4,12.6,494,cash_collected,True,post_cut,1,locality
VS003265,AC002067,AD002667,FA007,2026-05-22,-695.5,-425.5,8.2,84,address_not_traceable,False,post_cut,1,locality
VS003266,AC000277,AD000348,FA007,2026-05-22,-800.4,-726.7,9.9,100,address_not_traceable,False,post_cut,1,locality
VS003267,AC000663,AD000856,FA007,2026-05-22,-712.4,-354.5,12.0,37,address_not_traceable,False,post_cut,1,locality
VS003268,AC001203,AD001563,FA007,2026-05-22,-719.4,-752.2,5.9,120,locked_premises,False,post_cut,1,locality
VS003269,AC000158,AD000197,FA009,2026-05-22,-2699.5,-152.7,9.6,217,met_family,True,post_cut,1,locality
VS003270,AC000838,AD001079,FA009,2026-05-22,-2454.9,-94.7,7.5,407,met_family,True,post_cut,1,rooftop
VS003271,AC001987,AD002566,FA009,2026-05-22,-2628.9,-101.1,7.4,128,locked_premises,False,post_cut,1,locality
VS003272,AC001727,AD002233,FA009,2026-05-22,-3740.8,-782.5,5.9,206,locked_premises,False,post_cut,32,street
VS003273,AC000481,AD000617,FA009,2026-05-22,2334.3,-787.0,12.2,92,met_family,True,post_cut,1,locality
VS003274,AC001031,AD001333,FA009,2026-05-22,-2570.2,-363.7,24.6,154,no_such_person,False,post_cut,1,locality
VS003275,AC000559,AD000721,FA009,2026-05-22,-3742.1,-767.3,4.6,135,met_family,True,post_cut,28,locality
VS003276,AC001141,AD001481,FA008,2026-05-22,2869.7,-1811.6,13.9,106,locked_premises,False,post_cut,1,locality
VS003277,AC000641,AD000828,FA008,2026-05-22,-2242.3,-1679.5,19.2,32,address_not_traceable,False,post_cut,1,pincode
VS003278,AC002042,AD002635,FA008,2026-05-22,1284.0,711.6,10.0,98,met_family,True,post_cut,2,locality
VS003279,AC002162,AD002791,FA008,2026-05-22,-173.2,239.0,6.2,54,address_not_traceable,False,post_cut,1,pincode
VS003280,AC000983,AD001272,FA008,2026-05-22,3122.7,-2334.1,19.2,1122,met_borrower,True,post_cut,1,locality
VS003281,AC002104,AD002714,FA008,2026-05-22,2871.0,-1949.5,21.4,75,address_not_traceable,False,post_cut,1,locality
VS003282,AC002331,AD002997,FA008,2026-05-22,1273.8,685.3,9.7,117,address_not_traceable,False,post_cut,1,locality
VS003283,AC001498,AD001934,FA008,2026-05-22,-2998.7,-721.4,9.2,382,neighbour_says_shifted,False,post_cut,1,locality
VS003284,AC001078,AD001394,FA008,2026-05-22,2871.8,-2065.6,17.6,92,address_not_traceable,False,post_cut,1,locality
VS003285,AC000864,AD001116,FA008,2026-05-22,3114.7,-1943.0,4.4,493,met_family,True,post_cut,1,locality
VS003286,AC001900,AD002457,FA003,2026-05-23,2969.5,-2179.7,7.3,115,address_not_traceable,False,post_cut,1,locality
VS003287,AC001033,AD001336,FA003,2026-05-23,2682.3,-1794.1,11.4,129,locked_premises,False,post_cut,1,locality
VS003288,AC002033,AD002623,FA003,2026-05-23,1435.0,-794.2,7.9,43,address_not_traceable,False,post_cut,1,pincode
VS003289,AC000310,AD000389,FA003,2026-05-23,887.8,-1185.4,18.8,118,address_not_traceable,False,post_cut,1,pincode
VS003290,AC001865,AD002404,FA003,2026-05-23,2946.1,-1934.5,15.3,31,address_not_traceable,False,post_cut,1,locality
VS003291,AC001392,AD001799,FA003,2026-05-23,3204.5,-2176.6,22.3,790,met_borrower,True,post_cut,1,locality
VS003292,AC000629,AD000813,FA003,2026-05-23,3038.5,-2306.4,9.7,192,locked_premises,False,post_cut,1,street
VS003293,AC001424,AD001836,FA002,2026-05-23,-3142.5,1062.4,14.0,37,address_not_traceable,False,post_cut,1,locality
VS003294,AC000038,AD000047,FA002,2026-05-23,-2461.3,1200.5,8.1,163,locked_premises,False,post_cut,1,locality
VS003295,AC000504,AD000649,FA002,2026-05-23,-2513.4,929.0,8.7,182,no_such_person,False,post_cut,1,street
VS003296,AC001942,AD002510,FA002,2026-05-23,-1708.0,2664.6,20.8,63,address_not_traceable,False,post_cut,1,locality
VS003297,AC001507,AD001945,FA002,2026-05-23,-3016.4,713.6,15.4,221,no_such_person,False,post_cut,1,locality
VS003298,AC001909,AD002468,FA002,2026-05-23,-3066.6,1493.4,10.0,244,neighbour_says_shifted,False,post_cut,1,locality
VS003299,AC002191,AD002828,FA002,2026-05-23,-1060.1,1375.3,22.3,76,address_not_traceable,False,post_cut,1,pincode
VS003300,AC001400,AD001808,FA001,2026-05-23,968.6,-3197.7,4.0,235,met_family,True,post_cut,1,locality
VS003301,AC000294,AD000369,FA001,2026-05-23,667.9,-3037.8,10.6,187,met_family,True,post_cut,1,locality
VS003302,AC001971,AD002548,FA001,2026-05-23,696.5,-2940.3,10.1,467,met_family,True,post_cut,1,street
VS003303,AC002327,AD002993,FA001,2026-05-23,659.8,-3353.3,9.5,99,address_not_traceable,False,post_cut,1,locality
VS003304,AC001759,AD002270,FA001,2026-05-23,607.5,-2860.4,7.8,871,met_borrower,True,post_cut,1,locality
VS003305,AC001116,AD001449,FA001,2026-05-23,1162.5,-1493.2,4.0,43,address_not_traceable,False,post_cut,1,pincode
VS003306,AC000100,AD000126,FA001,2026-05-23,916.7,-3215.8,11.7,289,no_such_person,False,post_cut,1,locality
VS003307,AC001545,AD001991,FA001,2026-05-23,335.6,-3277.5,13.7,207,met_family,True,post_cut,1,locality
VS003308,AC001936,AD002502,FA001,2026-05-23,939.4,-3438.0,5.2,286,met_family,True,post_cut,1,street
VS003309,AC000821,AD001057,FA001,2026-05-23,1082.3,-2882.0,11.5,195,met_family,True,post_cut,1,locality
VS003310,AC002303,AD002966,FA004,2026-05-23,418.8,2576.3,16.1,1412,met_borrower,True,post_cut,1,locality
VS003311,AC001705,AD002206,FA004,2026-05-23,931.3,2766.7,6.4,55,address_not_traceable,False,post_cut,1,locality
VS003312,AC001596,AD002057,FA004,2026-05-23,1761.0,2371.9,4.6,102,address_not_traceable,False,post_cut,1,pincode
VS003313,AC001747,AD002255,FA004,2026-05-23,889.8,2722.7,6.2,59,address_not_traceable,False,post_cut,1,locality
VS003314,AC001277,AD001654,FA004,2026-05-23,1102.0,2386.9,16.6,142,neighbour_says_shifted,False,post_cut,1,locality
VS003315,AC001529,AD003098,FA004,2026-05-23,756.5,3078.5,7.0,144,locked_premises,False,post_cut,1,locality
VS003316,AC000164,AD000204,FA004,2026-05-23,982.7,2520.6,5.1,458,met_borrower,True,post_cut,1,locality
VS003317,AC001925,AD002488,FA004,2026-05-23,996.9,-364.3,11.1,1370,met_borrower,True,post_cut,1,locality
VS003318,AC001399,AD001807,FA004,2026-05-23,1030.7,3130.9,11.7,208,met_family,True,post_cut,1,street
VS003319,AC002094,AD002701,FA004,2026-05-23,802.0,2944.6,20.4,245,no_such_person,False,post_cut,1,pincode
VS003320,AC001288,AD001673,FA005,2026-05-23,1115.4,-1768.1,17.4,198,no_such_person,False,post_cut,1,street
VS003321,AC001907,AD002466,FA005,2026-05-23,1864.7,-2110.4,4.1,530,met_family,True,post_cut,1,locality
VS003322,AC002141,AD002763,FA005,2026-05-23,1814.4,-2197.8,8.7,912,met_borrower,True,post_cut,1,locality
VS003323,AC000493,AD000634,FA005,2026-05-23,1819.2,-1481.0,9.5,183,locked_premises,False,post_cut,1,locality
VS003324,AC001604,AD002066,FA005,2026-05-23,1418.9,-2285.7,4.3,99,locked_premises,False,post_cut,1,locality
VS003325,AC000349,AD000444,FA005,2026-05-23,2677.3,-1694.3,9.4,341,neighbour_says_shifted,False,post_cut,1,pincode
VS003326,AC001147,AD001489,FA005,2026-05-23,1272.8,-1767.9,7.4,373,neighbour_says_shifted,False,post_cut,1,locality
VS003327,AC000374,AD000473,FA005,2026-05-23,1408.2,-1889.5,6.5,224,met_family,True,post_cut,1,locality
VS003328,AC001637,AD002112,FA006,2026-05-23,-365.5,3278.7,16.1,320,met_family,True,post_cut,1,street
VS003329,AC001813,AD002341,FA006,2026-05-23,-754.9,2734.2,7.7,365,met_family,True,post_cut,1,locality
VS003330,AC001676,AD002166,FA006,2026-05-23,-949.5,3026.7,9.0,272,neighbour_says_shifted,False,post_cut,1,locality
VS003331,AC000159,AD000198,FA006,2026-05-23,-495.9,3201.9,9.4,1147,met_borrower,True,post_cut,1,locality
VS003332,AC000070,AD000088,FA006,2026-05-23,-465.3,3183.3,11.5,73,locked_premises,False,post_cut,1,street
VS003333,AC000224,AD000284,FA006,2026-05-23,-456.1,3047.7,12.6,367,neighbour_says_shifted,False,post_cut,1,street
VS003334,AC002254,AD002903,FA009,2026-05-23,-2251.1,1658.1,10.9,317,neighbour_says_shifted,False,post_cut,1,street
VS003335,AC002090,AD002696,FA009,2026-05-23,2325.9,-766.6,5.7,118,address_not_traceable,False,post_cut,28,locality
VS003336,AC000937,AD001212,FA009,2026-05-23,2322.8,-772.6,4.0,129,locked_premises,False,post_cut,28,pincode
VS003337,AC001105,AD001436,FA009,2026-05-23,2316.2,-746.1,19.7,230,locked_premises,False,post_cut,26,locality
VS003338,AC000942,AD001220,FA009,2026-05-23,2321.8,-775.7,19.0,106,locked_premises,False,post_cut,1,locality
VS003339,AC001451,AD001872,FA009,2026-05-23,-2228.2,393.9,14.3,114,address_not_traceable,False,post_cut,1,locality
VS003340,AC001873,AD002415,FA007,2026-05-23,-2725.9,-23.8,6.7,194,met_family,True,post_cut,1,street
VS003341,AC000737,AD000950,FA007,2026-05-23,-3042.8,-231.3,13.1,1156,met_borrower,True,post_cut,1,locality
VS003342,AC002056,AD002655,FA007,2026-05-23,-3001.7,64.0,11.5,217,met_family,True,post_cut,1,street
VS003343,AC002312,AD002977,FA007,2026-05-23,-2660.8,-495.1,4.0,566,met_family,True,post_cut,1,locality
VS003344,AC001106,AD001437,FA007,2026-05-23,-2157.6,-509.1,13.6,579,met_family,True,post_cut,1,locality
VS003345,AC002006,AD002590,FA007,2026-05-23,-2319.8,-267.5,6.5,149,no_such_person,False,post_cut,1,locality
VS003346,AC000228,AD000288,FA007,2026-05-23,-3059.1,-561.7,7.7,206,no_such_person,False,post_cut,1,locality
VS003347,AC001950,AD002522,FA007,2026-05-23,-2405.5,-92.9,11.3,289,no_such_person,False,post_cut,1,locality
VS003348,AC000731,AD000943,FA007,2026-05-23,-2594.8,-473.2,8.7,219,met_family,True,post_cut,1,locality
VS003349,AC000063,AD000078,FA007,2026-05-23,-2499.3,-166.9,8.9,160,locked_premises,False,post_cut,1,locality
VS003350,AC001567,AD002023,FA008,2026-05-23,-2841.3,1707.2,15.0,447,met_family,True,post_cut,1,locality
VS003351,AC001216,AD001578,FA008,2026-05-23,-2219.1,1724.0,9.0,413,met_family,True,post_cut,1,locality
VS003352,AC001724,AD002229,FA008,2026-05-23,-2353.5,1311.1,33.9,189,locked_premises,False,post_cut,1,street
VS003353,AC000381,AD000484,FA008,2026-05-23,-2033.2,1682.4,14.1,216,locked_premises,False,post_cut,1,locality
VS003354,AC000805,AD001036,FA008,2026-05-23,-2334.9,1811.3,9.3,152,locked_premises,False,post_cut,1,locality
VS003355,AC002323,AD002989,FA008,2026-05-23,-2628.9,1730.9,9.0,671,met_borrower,True,post_cut,1,street
VS003356,AC001132,AD001469,FA008,2026-05-23,-2617.8,1438.0,9.1,381,met_family,True,post_cut,1,locality
VS003357,AC001861,AD002400,FA008,2026-05-23,-2397.4,1721.0,10.5,118,address_not_traceable,False,post_cut,1,locality
VS003358,AC001185,AD001540,FA008,2026-05-23,-2370.9,1808.8,4.0,1287,met_borrower,True,post_cut,1,street
VS003359,AC001103,AD001433,FA001,2026-05-25,2748.6,-2448.5,11.5,224,met_family,True,post_cut,1,street
VS003360,AC000953,AD001233,FA001,2026-05-25,3156.8,-2461.5,14.2,68,address_not_traceable,False,post_cut,1,locality
VS003361,AC000506,AD000652,FA001,2026-05-25,2861.7,-2282.9,6.5,230,met_family,True,post_cut,1,locality
VS003362,AC000517,AD000667,FA001,2026-05-25,2857.6,-2148.6,8.2,45,address_not_traceable,False,post_cut,1,locality
VS003363,AC001348,AD001746,FA001,2026-05-25,3000.3,-2183.9,10.0,1234,met_borrower,True,post_cut,1,locality
VS003364,AC000955,AD001236,FA001,2026-05-25,2967.3,-2627.1,10.0,1335,met_borrower,True,post_cut,1,locality
VS003365,AC000741,AD000955,FA001,2026-05-25,3118.6,-1932.9,6.1,221,locked_premises,False,post_cut,1,locality
VS003366,AC000814,AD001047,FA001,2026-05-25,2788.5,-1578.8,14.1,76,address_not_traceable,False,post_cut,1,street
VS003367,AC000110,AD000138,FA002,2026-05-25,643.0,-3067.8,12.3,528,met_borrower,True,post_cut,1,street
VS003368,AC001126,AD001462,FA002,2026-05-25,964.0,-3342.5,8.6,1029,met_borrower,True,post_cut,1,locality
VS003369,AC000475,AD000608,FA002,2026-05-25,926.1,-3316.5,16.4,474,met_family,True,post_cut,1,locality
VS003370,AC000726,AD000936,FA002,2026-05-25,1089.5,-3014.5,5.1,1125,met_borrower,True,post_cut,1,locality
VS003371,AC001532,AD001972,FA002,2026-05-25,672.1,-2928.1,19.8,499,met_borrower,True,post_cut,1,street
VS003372,AC000840,AD001083,FA002,2026-05-25,760.1,-3306.8,4.3,194,neighbour_says_shifted,False,post_cut,1,street
VS003373,AC001685,AD002179,FA002,2026-05-25,1376.5,-1597.3,13.4,60,address_not_traceable,False,post_cut,1,pincode
VS003374,AC002034,AD002624,FA002,2026-05-25,531.0,-3473.8,10.1,85,locked_premises,False,post_cut,1,locality
VS003375,AC001599,AD002061,FA002,2026-05-25,790.9,-2987.4,10.8,158,locked_premises,False,post_cut,1,street
VS003376,AC000484,AD000623,FA003,2026-05-25,2240.0,1218.3,11.6,168,locked_premises,False,post_cut,1,locality
VS003377,AC000712,AD000919,FA003,2026-05-25,3038.2,-2551.4,6.6,1011,met_borrower,True,post_cut,1,locality
VS003378,AC000557,AD000719,FA003,2026-05-25,2758.2,-1835.1,28.2,294,neighbour_says_shifted,False,post_cut,1,locality
VS003379,AC000246,AD000309,FA003,2026-05-25,2764.5,-1793.2,12.8,1264,met_borrower,True,post_cut,1,locality
VS003380,AC000971,AD001256,FA003,2026-05-25,3327.4,-2013.0,16.0,257,no_such_person,False,post_cut,1,locality
VS003381,AC002336,AD003004,FA003,2026-05-25,2992.2,-2512.6,4.0,213,met_family,True,post_cut,1,locality
VS003382,AC000408,AD000524,FA003,2026-05-25,2883.3,-1689.0,6.0,408,met_family,True,post_cut,1,street
VS003383,AC001806,AD002332,FA003,2026-05-25,3128.9,-2094.1,8.2,1099,met_borrower,True,post_cut,1,pincode
VS003384,AC001408,AD003099,FA003,2026-05-25,2715.7,-2250.2,4.0,558,met_family,True,post_cut,1,locality
VS003385,AC002065,AD002664,FA004,2026-05-25,1222.4,-2400.0,17.5,73,locked_premises,False,post_cut,1,street
VS003386,AC002185,AD002821,FA004,2026-05-25,1283.1,-2534.2,20.0,967,met_borrower,True,post_cut,1,locality
VS003387,AC000138,AD000173,FA004,2026-05-25,1421.4,-2342.4,6.7,1283,met_borrower,True,post_cut,1,locality
VS003388,AC002062,AD002661,FA004,2026-05-25,1768.8,-1740.0,9.9,214,met_family,True,post_cut,1,pincode
VS003389,AC002165,AD002794,FA004,2026-05-25,1593.7,-2381.1,5.4,158,locked_premises,False,post_cut,1,locality
VS003390,AC001421,AD001833,FA004,2026-05-25,1535.9,-2430.1,14.2,133,locked_premises,False,post_cut,1,locality
VS003391,AC001320,AD001714,FA004,2026-05-25,2389.3,2156.4,11.9,120,neighbour_says_shifted,False,post_cut,1,locality
VS003392,AC000435,AD000560,FA004,2026-05-25,1280.3,-2457.5,5.7,928,met_borrower,True,post_cut,1,locality
VS003393,AC000028,AD000032,FA004,2026-05-25,2103.5,-1700.1,6.1,594,met_borrower,True,post_cut,1,locality
VS003394,AC002343,AD003015,FA005,2026-05-25,957.2,2461.3,6.4,109,locked_premises,False,post_cut,1,locality
VS003395,AC002069,AD002669,FA005,2026-05-25,-832.1,430.4,4.0,94,address_not_traceable,False,post_cut,1,pincode
VS003396,AC002378,AD003060,FA005,2026-05-25,847.2,2709.4,17.6,185,locked_premises,False,post_cut,1,locality
VS003397,AC000614,AD000792,FA005,2026-05-25,1046.5,873.9,9.3,82,address_not_traceable,False,post_cut,1,locality
VS003398,AC000023,AD000027,FA005,2026-05-25,907.5,2916.2,4.5,76,locked_premises,False,post_cut,1,locality
VS003399,AC001307,AD001697,FA005,2026-05-25,832.0,3243.3,11.3,329,met_family,True,post_cut,1,street
VS003400,AC002381,AD003065,FA005,2026-05-25,661.3,2806.9,12.0,267,met_family,True,post_cut,1,locality
VS003401,AC001812,AD002339,FA005,2026-05-25,1088.4,2967.4,12.6,566,met_family,True,post_cut,1,locality
VS003402,AC000040,AD000049,FA005,2026-05-25,782.2,2401.8,16.4,595,cash_collected,True,post_cut,1,locality
VS003403,AC000656,AD000846,FA006,2026-05-25,-1881.4,-3259.6,12.1,476,met_family,True,post_cut,1,pincode
VS003404,AC001272,AD001647,FA006,2026-05-25,-1636.3,-2882.5,9.8,62,locked_premises,False,post_cut,1,locality
VS003405,AC001114,AD001447,FA006,2026-05-25,-1341.0,-2871.9,10.4,220,locked_premises,False,post_cut,1,street
VS003406,AC001651,AD002131,FA006,2026-05-25,-1626.6,-2357.4,6.6,37,address_not_traceable,False,post_cut,1,locality
VS003407,AC000155,AD000194,FA006,2026-05-25,-812.1,-1223.1,6.6,91,address_not_traceable,False,post_cut,1,pincode
VS003408,AC000301,AD000379,FA006,2026-05-25,-2111.5,-2652.7,9.7,1391,met_borrower,True,post_cut,1,locality
VS003409,AC002278,AD002932,FA007,2026-05-25,-619.4,-3434.1,5.6,178,no_such_person,False,post_cut,1,locality
VS003410,AC001172,AD001520,FA007,2026-05-25,-617.4,-3693.6,11.2,426,met_family,True,post_cut,1,street
VS003411,AC000447,AD000576,FA007,2026-05-25,-477.1,-3675.9,5.5,103,locked_premises,False,post_cut,1,locality
VS003412,AC000474,AD000607,FA007,2026-05-25,-862.8,-3920.9,4.0,98,locked_premises,False,post_cut,1,locality
VS003413,AC001072,AD001386,FA007,2026-05-25,-403.1,-3393.0,7.2,189,neighbour_says_shifted,False,post_cut,1,locality
VS003414,AC001251,AD001620,FA007,2026-05-25,-16.4,-3361.7,20.9,587,met_family,True,post_cut,1,locality
VS003415,AC000205,AD000258,FA007,2026-05-25,-1954.1,-1730.2,6.8,108,address_not_traceable,False,post_cut,1,pincode
VS003416,AC000941,AD001219,FA007,2026-05-25,686.8,-3477.5,5.3,99,address_not_traceable,False,post_cut,1,locality
VS003417,AC001111,AD001443,FA007,2026-05-25,-678.2,-3267.0,8.7,144,locked_premises,False,post_cut,1,locality
VS003418,AC001863,AD002402,FA007,2026-05-25,-80.6,-3750.5,16.3,992,met_borrower,True,post_cut,1,locality
VS003419,AC001356,AD001755,FA009,2026-05-25,579.8,-877.1,22.1,574,met_family,True,post_cut,1,pincode
VS003420,AC000497,AD000639,FA009,2026-05-25,2338.5,-772.5,11.8,144,address_not_traceable,False,post_cut,27,street
VS003421,AC000064,AD000079,FA009,2026-05-25,2313.3,-786.6,25.0,124,address_not_traceable,False,post_cut,28,street
VS003422,AC001000,AD001291,FA009,2026-05-25,894.6,-787.5,8.8,105,locked_premises,False,post_cut,1,locality
VS003423,AC002020,AD002609,FA009,2026-05-25,1100.3,-494.5,12.3,228,locked_premises,False,post_cut,1,pincode
VS003424,AC000874,AD001128,FA009,2026-05-25,-3743.3,-738.3,18.6,93,locked_premises,False,post_cut,27,locality
VS003425,AC000182,AD000227,FA009,2026-05-25,1143.5,-1193.6,12.5,233,no_such_person,False,post_cut,1,locality
VS003426,AC002279,AD002933,FA009,2026-05-25,2311.7,-785.3,10.7,193,met_borrower,True,post_cut,28,locality
VS003427,AC000123,AD000155,FA009,2026-05-25,2335.4,-771.0,5.4,182,met_borrower,True,post_cut,23,street
VS003428,AC000356,AD000451,FA009,2026-05-25,1006.5,-506.8,9.9,526,met_family,True,post_cut,1,locality
VS003429,AC001625,AD002096,FA008,2026-05-25,3581.3,622.5,8.2,1083,cash_collected,True,post_cut,1,street
VS003430,AC001792,AD002311,FA008,2026-05-25,3372.3,-1972.1,4.8,99,address_not_traceable,False,post_cut,1,locality
VS003431,AC002075,AD002676,FA008,2026-05-25,3650.6,617.9,10.2,58,address_not_traceable,False,post_cut,1,locality
VS003432,AC001046,AD001352,FA008,2026-05-25,3873.3,329.8,5.4,71,address_not_traceable,False,post_cut,1,locality
VS003433,AC000501,AD000645,FA008,2026-05-25,3567.6,-90.0,7.7,352,neighbour_says_shifted,False,post_cut,1,locality
VS003434,AC002243,AD002889,FA008,2026-05-25,3975.4,142.1,10.4,174,locked_premises,False,post_cut,1,locality
VS003435,AC001738,AD002246,FA002,2026-05-26,2436.5,-2340.0,6.5,282,met_family,True,post_cut,1,rooftop
VS003436,AC001273,AD001649,FA002,2026-05-26,2334.0,-2431.6,14.2,109,locked_premises,False,post_cut,1,locality
VS003437,AC000103,AD000129,FA002,2026-05-26,3216.5,-1952.8,12.3,508,met_family,True,post_cut,1,locality
VS003438,AC000289,AD000363,FA002,2026-05-26,2715.3,-2626.0,16.2,1034,met_borrower,True,post_cut,1,locality
VS003439,AC000945,AD001224,FA002,2026-05-26,3144.0,-2080.6,14.4,114,address_not_traceable,False,post_cut,1,locality
VS003440,AC002260,AD002911,FA002,2026-05-26,2904.4,-2200.2,24.7,735,met_borrower,True,post_cut,1,locality
VS003441,AC001139,AD001479,FA002,2026-05-26,2938.2,-2652.1,10.3,416,met_borrower,True,post_cut,1,locality
VS003442,AC002019,AD002607,FA002,2026-05-26,-1761.1,639.4,34.3,56,address_not_traceable,False,post_cut,1,pincode
VS003443,AC002255,AD002904,FA002,2026-05-26,2931.1,-2088.5,10.9,46,address_not_traceable,False,post_cut,1,locality
VS003444,AC000987,AD001276,FA002,2026-05-26,1937.4,-1573.3,12.6,102,address_not_traceable,False,post_cut,1,locality
VS003445,AC002275,AD002928,FA001,2026-05-26,1168.3,-3195.7,7.5,104,locked_premises,False,post_cut,1,locality
VS003446,AC000843,AD001087,FA001,2026-05-26,988.3,-2664.9,4.0,161,locked_premises,False,post_cut,1,pincode
VS003447,AC001264,AD001638,FA001,2026-05-26,1074.8,-2805.8,14.6,651,met_borrower,True,post_cut,1,locality
VS003448,AC001232,AD001596,FA001,2026-05-26,747.8,-3225.4,25.1,270,neighbour_says_shifted,False,post_cut,1,locality
VS003449,AC000606,AD000782,FA001,2026-05-26,658.4,-2627.3,11.8,344,met_family,True,post_cut,1,locality
VS003450,AC000274,AD000345,FA001,2026-05-26,637.0,-2946.4,8.7,61,address_not_traceable,False,post_cut,1,locality
VS003451,AC001630,AD002103,FA001,2026-05-26,308.5,-2740.2,5.2,225,met_family,True,post_cut,1,locality
VS003452,AC002031,AD002621,FA001,2026-05-26,782.0,-3129.0,19.2,712,met_borrower,True,post_cut,1,street
VS003453,AC000944,AD001223,FA001,2026-05-26,727.0,-2999.6,6.8,1070,met_borrower,True,post_cut,1,locality
VS003454,AC000803,AD001034,FA003,2026-05-26,3164.6,-1992.7,10.1,189,neighbour_says_shifted,False,post_cut,1,locality
VS003455,AC001871,AD002413,FA003,2026-05-26,2966.7,-1919.6,10.4,103,locked_premises,False,post_cut,1,locality
VS003456,AC000338,AD000428,FA003,2026-05-26,2652.7,-2104.6,13.5,101,address_not_traceable,False,post_cut,1,locality
VS003457,AC001206,AD001567,FA003,2026-05-26,2877.7,-2179.8,12.4,339,neighbour_says_shifted,False,post_cut,1,locality
VS003458,AC002143,AD002766,FA003,2026-05-26,2778.0,-1911.2,8.3,239,locked_premises,False,post_cut,1,locality
VS003459,AC000255,AD000322,FA003,2026-05-26,3019.2,-2449.0,8.8,1418,met_borrower,True,post_cut,1,street
VS003460,AC001196,AD001554,FA003,2026-05-26,2635.4,-2175.8,18.1,357,cash_collected,True,post_cut,1,locality
VS003461,AC000287,AD000360,FA003,2026-05-26,3065.6,-2374.5,6.9,603,met_borrower,True,post_cut,1,locality
VS003462,AC001903,AD002461,FA003,2026-05-26,2028.5,-2010.1,11.0,69,address_not_traceable,False,post_cut,1,pincode
VS003463,AC000336,AD000424,FA004,2026-05-26,2901.6,343.5,9.5,849,met_borrower,True,post_cut,1,locality
VS003464,AC002002,AD002583,FA004,2026-05-26,3436.2,573.5,5.7,209,met_family,True,post_cut,1,locality
VS003465,AC000229,AD000290,FA004,2026-05-26,2844.1,122.6,10.2,123,neighbour_says_shifted,False,post_cut,1,locality
VS003466,AC000745,AD000962,FA004,2026-05-26,2674.5,251.2,13.7,588,met_family,True,post_cut,1,locality
VS003467,AC001174,AD001523,FA004,2026-05-26,2965.0,284.7,16.9,720,met_borrower,True,post_cut,1,locality
VS003468,AC002041,AD002633,FA004,2026-05-26,3177.7,718.9,6.5,1246,cash_collected,True,post_cut,1,street
VS003469,AC001752,AD002261,FA004,2026-05-26,2675.7,246.0,10.1,100,locked_premises,False,post_cut,1,locality
VS003470,AC002070,AD002670,FA004,2026-05-26,2214.9,1557.0,8.6,84,address_not_traceable,False,post_cut,1,locality
VS003471,AC002342,AD003014,FA005,2026-05-26,3311.4,640.9,11.4,732,met_borrower,True,post_cut,1,street
VS003472,AC002364,AD003044,FA005,2026-05-26,1107.0,-2800.3,9.5,364,neighbour_says_shifted,False,post_cut,1,rooftop
VS003473,AC000800,AD001031,FA005,2026-05-26,1438.0,-2121.0,14.6,195,locked_premises,False,post_cut,1,street
VS003474,AC001068,AD001380,FA005,2026-05-26,1403.2,-1874.9,7.6,214,locked_premises,False,post_cut,1,locality
VS003475,AC000179,AD000223,FA005,2026-05-26,1903.0,-2182.6,21.3,1385,met_borrower,True,post_cut,1,locality
VS003476,AC000267,AD000338,FA005,2026-05-26,1229.5,-2014.7,16.9,1183,met_borrower,True,post_cut,1,locality
VS003477,AC000672,AD000866,FA005,2026-05-26,1670.8,-2231.9,5.7,869,met_borrower,True,post_cut,1,locality
VS003478,AC000521,AD000672,FA006,2026-05-26,1265.2,2272.9,11.8,359,met_borrower,True,post_cut,1,locality
VS003479,AC001198,AD001556,FA006,2026-05-26,893.7,2866.3,9.3,495,met_family,True,post_cut,1,locality
VS003480,AC001500,AD001937,FA006,2026-05-26,762.6,3092.9,14.6,131,locked_premises,False,post_cut,1,street
VS003481,AC001036,AD001339,FA006,2026-05-26,726.0,2827.8,15.3,496,met_family,True,post_cut,1,locality
VS003482,AC000117,AD000147,FA006,2026-05-26,833.2,836.7,7.6,104,address_not_traceable,False,post_cut,1,locality
VS003483,AC002300,AD002962,FA006,2026-05-26,970.0,3133.7,4.0,185,met_family,True,post_cut,1,locality
VS003484,AC002074,AD002675,FA009,2026-05-26,-661.8,3205.4,10.6,95,locked_premises,False,post_cut,1,locality
VS003485,AC000508,AD000654,FA009,2026-05-26,2327.2,-787.7,9.7,210,locked_premises,False,post_cut,32,pincode
VS003486,AC000513,AD000662,FA009,2026-05-26,-579.7,3417.9,6.2,353,met_family,True,post_cut,1,locality
VS003487,AC002053,AD002651,FA009,2026-05-26,2329.5,-786.5,6.9,108,locked_premises,False,post_cut,1,locality
VS003488,AC000574,AD000741,FA009,2026-05-26,-796.7,2868.7,11.6,132,locked_premises,False,post_cut,1,street
VS003489,AC001985,AD002564,FA009,2026-05-26,-517.9,3351.0,12.2,52,address_not_traceable,False,post_cut,1,locality
VS003490,AC001050,AD001357,FA009,2026-05-26,-556.9,3376.0,9.2,496,met_family,True,post_cut,1,locality
VS003491,AC002236,AD002880,FA009,2026-05-26,2340.0,-764.1,22.2,239,locked_premises,False,post_cut,26,locality
VS003492,AC002001,AD002582,FA009,2026-05-26,-2358.3,1692.1,4.0,239,locked_premises,False,post_cut,1,locality
VS003493,AC001607,AD002069,FA007,2026-05-26,3903.2,494.0,10.9,237,locked_premises,False,post_cut,1,locality
VS003494,AC000869,AD001122,FA007,2026-05-26,3341.1,488.3,15.6,1180,met_borrower,True,post_cut,1,locality
VS003495,AC001974,AD002551,FA007,2026-05-26,3096.6,-2103.6,6.4,32,address_not_traceable,False,post_cut,1,locality
VS003496,AC002121,AD002735,FA007,2026-05-26,3482.9,149.5,7.8,423,met_family,True,post_cut,1,locality
VS003497,AC000240,AD000303,FA007,2026-05-26,3978.8,7.7,45.1,67,address_not_traceable,False,post_cut,1,locality
VS003498,AC001664,AD002150,FA007,2026-05-26,4010.4,549.5,8.0,550,met_family,True,post_cut,1,locality
VS003499,AC000183,AD000228,FA007,2026-05-26,3891.3,581.8,4.0,59,address_not_traceable,False,post_cut,1,locality
VS003500,AC001728,AD002234,FA008,2026-05-26,-385.6,-3446.6,4.0,141,neighbour_says_shifted,False,post_cut,1,locality
VS003501,AC001134,AD001472,FA008,2026-05-26,-321.9,-3885.6,14.3,103,locked_premises,False,post_cut,1,locality
VS003502,AC000351,AD000446,FA008,2026-05-26,-619.4,-3778.5,8.9,394,met_family,True,post_cut,1,locality
VS003503,AC000487,AD000627,FA008,2026-05-26,-444.7,-3602.6,19.4,107,address_not_traceable,False,post_cut,1,locality
VS003504,AC002109,AD002720,FA008,2026-05-26,-730.3,-3662.0,28.5,284,neighbour_says_shifted,False,post_cut,1,locality
VS003505,AC000446,AD000575,FA008,2026-05-26,883.9,-3762.9,4.0,159,locked_premises,False,post_cut,1,locality
VS003506,AC001321,AD001715,FA008,2026-05-26,-300.5,-3395.0,12.0,131,locked_premises,False,post_cut,1,pincode
VS003507,AC002103,AD002712,FA008,2026-05-26,-751.8,-3724.1,4.0,341,met_family,True,post_cut,1,locality
VS003508,AC000581,AD000749,FA008,2026-05-26,-555.8,3089.3,6.3,120,address_not_traceable,False,post_cut,2,street
VS003509,AC000168,AD000209,FA001,2026-05-27,2394.8,1012.4,5.3,61,address_not_traceable,False,post_cut,1,locality
VS003510,AC000812,AD001045,FA001,2026-05-27,2617.4,1468.7,8.6,824,met_borrower,True,post_cut,1,street
VS003511,AC001573,AD002029,FA001,2026-05-27,2694.1,1453.4,7.9,231,locked_premises,False,post_cut,1,locality
VS003512,AC001786,AD002305,FA001,2026-05-27,2198.1,936.3,13.9,196,met_family,True,post_cut,1,locality
VS003513,AC002008,AD002593,FA001,2026-05-27,2341.6,1211.6,14.7,188,no_such_person,False,post_cut,1,locality
VS003514,AC000766,AD000987,FA001,2026-05-27,2827.6,1123.3,4.0,571,met_family,True,post_cut,1,locality
VS003515,AC001209,AD001570,FA001,2026-05-27,2205.4,1432.3,13.7,96,address_not_traceable,False,post_cut,1,locality
VS003516,AC002049,AD002645,FA001,2026-05-27,2832.3,1019.1,8.4,154,locked_premises,False,post_cut,1,locality
VS003517,AC000539,AD000696,FA001,2026-05-27,2355.8,1088.0,10.6,145,locked_premises,False,post_cut,1,locality
VS003518,AC002304,AD002967,FA002,2026-05-27,-1224.2,270.3,13.4,88,address_not_traceable,False,post_cut,1,locality
VS003519,AC002144,AD002767,FA002,2026-05-27,-2148.2,1244.1,4.0,109,address_not_traceable,False,post_cut,1,pincode
VS003520,AC000200,AD000251,FA002,2026-05-27,-1471.1,168.0,5.5,33,address_not_traceable,False,post_cut,1,locality
VS003521,AC001383,AD001788,FA002,2026-05-27,-1297.1,712.6,6.6,1204,met_borrower,True,post_cut,1,locality
VS003522,AC001148,AD001490,FA002,2026-05-27,-1187.5,164.9,9.2,93,address_not_traceable,False,post_cut,1,locality
VS003523,AC001823,AD002353,FA002,2026-05-27,-1493.9,883.7,12.0,68,address_not_traceable,False,post_cut,1,locality
VS003524,AC002163,AD002792,FA002,2026-05-27,-1019.3,606.4,19.9,116,address_not_traceable,False,post_cut,1,locality
VS003525,AC001184,AD001539,FA003,2026-05-27,257.5,1981.0,5.4,626,cash_collected,True,post_cut,1,street
VS003526,AC000886,AD001145,FA003,2026-05-27,321.4,2259.2,10.9,118,locked_premises,False,post_cut,1,street
VS003527,AC001023,AD001322,FA003,2026-05-27,1513.1,1223.9,8.1,43,address_not_traceable,False,post_cut,1,pincode
VS003528,AC000015,AD000018,FA003,2026-05-27,638.9,2386.8,20.2,94,locked_premises,False,post_cut,1,locality
VS003529,AC000116,AD000146,FA003,2026-05-27,664.3,2398.8,12.8,1373,met_borrower,True,post_cut,1,locality
VS003530,AC000186,AD000231,FA003,2026-05-27,192.2,2588.1,8.4,351,neighbour_says_shifted,False,post_cut,1,locality
VS003531,AC001699,AD002196,FA003,2026-05-27,62.9,2541.8,16.0,141,locked_premises,False,post_cut,1,locality
VS003532,AC000695,AD000895,FA003,2026-05-27,410.3,2335.9,10.8,278,neighbour_says_shifted,False,post_cut,1,street
VS003533,AC002091,AD002697,FA003,2026-05-27,812.7,2152.5,22.4,514,met_borrower,True,post_cut,1,locality
VS003534,AC000231,AD000292,FA003,2026-05-27,433.6,2325.6,19.7,223,neighbour_says_shifted,False,post_cut,1,locality
VS003535,AC001223,AD001586,FA004,2026-05-27,1566.4,-1892.5,17.2,1133,met_borrower,True,post_cut,1,locality
VS003536,AC000586,AD000756,FA004,2026-05-27,1349.7,-2074.3,6.2,514,met_family,True,post_cut,1,street
VS003537,AC001523,AD001962,FA004,2026-05-27,1382.2,-1968.3,13.6,104,locked_premises,False,post_cut,1,locality
VS003538,AC001293,AD001680,FA004,2026-05-27,1431.7,-2393.6,32.1,492,met_family,True,post_cut,1,street
VS003539,AC000339,AD000430,FA004,2026-05-27,1703.9,-1995.0,18.9,708,met_borrower,True,post_cut,1,locality
VS003540,AC002184,AD002820,FA004,2026-05-27,1868.2,-1877.6,15.5,160,locked_premises,False,post_cut,1,locality
VS003541,AC001902,AD002459,FA004,2026-05-27,1691.5,-1965.6,9.9,64,address_not_traceable,False,post_cut,1,street
VS003542,AC000364,AD000460,FA005,2026-05-27,2840.7,-1266.3,8.2,459,met_family,True,post_cut,1,locality
VS003543,AC002365,AD003045,FA005,2026-05-27,2918.7,-1406.8,13.6,275,no_such_person,False,post_cut,1,locality
VS003544,AC001977,AD002555,FA005,2026-05-27,2273.5,-1209.2,12.2,186,met_family,True,post_cut,1,locality
VS003545,AC001250,AD001619,FA005,2026-05-27,2608.3,-1091.6,5.1,609,met_borrower,True,post_cut,1,locality
VS003546,AC001577,AD002034,FA005,2026-05-27,1635.0,-2608.9,10.0,107,address_not_traceable,False,post_cut,1,pincode
VS003547,AC000307,AD000385,FA005,2026-05-27,2645.8,-1183.1,16.3,189,locked_premises,False,post_cut,1,locality
VS003548,AC002234,AD002878,FA005,2026-05-27,2464.3,-712.9,15.0,171,locked_premises,False,post_cut,1,locality
VS003549,AC001648,AD002126,FA005,2026-05-27,2256.9,-1533.3,13.5,206,locked_premises,False,post_cut,1,locality
VS003550,AC000873,AD001127,FA006,2026-05-27,394.6,-3354.8,14.8,45,address_not_traceable,False,post_cut,1,locality
VS003551,AC000523,AD000674,FA006,2026-05-27,1256.6,-1735.2,8.4,71,address_not_traceable,False,post_cut,1,pincode
VS003552,AC000739,AD000953,FA006,2026-05-27,-33.4,-2770.4,4.2,848,met_borrower,True,post_cut,1,locality
VS003553,AC001921,AD002483,FA006,2026-05-27,949.9,-2855.0,4.0,150,no_such_person,False,post_cut,1,locality
VS003554,AC001446,AD001866,FA006,2026-05-27,541.8,-3464.0,7.3,233,locked_premises,False,post_cut,1,locality
VS003555,AC001435,AD001852,FA006,2026-05-27,721.9,-2862.6,8.9,94,address_not_traceable,False,post_cut,1,locality
VS003556,AC000820,AD001055,FA006,2026-05-27,656.7,-3140.0,4.0,37,address_not_traceable,False,post_cut,1,locality
VS003557,AC001176,AD001526,FA006,2026-05-27,1007.8,-2813.1,19.4,397,met_borrower,True,post_cut,1,locality
VS003558,AC000849,AD001095,FA006,2026-05-27,1256.0,-1711.1,29.0,42,address_not_traceable,False,post_cut,1,pincode
VS003559,AC000257,AD000324,FA007,2026-05-27,-2713.8,1789.9,11.5,144,locked_premises,False,post_cut,1,locality
VS003560,AC001197,AD001555,FA007,2026-05-27,-2585.2,1785.3,15.3,291,met_family,True,post_cut,1,locality
VS003561,AC000675,AD000869,FA007,2026-05-27,-2051.9,1557.7,8.6,1473,met_borrower,True,post_cut,1,locality
VS003562,AC000848,AD001094,FA007,2026-05-27,-2463.5,1758.0,4.0,191,neighbour_says_shifted,False,post_cut,1,locality
VS003563,AC001338,AD001734,FA007,2026-05-27,-2380.1,1574.9,11.2,74,address_not_traceable,False,post_cut,1,locality
VS003564,AC001659,AD002143,FA007,2026-05-27,-2609.9,1354.4,5.0,456,met_borrower,True,post_cut,1,locality
VS003565,AC000740,AD000954,FA007,2026-05-27,-2490.9,1182.2,8.3,129,locked_premises,False,post_cut,1,rooftop
VS003566,AC000077,AD000098,FA007,2026-05-27,-2496.7,1355.3,6.6,177,locked_premises,False,post_cut,1,locality
VS003567,AC000605,AD000781,FA009,2026-05-27,3782.6,498.5,7.2,1194,met_borrower,True,post_cut,1,locality
VS003568,AC000341,AD000433,FA009,2026-05-27,-3739.2,-776.6,5.3,215,locked_premises,False,post_cut,28,pincode
VS003569,AC000505,AD000650,FA009,2026-05-27,2344.1,-793.3,8.3,149,locked_premises,False,post_cut,23,locality
VS003570,AC002373,AD003055,FA009,2026-05-27,3763.0,450.5,5.8,75,address_not_traceable,False,post_cut,1,locality
VS003571,AC001267,AD001641,FA009,2026-05-27,-3720.7,-776.1,10.1,130,address_not_traceable,False,post_cut,1,locality
VS003572,AC001790,AD002309,FA009,2026-05-27,2931.5,871.0,12.4,83,address_not_traceable,False,post_cut,1,pincode
VS003573,AC000230,AD000291,FA009,2026-05-27,-3716.3,-769.4,9.2,146,met_borrower,True,post_cut,26,locality
VS003574,AC002305,AD002968,FA009,2026-05-27,3940.2,716.3,7.2,158,locked_premises,False,post_cut,1,locality
VS003575,AC001740,AD002248,FA009,2026-05-27,433.8,-334.2,14.0,44,address_not_traceable,False,post_cut,1,pincode
VS003576,AC001745,AD002253,FA008,2026-05-27,-2323.2,-427.8,5.6,1109,met_borrower,True,post_cut,1,locality
VS003577,AC000020,AD000023,FA008,2026-05-27,-2953.3,-22.1,5.0,1083,met_borrower,True,post_cut,1,locality
VS003578,AC000563,AD000727,FA008,2026-05-27,-2694.6,-475.7,11.9,585,met_family,True,post_cut,1,locality
VS003579,AC001029,AD001330,FA008,2026-05-27,-3701.3,-1043.7,17.1,117,address_not_traceable,False,post_cut,1,locality
VS003580,AC001412,AD001822,FA008,2026-05-27,-2686.7,-701.3,11.0,117,locked_premises,False,post_cut,1,street
VS003581,AC001387,AD001792,FA008,2026-05-27,-2797.0,-457.0,8.5,406,met_family,True,post_cut,1,street
VS003582,AC000616,AD000795,FA008,2026-05-27,-2885.9,186.5,8.3,1279,met_borrower,True,post_cut,1,locality
VS003583,AC002147,AD002771,FA003,2026-05-28,2442.1,-2201.4,27.7,562,met_family,True,post_cut,1,pincode
VS003584,AC000701,AD000903,FA003,2026-05-28,2991.1,-2753.5,12.4,70,locked_premises,False,post_cut,1,street
VS003585,AC001163,AD001509,FA003,2026-05-28,3163.8,-2553.7,10.3,417,met_family,True,post_cut,1,locality
VS003586,AC000673,AD000867,FA003,2026-05-28,2923.0,-2634.9,5.3,952,met_borrower,True,post_cut,1,locality
VS003587,AC000458,AD000589,FA003,2026-05-28,2901.1,-1723.9,18.7,1472,met_borrower,True,post_cut,1,locality
VS003588,AC000570,AD000735,FA003,2026-05-28,2670.4,-2375.5,9.0,293,neighbour_says_shifted,False,post_cut,1,street
VS003589,AC001372,AD001775,FA003,2026-05-28,2905.0,-2124.9,6.2,76,locked_premises,False,post_cut,1,locality
VS003590,AC000568,AD000733,FA003,2026-05-28,2845.6,-2276.0,11.7,528,met_family,True,post_cut,1,locality
VS003591,AC000469,AD000602,FA003,2026-05-28,3170.8,-1754.4,20.5,475,met_family,True,post_cut,1,locality
VS003592,AC002340,AD003011,FA001,2026-05-28,1737.7,-649.3,31.3,64,locked_premises,False,post_cut,1,locality
VS003593,AC001715,AD002217,FA001,2026-05-28,-905.4,-3094.0,15.0,98,locked_premises,False,post_cut,1,locality
VS003594,AC000876,AD001130,FA001,2026-05-28,-766.4,-3307.8,12.0,1205,met_borrower,True,post_cut,1,street
VS003595,AC002179,AD002814,FA001,2026-05-28,-886.8,-3466.4,16.3,105,locked_premises,False,post_cut,1,rooftop
VS003596,AC002294,AD002955,FA001,2026-05-28,1848.7,-1693.8,11.1,96,address_not_traceable,False,post_cut,1,pincode
VS003597,AC000957,AD001239,FA001,2026-05-28,-707.9,-3068.0,13.6,693,cash_collected,True,post_cut,1,locality
VS003598,AC001384,AD001789,FA001,2026-05-28,-788.2,-3274.5,9.7,53,address_not_traceable,False,post_cut,1,locality
VS003599,AC001274,AD001651,FA001,2026-05-28,-853.4,-2869.0,7.2,147,locked_premises,False,post_cut,1,locality
VS003600,AC001957,AD002530,FA002,2026-05-28,2877.4,-2277.0,14.4,101,locked_premises,False,post_cut,1,pincode
VS003601,AC001048,AD001354,FA002,2026-05-28,2992.5,-2039.3,7.5,65,address_not_traceable,False,post_cut,1,locality
VS003602,AC001872,AD002414,FA002,2026-05-28,2907.6,-1791.0,4.0,90,locked_premises,False,post_cut,1,street
VS003603,AC000079,AD000100,FA002,2026-05-28,2836.6,-2104.8,11.2,322,neighbour_says_shifted,False,post_cut,1,locality
VS003604,AC001055,AD001363,FA002,2026-05-28,2925.4,-1808.0,10.6,467,met_family,True,post_cut,1,locality
VS003605,AC000395,AD000504,FA002,2026-05-28,2767.4,-1805.6,4.0,114,address_not_traceable,False,post_cut,1,locality
VS003606,AC001828,AD002359,FA006,2026-05-28,1642.6,-1605.0,4.9,326,neighbour_says_shifted,False,post_cut,1,street
VS003607,AC000959,AD001242,FA006,2026-05-28,1326.6,-2020.3,7.9,94,address_not_traceable,False,post_cut,1,locality
VS003608,AC001736,AD002244,FA006,2026-05-28,754.8,-3077.1,11.4,97,address_not_traceable,False,post_cut,1,locality
VS003609,AC002227,AD002870,FA006,2026-05-28,1481.3,-2276.6,10.4,222,locked_premises,False,post_cut,1,locality
VS003610,AC000633,AD000817,FA006,2026-05-28,1292.4,-1932.1,6.9,1487,met_borrower,True,post_cut,1,locality
VS003611,AC001949,AD002521,FA006,2026-05-28,1507.5,-2228.0,6.5,181,locked_premises,False,post_cut,1,locality
VS003612,AC002131,AD002749,FA006,2026-05-28,-1000.9,-804.8,19.1,155,locked_premises,False,post_cut,1,locality
VS003613,AC001516,AD001954,FA006,2026-05-28,1071.1,-1884.4,16.3,161,locked_premises,False,post_cut,1,locality
VS003614,AC002382,AD003067,FA006,2026-05-28,1385.6,-1815.8,8.1,403,met_family,True,post_cut,1,locality
VS003615,AC000662,AD000854,FA006,2026-05-28,1290.1,-1745.8,8.0,70,address_not_traceable,False,post_cut,1,locality
VS003616,AC002338,AD003008,FA004,2026-05-28,1065.5,45.2,12.0,36,address_not_traceable,False,post_cut,1,locality
VS003617,AC001418,AD001830,FA004,2026-05-28,1060.3,2917.9,4.1,551,met_family,True,post_cut,1,street
VS003618,AC001780,AD002299,FA004,2026-05-28,967.9,2257.1,16.6,533,cash_collected,True,post_cut,1,locality
VS003619,AC002167,AD002796,FA004,2026-05-28,868.4,172.1,8.2,111,address_not_traceable,False,post_cut,1,pincode
VS003620,AC001491,AD001924,FA004,2026-05-28,632.8,1825.4,12.1,119,address_not_traceable,False,post_cut,1,locality
VS003621,AC001160,AD001505,FA004,2026-05-28,1056.6,2631.8,13.4,88,locked_premises,False,post_cut,1,locality
VS003622,AC000711,AD000917,FA004,2026-05-28,1050.3,2380.4,42.1,169,locked_premises,False,post_cut,1,locality
VS003623,AC000700,AD000902,FA004,2026-05-28,1216.1,2781.6,4.7,50,address_not_traceable,False,post_cut,1,locality
VS003624,AC000192,AD000240,FA005,2026-05-28,1289.3,-2069.5,5.5,106,address_not_traceable,False,post_cut,1,locality
VS003625,AC001549,AD001996,FA005,2026-05-28,1424.5,-1634.1,11.6,1321,met_borrower,True,post_cut,1,pincode
VS003626,AC001335,AD001731,FA005,2026-05-28,1361.5,-2073.7,12.2,360,met_borrower,True,post_cut,1,street
VS003627,AC000414,AD000531,FA005,2026-05-28,1282.6,-2463.1,16.3,468,met_family,True,post_cut,1,pincode
VS003628,AC000913,AD001178,FA005,2026-05-28,1729.1,-2177.0,12.2,1468,met_borrower,True,post_cut,1,locality
VS003629,AC000961,AD001245,FA005,2026-05-28,1514.8,-1952.7,9.4,135,locked_premises,False,post_cut,1,street
VS003630,AC001708,AD002210,FA005,2026-05-28,1646.0,-1602.1,4.4,177,locked_premises,False,post_cut,1,locality
VS003631,AC001181,AD001535,FA009,2026-05-28,-3733.1,-752.4,8.0,92,locked_premises,False,post_cut,28,locality
VS003632,AC001807,AD002333,FA009,2026-05-28,-2265.3,-522.1,7.2,307,met_family,True,post_cut,1,locality
VS003633,AC001923,AD002485,FA009,2026-05-28,-2239.4,-1450.5,6.1,33,address_not_traceable,False,post_cut,1,pincode
VS003634,AC000122,AD000153,FA009,2026-05-28,-2351.2,-129.7,4.1,485,met_family,True,post_cut,1,locality
VS003635,AC001123,AD001458,FA009,2026-05-28,2335.7,-765.3,6.3,225,locked_premises,False,post_cut,1,locality
VS003636,AC000826,AD001064,FA009,2026-05-28,-3016.5,-37.4,7.1,318,met_family,True,post_cut,1,locality
VS003637,AC001725,AD002230,FA007,2026-05-28,3436.7,-1800.7,15.7,303,met_family,True,post_cut,1,locality
VS003638,AC001912,AD002471,FA007,2026-05-28,3413.2,-2378.5,10.7,192,neighbour_says_shifted,False,post_cut,1,locality
VS003639,AC000906,AD001170,FA007,2026-05-28,3647.1,-1814.7,16.6,125,locked_premises,False,post_cut,1,locality
VS003640,AC000316,AD000397,FA007,2026-05-28,3093.9,-1979.9,28.9,287,met_family,True,post_cut,1,locality
VS003641,AC001140,AD001480,FA007,2026-05-28,3691.2,-2076.2,5.6,253,no_such_person,False,post_cut,1,locality
VS003642,AC001629,AD002102,FA007,2026-05-28,2800.5,-1769.6,17.9,64,address_not_traceable,False,post_cut,1,locality
VS003643,AC000676,AD000870,FA007,2026-05-28,3338.9,-2433.9,4.7,200,locked_premises,False,post_cut,1,locality
VS003644,AC000837,AD001078,FA007,2026-05-28,2951.4,-2105.0,6.2,346,cash_collected,True,post_cut,1,locality
VS003645,AC000490,AD000631,FA008,2026-05-28,-2606.5,28.0,10.7,1073,met_borrower,True,post_cut,1,locality
VS003646,AC001941,AD002509,FA008,2026-05-28,-2412.8,-613.3,9.1,354,met_family,True,post_cut,1,street
VS003647,AC001870,AD002412,FA008,2026-05-28,-2794.4,-326.9,5.0,119,address_not_traceable,False,post_cut,1,locality
VS003648,AC000109,AD000137,FA008,2026-05-28,-2374.3,-534.0,5.7,499,met_family,True,post_cut,1,locality
VS003649,AC001448,AD001868,FA008,2026-05-28,-2226.7,-182.4,17.0,125,locked_premises,False,post_cut,1,locality
VS003650,AC001539,AD001982,FA008,2026-05-28,-2540.4,-479.2,12.4,268,neighbour_says_shifted,False,post_cut,1,locality
VS003651,AC002192,AD002829,FA008,2026-05-28,-2388.8,-113.8,6.4,1403,met_borrower,True,post_cut,1,locality
VS003652,AC001955,AD002528,FA008,2026-05-28,-3004.8,-622.0,12.9,152,locked_premises,False,post_cut,1,locality
VS003653,AC001686,AD002181,FA008,2026-05-28,-2473.4,-3.2,16.0,1444,met_borrower,True,post_cut,1,rooftop
VS003654,AC000516,AD000666,FA008,2026-05-28,-2650.5,-531.9,9.2,1036,met_borrower,True,post_cut,1,locality
VS003655,AC002216,AD002858,FA002,2026-05-29,1155.0,-2860.1,23.6,482,met_family,True,post_cut,1,locality
VS003656,AC001258,AD001630,FA002,2026-05-29,638.1,2569.5,16.8,986,met_borrower,True,post_cut,1,street
VS003657,AC000786,AD001012,FA002,2026-05-29,612.8,-3150.2,5.3,56,address_not_traceable,False,post_cut,1,street
VS003658,AC000107,AD000135,FA002,2026-05-29,784.4,-2642.9,17.5,263,no_such_person,False,post_cut,1,street
VS003659,AC001713,AD002215,FA002,2026-05-29,746.5,-3088.5,14.3,55,address_not_traceable,False,post_cut,1,locality
VS003660,AC001354,AD001753,FA002,2026-05-29,710.8,-2909.6,11.1,580,met_family,True,post_cut,1,street
VS003661,AC001473,AD001900,FA001,2026-05-29,-1301.3,-2711.3,12.0,94,address_not_traceable,False,post_cut,1,locality
VS003662,AC001620,AD002090,FA001,2026-05-29,1013.4,-3127.3,11.8,92,locked_premises,False,post_cut,1,locality
VS003663,AC000260,AD000328,FA001,2026-05-29,292.7,-2867.1,9.2,396,neighbour_says_shifted,False,post_cut,1,locality
VS003664,AC000050,AD000062,FA001,2026-05-29,612.5,-3094.5,9.7,78,locked_premises,False,post_cut,1,locality
VS003665,AC000752,AD000971,FA001,2026-05-29,849.3,-2994.4,17.8,339,met_family,True,post_cut,1,locality
VS003666,AC001640,AD002116,FA001,2026-05-29,848.2,-2997.0,11.8,272,neighbour_says_shifted,False,post_cut,1,locality
VS003667,AC001679,AD002171,FA001,2026-05-29,441.7,-3485.3,8.5,97,locked_premises,False,post_cut,1,locality
VS003668,AC001693,AD002189,FA001,2026-05-29,378.0,-3003.1,16.8,696,met_borrower,True,post_cut,1,locality
VS003669,AC000729,AD000940,FA001,2026-05-29,383.1,-2890.0,15.8,214,locked_premises,False,post_cut,1,locality
VS003670,AC001024,AD001323,FA001,2026-05-29,681.3,-2735.2,9.3,143,locked_premises,False,post_cut,1,locality
VS003671,AC002350,AD003026,FA003,2026-05-29,2891.6,-2437.3,22.2,80,locked_premises,False,post_cut,1,locality
VS003672,AC000511,AD000658,FA003,2026-05-29,2533.5,-2246.0,6.7,555,met_borrower,True,post_cut,1,locality
VS003673,AC001073,AD001388,FA003,2026-05-29,1954.4,-1258.9,9.2,36,address_not_traceable,False,post_cut,1,pincode
VS003674,AC000134,AD000169,FA003,2026-05-29,3296.6,-2155.0,6.9,545,met_family,True,post_cut,1,locality
VS003675,AC000583,AD000753,FA003,2026-05-29,2832.2,-2307.6,8.5,32,address_not_traceable,False,post_cut,1,locality
VS003676,AC001546,AD001993,FA003,2026-05-29,1228.5,-3340.6,7.6,870,met_borrower,True,post_cut,1,locality
VS003677,AC002072,AD002673,FA003,2026-05-29,2563.5,-2348.4,15.0,130,locked_premises,False,post_cut,1,locality
VS003678,AC000251,AD000316,FA003,2026-05-29,2384.3,-2147.6,12.6,598,met_family,True,post_cut,1,street
VS003679,AC001581,AD002038,FA003,2026-05-29,3045.0,-2457.2,9.3,1051,met_borrower,True,post_cut,1,locality
VS003680,AC000756,AD000975,FA006,2026-05-29,-827.2,-542.0,14.0,132,no_such_person,False,post_cut,1,locality
VS003681,AC001571,AD002027,FA006,2026-05-29,-538.9,-703.4,9.2,545,met_family,True,post_cut,1,locality
VS003682,AC000373,AD000472,FA006,2026-05-29,-218.7,-81.7,20.6,127,locked_premises,False,post_cut,1,locality
VS003683,AC000009,AD000012,FA006,2026-05-29,-642.2,-533.0,7.7,176,locked_premises,False,post_cut,1,street
VS003684,AC001295,AD001682,FA006,2026-05-29,-644.9,-310.4,5.0,82,locked_premises,False,post_cut,1,locality
VS003685,AC002257,AD002906,FA006,2026-05-29,-346.6,-661.3,6.5,340,met_borrower,True,post_cut,1,locality
VS003686,AC001299,AD001689,FA005,2026-05-29,-284.2,-690.2,7.6,194,locked_premises,False,post_cut,1,street
VS003687,AC002158,AD002784,FA005,2026-05-29,-484.2,-360.3,9.7,101,no_such_person,False,post_cut,1,locality
VS003688,AC001587,AD002045,FA005,2026-05-29,-947.6,-684.4,8.5,676,met_borrower,True,post_cut,1,locality
VS003689,AC000084,AD000105,FA005,2026-05-29,-680.7,-57.7,15.1,85,locked_premises,False,post_cut,1,locality
VS003690,AC000360,AD000456,FA005,2026-05-29,-524.5,-520.7,8.8,52,address_not_traceable,False,post_cut,1,locality
VS003691,AC001429,AD001844,FA005,2026-05-29,-452.4,-77.3,18.5,425,met_family,True,post_cut,1,street
VS003692,AC002108,AD002719,FA005,2026-05-29,-706.7,-418.6,6.2,291,no_such_person,False,post_cut,1,locality
VS003693,AC001928,AD002492,FA005,2026-05-29,-1041.1,-304.5,20.5,1151,met_borrower,True,post_cut,1,locality
VS003694,AC000308,AD000387,FA004,2026-05-29,-309.3,1732.2,7.4,226,locked_premises,False,post_cut,1,locality
VS003695,AC001958,AD002531,FA004,2026-05-29,1363.8,99.1,8.8,82,locked_premises,False,post_cut,1,locality
VS003696,AC001826,AD002357,FA004,2026-05-29,999.1,313.3,14.9,490,met_borrower,True,post_cut,1,locality
VS003697,AC001215,AD001577,FA004,2026-05-29,927.8,398.6,6.6,337,neighbour_says_shifted,False,post_cut,1,locality
VS003698,AC001966,AD002541,FA004,2026-05-29,1264.0,-1.6,6.4,65,locked_premises,False,post_cut,1,locality
VS003699,AC001601,AD002063,FA004,2026-05-29,1066.9,82.8,4.0,109,address_not_traceable,False,post_cut,1,locality
VS003700,AC001937,AD002504,FA009,2026-05-29,-2286.8,1309.0,8.8,911,met_borrower,True,post_cut,1,locality
VS003701,AC001606,AD002068,FA009,2026-05-29,-2063.1,1511.4,6.8,65,locked_premises,False,post_cut,1,locality
VS003702,AC001327,AD001722,FA009,2026-05-29,-2241.3,1294.3,11.7,502,met_family,True,post_cut,1,pincode
VS003703,AC000600,AD000774,FA009,2026-05-29,-3760.8,-771.0,14.6,190,locked_premises,False,post_cut,26,locality
VS003704,AC001298,AD001687,FA009,2026-05-29,-2846.1,1279.0,13.1,88,address_not_traceable,False,post_cut,1,locality
VS003705,AC000732,AD000944,FA009,2026-05-29,-3750.2,-758.9,18.3,143,address_not_traceable,False,post_cut,32,locality
VS003706,AC000398,AD000508,FA009,2026-05-29,-2483.9,1316.5,14.8,47,address_not_traceable,False,post_cut,1,locality
VS003707,AC000639,AD000825,FA009,2026-05-29,-2159.8,1114.3,10.1,833,met_borrower,True,post_cut,1,street
VS003708,AC001431,AD001847,FA009,2026-05-29,-3757.8,-798.2,17.1,117,locked_premises,False,post_cut,23,street
VS003709,AC001808,AD002334,FA009,2026-05-29,2336.4,-783.7,9.2,184,locked_premises,False,post_cut,23,locality
VS003710,AC000075,AD000096,FA007,2026-05-29,3580.9,560.7,6.5,1129,met_borrower,True,post_cut,1,locality
VS003711,AC001095,AD001422,FA007,2026-05-29,3921.3,508.9,24.5,757,met_borrower,True,post_cut,1,locality
VS003712,AC000036,AD000043,FA007,2026-05-29,3927.7,710.6,12.1,230,no_such_person,False,post_cut,1,street
VS003713,AC001155,AD001499,FA007,2026-05-29,3525.6,-209.5,10.8,123,locked_premises,False,post_cut,1,street
VS003714,AC000560,AD000722,FA007,2026-05-29,4045.7,356.2,20.3,507,met_borrower,True,post_cut,1,locality
VS003715,AC001420,AD001832,FA007,2026-05-29,4063.3,136.3,8.0,594,met_borrower,True,post_cut,1,street
VS003716,AC001239,AD001605,FA007,2026-05-29,3646.8,552.3,4.0,138,locked_premises,False,post_cut,1,locality
VS003717,AC001558,AD002009,FA008,2026-05-29,-912.1,-865.5,10.8,48,address_not_traceable,False,post_cut,1,locality
VS003718,AC002099,AD002708,FA008,2026-05-29,-1177.9,-608.1,9.6,410,met_family,True,post_cut,1,locality
VS003719,AC002233,AD002877,FA008,2026-05-29,-629.9,-482.0,6.0,242,met_family,True,post_cut,1,locality
VS003720,AC001944,AD002513,FA008,2026-05-29,-762.6,-387.1,11.8,123,neighbour_says_shifted,False,post_cut,1,street
VS003721,AC000832,AD001071,FA008,2026-05-29,-833.6,-695.1,11.1,967,met_borrower,True,post_cut,1,locality
VS003722,AC001438,AD001856,FA008,2026-05-29,-1095.7,-221.0,7.3,363,met_borrower,True,post_cut,1,locality
VS003723,AC000893,AD001154,FA002,2026-05-30,-2607.3,1708.7,17.5,237,locked_premises,False,post_cut,1,locality
VS003724,AC000190,AD000238,FA002,2026-05-30,-2864.7,1000.0,10.4,967,met_borrower,True,post_cut,1,locality
VS003725,AC001017,AD001314,FA002,2026-05-30,-2436.6,1276.8,5.2,205,met_family,True,post_cut,1,street
VS003726,AC000810,AD001042,FA002,2026-05-30,-2985.2,813.6,7.0,299,neighbour_says_shifted,False,post_cut,1,street
VS003727,AC001406,AD001815,FA002,2026-05-30,-2494.5,1031.2,8.0,119,locked_premises,False,post_cut,1,locality
VS003728,AC001443,AD001862,FA002,2026-05-30,-3468.1,1421.1,8.1,262,met_family,True,post_cut,1,pincode
VS003729,AC000389,AD000497,FA002,2026-05-30,-2858.8,1308.8,27.5,77,address_not_traceable,False,post_cut,1,locality
VS003730,AC000929,AD001201,FA002,2026-05-30,660.3,-2619.4,6.8,485,met_borrower,True,post_cut,1,locality
VS003731,AC000053,AD000066,FA001,2026-05-30,1142.6,-199.8,12.6,500,met_family,True,post_cut,1,locality
VS003732,AC000292,AD000366,FA001,2026-05-30,1553.2,368.7,14.5,31,address_not_traceable,False,post_cut,1,street
VS003733,AC000649,AD000836,FA001,2026-05-30,820.3,-592.1,21.2,289,met_family,True,post_cut,1,locality
VS003734,AC001605,AD002067,FA001,2026-05-30,1136.6,-48.0,20.5,49,address_not_traceable,False,post_cut,1,locality
VS003735,AC001748,AD003100,FA001,2026-05-30,1011.8,237.3,10.9,179,locked_premises,False,post_cut,1,locality
VS003736,AC001112,AD001444,FA001,2026-05-30,1047.5,-148.4,5.8,66,address_not_traceable,False,post_cut,1,locality
VS003737,AC000621,AD000802,FA003,2026-05-30,1541.7,-245.9,18.0,77,locked_premises,False,post_cut,1,locality
VS003738,AC001533,AD001973,FA003,2026-05-30,861.3,-391.7,17.1,464,met_family,True,post_cut,1,pincode
VS003739,AC000207,AD000260,FA003,2026-05-30,1009.6,-451.0,18.6,1143,met_borrower,True,post_cut,1,street
VS003740,AC002231,AD002875,FA003,2026-05-30,1273.3,171.7,15.2,796,met_borrower,True,post_cut,1,street
VS003741,AC002238,AD002882,FA003,2026-05-30,1181.5,-281.1,8.3,216,locked_premises,False,post_cut,1,pincode
VS003742,AC000441,AD000568,FA003,2026-05-30,1198.8,-844.4,10.3,111,address_not_traceable,False,post_cut,1,street
VS003743,AC000494,AD000635,FA003,2026-05-30,1481.3,-684.1,21.2,424,met_family,True,post_cut,1,locality
VS003744,AC001493,AD001927,FA006,2026-05-30,1067.2,2416.1,7.1,129,locked_premises,False,post_cut,1,pincode
VS003745,AC002282,AD002936,FA006,2026-05-30,1115.3,2994.3,43.8,222,locked_premises,False,post_cut,1,locality
VS003746,AC000146,AD000182,FA006,2026-05-30,919.2,2586.6,5.9,293,no_such_person,False,post_cut,1,locality
VS003747,AC000013,AD000016,FA006,2026-05-30,747.9,2404.4,11.7,247,neighbour_says_shifted,False,post_cut,1,street
VS003748,AC001403,AD001811,FA006,2026-05-30,697.9,3080.4,6.2,62,address_not_traceable,False,post_cut,1,locality
VS003749,AC002369,AD003050,FA006,2026-05-30,778.6,2619.2,7.2,200,locked_premises,False,post_cut,1,locality
VS003750,AC000688,AD000884,FA006,2026-05-30,935.3,2747.0,26.0,238,locked_premises,False,post_cut,1,locality
VS003751,AC000612,AD000790,FA006,2026-05-30,746.0,2558.9,4.0,59,address_not_traceable,False,post_cut,1,locality
VS003752,AC001933,AD002499,FA006,2026-05-30,853.4,2777.1,8.7,169,locked_premises,False,post_cut,1,locality
VS003753,AC000551,AD000711,FA006,2026-05-30,779.1,2470.4,12.7,353,met_family,True,post_cut,1,locality
VS003754,AC000892,AD001153,FA004,2026-05-30,-366.9,2177.6,23.4,35,address_not_traceable,False,post_cut,1,pincode
VS003755,AC001020,AD001318,FA004,2026-05-30,1138.1,101.5,17.1,257,no_such_person,False,post_cut,1,street
VS003756,AC001646,AD002123,FA004,2026-05-30,1126.5,547.2,6.1,736,met_borrower,True,post_cut,1,locality
VS003757,AC000176,AD000220,FA004,2026-05-30,1444.5,-473.3,6.8,189,neighbour_says_shifted,False,post_cut,1,locality
VS003758,AC001092,AD001417,FA004,2026-05-30,1117.1,-250.7,20.1,71,address_not_traceable,False,post_cut,1,locality
VS003759,AC001700,AD002197,FA004,2026-05-30,893.1,-231.4,7.5,408,met_family,True,post_cut,1,street
VS003760,AC000674,AD000868,FA004,2026-05-30,811.5,354.9,10.1,217,locked_premises,False,post_cut,1,locality
VS003761,AC000285,AD000358,FA005,2026-05-30,655.6,95.2,5.5,63,locked_premises,False,post_cut,1,locality
VS003762,AC000545,AD000703,FA005,2026-05-30,1184.1,121.2,12.6,95,address_not_traceable,False,post_cut,1,locality
VS003763,AC001657,AD002140,FA005,2026-05-30,956.8,-131.8,5.3,182,met_family,True,post_cut,1,locality
VS003764,AC000895,AD001156,FA005,2026-05-30,641.5,-188.0,6.9,549,met_family,True,post_cut,1,street
VS003765,AC000142,AD000178,FA005,2026-05-30,1097.1,190.2,6.0,238,locked_premises,False,post_cut,1,locality
VS003766,AC000760,AD000980,FA005,2026-05-30,1373.7,4.8,5.5,179,locked_premises,False,post_cut,1,locality
VS003767,AC000818,AD001053,FA007,2026-05-30,895.8,-710.7,12.5,237,locked_premises,False,post_cut,1,street
VS003768,AC002248,AD002896,FA007,2026-05-30,835.7,-722.2,6.5,59,address_not_traceable,False,post_cut,1,locality
VS003769,AC000456,AD000587,FA007,2026-05-30,1261.5,-470.9,16.9,84,locked_premises,False,post_cut,1,locality
VS003770,AC000337,AD000426,FA007,2026-05-30,1141.0,-601.9,10.7,62,address_not_traceable,False,post_cut,1,locality
VS003771,AC000415,AD000532,FA007,2026-05-30,1401.7,-756.5,24.0,125,neighbour_says_shifted,False,post_cut,1,locality
VS003772,AC001669,AD002157,FA007,2026-05-30,745.2,-767.7,9.2,128,locked_premises,False,post_cut,1,locality
VS003773,AC001466,AD001891,FA008,2026-05-30,-2958.5,-8.8,18.2,1260,met_borrower,True,post_cut,1,locality
VS003774,AC000074,AD000094,FA008,2026-05-30,-2658.8,-175.1,24.0,164,locked_premises,False,post_cut,1,locality
VS003775,AC001355,AD001754,FA008,2026-05-30,-2381.0,-64.0,10.4,173,no_such_person,False,post_cut,1,street
VS003776,AC000135,AD000170,FA008,2026-05-30,-2226.4,0.2,18.1,327,met_borrower,True,post_cut,1,locality
VS003777,AC000460,AD000592,FA008,2026-05-30,-4100.8,-921.5,8.0,52,address_not_traceable,False,post_cut,1,locality
VS003778,AC000126,AD000159,FA008,2026-05-30,-2843.2,-104.5,4.0,397,neighbour_says_shifted,False,post_cut,1,street
VS003779,AC000385,AD000489,FA008,2026-05-30,-2386.2,-224.7,4.2,274,no_such_person,False,post_cut,1,locality
VS003780,AC001076,AD001391,FA008,2026-05-30,-2486.5,-430.8,18.6,48,address_not_traceable,False,post_cut,1,locality
VS003781,AC002230,AD002873,FA008,2026-05-30,-2634.1,-205.1,13.5,53,address_not_traceable,False,post_cut,1,locality
VS003782,AC001465,AD001890,FA009,2026-05-30,1108.5,-495.2,12.7,221,neighbour_says_shifted,False,post_cut,1,locality
VS003783,AC000276,AD000347,FA009,2026-05-30,985.0,-2325.6,29.3,62,address_not_traceable,False,post_cut,1,pincode
VS003784,AC000410,AD000526,FA009,2026-05-30,1153.8,-536.1,18.6,270,met_family,True,post_cut,1,locality
VS003785,AC001436,AD001854,FA009,2026-05-30,2341.0,-780.9,7.7,197,locked_premises,False,post_cut,26,locality
VS003786,AC001983,AD002562,FA009,2026-05-30,1205.9,-1025.7,4.0,1264,met_borrower,True,post_cut,1,locality
VS003787,AC002040,AD002632,FA009,2026-05-30,939.3,-1067.2,7.9,45,address_not_traceable,False,post_cut,1,locality
VS003788,AC001920,AD002481,FA009,2026-05-30,-3747.7,-773.5,4.0,140,locked_premises,False,post_cut,1,locality
VS003789,AC000652,AD000840,FA003,2026-06-01,3085.8,-2452.3,10.5,558,met_borrower,True,post_cut,1,pincode
VS003790,AC002174,AD002807,FA003,2026-06-01,1594.5,-1005.6,12.0,120,locked_premises,False,post_cut,1,street
VS003791,AC000442,AD000569,FA003,2026-06-01,2881.0,-2123.8,17.4,186,locked_premises,False,post_cut,1,locality
VS003792,AC001830,AD002362,FA003,2026-06-01,2514.1,-2114.7,4.9,130,locked_premises,False,post_cut,1,locality
VS003793,AC000608,AD000785,FA003,2026-06-01,2448.8,-2245.3,10.7,113,locked_premises,False,post_cut,1,pincode
VS003794,AC002086,AD002691,FA003,2026-06-01,3329.6,-1947.3,16.6,515,met_family,True,post_cut,1,pincode
VS003795,AC000858,AD001108,FA003,2026-06-01,487.5,2350.1,17.7,624,met_borrower,True,post_cut,1,street
VS003796,AC000154,AD000193,FA003,2026-06-01,1651.9,-1602.1,10.2,90,address_not_traceable,False,post_cut,1,pincode
VS003797,AC001963,AD002537,FA003,2026-06-01,2122.3,-1764.6,14.3,98,address_not_traceable,False,post_cut,1,pincode
VS003798,AC000227,AD000287,FA003,2026-06-01,2800.9,-2425.6,20.7,131,locked_premises,False,post_cut,1,locality
VS003799,AC000918,AD001186,FA002,2026-06-01,2866.7,-2029.8,7.6,89,locked_premises,False,post_cut,1,locality
VS003800,AC001785,AD002304,FA002,2026-06-01,2585.5,-1917.2,14.3,111,address_not_traceable,False,post_cut,1,locality
VS003801,AC000413,AD000530,FA002,2026-06-01,-1081.4,-3122.2,24.5,337,met_borrower,True,post_cut,1,locality
VS003802,AC001063,AD001372,FA002,2026-06-01,3037.0,-2481.6,28.5,513,met_family,True,post_cut,1,locality
VS003803,AC001217,AD001579,FA002,2026-06-01,2478.7,-2349.5,11.1,176,no_such_person,False,post_cut,1,street
VS003804,AC001025,AD001324,FA002,2026-06-01,2662.7,-2043.6,9.6,196,locked_premises,False,post_cut,1,locality
VS003805,AC001739,AD002247,FA002,2026-06-01,1745.1,-290.3,13.4,45,address_not_traceable,False,post_cut,1,locality
VS003806,AC001368,AD001770,FA002,2026-06-01,2503.8,-2351.6,7.7,199,met_family,True,post_cut,1,locality
VS003807,AC000420,AD000541,FA002,2026-06-01,2872.1,-2532.7,6.9,411,met_family,True,post_cut,1,locality
VS003808,AC000091,AD000114,FA001,2026-06-01,2654.0,-1886.9,16.3,173,locked_premises,False,post_cut,1,street
VS003809,AC000375,AD000475,FA001,2026-06-01,2565.9,-2139.5,7.3,94,locked_premises,False,post_cut,1,locality
VS003810,AC000857,AD001105,FA001,2026-06-01,2515.9,-1952.6,6.0,111,address_not_traceable,False,post_cut,1,locality
VS003811,AC000746,AD000963,FA001,2026-06-01,1820.4,-1735.3,8.2,164,no_such_person,False,post_cut,1,pincode
VS003812,AC001409,AD001818,FA001,2026-06-01,426.9,327.7,4.4,73,address_not_traceable,False,post_cut,1,pincode
VS003813,AC002098,AD002707,FA001,2026-06-01,2415.7,-2346.4,9.6,228,locked_premises,False,post_cut,1,pincode
VS003814,AC000418,AD000538,FA005,2026-06-01,1220.0,-2008.2,4.8,351,met_borrower,True,post_cut,1,locality
VS003815,AC001353,AD001752,FA005,2026-06-01,1530.4,-2270.6,19.5,35,address_not_traceable,False,post_cut,1,locality
VS003816,AC002308,AD002973,FA005,2026-06-01,1843.7,-975.7,22.2,64,address_not_traceable,False,post_cut,1,pincode
VS003817,AC000787,AD001013,FA005,2026-06-01,1325.2,-2061.4,9.0,146,neighbour_says_shifted,False,post_cut,1,street
VS003818,AC001997,AD002576,FA005,2026-06-01,1447.6,-2353.7,10.9,131,locked_premises,False,post_cut,1,locality
VS003819,AC001597,AD002059,FA005,2026-06-01,1283.8,-2085.2,9.7,290,no_such_person,False,post_cut,1,locality
VS003820,AC001995,AD002574,FA005,2026-06-01,1745.6,-2232.8,11.4,264,neighbour_says_shifted,False,post_cut,1,locality
VS003821,AC001151,AD001495,FA005,2026-06-01,1299.6,-1778.9,8.7,237,locked_premises,False,post_cut,1,pincode
VS003822,AC000327,AD000412,FA005,2026-06-01,1362.1,-2140.9,28.8,1151,cash_collected,True,post_cut,1,street
VS003823,AC001363,AD001765,FA004,2026-06-01,2260.2,-1163.1,6.5,470,cash_collected,True,post_cut,1,locality
VS003824,AC002293,AD002953,FA004,2026-06-01,637.1,-1940.2,7.0,39,address_not_traceable,False,post_cut,1,pincode
VS003825,AC000120,AD000150,FA004,2026-06-01,2464.7,-1135.2,20.0,66,locked_premises,False,post_cut,1,locality
VS003826,AC000595,AD000768,FA004,2026-06-01,2654.4,-1637.5,21.2,1385,met_borrower,True,post_cut,1,locality
VS003827,AC000617,AD000797,FA004,2026-06-01,2441.9,-1186.4,9.9,327,neighbour_says_shifted,False,post_cut,1,locality
VS003828,AC000388,AD000495,FA004,2026-06-01,2897.1,-1407.9,11.0,225,met_family,True,post_cut,1,locality
VS003829,AC001437,AD001855,FA004,2026-06-01,2292.3,-1213.3,10.4,283,met_family,True,post_cut,1,locality
VS003830,AC002148,AD002772,FA004,2026-06-01,2543.4,-914.5,9.1,375,met_family,True,post_cut,1,locality
VS003831,AC001697,AD002194,FA006,2026-06-01,1765.8,-1732.9,15.9,200,locked_premises,False,post_cut,1,locality
VS003832,AC001720,AD002224,FA006,2026-06-01,1643.9,-1857.5,6.9,144,neighbour_says_shifted,False,post_cut,1,pincode
VS003833,AC000332,AD000419,FA006,2026-06-01,1953.1,-2329.4,38.1,261,neighbour_says_shifted,False,post_cut,1,locality
VS003834,AC000666,AD000860,FA006,2026-06-01,1324.9,-1819.9,7.8,318,neighbour_says_shifted,False,post_cut,1,locality
VS003835,AC000266,AD000336,FA006,2026-06-01,1202.3,-2014.3,12.8,390,met_borrower,True,post_cut,1,locality
VS003836,AC001177,AD001528,FA006,2026-06-01,1319.6,-2311.9,6.5,97,address_not_traceable,False,post_cut,1,locality
VS003837,AC000467,AD000600,FA006,2026-06-01,1785.0,-2467.4,15.9,234,met_family,True,post_cut,1,locality
VS003838,AC000086,AD000107,FA009,2026-06-01,2334.4,-765.7,5.5,87,locked_premises,False,post_cut,1,locality
VS003839,AC001129,AD001466,FA009,2026-06-01,2338.9,-764.5,5.6,166,met_borrower,True,post_cut,1,locality
VS003840,AC001430,AD001845,FA009,2026-06-01,3594.5,25.5,5.8,378,met_family,True,post_cut,1,locality
VS003841,AC001175,AD001524,FA009,2026-06-01,-3725.6,-774.8,8.7,153,locked_premises,False,post_cut,26,locality
VS003842,AC002123,AD002737,FA009,2026-06-01,3592.4,145.5,11.6,1024,met_borrower,True,post_cut,1,locality
VS003843,AC002016,AD002603,FA009,2026-06-01,3603.2,-34.7,14.5,350,neighbour_says_shifted,False,post_cut,1,pincode
VS003844,AC000911,AD001176,FA009,2026-06-01,3611.8,-53.1,8.9,338,met_family,True,post_cut,1,street
VS003845,AC000113,AD000142,FA009,2026-06-01,3983.1,788.8,12.1,947,met_borrower,True,post_cut,1,street
VS003846,AC001656,AD002138,FA009,2026-06-01,3847.0,571.7,9.8,539,met_family,True,post_cut,1,street
VS003847,AC000201,AD000252,FA009,2026-06-01,3678.6,466.4,4.5,78,address_not_traceable,False,post_cut,1,locality
VS003848,AC000808,AD001040,FA008,2026-06-01,921.0,-1101.5,16.3,157,locked_premises,False,post_cut,1,street
VS003849,AC002118,AD002731,FA008,2026-06-01,842.1,1616.3,4.0,168,locked_premises,False,post_cut,1,street
VS003850,AC002024,AD002614,FA008,2026-06-01,659.3,-855.0,11.6,247,neighbour_says_shifted,False,post_cut,1,locality
VS003851,AC000609,AD000787,FA008,2026-06-01,1135.4,-1210.1,11.3,328,met_family,True,post_cut,1,rooftop
VS003852,AC000926,AD001197,FA008,2026-06-01,719.5,-1491.5,9.7,906,met_borrower,True,post_cut,1,locality
VS003853,AC000191,AD000239,FA008,2026-06-01,872.9,-709.7,8.5,357,neighbour_says_shifted,False,post_cut,1,street
VS003854,AC002183,AD002819,FA008,2026-06-01,1342.3,-899.1,10.5,949,met_borrower,True,post_cut,1,pincode
VS003855,AC000443,AD000570,FA008,2026-06-01,746.6,-922.5,13.7,138,no_such_person,False,post_cut,1,locality
VS003856,AC001948,AD002520,FA008,2026-06-01,609.6,-860.7,10.7,553,met_borrower,True,post_cut,1,locality
VS003857,AC000638,AD000824,FA008,2026-06-01,1552.2,-1738.7,11.8,36,address_not_traceable,False,post_cut,1,pincode
VS003858,AC001666,AD002153,FA007,2026-06-01,3458.2,-1752.4,8.1,234,met_family,True,post_cut,1,street
VS003859,AC001141,AD001481,FA007,2026-06-01,2854.9,-1823.4,10.0,452,met_family,True,post_cut,1,locality
VS003860,AC001586,AD002044,FA007,2026-06-01,3201.5,-1952.0,4.6,90,address_not_traceable,False,post_cut,1,locality
VS003861,AC001653,AD002134,FA007,2026-06-01,3114.5,-1893.8,15.0,254,met_family,True,post_cut,1,locality
VS003862,AC001314,AD001706,FA007,2026-06-01,3368.2,-2238.1,10.0,302,neighbour_says_shifted,False,post_cut,1,locality
VS003863,AC001799,AD002321,FA007,2026-06-01,3390.2,-1727.9,6.3,1466,met_borrower,True,post_cut,1,locality
VS003864,AC000983,AD001272,FA007,2026-06-01,3104.5,-2476.7,6.4,1449,met_borrower,True,post_cut,1,locality
VS003865,AC002322,AD002988,FA007,2026-06-01,3061.1,-1916.0,5.2,85,address_not_traceable,False,post_cut,1,locality
VS003866,AC001667,AD002154,FA001,2026-06-02,744.2,-2697.3,8.0,164,locked_premises,False,post_cut,1,locality
VS003867,AC001400,AD001808,FA001,2026-06-02,811.6,-3391.6,13.2,203,locked_premises,False,post_cut,1,locality
VS003868,AC001169,AD001516,FA001,2026-06-02,2303.7,-2023.5,7.2,59,address_not_traceable,False,post_cut,1,pincode
VS003869,AC001969,AD002544,FA001,2026-06-02,617.6,-2924.9,12.3,1015,met_borrower,True,post_cut,1,locality
VS003870,AC000294,AD000369,FA001,2026-06-02,1058.4,-145.6,10.8,121,locked_premises,False,post_cut,1,locality
VS003871,AC002102,AD002711,FA001,2026-06-02,1197.8,-3165.6,14.0,955,met_borrower,True,post_cut,1,locality
VS003872,AC000891,AD001151,FA001,2026-06-02,601.2,-2883.2,10.2,159,locked_premises,False,post_cut,1,locality
VS003873,AC000226,AD000286,FA001,2026-06-02,396.7,-3331.4,9.8,1253,met_borrower,True,post_cut,1,locality
VS003874,AC001545,AD001991,FA001,2026-06-02,335.6,-3250.1,17.6,169,locked_premises,False,post_cut,1,locality
VS003875,AC000100,AD000126,FA001,2026-06-02,917.0,-3210.5,11.2,136,neighbour_says_shifted,False,post_cut,1,locality
VS003876,AC000060,AD000075,FA003,2026-06-02,2764.7,-2341.6,18.5,299,neighbour_says_shifted,False,post_cut,1,locality
VS003877,AC001900,AD002457,FA003,2026-06-02,2755.1,-1824.5,21.8,1029,met_borrower,True,post_cut,1,locality
VS003878,AC001033,AD001336,FA003,2026-06-02,2816.9,-1988.6,8.8,420,met_family,True,post_cut,1,locality
VS003879,AC002033,AD002623,FA003,2026-06-02,2905.4,-1803.3,11.0,185,neighbour_says_shifted,False,post_cut,1,pincode
VS003880,AC000310,AD000389,FA003,2026-06-02,1083.5,-1005.7,6.0,51,address_not_traceable,False,post_cut,1,pincode
VS003881,AC000204,AD000257,FA003,2026-06-02,2954.0,-2199.2,6.1,88,locked_premises,False,post_cut,1,rooftop
VS003882,AC000629,AD000813,FA003,2026-06-02,3076.7,-2249.6,12.8,105,locked_premises,False,post_cut,1,street
VS003883,AC001043,AD001348,FA003,2026-06-02,2822.8,-2422.0,8.5,117,address_not_traceable,False,post_cut,1,locality
VS003884,AC002272,AD002925,FA003,2026-06-02,2615.8,-1936.4,10.3,369,met_family,True,post_cut,1,locality
VS003885,AC000504,AD000649,FA002,2026-06-02,-2739.5,1147.3,7.5,59,address_not_traceable,False,post_cut,1,street
VS003886,AC001424,AD001836,FA002,2026-06-02,-2929.6,1023.2,6.9,91,address_not_traceable,False,post_cut,1,locality
VS003887,AC001475,AD001903,FA002,2026-06-02,1752.5,1520.5,7.5,103,address_not_traceable,False,post_cut,1,pincode
VS003888,AC000038,AD000047,FA002,2026-06-02,-2420.0,1179.0,9.6,500,met_borrower,True,post_cut,1,locality
VS003889,AC001507,AD001945,FA002,2026-06-02,-3020.0,712.1,5.4,345,neighbour_says_shifted,False,post_cut,1,locality
VS003890,AC001909,AD002468,FA002,2026-06-02,-3058.4,1466.4,8.2,287,no_such_person,False,post_cut,1,locality
VS003891,AC001942,AD002510,FA002,2026-06-02,-1513.1,2638.0,19.9,54,address_not_traceable,False,post_cut,1,locality
VS003892,AC001610,AD002074,FA006,2026-06-02,1749.1,-1651.8,12.3,442,met_borrower,True,post_cut,1,street
VS003893,AC001556,AD002007,FA006,2026-06-02,1186.4,-2096.8,13.0,163,locked_premises,False,post_cut,1,locality
VS003894,AC001080,AD001397,FA006,2026-06-02,1841.6,-1505.9,9.1,270,met_family,True,post_cut,1,locality
VS003895,AC001907,AD002466,FA006,2026-06-02,1804.8,-1989.7,21.7,390,met_borrower,True,post_cut,1,locality
VS003896,AC002141,AD002763,FA006,2026-06-02,1799.5,-2204.9,6.7,152,locked_premises,False,post_cut,1,locality
VS003897,AC001696,AD002193,FA006,2026-06-02,1318.9,-1737.8,8.6,91,address_not_traceable,False,post_cut,1,locality
VS003898,AC001343,AD001741,FA006,2026-06-02,1560.7,-1871.0,17.9,90,locked_premises,False,post_cut,1,locality
VS003899,AC000164,AD000204,FA005,2026-06-02,993.7,2519.7,4.7,299,met_family,True,post_cut,1,locality
VS003900,AC002303,AD002966,FA005,2026-06-02,1878.9,-2078.6,11.6,225,address_not_traceable,False,post_cut,1,locality
VS003901,AC001529,AD003098,FA005,2026-06-02,780.2,3095.9,7.0,1339,met_borrower,True,post_cut,1,locality
VS003902,AC002116,AD002728,FA005,2026-06-02,611.3,2694.7,4.0,74,address_not_traceable,False,post_cut,1,locality
VS003903,AC001596,AD002057,FA005,2026-06-02,1102.1,2902.7,13.6,328,met_family,True,post_cut,1,pincode
VS003904,AC001122,AD001457,FA005,2026-06-02,1030.4,2568.0,17.5,155,neighbour_says_shifted,False,post_cut,1,locality
VS003905,AC002094,AD002701,FA005,2026-06-02,1717.5,1347.6,13.6,79,address_not_traceable,False,post_cut,1,pincode
VS003906,AC001705,AD002206,FA005,2026-06-02,1030.4,2923.8,17.9,123,locked_premises,False,post_cut,1,locality
VS003907,AC001158,AD001503,FA004,2026-06-02,3141.3,-1438.7,25.6,258,neighbour_says_shifted,False,post_cut,1,street
VS003908,AC002389,AD003077,FA004,2026-06-02,2936.0,-1504.2,7.1,83,locked_premises,False,post_cut,1,locality
VS003909,AC001965,AD002540,FA004,2026-06-02,2479.7,-1591.7,14.0,400,met_family,True,post_cut,1,locality
VS003910,AC001506,AD001944,FA004,2026-06-02,2462.9,-668.0,8.4,465,met_borrower,True,post_cut,1,locality
VS003911,AC001117,AD001450,FA004,2026-06-02,2503.4,-918.2,17.7,296,neighbour_says_shifted,False,post_cut,1,street
VS003912,AC001296,AD001683,FA004,2026-06-02,2696.6,-1371.9,8.0,210,met_family,True,post_cut,1,locality
VS003913,AC000878,AD001134,FA004,2026-06-02,728.4,-3206.1,15.9,38,address_not_traceable,False,post_cut,1,locality
VS003914,AC001636,AD002111,FA004,2026-06-02,3153.8,-1467.2,11.6,105,address_not_traceable,False,post_cut,1,pincode
VS003915,AC001753,AD002262,FA004,2026-06-02,2714.3,-1772.2,7.3,1039,met_borrower,True,post_cut,1,locality
VS003916,AC002195,AD002832,FA004,2026-06-02,2689.6,-1013.5,6.7,466,met_family,True,post_cut,1,locality
VS003917,AC000838,AD001079,FA008,2026-06-02,-2570.4,-31.3,5.3,480,met_family,True,post_cut,1,rooftop
VS003918,AC001031,AD001333,FA008,2026-06-02,-2531.4,-279.7,22.2,50,address_not_traceable,False,post_cut,1,locality
VS003919,AC001987,AD002566,FA008,2026-06-02,-2645.2,-93.4,21.2,185,locked_premises,False,post_cut,1,locality
VS003920,AC001727,AD002233,FA008,2026-06-02,-2574.1,-524.7,4.8,291,neighbour_says_shifted,False,post_cut,1,street
VS003921,AC000481,AD000617,FA008,2026-06-02,-3008.9,9.7,18.1,315,met_family,True,post_cut,1,locality
VS003922,AC000158,AD000197,FA008,2026-06-02,-2680.9,-139.7,5.4,1446,met_borrower,True,post_cut,1,locality
VS003923,AC000737,AD000950,FA008,2026-06-02,-3032.1,-243.2,5.2,232,met_family,True,post_cut,1,locality
VS003924,AC002006,AD002590,FA008,2026-06-02,-2544.3,-433.3,11.6,110,address_not_traceable,False,post_cut,1,locality
VS003925,AC001873,AD002415,FA008,2026-06-02,-2623.7,-71.8,6.2,330,met_family,True,post_cut,1,street
VS003926,AC002224,AD002867,FA007,2026-06-02,-2353.6,1705.9,10.8,242,neighbour_says_shifted,False,post_cut,1,locality
VS003927,AC002254,AD002903,FA007,2026-06-02,-2263.3,1647.0,7.7,197,locked_premises,False,post_cut,1,street
VS003928,AC002090,AD002696,FA007,2026-06-02,-2549.8,923.2,4.0,744,met_borrower,True,post_cut,1,locality
VS003929,AC000256,AD000323,FA007,2026-06-02,-2575.9,1819.2,16.7,349,met_borrower,True,post_cut,1,street
VS003930,AC001451,AD001873,FA007,2026-06-02,-706.7,-2194.0,8.3,430,met_borrower,True,post_cut,1,rooftop
VS003931,AC001105,AD001436,FA007,2026-06-02,-2240.1,1231.2,11.9,233,met_family,True,post_cut,1,locality
VS003932,AC002136,AD002756,FA007,2026-06-02,-1958.8,1997.3,4.9,86,address_not_traceable,False,post_cut,1,pincode
VS003933,AC001216,AD001578,FA007,2026-06-02,-2164.0,1694.5,26.0,376,met_family,True,post_cut,1,locality
VS003934,AC001567,AD002023,FA007,2026-06-02,-2729.4,1809.4,4.5,413,met_family,True,post_cut,1,locality
VS003935,AC000937,AD001212,FA007,2026-06-02,-2988.0,1340.5,24.6,232,neighbour_says_shifted,False,post_cut,1,pincode
VS003936,AC000271,AD000342,FA009,2026-06-02,3412.0,442.7,15.4,43,address_not_traceable,False,post_cut,1,locality
VS003937,AC001461,AD001885,FA009,2026-06-02,432.9,-603.0,5.0,116,address_not_traceable,False,post_cut,1,pincode
VS003938,AC001404,AD001812,FA009,2026-06-02,3574.5,468.6,7.2,869,met_borrower,True,post_cut,1,locality
VS003939,AC001212,AD001574,FA009,2026-06-02,4014.6,107.4,12.4,95,no_such_person,False,post_cut,1,street
VS003940,AC001488,AD001920,FA009,2026-06-02,3519.1,662.6,12.9,264,met_family,True,post_cut,1,locality
VS003941,AC002169,AD002799,FA009,2026-06-02,2310.0,-793.8,12.0,205,locked_premises,False,post_cut,32,street
VS003942,AC002399,AD003088,FA009,2026-06-02,3359.7,-2019.9,14.8,42,address_not_traceable,False,post_cut,1,locality
VS003943,AC000151,AD000190,FA009,2026-06-02,2341.1,-763.1,10.8,239,locked_premises,False,post_cut,1,locality
VS003944,AC000916,AD001183,FA009,2026-06-02,-3768.2,-756.6,25.3,65,address_not_traceable,False,post_cut,1,locality
VS003945,AC000604,AD000779,FA002,2026-06-03,2177.4,643.1,7.1,1242,met_borrower,True,post_cut,1,locality
VS003946,AC001086,AD001408,FA002,2026-06-03,2627.6,942.9,8.7,292,met_family,True,post_cut,1,locality
VS003947,AC000519,AD000669,FA002,2026-06-03,2261.8,615.0,6.1,766,met_borrower,True,post_cut,1,locality
VS003948,AC001447,AD001867,FA002,2026-06-03,2725.0,1314.5,15.1,87,address_not_traceable,False,post_cut,1,street
VS003949,AC000751,AD000970,FA002,2026-06-03,2723.2,1509.4,14.0,458,met_borrower,True,post_cut,1,locality
VS003950,AC000934,AD001207,FA002,2026-06-03,2520.6,902.4,7.4,90,locked_premises,False,post_cut,1,locality
VS003951,AC000518,AD000668,FA002,2026-06-03,2278.7,970.1,20.9,482,met_family,True,post_cut,1,locality
VS003952,AC001733,AD002239,FA002,2026-06-03,1933.9,1437.3,7.9,35,address_not_traceable,False,post_cut,1,pincode
VS003953,AC000089,AD000112,FA002,2026-06-03,959.7,-2815.7,8.1,70,address_not_traceable,False,post_cut,1,locality
VS003954,AC001834,AD002367,FA002,2026-06-03,2108.7,753.0,7.1,1479,met_borrower,True,post_cut,1,locality
VS003955,AC001290,AD001676,FA001,2026-06-03,1125.6,-3443.4,4.6,163,locked_premises,False,post_cut,1,pincode
VS003956,AC000927,AD001198,FA001,2026-06-03,566.9,-2780.6,7.0,1377,met_borrower,True,post_cut,1,pincode
VS003957,AC002188,AD002825,FA001,2026-06-03,708.4,-3098.0,19.8,62,locked_premises,False,post_cut,1,locality
VS003958,AC000068,AD000085,FA001,2026-06-03,980.0,-3131.9,7.8,88,address_not_traceable,False,post_cut,1,locality
VS003959,AC001665,AD002151,FA001,2026-06-03,1395.9,-2921.4,4.1,332,met_borrower,True,post_cut,1,street
VS003960,AC002239,AD002883,FA001,2026-06-03,475.5,-2880.8,11.1,109,address_not_traceable,False,post_cut,1,locality
VS003961,AC001003,AD001295,FA001,2026-06-03,566.9,-2882.6,11.2,74,address_not_traceable,False,post_cut,1,locality
VS003962,AC001759,AD002270,FA001,2026-06-03,577.1,-2939.9,32.6,129,locked_premises,False,post_cut,1,locality
VS003963,AC001945,AD002514,FA001,2026-06-03,742.3,-3291.9,5.1,104,locked_premises,False,post_cut,1,rooftop
VS003964,AC000909,AD001174,FA003,2026-06-03,2592.6,-1920.3,6.8,281,neighbour_says_shifted,False,post_cut,1,rooftop
VS003965,AC001875,AD002419,FA003,2026-06-03,2558.4,-2343.8,11.3,392,met_family,True,post_cut,1,street
VS003966,AC001392,AD001799,FA003,2026-06-03,3214.5,-2268.2,13.7,192,met_family,True,post_cut,1,locality
VS003967,AC002372,AD003053,FA003,2026-06-03,3289.1,-2185.5,7.0,792,met_borrower,True,post_cut,1,street
VS003968,AC000853,AD001100,FA003,2026-06-03,2902.8,-2551.2,12.8,449,met_family,True,post_cut,1,locality
VS003969,AC001305,AD001695,FA003,2026-06-03,2381.0,-2118.6,29.6,1349,met_borrower,True,post_cut,1,locality
VS003970,AC001865,AD002404,FA003,2026-06-03,3073.5,-1966.3,4.0,172,neighbour_says_shifted,False,post_cut,1,locality
VS003971,AC000654,AD000843,FA003,2026-06-03,2717.0,-2622.3,4.0,158,no_such_person,False,post_cut,1,pincode
VS003972,AC001788,AD002307,FA003,2026-06-03,2390.3,-2388.3,11.7,180,locked_premises,False,post_cut,1,locality
VS003973,AC001439,AD001857,FA006,2026-06-03,1648.8,-2235.0,4.1,574,met_family,True,post_cut,1,locality
VS003974,AC001890,AD002441,FA006,2026-06-03,-419.6,-515.2,11.4,1020,met_borrower,True,post_cut,1,street
VS003975,AC002311,AD002976,FA006,2026-06-03,1385.4,-1659.8,6.7,71,locked_premises,False,post_cut,1,locality
VS003976,AC000374,AD000473,FA006,2026-06-03,1419.5,-1897.1,5.8,258,met_family,True,post_cut,1,locality
VS003977,AC000669,AD000863,FA006,2026-06-03,1813.0,-1447.8,9.8,104,address_not_traceable,False,post_cut,1,street
VS003978,AC001655,AD002136,FA006,2026-06-03,1841.0,-2206.8,26.0,192,locked_premises,False,post_cut,1,street
VS003979,AC000699,AD000901,FA006,2026-06-03,1882.3,-2148.6,5.0,112,locked_premises,False,post_cut,1,locality
VS003980,AC001221,AD001584,FA006,2026-06-03,1382.3,-1870.2,4.2,224,neighbour_says_shifted,False,post_cut,1,locality
VS003981,AC000349,AD000443,FA006,2026-06-03,689.6,-3382.4,6.9,62,address_not_traceable,False,post_cut,1,locality
VS003982,AC001954,AD002526,FA006,2026-06-03,1409.2,-2130.7,11.1,546,met_borrower,True,post_cut,1,locality
VS003983,AC001637,AD002112,FA004,2026-06-03,-350.6,3285.7,8.0,52,address_not_traceable,False,post_cut,1,street
VS003984,AC001813,AD002341,FA004,2026-06-03,1084.2,2712.3,10.3,50,address_not_traceable,False,post_cut,1,locality
VS003985,AC001676,AD002166,FA004,2026-06-03,-977.9,3015.1,11.2,120,no_such_person,False,post_cut,1,locality
VS003986,AC000224,AD000284,FA004,2026-06-03,-306.1,3232.5,35.8,294,neighbour_says_shifted,False,post_cut,1,street
VS003987,AC000879,AD001135,FA004,2026-06-03,-941.1,2965.7,9.9,107,locked_premises,False,post_cut,1,locality
VS003988,AC001282,AD001662,FA004,2026-06-03,-459.5,3152.7,12.7,516,met_family,True,post_cut,1,locality
VS003989,AC000014,AD000017,FA004,2026-06-03,-1058.4,2983.7,4.0,82,locked_premises,False,post_cut,1,street
VS003990,AC001555,AD002005,FA004,2026-06-03,-972.9,2911.9,8.6,113,address_not_traceable,False,post_cut,1,locality
VS003991,AC000033,AD000039,FA004,2026-06-03,-557.2,2513.2,18.4,309,met_borrower,True,post_cut,1,street
VS003992,AC000769,AD000991,FA004,2026-06-03,-674.8,2935.6,4.0,54,address_not_traceable,False,post_cut,1,locality
VS003993,AC001277,AD001654,FA005,2026-06-03,1072.3,2470.9,9.3,361,neighbour_says_shifted,False,post_cut,1,locality
VS003994,AC000896,AD001158,FA005,2026-06-03,927.7,2564.5,8.6,535,met_family,True,post_cut,1,locality
VS003995,AC000209,AD000263,FA005,2026-06-03,841.0,2745.9,8.4,50,address_not_traceable,False,post_cut,1,locality
VS003996,AC001100,AD001430,FA005,2026-06-03,1296.5,2878.4,4.2,298,met_family,True,post_cut,1,locality
VS003997,AC000556,AD000718,FA005,2026-06-03,975.7,2630.0,8.6,72,address_not_traceable,False,post_cut,1,locality
VS003998,AC001783,AD002302,FA005,2026-06-03,1119.9,2528.2,29.8,161,locked_premises,False,post_cut,1,locality
VS003999,AC001716,AD002218,FA005,2026-06-03,1007.8,2616.1,20.7,1270,met_borrower,True,post_cut,1,locality
VS004000,AC000641,AD000828,FA007,2026-06-03,-2046.9,-1513.6,14.2,62,address_not_traceable,False,post_cut,1,pincode
VS004001,AC001846,AD002380,FA007,2026-06-03,3155.8,-2409.1,9.5,72,address_not_traceable,False,post_cut,1,street
VS004002,AC001498,AD001934,FA007,2026-06-03,-3024.6,-693.6,24.2,145,locked_premises,False,post_cut,1,locality
VS004003,AC000027,AD000031,FA007,2026-06-03,3004.5,-2446.6,15.5,405,met_family,True,post_cut,1,locality
VS004004,AC001364,AD001766,FA007,2026-06-03,3109.2,-1912.7,12.8,40,address_not_traceable,False,post_cut,1,locality
VS004005,AC001208,AD001569,FA007,2026-06-03,1899.5,-3258.6,4.6,107,address_not_traceable,False,post_cut,1,pincode
VS004006,AC000887,AD001146,FA007,2026-06-03,557.1,275.9,5.7,86,address_not_traceable,False,post_cut,1,pincode
VS004007,AC002042,AD002635,FA007,2026-06-03,3235.7,-2209.1,13.5,148,locked_premises,False,post_cut,1,locality
VS004008,AC000864,AD001116,FA007,2026-06-03,3110.1,-1938.9,7.6,73,locked_premises,False,post_cut,1,locality
VS004009,AC000216,AD000273,FA009,2026-06-03,-897.9,-1662.7,13.4,64,address_not_traceable,False,post_cut,1,pincode
VS004010,AC000559,AD000721,FA009,2026-06-03,-3061.2,-116.3,5.8,970,met_borrower,True,post_cut,1,locality
VS004011,AC000228,AD000288,FA009,2026-06-03,-3739.0,-762.2,14.6,214,met_family,True,post_cut,1,locality
VS004012,AC001970,AD002546,FA009,2026-06-03,-2310.3,-425.1,15.0,182,locked_premises,False,post_cut,1,locality
VS004013,AC002312,AD002977,FA009,2026-06-03,-2692.4,-507.4,15.9,193,locked_premises,False,post_cut,1,locality
VS004014,AC000063,AD000078,FA009,2026-06-03,-2524.9,-149.1,4.0,277,no_such_person,False,post_cut,1,locality
VS004015,AC001480,AD001908,FA009,2026-06-03,2333.4,-764.9,6.7,149,locked_premises,False,post_cut,26,street
VS004016,AC000907,AD001171,FA009,2026-06-03,-2341.0,-427.8,20.5,64,address_not_traceable,False,post_cut,1,locality
VS004017,AC001744,AD002252,FA009,2026-06-03,-3040.2,-695.6,5.6,538,met_family,True,post_cut,1,locality
VS004018,AC001204,AD001564,FA008,2026-06-03,-491.8,-3504.7,15.9,37,address_not_traceable,False,post_cut,1,locality
VS004019,AC000396,AD000505,FA008,2026-06-03,-1976.9,-1122.9,12.6,86,address_not_traceable,False,post_cut,1,pincode
VS004020,AC001509,AD001947,FA008,2026-06-03,-161.0,-3574.6,32.9,113,address_not_traceable,False,post_cut,1,locality
VS004021,AC001615,AD002083,FA008,2026-06-03,-264.8,-4122.6,11.4,558,met_family,True,post_cut,1,locality
VS004022,AC001445,AD001864,FA008,2026-06-03,-171.0,-3886.7,6.2,237,met_family,True,post_cut,1,rooftop
VS004023,AC001675,AD002164,FA008,2026-06-03,-210.7,-3918.0,23.3,139,locked_premises,False,post_cut,1,locality
VS004024,AC000491,AD000632,FA008,2026-06-03,-918.3,-3860.8,8.8,276,neighbour_says_shifted,False,post_cut,1,locality
VS004025,AC002111,AD002722,FA008,2026-06-03,-1255.7,-1615.2,16.4,87,address_not_traceable,False,post_cut,1,pincode
VS004026,AC001947,AD002519,FA008,2026-06-03,-245.6,2878.9,6.7,150,locked_premises,False,post_cut,1,locality
VS004027,AC000953,AD001233,FA001,2026-06-04,2532.0,-2365.4,10.0,1364,met_borrower,True,post_cut,1,locality
VS004028,AC001103,AD001433,FA001,2026-06-04,2656.8,-2478.3,18.7,184,met_family,True,post_cut,1,street
VS004029,AC000517,AD000667,FA001,2026-06-04,2265.3,-2342.6,7.0,1028,met_borrower,True,post_cut,1,locality
VS004030,AC001348,AD001746,FA001,2026-06-04,1019.1,-108.6,14.5,133,met_borrower,True,post_cut,1,locality
VS004031,AC000741,AD000955,FA001,2026-06-04,3079.0,-1899.8,8.7,290,neighbour_says_shifted,False,post_cut,1,locality
VS004032,AC000506,AD000652,FA001,2026-06-04,2848.7,-2271.8,10.6,76,locked_premises,False,post_cut,1,locality
VS004033,AC000955,AD001236,FA002,2026-06-04,3038.2,-2663.8,9.4,73,address_not_traceable,False,post_cut,1,locality
VS004034,AC000408,AD000524,FA002,2026-06-04,2593.2,-1649.5,10.8,250,met_family,True,post_cut,1,street
VS004035,AC000712,AD000919,FA002,2026-06-04,2991.1,-2341.6,9.7,999,met_borrower,True,post_cut,1,locality
VS004036,AC000484,AD000622,FA002,2026-06-04,2475.8,-2536.3,23.4,523,met_family,True,post_cut,1,locality
VS004037,AC000971,AD001256,FA002,2026-06-04,3310.1,-1994.4,9.3,185,neighbour_says_shifted,False,post_cut,1,locality
VS004038,AC001806,AD002332,FA002,2026-06-04,1351.2,-1710.4,12.7,57,address_not_traceable,False,post_cut,1,pincode
VS004039,AC001408,AD003099,FA002,2026-06-04,2733.6,-2296.7,19.4,147,locked_premises,False,post_cut,1,locality
VS004040,AC000958,AD001240,FA003,2026-06-04,1329.0,-221.5,6.1,207,neighbour_says_shifted,False,post_cut,1,locality
VS004041,AC000804,AD001035,FA003,2026-06-04,800.2,-347.5,11.9,1225,met_borrower,True,post_cut,1,locality
VS004042,AC000610,AD000788,FA003,2026-06-04,1173.6,-298.0,12.5,95,no_such_person,False,post_cut,1,locality
VS004043,AC000384,AD000488,FA003,2026-06-04,1237.1,226.1,9.3,168,neighbour_says_shifted,False,post_cut,1,pincode
VS004044,AC002018,AD002606,FA003,2026-06-04,1223.5,-171.9,11.0,361,met_family,True,post_cut,1,locality
VS004045,AC000196,AD000247,FA003,2026-06-04,1770.0,-1290.8,21.4,39,address_not_traceable,False,post_cut,1,pincode
VS004046,AC001458,AD001881,FA003,2026-06-04,688.0,23.7,5.9,121,locked_premises,False,post_cut,1,locality
VS004047,AC002329,AD002995,FA003,2026-06-04,974.9,-186.3,9.5,109,address_not_traceable,False,post_cut,1,locality
VS004048,AC000844,AD001088,FA003,2026-06-04,1327.7,-221.4,14.5,1108,cash_collected,True,post_cut,1,locality
VS004049,AC002185,AD002821,FA006,2026-06-04,1288.2,-2225.0,23.1,117,locked_premises,False,post_cut,1,locality
VS004050,AC002065,AD002665,FA006,2026-06-04,-136.2,1093.6,15.8,172,no_such_person,False,post_cut,1,locality
VS004051,AC001421,AD001833,FA006,2026-06-04,1524.9,-2395.6,15.6,199,neighbour_says_shifted,False,post_cut,1,locality
VS004052,AC002062,AD002661,FA006,2026-06-04,1770.1,-1738.1,5.9,324,met_family,True,post_cut,1,pincode
VS004053,AC000138,AD000173,FA006,2026-06-04,1433.7,-2341.3,4.0,321,met_family,True,post_cut,1,locality
VS004054,AC002165,AD002794,FA006,2026-06-04,1676.6,-2291.9,11.0,468,met_family,True,post_cut,1,locality
VS004055,AC000747,AD000964,FA006,2026-06-04,1392.4,-1852.0,4.0,117,address_not_traceable,False,post_cut,1,locality
VS004056,AC000028,AD000032,FA006,2026-06-04,1755.8,-1801.9,7.0,76,locked_premises,False,post_cut,1,locality
VS004057,AC000465,AD000598,FA006,2026-06-04,1599.9,-2337.5,12.5,272,neighbour_says_shifted,False,post_cut,1,locality
VS004058,AC001764,AD002278,FA006,2026-06-04,740.5,1473.0,7.5,63,address_not_traceable,False,post_cut,1,locality
VS004059,AC002343,AD003015,FA004,2026-06-04,969.8,2448.6,21.1,300,met_borrower,True,post_cut,1,locality
VS004060,AC002069,AD002669,FA004,2026-06-04,-853.2,46.3,5.8,48,address_not_traceable,False,post_cut,1,pincode
VS004061,AC001307,AD001697,FA004,2026-06-04,852.5,3225.1,17.9,615,met_borrower,True,post_cut,1,street
VS004062,AC002378,AD003060,FA004,2026-06-04,848.0,2790.4,10.1,115,locked_premises,False,post_cut,1,locality
VS004063,AC000614,AD000792,FA004,2026-06-04,928.1,2480.8,8.4,226,locked_premises,False,post_cut,1,locality
VS004064,AC000023,AD000027,FA004,2026-06-04,978.7,2922.7,8.6,69,address_not_traceable,False,post_cut,1,locality
VS004065,AC000040,AD000049,FA004,2026-06-04,759.7,2427.4,11.8,193,locked_premises,False,post_cut,1,locality
VS004066,AC002381,AD003066,FA004,2026-06-04,2379.7,-1173.3,5.4,911,met_borrower,True,post_cut,1,locality
VS004067,AC001961,AD002535,FA005,2026-06-04,3335.0,285.4,9.2,59,address_not_traceable,False,post_cut,1,locality
VS004068,AC002133,AD002751,FA005,2026-06-04,3256.4,275.0,7.7,114,locked_premises,False,post_cut,1,locality
VS004069,AC001761,AD002272,FA005,2026-06-04,3067.8,618.1,11.5,95,address_not_traceable,False,post_cut,1,locality
VS004070,AC000969,AD001254,FA005,2026-06-04,2719.1,260.7,15.6,119,locked_premises,False,post_cut,1,street
VS004071,AC001331,AD001726,FA005,2026-06-04,2881.7,818.0,14.2,176,locked_premises,False,post_cut,1,street
VS004072,AC001585,AD002043,FA005,2026-06-04,2973.5,91.8,20.4,84,locked_premises,False,post_cut,1,locality
VS004073,AC002035,AD002626,FA005,2026-06-04,3128.8,450.2,9.6,99,locked_premises,False,post_cut,1,locality
VS004074,AC001319,AD001712,FA005,2026-06-04,3069.5,682.8,6.3,105,no_such_person,False,post_cut,1,locality
VS004075,AC000064,AD000079,FA007,2026-06-04,935.3,-1082.6,9.9,117,address_not_traceable,False,post_cut,1,street
VS004076,AC000497,AD000639,FA007,2026-06-04,1083.7,-984.3,12.7,144,locked_premises,False,post_cut,1,street
VS004077,AC000874,AD001128,FA007,2026-06-04,1010.3,-734.3,15.5,45,address_not_traceable,False,post_cut,1,locality
VS004078,AC001079,AD001395,FA007,2026-06-04,1391.2,-1108.2,10.9,200,locked_premises,False,post_cut,1,locality
VS004079,AC000520,AD000671,FA007,2026-06-04,1393.5,-955.7,7.3,521,met_family,True,post_cut,1,locality
VS004080,AC000123,AD000155,FA007,2026-06-04,1158.3,-597.3,7.6,326,met_family,True,post_cut,1,street
VS004081,AC001625,AD002096,FA008,2026-06-04,3609.2,748.2,9.7,556,met_borrower,True,post_cut,1,street
VS004082,AC001792,AD002311,FA008,2026-06-04,3163.4,-1501.6,6.8,78,address_not_traceable,False,post_cut,1,locality
VS004083,AC001046,AD001352,FA008,2026-06-04,3919.0,349.8,12.3,573,met_family,True,post_cut,1,locality
VS004084,AC000501,AD000645,FA008,2026-06-04,3602.0,-3.3,14.2,149,neighbour_says_shifted,False,post_cut,1,locality
VS004085,AC002243,AD002889,FA008,2026-06-04,4055.9,81.9,10.3,181,neighbour_says_shifted,False,post_cut,1,locality
VS004086,AC001350,AD001749,FA008,2026-06-04,2531.0,675.0,8.9,41,address_not_traceable,False,post_cut,1,pincode
VS004087,AC001536,AD001977,FA008,2026-06-04,3613.1,268.2,8.2,109,address_not_traceable,False,post_cut,1,locality
VS004088,AC002279,AD002933,FA009,2026-06-04,911.8,-717.0,10.7,1065,met_borrower,True,post_cut,1,locality
VS004089,AC000464,AD000596,FA009,2026-06-04,2334.3,-745.7,15.3,92,address_not_traceable,False,post_cut,32,locality
VS004090,AC000182,AD000227,FA009,2026-06-04,2317.0,-782.4,11.8,175,met_borrower,True,post_cut,1,locality
VS004091,AC000356,AD000451,FA009,2026-06-04,982.6,-456.9,20.7,516,met_family,True,post_cut,1,locality
VS004092,AC001893,AD002445,FA009,2026-06-04,2304.9,-768.1,17.2,212,address_not_traceable,False,post_cut,1,locality
VS004093,AC002206,AD002848,FA009,2026-06-04,971.1,-762.9,13.5,290,neighbour_says_shifted,False,post_cut,1,locality
VS004094,AC001273,AD001649,FA002,2026-06-05,2322.5,-2481.8,11.4,262,met_family,True,post_cut,1,locality
VS004095,AC001738,AD002246,FA002,2026-06-05,2435.4,-2330.3,11.5,658,met_borrower,True,post_cut,1,rooftop
VS004096,AC000103,AD000129,FA002,2026-06-05,3035.2,-2066.1,37.1,589,met_family,True,post_cut,1,locality
VS004097,AC001139,AD001479,FA002,2026-06-05,2974.9,-2507.2,14.2,72,locked_premises,False,post_cut,1,locality
VS004098,AC000289,AD000363,FA002,2026-06-05,2708.2,-2620.4,8.6,227,met_family,True,post_cut,1,locality
VS004099,AC002260,AD002911,FA002,2026-06-05,3003.0,-2277.3,8.0,637,met_borrower,True,post_cut,1,locality
VS004100,AC002336,AD003004,FA002,2026-06-05,3000.1,-2507.0,14.6,1243,met_borrower,True,post_cut,1,locality
VS004101,AC000110,AD000138,FA003,2026-06-05,315.6,-3034.1,11.2,765,met_borrower,True,post_cut,1,street
VS004102,AC000475,AD000608,FA003,2026-06-05,915.4,-3354.9,7.2,1118,met_borrower,True,post_cut,1,locality
VS004103,AC001685,AD002179,FA003,2026-06-05,1188.6,-1646.0,19.6,130,no_such_person,False,post_cut,1,pincode
VS004104,AC000726,AD000936,FA003,2026-06-05,1047.6,-2749.9,5.4,1458,met_borrower,True,post_cut,1,locality
VS004105,AC001599,AD002061,FA003,2026-06-05,1147.3,-2966.1,4.0,1461,met_borrower,True,post_cut,1,street
VS004106,AC000840,AD001083,FA003,2026-06-05,871.0,-3507.0,5.4,156,no_such_person,False,post_cut,1,street
VS004107,AC002034,AD002624,FA003,2026-06-05,543.1,-3603.8,17.1,244,met_family,True,post_cut,1,locality
VS004108,AC001232,AD003102,FA003,2026-06-05,1002.8,-3180.2,5.6,178,locked_premises,False,post_cut,1,locality
VS004109,AC000843,AD001087,FA003,2026-06-05,2292.2,-1891.7,15.8,67,address_not_traceable,False,post_cut,1,pincode
VS004110,AC002275,AD002928,FA003,2026-06-05,1150.3,-3185.9,11.1,403,met_family,True,post_cut,1,locality
VS004111,AC000945,AD001224,FA001,2026-06-05,2785.7,-1970.8,15.9,91,address_not_traceable,False,post_cut,1,locality
VS004112,AC001206,AD001567,FA001,2026-06-05,2844.4,-2208.0,16.0,76,locked_premises,False,post_cut,1,locality
VS004113,AC002255,AD002904,FA001,2026-06-05,2815.0,-1958.7,6.1,170,no_such_person,False,post_cut,1,locality
VS004114,AC001938,AD002505,FA001,2026-06-05,2942.8,-2655.8,18.1,265,met_family,True,post_cut,1,locality
VS004115,AC002137,AD002757,FA001,2026-06-05,2395.9,-2150.8,8.3,351,neighbour_says_shifted,False,post_cut,1,street
VS004116,AC000163,AD000203,FA001,2026-06-05,2668.4,-2477.8,10.1,561,met_borrower,True,post_cut,1,locality
VS004117,AC001068,AD001380,FA004,2026-06-05,1394.8,-1880.4,6.2,548,met_family,True,post_cut,1,locality
VS004118,AC000179,AD000223,FA004,2026-06-05,1899.6,-2175.9,14.9,149,locked_premises,False,post_cut,1,locality
VS004119,AC000800,AD001031,FA004,2026-06-05,1474.7,-2047.2,10.1,1122,met_borrower,True,post_cut,1,street
VS004120,AC000435,AD000560,FA004,2026-06-05,1306.6,-2461.2,24.8,182,met_family,True,post_cut,1,locality
VS004121,AC001146,AD001487,FA004,2026-06-05,1703.1,-1846.7,6.3,264,no_such_person,False,post_cut,1,locality
VS004122,AC002364,AD003044,FA004,2026-06-05,1267.0,-2740.2,8.1,349,neighbour_says_shifted,False,post_cut,1,rooftop
VS004123,AC001205,AD001566,FA004,2026-06-05,1260.9,-2300.1,8.7,84,address_not_traceable,False,post_cut,1,locality
VS004124,AC000877,AD001131,FA004,2026-06-05,1105.6,-1749.5,15.7,347,met_family,True,post_cut,1,locality
VS004125,AC000656,AD000846,FA006,2026-06-05,-1863.1,-3266.7,5.0,293,met_family,True,post_cut,1,pincode
VS004126,AC001272,AD001647,FA006,2026-06-05,-1644.6,-2897.4,5.4,241,met_family,True,post_cut,1,locality
VS004127,AC001114,AD001447,FA006,2026-06-05,-1340.8,-2845.6,7.4,810,met_borrower,True,post_cut,1,street
VS004128,AC000301,AD000379,FA006,2026-06-05,-2105.0,-2709.7,13.7,1431,met_borrower,True,post_cut,1,locality
VS004129,AC001651,AD002131,FA006,2026-06-05,-1536.9,-2450.1,11.7,116,locked_premises,False,post_cut,1,locality
VS004130,AC000155,AD000194,FA006,2026-06-05,-1366.6,-1438.8,32.4,36,address_not_traceable,False,post_cut,1,pincode
VS004131,AC002112,AD002723,FA006,2026-06-05,-1714.8,-2746.0,14.0,106,address_not_traceable,False,post_cut,1,locality
VS004132,AC000521,AD000672,FA005,2026-06-05,802.1,2617.6,5.8,365,met_family,True,post_cut,1,locality
VS004133,AC001500,AD001937,FA005,2026-06-05,749.9,3125.7,4.2,527,met_family,True,post_cut,1,street
VS004134,AC001198,AD001556,FA005,2026-06-05,1028.3,2620.2,11.4,551,met_family,True,post_cut,1,locality
VS004135,AC002346,AD003019,FA005,2026-06-05,773.2,2749.0,4.0,666,met_borrower,True,post_cut,1,locality
VS004136,AC001925,AD002487,FA005,2026-06-05,1170.8,2770.1,6.7,124,locked_premises,False,post_cut,1,street
VS004137,AC000117,AD000147,FA005,2026-06-05,1011.1,2871.0,4.8,213,locked_premises,False,post_cut,1,locality
VS004138,AC001226,AD001589,FA005,2026-06-05,687.8,3122.0,4.9,195,locked_premises,False,post_cut,1,street
VS004139,AC001172,AD001520,FA008,2026-06-05,-732.6,-3714.5,5.1,546,met_borrower,True,post_cut,1,street
VS004140,AC002278,AD002932,FA008,2026-06-05,-614.0,-3438.4,7.5,386,neighbour_says_shifted,False,post_cut,1,locality
VS004141,AC000474,AD000607,FA008,2026-06-05,-819.1,-3858.6,8.9,178,locked_premises,False,post_cut,1,locality
VS004142,AC000941,AD001219,FA008,2026-06-05,1087.4,-3852.1,10.9,54,address_not_traceable,False,post_cut,1,locality
VS004143,AC000447,AD000576,FA008,2026-06-05,-470.7,-3671.3,30.4,130,locked_premises,False,post_cut,1,locality
VS004144,AC001251,AD001620,FA008,2026-06-05,-35.5,-3379.2,14.2,217,locked_premises,False,post_cut,1,locality
VS004145,AC001072,AD001386,FA008,2026-06-05,-407.0,-3396.3,4.2,269,neighbour_says_shifted,False,post_cut,1,locality
VS004146,AC001863,AD002402,FA008,2026-06-05,1540.0,-3676.4,7.2,90,address_not_traceable,False,post_cut,1,locality
VS004147,AC001134,AD001472,FA008,2026-06-05,-382.0,-3955.7,5.1,308,met_family,True,post_cut,1,locality
VS004148,AC000625,AD000808,FA009,2026-06-05,-162.8,3381.9,5.7,112,address_not_traceable,False,post_cut,1,locality
VS004149,AC001173,AD001521,FA009,2026-06-05,-759.1,3257.5,22.6,188,locked_premises,False,post_cut,1,locality
VS004150,AC000513,AD000662,FA009,2026-06-05,-3733.6,-760.9,12.9,224,met_borrower,True,post_cut,27,locality
VS004151,AC000508,AD000654,FA009,2026-06-05,2330.7,-775.5,8.9,136,locked_premises,False,post_cut,1,pincode
VS004152,AC000574,AD000741,FA009,2026-06-05,-985.6,2713.2,18.3,878,met_borrower,True,post_cut,1,street
VS004153,AC002053,AD002651,FA009,2026-06-05,-921.3,3394.4,5.7,278,no_such_person,False,post_cut,1,locality
VS004154,AC001373,AD003105,FA009,2026-06-05,-117.3,3050.8,4.1,81,locked_premises,False,post_cut,1,locality
VS004155,AC001607,AD002069,FA007,2026-06-05,3743.6,626.1,10.6,97,address_not_traceable,False,post_cut,1,locality
VS004156,AC000869,AD001122,FA007,2026-06-05,3389.2,510.1,10.7,559,met_family,True,post_cut,1,locality
VS004157,AC001974,AD002551,FA007,2026-06-05,3442.2,-2098.4,17.9,81,address_not_traceable,False,post_cut,1,locality
VS004158,AC000183,AD000228,FA007,2026-06-05,3803.6,179.4,8.1,282,met_family,True,post_cut,1,locality
VS004159,AC000416,AD000535,FA007,2026-06-05,3701.7,111.3,6.8,739,met_borrower,True,post_cut,1,locality
VS004160,AC000240,AD000303,FA007,2026-06-05,3553.7,605.2,16.7,75,locked_premises,False,post_cut,1,locality
VS004161,AC001394,AD001801,FA007,2026-06-05,4000.8,537.3,7.8,117,address_not_traceable,False,post_cut,1,locality
VS004162,AC000168,AD000209,FA003,2026-06-06,2439.9,1068.6,12.1,90,address_not_traceable,False,post_cut,1,locality
VS004163,AC000812,AD001045,FA003,2026-06-06,2565.4,1754.6,18.7,112,address_not_traceable,False,post_cut,1,street
VS004164,AC002008,AD002593,FA003,2026-06-06,2335.9,878.5,12.0,75,address_not_traceable,False,post_cut,1,locality
VS004165,AC002344,AD003016,FA003,2026-06-06,2495.6,691.6,11.6,759,met_borrower,True,post_cut,1,locality
VS004166,AC000643,AD000830,FA003,2026-06-06,2647.8,735.0,4.0,106,address_not_traceable,False,post_cut,1,locality
VS004167,AC000972,AD001258,FA003,2026-06-06,551.3,2438.7,10.9,47,address_not_traceable,False,post_cut,1,locality
VS004168,AC002129,AD002744,FA003,2026-06-06,2633.4,1148.4,11.0,95,address_not_traceable,False,post_cut,1,locality
VS004169,AC001125,AD001461,FA001,2026-06-06,-2656.8,1158.6,17.2,100,address_not_traceable,False,post_cut,1,locality
VS004170,AC001892,AD002444,FA001,2026-06-06,-2703.5,946.3,4.4,278,no_such_person,False,post_cut,1,locality
VS004171,AC001964,AD002539,FA001,2026-06-06,-2608.5,867.2,8.1,100,address_not_traceable,False,post_cut,1,locality
VS004172,AC002191,AD002828,FA001,2026-06-06,-2987.9,726.1,11.9,167,locked_premises,False,post_cut,1,pincode
VS004173,AC002046,AD002641,FA001,2026-06-06,-2830.6,889.6,17.5,215,no_such_person,False,post_cut,1,locality
VS004174,AC000244,AD000307,FA001,2026-06-06,-2834.0,997.2,22.9,858,cash_collected,True,post_cut,1,street
VS004175,AC001871,AD002413,FA002,2026-06-06,2946.4,-1906.4,6.1,546,met_family,True,post_cut,1,locality
VS004176,AC001787,AD002306,FA002,2026-06-06,2792.1,-2000.0,8.1,598,met_family,True,post_cut,1,locality
VS004177,AC000803,AD001034,FA002,2026-06-06,2771.4,-2195.8,6.7,105,address_not_traceable,False,post_cut,1,locality
VS004178,AC000987,AD001276,FA002,2026-06-06,1636.9,-1491.0,5.0,115,address_not_traceable,False,post_cut,1,locality
VS004179,AC002143,AD002766,FA002,2026-06-06,2785.7,-1840.7,11.3,391,neighbour_says_shifted,False,post_cut,1,locality
VS004180,AC000338,AD000428,FA002,2026-06-06,3094.4,-2840.1,17.1,193,no_such_person,False,post_cut,1,locality
VS004181,AC001150,AD001493,FA006,2026-06-06,436.9,-3226.2,51.8,40,address_not_traceable,False,post_cut,1,locality
VS004182,AC000282,AD000355,FA006,2026-06-06,600.0,-3348.6,12.2,201,locked_premises,False,post_cut,1,locality
VS004183,AC000715,AD000924,FA006,2026-06-06,530.3,-2724.8,9.1,75,locked_premises,False,post_cut,1,locality
VS004184,AC000873,AD001127,FA006,2026-06-06,648.6,-3321.4,5.9,64,locked_premises,False,post_cut,1,locality
VS004185,AC000056,AD000069,FA006,2026-06-06,721.6,-3445.5,8.5,195,neighbour_says_shifted,False,post_cut,1,locality
VS004186,AC000952,AD001232,FA006,2026-06-06,391.8,-2967.6,11.2,1300,met_borrower,True,post_cut,1,locality
VS004187,AC001388,AD001794,FA006,2026-06-06,921.2,-2914.7,13.1,377,met_borrower,True,post_cut,1,locality
VS004188,AC002342,AD003013,FA004,2026-06-06,1527.8,-2493.9,13.1,288,neighbour_says_shifted,False,post_cut,1,locality
VS004189,AC002184,AD002820,FA004,2026-06-06,1922.7,-1912.3,10.2,569,met_family,True,post_cut,1,locality
VS004190,AC001223,AD001586,FA004,2026-06-06,1615.9,-1901.3,14.7,514,met_family,True,post_cut,1,locality
VS004191,AC001642,AD002118,FA004,2026-06-06,1895.1,-2205.5,16.7,1103,cash_collected,True,post_cut,1,locality
VS004192,AC002052,AD002650,FA004,2026-06-06,1735.6,-1738.3,20.3,326,met_borrower,True,post_cut,1,locality
VS004193,AC001147,AD001489,FA004,2026-06-06,1275.0,-1769.7,5.1,68,locked_premises,False,post_cut,1,locality
VS004194,AC001902,AD002459,FA004,2026-06-06,1671.9,-2148.2,6.8,106,locked_premises,False,post_cut,1,street
VS004195,AC000890,AD001149,FA004,2026-06-06,1666.2,-1607.2,15.7,1095,met_borrower,True,post_cut,1,locality
VS004196,AC000336,AD000424,FA005,2026-06-06,2696.5,298.4,5.4,76,locked_premises,False,post_cut,1,locality
VS004197,AC000229,AD000290,FA005,2026-06-06,2975.7,219.5,14.5,122,no_such_person,False,post_cut,1,locality
VS004198,AC002002,AD002583,FA005,2026-06-06,3265.2,545.4,8.3,51,address_not_traceable,False,post_cut,1,locality
VS004199,AC002041,AD002633,FA005,2026-06-06,3181.4,733.1,9.1,980,met_borrower,True,post_cut,1,street
VS004200,AC000291,AD000365,FA005,2026-06-06,3147.0,554.9,13.3,927,met_borrower,True,post_cut,1,pincode
VS004201,AC001259,AD001631,FA005,2026-06-06,2713.3,514.5,6.2,157,neighbour_says_shifted,False,post_cut,1,rooftop
VS004202,AC002261,AD002912,FA005,2026-06-06,2340.3,423.9,4.9,1293,met_borrower,True,post_cut,1,pincode
VS004203,AC000257,AD000324,FA009,2026-06-06,-2635.5,1704.9,6.2,698,met_borrower,True,post_cut,1,locality
VS004204,AC000675,AD000869,FA009,2026-06-06,-2037.1,1562.1,8.6,97,locked_premises,False,post_cut,1,locality
VS004205,AC001197,AD001555,FA009,2026-06-06,-3722.1,-775.8,6.0,115,met_borrower,True,post_cut,1,locality
VS004206,AC000942,AD001220,FA009,2026-06-06,2336.6,-774.8,6.4,103,address_not_traceable,False,post_cut,32,locality
VS004207,AC001132,AD001469,FA009,2026-06-06,-2622.6,1432.5,9.0,1349,met_borrower,True,post_cut,1,locality
VS004208,AC001659,AD002143,FA009,2026-06-06,-2608.4,1347.7,4.1,1475,met_borrower,True,post_cut,1,locality
VS004209,AC001338,AD001734,FA009,2026-06-06,2341.8,-727.0,17.4,158,met_family,True,post_cut,1,locality
VS004210,AC001724,AD002229,FA009,2026-06-06,-2349.0,1318.6,13.2,106,no_such_person,False,post_cut,1,street
VS004211,AC000762,AD000982,FA007,2026-06-06,4010.3,789.2,7.5,1163,met_borrower,True,post_cut,1,street
VS004212,AC002121,AD002735,FA007,2026-06-06,3550.6,125.9,6.7,1495,met_borrower,True,post_cut,1,locality
VS004213,AC001664,AD002150,FA007,2026-06-06,4002.1,542.3,8.9,385,met_family,True,post_cut,1,locality
VS004214,AC000659,AD000850,FA007,2026-06-06,3785.6,262.1,5.4,166,locked_premises,False,post_cut,1,locality
VS004215,AC000048,AD000060,FA007,2026-06-06,3774.7,180.3,14.2,216,met_family,True,post_cut,1,street
VS004216,AC000505,AD000651,FA007,2026-06-06,3624.9,287.3,9.7,106,address_not_traceable,False,post_cut,1,locality
VS004217,AC000326,AD000411,FA007,2026-06-06,3789.6,646.5,20.1,105,address_not_traceable,False,post_cut,1,locality
VS004218,AC001111,AD001443,FA008,2026-06-06,-901.2,-3377.4,11.5,526,met_family,True,post_cut,1,locality
VS004219,AC001321,AD001715,FA008,2026-06-06,-489.9,-3483.3,5.8,473,met_borrower,True,post_cut,1,pincode
VS004220,AC001728,AD002234,FA008,2026-06-06,-376.1,-3428.2,8.8,373,neighbour_says_shifted,False,post_cut,1,locality
VS004221,AC000581,AD000750,FA008,2026-06-06,-52.2,3155.0,21.0,151,locked_premises,False,post_cut,1,street
VS004222,AC002103,AD002712,FA008,2026-06-06,-762.6,-3741.1,14.7,565,met_family,True,post_cut,1,locality
VS004223,AC000487,AD000627,FA008,2026-06-06,-423.7,-3410.3,7.0,57,address_not_traceable,False,post_cut,1,locality
VS004224,AC002109,AD002720,FA008,2026-06-06,-435.4,-3668.1,6.8,299,neighbour_says_shifted,False,post_cut,1,locality
VS004225,AC002147,AD002771,FA001,2026-06-08,2375.6,-2217.2,12.9,277,met_family,True,post_cut,1,pincode
VS004226,AC001163,AD001509,FA001,2026-06-08,3044.6,-2611.9,9.0,1023,met_borrower,True,post_cut,1,locality
VS004227,AC000701,AD000903,FA001,2026-06-08,2946.4,-2681.5,6.3,256,met_family,True,post_cut,1,street
VS004228,AC000568,AD000733,FA001,2026-06-08,2868.9,-2263.7,12.1,399,met_family,True,post_cut,1,locality
VS004229,AC001372,AD001775,FA001,2026-06-08,2889.8,-2380.1,26.5,1334,met_borrower,True,post_cut,1,locality
VS004230,AC000469,AD000602,FA001,2026-06-08,2845.7,-2040.4,12.6,71,locked_premises,False,post_cut,1,locality
VS004231,AC000570,AD000735,FA001,2026-06-08,2551.5,-2217.6,9.0,229,no_such_person,False,post_cut,1,street
VS004232,AC001872,AD002414,FA001,2026-06-08,2842.5,-1771.9,20.3,113,locked_premises,False,post_cut,1,street
VS004233,AC001048,AD001354,FA001,2026-06-08,2962.1,-2078.7,9.1,336,met_family,True,post_cut,1,locality
VS004234,AC002216,AD002858,FA002,2026-06-08,1153.8,-2873.8,4.7,361,met_family,True,post_cut,1,locality
VS004235,AC001354,AD001753,FA002,2026-06-08,948.5,-2892.2,13.1,1259,met_borrower,True,post_cut,1,street
VS004236,AC001473,AD001900,FA002,2026-06-08,638.4,-2726.6,12.6,307,neighbour_says_shifted,False,post_cut,1,locality
VS004237,AC001713,AD002215,FA002,2026-06-08,968.3,-3360.0,10.9,220,no_such_person,False,post_cut,1,locality
VS004238,AC000107,AD000135,FA002,2026-06-08,881.6,-2507.2,13.1,233,locked_premises,False,post_cut,1,street
VS004239,AC000202,AD000253,FA002,2026-06-08,537.2,-2848.1,10.1,636,cash_collected,True,post_cut,1,locality
VS004240,AC000050,AD000062,FA003,2026-06-08,620.2,-3085.0,7.7,187,met_family,True,post_cut,1,locality
VS004241,AC000606,AD000782,FA003,2026-06-08,385.3,-3013.6,15.7,31,address_not_traceable,False,post_cut,1,locality
VS004242,AC001620,AD002090,FA003,2026-06-08,658.3,-3377.8,8.6,43,address_not_traceable,False,post_cut,1,locality
VS004243,AC000786,AD001012,FA003,2026-06-08,806.2,-3332.1,38.8,135,no_such_person,False,post_cut,1,street
VS004244,AC002172,AD002802,FA003,2026-06-08,680.3,-2781.0,14.5,1484,met_borrower,True,post_cut,1,locality
VS004245,AC001679,AD002171,FA003,2026-06-08,530.3,-2853.2,14.7,58,address_not_traceable,False,post_cut,1,locality
VS004246,AC001828,AD002359,FA005,2026-06-08,1677.4,-1573.2,10.4,231,neighbour_says_shifted,False,post_cut,1,street
VS004247,AC000959,AD001242,FA005,2026-06-08,1519.3,-1862.9,9.3,232,locked_premises,False,post_cut,1,locality
VS004248,AC001736,AD002244,FA005,2026-06-08,1200.9,-1754.1,9.6,758,met_borrower,True,post_cut,1,locality
VS004249,AC000633,AD000817,FA005,2026-06-08,1301.5,-1939.1,20.7,179,locked_premises,False,post_cut,1,locality
VS004250,AC002131,AD002748,FA005,2026-06-08,1208.8,-1902.1,6.2,545,met_family,True,post_cut,1,street
VS004251,AC000662,AD000854,FA005,2026-06-08,1296.8,-2473.1,12.1,333,met_family,True,post_cut,1,locality
VS004252,AC001949,AD002521,FA006,2026-06-08,1548.2,-2406.6,22.8,322,met_family,True,post_cut,1,locality
VS004253,AC001516,AD001954,FA006,2026-06-08,1114.6,-1882.6,14.3,214,locked_premises,False,post_cut,1,locality
VS004254,AC002227,AD002870,FA006,2026-06-08,1343.2,-2336.0,9.8,442,met_family,True,post_cut,1,locality
VS004255,AC000414,AD000531,FA006,2026-06-08,1281.9,-2467.4,10.7,730,met_borrower,True,post_cut,1,pincode
VS004256,AC002084,AD002688,FA006,2026-06-08,1782.2,-2311.2,5.0,387,neighbour_says_shifted,False,post_cut,1,locality
VS004257,AC000992,AD001281,FA006,2026-06-08,1559.5,-2338.1,7.1,569,met_family,True,post_cut,1,locality
VS004258,AC001775,AD002294,FA006,2026-06-08,1173.1,-1885.2,7.0,176,locked_premises,False,post_cut,1,locality
VS004259,AC000445,AD000573,FA006,2026-06-08,1653.2,-1695.8,11.6,156,locked_premises,False,post_cut,1,locality
VS004260,AC000756,AD000975,FA004,2026-06-08,-451.3,-366.4,11.7,192,no_such_person,False,post_cut,1,locality
VS004261,AC001524,AD001963,FA004,2026-06-08,-307.8,-592.4,9.3,1407,met_borrower,True,post_cut,1,locality
VS004262,AC001571,AD002027,FA004,2026-06-08,-602.0,-529.0,11.7,424,met_family,True,post_cut,1,locality
VS004263,AC000373,AD000472,FA004,2026-06-08,-343.8,-129.3,12.5,742,met_borrower,True,post_cut,1,locality
VS004264,AC001295,AD001682,FA004,2026-06-08,-651.7,-315.0,26.6,379,neighbour_says_shifted,False,post_cut,1,locality
VS004265,AC002257,AD002906,FA004,2026-06-08,-480.6,-614.6,4.5,69,address_not_traceable,False,post_cut,1,locality
VS004266,AC000009,AD000012,FA004,2026-06-08,-676.4,-682.4,4.5,163,locked_premises,False,post_cut,1,street
VS004267,AC001926,AD002489,FA004,2026-06-08,-535.3,-180.7,12.7,297,neighbour_says_shifted,False,post_cut,1,locality
VS004268,AC001181,AD001534,FA008,2026-06-08,-2577.0,-196.0,7.1,100,locked_premises,False,post_cut,1,pincode
VS004269,AC001745,AD002253,FA008,2026-06-08,-2330.4,-433.9,6.0,182,locked_premises,False,post_cut,1,locality
VS004270,AC001123,AD001458,FA008,2026-06-08,-2897.0,-332.1,4.9,1480,cash_collected,True,post_cut,1,locality
VS004271,AC000122,AD000153,FA008,2026-06-08,-2342.4,-116.3,11.6,1200,met_borrower,True,post_cut,1,locality
VS004272,AC001923,AD002485,FA008,2026-06-08,-2685.1,-138.4,11.1,359,met_borrower,True,post_cut,1,pincode
VS004273,AC001807,AD002333,FA008,2026-06-08,-2268.0,-532.5,12.2,527,met_borrower,True,post_cut,1,locality
VS004274,AC001937,AD002504,FA009,2026-06-08,-2245.6,1264.5,7.8,1313,met_borrower,True,post_cut,1,locality
VS004275,AC001606,AD002068,FA009,2026-06-08,2336.7,-755.2,10.5,151,address_not_traceable,False,post_cut,1,locality
VS004276,AC000077,AD000098,FA009,2026-06-08,2320.3,-755.2,17.2,128,locked_premises,False,post_cut,1,locality
VS004277,AC000805,AD001036,FA009,2026-06-08,-2290.4,-265.7,11.8,63,address_not_traceable,False,post_cut,1,locality
VS004278,AC001298,AD001687,FA009,2026-06-08,-2741.5,1290.4,11.4,1150,cash_collected,True,post_cut,1,locality
VS004279,AC000740,AD000954,FA009,2026-06-08,-2396.8,1340.5,9.1,1302,met_borrower,True,post_cut,1,rooftop
VS004280,AC000639,AD000825,FA009,2026-06-08,2354.3,-793.1,12.1,195,address_not_traceable,False,post_cut,26,street
VS004281,AC000075,AD000096,FA007,2026-06-08,3374.2,520.5,10.6,606,met_borrower,True,post_cut,1,locality
VS004282,AC001095,AD001422,FA007,2026-06-08,4080.7,944.2,6.9,883,met_borrower,True,post_cut,1,locality
VS004283,AC001155,AD001499,FA007,2026-06-08,3735.1,40.0,5.1,165,locked_premises,False,post_cut,1,street
VS004284,AC000036,AD000043,FA007,2026-06-08,3933.3,724.9,15.9,357,neighbour_says_shifted,False,post_cut,1,street
VS004285,AC000560,AD000722,FA007,2026-06-08,4010.6,386.9,13.8,1164,met_borrower,True,post_cut,1,locality
VS004286,AC001420,AD001832,FA007,2026-06-08,4119.0,100.2,4.0,505,met_borrower,True,post_cut,1,street
VS004287,AC002373,AD003055,FA007,2026-06-08,3850.7,702.4,17.4,304,neighbour_says_shifted,False,post_cut,1,locality
VS004288,AC001239,AD001605,FA007,2026-06-08,3642.6,545.7,6.1,423,met_family,True,post_cut,1,locality
VS004289,AC000185,AD000230,FA007,2026-06-08,3371.8,772.2,4.0,79,address_not_traceable,False,post_cut,1,locality
VS004290,AC000341,AD000433,FA007,2026-06-08,3841.9,181.8,17.7,429,met_family,True,post_cut,1,pincode
VS004291,AC000458,AD000589,FA003,2026-06-09,2666.2,-1867.0,20.6,596,met_borrower,True,post_cut,1,locality
VS004292,AC000583,AD000753,FA003,2026-06-09,2762.1,-2586.1,9.0,811,met_borrower,True,post_cut,1,locality
VS004293,AC000079,AD000100,FA003,2026-06-09,2817.3,-2082.9,4.5,106,locked_premises,False,post_cut,1,locality
VS004294,AC000673,AD000867,FA003,2026-06-09,2909.8,-2551.3,10.9,168,locked_premises,False,post_cut,1,locality
VS004295,AC001647,AD002124,FA003,2026-06-09,2357.1,-2278.0,10.0,64,locked_premises,False,post_cut,1,locality
VS004296,AC001196,AD001554,FA003,2026-06-09,2642.3,-2179.9,5.4,237,locked_premises,False,post_cut,1,locality
VS004297,AC001073,AD001387,FA003,2026-06-09,3009.3,-1860.7,5.2,43,address_not_traceable,False,post_cut,1,locality
VS004298,AC000893,AD001154,FA001,2026-06-09,-2607.9,1709.9,23.7,228,locked_premises,False,post_cut,1,locality
VS004299,AC000190,AD000238,FA001,2026-06-09,-3008.8,788.2,4.7,171,locked_premises,False,post_cut,1,locality
VS004300,AC000810,AD001043,FA001,2026-06-09,-2577.5,1076.9,13.0,1396,met_borrower,True,post_cut,1,locality
VS004301,AC001017,AD001314,FA001,2026-06-09,-2464.9,1296.0,28.1,184,locked_premises,False,post_cut,1,street
VS004302,AC001406,AD001815,FA001,2026-06-09,-2281.3,914.8,6.0,432,met_family,True,post_cut,1,locality
VS004303,AC001443,AD001862,FA001,2026-06-09,-2990.0,1264.9,10.9,83,locked_premises,False,post_cut,1,pincode
VS004304,AC002318,AD002983,FA001,2026-06-09,-2585.3,952.5,7.0,505,met_borrower,True,post_cut,1,pincode
VS004305,AC001766,AD002281,FA001,2026-06-09,-2608.7,979.2,5.2,831,met_borrower,True,post_cut,1,street
VS004306,AC001264,AD001638,FA002,2026-06-09,896.9,-2904.4,11.0,288,met_family,True,post_cut,1,locality
VS004307,AC002031,AD002621,FA002,2026-06-09,1050.8,-3196.7,14.0,1192,met_borrower,True,post_cut,1,street
VS004308,AC001630,AD002103,FA002,2026-06-09,287.5,-2732.3,13.3,97,locked_premises,False,post_cut,1,locality
VS004309,AC001856,AD002393,FA002,2026-06-09,633.0,-3005.6,12.3,565,met_family,True,post_cut,1,locality
VS004310,AC000821,AD001057,FA002,2026-06-09,1089.5,-2854.5,5.7,263,met_family,True,post_cut,1,locality
VS004311,AC000260,AD000328,FA002,2026-06-09,319.5,-2871.4,4.6,280,neighbour_says_shifted,False,post_cut,1,locality
VS004312,AC001116,AD001449,FA002,2026-06-09,1441.4,-1703.6,8.7,58,address_not_traceable,False,post_cut,1,pincode
VS004313,AC000594,AD000767,FA002,2026-06-09,846.7,-2823.3,9.5,69,address_not_traceable,False,post_cut,1,street
VS004314,AC001418,AD001830,FA005,2026-06-09,1066.3,2919.6,11.9,507,met_family,True,post_cut,1,street
VS004315,AC001780,AD002299,FA005,2026-06-09,935.7,2305.4,12.5,368,met_family,True,post_cut,1,locality
VS004316,AC001812,AD002339,FA005,2026-06-09,1093.3,2982.1,8.7,689,met_borrower,True,post_cut,1,locality
VS004317,AC000146,AD000182,FA005,2026-06-09,1046.3,2907.2,22.0,50,address_not_traceable,False,post_cut,1,locality
VS004318,AC001491,AD001924,FA005,2026-06-09,706.2,1368.5,5.8,86,address_not_traceable,False,post_cut,1,locality
VS004319,AC002369,AD003050,FA005,2026-06-09,1029.8,2572.1,7.3,512,met_family,True,post_cut,1,locality
VS004320,AC000013,AD000016,FA005,2026-06-09,768.0,2429.7,9.0,326,neighbour_says_shifted,False,post_cut,1,street
VS004321,AC002300,AD002962,FA005,2026-06-09,990.4,3140.8,14.7,136,locked_premises,False,post_cut,1,locality
VS004322,AC002282,AD002936,FA005,2026-06-09,1136.1,2967.3,8.7,218,locked_premises,False,post_cut,1,locality
VS004323,AC000797,AD001026,FA005,2026-06-09,775.9,2293.6,12.9,187,locked_premises,False,post_cut,1,street
VS004324,AC000308,AD000387,FA006,2026-06-09,-513.0,1859.7,12.3,203,locked_premises,False,post_cut,1,locality
VS004325,AC001826,AD002357,FA006,2026-06-09,1013.7,285.1,20.2,1458,met_borrower,True,post_cut,1,locality
VS004326,AC001958,AD002531,FA006,2026-06-09,1080.3,189.7,13.8,143,locked_premises,False,post_cut,1,locality
VS004327,AC001215,AD001577,FA006,2026-06-09,909.3,248.7,4.0,145,neighbour_says_shifted,False,post_cut,1,locality
VS004328,AC001966,AD002541,FA006,2026-06-09,1297.9,155.2,6.6,442,met_family,True,post_cut,1,locality
VS004329,AC000892,AD001152,FA006,2026-06-09,1471.0,357.7,8.5,364,met_family,True,post_cut,1,street
VS004330,AC000364,AD000460,FA004,2026-06-09,2866.2,-1270.5,13.2,999,met_borrower,True,post_cut,1,locality
VS004331,AC002365,AD003045,FA004,2026-06-09,2951.1,-1268.8,16.9,265,neighbour_says_shifted,False,post_cut,1,locality
VS004332,AC000307,AD000385,FA004,2026-06-09,2661.2,-1197.2,11.1,530,met_borrower,True,post_cut,1,locality
VS004333,AC000333,AD000420,FA004,2026-06-09,3067.7,-1271.6,9.7,496,cash_collected,True,post_cut,1,locality
VS004334,AC001648,AD002126,FA004,2026-06-09,2242.0,-1547.2,10.2,232,locked_premises,False,post_cut,1,locality
VS004335,AC002398,AD003087,FA004,2026-06-09,2670.6,-1353.4,7.3,249,no_such_person,False,post_cut,1,locality
VS004336,AC000938,AD001214,FA004,2026-06-09,2804.4,-1616.0,20.7,93,locked_premises,False,post_cut,1,street
VS004337,AC001250,AD001619,FA004,2026-06-09,2650.8,-1072.6,10.0,740,cash_collected,True,post_cut,1,locality
VS004338,AC001192,AD001549,FA004,2026-06-09,2586.5,-1410.0,12.2,88,address_not_traceable,False,post_cut,1,locality
VS004339,AC001466,AD001891,FA009,2026-06-09,2328.1,-784.0,20.5,193,address_not_traceable,False,post_cut,26,locality
VS004340,AC000074,AD000094,FA009,2026-06-09,-3737.6,-757.8,8.3,135,locked_premises,False,post_cut,23,locality
VS004341,AC000826,AD001064,FA009,2026-06-09,-2978.2,-11.0,8.2,235,met_family,True,post_cut,1,locality
VS004342,AC001941,AD002509,FA009,2026-06-09,-2509.1,-561.8,10.5,64,address_not_traceable,False,post_cut,1,street
VS004343,AC000135,AD000170,FA009,2026-06-09,-3693.3,-790.0,6.8,81,locked_premises,False,post_cut,1,locality
VS004344,AC001870,AD002412,FA009,2026-06-09,2349.4,-780.0,11.8,170,address_not_traceable,False,post_cut,27,locality
VS004345,AC001355,AD001754,FA009,2026-06-09,2320.6,-782.7,8.4,104,locked_premises,False,post_cut,26,street
VS004346,AC001448,AD001868,FA009,2026-06-09,-2109.7,-239.0,10.8,347,met_family,True,post_cut,1,locality
VS004347,AC001356,AD001755,FA007,2026-06-09,1528.2,-1413.8,16.9,77,address_not_traceable,False,post_cut,1,pincode
VS004348,AC000818,AD001053,FA007,2026-06-09,902.8,-722.1,10.5,223,locked_premises,False,post_cut,1,street
VS004349,AC001465,AD001890,FA007,2026-06-09,863.2,-616.2,18.2,251,no_such_person,False,post_cut,1,locality
VS004350,AC000337,AD000427,FA007,2026-06-09,-1119.0,-317.8,4.0,1257,met_borrower,True,post_cut,1,locality
VS004351,AC001669,AD002157,FA007,2026-06-09,772.6,-714.3,16.5,141,locked_premises,False,post_cut,1,locality
VS004352,AC000833,AD001073,FA007,2026-06-09,861.4,-801.0,9.5,109,address_not_traceable,False,post_cut,1,locality
VS004353,AC001920,AD002482,FA007,2026-06-09,-46.2,-521.4,9.0,103,address_not_traceable,False,post_cut,1,pincode
VS004354,AC002252,AD002901,FA007,2026-06-09,873.7,-1349.6,27.6,373,met_family,True,post_cut,1,street
VS004355,AC002248,AD002896,FA007,2026-06-09,747.6,-1020.9,16.2,30,address_not_traceable,False,post_cut,1,locality
VS004356,AC000525,AD000678,FA007,2026-06-09,865.9,-758.4,10.0,220,neighbour_says_shifted,False,post_cut,1,locality
VS004357,AC001387,AD001792,FA008,2026-06-09,-2777.1,-510.4,4.7,404,met_family,True,post_cut,1,street
VS004358,AC002297,AD002959,FA008,2026-06-09,-2443.8,-543.1,11.1,1428,met_borrower,True,post_cut,1,street
VS004359,AC001029,AD001330,FA008,2026-06-09,-2528.9,-558.5,6.0,260,neighbour_says_shifted,False,post_cut,1,locality
VS004360,AC000490,AD000631,FA008,2026-06-09,-2808.5,-116.5,9.4,785,cash_collected,True,post_cut,1,locality
VS004361,AC001412,AD001822,FA008,2026-06-09,-2620.4,-646.3,24.6,218,locked_premises,False,post_cut,1,street
VS004362,AC001950,AD002522,FA008,2026-06-09,-2467.5,-174.7,8.4,110,address_not_traceable,False,post_cut,1,locality
VS004363,AC000460,AD000592,FA008,2026-06-09,-3733.4,-784.0,6.5,85,address_not_traceable,False,post_cut,1,locality
VS004364,AC001576,AD002033,FA008,2026-06-09,-2551.8,-144.0,10.9,117,address_not_traceable,False,post_cut,1,locality
VS004365,AC001106,AD001437,FA008,2026-06-09,-2441.5,-61.9,17.8,72,address_not_traceable,False,post_cut,1,locality
VS004366,AC000850,AD001096,FA002,2026-06-10,2710.8,1010.6,4.0,449,met_family,True,post_cut,1,locality
VS004367,AC000203,AD000255,FA002,2026-06-10,2396.3,932.2,11.0,322,met_borrower,True,post_cut,1,locality
VS004368,AC001209,AD001570,FA002,2026-06-10,2157.3,1274.8,6.5,53,address_not_traceable,False,post_cut,1,locality
VS004369,AC001061,AD001370,FA002,2026-06-10,1254.9,1172.1,14.1,92,address_not_traceable,False,post_cut,1,pincode
VS004370,AC000571,AD000737,FA002,2026-06-10,-459.3,-2870.6,6.2,205,locked_premises,False,post_cut,1,locality
VS004371,AC001573,AD002029,FA002,2026-06-10,2069.3,1230.9,25.7,83,address_not_traceable,False,post_cut,1,locality
VS004372,AC002357,AD003035,FA002,2026-06-10,2528.4,876.9,22.1,40,address_not_traceable,False,post_cut,1,locality
VS004373,AC000514,AD000663,FA002,2026-06-10,2069.6,996.3,11.2,151,no_such_person,False,post_cut,1,locality
VS004374,AC000576,AD000743,FA001,2026-06-10,-1963.2,-2270.0,15.8,50,address_not_traceable,False,post_cut,1,locality
VS004375,AC002394,AD003083,FA001,2026-06-10,-1020.0,-3268.7,16.8,55,address_not_traceable,False,post_cut,1,locality
VS004376,AC002340,AD003011,FA001,2026-06-10,1679.8,-409.5,13.7,361,neighbour_says_shifted,False,post_cut,1,locality
VS004377,AC001715,AD002217,FA001,2026-06-10,-866.5,-3092.4,7.2,180,locked_premises,False,post_cut,1,locality
VS004378,AC000628,AD000812,FA001,2026-06-10,-1242.3,-2727.9,8.7,1282,met_borrower,True,post_cut,1,pincode
VS004379,AC000650,AD000837,FA001,2026-06-10,-1292.8,-3549.2,5.4,206,no_such_person,False,post_cut,1,pincode
VS004380,AC000053,AD000066,FA003,2026-06-10,695.7,-379.9,8.8,67,address_not_traceable,False,post_cut,1,locality
VS004381,AC001533,AD001973,FA003,2026-06-10,877.4,-413.0,5.5,380,met_family,True,post_cut,1,pincode
VS004382,AC000292,AD000366,FA003,2026-06-10,1489.2,478.0,16.6,109,address_not_traceable,False,post_cut,1,street
VS004383,AC001112,AD001444,FA003,2026-06-10,758.0,-293.7,13.4,514,met_family,True,post_cut,1,locality
VS004384,AC001605,AD002067,FA003,2026-06-10,1012.6,-389.7,13.8,577,met_family,True,post_cut,1,locality
VS004385,AC001748,AD003100,FA003,2026-06-10,1014.9,243.1,9.3,825,met_borrower,True,post_cut,1,locality
VS004386,AC001600,AD002062,FA003,2026-06-10,2088.2,-796.6,9.5,92,address_not_traceable,False,post_cut,1,locality
VS004387,AC000621,AD000803,FA003,2026-06-10,-352.4,-1405.2,4.4,992,met_borrower,True,post_cut,1,locality
VS004388,AC002362,AD003041,FA003,2026-06-10,731.9,-224.8,12.9,144,locked_premises,False,post_cut,1,street
VS004389,AC000012,AD000015,FA003,2026-06-10,1219.4,-161.4,6.3,463,met_family,True,post_cut,1,locality
VS004390,AC001320,AD001713,FA005,2026-06-10,1725.9,-2071.3,12.1,224,met_family,True,post_cut,1,rooftop
VS004391,AC000586,AD000756,FA005,2026-06-10,1357.1,-2030.5,8.3,1343,met_borrower,True,post_cut,1,street
VS004392,AC001335,AD001731,FA005,2026-06-10,1257.5,-1925.1,23.8,1126,met_borrower,True,post_cut,1,street
VS004393,AC001304,AD001694,FA005,2026-06-10,1781.1,-2218.7,19.5,731,met_borrower,True,post_cut,1,locality
VS004394,AC002064,AD002663,FA005,2026-06-10,1520.6,-1903.4,5.5,1003,met_borrower,True,post_cut,1,locality
VS004395,AC001604,AD002066,FA005,2026-06-10,1470.8,-2446.5,6.3,205,locked_premises,False,post_cut,1,locality
VS004396,AC000739,AD000953,FA004,2026-06-10,204.7,-3167.1,5.1,1317,met_borrower,True,post_cut,1,locality
VS004397,AC000523,AD000675,FA004,2026-06-10,2721.8,-1396.9,11.9,151,locked_premises,False,post_cut,1,locality
VS004398,AC000820,AD001055,FA004,2026-06-10,463.4,-3290.2,8.3,375,met_family,True,post_cut,1,locality
VS004399,AC001862,AD002401,FA004,2026-06-10,619.0,-3450.4,7.2,213,locked_premises,False,post_cut,1,locality
VS004400,AC001434,AD001851,FA004,2026-06-10,905.2,-2844.8,6.7,233,locked_premises,False,post_cut,1,pincode
VS004401,AC001921,AD002483,FA004,2026-06-10,795.5,-2773.1,7.6,323,neighbour_says_shifted,False,post_cut,1,locality
VS004402,AC001435,AD001852,FA004,2026-06-10,720.8,-3291.4,5.6,343,neighbour_says_shifted,False,post_cut,1,locality
VS004403,AC000427,AD000550,FA004,2026-06-10,864.6,-3087.8,24.7,249,neighbour_says_shifted,False,post_cut,1,rooftop
VS004404,AC001602,AD002064,FA004,2026-06-10,235.2,-3247.5,5.7,243,neighbour_says_shifted,False,post_cut,1,locality
VS004405,AC002160,AD002788,FA004,2026-06-10,578.8,2597.4,18.0,157,neighbour_says_shifted,False,post_cut,1,locality
VS004406,AC000449,AD000579,FA006,2026-06-10,-322.0,-21.0,8.7,69,address_not_traceable,False,post_cut,1,pincode
VS004407,AC000084,AD000105,FA006,2026-06-10,-316.3,-362.4,7.2,54,address_not_traceable,False,post_cut,1,locality
VS004408,AC001429,AD001844,FA006,2026-06-10,-601.7,-11.1,8.2,233,locked_premises,False,post_cut,1,street
VS004409,AC002158,AD002784,FA006,2026-06-10,-418.1,-414.8,5.5,108,address_not_traceable,False,post_cut,1,locality
VS004410,AC001299,AD001689,FA006,2026-06-10,-313.8,-806.7,9.6,453,met_borrower,True,post_cut,1,street
VS004411,AC002108,AD002719,FA006,2026-06-10,-667.9,-488.9,9.8,56,address_not_traceable,False,post_cut,1,locality
VS004412,AC001042,AD001346,FA006,2026-06-10,-797.5,-721.5,24.2,248,met_family,True,post_cut,1,locality
VS004413,AC002202,AD002842,FA006,2026-06-10,-670.0,-73.5,7.7,78,address_not_traceable,False,post_cut,1,locality
VS004414,AC000758,AD000978,FA007,2026-06-10,-1139.0,-563.1,10.4,192,locked_premises,False,post_cut,1,locality
VS004415,AC000078,AD000099,FA007,2026-06-10,-353.7,-417.3,5.1,423,met_family,True,post_cut,1,locality
VS004416,AC001558,AD002009,FA007,2026-06-10,-781.7,-592.8,9.8,76,address_not_traceable,False,post_cut,1,locality
VS004417,AC000832,AD001071,FA007,2026-06-10,-1090.0,-650.2,21.3,911,met_borrower,True,post_cut,1,locality
VS004418,AC002099,AD002708,FA007,2026-06-10,-752.1,-280.7,13.7,116,address_not_traceable,False,post_cut,1,locality
VS004419,AC000277,AD000348,FA007,2026-06-10,-671.4,-558.6,15.5,55,address_not_traceable,False,post_cut,1,locality
VS004420,AC000980,AD001268,FA007,2026-06-10,-176.7,-823.0,28.5,507,met_borrower,True,post_cut,1,locality
VS004421,AC001944,AD002513,FA007,2026-06-10,-864.1,-273.4,6.7,109,address_not_traceable,False,post_cut,1,street
VS004422,AC000906,AD001170,FA008,2026-06-10,3550.4,-1835.5,18.4,1319,met_borrower,True,post_cut,1,locality
VS004423,AC001912,AD002471,FA008,2026-06-10,3441.7,-1334.9,10.2,91,address_not_traceable,False,post_cut,1,locality
VS004424,AC001725,AD002230,FA008,2026-06-10,3400.8,-1814.8,8.2,144,locked_premises,False,post_cut,1,locality
VS004425,AC001629,AD002102,FA008,2026-06-10,2966.2,-1850.7,7.5,471,met_family,True,post_cut,1,locality
VS004426,AC000837,AD001078,FA008,2026-06-10,3064.0,-1915.8,4.6,961,met_borrower,True,post_cut,1,locality
VS004427,AC001395,AD001802,FA008,2026-06-10,3259.6,-1714.1,8.5,229,locked_premises,False,post_cut,1,street
VS004428,AC000600,AD000774,FA009,2026-06-10,-2613.8,1797.1,25.7,1113,met_borrower,True,post_cut,1,locality
VS004429,AC000381,AD000484,FA009,2026-06-10,-3746.9,-768.6,10.1,238,met_family,True,post_cut,1,locality
VS004430,AC000732,AD000944,FA009,2026-06-10,-2331.7,1326.0,17.7,369,met_family,True,post_cut,1,locality
VS004431,AC000848,AD001094,FA009,2026-06-10,-2471.3,1762.0,6.9,164,locked_premises,False,post_cut,1,locality
VS004432,AC001959,AD002532,FA009,2026-06-10,-2393.3,1634.0,7.0,92,locked_premises,False,post_cut,1,locality
VS004433,AC000479,AD000614,FA009,2026-06-10,-2452.2,1354.7,17.2,1128,met_borrower,True,post_cut,1,locality
VS004434,AC002086,AD002691,FA001,2026-06-11,3185.7,-2087.9,4.0,955,met_borrower,True,post_cut,1,pincode
VS004435,AC000608,AD000785,FA001,2026-06-11,1346.3,-2028.8,8.2,114,address_not_traceable,False,post_cut,1,pincode
VS004436,AC000442,AD000569,FA001,2026-06-11,2816.8,-2118.3,15.2,1017,met_borrower,True,post_cut,1,locality
VS004437,AC001963,AD002537,FA001,2026-06-11,2654.9,-2276.9,21.7,869,met_borrower,True,post_cut,1,pincode
VS004438,AC000227,AD000287,FA001,2026-06-11,2698.4,-2511.8,13.9,533,met_borrower,True,post_cut,1,locality
VS004439,AC000154,AD000193,FA001,2026-06-11,1810.0,-1558.6,6.5,58,address_not_traceable,False,post_cut,1,pincode
VS004440,AC000918,AD001186,FA001,2026-06-11,2882.7,-1859.3,4.3,423,met_borrower,True,post_cut,1,locality
VS004441,AC001785,AD002304,FA001,2026-06-11,3008.2,-2379.2,8.8,89,address_not_traceable,False,post_cut,1,locality
VS004442,AC001368,AD001770,FA001,2026-06-11,2360.3,-2104.9,9.1,300,met_family,True,post_cut,1,locality
VS004443,AC000413,AD000530,FA003,2026-06-11,-1144.4,-3092.6,9.9,909,met_borrower,True,post_cut,1,locality
VS004444,AC001409,AD001818,FA003,2026-06-11,720.4,-843.9,9.9,64,address_not_traceable,False,post_cut,1,pincode
VS004445,AC000746,AD000963,FA003,2026-06-11,1659.1,-1349.7,9.6,84,address_not_traceable,False,post_cut,1,pincode
VS004446,AC000420,AD000541,FA003,2026-06-11,2594.2,-2493.3,11.0,949,met_borrower,True,post_cut,1,locality
VS004447,AC000375,AD000475,FA003,2026-06-11,2873.1,-2406.5,9.8,906,met_borrower,True,post_cut,1,locality
VS004448,AC001063,AD001372,FA003,2026-06-11,2687.3,-2267.7,4.0,110,address_not_traceable,False,post_cut,1,locality
VS004449,AC001025,AD001324,FA003,2026-06-11,2611.9,-1914.5,17.7,555,met_family,True,post_cut,1,locality
VS004450,AC000984,AD001273,FA003,2026-06-11,2328.9,-2212.8,8.7,345,neighbour_says_shifted,False,post_cut,1,locality
VS004451,AC002072,AD002673,FA003,2026-06-11,2571.9,-2281.3,13.2,1310,met_borrower,True,post_cut,1,locality
VS004452,AC001217,AD001579,FA003,2026-06-11,2575.0,-2429.5,12.2,36,address_not_traceable,False,post_cut,1,street
VS004453,AC000857,AD001105,FA002,2026-06-11,2822.3,-2276.8,10.9,509,met_borrower,True,post_cut,1,locality
VS004454,AC001581,AD002038,FA002,2026-06-11,3088.8,-2390.3,15.4,696,met_borrower,True,post_cut,1,locality
VS004455,AC001093,AD001419,FA002,2026-06-11,1206.2,-1261.2,7.1,72,address_not_traceable,False,post_cut,1,pincode
VS004456,AC000251,AD000317,FA002,2026-06-11,-1898.2,1021.9,9.8,92,address_not_traceable,False,post_cut,1,pincode
VS004457,AC001903,AD002461,FA002,2026-06-11,2157.3,-2104.9,16.7,68,address_not_traceable,False,post_cut,1,pincode
VS004458,AC000134,AD000169,FA002,2026-06-11,3345.0,-2311.7,26.6,215,locked_premises,False,post_cut,1,locality
VS004459,AC000951,AD001231,FA002,2026-06-11,2951.7,-2139.4,10.8,278,neighbour_says_shifted,False,post_cut,1,locality
VS004460,AC002098,AD002707,FA002,2026-06-11,2478.1,-2340.2,11.4,1056,met_borrower,True,post_cut,1,pincode
VS004461,AC001565,AD002021,FA002,2026-06-11,3148.6,-2466.4,21.6,188,locked_premises,False,post_cut,1,locality
VS004462,AC002019,AD002607,FA002,2026-06-11,-1478.7,960.1,11.9,34,address_not_traceable,False,post_cut,1,pincode
VS004463,AC000418,AD000539,FA005,2026-06-11,1786.5,-1794.5,9.1,42,address_not_traceable,False,post_cut,1,pincode
VS004464,AC001353,AD001752,FA005,2026-06-11,1671.7,-2420.4,5.6,302,neighbour_says_shifted,False,post_cut,1,locality
VS004465,AC002308,AD002973,FA005,2026-06-11,955.5,-2323.8,11.9,406,met_family,True,post_cut,1,pincode
VS004466,AC000787,AD001013,FA005,2026-06-11,1353.0,-2082.4,11.1,99,locked_premises,False,post_cut,1,street
VS004467,AC001997,AD002576,FA005,2026-06-11,1436.7,-2348.5,4.0,164,locked_premises,False,post_cut,1,locality
VS004468,AC001151,AD001495,FA005,2026-06-11,1274.6,-1856.4,10.7,127,locked_premises,False,post_cut,1,pincode
VS004469,AC001995,AD002574,FA005,2026-06-11,1820.2,-2196.1,11.7,99,no_such_person,False,post_cut,1,locality
VS004470,AC001597,AD002059,FA005,2026-06-11,1214.1,-2014.9,4.0,127,no_such_person,False,post_cut,1,locality
VS004471,AC000327,AD000412,FA005,2026-06-11,1239.5,-2069.3,25.3,1250,met_borrower,True,post_cut,1,street
VS004472,AC001989,AD002568,FA004,2026-06-11,3143.8,328.0,23.6,164,locked_premises,False,post_cut,1,locality
VS004473,AC001174,AD001523,FA004,2026-06-11,2945.8,258.8,7.8,1024,met_borrower,True,post_cut,1,locality
VS004474,AC001769,AD002286,FA004,2026-06-11,2395.1,2012.2,10.9,109,address_not_traceable,False,post_cut,1,locality
VS004475,AC001035,AD001338,FA004,2026-06-11,2849.8,625.5,5.7,944,met_borrower,True,post_cut,1,locality
VS004476,AC002229,AD002872,FA004,2026-06-11,3278.2,292.7,10.6,289,met_family,True,post_cut,1,locality
VS004477,AC001752,AD002261,FA004,2026-06-11,2686.2,258.4,11.0,147,neighbour_says_shifted,False,post_cut,1,locality
VS004478,AC000131,AD000165,FA004,2026-06-11,3311.0,698.1,6.2,172,locked_premises,False,post_cut,1,locality
VS004479,AC000745,AD000962,FA004,2026-06-11,2673.8,241.3,35.6,330,met_family,True,post_cut,1,locality
VS004480,AC000666,AD000860,FA006,2026-06-11,1351.3,-1847.1,8.1,283,no_such_person,False,post_cut,1,locality
VS004481,AC000266,AD000337,FA006,2026-06-11,1423.5,-2017.1,20.9,64,locked_premises,False,post_cut,1,street
VS004482,AC001621,AD002091,FA006,2026-06-11,1765.7,-2195.6,7.0,233,locked_premises,False,post_cut,1,locality
VS004483,AC000467,AD000600,FA006,2026-06-11,1738.2,-2403.9,17.5,424,met_family,True,post_cut,1,locality
VS004484,AC002382,AD003067,FA006,2026-06-11,1401.4,-1827.3,7.5,177,locked_premises,False,post_cut,1,locality
VS004485,AC000672,AD000866,FA006,2026-06-11,1560.3,-1972.3,5.1,90,locked_premises,False,post_cut,1,locality
VS004486,AC001177,AD001528,FA006,2026-06-11,1227.7,-2536.6,33.5,946,met_borrower,True,post_cut,1,locality
VS004487,AC001275,AD001652,FA006,2026-06-11,1217.7,-2458.8,14.5,159,no_such_person,False,post_cut,1,street
VS004488,AC001229,AD001592,FA006,2026-06-11,1495.8,-2483.8,11.5,886,met_borrower,True,post_cut,1,street
VS004489,AC000808,AD001040,FA009,2026-06-11,2342.7,-762.5,8.5,224,locked_premises,False,post_cut,1,street
VS004490,AC002024,AD002614,FA009,2026-06-11,707.2,-828.6,5.5,288,no_such_person,False,post_cut,1,locality
VS004491,AC000443,AD000570,FA009,2026-06-11,1009.8,-814.6,4.8,48,address_not_traceable,False,post_cut,1,locality
VS004492,AC000609,AD000787,FA009,2026-06-11,2327.9,-785.0,4.7,199,locked_premises,False,post_cut,26,rooftop
VS004493,AC000926,AD001197,FA009,2026-06-11,-3748.6,-784.5,14.5,182,locked_premises,False,post_cut,32,locality
VS004494,AC000191,AD000239,FA009,2026-06-11,1033.5,-773.5,10.9,202,no_such_person,False,post_cut,1,street
VS004495,AC001983,AD002562,FA009,2026-06-11,2328.8,-801.5,21.9,109,locked_premises,False,post_cut,23,locality
VS004496,AC000086,AD000107,FA007,2026-06-11,3452.5,393.9,4.2,54,address_not_traceable,False,post_cut,1,locality
VS004497,AC002075,AD002676,FA007,2026-06-11,3671.3,471.6,7.4,96,locked_premises,False,post_cut,1,locality
VS004498,AC001129,AD001466,FA007,2026-06-11,3568.8,23.0,11.3,213,met_family,True,post_cut,1,locality
VS004499,AC001175,AD001524,FA007,2026-06-11,4268.6,154.8,24.4,225,locked_premises,False,post_cut,1,locality
VS004500,AC001430,AD001845,FA007,2026-06-11,4026.5,447.1,4.1,64,address_not_traceable,False,post_cut,1,locality
VS004501,AC002123,AD002737,FA007,2026-06-11,3597.1,171.7,22.5,80,address_not_traceable,False,post_cut,1,locality
VS004502,AC000911,AD001176,FA007,2026-06-11,3550.5,-312.6,16.8,366,met_family,True,post_cut,1,street
VS004503,AC002016,AD002603,FA007,2026-06-11,3732.5,114.5,4.2,221,neighbour_says_shifted,False,post_cut,1,pincode
VS004504,AC001656,AD002139,FA007,2026-06-11,-3788.8,-729.9,9.3,541,met_borrower,True,post_cut,1,locality
VS004505,AC000177,AD000221,FA008,2026-06-11,691.8,-707.9,4.6,89,locked_premises,False,post_cut,1,locality
VS004506,AC000410,AD000526,FA008,2026-06-11,1154.4,-570.5,20.5,799,met_borrower,True,post_cut,1,locality
VS004507,AC002040,AD002632,FA008,2026-06-11,723.4,-1185.3,9.5,865,met_borrower,True,post_cut,1,locality
VS004508,AC002244,AD002891,FA008,2026-06-11,511.5,-978.0,28.4,506,met_family,True,post_cut,1,street
VS004509,AC000276,AD000347,FA008,2026-06-11,963.1,-1863.0,5.1,101,address_not_traceable,False,post_cut,1,pincode
VS004510,AC002205,AD002847,FA008,2026-06-11,842.1,-644.9,9.1,51,address_not_traceable,False,post_cut,1,locality
VS004511,AC001424,AD001837,FA001,2026-06-12,-1564.8,2318.0,7.6,898,met_borrower,True,post_cut,1,locality
VS004512,AC000504,AD000649,FA001,2026-06-12,-2734.9,1177.2,15.0,44,address_not_traceable,False,post_cut,1,street
VS004513,AC001507,AD001945,FA001,2026-06-12,-2948.5,925.0,14.6,359,neighbour_says_shifted,False,post_cut,1,locality
VS004514,AC001909,AD002468,FA001,2026-06-12,-3014.7,1450.9,8.1,180,neighbour_says_shifted,False,post_cut,1,locality
VS004515,AC000038,AD000047,FA001,2026-06-12,-2688.8,1254.2,8.3,160,locked_premises,False,post_cut,1,locality
VS004516,AC000389,AD000497,FA001,2026-06-12,-2692.4,1469.7,4.0,964,met_borrower,True,post_cut,1,locality
VS004517,AC000835,AD001075,FA001,2026-06-12,-3414.9,1120.1,6.9,50,address_not_traceable,False,post_cut,1,street
VS004518,AC001649,AD002129,FA001,2026-06-12,1028.6,-322.5,10.1,182,locked_premises,False,post_cut,1,locality
VS004519,AC000060,AD000075,FA002,2026-06-12,2909.0,-2095.6,7.0,64,address_not_traceable,False,post_cut,1,locality
VS004520,AC000511,AD000658,FA002,2026-06-12,2462.9,-2242.8,15.8,298,met_family,True,post_cut,1,locality
VS004521,AC001900,AD002457,FA002,2026-06-12,2620.1,-2471.7,4.7,94,address_not_traceable,False,post_cut,1,locality
VS004522,AC001033,AD001336,FA002,2026-06-12,2776.0,-1839.5,17.8,190,met_family,True,post_cut,1,locality
VS004523,AC000310,AD000389,FA002,2026-06-12,2929.2,-1796.4,15.7,553,met_family,True,post_cut,1,pincode
VS004524,AC002033,AD002623,FA002,2026-06-12,2936.6,-1831.9,9.0,168,neighbour_says_shifted,False,post_cut,1,pincode
VS004525,AC001311,AD001702,FA002,2026-06-12,2449.6,-2251.4,17.2,259,met_family,True,post_cut,1,street
VS004526,AC000962,AD001246,FA002,2026-06-12,2979.9,-2242.6,7.1,43,address_not_traceable,False,post_cut,1,locality
VS004527,AC001957,AD002530,FA002,2026-06-12,2864.8,-2219.1,25.1,203,locked_premises,False,post_cut,1,pincode
VS004528,AC000395,AD000504,FA002,2026-06-12,2900.0,-2050.8,7.9,185,no_such_person,False,post_cut,1,locality
VS004529,AC001667,AD002154,FA003,2026-06-12,713.3,-2711.4,15.2,189,locked_premises,False,post_cut,1,locality
VS004530,AC000294,AD000369,FA003,2026-06-12,719.6,-3218.3,10.3,88,locked_premises,False,post_cut,1,locality
VS004531,AC001545,AD001991,FA003,2026-06-12,370.6,-3253.1,7.2,430,met_family,True,post_cut,1,locality
VS004532,AC000226,AD000286,FA003,2026-06-12,444.4,-3341.8,4.0,1247,met_borrower,True,post_cut,1,locality
VS004533,AC000891,AD001151,FA003,2026-06-12,394.0,-2941.4,12.8,112,locked_premises,False,post_cut,1,locality
VS004534,AC000100,AD000126,FA003,2026-06-12,700.5,-3095.1,4.3,160,locked_premises,False,post_cut,1,locality
VS004535,AC002327,AD002993,FA003,2026-06-12,293.9,-2746.9,10.9,150,locked_premises,False,post_cut,1,locality
VS004536,AC000296,AD000372,FA003,2026-06-12,636.5,-3379.4,11.8,30,address_not_traceable,False,post_cut,1,locality
VS004537,AC000433,AD000557,FA003,2026-06-12,708.5,-2944.1,6.5,294,no_such_person,False,post_cut,1,locality
VS004538,AC002269,AD002922,FA003,2026-06-12,404.1,-2475.7,17.4,574,met_borrower,True,post_cut,1,locality
VS004539,AC001363,AD001765,FA004,2026-06-12,2262.6,-1082.1,8.8,227,met_family,True,post_cut,1,locality
VS004540,AC000120,AD000150,FA004,2026-06-12,2389.5,-1139.0,18.9,81,locked_premises,False,post_cut,1,locality
VS004541,AC000595,AD000768,FA004,2026-06-12,2653.4,-1571.4,11.6,81,locked_premises,False,post_cut,1,locality
VS004542,AC000617,AD000797,FA004,2026-06-12,2506.7,-1130.7,11.8,189,neighbour_says_shifted,False,post_cut,1,locality
VS004543,AC000878,AD001133,FA004,2026-06-12,2387.7,-1267.2,14.4,138,locked_premises,False,post_cut,1,locality
VS004544,AC001437,AD001855,FA004,2026-06-12,2432.3,-1199.9,7.1,182,met_family,True,post_cut,1,locality
VS004545,AC001965,AD002540,FA004,2026-06-12,2483.2,-1571.6,13.3,1136,met_borrower,True,post_cut,1,locality
VS004546,AC001636,AD002111,FA004,2026-06-12,2897.8,-1401.5,19.4,311,neighbour_says_shifted,False,post_cut,1,pincode
VS004547,AC002389,AD003077,FA004,2026-06-12,2977.9,-1532.5,5.5,336,met_borrower,True,post_cut,1,locality
VS004548,AC000711,AD000917,FA005,2026-06-12,942.9,2360.6,11.5,74,address_not_traceable,False,post_cut,1,locality
VS004549,AC002116,AD002728,FA005,2026-06-12,673.2,2312.9,22.5,32,address_not_traceable,False,post_cut,1,locality
VS004550,AC001705,AD002206,FA005,2026-06-12,1057.4,2902.6,18.3,60,locked_premises,False,post_cut,1,locality
VS004551,AC001755,AD002264,FA005,2026-06-12,948.0,2160.9,7.9,60,locked_premises,False,post_cut,1,street
VS004552,AC000551,AD000711,FA005,2026-06-12,669.7,2524.8,8.8,166,locked_premises,False,post_cut,1,locality
VS004553,AC001366,AD001768,FA005,2026-06-12,778.3,2297.6,4.4,162,locked_premises,False,post_cut,1,locality
VS004554,AC000164,AD000204,FA005,2026-06-12,992.9,2527.8,21.3,1167,met_borrower,True,post_cut,1,locality
VS004555,AC000991,AD001280,FA005,2026-06-12,712.0,2643.3,23.3,97,address_not_traceable,False,post_cut,1,locality
VS004556,AC001020,AD001318,FA006,2026-06-12,1213.6,-199.9,18.6,219,no_such_person,False,post_cut,1,street
VS004557,AC000176,AD000220,FA006,2026-06-12,1463.1,-476.0,11.3,182,no_such_person,False,post_cut,1,locality
VS004558,AC001657,AD002140,FA006,2026-06-12,943.1,-114.9,6.9,598,met_borrower,True,post_cut,1,locality
VS004559,AC001092,AD001417,FA006,2026-06-12,1207.3,-448.5,9.4,404,met_family,True,post_cut,1,locality
VS004560,AC002288,AD003106,FA006,2026-06-12,1368.3,219.3,6.4,460,met_family,True,post_cut,1,street
VS004561,AC000390,AD000498,FA006,2026-06-12,970.8,-341.6,4.8,98,locked_premises,False,post_cut,1,pincode
VS004562,AC001279,AD001656,FA006,2026-06-12,1249.4,-77.8,4.8,103,no_such_person,False,post_cut,1,locality
VS004563,AC001646,AD002123,FA006,2026-06-12,1142.2,545.3,7.4,827,met_borrower,True,post_cut,1,locality
VS004564,AC000674,AD000868,FA006,2026-06-12,831.3,393.7,13.4,595,met_family,True,post_cut,1,locality
VS004565,AC000838,AD001080,FA008,2026-06-12,-2306.2,-188.3,4.0,545,met_borrower,True,post_cut,1,street
VS004566,AC000481,AD000617,FA008,2026-06-12,-2981.2,3.7,18.8,1277,met_borrower,True,post_cut,1,locality
VS004567,AC001727,AD002233,FA008,2026-06-12,-2563.4,-524.8,4.3,127,locked_premises,False,post_cut,1,street
VS004568,AC001987,AD002566,FA008,2026-06-12,-2557.6,-110.8,13.6,170,locked_premises,False,post_cut,1,locality
VS004569,AC001031,AD001333,FA008,2026-06-12,-2364.8,-387.3,20.4,32,address_not_traceable,False,post_cut,1,locality
VS004570,AC000563,AD000727,FA008,2026-06-12,-2691.4,-489.4,11.5,134,neighbour_says_shifted,False,post_cut,1,locality
VS004571,AC000271,AD000342,FA007,2026-06-12,3615.3,-265.2,6.7,32,address_not_traceable,False,post_cut,1,locality
VS004572,AC002399,AD003088,FA007,2026-06-12,3332.1,-1938.9,11.9,90,address_not_traceable,False,post_cut,1,locality
VS004573,AC001461,AD001885,FA007,2026-06-12,565.5,91.4,14.6,97,address_not_traceable,False,post_cut,1,pincode
VS004574,AC001488,AD001920,FA007,2026-06-12,3618.5,590.3,6.4,469,met_family,True,post_cut,1,locality
VS004575,AC001109,AD001441,FA007,2026-06-12,3628.5,77.5,6.3,1169,met_borrower,True,post_cut,1,locality
VS004576,AC000201,AD000252,FA007,2026-06-12,3454.2,468.7,9.2,115,address_not_traceable,False,post_cut,1,locality
VS004577,AC002090,AD002696,FA009,2026-06-12,-2514.0,1267.6,11.6,1208,met_borrower,True,post_cut,1,locality
VS004578,AC000937,AD001212,FA009,2026-06-12,2314.8,-773.7,12.5,144,locked_premises,False,post_cut,1,pincode
VS004579,AC001105,AD001436,FA009,2026-06-12,-2315.0,1230.5,6.9,249,met_family,True,post_cut,1,locality
VS004580,AC001451,AD001872,FA009,2026-06-12,2344.9,-811.6,16.3,62,address_not_traceable,False,post_cut,26,locality
VS004581,AC001216,AD001578,FA009,2026-06-12,-2257.7,1706.6,8.5,111,locked_premises,False,post_cut,1,locality
VS004582,AC002136,AD002756,FA009,2026-06-12,2354.3,-798.4,21.3,104,address_not_traceable,False,post_cut,32,pincode
VS004583,AC001567,AD002023,FA009,2026-06-12,-2798.2,1730.6,16.9,97,locked_premises,False,post_cut,1,locality
VS004584,AC000604,AD000779,FA001,2026-06-13,2198.9,855.6,12.6,86,locked_premises,False,post_cut,1,locality
VS004585,AC001086,AD001408,FA001,2026-06-13,2633.5,928.4,5.2,327,met_borrower,True,post_cut,1,locality
VS004586,AC000934,AD001207,FA001,2026-06-13,2484.2,922.8,9.0,138,neighbour_says_shifted,False,post_cut,1,locality
VS004587,AC000519,AD000669,FA001,2026-06-13,2429.8,789.2,8.0,82,address_not_traceable,False,post_cut,1,locality
VS004588,AC001447,AD001867,FA001,2026-06-13,2557.7,1307.9,11.2,133,no_such_person,False,post_cut,1,street
VS004589,AC001834,AD002367,FA001,2026-06-13,2119.2,811.9,13.6,475,met_borrower,True,post_cut,1,locality
VS004590,AC000089,AD000112,FA001,2026-06-13,795.6,-2832.4,11.5,103,address_not_traceable,False,post_cut,1,locality
VS004591,AC000518,AD000668,FA001,2026-06-13,2334.4,909.9,8.1,991,met_borrower,True,post_cut,1,locality
VS004592,AC002272,AD002925,FA003,2026-06-13,2583.6,-1978.7,16.0,141,locked_premises,False,post_cut,1,locality
VS004593,AC000287,AD000360,FA003,2026-06-13,3070.1,-2388.3,16.1,477,met_family,True,post_cut,1,locality
VS004594,AC001875,AD002419,FA003,2026-06-13,2776.0,-2301.1,8.2,488,met_family,True,post_cut,1,street
VS004595,AC001739,AD002247,FA003,2026-06-13,2668.7,-1779.4,5.5,318,met_family,True,post_cut,1,locality
VS004596,AC001305,AD001695,FA003,2026-06-13,2370.8,-2109.3,13.4,363,met_borrower,True,post_cut,1,locality
VS004597,AC000909,AD001174,FA003,2026-06-13,2604.1,-1926.1,8.4,209,neighbour_says_shifted,False,post_cut,1,rooftop
VS004598,AC000856,AD001103,FA003,2026-06-13,745.1,-89.6,4.0,64,address_not_traceable,False,post_cut,1,pincode
VS004599,AC001865,AD002404,FA003,2026-06-13,2917.1,-2016.3,8.5,290,neighbour_says_shifted,False,post_cut,1,locality
VS004600,AC000043,AD000053,FA003,2026-06-13,2150.5,-1196.4,15.0,46,address_not_traceable,False,post_cut,1,locality
VS004601,AC000853,AD001100,FA003,2026-06-13,2902.4,-2543.2,4.4,563,met_family,True,post_cut,1,locality
VS004602,AC002179,AD002814,FA002,2026-06-13,-885.0,-3561.9,4.0,371,neighbour_says_shifted,False,post_cut,1,rooftop
VS004603,AC000876,AD001130,FA002,2026-06-13,-896.8,-3306.1,21.3,328,met_family,True,post_cut,1,street
VS004604,AC001384,AD001789,FA002,2026-06-13,-842.8,-3180.2,38.8,222,locked_premises,False,post_cut,1,locality
VS004605,AC000957,AD001239,FA002,2026-06-13,-734.0,-3063.0,8.7,122,locked_premises,False,post_cut,1,locality
VS004606,AC000802,AD001033,FA002,2026-06-13,-1120.9,-3509.5,8.2,97,address_not_traceable,False,post_cut,1,street
VS004607,AC000564,AD000728,FA002,2026-06-13,-534.6,-3526.6,9.7,104,address_not_traceable,False,post_cut,1,street
VS004608,AC001813,AD002341,FA004,2026-06-13,-1004.5,2623.2,9.8,131,locked_premises,False,post_cut,1,locality
VS004609,AC001637,AD002112,FA004,2026-06-13,-362.8,3280.8,12.9,458,met_family,True,post_cut,1,street
VS004610,AC001676,AD002166,FA004,2026-06-13,-962.7,3031.9,7.8,114,no_such_person,False,post_cut,1,locality
VS004611,AC000879,AD001135,FA004,2026-06-13,-883.8,2980.1,11.0,539,met_family,True,post_cut,1,locality
VS004612,AC001282,AD001662,FA004,2026-06-13,-513.3,3175.5,6.4,1384,met_borrower,True,post_cut,1,locality
VS004613,AC000070,AD000088,FA004,2026-06-13,-483.9,3168.7,6.0,930,cash_collected,True,post_cut,1,street
VS004614,AC001555,AD002005,FA004,2026-06-13,-102.4,3207.0,17.4,295,met_family,True,post_cut,1,locality
VS004615,AC000769,AD000991,FA004,2026-06-13,-676.1,3283.3,6.5,238,locked_premises,False,post_cut,1,locality
VS004616,AC001303,AD001693,FA004,2026-06-13,-601.5,3418.2,6.3,460,met_family,True,post_cut,1,locality
VS004617,AC001439,AD001857,FA006,2026-06-13,1764.3,-2374.8,16.5,33,address_not_traceable,False,post_cut,1,locality
VS004618,AC001556,AD002007,FA006,2026-06-13,1176.2,-2082.6,11.6,105,locked_premises,False,post_cut,1,locality
VS004619,AC001890,AD002440,FA006,2026-06-13,1774.2,-1626.2,14.9,80,address_not_traceable,False,post_cut,1,pincode
VS004620,AC001221,AD001584,FA006,2026-06-13,1252.3,-1748.6,19.0,231,locked_premises,False,post_cut,1,locality
VS004621,AC001343,AD001741,FA006,2026-06-13,1550.5,-1854.7,11.3,66,locked_premises,False,post_cut,1,locality
VS004622,AC000349,AD000443,FA006,2026-06-13,1760.5,-1813.8,9.2,255,met_family,True,post_cut,1,locality
VS004623,AC002303,AD002966,FA005,2026-06-13,408.1,2582.6,8.2,1345,met_borrower,True,post_cut,1,locality
VS004624,AC001257,AD001628,FA005,2026-06-13,805.8,2889.7,9.5,64,address_not_traceable,False,post_cut,1,street
VS004625,AC002168,AD002798,FA005,2026-06-13,1360.2,2757.6,5.5,167,locked_premises,False,post_cut,1,locality
VS004626,AC000209,AD000263,FA005,2026-06-13,802.5,2761.7,6.6,107,address_not_traceable,False,post_cut,1,locality
VS004627,AC002094,AD002701,FA005,2026-06-13,1412.7,1261.6,10.9,31,address_not_traceable,False,post_cut,1,pincode
VS004628,AC001529,AD003098,FA005,2026-06-13,1862.0,-2052.3,8.3,171,locked_premises,False,post_cut,1,locality
VS004629,AC001122,AD001457,FA005,2026-06-13,1029.4,2593.8,6.5,260,neighbour_says_shifted,False,post_cut,1,locality
VS004630,AC001933,AD002499,FA005,2026-06-13,932.3,2771.4,6.3,179,locked_premises,False,post_cut,1,locality
VS004631,AC001141,AD001481,FA007,2026-06-13,2861.9,-1836.1,4.0,121,locked_premises,False,post_cut,1,locality
VS004632,AC001666,AD002153,FA007,2026-06-13,3446.1,-1746.3,9.0,412,met_family,True,post_cut,1,street
VS004633,AC001846,AD002380,FA007,2026-06-13,2835.3,-2526.6,5.5,97,address_not_traceable,False,post_cut,1,street
VS004634,AC001586,AD002044,FA007,2026-06-13,3233.0,-2169.6,5.6,480,met_family,True,post_cut,1,locality
VS004635,AC002322,AD002988,FA007,2026-06-13,3023.8,-1972.6,4.9,1196,cash_collected,True,post_cut,1,locality
VS004636,AC000983,AD001272,FA007,2026-06-13,2985.8,-2302.3,12.4,69,address_not_traceable,False,post_cut,1,locality
VS004637,AC000158,AD000197,FA008,2026-06-13,-2658.1,-138.4,8.5,380,met_borrower,True,post_cut,1,locality
VS004638,AC000216,AD000272,FA008,2026-06-13,-2635.1,-120.4,9.1,115,address_not_traceable,False,post_cut,1,locality
VS004639,AC002006,AD002590,FA008,2026-06-13,-2544.4,-345.6,4.0,31,address_not_traceable,False,post_cut,1,locality
VS004640,AC001076,AD001391,FA008,2026-06-13,-2628.0,-28.5,17.4,449,met_borrower,True,post_cut,1,locality
VS004641,AC001539,AD001982,FA008,2026-06-13,-2532.1,-471.9,11.7,129,neighbour_says_shifted,False,post_cut,1,locality
VS004642,AC001744,AD002252,FA008,2026-06-13,-2928.0,-567.0,22.9,1371,met_borrower,True,post_cut,1,locality
VS004643,AC002331,AD002997,FA009,2026-06-13,2890.7,-2022.4,7.8,193,locked_premises,False,post_cut,1,locality
VS004644,AC002220,AD002862,FA009,2026-06-13,3390.7,-1916.5,7.7,389,neighbour_says_shifted,False,post_cut,1,street
VS004645,AC002042,AD002635,FA009,2026-06-13,3240.6,-2179.1,4.9,146,locked_premises,False,post_cut,1,locality
VS004646,AC001208,AD001569,FA009,2026-06-13,1793.1,-3046.1,12.3,90,address_not_traceable,False,post_cut,1,pincode
VS004647,AC001364,AD001766,FA009,2026-06-13,2324.9,-760.3,12.5,113,met_family,True,post_cut,1,locality
VS004648,AC000027,AD000031,FA009,2026-06-13,-3727.3,-760.6,12.8,235,locked_premises,False,post_cut,32,locality
VS004649,AC000162,AD000202,FA009,2026-06-13,3139.4,-1759.7,5.6,86,address_not_traceable,False,post_cut,1,locality
VS004650,AC001314,AD001706,FA009,2026-06-13,3392.6,-2265.0,15.2,256,neighbour_says_shifted,False,post_cut,1,locality
VS004651,AC001103,AD001433,FA001,2026-06-15,2519.5,-2346.4,6.1,68,address_not_traceable,False,post_cut,1,street
VS004652,AC001273,AD001649,FA001,2026-06-15,2421.8,-1804.4,8.3,84,address_not_traceable,False,post_cut,1,locality
VS004653,AC001348,AD001746,FA001,2026-06-15,3025.4,-2191.6,4.0,182,met_family,True,post_cut,1,locality
VS004654,AC000955,AD001236,FA001,2026-06-15,2832.9,-2847.4,10.3,199,met_family,True,post_cut,1,locality
VS004655,AC000741,AD000955,FA001,2026-06-15,3139.9,-1914.9,10.0,183,locked_premises,False,post_cut,1,locality
VS004656,AC000953,AD001233,FA001,2026-06-15,2519.5,-2359.3,5.9,639,met_borrower,True,post_cut,1,locality
VS004657,AC000506,AD000652,FA001,2026-06-15,2888.6,-2275.0,15.5,1390,met_borrower,True,post_cut,1,locality
VS004658,AC000971,AD001256,FA001,2026-06-15,3310.6,-1997.6,5.7,189,locked_premises,False,post_cut,1,locality
VS004659,AC000110,AD000138,FA002,2026-06-15,610.4,-3070.3,8.8,469,cash_collected,True,post_cut,1,street
VS004660,AC000475,AD000608,FA002,2026-06-15,905.2,-3340.9,12.1,123,locked_premises,False,post_cut,1,locality
VS004661,AC000840,AD001083,FA002,2026-06-15,789.0,-3281.7,5.9,171,locked_premises,False,post_cut,1,street
VS004662,AC000726,AD000936,FA002,2026-06-15,994.2,-2966.6,7.3,185,locked_premises,False,post_cut,1,locality
VS004663,AC002034,AD002624,FA002,2026-06-15,545.5,-3495.9,8.7,564,met_family,True,post_cut,1,locality
VS004664,AC001599,AD002061,FA002,2026-06-15,782.2,-2997.4,12.1,638,met_borrower,True,post_cut,1,street
VS004665,AC000843,AD001087,FA002,2026-06-15,1032.7,-2634.7,17.4,1415,met_borrower,True,post_cut,1,pincode
VS004666,AC002275,AD002928,FA002,2026-06-15,1156.4,-3137.8,11.6,400,met_borrower,True,post_cut,1,locality
VS004667,AC000712,AD000919,FA003,2026-06-15,3010.9,-2502.6,13.0,405,met_family,True,post_cut,1,locality
VS004668,AC000103,AD000129,FA003,2026-06-15,3213.6,-1943.3,12.1,474,met_family,True,post_cut,1,locality
VS004669,AC000289,AD000363,FA003,2026-06-15,1840.7,-1255.7,9.1,76,address_not_traceable,False,post_cut,1,locality
VS004670,AC002336,AD003004,FA003,2026-06-15,2965.8,-2523.9,9.2,810,met_borrower,True,post_cut,1,locality
VS004671,AC000945,AD001224,FA003,2026-06-15,2914.0,-2266.8,10.4,73,address_not_traceable,False,post_cut,1,locality
VS004672,AC000408,AD000524,FA003,2026-06-15,2629.7,-1680.2,20.7,165,locked_premises,False,post_cut,1,street
VS004673,AC000484,AD000622,FA003,2026-06-15,2471.3,-2517.5,19.3,302,met_family,True,post_cut,1,locality
VS004674,AC002260,AD002911,FA003,2026-06-15,2900.2,-2205.0,5.0,188,locked_premises,False,post_cut,1,locality
VS004675,AC001139,AD001479,FA003,2026-06-15,2995.3,-2492.2,7.5,404,met_family,True,post_cut,1,locality
VS004676,AC002185,AD002821,FA006,2026-06-15,1305.7,-2213.8,16.4,450,met_family,True,post_cut,1,locality
VS004677,AC002065,AD002664,FA006,2026-06-15,1221.9,-2398.7,22.6,205,locked_premises,False,post_cut,1,street
VS004678,AC002062,AD002661,FA006,2026-06-15,1763.9,-1740.0,4.8,911,met_borrower,True,post_cut,1,pincode
VS004679,AC001421,AD001833,FA006,2026-06-15,1539.2,-2400.5,9.6,83,locked_premises,False,post_cut,1,locality
VS004680,AC001068,AD001380,FA006,2026-06-15,1398.7,-1890.6,6.1,417,met_family,True,post_cut,1,locality
VS004681,AC001610,AD002074,FA006,2026-06-15,1777.5,-1651.7,15.2,1098,cash_collected,True,post_cut,1,street
VS004682,AC002165,AD002794,FA006,2026-06-15,1508.4,-2128.3,10.3,228,locked_premises,False,post_cut,1,locality
VS004683,AC000179,AD000223,FA006,2026-06-15,1660.6,-1905.3,6.2,90,address_not_traceable,False,post_cut,1,locality
VS004684,AC000138,AD000174,FA006,2026-06-15,-175.0,1402.0,4.0,113,address_not_traceable,False,post_cut,1,locality
VS004685,AC002069,AD002669,FA005,2026-06-15,-1169.5,613.2,6.3,59,address_not_traceable,False,post_cut,1,pincode
VS004686,AC002343,AD003015,FA005,2026-06-15,1032.2,2430.6,10.0,1282,met_borrower,True,post_cut,1,locality
VS004687,AC002378,AD003060,FA005,2026-06-15,884.8,2820.3,24.2,141,locked_premises,False,post_cut,1,locality
VS004688,AC000040,AD000049,FA005,2026-06-15,711.3,2351.2,20.5,1184,met_borrower,True,post_cut,1,locality
VS004689,AC000614,AD000792,FA005,2026-06-15,925.7,2486.1,9.0,466,met_family,True,post_cut,1,locality
VS004690,AC002381,AD003065,FA005,2026-06-15,714.0,3015.3,5.4,329,met_borrower,True,post_cut,1,locality
VS004691,AC001500,AD001937,FA005,2026-06-15,743.3,3096.0,7.5,66,locked_premises,False,post_cut,1,street
VS004692,AC000023,AD000027,FA005,2026-06-15,910.0,2848.8,25.2,487,met_family,True,post_cut,1,locality
VS004693,AC000028,AD000032,FA004,2026-06-15,1791.7,-1820.2,9.7,541,met_borrower,True,post_cut,1,locality
VS004694,AC001708,AD002210,FA004,2026-06-15,1637.9,-1605.7,19.0,66,locked_premises,False,post_cut,1,locality
VS004695,AC000435,AD000560,FA004,2026-06-15,1271.4,-2472.5,13.4,444,met_family,True,post_cut,1,locality
VS004696,AC002141,AD002763,FA004,2026-06-15,1623.9,-2291.6,6.3,30,address_not_traceable,False,post_cut,1,locality
VS004697,AC001907,AD002466,FA004,2026-06-15,1863.0,-2095.6,6.1,594,met_borrower,True,post_cut,1,locality
VS004698,AC002364,AD003044,FA004,2026-06-15,1332.5,-2429.7,5.1,136,neighbour_says_shifted,False,post_cut,1,rooftop
VS004699,AC001080,AD001397,FA004,2026-06-15,1671.7,-1660.4,11.7,113,locked_premises,False,post_cut,1,locality
VS004700,AC000696,AD000897,FA004,2026-06-15,1637.2,-2611.1,6.4,685,met_borrower,True,post_cut,1,locality
VS004701,AC001954,AD002526,FA004,2026-06-15,1425.2,-2268.0,4.2,280,met_family,True,post_cut,1,locality
VS004702,AC000339,AD000430,FA004,2026-06-15,1743.8,-1971.1,4.6,519,met_family,True,post_cut,1,locality
VS004703,AC001625,AD002096,FA009,2026-06-15,3540.2,709.5,13.3,54,address_not_traceable,False,post_cut,1,street
VS004704,AC001607,AD002070,FA009,2026-06-15,-438.6,-3668.3,4.0,84,address_not_traceable,False,post_cut,1,locality
VS004705,AC001792,AD002311,FA009,2026-06-15,-3728.3,-788.6,6.3,69,met_borrower,True,post_cut,23,locality
VS004706,AC001046,AD001352,FA009,2026-06-15,3930.8,254.1,24.9,397,met_family,True,post_cut,1,locality
VS004707,AC000501,AD000645,FA009,2026-06-15,3443.6,-133.8,9.5,70,address_not_traceable,False,post_cut,1,locality
VS004708,AC002243,AD002890,FA009,2026-06-15,-2375.0,1242.0,17.3,200,neighbour_says_shifted,False,post_cut,1,pincode
VS004709,AC001974,AD002551,FA009,2026-06-15,3394.4,479.0,38.2,208,locked_premises,False,post_cut,1,locality
VS004710,AC000869,AD001122,FA009,2026-06-15,3315.0,270.5,8.5,379,met_family,True,post_cut,1,locality
VS004711,AC002278,AD002932,FA008,2026-06-15,-628.6,-3460.1,5.9,107,locked_premises,False,post_cut,1,locality
VS004712,AC001172,AD001520,FA008,2026-06-15,-629.0,-3692.5,17.0,1335,met_borrower,True,post_cut,1,street
VS004713,AC000474,AD000607,FA008,2026-06-15,-772.8,-3897.8,12.7,90,locked_premises,False,post_cut,1,locality
VS004714,AC001072,AD001386,FA008,2026-06-15,-418.3,-3396.3,10.6,391,neighbour_says_shifted,False,post_cut,1,locality
VS004715,AC000941,AD001219,FA008,2026-06-15,-528.2,-3741.9,4.8,389,met_family,True,post_cut,1,locality
VS004716,AC000447,AD000576,FA008,2026-06-15,-580.2,-3729.6,22.3,66,address_not_traceable,False,post_cut,1,locality
VS004717,AC001251,AD001620,FA008,2026-06-15,-17.2,-3390.0,5.7,719,met_borrower,True,post_cut,1,locality
VS004718,AC000064,AD000080,FA007,2026-06-15,4274.4,293.2,5.1,95,address_not_traceable,False,post_cut,1,street
VS004719,AC000497,AD000639,FA007,2026-06-15,1087.5,-942.8,17.9,79,locked_premises,False,post_cut,1,street
VS004720,AC000874,AD001128,FA007,2026-06-15,780.7,-1352.6,6.9,1074,met_borrower,True,post_cut,1,locality
VS004721,AC000123,AD000155,FA007,2026-06-15,1171.5,-625.9,16.2,1226,cash_collected,True,post_cut,1,street
VS004722,AC000356,AD000451,FA007,2026-06-15,997.9,-524.2,8.5,31,address_not_traceable,False,post_cut,1,locality
VS004723,AC001079,AD001396,FA007,2026-06-15,-636.3,-3371.2,7.9,448,met_borrower,True,post_cut,1,locality
VS004724,AC001893,AD002445,FA007,2026-06-15,903.4,-970.2,4.0,92,address_not_traceable,False,post_cut,1,locality
VS004725,AC001104,AD001434,FA007,2026-06-15,710.9,-876.2,26.3,481,met_family,True,post_cut,1,locality
VS004726,AC002206,AD002848,FA007,2026-06-15,888.4,-937.3,25.5,85,locked_premises,False,post_cut,1,locality
VS004727,AC001806,AD002332,FA001,2026-06-16,3127.8,-2075.5,6.9,1281,met_borrower,True,post_cut,1,pincode
VS004728,AC001206,AD001567,FA001,2026-06-16,2753.8,-2278.1,8.9,280,no_such_person,False,post_cut,1,locality
VS004729,AC000803,AD001034,FA001,2026-06-16,3141.3,-1956.6,15.2,118,locked_premises,False,post_cut,1,locality
VS004730,AC000437,AD000563,FA001,2026-06-16,3004.2,-2521.5,10.4,163,locked_premises,False,post_cut,1,locality
VS004731,AC001871,AD002413,FA001,2026-06-16,3155.8,-2082.4,4.0,570,met_family,True,post_cut,1,locality
VS004732,AC002325,AD002991,FA001,2026-06-16,2763.6,-1928.0,9.0,108,address_not_traceable,False,post_cut,1,locality
VS004733,AC000338,AD000428,FA001,2026-06-16,2897.3,-2698.5,16.9,329,neighbour_says_shifted,False,post_cut,1,locality
VS004734,AC000958,AD001240,FA003,2026-06-16,1387.2,-186.3,17.9,230,no_such_person,False,post_cut,1,locality
VS004735,AC000384,AD000488,FA003,2026-06-16,1232.1,221.4,8.9,388,neighbour_says_shifted,False,post_cut,1,pincode
VS004736,AC000610,AD000788,FA003,2026-06-16,1356.6,-515.9,9.3,128,no_such_person,False,post_cut,1,locality
VS004737,AC000804,AD001035,FA003,2026-06-16,803.0,-339.3,5.9,670,met_borrower,True,post_cut,1,locality
VS004738,AC002225,AD003094,FA003,2026-06-16,1137.6,-22.3,7.7,1237,met_borrower,True,post_cut,1,locality
VS004739,AC000196,AD000247,FA003,2026-06-16,2127.5,-879.8,8.9,80,address_not_traceable,False,post_cut,1,pincode
VS004740,AC002238,AD002882,FA003,2026-06-16,1267.0,-277.7,7.1,432,met_family,True,post_cut,1,pincode
VS004741,AC002231,AD002875,FA003,2026-06-16,1387.0,260.8,7.3,1270,met_borrower,True,post_cut,1,street
VS004742,AC000168,AD000209,FA002,2026-06-16,2505.4,1042.2,25.8,96,address_not_traceable,False,post_cut,1,locality
VS004743,AC000751,AD000969,FA002,2026-06-16,2188.3,971.9,4.9,184,neighbour_says_shifted,False,post_cut,1,locality
VS004744,AC000812,AD001045,FA002,2026-06-16,2847.0,1425.7,8.3,81,address_not_traceable,False,post_cut,1,street
VS004745,AC002129,AD002744,FA002,2026-06-16,2468.0,1115.5,12.5,116,address_not_traceable,False,post_cut,1,locality
VS004746,AC002008,AD002593,FA002,2026-06-16,2635.3,831.4,15.6,50,address_not_traceable,False,post_cut,1,locality
VS004747,AC000972,AD001258,FA002,2026-06-16,127.4,1822.5,5.0,368,met_borrower,True,post_cut,1,locality
VS004748,AC001449,AD001870,FA002,2026-06-16,1135.1,1639.4,7.3,78,address_not_traceable,False,post_cut,1,pincode
VS004749,AC002049,AD002645,FA002,2026-06-16,2827.5,1014.4,6.8,133,locked_premises,False,post_cut,1,locality
VS004750,AC002283,AD002938,FA002,2026-06-16,2125.8,993.9,8.9,237,met_family,True,post_cut,1,locality
VS004751,AC000766,AD000987,FA002,2026-06-16,2405.1,1139.9,10.4,88,address_not_traceable,False,post_cut,1,locality
VS004752,AC000336,AD000424,FA006,2026-06-16,2891.0,289.2,18.3,1458,met_borrower,True,post_cut,1,locality
VS004753,AC001961,AD002535,FA006,2026-06-16,2966.4,938.1,10.1,349,met_family,True,post_cut,1,locality
VS004754,AC000229,AD000290,FA006,2026-06-16,2823.3,158.4,15.6,99,no_such_person,False,post_cut,1,locality
VS004755,AC002133,AD002752,FA006,2026-06-16,1123.7,1574.8,10.4,61,address_not_traceable,False,post_cut,1,locality
VS004756,AC001761,AD002272,FA006,2026-06-16,3026.4,632.7,14.3,88,address_not_traceable,False,post_cut,1,locality
VS004757,AC001331,AD001726,FA006,2026-06-16,2972.5,1037.0,8.5,30,address_not_traceable,False,post_cut,1,street
VS004758,AC000656,AD000846,FA004,2026-06-16,-1774.0,-1808.6,19.5,70,address_not_traceable,False,post_cut,1,pincode
VS004759,AC001272,AD001647,FA004,2026-06-16,-1645.1,-2907.1,6.2,1063,met_borrower,True,post_cut,1,locality
VS004760,AC000155,AD000194,FA004,2026-06-16,-1098.4,-1545.1,7.7,47,address_not_traceable,False,post_cut,1,pincode
VS004761,AC001651,AD002132,FA004,2026-06-16,2148.5,2070.5,19.2,79,address_not_traceable,False,post_cut,1,locality
VS004762,AC000301,AD000379,FA004,2026-06-16,-1950.6,-2474.5,4.0,688,cash_collected,True,post_cut,1,locality
VS004763,AC001114,AD001447,FA004,2026-06-16,-1328.8,-2928.1,10.5,594,met_family,True,post_cut,1,street
VS004764,AC002112,AD002723,FA004,2026-06-16,-1504.9,-2712.0,28.9,82,address_not_traceable,False,post_cut,1,locality
VS004765,AC002361,AD003040,FA004,2026-06-16,-1706.3,-2858.8,6.0,91,address_not_traceable,False,post_cut,1,locality
VS004766,AC002293,AD002953,FA005,2026-06-16,2417.7,-1777.4,5.1,141,locked_premises,False,post_cut,1,pincode
VS004767,AC001158,AD001503,FA005,2026-06-16,2959.8,-1470.9,6.3,251,neighbour_says_shifted,False,post_cut,1,street
VS004768,AC001977,AD002555,FA005,2026-06-16,2276.0,-1213.2,8.8,552,met_family,True,post_cut,1,locality
VS004769,AC001117,AD001450,FA005,2026-06-16,2483.5,-1054.9,9.7,289,neighbour_says_shifted,False,post_cut,1,street
VS004770,AC001296,AD001683,FA005,2026-06-16,2693.1,-1380.2,10.0,352,met_family,True,post_cut,1,locality
VS004771,AC002199,AD002838,FA005,2026-06-16,2807.4,-1196.8,12.3,103,address_not_traceable,False,post_cut,1,street
VS004772,AC000505,AD000650,FA007,2026-06-16,3633.5,202.1,8.8,35,address_not_traceable,False,post_cut,1,locality
VS004773,AC000183,AD000228,FA007,2026-06-16,3776.4,254.6,10.1,529,met_borrower,True,post_cut,1,locality
VS004774,AC000659,AD000850,FA007,2026-06-16,3741.6,209.4,11.7,1192,met_borrower,True,post_cut,1,locality
VS004775,AC000240,AD000303,FA007,2026-06-16,3585.3,623.4,13.9,126,locked_premises,False,post_cut,1,locality
VS004776,AC000416,AD000534,FA007,2026-06-16,3957.2,716.0,5.4,328,met_family,True,post_cut,1,pincode
VS004777,AC001350,AD001748,FA007,2026-06-16,3902.7,132.0,8.4,628,met_borrower,True,post_cut,1,locality
VS004778,AC002169,AD002799,FA007,2026-06-16,3467.7,-18.6,11.9,1248,met_borrower,True,post_cut,1,street
VS004779,AC000151,AD000189,FA007,2026-06-16,3646.8,93.2,8.7,399,neighbour_says_shifted,False,post_cut,1,locality
VS004780,AC001111,AD001443,FA008,2026-06-16,-720.6,-3214.4,12.8,201,met_family,True,post_cut,1,locality
VS004781,AC002103,AD002712,FA008,2026-06-16,-814.4,-3722.3,8.1,334,met_family,True,post_cut,1,locality
VS004782,AC002264,AD002916,FA008,2026-06-16,-337.2,-3720.6,13.7,1390,met_borrower,True,post_cut,1,locality
VS004783,AC001134,AD001473,FA008,2026-06-16,668.0,1271.0,5.7,518,met_borrower,True,post_cut,1,locality
VS004784,AC001445,AD001864,FA008,2026-06-16,-159.9,-3912.5,12.2,585,met_family,True,post_cut,1,rooftop
VS004785,AC000581,AD000749,FA008,2026-06-16,-157.0,-3418.7,13.6,394,met_family,True,post_cut,1,street
VS004786,AC000396,AD000505,FA008,2026-06-16,-2192.8,-515.3,10.4,44,address_not_traceable,False,post_cut,1,pincode
VS004787,AC001197,AD001555,FA009,2026-06-16,-3738.2,-758.7,10.1,157,met_borrower,True,post_cut,23,locality
VS004788,AC000257,AD000324,FA009,2026-06-16,-2643.8,1730.4,10.0,159,locked_premises,False,post_cut,1,locality
VS004789,AC000675,AD000869,FA009,2026-06-16,-2063.8,1555.5,4.5,1296,met_borrower,True,post_cut,1,locality
VS004790,AC002254,AD002903,FA009,2026-06-16,2341.8,-785.7,16.9,63,locked_premises,False,post_cut,27,street
VS004791,AC001338,AD001734,FA009,2026-06-16,-2903.5,1441.5,7.4,194,locked_premises,False,post_cut,1,locality
VS004792,AC001659,AD002143,FA009,2026-06-16,-2608.2,1336.0,6.4,949,met_borrower,True,post_cut,1,locality
VS004793,AC001258,AD001630,FA003,2026-06-17,579.0,2848.0,9.9,610,cash_collected,True,post_cut,1,street
VS004794,AC001532,AD001972,FA003,2026-06-17,843.1,-2685.0,11.6,239,locked_premises,False,post_cut,1,street
VS004795,AC001232,AD003102,FA003,2026-06-17,1026.2,-3061.4,14.3,325,met_borrower,True,post_cut,1,locality
VS004796,AC001169,AD001516,FA003,2026-06-17,666.2,-2651.5,24.6,134,neighbour_says_shifted,False,post_cut,1,pincode
VS004797,AC001945,AD002515,FA003,2026-06-17,1803.7,-713.0,8.9,1086,met_borrower,True,post_cut,1,locality
VS004798,AC001326,AD001721,FA003,2026-06-17,769.6,-3150.4,8.6,65,address_not_traceable,False,post_cut,1,locality
VS004799,AC000927,AD001198,FA003,2026-06-17,1188.3,-2353.0,5.9,108,address_not_traceable,False,post_cut,1,pincode
VS004800,AC000573,AD000739,FA003,2026-06-17,709.2,-3292.8,4.8,162,locked_premises,False,post_cut,1,locality
VS004801,AC000729,AD000940,FA003,2026-06-17,440.6,-2871.0,8.8,130,no_such_person,False,post_cut,1,locality
VS004802,AC001408,AD003099,FA001,2026-06-17,2689.7,-2191.4,14.2,784,met_borrower,True,post_cut,1,locality
VS004803,AC000163,AD000203,FA001,2026-06-17,2566.3,-2436.0,6.6,717,met_borrower,True,post_cut,1,locality
VS004804,AC000204,AD000257,FA001,2026-06-17,3139.1,-2096.0,4.3,305,met_family,True,post_cut,1,rooftop
VS004805,AC001938,AD002505,FA001,2026-06-17,2942.0,-2578.6,11.8,585,cash_collected,True,post_cut,1,locality
VS004806,AC001392,AD001799,FA001,2026-06-17,2887.6,-2226.7,9.5,74,address_not_traceable,False,post_cut,1,locality
VS004807,AC000206,AD000259,FA001,2026-06-17,2826.0,-2473.0,14.0,125,locked_premises,False,post_cut,1,rooftop
VS004808,AC000629,AD000813,FA001,2026-06-17,3009.2,-2238.5,11.8,281,neighbour_says_shifted,False,post_cut,1,street
VS004809,AC001788,AD002307,FA001,2026-06-17,2482.2,-2339.4,29.0,468,met_family,True,post_cut,1,locality
VS004810,AC002137,AD002757,FA001,2026-06-17,2381.1,-2154.1,8.7,344,neighbour_says_shifted,False,post_cut,1,street
VS004811,AC000654,AD000843,FA001,2026-06-17,2238.2,-1550.8,10.4,116,address_not_traceable,False,post_cut,1,pincode
VS004812,AC001892,AD002444,FA002,2026-06-17,-3012.7,1102.9,12.2,108,address_not_traceable,False,post_cut,1,locality
VS004813,AC002046,AD002641,FA002,2026-06-17,-2960.0,898.0,8.7,107,locked_premises,False,post_cut,1,locality
VS004814,AC001964,AD002539,FA002,2026-06-17,-2488.6,1258.9,11.7,163,locked_premises,False,post_cut,1,locality
VS004815,AC000897,AD001160,FA002,2026-06-17,-2714.8,1734.5,17.0,321,met_family,True,post_cut,1,locality
VS004816,AC000402,AD000513,FA002,2026-06-17,-2677.9,1240.5,18.9,464,met_borrower,True,post_cut,1,locality
VS004817,AC001255,AD001626,FA002,2026-06-17,-808.5,-3198.0,10.1,185,locked_premises,False,post_cut,1,locality
VS004818,AC001942,AD002510,FA002,2026-06-17,-1853.2,2305.2,7.9,56,address_not_traceable,False,post_cut,1,locality
VS004819,AC001054,AD001362,FA002,2026-06-17,-3060.6,1459.4,6.1,532,met_borrower,True,post_cut,1,pincode
VS004820,AC001099,AD001428,FA002,2026-06-17,-2962.5,1057.5,5.3,79,address_not_traceable,False,post_cut,1,locality
VS004821,AC001223,AD001586,FA006,2026-06-17,1549.5,-1856.9,12.2,708,met_borrower,True,post_cut,1,locality
VS004822,AC002342,AD003013,FA006,2026-06-17,1507.7,-2473.8,6.5,323,neighbour_says_shifted,False,post_cut,1,locality
VS004823,AC002184,AD002820,FA006,2026-06-17,1391.7,-1999.9,12.4,77,address_not_traceable,False,post_cut,1,locality
VS004824,AC001523,AD001962,FA006,2026-06-17,1410.8,-1966.1,10.9,229,locked_premises,False,post_cut,1,locality
VS004825,AC001146,AD001487,FA006,2026-06-17,1866.4,-2164.2,17.7,107,address_not_traceable,False,post_cut,1,locality
VS004826,AC001205,AD001566,FA006,2026-06-17,1476.6,-2324.0,11.9,33,address_not_traceable,False,post_cut,1,locality
VS004827,AC001902,AD002459,FA006,2026-06-17,1385.1,-2220.8,5.9,394,met_family,True,post_cut,1,street
VS004828,AC001319,AD001712,FA005,2026-06-17,3012.3,758.5,4.7,352,neighbour_says_shifted,False,post_cut,1,locality
VS004829,AC001585,AD002043,FA005,2026-06-17,2795.1,-40.5,13.3,94,address_not_traceable,False,post_cut,1,locality
VS004830,AC002035,AD002626,FA005,2026-06-17,3115.0,513.2,12.1,581,met_borrower,True,post_cut,1,locality
VS004831,AC000969,AD001254,FA005,2026-06-17,2712.8,267.0,14.6,783,met_borrower,True,post_cut,1,street
VS004832,AC001309,AD001700,FA005,2026-06-17,2958.1,707.5,18.9,358,met_family,True,post_cut,1,locality
VS004833,AC001702,AD002200,FA005,2026-06-17,2767.3,588.1,10.9,32,address_not_traceable,False,post_cut,1,street
VS004834,AC002261,AD002912,FA005,2026-06-17,2623.1,390.1,12.5,345,met_family,True,post_cut,1,pincode
VS004835,AC000282,AD000355,FA004,2026-06-17,926.5,-3144.3,8.4,90,locked_premises,False,post_cut,1,locality
VS004836,AC001150,AD001493,FA004,2026-06-17,659.3,-2899.7,10.7,194,locked_premises,False,post_cut,1,locality
VS004837,AC000873,AD001127,FA004,2026-06-17,626.8,-3388.2,4.7,1465,met_borrower,True,post_cut,1,locality
VS004838,AC000715,AD000924,FA004,2026-06-17,495.2,-2713.4,7.5,75,locked_premises,False,post_cut,1,locality
VS004839,AC000952,AD001232,FA004,2026-06-17,397.6,-2981.9,10.6,370,met_family,True,post_cut,1,locality
VS004840,AC000056,AD000069,FA004,2026-06-17,630.4,-3327.6,4.0,227,locked_premises,False,post_cut,1,locality
VS004841,AC001173,AD001521,FA007,2026-06-17,-732.6,3315.7,15.6,215,met_family,True,post_cut,1,locality
VS004842,AC000508,AD000654,FA007,2026-06-17,-1578.0,2733.9,7.2,113,address_not_traceable,False,post_cut,1,pincode
VS004843,AC000513,AD000662,FA007,2026-06-17,-584.8,3486.1,9.4,87,locked_premises,False,post_cut,1,locality
VS004844,AC001985,AD002564,FA007,2026-06-17,-467.5,2907.3,10.9,898,met_borrower,True,post_cut,1,locality
VS004845,AC000574,AD000741,FA007,2026-06-17,-847.1,2847.6,9.1,248,neighbour_says_shifted,False,post_cut,1,street
VS004846,AC002053,AD002652,FA007,2026-06-17,-972.7,-857.0,6.9,748,met_borrower,True,post_cut,1,street
VS004847,AC000516,AD000666,FA008,2026-06-17,-2645.7,-482.5,4.0,559,met_borrower,True,post_cut,1,locality
VS004848,AC000063,AD000078,FA008,2026-06-17,-2682.5,-52.0,13.5,123,neighbour_says_shifted,False,post_cut,1,locality
VS004849,AC002287,AD002943,FA008,2026-06-17,-2344.3,-89.0,4.8,138,locked_premises,False,post_cut,1,locality
VS004850,AC000907,AD001171,FA008,2026-06-17,-2680.8,-627.4,10.1,563,met_family,True,post_cut,1,locality
VS004851,AC000385,AD000489,FA008,2026-06-17,-2535.4,-330.3,10.2,99,address_not_traceable,False,post_cut,1,locality
VS004852,AC000109,AD000137,FA008,2026-06-17,-2358.9,-543.8,17.2,530,met_family,True,post_cut,1,locality
VS004853,AC000228,AD000288,FA008,2026-06-17,-2471.8,-321.5,18.7,89,address_not_traceable,False,post_cut,1,locality
VS004854,AC002056,AD002655,FA008,2026-06-17,-2986.9,22.9,16.7,1158,met_borrower,True,post_cut,1,street
VS004855,AC001480,AD001908,FA008,2026-06-17,-2357.7,54.5,5.2,54,address_not_traceable,False,post_cut,1,street
VS004856,AC000048,AD000060,FA009,2026-06-17,3803.1,106.6,4.0,525,met_family,True,post_cut,1,street
VS004857,AC001664,AD002150,FA009,2026-06-17,4001.8,566.2,13.2,197,met_family,True,post_cut,1,locality
VS004858,AC001810,AD002336,FA009,2026-06-17,3941.0,748.7,7.0,1121,met_borrower,True,post_cut,1,street
VS004859,AC001212,AD001574,FA009,2026-06-17,3958.9,64.4,9.1,178,neighbour_says_shifted,False,post_cut,1,street
VS004860,AC001790,AD002309,FA009,2026-06-17,2326.1,-783.5,5.5,105,locked_premises,False,post_cut,1,pincode
VS004861,AC000066,AD000082,FA009,2026-06-17,3973.1,369.9,12.0,241,neighbour_says_shifted,False,post_cut,1,locality
VS004862,AC001536,AD001977,FA009,2026-06-17,3718.9,488.2,4.7,1183,met_borrower,True,post_cut,1,locality
VS004863,AC000602,AD000776,FA009,2026-06-17,3493.7,134.7,5.0,223,no_such_person,False,post_cut,1,locality
VS004864,AC002216,AD002858,FA003,2026-06-18,1173.3,-2857.2,8.9,420,met_family,True,post_cut,1,locality
VS004865,AC000786,AD001012,FA003,2026-06-18,821.4,-3301.1,25.6,270,neighbour_says_shifted,False,post_cut,1,street
VS004866,AC000107,AD000135,FA003,2026-06-18,809.8,-2626.0,7.0,364,neighbour_says_shifted,False,post_cut,1,street
VS004867,AC001354,AD001753,FA003,2026-06-18,920.8,-2888.5,9.0,255,met_family,True,post_cut,1,street
VS004868,AC001473,AD001900,FA003,2026-06-18,701.0,-2706.9,20.6,109,locked_premises,False,post_cut,1,locality
VS004869,AC001679,AD002171,FA003,2026-06-18,467.9,-3408.6,6.8,423,met_family,True,post_cut,1,locality
VS004870,AC001756,AD002265,FA003,2026-06-18,356.0,-3098.1,8.2,140,locked_premises,False,post_cut,1,locality
VS004871,AC002172,AD002803,FA003,2026-06-18,-697.1,-1190.4,8.4,86,address_not_traceable,False,post_cut,1,locality
VS004872,AC002147,AD002771,FA002,2026-06-18,1857.3,-2019.4,11.3,97,address_not_traceable,False,post_cut,1,pincode
VS004873,AC000701,AD000903,FA002,2026-06-18,2723.6,-2827.0,14.5,242,met_family,True,post_cut,1,street
VS004874,AC001163,AD001509,FA002,2026-06-18,2746.1,-2495.8,12.4,102,address_not_traceable,False,post_cut,1,locality
VS004875,AC001372,AD001775,FA002,2026-06-18,2902.6,-2381.2,12.3,561,met_family,True,post_cut,1,locality
VS004876,AC000570,AD000735,FA002,2026-06-18,2655.9,-2378.9,7.9,250,neighbour_says_shifted,False,post_cut,1,street
VS004877,AC000469,AD000602,FA002,2026-06-18,2990.9,-1936.8,14.7,306,met_family,True,post_cut,1,locality
VS004878,AC001872,AD002414,FA002,2026-06-18,2914.1,-1685.8,7.5,414,met_family,True,post_cut,1,street
VS004879,AC002262,AD002914,FA001,2026-06-18,-590.4,-1779.8,20.6,210,locked_premises,False,post_cut,1,locality
VS004880,AC001341,AD001738,FA001,2026-06-18,-847.6,-1408.1,5.3,392,met_family,True,post_cut,1,locality
VS004881,AC002178,AD002812,FA001,2026-06-18,-1163.0,-932.5,12.6,1256,met_borrower,True,post_cut,1,locality
VS004882,AC002330,AD002996,FA001,2026-06-18,-755.7,-1529.2,9.2,210,locked_premises,False,post_cut,1,locality
VS004883,AC000860,AD001110,FA001,2026-06-18,-412.2,-1176.3,11.6,189,locked_premises,False,post_cut,1,locality
VS004884,AC002171,AD002801,FA001,2026-06-18,-750.6,-1707.7,15.9,122,locked_premises,False,post_cut,1,locality
VS004885,AC000793,AD001021,FA001,2026-06-18,-280.8,-1189.1,8.4,1284,met_borrower,True,post_cut,1,locality
VS004886,AC000982,AD001271,FA001,2026-06-18,2951.4,-1848.8,8.6,60,locked_premises,False,post_cut,1,street
VS004887,AC001828,AD002359,FA005,2026-06-18,1704.2,-1594.7,8.5,339,neighbour_says_shifted,False,post_cut,1,street
VS004888,AC001516,AD001954,FA005,2026-06-18,951.0,-1776.1,10.7,85,locked_premises,False,post_cut,1,locality
VS004889,AC001736,AD002244,FA005,2026-06-18,1248.8,-1853.6,10.9,117,locked_premises,False,post_cut,1,locality
VS004890,AC000662,AD000854,FA005,2026-06-18,1283.9,-2458.7,9.0,606,met_borrower,True,post_cut,1,locality
VS004891,AC000633,AD000817,FA005,2026-06-18,1302.7,-1915.6,10.0,84,locked_premises,False,post_cut,1,locality
VS004892,AC000414,AD000531,FA005,2026-06-18,1308.6,-2575.3,5.0,115,address_not_traceable,False,post_cut,1,pincode
VS004893,AC000959,AD001242,FA005,2026-06-18,1561.3,-1866.8,5.0,134,neighbour_says_shifted,False,post_cut,1,locality
VS004894,AC001696,AD002193,FA005,2026-06-18,1205.2,-1857.1,19.1,30,address_not_traceable,False,post_cut,1,locality
VS004895,AC000521,AD000672,FA004,2026-06-18,942.9,2648.3,6.6,450,met_borrower,True,post_cut,1,locality
VS004896,AC001307,AD001697,FA004,2026-06-18,1096.7,3023.1,11.1,683,cash_collected,True,post_cut,1,street
VS004897,AC000117,AD000147,FA004,2026-06-18,719.2,1010.4,5.1,63,address_not_traceable,False,post_cut,1,locality
VS004898,AC002346,AD003019,FA004,2026-06-18,670.9,2790.3,4.5,314,met_family,True,post_cut,1,locality
VS004899,AC001514,AD001952,FA004,2026-06-18,958.5,2633.9,15.0,177,locked_premises,False,post_cut,1,locality
VS004900,AC001198,AD001556,FA004,2026-06-18,1030.0,2599.0,12.2,1243,met_borrower,True,post_cut,1,locality
VS004901,AC002132,AD002750,FA004,2026-06-18,603.1,2900.1,6.4,241,met_family,True,post_cut,1,locality
VS004902,AC001281,AD001660,FA004,2026-06-18,558.4,2667.6,7.2,472,met_family,True,post_cut,1,street
VS004903,AC001399,AD001807,FA004,2026-06-18,1016.9,3097.3,8.0,660,met_borrower,True,post_cut,1,street
VS004904,AC001277,AD001654,FA004,2026-06-18,1052.6,2410.8,10.2,157,locked_premises,False,post_cut,1,locality
VS004905,AC001753,AD002262,FA006,2026-06-18,2618.5,-1660.4,9.1,207,met_family,True,post_cut,1,locality
VS004906,AC001577,AD002034,FA006,2026-06-18,2332.5,-1047.0,11.7,416,met_family,True,post_cut,1,pincode
VS004907,AC002028,AD002618,FA006,2026-06-18,2905.5,-1246.5,4.9,494,met_family,True,post_cut,1,locality
VS004908,AC000121,AD000152,FA006,2026-06-18,2674.5,-1106.6,15.8,148,neighbour_says_shifted,False,post_cut,1,street
VS004909,AC001398,AD001805,FA006,2026-06-18,2377.0,-769.6,16.6,578,met_borrower,True,post_cut,1,locality
VS004910,AC000974,AD001260,FA006,2026-06-18,2490.1,-1223.3,10.8,83,address_not_traceable,False,post_cut,1,locality
VS004911,AC000477,AD000612,FA006,2026-06-18,971.9,994.3,7.5,110,address_not_traceable,False,post_cut,1,street
VS004912,AC000075,AD000096,FA009,2026-06-18,3372.3,548.7,5.7,560,met_family,True,post_cut,1,locality
VS004913,AC001155,AD001499,FA009,2026-06-18,3587.9,-10.8,4.7,168,locked_premises,False,post_cut,1,street
VS004914,AC001095,AD001422,FA009,2026-06-18,3974.6,674.3,14.0,228,met_family,True,post_cut,1,locality
VS004915,AC000036,AD000043,FA009,2026-06-18,3795.5,737.9,11.7,106,address_not_traceable,False,post_cut,1,street
VS004916,AC001420,AD001832,FA009,2026-06-18,3978.7,154.1,15.8,1009,met_borrower,True,post_cut,1,street
VS004917,AC001239,AD001605,FA009,2026-06-18,3690.8,553.6,9.2,896,met_borrower,True,post_cut,1,locality
VS004918,AC000560,AD000722,FA009,2026-06-18,4006.4,322.1,19.7,456,met_borrower,True,post_cut,1,locality
VS004919,AC001724,AD002229,FA008,2026-06-18,-2358.1,1319.5,6.4,253,neighbour_says_shifted,False,post_cut,1,street
VS004920,AC000639,AD000825,FA008,2026-06-18,-2212.5,1138.9,11.4,784,met_borrower,True,post_cut,1,street
VS004921,AC000942,AD001220,FA008,2026-06-18,-2204.3,1751.9,13.4,482,met_family,True,post_cut,1,locality
VS004922,AC000805,AD001036,FA008,2026-06-18,-2475.4,1719.3,7.2,210,no_such_person,False,post_cut,1,locality
VS004923,AC001185,AD001540,FA008,2026-06-18,-2360.7,1755.3,4.0,673,met_borrower,True,post_cut,1,street
VS004924,AC001132,AD001469,FA008,2026-06-18,-2615.6,1463.1,14.7,89,locked_premises,False,post_cut,1,locality
VS004925,AC001431,AD001847,FA008,2026-06-18,-2409.5,1137.8,7.9,1081,met_borrower,True,post_cut,1,street
VS004926,AC001181,AD001534,FA007,2026-06-18,-2568.5,-178.1,7.8,200,met_family,True,post_cut,1,pincode
VS004927,AC001745,AD002253,FA007,2026-06-18,-2255.5,-414.1,13.0,229,locked_premises,False,post_cut,1,locality
VS004928,AC000122,AD000154,FA007,2026-06-18,3574.3,-2265.2,12.9,737,met_borrower,True,post_cut,1,street
VS004929,AC001123,AD001458,FA007,2026-06-18,-2893.8,-455.9,15.8,405,met_borrower,True,post_cut,1,locality
VS004930,AC001970,AD002546,FA007,2026-06-18,-2306.0,-419.7,9.0,91,address_not_traceable,False,post_cut,1,locality
VS004931,AC000559,AD000721,FA007,2026-06-18,-2605.2,-580.1,8.0,112,address_not_traceable,False,post_cut,1,locality
VS004932,AC000020,AD000023,FA007,2026-06-18,-2922.4,-283.8,8.9,1403,met_borrower,True,post_cut,1,locality
VS004933,AC002312,AD002977,FA007,2026-06-18,-2678.0,-540.1,10.4,930,met_borrower,True,post_cut,1,locality
VS004934,AC000093,AD000116,FA007,2026-06-18,-2555.0,-1825.6,6.0,47,address_not_traceable,False,post_cut,1,pincode
VS004935,AC001264,AD001638,FA002,2026-06-19,384.3,2285.9,10.9,238,locked_premises,False,post_cut,2,locality
VS004936,AC001630,AD002103,FA002,2026-06-19,304.2,-2741.1,7.8,207,locked_premises,False,post_cut,1,locality
VS004937,AC000260,AD000328,FA002,2026-06-19,307.2,-2880.3,11.8,190,locked_premises,False,post_cut,1,locality
VS004938,AC000295,AD000371,FA002,2026-06-19,389.0,-3051.1,10.5,109,address_not_traceable,False,post_cut,1,locality
VS004939,AC000274,AD000345,FA002,2026-06-19,573.5,-2675.7,7.7,99,address_not_traceable,False,post_cut,1,locality
VS004940,AC001116,AD001449,FA002,2026-06-19,1357.2,-1427.5,6.8,43,address_not_traceable,False,post_cut,1,pincode
VS004941,AC000190,AD000238,FA003,2026-06-19,-2852.0,1001.1,7.2,433,met_family,True,post_cut,1,locality
VS004942,AC001017,AD001314,FA003,2026-06-19,-2404.6,1258.5,31.8,577,met_family,True,post_cut,1,street
VS004943,AC000810,AD001042,FA003,2026-06-19,-2992.0,803.8,10.0,98,locked_premises,False,post_cut,1,street
VS004944,AC001443,AD001862,FA003,2026-06-19,-3282.1,926.5,11.4,1091,met_borrower,True,post_cut,1,pincode
VS004945,AC001406,AD001815,FA003,2026-06-19,-2464.3,1024.4,17.1,322,met_borrower,True,post_cut,1,locality
VS004946,AC001125,AD001461,FA003,2026-06-19,-2737.0,875.7,10.2,33,address_not_traceable,False,post_cut,1,locality
VS004947,AC001766,AD002281,FA003,2026-06-19,-2639.3,887.4,12.4,356,met_family,True,post_cut,1,street
VS004948,AC002318,AD002983,FA003,2026-06-19,-3144.1,907.4,13.8,894,met_borrower,True,post_cut,1,pincode
VS004949,AC000649,AD000836,FA001,2026-06-19,817.2,-624.1,27.1,181,met_family,True,post_cut,1,locality
VS004950,AC002097,AD002706,FA001,2026-06-19,1212.1,201.9,8.9,73,locked_premises,False,post_cut,1,locality
VS004951,AC002018,AD002606,FA001,2026-06-19,1216.9,-186.1,11.3,60,locked_premises,False,post_cut,1,locality
VS004952,AC000207,AD000260,FA001,2026-06-19,941.1,-349.0,7.8,94,address_not_traceable,False,post_cut,1,street
VS004953,AC001178,AD001530,FA001,2026-06-19,1167.0,-343.9,8.7,236,locked_premises,False,post_cut,1,locality
VS004954,AC001276,AD001653,FA001,2026-06-19,929.1,-282.2,16.8,64,address_not_traceable,False,post_cut,1,locality
VS004955,AC000160,AD000199,FA001,2026-06-19,1121.9,-542.2,18.9,672,met_borrower,True,post_cut,1,pincode
VS004956,AC001418,AD001830,FA004,2026-06-19,1047.2,2913.8,22.3,219,locked_premises,False,post_cut,1,street
VS004957,AC001780,AD002299,FA004,2026-06-19,932.6,2312.5,24.4,191,locked_premises,False,post_cut,1,locality
VS004958,AC000146,AD000182,FA004,2026-06-19,800.2,2780.7,9.0,245,no_such_person,False,post_cut,1,locality
VS004959,AC002369,AD003050,FA004,2026-06-19,1069.0,2855.8,9.7,44,address_not_traceable,False,post_cut,1,locality
VS004960,AC001160,AD001505,FA004,2026-06-19,1076.4,2656.0,9.3,167,locked_premises,False,post_cut,1,locality
VS004961,AC000797,AD001026,FA004,2026-06-19,767.1,2306.3,4.0,353,neighbour_says_shifted,False,post_cut,1,street
VS004962,AC002282,AD002936,FA004,2026-06-19,1066.4,2745.5,5.2,76,address_not_traceable,False,post_cut,1,locality
VS004963,AC002300,AD002962,FA004,2026-06-19,984.0,3107.4,5.6,667,met_borrower,True,post_cut,1,locality
VS004964,AC000013,AD000016,FA004,2026-06-19,788.4,2415.4,8.0,320,neighbour_says_shifted,False,post_cut,1,street
VS004965,AC000364,AD000460,FA006,2026-06-19,2828.4,-1270.3,16.5,204,locked_premises,False,post_cut,1,locality
VS004966,AC002365,AD003045,FA006,2026-06-19,2977.5,-1042.6,14.8,253,no_such_person,False,post_cut,1,locality
VS004967,AC002398,AD003087,FA006,2026-06-19,2685.8,-1351.5,7.8,158,neighbour_says_shifted,False,post_cut,1,locality
VS004968,AC001250,AD001619,FA006,2026-06-19,2715.7,-818.4,16.2,395,met_borrower,True,post_cut,1,locality
VS004969,AC000069,AD000086,FA006,2026-06-19,2554.6,-1372.0,20.6,613,met_borrower,True,post_cut,1,street
VS004970,AC002277,AD002931,FA006,2026-06-19,2670.8,-1470.7,7.6,78,address_not_traceable,False,post_cut,1,locality
VS004971,AC000333,AD000420,FA006,2026-06-19,3037.6,-1292.9,4.7,701,met_borrower,True,post_cut,1,locality
VS004972,AC002227,AD002870,FA005,2026-06-19,1498.2,-2262.6,19.5,211,locked_premises,False,post_cut,1,locality
VS004973,AC002131,AD002748,FA005,2026-06-19,1169.6,-1885.4,12.4,472,met_family,True,post_cut,1,street
VS004974,AC000493,AD000634,FA005,2026-06-19,1812.7,-1558.4,9.2,858,met_borrower,True,post_cut,1,locality
VS004975,AC001288,AD001673,FA005,2026-06-19,1063.3,-1717.7,12.7,225,neighbour_says_shifted,False,post_cut,1,street
VS004976,AC000445,AD000573,FA005,2026-06-19,1694.2,-1690.3,7.5,284,neighbour_says_shifted,False,post_cut,1,locality
VS004977,AC002084,AD002688,FA005,2026-06-19,1659.2,-2307.9,16.7,138,locked_premises,False,post_cut,1,locality
VS004978,AC000074,AD000094,FA007,2026-06-19,-2658.1,-180.7,7.1,146,locked_premises,False,post_cut,1,locality
VS004979,AC000826,AD001064,FA007,2026-06-19,-2943.1,-37.0,6.6,115,locked_premises,False,post_cut,1,locality
VS004980,AC001355,AD001754,FA007,2026-06-19,3331.3,1340.7,11.3,213,locked_premises,False,post_cut,1,street
VS004981,AC001870,AD002412,FA007,2026-06-19,-2606.3,-107.2,45.0,1232,met_borrower,True,post_cut,1,locality
VS004982,AC001941,AD002509,FA007,2026-06-19,-2506.8,-696.9,7.9,246,met_family,True,post_cut,1,street
VS004983,AC000135,AD000170,FA007,2026-06-19,-3759.6,-542.1,4.0,104,address_not_traceable,False,post_cut,1,locality
VS004984,AC001029,AD001330,FA007,2026-06-19,-2296.6,-506.9,10.6,176,neighbour_says_shifted,False,post_cut,1,locality
VS004985,AC002297,AD002959,FA007,2026-06-19,-2450.1,-537.9,6.2,63,locked_premises,False,post_cut,1,street
VS004986,AC001412,AD001822,FA007,2026-06-19,-2833.3,-685.2,12.6,93,address_not_traceable,False,post_cut,1,street
VS004987,AC001465,AD001890,FA009,2026-06-19,-3736.1,-737.4,18.5,92,locked_premises,False,post_cut,27,locality
VS004988,AC000818,AD001053,FA009,2026-06-19,889.0,-697.7,10.3,556,met_borrower,True,post_cut,1,street
VS004989,AC002248,AD002896,FA009,2026-06-19,1021.0,-657.4,5.1,448,met_family,True,post_cut,1,locality
VS004990,AC000182,AD000227,FA009,2026-06-19,1158.2,-1196.6,6.5,127,locked_premises,False,post_cut,1,locality
VS004991,AC000985,AD001274,FA009,2026-06-19,673.1,-933.9,11.1,729,met_borrower,True,post_cut,1,street
VS004992,AC001436,AD001854,FA009,2026-06-19,889.7,-791.4,16.0,1027,met_borrower,True,post_cut,1,locality
VS004993,AC000325,AD000410,FA009,2026-06-19,2543.0,-2899.3,15.6,87,address_not_traceable,False,post_cut,1,pincode
VS004994,AC000187,AD000233,FA009,2026-06-19,884.8,-779.9,6.4,418,met_family,True,post_cut,1,locality
VS004995,AC000316,AD000397,FA008,2026-06-19,3115.3,-1898.1,15.3,83,locked_premises,False,post_cut,1,locality
VS004996,AC001140,AD001480,FA008,2026-06-19,3711.2,-2217.6,22.9,224,neighbour_says_shifted,False,post_cut,1,locality
VS004997,AC002317,AD002982,FA008,2026-06-19,3064.5,-2334.6,8.4,1140,met_borrower,True,post_cut,1,street
VS004998,AC001047,AD001353,FA008,2026-06-19,3560.0,571.7,5.1,59,address_not_traceable,False,post_cut,1,locality
VS004999,AC001376,AD001779,FA008,2026-06-19,3076.2,-1817.2,9.8,389,cash_collected,True,post_cut,1,locality
VS005000,AC001498,AD001933,FA008,2026-06-19,3012.5,-1826.2,6.2,66,address_not_traceable,False,post_cut,1,locality
VS005001,AC001608,AD002071,FA008,2026-06-19,3714.8,-2183.8,14.1,78,address_not_traceable,False,post_cut,1,rooftop
VS005002,AC000850,AD001096,FA001,2026-06-20,2719.0,944.4,6.3,362,met_family,True,post_cut,1,locality
VS005003,AC000643,AD000830,FA001,2026-06-20,2531.8,613.7,7.2,1163,met_borrower,True,post_cut,1,locality
VS005004,AC000203,AD000255,FA001,2026-06-20,2363.5,908.2,14.1,102,locked_premises,False,post_cut,1,locality
VS005005,AC002344,AD003016,FA001,2026-06-20,2443.0,635.4,8.6,1187,met_borrower,True,post_cut,1,locality
VS005006,AC002351,AD003027,FA001,2026-06-20,2081.2,1144.7,23.5,389,cash_collected,True,post_cut,1,locality
VS005007,AC001726,AD002231,FA001,2026-06-20,2630.5,1450.1,16.6,542,met_borrower,True,post_cut,1,locality
VS005008,AC000053,AD000066,FA003,2026-06-20,871.8,-393.6,10.2,79,address_not_traceable,False,post_cut,1,locality
VS005009,AC001605,AD002067,FA003,2026-06-20,840.1,-682.1,18.2,1089,met_borrower,True,post_cut,1,locality
VS005010,AC000292,AD000366,FA003,2026-06-20,1658.6,457.5,16.6,106,address_not_traceable,False,post_cut,1,street
VS005011,AC001112,AD001444,FA003,2026-06-20,769.5,-257.8,7.9,213,locked_premises,False,post_cut,1,locality
VS005012,AC001748,AD002257,FA003,2026-06-20,231.9,2506.7,5.0,50,address_not_traceable,False,post_cut,1,locality
VS005013,AC000844,AD001088,FA003,2026-06-20,1276.3,-209.3,12.9,481,met_family,True,post_cut,1,locality
VS005014,AC002362,AD003041,FA003,2026-06-20,783.6,-216.0,8.5,223,locked_premises,False,post_cut,1,street
VS005015,AC001626,AD002097,FA003,2026-06-20,1298.8,-142.3,5.7,41,address_not_traceable,False,post_cut,1,locality
VS005016,AC002115,AD002727,FA003,2026-06-20,823.7,159.2,10.0,1345,met_borrower,True,post_cut,1,locality
VS005017,AC000239,AD000302,FA003,2026-06-20,1139.7,-443.2,8.1,43,address_not_traceable,False,post_cut,1,locality
VS005018,AC000576,AD000743,FA002,2026-06-20,-1986.3,-2239.4,5.8,112,address_not_traceable,False,post_cut,1,locality
VS005019,AC002394,AD003083,FA002,2026-06-20,-1375.5,-2705.4,7.8,188,locked_premises,False,post_cut,1,locality
VS005020,AC002340,AD003010,FA002,2026-06-20,-1095.8,-3061.3,22.6,183,locked_premises,False,post_cut,1,locality
VS005021,AC001715,AD002217,FA002,2026-06-20,-856.8,-3079.7,11.8,112,locked_premises,False,post_cut,1,locality
VS005022,AC000628,AD000812,FA002,2026-06-20,-1221.6,-2755.3,17.4,841,met_borrower,True,post_cut,1,pincode
VS005023,AC000650,AD000837,FA002,2026-06-20,-1697.7,-2419.8,4.3,101,address_not_traceable,False,post_cut,1,pincode
VS005024,AC000756,AD000975,FA004,2026-06-20,-735.4,-553.2,11.8,69,address_not_traceable,False,post_cut,1,locality
VS005025,AC001571,AD002027,FA004,2026-06-20,-383.8,-622.1,8.2,195,locked_premises,False,post_cut,1,locality
VS005026,AC000449,AD000579,FA004,2026-06-20,-419.0,-613.0,10.8,196,neighbour_says_shifted,False,post_cut,1,pincode
VS005027,AC001926,AD002489,FA004,2026-06-20,-381.5,-376.9,22.9,229,no_such_person,False,post_cut,1,locality
VS005028,AC002257,AD002907,FA004,2026-06-20,1177.4,2995.4,50.4,268,no_such_person,False,post_cut,1,locality
VS005029,AC000084,AD000105,FA004,2026-06-20,-678.1,-58.7,15.4,217,met_family,True,post_cut,1,locality
VS005030,AC002108,AD002719,FA004,2026-06-20,-501.1,-453.0,9.0,36,address_not_traceable,False,post_cut,1,locality
VS005031,AC000905,AD001168,FA004,2026-06-20,-475.2,-520.3,8.2,108,address_not_traceable,False,post_cut,1,locality
VS005032,AC000308,AD000386,FA005,2026-06-20,1348.1,160.5,10.9,1202,met_borrower,True,post_cut,1,locality
VS005033,AC001958,AD002531,FA005,2026-06-20,1110.1,48.3,11.2,437,met_family,True,post_cut,1,locality
VS005034,AC001826,AD002357,FA005,2026-06-20,1036.6,330.0,9.3,511,met_family,True,post_cut,1,locality
VS005035,AC001215,AD001577,FA005,2026-06-20,913.8,445.8,9.2,236,no_such_person,False,post_cut,1,locality
VS005036,AC000892,AD001152,FA005,2026-06-20,1443.9,388.0,25.5,141,locked_premises,False,post_cut,1,street
VS005037,AC001966,AD002541,FA005,2026-06-20,1274.6,166.9,5.1,578,met_family,True,post_cut,1,locality
VS005038,AC000880,AD001136,FA005,2026-06-20,812.2,-240.4,13.6,176,locked_premises,False,post_cut,1,locality
VS005039,AC000895,AD001157,FA005,2026-06-20,-1887.3,-2910.8,12.6,112,locked_premises,False,post_cut,1,street
VS005040,AC001388,AD001794,FA006,2026-06-20,949.6,-2926.4,9.6,815,met_borrower,True,post_cut,1,locality
VS005041,AC000739,AD000953,FA006,2026-06-20,285.8,-3179.9,4.0,1416,met_borrower,True,post_cut,1,locality
VS005042,AC001921,AD002483,FA006,2026-06-20,781.6,-2754.7,32.1,266,neighbour_says_shifted,False,post_cut,1,locality
VS005043,AC000820,AD001055,FA006,2026-06-20,390.8,-3202.7,8.6,73,locked_premises,False,post_cut,1,locality
VS005044,AC001901,AD002458,FA006,2026-06-20,529.3,-3279.4,14.5,88,address_not_traceable,False,post_cut,1,locality
VS005045,AC001862,AD002401,FA006,2026-06-20,547.4,-3029.1,32.5,33,address_not_traceable,False,post_cut,1,locality
VS005046,AC000758,AD000978,FA007,2026-06-20,-1185.3,-606.9,9.0,231,neighbour_says_shifted,False,post_cut,1,locality
VS005047,AC000078,AD000099,FA007,2026-06-20,-331.9,-451.3,12.4,122,locked_premises,False,post_cut,1,locality
VS005048,AC002099,AD002708,FA007,2026-06-20,-1165.7,-633.7,8.4,394,met_family,True,post_cut,1,locality
VS005049,AC000277,AD000348,FA007,2026-06-20,-826.7,-926.9,8.2,269,no_such_person,False,post_cut,1,locality
VS005050,AC000709,AD000915,FA007,2026-06-20,-892.8,-668.4,9.4,286,neighbour_says_shifted,False,post_cut,1,locality
VS005051,AC000980,AD001268,FA007,2026-06-20,-546.4,-818.8,14.4,420,met_family,True,post_cut,1,locality
VS005052,AC001001,AD001293,FA007,2026-06-20,-938.9,-200.5,19.9,636,met_borrower,True,post_cut,1,street
VS005053,AC000663,AD000856,FA007,2026-06-20,-572.0,-839.6,16.6,324,met_family,True,post_cut,1,locality
VS005054,AC000077,AD000098,FA009,2026-06-20,-2492.9,1358.7,4.0,122,neighbour_says_shifted,False,post_cut,1,locality
VS005055,AC000600,AD000774,FA009,2026-06-20,-2668.6,1726.2,8.6,486,met_borrower,True,post_cut,1,locality
VS005056,AC000740,AD000954,FA009,2026-06-20,2345.6,-770.0,9.7,91,address_not_traceable,False,post_cut,23,rooftop
VS005057,AC001298,AD001687,FA009,2026-06-20,-3730.6,-793.0,12.4,235,locked_premises,False,post_cut,28,locality
VS005058,AC001861,AD002400,FA009,2026-06-20,-2568.6,1511.4,9.8,103,address_not_traceable,False,post_cut,1,locality
VS005059,AC000398,AD000508,FA009,2026-06-20,-2014.4,1656.8,8.2,209,met_family,True,post_cut,1,locality
VS005060,AC001863,AD002402,FA008,2026-06-20,1049.1,-3842.1,17.2,59,address_not_traceable,False,post_cut,1,locality
VS005061,AC001728,AD002234,FA008,2026-06-20,-376.0,-3429.8,4.4,154,locked_premises,False,post_cut,1,locality
VS005062,AC001509,AD001947,FA008,2026-06-20,-312.7,-3741.2,8.1,55,address_not_traceable,False,post_cut,1,locality
VS005063,AC001321,AD001715,FA008,2026-06-20,-334.9,-3400.1,5.4,521,met_borrower,True,post_cut,1,pincode
VS005064,AC001615,AD002083,FA008,2026-06-20,-625.0,-3858.3,13.3,222,locked_premises,False,post_cut,1,locality
VS005065,AC001069,AD001382,FA008,2026-06-20,-447.3,-3356.9,17.6,462,met_family,True,post_cut,1,locality
VS005066,AC000774,AD000999,FA008,2026-06-20,-40.5,-3534.5,14.2,328,neighbour_says_shifted,False,post_cut,1,locality
VS005067,AC000608,AD000785,FA003,2026-06-22,2449.3,-2260.5,7.1,238,neighbour_says_shifted,False,post_cut,1,pincode
VS005068,AC002086,AD002691,FA003,2026-06-22,3175.4,-2013.5,6.7,387,met_borrower,True,post_cut,1,pincode
VS005069,AC000154,AD000193,FA003,2026-06-22,1850.4,-1620.8,9.1,78,address_not_traceable,False,post_cut,1,pincode
VS005070,AC000227,AD000287,FA003,2026-06-22,2780.6,-2380.6,9.2,729,met_borrower,True,post_cut,1,locality
VS005071,AC001063,AD001372,FA003,2026-06-22,3006.0,-2507.8,18.8,366,met_family,True,post_cut,1,locality
VS005072,AC000413,AD000529,FA003,2026-06-22,2800.5,-2099.8,10.0,83,locked_premises,False,post_cut,1,locality
VS005073,AC000458,AD000589,FA003,2026-06-22,1536.6,1204.7,7.5,106,met_borrower,True,post_cut,1,locality
VS005074,AC000568,AD000733,FA002,2026-06-22,2826.8,-2290.5,39.8,117,locked_premises,False,post_cut,1,locality
VS005075,AC001900,AD002457,FA002,2026-06-22,400.5,2287.3,17.9,92,locked_premises,False,post_cut,2,locality
VS005076,AC001033,AD001336,FA002,2026-06-22,2715.0,-1803.5,11.2,399,met_family,True,post_cut,1,locality
VS005077,AC001217,AD001579,FA002,2026-06-22,2688.2,-2271.7,12.1,43,address_not_traceable,False,post_cut,1,street
VS005078,AC000251,AD000316,FA002,2026-06-22,2396.0,-2145.6,9.5,539,met_borrower,True,post_cut,1,street
VS005079,AC001048,AD001354,FA002,2026-06-22,2964.4,-1947.0,9.2,152,locked_premises,False,post_cut,1,locality
VS005080,AC002019,AD002607,FA002,2026-06-22,-1927.2,1191.6,11.8,71,address_not_traceable,False,post_cut,1,pincode
VS005081,AC000310,AD000389,FA002,2026-06-22,2872.4,-1777.0,14.0,401,met_family,True,post_cut,1,pincode
VS005082,AC002033,AD002623,FA002,2026-06-22,2912.9,-1791.4,9.0,297,neighbour_says_shifted,False,post_cut,1,pincode
VS005083,AC001903,AD002461,FA002,2026-06-22,2504.5,-2326.7,6.4,460,met_family,True,post_cut,1,pincode
VS005084,AC001311,AD001702,FA001,2026-06-22,2465.9,-2257.0,5.2,910,met_borrower,True,post_cut,1,street
VS005085,AC000746,AD000963,FA001,2026-06-22,1568.4,-2035.9,7.4,165,no_such_person,False,post_cut,1,pincode
VS005086,AC001409,AD001818,FA001,2026-06-22,121.8,-204.0,4.0,94,address_not_traceable,False,post_cut,1,pincode
VS005087,AC000583,AD000753,FA001,2026-06-22,2910.6,-2618.9,7.6,558,met_family,True,post_cut,1,locality
VS005088,AC001025,AD001324,FA001,2026-06-22,2641.6,-1927.4,6.6,1045,met_borrower,True,post_cut,1,locality
VS005089,AC000395,AD000504,FA001,2026-06-22,2927.8,-2067.1,4.5,206,neighbour_says_shifted,False,post_cut,1,locality
VS005090,AC000079,AD000100,FA001,2026-06-22,2857.8,-2080.6,15.9,328,neighbour_says_shifted,False,post_cut,1,locality
VS005091,AC001073,AD001387,FA001,2026-06-22,3329.6,-1990.7,12.9,347,neighbour_says_shifted,False,post_cut,1,locality
VS005092,AC000962,AD001246,FA001,2026-06-22,2756.9,-2515.5,7.7,98,address_not_traceable,False,post_cut,1,locality
VS005093,AC000418,AD000539,FA004,2026-06-22,2580.7,-1024.6,5.9,287,neighbour_says_shifted,False,post_cut,1,pincode
VS005094,AC002308,AD002973,FA004,2026-06-22,1148.5,-2172.2,9.2,230,locked_premises,False,post_cut,1,pincode
VS005095,AC001997,AD002576,FA004,2026-06-22,1386.2,-2231.6,5.1,58,address_not_traceable,False,post_cut,1,locality
VS005096,AC001151,AD001495,FA004,2026-06-22,1275.4,-1859.8,10.0,450,met_borrower,True,post_cut,1,pincode
VS005097,AC001995,AD002574,FA004,2026-06-22,1830.5,-2250.1,16.0,99,address_not_traceable,False,post_cut,1,locality
VS005098,AC000787,AD001013,FA004,2026-06-22,1364.4,-2025.1,10.5,266,no_such_person,False,post_cut,1,street
VS005099,AC001597,AD002059,FA004,2026-06-22,1204.9,-2021.9,13.0,141,locked_premises,False,post_cut,1,locality
VS005100,AC001320,AD001713,FA004,2026-06-22,1721.2,-2060.1,7.5,82,locked_premises,False,post_cut,1,rooftop
VS005101,AC000586,AD000756,FA005,2026-06-22,1449.7,-2235.2,22.7,1314,met_borrower,True,post_cut,1,street
VS005102,AC000266,AD000336,FA005,2026-06-22,1158.2,-2028.8,5.4,201,met_family,True,post_cut,1,locality
VS005103,AC001177,AD001528,FA005,2026-06-22,1229.5,-2561.4,9.4,1015,met_borrower,True,post_cut,1,locality
VS005104,AC000467,AD000600,FA005,2026-06-22,1760.5,-2435.6,8.5,188,locked_premises,False,post_cut,1,locality
VS005105,AC000672,AD000866,FA005,2026-06-22,1754.9,-2115.2,9.5,209,no_such_person,False,post_cut,1,locality
VS005106,AC001775,AD002294,FA005,2026-06-22,1166.9,-1877.6,27.3,191,met_family,True,post_cut,1,locality
VS005107,AC001604,AD002066,FA006,2026-06-22,1536.4,-1989.7,6.5,61,address_not_traceable,False,post_cut,1,locality
VS005108,AC001655,AD002136,FA006,2026-06-22,1703.2,-2365.9,29.0,219,locked_premises,False,post_cut,1,street
VS005109,AC001304,AD001694,FA006,2026-06-22,1733.9,-2212.5,10.7,292,met_family,True,post_cut,1,locality
VS005110,AC001335,AD001731,FA006,2026-06-22,1277.6,-1940.5,19.7,1267,met_borrower,True,post_cut,1,street
VS005111,AC002058,AD002657,FA006,2026-06-22,1335.9,-2006.3,4.8,70,address_not_traceable,False,post_cut,1,locality
VS005112,AC000890,AD001149,FA006,2026-06-22,1638.1,-1617.0,12.6,231,locked_premises,False,post_cut,1,locality
VS005113,AC000913,AD001178,FA006,2026-06-22,1470.3,-2101.0,6.0,112,address_not_traceable,False,post_cut,1,locality
VS005114,AC000086,AD000107,FA007,2026-06-22,3586.4,289.1,11.1,91,address_not_traceable,False,post_cut,1,locality
VS005115,AC001129,AD001466,FA007,2026-06-22,3622.6,-26.5,9.3,1239,met_borrower,True,post_cut,1,locality
VS005116,AC001430,AD001845,FA007,2026-06-22,3760.8,361.5,4.0,67,address_not_traceable,False,post_cut,1,locality
VS005117,AC002075,AD002676,FA007,2026-06-22,3681.6,471.6,10.9,1099,met_borrower,True,post_cut,1,locality
VS005118,AC000271,AD000342,FA007,2026-06-22,3573.3,-42.8,9.8,321,met_family,True,post_cut,1,locality
VS005119,AC001175,AD001524,FA007,2026-06-22,4232.2,159.9,7.2,233,locked_premises,False,post_cut,1,locality
VS005120,AC001656,AD002139,FA008,2026-06-22,-553.8,3095.6,10.3,79,locked_premises,False,post_cut,2,locality
VS005121,AC002016,AD002603,FA008,2026-06-22,2473.9,905.2,13.6,99,address_not_traceable,False,post_cut,1,pincode
VS005122,AC000911,AD001176,FA008,2026-06-22,3540.5,0.3,7.3,44,address_not_traceable,False,post_cut,1,street
VS005123,AC002373,AD003055,FA008,2026-06-22,3890.6,687.3,8.6,103,locked_premises,False,post_cut,1,locality
VS005124,AC000341,AD000433,FA008,2026-06-22,2245.7,1082.1,9.7,34,address_not_traceable,False,post_cut,1,pincode
VS005125,AC002123,AD002737,FA008,2026-06-22,3585.6,220.7,17.2,1187,met_borrower,True,post_cut,1,locality
VS005126,AC001461,AD001885,FA008,2026-06-22,115.9,-141.7,6.2,32,address_not_traceable,False,post_cut,1,pincode
VS005127,AC000185,AD000230,FA008,2026-06-22,3607.8,616.2,10.6,35,address_not_traceable,False,post_cut,1,locality
VS005128,AC000113,AD000142,FA008,2026-06-22,4217.2,596.1,12.0,306,met_family,True,post_cut,1,street
VS005129,AC000808,AD001040,FA009,2026-06-22,2327.5,-783.5,7.9,162,locked_premises,False,post_cut,32,street
VS005130,AC002024,AD002614,FA009,2026-06-22,666.3,-820.3,14.6,382,neighbour_says_shifted,False,post_cut,1,locality
VS005131,AC000191,AD000239,FA009,2026-06-22,990.2,-713.2,5.4,143,neighbour_says_shifted,False,post_cut,1,street
VS005132,AC000926,AD001197,FA009,2026-06-22,-3696.2,-784.8,10.4,65,met_family,True,post_cut,26,locality
VS005133,AC000609,AD000787,FA009,2026-06-22,-3726.8,-762.3,16.4,69,address_not_traceable,False,post_cut,23,rooftop
VS005134,AC000443,AD000570,FA009,2026-06-22,615.4,-909.1,16.5,197,no_such_person,False,post_cut,1,locality
VS005135,AC000337,AD000426,FA009,2026-06-22,2328.5,-728.5,19.8,94,locked_premises,False,post_cut,32,locality
VS005136,AC002252,AD002901,FA009,2026-06-22,-3706.5,-765.8,12.2,185,locked_premises,False,post_cut,1,street
VS005137,AC000442,AD000569,FA001,2026-06-23,2670.1,-2052.7,4.0,182,locked_premises,False,post_cut,1,locality
VS005138,AC001963,AD002537,FA001,2026-06-23,2732.5,-2409.6,16.3,655,met_borrower,True,post_cut,1,pincode
VS005139,AC001368,AD001770,FA001,2026-06-23,2504.6,-2352.9,11.6,191,met_family,True,post_cut,1,locality
VS005140,AC002272,AD002925,FA001,2026-06-23,2616.0,-1912.4,6.5,118,locked_premises,False,post_cut,1,locality
VS005141,AC000951,AD001231,FA001,2026-06-23,2914.5,-2195.6,10.4,215,neighbour_says_shifted,False,post_cut,1,locality
VS005142,AC000853,AD001100,FA001,2026-06-23,2912.3,-2532.1,11.5,447,met_borrower,True,post_cut,1,locality
VS005143,AC001647,AD002125,FA001,2026-06-23,1211.1,-251.7,8.3,957,met_borrower,True,post_cut,1,street
VS005144,AC000856,AD001104,FA001,2026-06-23,2057.5,1489.6,6.5,101,address_not_traceable,False,post_cut,1,pincode
VS005145,AC000255,AD000322,FA001,2026-06-23,3075.0,-2146.8,17.1,1365,met_borrower,True,post_cut,1,street
VS005146,AC000134,AD000169,FA001,2026-06-23,2736.2,-1863.7,5.9,84,address_not_traceable,False,post_cut,1,locality
VS005147,AC001667,AD002154,FA002,2026-06-23,751.0,-2701.3,7.7,769,met_borrower,True,post_cut,1,locality
VS005148,AC000050,AD000062,FA002,2026-06-23,431.8,-3012.0,5.8,85,address_not_traceable,False,post_cut,1,locality
VS005149,AC000294,AD000369,FA002,2026-06-23,709.1,-3249.6,21.5,1298,met_borrower,True,post_cut,1,locality
VS005150,AC000891,AD001151,FA002,2026-06-23,683.0,-2930.4,9.2,328,met_family,True,post_cut,1,locality
VS005151,AC000226,AD000286,FA002,2026-06-23,409.3,-3322.0,4.0,1252,met_borrower,True,post_cut,1,locality
VS005152,AC002327,AD002993,FA002,2026-06-23,270.4,-2711.5,25.5,145,locked_premises,False,post_cut,1,locality
VS005153,AC001856,AD002393,FA002,2026-06-23,363.2,-3069.7,12.1,598,met_borrower,True,post_cut,1,locality
VS005154,AC001620,AD002090,FA002,2026-06-23,1210.5,-3079.6,4.0,1184,met_borrower,True,post_cut,1,locality
VS005155,AC002188,AD002825,FA002,2026-06-23,745.8,-3140.7,7.7,87,locked_premises,False,post_cut,1,locality
VS005156,AC000752,AD000971,FA002,2026-06-23,748.7,-3010.7,10.3,984,met_borrower,True,post_cut,1,locality
VS005157,AC002255,AD002904,FA003,2026-06-23,2761.0,-1886.1,23.2,67,address_not_traceable,False,post_cut,1,locality
VS005158,AC001739,AD002247,FA003,2026-06-23,2684.3,-1830.9,12.3,542,met_family,True,post_cut,1,locality
VS005159,AC000375,AD000475,FA003,2026-06-23,2583.9,-2231.3,4.2,313,met_family,True,post_cut,1,locality
VS005160,AC000541,AD000699,FA003,2026-06-23,3198.9,-2017.4,10.2,584,met_family,True,post_cut,1,pincode
VS005161,AC001196,AD001554,FA003,2026-06-23,2656.6,-2168.5,14.0,1064,cash_collected,True,post_cut,1,locality
VS005162,AC001865,AD002404,FA003,2026-06-23,3066.9,-1958.7,6.5,136,neighbour_says_shifted,False,post_cut,1,locality
VS005163,AC002072,AD002673,FA003,2026-06-23,2607.9,-2315.8,9.7,199,locked_premises,False,post_cut,1,locality
VS005164,AC001813,AD002341,FA005,2026-06-23,-748.1,2702.4,16.7,515,met_family,True,post_cut,1,locality
VS005165,AC001637,AD002112,FA005,2026-06-23,-358.9,3297.1,9.8,243,met_family,True,post_cut,1,street
VS005166,AC001676,AD002166,FA005,2026-06-23,-973.3,3057.1,19.3,257,no_such_person,False,post_cut,1,locality
VS005167,AC001282,AD001662,FA005,2026-06-23,-478.4,3159.2,7.3,524,met_family,True,post_cut,1,locality
VS005168,AC000070,AD000088,FA005,2026-06-23,-487.4,3139.8,27.1,459,met_family,True,post_cut,1,street
VS005169,AC000879,AD001135,FA005,2026-06-23,-743.6,2926.0,23.1,682,met_borrower,True,post_cut,1,locality
VS005170,AC000014,AD000017,FA005,2026-06-23,-1022.1,3006.8,8.0,153,locked_premises,False,post_cut,1,street
VS005171,AC000033,AD000039,FA005,2026-06-23,-321.3,2623.7,17.4,51,address_not_traceable,False,post_cut,1,street
VS005172,AC000224,AD000284,FA005,2026-06-23,-438.9,3062.1,5.7,237,neighbour_says_shifted,False,post_cut,1,street
VS005173,AC001801,AD002323,FA005,2026-06-23,-390.7,2178.5,10.1,33,address_not_traceable,False,post_cut,1,pincode
VS005174,AC002116,AD002728,FA004,2026-06-23,771.9,3009.0,9.0,221,locked_premises,False,post_cut,1,locality
VS005175,AC000711,AD000918,FA004,2026-06-23,2021.5,1946.3,4.3,220,locked_premises,False,post_cut,1,street
VS005176,AC000700,AD000902,FA004,2026-06-23,755.2,2993.1,9.3,397,met_family,True,post_cut,1,locality
VS005177,AC001705,AD002206,FA004,2026-06-23,1040.8,2916.3,4.0,562,met_family,True,post_cut,1,locality
VS005178,AC001529,AD003098,FA004,2026-06-23,759.0,3081.3,7.0,324,met_borrower,True,post_cut,1,locality
VS005179,AC002094,AD002702,FA004,2026-06-23,310.1,-3226.4,4.4,656,met_borrower,True,post_cut,1,locality
VS005180,AC001755,AD002264,FA004,2026-06-23,891.9,2387.2,10.7,289,met_family,True,post_cut,1,street
VS005181,AC000298,AD000376,FA004,2026-06-23,2038.7,1795.6,15.4,59,address_not_traceable,False,post_cut,1,pincode
VS005182,AC002168,AD002798,FA004,2026-06-23,1344.8,2753.9,4.5,669,met_borrower,True,post_cut,1,locality
VS005183,AC001221,AD001584,FA006,2026-06-23,1265.8,-1979.6,18.5,125,neighbour_says_shifted,False,post_cut,1,locality
VS005184,AC000349,AD000443,FA006,2026-06-23,1785.5,-1794.1,19.4,359,met_family,True,post_cut,1,locality
VS005185,AC000465,AD000598,FA006,2026-06-23,1620.6,-2321.2,14.7,209,locked_premises,False,post_cut,1,locality
VS005186,AC001549,AD001996,FA006,2026-06-23,1738.9,-1917.1,9.6,553,met_family,True,post_cut,1,pincode
VS005187,AC001890,AD002440,FA006,2026-06-23,1933.2,-1293.3,9.2,50,address_not_traceable,False,post_cut,1,pincode
VS005188,AC001556,AD002007,FA006,2026-06-23,1174.8,-2127.3,21.3,308,met_family,True,post_cut,1,locality
VS005189,AC001764,AD002277,FA006,2026-06-23,1954.8,-2123.0,7.2,352,met_family,True,post_cut,1,locality
VS005190,AC001439,AD001857,FA006,2026-06-23,1650.4,-2230.1,7.0,744,met_borrower,True,post_cut,1,locality
VS005191,AC001343,AD001741,FA006,2026-06-23,1605.9,-1873.1,5.3,1303,met_borrower,True,post_cut,1,locality
VS005192,AC001263,AD001637,FA006,2026-06-23,273.2,-3136.9,7.5,104,address_not_traceable,False,post_cut,1,locality
VS005193,AC000906,AD001170,FA009,2026-06-23,2338.2,-789.9,8.0,193,locked_premises,False,post_cut,27,locality
VS005194,AC001725,AD002230,FA009,2026-06-23,3387.8,-1834.6,5.5,457,met_borrower,True,post_cut,1,locality
VS005195,AC001912,AD002471,FA009,2026-06-23,2312.9,-754.2,15.4,186,locked_premises,False,post_cut,32,locality
VS005196,AC001141,AD001481,FA009,2026-06-23,2316.9,-765.4,16.9,123,met_family,True,post_cut,27,locality
VS005197,AC001666,AD002153,FA009,2026-06-23,3301.1,-1910.4,13.0,519,met_family,True,post_cut,1,street
VS005198,AC000837,AD001078,FA009,2026-06-23,2951.9,-2004.1,6.8,354,neighbour_says_shifted,False,post_cut,1,locality
VS005199,AC001987,AD002566,FA008,2026-06-23,-2605.9,-80.4,12.5,463,met_family,True,post_cut,1,locality
VS005200,AC001727,AD002233,FA008,2026-06-23,-2532.8,-557.4,8.4,98,address_not_traceable,False,post_cut,1,street
VS005201,AC000481,AD000617,FA008,2026-06-23,-2937.9,195.0,10.3,272,met_family,True,post_cut,1,locality
VS005202,AC000563,AD000727,FA008,2026-06-23,-2611.8,-419.1,8.2,217,locked_premises,False,post_cut,1,locality
VS005203,AC000158,AD000197,FA008,2026-06-23,-2675.6,-138.4,10.9,760,met_borrower,True,post_cut,1,locality
VS005204,AC001031,AD001333,FA008,2026-06-23,-2468.7,-114.8,16.2,108,address_not_traceable,False,post_cut,1,locality
VS005205,AC001448,AD001868,FA008,2026-06-23,-2197.9,-216.2,28.9,92,locked_premises,False,post_cut,1,locality
VS005206,AC000490,AD000631,FA008,2026-06-23,-2865.4,50.1,15.2,206,locked_premises,False,post_cut,1,locality
VS005207,AC001606,AD002068,FA007,2026-06-23,-2162.2,1669.2,8.0,38,address_not_traceable,False,post_cut,1,locality
VS005208,AC000937,AD001212,FA007,2026-06-23,-2962.3,1333.3,10.2,287,neighbour_says_shifted,False,post_cut,1,pincode
VS005209,AC001451,AD001872,FA007,2026-06-23,-3099.4,-132.1,8.5,85,address_not_traceable,False,post_cut,1,locality
VS005210,AC001216,AD001578,FA007,2026-06-23,-2282.5,1704.6,14.3,1479,met_borrower,True,post_cut,1,locality
VS005211,AC001105,AD001436,FA007,2026-06-23,-2310.6,1242.6,19.5,62,locked_premises,False,post_cut,1,locality
VS005212,AC001567,AD002023,FA007,2026-06-23,-2772.9,1761.8,9.1,486,met_family,True,post_cut,1,locality
VS005213,AC000604,AD000779,FA001,2026-06-24,1991.9,689.4,4.8,502,met_family,True,post_cut,1,locality
VS005214,AC001086,AD001408,FA001,2026-06-24,2570.5,854.3,6.1,219,neighbour_says_shifted,False,post_cut,1,locality
VS005215,AC000518,AD000668,FA001,2026-06-24,2325.3,929.2,12.6,99,locked_premises,False,post_cut,1,locality
VS005216,AC000519,AD000669,FA001,2026-06-24,2252.6,615.2,4.0,892,met_borrower,True,post_cut,1,locality
VS005217,AC000934,AD001208,FA001,2026-06-24,1596.3,-1026.8,4.4,114,locked_premises,False,post_cut,1,locality
VS005218,AC000089,AD000111,FA001,2026-06-24,2809.4,954.3,17.8,130,neighbour_says_shifted,False,post_cut,1,locality
VS005219,AC000156,AD000195,FA001,2026-06-24,2070.8,1351.1,4.7,227,locked_premises,False,post_cut,1,locality
VS005220,AC001573,AD002029,FA001,2026-06-24,2696.7,1476.3,18.5,921,met_borrower,True,post_cut,1,locality
VS005221,AC000876,AD001130,FA003,2026-06-24,-754.0,-3319.2,14.5,292,met_family,True,post_cut,1,street
VS005222,AC002179,AD002814,FA003,2026-06-24,-876.9,-3538.8,6.5,255,neighbour_says_shifted,False,post_cut,1,rooftop
VS005223,AC000802,AD001033,FA003,2026-06-24,-1335.5,-3373.6,7.4,215,no_such_person,False,post_cut,1,street
VS005224,AC001274,AD001651,FA003,2026-06-24,-603.4,-2923.5,4.0,155,locked_premises,False,post_cut,1,locality
VS005225,AC000436,AD000561,FA003,2026-06-24,-637.1,-3108.0,6.1,128,locked_premises,False,post_cut,1,pincode
VS005226,AC000957,AD001239,FA003,2026-06-24,-700.5,-3049.2,5.0,1244,met_borrower,True,post_cut,1,locality
VS005227,AC000369,AD000467,FA003,2026-06-24,-894.9,-3286.7,18.4,237,met_family,True,post_cut,1,locality
VS005228,AC001658,AD002142,FA003,2026-06-24,-841.8,-3218.5,5.5,637,met_borrower,True,post_cut,1,locality
VS005229,AC001190,AD001546,FA003,2026-06-24,-1282.3,-3534.8,10.3,203,met_family,True,post_cut,1,locality
VS005230,AC001053,AD001361,FA003,2026-06-24,-442.6,-2771.0,4.5,88,locked_premises,False,post_cut,1,locality
VS005231,AC002144,AD002767,FA002,2026-06-24,-2195.5,1595.1,7.1,57,address_not_traceable,False,post_cut,1,pincode
VS005232,AC000200,AD000251,FA002,2026-06-24,-1288.1,709.0,10.4,783,met_borrower,True,post_cut,1,locality
VS005233,AC002304,AD002967,FA002,2026-06-24,-1249.1,11.5,5.1,714,met_borrower,True,post_cut,1,locality
VS005234,AC001383,AD001788,FA002,2026-06-24,-1355.2,609.3,7.0,1407,met_borrower,True,post_cut,1,locality
VS005235,AC001148,AD001490,FA002,2026-06-24,-1194.8,391.9,12.7,63,address_not_traceable,False,post_cut,1,locality
VS005236,AC002163,AD002792,FA002,2026-06-24,-1053.9,932.7,29.1,571,met_borrower,True,post_cut,1,locality
VS005237,AC002347,AD003020,FA002,2026-06-24,-381.5,-1444.3,7.0,80,address_not_traceable,False,post_cut,1,locality
VS005238,AC001823,AD002353,FA002,2026-06-24,-1100.4,431.3,11.0,101,address_not_traceable,False,post_cut,1,locality
VS005239,AC001020,AD001318,FA006,2026-06-24,1173.8,-249.6,14.3,130,no_such_person,False,post_cut,1,street
VS005240,AC001700,AD002197,FA006,2026-06-24,876.3,-289.9,6.8,206,locked_premises,False,post_cut,1,street
VS005241,AC000760,AD000980,FA006,2026-06-24,1344.7,-2.1,15.1,397,met_family,True,post_cut,1,locality
VS005242,AC000142,AD000178,FA006,2026-06-24,1113.4,169.5,4.0,132,neighbour_says_shifted,False,post_cut,1,locality
VS005243,AC000285,AD000358,FA006,2026-06-24,682.9,-142.0,35.7,145,neighbour_says_shifted,False,post_cut,1,locality
VS005244,AC002288,AD003106,FA006,2026-06-24,1416.8,199.1,9.7,93,locked_premises,False,post_cut,1,street
VS005245,AC000438,AD000565,FA006,2026-06-24,1413.7,219.7,6.7,222,met_family,True,post_cut,1,street
VS005246,AC002096,AD002704,FA006,2026-06-24,911.4,119.6,11.8,172,neighbour_says_shifted,False,post_cut,1,locality
VS005247,AC000120,AD000151,FA004,2026-06-24,-736.8,3319.7,25.6,637,met_borrower,True,post_cut,1,street
VS005248,AC000595,AD000768,FA004,2026-06-24,2699.0,-1620.9,11.0,139,neighbour_says_shifted,False,post_cut,1,locality
VS005249,AC001437,AD001855,FA004,2026-06-24,2395.7,-1221.9,13.4,143,locked_premises,False,post_cut,1,locality
VS005250,AC001965,AD002540,FA004,2026-06-24,2470.1,-1592.3,7.7,459,met_family,True,post_cut,1,locality
VS005251,AC000878,AD001134,FA004,2026-06-24,1072.0,-3240.4,5.0,77,address_not_traceable,False,post_cut,1,locality
VS005252,AC001636,AD002111,FA004,2026-06-24,3046.9,-1199.0,13.1,122,no_such_person,False,post_cut,1,pincode
VS005253,AC001648,AD002126,FA004,2026-06-24,2230.1,-1535.1,4.0,222,neighbour_says_shifted,False,post_cut,1,locality
VS005254,AC002389,AD003077,FA004,2026-06-24,2933.1,-1541.8,10.7,447,met_family,True,post_cut,1,locality
VS005255,AC002002,AD002584,FA005,2026-06-24,1981.2,2072.8,7.6,288,no_such_person,False,post_cut,1,pincode
VS005256,AC001989,AD002568,FA005,2026-06-24,3065.6,540.8,14.9,70,address_not_traceable,False,post_cut,1,locality
VS005257,AC002041,AD002634,FA005,2026-06-24,785.8,-3136.9,17.5,66,address_not_traceable,False,post_cut,1,locality
VS005258,AC000745,AD000962,FA005,2026-06-24,2212.7,2035.7,9.9,41,address_not_traceable,False,post_cut,1,locality
VS005259,AC001259,AD001631,FA005,2026-06-24,2692.7,478.9,14.6,252,neighbour_says_shifted,False,post_cut,1,rooftop
VS005260,AC002359,AD003038,FA005,2026-06-24,3316.0,761.7,10.2,172,locked_premises,False,post_cut,1,street
VS005261,AC000742,AD000957,FA005,2026-06-24,2861.0,64.4,10.8,706,met_borrower,True,post_cut,1,locality
VS005262,AC000470,AD000603,FA005,2026-06-24,3133.4,839.1,15.2,60,address_not_traceable,False,post_cut,1,locality
VS005263,AC001035,AD001338,FA005,2026-06-24,2849.9,632.9,11.1,185,met_family,True,post_cut,1,locality
VS005264,AC001752,AD002261,FA005,2026-06-24,2664.4,178.8,11.0,264,neighbour_says_shifted,False,post_cut,1,locality
VS005265,AC001629,AD002102,FA009,2026-06-24,2960.7,-1820.6,9.1,177,locked_premises,False,post_cut,1,locality
VS005266,AC001586,AD002044,FA009,2026-06-24,3215.6,-2156.0,13.8,351,met_family,True,post_cut,1,locality
VS005267,AC001314,AD001706,FA009,2026-06-24,3453.5,-2500.5,4.0,116,address_not_traceable,False,post_cut,1,locality
VS005268,AC000027,AD000031,FA009,2026-06-24,2977.6,-2461.8,6.8,242,met_family,True,post_cut,1,locality
VS005269,AC001395,AD001802,FA009,2026-06-24,3253.9,-1721.0,10.8,1085,met_borrower,True,post_cut,1,street
VS005270,AC000864,AD001116,FA009,2026-06-24,3102.8,-1885.7,7.0,158,locked_premises,False,post_cut,1,locality
VS005271,AC000216,AD000272,FA007,2026-06-24,-2374.7,-544.0,12.4,239,locked_premises,False,post_cut,1,locality
VS005272,AC002006,AD002590,FA007,2026-06-24,-2553.2,-193.5,12.5,116,address_not_traceable,False,post_cut,1,locality
VS005273,AC001539,AD001982,FA007,2026-06-24,-2578.9,-521.9,15.3,184,no_such_person,False,post_cut,1,locality
VS005274,AC000460,AD000592,FA007,2026-06-24,-3899.7,-650.6,9.5,34,address_not_traceable,False,post_cut,1,locality
VS005275,AC000126,AD000159,FA007,2026-06-24,-2836.8,-111.6,10.9,275,neighbour_says_shifted,False,post_cut,1,street
VS005276,AC000981,AD001269,FA007,2026-06-24,-2970.7,-210.4,21.9,353,met_family,True,post_cut,1,locality
VS005277,AC000472,AD000605,FA007,2026-06-24,-2596.7,-457.9,9.4,231,met_family,True,post_cut,1,locality
VS005278,AC001686,AD002181,FA007,2026-06-24,-2281.0,-104.7,24.5,482,met_family,True,post_cut,1,rooftop
VS005279,AC001106,AD001437,FA007,2026-06-24,-2430.5,-591.1,14.0,573,met_family,True,post_cut,1,locality
VS005280,AC001576,AD002033,FA007,2026-06-24,-2897.4,-529.4,9.9,144,locked_premises,False,post_cut,1,locality
VS005281,AC002331,AD002997,FA008,2026-06-24,3278.8,-2021.1,18.0,34,address_not_traceable,False,post_cut,1,locality
VS005282,AC001208,AD001569,FA008,2026-06-24,3388.0,-1378.0,6.3,1347,met_borrower,True,post_cut,1,pincode
VS005283,AC002322,AD002988,FA008,2026-06-24,3236.1,-1837.7,13.6,113,address_not_traceable,False,post_cut,1,locality
VS005284,AC001846,AD002380,FA008,2026-06-24,3084.3,-2430.3,12.6,577,met_borrower,True,post_cut,1,street
VS005285,AC000983,AD001272,FA008,2026-06-24,3101.3,-2159.4,16.3,336,met_borrower,True,post_cut,1,locality
VS005286,AC002042,AD002635,FA008,2026-06-24,3222.7,-2027.9,15.6,90,locked_premises,False,post_cut,1,locality
VS005287,AC001799,AD002321,FA008,2026-06-24,3512.3,-2091.4,17.2,99,locked_premises,False,post_cut,1,locality
VS005288,AC002220,AD002862,FA008,2026-06-24,3352.0,-1846.4,9.6,100,no_such_person,False,post_cut,1,street
VS005289,AC001908,AD002467,FA008,2026-06-24,2974.3,-2037.7,5.3,530,met_family,True,post_cut,1,locality
VS005290,AC001103,AD001433,FA001,2026-06-25,2723.7,-2461.4,12.8,787,met_borrower,True,post_cut,1,street
VS005291,AC000741,AD000955,FA001,2026-06-25,3139.1,-1917.6,5.5,202,no_such_person,False,post_cut,1,locality
VS005292,AC001348,AD001746,FA001,2026-06-25,2957.8,-2252.8,47.0,364,met_family,True,post_cut,1,locality
VS005293,AC001273,AD001649,FA001,2026-06-25,2846.4,-2025.9,4.0,105,address_not_traceable,False,post_cut,1,locality
VS005294,AC000712,AD000920,FA001,2026-06-25,-1281.3,472.7,15.0,804,met_borrower,True,post_cut,1,rooftop
VS005295,AC000484,AD000623,FA001,2026-06-25,2219.0,1241.0,12.9,192,locked_premises,False,post_cut,1,locality
VS005296,AC001139,AD001479,FA001,2026-06-25,2920.1,-2493.8,9.7,912,met_borrower,True,post_cut,1,locality
VS005297,AC000945,AD001224,FA001,2026-06-25,2705.0,-2242.5,8.5,39,address_not_traceable,False,post_cut,1,locality
VS005298,AC000408,AD000524,FA001,2026-06-25,2603.9,-1663.0,7.6,335,met_family,True,post_cut,1,street
VS005299,AC000475,AD000608,FA003,2026-06-25,926.9,-3348.1,11.2,467,met_family,True,post_cut,1,locality
VS005300,AC000840,AD001083,FA003,2026-06-25,785.6,-3272.6,17.6,216,neighbour_says_shifted,False,post_cut,1,street
VS005301,AC002034,AD002624,FA003,2026-06-25,518.3,-3473.3,9.8,414,met_borrower,True,post_cut,1,locality
VS005302,AC000726,AD000936,FA003,2026-06-25,1088.7,-3078.1,5.9,605,met_borrower,True,post_cut,1,locality
VS005303,AC001599,AD002061,FA003,2026-06-25,781.7,-3005.1,7.7,62,locked_premises,False,post_cut,1,street
VS005304,AC002275,AD002928,FA003,2026-06-25,1161.5,-3158.8,11.2,183,locked_premises,False,post_cut,1,locality
VS005305,AC000843,AD001087,FA003,2026-06-25,923.1,-2685.5,6.4,199,locked_premises,False,post_cut,1,pincode
VS005306,AC000103,AD000129,FA002,2026-06-25,3068.4,-2063.0,11.0,235,locked_premises,False,post_cut,1,locality
VS005307,AC000971,AD001256,FA002,2026-06-25,3301.8,-1981.7,5.4,355,neighbour_says_shifted,False,post_cut,1,locality
VS005308,AC000506,AD000652,FA002,2026-06-25,2825.2,-2261.4,12.0,98,locked_premises,False,post_cut,1,locality
VS005309,AC002336,AD003004,FA002,2026-06-25,403.0,2295.9,11.5,150,met_borrower,True,post_cut,1,locality
VS005310,AC001957,AD002530,FA002,2026-06-25,2984.9,-2219.5,14.1,67,address_not_traceable,False,post_cut,1,pincode
VS005311,AC000857,AD001105,FA002,2026-06-25,2809.5,-2276.8,17.3,1362,met_borrower,True,post_cut,1,locality
VS005312,AC000289,AD000363,FA002,2026-06-25,2581.9,-2761.2,7.7,93,address_not_traceable,False,post_cut,1,locality
VS005313,AC002260,AD002911,FA002,2026-06-25,2902.8,-2214.3,8.8,808,met_borrower,True,post_cut,1,locality
VS005314,AC001787,AD002306,FA002,2026-06-25,2798.1,-2050.8,14.0,332,met_family,True,post_cut,1,locality
VS005315,AC001875,AD002419,FA002,2026-06-25,2769.9,-2321.9,10.3,195,locked_premises,False,post_cut,1,street
VS005316,AC002069,AD002669,FA004,2026-06-25,-845.5,675.6,12.5,54,address_not_traceable,False,post_cut,1,pincode
VS005317,AC002343,AD003015,FA004,2026-06-25,968.7,2674.4,14.9,564,met_family,True,post_cut,1,locality
VS005318,AC000614,AD000792,FA004,2026-06-25,990.6,2527.0,32.5,509,met_family,True,post_cut,1,locality
VS005319,AC002378,AD003060,FA004,2026-06-25,891.2,2712.0,7.9,399,met_family,True,post_cut,1,locality
VS005320,AC000040,AD000049,FA004,2026-06-25,751.4,2396.0,5.2,1372,met_borrower,True,post_cut,1,locality
VS005321,AC000023,AD000027,FA004,2026-06-25,1433.7,2444.5,11.3,111,address_not_traceable,False,post_cut,1,locality
VS005322,AC002381,AD003065,FA004,2026-06-25,681.3,2846.9,20.0,346,met_family,True,post_cut,1,locality
VS005323,AC001491,AD001923,FA004,2026-06-25,939.9,2926.1,10.5,80,locked_premises,False,post_cut,1,locality
VS005324,AC001353,AD001752,FA006,2026-06-25,1457.1,-2257.8,8.4,267,neighbour_says_shifted,False,post_cut,1,locality
VS005325,AC002185,AD002821,FA006,2026-06-25,1593.2,-1833.9,7.8,1461,met_borrower,True,post_cut,1,locality
VS005326,AC002062,AD002661,FA006,2026-06-25,1789.1,-1775.2,43.8,189,locked_premises,False,post_cut,1,pincode
VS005327,AC000138,AD000173,FA006,2026-06-25,1473.4,-2373.8,8.0,1369,met_borrower,True,post_cut,1,locality
VS005328,AC001421,AD001833,FA006,2026-06-25,1418.9,-2360.7,32.5,190,locked_premises,False,post_cut,1,locality
VS005329,AC001068,AD001380,FA006,2026-06-25,1424.6,-1911.3,17.0,1043,met_borrower,True,post_cut,1,locality
VS005330,AC000179,AD000223,FA006,2026-06-25,1938.0,-2134.9,19.5,357,met_borrower,True,post_cut,1,locality
VS005331,AC002303,AD002966,FA005,2026-06-25,423.1,2543.2,8.7,161,locked_premises,False,post_cut,1,locality
VS005332,AC001500,AD001937,FA005,2026-06-25,730.4,3079.0,5.7,368,met_family,True,post_cut,1,street
VS005333,AC001226,AD001589,FA005,2026-06-25,677.5,3091.6,28.0,124,locked_premises,False,post_cut,1,street
VS005334,AC001100,AD001430,FA005,2026-06-25,1289.3,2883.3,7.2,201,locked_premises,False,post_cut,1,locality
VS005335,AC000524,AD000676,FA005,2026-06-25,1386.2,-1458.0,9.3,39,address_not_traceable,False,post_cut,1,pincode
VS005336,AC001960,AD002533,FA005,2026-06-25,860.1,2859.1,14.4,70,address_not_traceable,False,post_cut,1,street
VS005337,AC000551,AD000711,FA005,2026-06-25,640.1,2348.2,14.2,105,address_not_traceable,False,post_cut,1,locality
VS005338,AC000064,AD000079,FA009,2026-06-25,-3729.3,-757.5,10.2,207,address_not_traceable,False,post_cut,32,street
VS005339,AC000497,AD000639,FA009,2026-06-25,1235.0,-1210.3,5.6,557,met_family,True,post_cut,1,street
VS005340,AC000874,AD001128,FA009,2026-06-25,-3735.8,-753.5,17.0,107,locked_premises,False,post_cut,27,locality
VS005341,AC000356,AD000451,FA009,2026-06-25,-3739.3,-779.5,4.1,164,locked_premises,False,post_cut,1,locality
VS005342,AC001983,AD002562,FA009,2026-06-25,-3741.8,-755.7,17.7,145,met_borrower,True,post_cut,1,locality
VS005343,AC001669,AD002157,FA009,2026-06-25,807.8,-800.0,10.0,91,locked_premises,False,post_cut,1,locality
VS005344,AC000123,AD000155,FA009,2026-06-25,2310.3,-791.1,13.0,211,locked_premises,False,post_cut,26,street
VS005345,AC000276,AD000347,FA009,2026-06-25,1226.5,-2164.9,4.7,55,address_not_traceable,False,post_cut,1,pincode
VS005346,AC000464,AD000596,FA009,2026-06-25,690.5,-702.0,5.2,416,met_family,True,post_cut,1,locality
VS005347,AC001893,AD002445,FA009,2026-06-25,845.1,-706.9,6.1,137,no_such_person,False,post_cut,1,locality
VS005348,AC001625,AD002096,FA007,2026-06-25,3583.0,629.0,14.6,996,met_borrower,True,post_cut,1,street
VS005349,AC001046,AD001352,FA007,2026-06-25,3942.4,270.4,6.9,189,locked_premises,False,post_cut,1,locality
VS005350,AC000501,AD000645,FA007,2026-06-25,3622.1,-78.5,25.9,293,no_such_person,False,post_cut,1,locality
VS005351,AC001792,AD002311,FA007,2026-06-25,2543.3,-1438.5,14.4,33,address_not_traceable,False,post_cut,1,locality
VS005352,AC002399,AD003088,FA007,2026-06-25,3437.8,-2165.1,34.3,68,address_not_traceable,False,post_cut,1,locality
VS005353,AC001974,AD002551,FA007,2026-06-25,2988.9,-2187.1,16.1,116,address_not_traceable,False,post_cut,1,locality
VS005354,AC000869,AD001122,FA007,2026-06-25,3405.1,496.1,12.9,234,locked_premises,False,post_cut,1,locality
VS005355,AC001740,AD002248,FA007,2026-06-25,-218.6,-405.8,14.4,100,address_not_traceable,False,post_cut,1,pincode
VS005356,AC000326,AD000411,FA007,2026-06-25,3738.9,420.2,9.5,61,address_not_traceable,False,post_cut,1,locality
VS005357,AC000201,AD000252,FA007,2026-06-25,3630.9,561.3,4.0,89,address_not_traceable,False,post_cut,1,locality
VS005358,AC001172,AD001520,FA008,2026-06-25,-632.4,-3711.5,27.2,375,met_family,True,post_cut,1,street
VS005359,AC002278,AD002932,FA008,2026-06-25,-598.4,-3446.3,10.4,308,neighbour_says_shifted,False,post_cut,1,locality
VS005360,AC000447,AD000576,FA008,2026-06-25,-529.8,-3722.7,4.0,344,met_borrower,True,post_cut,1,locality
VS005361,AC000474,AD000607,FA008,2026-06-25,-761.6,-3907.4,11.8,294,neighbour_says_shifted,False,post_cut,1,locality
VS005362,AC001072,AD001386,FA008,2026-06-25,-428.7,-3387.4,20.6,195,neighbour_says_shifted,False,post_cut,1,locality
VS005363,AC000941,AD001219,FA008,2026-06-25,-574.2,-3614.9,5.0,65,address_not_traceable,False,post_cut,1,locality
VS005364,AC000487,AD000627,FA008,2026-06-25,-637.2,-3804.2,20.0,69,locked_premises,False,post_cut,1,locality
VS005365,AC000491,AD000632,FA008,2026-06-25,-881.5,-3853.7,7.8,218,neighbour_says_shifted,False,post_cut,1,locality
VS005366,AC001947,AD002518,FA008,2026-06-25,33.0,-3382.9,8.1,45,address_not_traceable,False,post_cut,1,locality
VS005367,AC002111,AD002722,FA008,2026-06-25,-895.9,-3796.2,8.6,1129,cash_collected,True,post_cut,1,pincode
VS005368,AC000858,AD001107,FA003,2026-06-26,1270.5,-1565.6,17.2,71,address_not_traceable,False,post_cut,1,pincode
VS005369,AC001806,AD002332,FA003,2026-06-26,3126.2,-2061.2,11.8,707,met_borrower,True,post_cut,1,pincode
VS005370,AC001206,AD001567,FA003,2026-06-26,3036.8,-2120.7,14.9,115,locked_premises,False,post_cut,1,locality
VS005371,AC001093,AD001420,FA003,2026-06-26,-2042.0,-2085.1,16.6,1447,met_borrower,True,post_cut,1,locality
VS005372,AC002354,AD003030,FA003,2026-06-26,2881.0,-1954.9,9.0,230,met_family,True,post_cut,1,locality
VS005373,AC000420,AD000541,FA003,2026-06-26,2644.1,-2445.8,12.0,210,locked_premises,False,post_cut,1,locality
VS005374,AC000987,AD001276,FA003,2026-06-26,2377.4,-2214.7,15.1,492,met_family,True,post_cut,1,locality
VS005375,AC001521,AD001960,FA003,2026-06-26,2650.5,-2041.7,7.6,434,met_family,True,post_cut,1,locality
VS005376,AC000437,AD000563,FA003,2026-06-26,2533.3,-2085.6,12.5,53,address_not_traceable,False,post_cut,1,locality
VS005377,AC000812,AD001045,FA002,2026-06-26,2650.3,1459.9,17.8,940,met_borrower,True,post_cut,1,street
VS005378,AC000751,AD000970,FA002,2026-06-26,2685.2,1435.8,13.1,774,met_borrower,True,post_cut,1,locality
VS005379,AC002008,AD002593,FA002,2026-06-26,2344.3,1228.2,14.6,170,locked_premises,False,post_cut,1,locality
VS005380,AC002129,AD002744,FA002,2026-06-26,2132.9,802.8,14.5,206,locked_premises,False,post_cut,1,locality
VS005381,AC001449,AD001870,FA002,2026-06-26,1488.9,1571.1,13.4,99,address_not_traceable,False,post_cut,1,pincode
VS005382,AC000510,AD000656,FA002,2026-06-26,2516.5,775.7,9.5,31,address_not_traceable,False,post_cut,1,locality
VS005383,AC002283,AD002938,FA002,2026-06-26,2123.4,979.5,4.9,1342,met_borrower,True,post_cut,1,locality
VS005384,AC002357,AD003035,FA002,2026-06-26,2367.1,1404.9,9.3,448,met_family,True,post_cut,1,locality
VS005385,AC001209,AD001570,FA002,2026-06-26,2746.5,1165.7,6.1,377,met_family,True,post_cut,1,locality
VS005386,AC000766,AD000987,FA002,2026-06-26,2524.0,1078.1,17.0,79,address_not_traceable,False,post_cut,1,locality
VS005387,AC000958,AD001240,FA001,2026-06-26,1317.5,-255.5,4.2,398,neighbour_says_shifted,False,post_cut,1,locality
VS005388,AC000384,AD000488,FA001,2026-06-26,1213.0,200.9,13.1,177,neighbour_says_shifted,False,post_cut,1,pincode
VS005389,AC000610,AD000788,FA001,2026-06-26,1251.4,-299.0,14.2,67,address_not_traceable,False,post_cut,1,locality
VS005390,AC002238,AD002882,FA001,2026-06-26,1196.5,-328.7,8.2,238,locked_premises,False,post_cut,1,pincode
VS005391,AC000196,AD000247,FA001,2026-06-26,818.4,-568.4,5.2,234,neighbour_says_shifted,False,post_cut,1,pincode
VS005392,AC000804,AD001035,FA001,2026-06-26,794.6,-336.8,4.1,731,met_borrower,True,post_cut,1,locality
VS005393,AC001600,AD002062,FA001,2026-06-26,901.9,-88.1,6.4,64,locked_premises,False,post_cut,1,locality
VS005394,AC001458,AD001882,FA001,2026-06-26,710.9,-3006.0,10.7,1070,met_borrower,True,post_cut,1,locality
VS005395,AC000656,AD000846,FA006,2026-06-26,-1854.7,-3284.3,12.5,238,neighbour_says_shifted,False,post_cut,1,pincode
VS005396,AC001272,AD001647,FA006,2026-06-26,-1641.6,-2900.5,4.1,393,met_family,True,post_cut,1,locality
VS005397,AC000301,AD000379,FA006,2026-06-26,-1951.3,-2489.1,8.9,561,met_family,True,post_cut,1,locality
VS005398,AC001651,AD002132,FA006,2026-06-26,2193.5,1909.6,7.3,105,address_not_traceable,False,post_cut,1,locality
VS005399,AC002112,AD002723,FA006,2026-06-26,-950.6,-2691.4,11.4,153,locked_premises,False,post_cut,1,locality
VS005400,AC000155,AD000194,FA006,2026-06-26,-1251.3,-2795.5,4.6,352,neighbour_says_shifted,False,post_cut,1,pincode
VS005401,AC001114,AD001447,FA006,2026-06-26,-1323.4,-2857.0,4.3,917,met_borrower,True,post_cut,1,street
VS005402,AC002165,AD002794,FA005,2026-06-26,1799.3,-2484.9,5.3,56,address_not_traceable,False,post_cut,1,locality
VS005403,AC001610,AD002074,FA005,2026-06-26,1810.2,-1674.8,12.0,463,met_family,True,post_cut,1,street
VS005404,AC002364,AD003044,FA005,2026-06-26,1200.8,-2555.6,19.1,186,no_such_person,False,post_cut,1,rooftop
VS005405,AC001080,AD001397,FA005,2026-06-26,1711.8,-1668.0,16.2,160,locked_premises,False,post_cut,1,locality
VS005406,AC000696,AD000897,FA005,2026-06-26,1606.0,-2536.8,5.8,66,locked_premises,False,post_cut,1,locality
VS005407,AC001907,AD002466,FA005,2026-06-26,1838.0,-2110.7,8.6,213,locked_premises,False,post_cut,1,locality
VS005408,AC002293,AD002953,FA004,2026-06-26,506.9,-1330.7,7.3,94,address_not_traceable,False,post_cut,1,pincode
VS005409,AC001158,AD001503,FA004,2026-06-26,2870.9,-1495.9,5.4,380,neighbour_says_shifted,False,post_cut,1,street
VS005410,AC001296,AD001683,FA004,2026-06-26,2587.3,-1431.5,16.5,497,met_family,True,post_cut,1,locality
VS005411,AC001192,AD001549,FA004,2026-06-26,2293.1,-1317.5,7.3,219,locked_premises,False,post_cut,1,locality
VS005412,AC001884,AD002431,FA004,2026-06-26,2853.8,-1207.7,13.0,157,neighbour_says_shifted,False,post_cut,1,street
VS005413,AC002234,AD002878,FA004,2026-06-26,2465.6,-710.0,8.6,61,locked_premises,False,post_cut,1,locality
VS005414,AC000324,AD000407,FA004,2026-06-26,2357.3,-728.4,7.7,280,neighbour_says_shifted,False,post_cut,1,street
VS005415,AC001117,AD001450,FA004,2026-06-26,2345.8,-1143.1,8.2,322,neighbour_says_shifted,False,post_cut,1,street
VS005416,AC000257,AD000324,FA008,2026-06-26,-2573.2,1699.7,8.1,540,met_family,True,post_cut,1,locality
VS005417,AC000675,AD000869,FA008,2026-06-26,-2050.4,1548.1,9.6,603,met_borrower,True,post_cut,1,locality
VS005418,AC002136,AD002756,FA008,2026-06-26,-2549.1,1423.3,19.0,380,met_family,True,post_cut,1,pincode
VS005419,AC002090,AD002696,FA008,2026-06-26,-2559.8,1225.6,6.9,176,locked_premises,False,post_cut,1,locality
VS005420,AC001338,AD001734,FA008,2026-06-26,-2900.8,1419.2,4.9,258,met_family,True,post_cut,1,locality
VS005421,AC001659,AD002143,FA008,2026-06-26,-2595.3,1386.1,7.9,1020,met_borrower,True,post_cut,1,locality
VS005422,AC000319,AD000401,FA008,2026-06-26,-2306.6,1760.4,4.0,80,address_not_traceable,False,post_cut,1,locality
VS005423,AC001808,AD002334,FA008,2026-06-26,-2764.5,1756.2,18.2,536,met_family,True,post_cut,1,locality
VS005424,AC000453,AD000584,FA009,2026-06-26,2329.7,-792.4,4.9,199,address_not_traceable,False,post_cut,1,locality
VS005425,AC000819,AD001054,FA009,2026-06-26,-353.0,2879.4,7.7,115,address_not_traceable,False,post_cut,1,locality
VS005426,AC001373,AD003105,FA009,2026-06-26,-197.0,3182.0,9.6,1224,met_borrower,True,post_cut,1,locality
VS005427,AC002236,AD002880,FA009,2026-06-26,-410.1,2949.4,9.7,415,met_family,True,post_cut,1,locality
VS005428,AC001252,AD001621,FA009,2026-06-26,-6.9,3267.9,7.0,466,met_family,True,post_cut,1,locality
VS005429,AC002001,AD002582,FA009,2026-06-26,-3721.5,-777.9,8.2,226,locked_premises,False,post_cut,32,locality
VS005430,AC002243,AD002889,FA007,2026-06-26,4105.4,81.7,19.1,302,neighbour_says_shifted,False,post_cut,1,locality
VS005431,AC000416,AD000535,FA007,2026-06-26,3705.8,118.4,13.0,168,locked_premises,False,post_cut,1,locality
VS005432,AC000183,AD000228,FA007,2026-06-26,3875.8,-94.5,8.6,323,met_borrower,True,post_cut,1,locality
VS005433,AC000240,AD000303,FA007,2026-06-26,3385.6,626.3,25.9,1080,met_borrower,True,post_cut,1,locality
VS005434,AC002169,AD002799,FA007,2026-06-26,3478.9,-6.2,12.6,85,locked_premises,False,post_cut,1,street
VS005435,AC001956,AD002529,FA007,2026-06-26,1928.9,1042.3,7.9,60,address_not_traceable,False,post_cut,1,pincode
VS005436,AC000776,AD001001,FA007,2026-06-26,3615.9,595.1,16.6,321,neighbour_says_shifted,False,post_cut,1,locality
VS005437,AC001507,AD001945,FA001,2026-06-27,-2964.7,729.5,14.1,246,neighbour_says_shifted,False,post_cut,1,locality
VS005438,AC001424,AD001836,FA001,2026-06-27,-2691.2,1426.5,9.7,206,met_family,True,post_cut,1,locality
VS005439,AC000038,AD000047,FA001,2026-06-27,-2233.1,1082.8,5.8,139,locked_premises,False,post_cut,1,locality
VS005440,AC000504,AD000649,FA001,2026-06-27,-2620.0,925.2,9.2,77,address_not_traceable,False,post_cut,1,street
VS005441,AC001909,AD002468,FA001,2026-06-27,-3045.8,1320.6,8.7,86,locked_premises,False,post_cut,1,locality
VS005442,AC000389,AD000497,FA001,2026-06-27,-2665.6,1742.5,4.6,1069,met_borrower,True,post_cut,1,locality
VS005443,AC001258,AD001630,FA003,2026-06-27,571.0,2844.7,11.0,740,met_borrower,True,post_cut,1,street
VS005444,AC001169,AD001516,FA003,2026-06-27,556.5,-2601.8,5.5,341,neighbour_says_shifted,False,post_cut,1,pincode
VS005445,AC001945,AD002514,FA003,2026-06-27,806.3,-3184.3,6.6,1176,met_borrower,True,post_cut,1,rooftop
VS005446,AC001232,AD003102,FA003,2026-06-27,1020.5,-3064.4,5.9,198,locked_premises,False,post_cut,1,locality
VS005447,AC000729,AD000940,FA003,2026-06-27,574.2,-3059.6,9.4,94,address_not_traceable,False,post_cut,1,locality
VS005448,AC000573,AD000739,FA003,2026-06-27,679.3,-3312.6,18.1,544,met_family,True,post_cut,1,locality
VS005449,AC000202,AD000253,FA003,2026-06-27,482.8,-2806.0,17.4,714,met_borrower,True,post_cut,1,locality
VS005450,AC001640,AD002116,FA003,2026-06-27,886.7,-2906.5,7.7,199,locked_premises,False,post_cut,1,locality
VS005451,AC000557,AD000719,FA002,2026-06-27,2733.0,-1750.4,11.3,386,neighbour_says_shifted,False,post_cut,1,locality
VS005452,AC001392,AD001799,FA002,2026-06-27,3187.7,-2186.0,6.5,196,met_family,True,post_cut,1,locality
VS005453,AC000909,AD001174,FA002,2026-06-27,2570.8,-1957.2,10.2,180,locked_premises,False,post_cut,1,rooftop
VS005454,AC001788,AD002307,FA002,2026-06-27,2676.0,-2507.5,33.2,134,locked_premises,False,post_cut,1,locality
VS005455,AC000287,AD000360,FA002,2026-06-27,3068.2,-2369.4,10.6,385,met_family,True,post_cut,1,locality
VS005456,AC002325,AD002991,FA002,2026-06-27,2516.2,-2209.4,21.9,127,locked_premises,False,post_cut,1,locality
VS005457,AC001871,AD002413,FA002,2026-06-27,2969.3,-1913.6,6.7,129,locked_premises,False,post_cut,1,locality
VS005458,AC000803,AD001034,FA002,2026-06-27,3231.9,-1984.8,5.6,151,neighbour_says_shifted,False,post_cut,1,locality
VS005459,AC002137,AD002757,FA002,2026-06-27,2395.0,-2151.1,4.0,93,locked_premises,False,post_cut,1,street
VS005460,AC000336,AD000424,FA006,2026-06-27,2783.2,545.8,11.0,229,locked_premises,False,post_cut,1,locality
VS005461,AC000229,AD000290,FA006,2026-06-27,2820.9,142.7,4.0,147,neighbour_says_shifted,False,post_cut,1,locality
VS005462,AC001761,AD002273,FA006,2026-06-27,2467.1,-943.7,7.5,39,address_not_traceable,False,post_cut,1,locality
VS005463,AC001331,AD001726,FA006,2026-06-27,571.1,-3095.8,12.0,194,address_not_traceable,False,post_cut,1,street
VS005464,AC002133,AD002751,FA006,2026-06-27,3089.4,473.6,6.2,361,met_borrower,True,post_cut,1,locality
VS005465,AC001319,AD001712,FA006,2026-06-27,3003.7,758.8,4.3,370,neighbour_says_shifted,False,post_cut,1,locality
VS005466,AC002035,AD002626,FA006,2026-06-27,3091.2,486.1,11.6,1136,met_borrower,True,post_cut,1,locality
VS005467,AC000282,AD000355,FA004,2026-06-27,675.9,-3252.4,4.9,448,met_family,True,post_cut,1,locality
VS005468,AC001150,AD001493,FA004,2026-06-27,662.6,-2892.7,8.9,169,locked_premises,False,post_cut,1,locality
VS005469,AC000715,AD000924,FA004,2026-06-27,497.4,-2723.1,8.5,180,locked_premises,False,post_cut,1,locality
VS005470,AC000952,AD001232,FA004,2026-06-27,375.5,-2977.4,5.0,878,cash_collected,True,post_cut,1,locality
VS005471,AC000056,AD000069,FA004,2026-06-27,702.2,-3452.9,15.9,80,locked_premises,False,post_cut,1,locality
VS005472,AC000873,AD001127,FA004,2026-06-27,175.8,-3728.6,8.9,818,met_borrower,True,post_cut,1,locality
VS005473,AC000849,AD001095,FA004,2026-06-27,1010.0,-1745.4,15.0,118,address_not_traceable,False,post_cut,1,pincode
VS005474,AC002005,AD002588,FA004,2026-06-27,562.0,-3240.9,7.3,184,neighbour_says_shifted,False,post_cut,1,locality
VS005475,AC001213,AD001575,FA004,2026-06-27,767.6,-2632.7,11.6,301,met_family,True,post_cut,1,locality
VS005476,AC002023,AD002613,FA004,2026-06-27,723.9,-3568.6,4.0,214,locked_premises,False,post_cut,1,locality
VS005477,AC002342,AD003013,FA005,2026-06-27,1273.0,-2543.9,5.5,198,neighbour_says_shifted,False,post_cut,1,locality
VS005478,AC002141,AD002763,FA005,2026-06-27,1764.8,-2078.0,6.9,87,address_not_traceable,False,post_cut,1,locality
VS005479,AC002382,AD003067,FA005,2026-06-27,1416.2,-1862.4,11.1,254,met_family,True,post_cut,1,locality
VS005480,AC000783,AD001009,FA005,2026-06-27,1639.0,-2308.5,17.8,480,met_family,True,post_cut,1,pincode
VS005481,AC001523,AD001962,FA005,2026-06-27,1402.9,-1988.6,8.8,212,met_family,True,post_cut,1,locality
VS005482,AC001275,AD001652,FA005,2026-06-27,1214.2,-2491.6,15.7,79,locked_premises,False,post_cut,1,street
VS005483,AC001897,AD002453,FA005,2026-06-27,1373.7,-1855.5,14.9,1222,met_borrower,True,post_cut,1,locality
VS005484,AC002052,AD002650,FA005,2026-06-27,1757.4,-1670.2,15.9,181,locked_premises,False,post_cut,1,locality
VS005485,AC001229,AD001592,FA005,2026-06-27,1586.8,-2424.2,10.1,1313,met_borrower,True,post_cut,1,street
VS005486,AC001770,AD002287,FA005,2026-06-27,1656.5,-1998.2,9.1,1245,met_borrower,True,post_cut,1,locality
VS005487,AC001173,AD001521,FA009,2026-06-27,-734.5,3326.9,18.3,153,locked_premises,False,post_cut,1,locality
VS005488,AC000508,AD000654,FA009,2026-06-27,-859.3,2389.4,22.5,90,address_not_traceable,False,post_cut,1,pincode
VS005489,AC000513,AD000662,FA009,2026-06-27,-3734.7,-770.5,11.4,118,locked_premises,False,post_cut,26,locality
VS005490,AC000574,AD000741,FA009,2026-06-27,-830.9,2870.9,13.5,127,no_such_person,False,post_cut,1,street
VS005491,AC002053,AD002651,FA009,2026-06-27,2330.5,-758.2,11.3,83,met_borrower,True,post_cut,26,locality
VS005492,AC001985,AD002564,FA009,2026-06-27,-768.6,2710.2,23.3,1120,met_borrower,True,post_cut,1,locality
VS005493,AC000401,AD000511,FA009,2026-06-27,-448.2,3627.0,6.0,79,address_not_traceable,False,post_cut,1,locality
VS005494,AC001251,AD001620,FA007,2026-06-27,-32.2,-3373.5,15.2,282,met_family,True,post_cut,1,locality
VS005495,AC001111,AD001443,FA007,2026-06-27,-699.7,-3178.9,11.7,301,met_family,True,post_cut,1,locality
VS005496,AC001445,AD001865,FA007,2026-06-27,433.8,1321.1,4.9,155,locked_premises,False,post_cut,1,locality
VS005497,AC002264,AD002916,FA007,2026-06-27,-345.6,-3806.0,10.3,1084,met_borrower,True,post_cut,1,locality
VS005498,AC001134,AD001472,FA007,2026-06-27,1026.8,-3347.6,10.5,86,address_not_traceable,False,post_cut,1,locality
VS005499,AC000581,AD000749,FA007,2026-06-27,-174.1,-3342.3,30.2,306,met_family,True,post_cut,1,street
VS005500,AC002240,AD002884,FA007,2026-06-27,-328.9,-3349.3,8.6,392,neighbour_says_shifted,False,post_cut,1,rooftop
VS005501,AC000832,AD001071,FA008,2026-06-27,-1054.7,-641.5,12.9,135,locked_premises,False,post_cut,1,locality
VS005502,AC001558,AD002009,FA008,2026-06-27,-1195.3,-789.6,4.8,145,neighbour_says_shifted,False,post_cut,1,locality
VS005503,AC001944,AD002513,FA008,2026-06-27,-732.8,-405.6,12.5,218,locked_premises,False,post_cut,1,street
VS005504,AC002324,AD002990,FA008,2026-06-27,-909.1,-60.3,11.2,521,met_family,True,post_cut,1,locality
VS005505,AC001203,AD001563,FA008,2026-06-27,-689.5,-746.0,15.2,255,neighbour_says_shifted,False,post_cut,1,locality
VS005506,AC001066,AD001376,FA008,2026-06-27,-873.1,-868.5,8.3,76,address_not_traceable,False,post_cut,1,locality
VS005507,AC002216,AD002858,FA002,2026-06-29,1180.5,-2862.8,13.7,560,met_family,True,post_cut,1,locality
VS005508,AC000110,AD000138,FA002,2026-06-29,617.0,-3083.7,9.7,208,met_family,True,post_cut,1,street
VS005509,AC001354,AD001753,FA002,2026-06-29,937.7,-2881.9,15.4,66,locked_premises,False,post_cut,1,street
VS005510,AC001532,AD001972,FA002,2026-06-29,730.9,-2714.3,13.7,419,met_family,True,post_cut,1,street
VS005511,AC001473,AD001900,FA002,2026-06-29,694.5,-2691.9,7.1,143,neighbour_says_shifted,False,post_cut,1,locality
VS005512,AC000786,AD001012,FA002,2026-06-29,802.2,-3287.1,7.7,132,neighbour_says_shifted,False,post_cut,1,street
VS005513,AC001630,AD002103,FA002,2026-06-29,285.7,-2736.1,9.9,173,locked_premises,False,post_cut,1,locality
VS005514,AC000190,AD000238,FA003,2026-06-29,-2849.9,978.7,13.3,1180,met_borrower,True,post_cut,1,locality
VS005515,AC001017,AD001314,FA003,2026-06-29,-2464.4,1278.0,6.2,471,met_family,True,post_cut,1,street
VS005516,AC000810,AD001043,FA003,2026-06-29,-2599.0,1069.1,5.6,519,met_borrower,True,post_cut,1,locality
VS005517,AC001406,AD001815,FA003,2026-06-29,-2516.7,968.4,10.7,381,met_borrower,True,post_cut,1,locality
VS005518,AC001892,AD002444,FA003,2026-06-29,-3026.1,1094.2,8.7,127,no_such_person,False,post_cut,1,locality
VS005519,AC001443,AD001862,FA003,2026-06-29,-3259.2,1269.4,9.1,349,met_family,True,post_cut,1,pincode
VS005520,AC002046,AD002641,FA003,2026-06-29,-2712.1,789.6,7.7,206,locked_premises,False,post_cut,1,locality
VS005521,AC000781,AD001007,FA003,2026-06-29,-2812.1,1059.0,16.2,72,address_not_traceable,False,post_cut,1,street
VS005522,AC002147,AD002771,FA001,2026-06-29,2409.5,-2235.1,19.3,207,locked_premises,False,post_cut,1,pincode
VS005523,AC001163,AD001509,FA001,2026-06-29,3009.2,-2532.6,15.2,287,met_family,True,post_cut,1,locality
VS005524,AC000701,AD000904,FA001,2026-06-29,915.4,-2853.2,7.1,227,locked_premises,False,post_cut,1,locality
VS005525,AC001372,AD001775,FA001,2026-06-29,2840.6,-2419.6,10.2,132,locked_premises,False,post_cut,1,locality
VS005526,AC002350,AD003026,FA001,2026-06-29,2858.5,-2459.3,12.2,514,met_family,True,post_cut,1,locality
VS005527,AC001785,AD002304,FA001,2026-06-29,2669.2,-2320.1,7.5,295,no_such_person,False,post_cut,1,locality
VS005528,AC000469,AD000602,FA001,2026-06-29,2916.4,-1951.1,14.0,43,address_not_traceable,False,post_cut,1,locality
VS005529,AC001418,AD001830,FA004,2026-06-29,1054.9,2942.8,4.9,400,met_borrower,True,post_cut,1,street
VS005530,AC001780,AD002299,FA004,2026-06-29,901.0,2217.8,10.1,203,met_family,True,post_cut,1,locality
VS005531,AC000146,AD000182,FA004,2026-06-29,901.4,2805.3,4.8,103,address_not_traceable,False,post_cut,1,locality
VS005532,AC000521,AD000672,FA004,2026-06-29,1035.0,2427.5,4.2,115,address_not_traceable,False,post_cut,1,locality
VS005533,AC000013,AD000016,FA004,2026-06-29,747.2,2393.0,25.9,315,neighbour_says_shifted,False,post_cut,1,street
VS005534,AC002369,AD003050,FA004,2026-06-29,764.2,2603.2,9.3,142,locked_premises,False,post_cut,1,locality
VS005535,AC002282,AD002936,FA004,2026-06-29,1124.0,2916.9,19.7,183,met_family,True,post_cut,1,locality
VS005536,AC001307,AD001697,FA004,2026-06-29,837.2,3208.4,5.5,400,met_family,True,post_cut,1,street
VS005537,AC000364,AD000460,FA006,2026-06-29,2846.4,-1285.9,12.8,805,met_borrower,True,post_cut,1,locality
VS005538,AC001753,AD002262,FA006,2026-06-29,2620.6,-1679.7,15.6,212,locked_premises,False,post_cut,1,locality
VS005539,AC001577,AD002034,FA006,2026-06-29,2191.4,-1090.2,12.1,117,locked_premises,False,post_cut,1,pincode
VS005540,AC002365,AD003045,FA006,2026-06-29,2955.2,-1278.1,11.8,356,neighbour_says_shifted,False,post_cut,1,locality
VS005541,AC000355,AD000450,FA006,2026-06-29,2661.0,-1173.1,16.2,115,address_not_traceable,False,post_cut,1,locality
VS005542,AC000069,AD000086,FA006,2026-06-29,2547.1,-1433.0,13.0,823,met_borrower,True,post_cut,1,street
VS005543,AC000312,AD000392,FA006,2026-06-29,1052.4,-1133.5,12.9,109,address_not_traceable,False,post_cut,1,pincode
VS005544,AC000333,AD000420,FA006,2026-06-29,2827.8,-1222.4,8.6,518,met_family,True,post_cut,1,locality
VS005545,AC000121,AD000152,FA006,2026-06-29,2653.0,-1080.9,7.8,299,neighbour_says_shifted,False,post_cut,1,street
VS005546,AC001160,AD001505,FA005,2026-06-29,1064.6,2657.5,16.3,184,locked_premises,False,post_cut,1,locality
VS005547,AC000117,AD000147,FA005,2026-06-29,1003.0,2866.1,14.2,558,met_family,True,post_cut,1,locality
VS005548,AC001257,AD001628,FA005,2026-06-29,682.6,2936.6,11.4,60,locked_premises,False,post_cut,1,street
VS005549,AC001277,AD001654,FA005,2026-06-29,951.5,2443.9,6.0,53,address_not_traceable,False,post_cut,1,locality
VS005550,AC000797,AD001026,FA005,2026-06-29,736.2,2295.6,14.5,186,locked_premises,False,post_cut,1,street
VS005551,AC001925,AD002488,FA005,2026-06-29,1006.2,-350.2,5.7,1107,met_borrower,True,post_cut,1,locality
VS005552,AC001933,AD002499,FA005,2026-06-29,839.9,2788.4,19.4,126,locked_premises,False,post_cut,1,locality
VS005553,AC000799,AD001029,FA005,2026-06-29,1010.9,2701.5,4.0,74,address_not_traceable,False,post_cut,1,locality
VS005554,AC001181,AD001534,FA008,2026-06-29,-2572.5,-189.3,9.8,327,cash_collected,True,post_cut,1,pincode
VS005555,AC000074,AD000094,FA008,2026-06-29,-2657.2,-180.5,11.6,90,locked_premises,False,post_cut,1,locality
VS005556,AC000122,AD000153,FA008,2026-06-29,-2376.6,-79.5,14.1,228,locked_premises,False,post_cut,1,locality
VS005557,AC001029,AD001330,FA008,2026-06-29,-2352.7,-521.6,7.4,272,neighbour_says_shifted,False,post_cut,1,locality
VS005558,AC001941,AD002509,FA008,2026-06-29,-2464.6,-629.2,11.8,1317,met_borrower,True,post_cut,1,street
VS005559,AC000826,AD001064,FA008,2026-06-29,-2984.0,-11.1,11.5,503,met_family,True,post_cut,1,locality
VS005560,AC001355,AD001754,FA007,2026-06-29,-2474.9,-127.2,12.7,150,locked_premises,False,post_cut,1,street
VS005561,AC001870,AD002412,FA007,2026-06-29,-2670.7,-129.5,6.1,722,met_borrower,True,post_cut,1,locality
VS005562,AC002297,AD002959,FA007,2026-06-29,-2459.0,-497.7,21.0,151,locked_premises,False,post_cut,1,street
VS005563,AC000559,AD000721,FA007,2026-06-29,-3076.8,59.9,10.3,112,locked_premises,False,post_cut,1,locality
VS005564,AC000135,AD000170,FA007,2026-06-29,-4165.1,-197.1,19.0,40,address_not_traceable,False,post_cut,1,locality
VS005565,AC000228,AD000288,FA007,2026-06-29,-3022.0,-583.2,15.9,268,neighbour_says_shifted,False,post_cut,1,locality
VS005566,AC000063,AD000078,FA007,2026-06-29,-2529.5,-133.2,6.0,290,neighbour_says_shifted,False,post_cut,1,locality
VS005567,AC001412,AD001822,FA007,2026-06-29,-2670.8,-476.8,13.0,1389,met_borrower,True,post_cut,1,street
VS005568,AC000516,AD000666,FA007,2026-06-29,-2640.1,-481.5,7.9,1400,cash_collected,True,post_cut,1,locality
VS005569,AC000020,AD000023,FA007,2026-06-29,-2955.0,-18.0,8.0,703,met_borrower,True,post_cut,1,locality
VS005570,AC001465,AD001890,FA009,2026-06-29,1136.7,-499.4,42.4,194,neighbour_says_shifted,False,post_cut,1,locality
VS005571,AC000182,AD000227,FA009,2026-06-29,1156.4,-1137.9,11.5,95,address_not_traceable,False,post_cut,1,locality
VS005572,AC002248,AD002896,FA009,2026-06-29,1055.1,-423.8,19.3,201,met_family,True,post_cut,1,locality
VS005573,AC002183,AD002819,FA009,2026-06-29,2323.2,-787.1,6.9,215,met_borrower,True,post_cut,28,pincode
VS005574,AC000818,AD001053,FA009,2026-06-29,2319.6,-756.6,6.4,162,locked_premises,False,post_cut,26,street
VS005575,AC000833,AD001073,FA009,2026-06-29,892.3,-702.2,13.2,87,address_not_traceable,False,post_cut,1,locality
VS005576,AC000177,AD000221,FA009,2026-06-29,769.9,-602.6,14.2,118,locked_premises,False,post_cut,1,locality
VS005577,AC002280,AD002934,FA009,2026-06-29,1887.1,-1810.5,6.0,30,address_not_traceable,False,post_cut,1,pincode
VS005578,AC000598,AD000771,FA009,2026-06-29,813.7,-692.1,13.3,753,met_borrower,True,post_cut,1,street
