candidate_id,address_id,arm,granularity,arm_rank,x,y,f_sim_jaccard,f_sim_char3,f_sim_ratio,f_locality_name_matched,f_pin_in_text,f_pin_unknown,f_no_digit,f_no_separator,f_outside_town,f_vendor_stratum,f_n_candidates,f_dist_to_town_centroid_m
b2eae718458b,AD000001,vendor_pin,street,1,1255.5,-276.5,0.0909,0.1452,0.3158,0,1,0,0,0,0,street,3,1321.4
47c327049e15,AD000001,town_centroid,town,1,-46.70000000000002,-500.9083333333333,0.0909,0.1452,0.3158,0,1,0,0,0,0,none,3,0.0
5fabccba83b3,AD000001,prior_field_cluster,street,1,1216.15,-232.05,0.0909,0.1452,0.3158,0,1,0,0,0,0,none,3,1291.2
1af31a939075,AD000002,vendor_pin,street,1,-2665.7,-2082.1,0.2222,0.1964,0.3662,1,1,0,0,0,0,street,3,3059.3
aac410684577,AD000002,locality_centroid,locality,1,-2195.4,-2378.6,0.2222,0.1964,0.3662,1,1,0,0,0,0,none,3,2853.5
ca290c8ae937,AD000002,town_centroid,town,1,-46.70000000000002,-500.9083333333333,0.2222,0.1964,0.3662,1,1,0,0,0,0,none,3,0.0
78be9f8d5a0d,AD000003,vendor_pin,locality,1,-3692.1,-916.4,0.1818,0.1935,0.3846,0,1,0,0,0,0,locality,2,3538.2
491563b8b80d,AD000003,town_centroid,town,1,-172.75833333333335,-551.7416666666667,0.1818,0.1935,0.3846,0,1,0,0,0,0,none,2,0.0
e80e4c3dd684,AD000004,vendor_pin,locality,1,2775.9,-1262.8,0.2,0.1515,0.2857,1,1,0,0,0,0,locality,3,2359.6
d9da80ab08d5,AD000004,locality_centroid,locality,1,2589.2,-1273.1,0.2,0.1515,0.2857,1,1,0,0,0,0,none,3,2216.8
9d06a9859b2c,AD000004,town_centroid,town,1,856.3249999999999,109.34166666666668,0.2,0.1515,0.2857,1,1,0,0,0,0,none,3,0.0
c46183b01559,AD000005,vendor_pin,locality,1,512.8,-2797.8,0.2857,0.2683,0.4127,1,1,0,0,0,0,locality,3,2927.4
ccfffad7be8a,AD000005,locality_centroid,locality,1,688.3,-3007.0,0.2857,0.2683,0.4127,1,1,0,0,0,0,none,3,3120.9
26f62af1a469,AD000005,town_centroid,town,1,856.3249999999999,109.34166666666668,0.2857,0.2683,0.4127,1,1,0,0,0,0,none,3,0.0
4a2cdd11b360,AD000007,vendor_pin,locality,1,-327.2,1383.2,0.2222,0.1579,0.2857,1,1,0,0,0,0,locality,3,1738.8
45b3163c32d9,AD000007,locality_centroid,locality,1,-200.6,1476.5,0.2222,0.1579,0.2857,1,1,0,0,0,0,none,3,1728.1
6862c2469ccc,AD000007,town_centroid,town,1,856.3249999999999,109.34166666666668,0.2222,0.1579,0.2857,1,1,0,0,0,0,none,3,0.0
78c5a0d804cf,AD000008,vendor_pin,locality,1,-2950.8,1246.7,0.125,0.2128,0.4262,0,1,0,0,0,0,locality,2,3389.4
7be7b4ae8972,AD000008,town_centroid,town,1,-46.70000000000002,-500.9083333333333,0.125,0.2128,0.4262,0,1,0,0,0,0,none,2,0.0
3e37e5e8bf05,AD000009,vendor_pin,street,1,2958.5,-2365.6,0.2,0.1408,0.2727,1,1,0,0,0,0,street,3,3536.7
69e332cad73b,AD000009,locality_centroid,locality,1,2735.1,-2128.6,0.2,0.1408,0.2727,1,1,0,0,0,0,none,3,3223.0
d11440d62616,AD000009,town_centroid,town,1,-46.70000000000002,-500.9083333333333,0.2,0.1408,0.2727,1,1,0,0,0,0,none,3,0.0
d6c8d5a18ca6,AD000010,vendor_pin,pincode,1,-2067.2,1732.8,0.0,0.0156,0.1449,0,1,0,0,0,0,pincode,2,3012.0
ed9617d87b79,AD000010,town_centroid,town,1,-46.70000000000002,-500.9083333333333,0.0,0.0156,0.1449,0,1,0,0,0,0,none,2,0.0
b436b9464348,AD000011,vendor_pin,locality,1,3152.5,-1867.7,0.2,0.1515,0.3,1,1,0,0,0,0,locality,3,3576.2
998084c844ae,AD000011,locality_centroid,locality,1,3188.8,-1960.7,0.2,0.1515,0.3,1,1,0,0,0,0,none,3,3644.9
29bf51296c93,AD000011,town_centroid,town,1,-172.75833333333335,-551.7416666666667,0.2,0.1515,0.3,1,1,0,0,0,0,none,3,0.0
5f582890a345,AD000012,vendor_pin,street,1,-738.5,-635.0,0.2222,0.1692,0.2989,1,1,0,0,0,0,street,4,1760.0
f6ebe66df239,AD000012,locality_centroid,locality,1,-533.7,-484.7,0.2222,0.1692,0.2989,1,1,0,0,0,0,none,4,1511.6
35c5cee8a622,AD000012,town_centroid,town,1,856.3249999999999,109.34166666666668,0.2222,0.1692,0.2989,1,1,0,0,0,0,none,4,0.0
384b031c5065,AD000012,prior_field_cluster,street,1,-650.8,-550.8,0.2222,0.1692,0.2989,1,1,0,0,0,0,none,4,1645.4
bb938cebb222,AD000013,vendor_pin,locality,1,-691.8,2740.9,0.1818,0.1579,0.2828,1,1,0,0,0,0,locality,3,3053.2
7f7fc664bb52,AD000013,locality_centroid,locality,1,-603.5,2996.1,0.1818,0.1579,0.2828,1,1,0,0,0,0,none,3,3234.9
1e1ae434510f,AD000013,town_centroid,town,1,856.3249999999999,109.34166666666668,0.1818,0.1579,0.2828,1,1,0,0,0,0,none,3,0.0
eee212238a98,AD000014,vendor_pin,street,1,-1054.7,2946.9,0.3333,0.3,0.4516,1,0,0,0,0,0,street,3,3421.1
861c5d126bfa,AD000014,locality_centroid,locality,1,-603.5,2996.1,0.3333,0.3,0.4516,1,0,0,0,0,0,none,3,3234.9
287f83dccace,AD000014,town_centroid,town,1,856.3249999999999,109.34166666666668,0.3333,0.3,0.4516,1,0,0,0,0,0,none,3,0.0
d13ae33193e6,AD000015,vendor_pin,locality,1,1103.3,-228.1,0.25,0.2308,0.4118,1,1,0,0,0,0,locality,3,1181.9
d730e2c37d90,AD000015,locality_centroid,locality,1,1112.8,-196.7,0.25,0.2308,0.4118,1,1,0,0,0,0,none,3,1198.7
dbdddea4c0a5,AD000015,town_centroid,town,1,-46.70000000000002,-500.9083333333333,0.25,0.2308,0.4118,1,1,0,0,0,0,none,3,0.0
37d5a787a62f,AD000016,vendor_pin,street,1,850.4,2449.9,0.2857,0.2,0.3692,1,1,0,0,0,0,street,4,2340.6
532b33a9c42e,AD000016,locality_centroid,locality,1,986.3,2772.6,0.2857,0.2,0.3692,1,1,0,0,0,0,none,4,2666.4
ce836d98768f,AD000016,town_centroid,town,1,856.3249999999999,109.34166666666668,0.2857,0.2,0.3692,1,1,0,0,0,0,none,4,0.0
c24c1f5ec0f0,AD000016,prior_field_cluster,street,1,758.8,2404.0,0.2857,0.2,0.3692,1,1,0,0,0,0,none,4,2296.7
2103226ac5b0,AD000017,vendor_pin,street,1,-942.9,3041.6,0.2,0.1875,0.3333,0,1,0,0,0,0,street,3,3440.3
d22c6ddccf16,AD000017,town_centroid,town,1,856.3249999999999,109.34166666666668,0.2,0.1875,0.3333,0,1,0,0,0,0,none,3,0.0
800e9905a9f0,AD000017,prior_field_cluster,street,1,-1058.4,2983.7,0.2,0.1875,0.3333,0,1,0,0,0,0,none,3,3453.7
179b40217afb,AD000018,vendor_pin,locality,1,371.5,2504.6,0.2222,0.2545,0.4474,1,0,0,0,0,0,locality,4,3034.5
6363c5826318,AD000018,locality_centroid,locality,1,290.7,2335.2,0.2222,0.2545,0.4474,1,0,0,0,0,0,none,4,2856.1
802031b1fd0f,AD000018,town_centroid,town,1,-46.70000000000002,-500.9083333333333,0.2222,0.2545,0.4474,1,0,0,0,0,0,none,4,0.0
ae4ee6cc7cec,AD000018,prior_field_cluster,street,1,636.4,2396.0,0.2222,0.2545,0.4474,1,0,0,0,0,0,none,4,2976.4
45edf66cc1cb,AD000019,vendor_pin,locality,1,-2490.1,-387.3,0.1538,0.1644,0.3333,0,1,0,0,0,0,locality,2,2323.2
dc1c60decc87,AD000019,town_centroid,town,1,-172.75833333333335,-551.7416666666667,0.1538,0.1644,0.3333,0,1,0,0,0,0,none,2,0.0
3b1de11a3c23,AD000020,vendor_pin,pincode,1,-1757.6,1140.6,0.0,0.0159,0.1471,0,1,0,0,0,0,pincode,2,2371.0
7bea4ef6def5,AD000020,town_centroid,town,1,-46.70000000000002,-500.9083333333333,0.0,0.0159,0.1471,0,1,0,0,0,0,none,2,0.0
989bdb0daae9,AD000021,vendor_pin,rooftop,1,4029.7,339.0,0.0,0.0816,0.2456,0,1,0,0,0,0,rooftop,2,4295.8
c114737c4039,AD000021,town_centroid,town,1,-172.75833333333335,-551.7416666666667,0.0,0.0816,0.2456,0,1,0,0,0,0,none,2,0.0
fb353da5382e,AD000022,vendor_pin,street,1,1516.8,-353.6,0.1818,0.1846,0.3415,1,1,0,0,0,0,street,3,1570.4
d1ccba7312af,AD000022,locality_centroid,locality,1,1112.8,-196.7,0.1818,0.1846,0.3415,1,1,0,0,0,0,none,3,1198.7
a07bcfa75d8e,AD000022,town_centroid,town,1,-46.70000000000002,-500.9083333333333,0.1818,0.1846,0.3415,1,1,0,0,0,0,none,3,0.0
b99113b5c81a,AD000023,vendor_pin,locality,1,-2598.2,-160.8,0.3333,0.2419,0.4198,1,1,0,0,0,0,locality,4,2456.7
3ec847e8cffc,AD000023,locality_centroid,locality,1,-2605.6,-262.1,0.3333,0.2419,0.4198,1,1,0,0,0,0,none,4,2450.0
f017822368a9,AD000023,town_centroid,town,1,-172.75833333333335,-551.7416666666667,0.3333,0.2419,0.4198,1,1,0,0,0,0,none,4,0.0
c840c154c259,AD000023,prior_field_cluster,street,1,-2951.8,-25.9,0.3333,0.2419,0.4198,1,1,0,0,0,0,none,4,2828.4
9eac493c6483,AD000024,vendor_pin,locality,1,-2632.5,1637.8,0.1818,0.1558,0.2979,1,1,0,0,0,0,locality,3,3293.1
2cef31b03d44,AD000024,locality_centroid,locality,1,-2446.2,1613.2,0.1818,0.1558,0.2979,1,1,0,0,0,0,none,3,3139.3
d882b4babdd1,AD000024,town_centroid,town,1,-172.75833333333335,-551.7416666666667,0.1818,0.1558,0.2979,1,1,0,0,0,0,none,3,0.0
3d526ab12c17,AD000025,vendor_pin,locality,1,-252.0,2905.8,0.2857,0.2549,0.4412,1,1,0,0,0,0,locality,3,3458.4
d5042870d089,AD000025,locality_centroid,locality,1,-438.3,3208.9,0.2857,0.2549,0.4412,1,1,0,0,0,0,none,3,3770.0
d443dc867667,AD000025,town_centroid,town,1,-172.75833333333335,-551.7416666666667,0.2857,0.2549,0.4412,1,1,0,0,0,0,none,3,0.0
3d2c65723476,AD000026,vendor_pin,locality,1,-2808.8,965.6,0.2,0.2069,0.3733,1,1,0,0,0,0,locality,3,3127.3
e55513821b54,AD000026,locality_centroid,locality,1,-2863.9,1096.5,0.2,0.2069,0.3733,1,1,0,0,0,0,none,3,3238.6
3ad7aa55b95e,AD000026,town_centroid,town,1,-46.70000000000002,-500.9083333333333,0.2,0.2069,0.3733,1,1,0,0,0,0,none,3,0.0
10ae07bd5cc5,AD000027,vendor_pin,locality,1,1171.4,2736.8,0.4,0.2857,0.48,1,1,0,0,0,0,locality,4,2646.3
ce8b64ed7654,AD000027,locality_centroid,locality,1,986.3,2772.6,0.4,0.2857,0.48,1,1,0,0,0,0,none,4,2666.4
e95ec08bac05,AD000027,town_centroid,town,1,856.3249999999999,109.34166666666668,0.4,0.2857,0.48,1,1,0,0,0,0,none,4,0.0
a102acce2500,AD000027,prior_field_cluster,street,1,910.0,2916.6,0.4,0.2857,0.48,1,1,0,0,0,0,none,4,2807.8
53a3c7051519,AD000028,vendor_pin,street,1,-723.2,-1600.6,0.125,0.18,0.381,0,1,0,0,0,0,street,2,1184.5
aefe2cfdfd78,AD000028,town_centroid,town,1,-172.75833333333335,-551.7416666666667,0.125,0.18,0.381,0,1,0,0,0,0,none,2,0.0
f67da558d632,AD000029,vendor_pin,locality,1,-571.3,2970.6,0.25,0.2222,0.3636,1,1,0,0,0,0,locality,3,3197.6
5fe5613807e9,AD000029,locality_centroid,locality,1,-603.5,2996.1,0.25,0.2222,0.3636,1,1,0,0,0,0,none,3,3234.9
f7ef86517c52,AD000029,town_centroid,town,1,856.3249999999999,109.34166666666668,0.25,0.2222,0.3636,1,1,0,0,0,0,none,3,0.0
e336c1d7a748,AD000030,vendor_pin,street,1,2807.7,-1621.7,0.2,0.1493,0.2963,1,1,0,0,0,0,street,4,3066.6
959bf942e1c9,AD000030,locality_centroid,locality,1,2735.1,-2128.6,0.2,0.1493,0.2963,1,1,0,0,0,0,none,4,3223.0
dc7301e070fe,AD000030,town_centroid,town,1,-46.70000000000002,-500.9083333333333,0.2,0.1493,0.2963,1,1,0,0,0,0,none,4,0.0
4cd494ae495f,AD000030,prior_field_cluster,street,1,2813.1,-1821.6,0.2,0.1493,0.2963,1,1,0,0,0,0,none,4,3150.0
49a0b742bac2,AD000031,vendor_pin,locality,1,3251.9,-2105.9,0.25,0.1887,0.3582,1,1,0,0,0,0,locality,4,3760.8
430bf4429a4e,AD000031,locality_centroid,locality,1,3188.8,-1960.7,0.25,0.1887,0.3582,1,1,0,0,0,0,none,4,3644.9
6b6bc73b239e,AD000031,town_centroid,town,1,-172.75833333333335,-551.7416666666667,0.25,0.1887,0.3582,1,1,0,0,0,0,none,4,0.0
3802cead7625,AD000031,prior_field_cluster,street,1,2617.8,-1601.85,0.25,0.1887,0.3582,1,1,0,0,0,0,none,4,2981.6
1862c1a5cc7f,AD000032,vendor_pin,locality,1,1447.6,-2006.4,0.2,0.1475,0.2683,1,1,0,0,0,0,locality,4,2196.8
1dcfdca596ab,AD000032,locality_centroid,locality,1,1577.4,-2059.5,0.2,0.1475,0.2683,1,1,0,0,0,0,none,4,2285.6
da6142aa2707,AD000032,town_centroid,town,1,856.3249999999999,109.34166666666668,0.2,0.1475,0.2683,1,1,0,0,0,0,none,4,0.0
ab84aeedc133,AD000032,prior_field_cluster,street,1,1782.15,-1810.7,0.2,0.1475,0.2683,1,1,0,0,0,0,none,4,2131.6
66edbb5fe52b,AD000033,vendor_pin,street,1,2426.3,941.4,0.1818,0.1406,0.2821,1,1,0,0,0,0,street,3,2862.9
8a4283287f7f,AD000033,locality_centroid,locality,1,2499.2,994.1,0.1818,0.1406,0.2821,1,1,0,0,0,0,none,3,2952.4
af9874d8fafe,AD000033,town_centroid,town,1,-46.70000000000002,-500.9083333333333,0.1818,0.1406,0.2821,1,1,0,0,0,0,none,3,0.0
3f4bbbc7f707,AD000034,vendor_pin,locality,1,1022.4,-32.3,0.25,0.2143,0.3836,1,1,0,0,0,0,locality,3,1167.3
e5bc98f641ec,AD000034,locality_centroid,locality,1,1112.8,-196.7,0.25,0.2143,0.3836,1,1,0,0,0,0,none,3,1198.7
d47a2844cf6f,AD000034,town_centroid,town,1,-46.70000000000002,-500.9083333333333,0.25,0.2143,0.3836,1,1,0,0,0,0,none,3,0.0
c1bfaefc98c0,AD000035,vendor_pin,locality,1,3237.6,-2070.7,0.1818,0.1493,0.2927,1,1,0,0,0,0,locality,3,3733.3
3401e16c7c10,AD000035,locality_centroid,locality,1,3188.8,-1960.7,0.1818,0.1493,0.2927,1,1,0,0,0,0,none,3,3644.9
d2ada464d356,AD000035,town_centroid,town,1,-172.75833333333335,-551.7416666666667,0.1818,0.1493,0.2927,1,1,0,0,0,0,none,3,0.0
93a62366f72e,AD000036,vendor_pin,street,1,3305.3,491.5,0.1667,0.1772,0.3265,1,1,0,0,0,0,street,3,3631.1
ec68fdf4eecd,AD000036,locality_centroid,locality,1,3653.7,367.3,0.1667,0.1772,0.3265,1,1,0,0,0,0,none,3,3935.3
8760e4139cd9,AD000036,town_centroid,town,1,-172.75833333333335,-551.7416666666667,0.1667,0.1772,0.3265,1,1,0,0,0,0,none,3,0.0
441453ecd8c5,AD000037,vendor_pin,pincode,1,1529.3,-2250.2,0.0,0.0213,0.1923,0,1,0,0,0,0,pincode,3,2354.5
f0ad3fd935ba,AD000037,town_centroid,town,1,-46.70000000000002,-500.9083333333333,0.0,0.0213,0.1923,0,1,0,0,0,0,none,3,0.0
711dd9135465,AD000037,prior_field_cluster,street,1,543.5999999999999,-3233.1000000000004,0.0,0.0213,0.1923,0,1,0,0,0,0,none,3,2795.2
505841312614,AD000039,vendor_pin,street,1,-428.8,2538.1,0.2,0.1714,0.2979,1,1,0,0,0,0,street,4,2747.8
5494c0ff6be8,AD000039,locality_centroid,locality,1,-603.5,2996.1,0.2,0.1714,0.2979,1,1,0,0,0,0,none,4,3234.9
5817ca11019e,AD000039,town_centroid,town,1,856.3249999999999,109.34166666666668,0.2,0.1714,0.2979,1,1,0,0,0,0,none,4,0.0
f729e50658f4,AD000039,prior_field_cluster,street,1,-561.45,2527.7,0.2,0.1714,0.2979,1,1,0,0,0,0,none,4,2803.3
7aef9e786bb6,AD000040,vendor_pin,locality,1,-987.5,-3130.1,0.25,0.2273,0.4138,1,0,0,0,0,0,locality,3,2792.4
2d965c4a3cee,AD000040,locality_centroid,locality,1,-1053.3,-3163.0,0.25,0.2273,0.4138,1,0,0,0,0,0,none,3,2846.0
9991b85ac405,AD000040,town_centroid,town,1,-46.70000000000002,-500.9083333333333,0.25,0.2273,0.4138,1,0,0,0,0,0,none,3,0.0
e31f859cec8b,AD000041,vendor_pin,street,1,-638.3,-1005.0,0.2,0.1719,0.325,1,1,0,0,0,0,street,3,777.2
acc75c642ba8,AD000041,locality_centroid,locality,1,-598.6,-1329.8,0.2,0.1719,0.325,1,1,0,0,0,0,none,3,995.8
02591264e27b,AD000041,town_centroid,town,1,-46.70000000000002,-500.9083333333333,0.2,0.1719,0.325,1,1,0,0,0,0,none,3,0.0
afce56ee7d83,AD000042,vendor_pin,locality,1,3765.0,483.2,0.1111,0.234,0.4688,0,1,0,0,0,0,locality,2,4071.5
cffef9efbdb9,AD000042,town_centroid,town,1,-172.75833333333335,-551.7416666666667,0.1111,0.234,0.4688,0,1,0,0,0,0,none,2,0.0
b54a62c2644f,AD000043,vendor_pin,street,1,4013.1,736.9,0.2,0.2295,0.4,1,1,0,0,0,0,street,4,4379.7
2bf41868941a,AD000043,locality_centroid,locality,1,3653.7,367.3,0.2,0.2295,0.4,1,1,0,0,0,0,none,4,3935.3
d6e505cd1242,AD000043,town_centroid,town,1,-172.75833333333335,-551.7416666666667,0.2,0.2295,0.4,1,1,0,0,0,0,none,4,0.0
864edb6073a9,AD000043,prior_field_cluster,street,1,3923.95,709.5,0.2,0.2295,0.4,1,1,0,0,0,0,none,4,4286.5
49db1e35e7d1,AD000045,vendor_pin,locality,1,-2489.2,-200.4,0.1818,0.2373,0.4416,0,1,0,0,0,0,locality,2,2342.9
05a41f4260a2,AD000045,town_centroid,town,1,-172.75833333333335,-551.7416666666667,0.1818,0.2373,0.4416,0,1,0,0,0,0,none,2,0.0
6336a48a05dd,AD000046,vendor_pin,locality,1,-423.0,3221.9,0.2,0.1884,0.3488,1,1,0,0,0,0,locality,3,3781.9
bf3b548319f0,AD000046,locality_centroid,locality,1,-438.3,3208.9,0.2,0.1884,0.3488,1,1,0,0,0,0,none,3,3770.0
bf896b910542,AD000046,town_centroid,town,1,-172.75833333333335,-551.7416666666667,0.2,0.1884,0.3488,1,1,0,0,0,0,none,3,0.0
06b3d28cf2a9,AD000047,vendor_pin,locality,1,-3006.1,1251.4,0.1667,0.1579,0.2979,1,1,0,0,0,0,locality,4,3439.3
25cc1089030d,AD000047,locality_centroid,locality,1,-2863.9,1096.5,0.1667,0.1579,0.2979,1,1,0,0,0,0,none,4,3238.6
1b4b42e6583f,AD000047,town_centroid,town,1,-46.70000000000002,-500.9083333333333,0.1667,0.1579,0.2979,1,1,0,0,0,0,none,4,0.0
d100c6171da2,AD000047,prior_field_cluster,street,1,-2462.7,1209.7,0.1667,0.1579,0.2979,1,1,0,0,0,0,none,4,2960.3
373128f3bf8b,AD000048,vendor_pin,locality,1,-1850.9,2492.2,0.1667,0.1571,0.3023,1,1,0,0,0,0,locality,3,3494.8
6bb1486070ac,AD000048,locality_centroid,locality,1,-1885.4,2441.1,0.1667,0.1571,0.3023,1,1,0,0,0,0,none,3,3469.3
8270bcf5004a,AD000048,town_centroid,town,1,-46.70000000000002,-500.9083333333333,0.1667,0.1571,0.3023,1,1,0,0,0,0,none,3,0.0
0acf7b1f8d5b,AD000049,vendor_pin,locality,1,737.1,2743.0,0.1818,0.1429,0.2791,1,1,0,0,0,0,locality,4,2636.4
109f30c4f4ab,AD000049,locality_centroid,locality,1,986.3,2772.6,0.1818,0.1429,0.2791,1,1,0,0,0,0,none,4,2666.4
f1a4e16be67e,AD000049,town_centroid,town,1,856.3249999999999,109.34166666666668,0.1818,0.1429,0.2791,1,1,0,0,0,0,none,4,0.0
388e9e71785f,AD000049,prior_field_cluster,street,1,762.1,2394.8,0.1818,0.1429,0.2791,1,1,0,0,0,0,none,4,2287.4
418a27b30902,AD000050,vendor_pin,locality,1,1085.8,-457.7,0.1,0.1636,0.3478,0,1,0,0,0,0,locality,2,1133.3
47060a713794,AD000050,town_centroid,town,1,-46.70000000000002,-500.9083333333333,0.1,0.1636,0.3478,0,1,0,0,0,0,none,2,0.0
381cbdc3dd19,AD000052,vendor_pin,street,1,386.5,-2773.4,0.0833,0.1176,0.2619,0,1,0,0,0,0,street,2,2313.4
5f241792629e,AD000052,town_centroid,town,1,-46.70000000000002,-500.9083333333333,0.0833,0.1176,0.2619,0,1,0,0,0,0,none,2,0.0
1f0121d2180e,AD000053,vendor_pin,locality,1,1978.1,-1152.9,0.0714,0.1529,0.3238,0,1,0,0,0,0,locality,2,2127.2
9a53d9c364a3,AD000053,town_centroid,town,1,-46.70000000000002,-500.9083333333333,0.0714,0.1529,0.3238,0,1,0,0,0,0,none,2,0.0
3c4339cba919,AD000054,vendor_pin,locality,1,-2805.3,1059.3,0.25,0.2143,0.3836,1,1,0,0,0,0,locality,3,3169.2
ed5bd7e95931,AD000054,locality_centroid,locality,1,-2863.9,1096.5,0.25,0.2143,0.3836,1,1,0,0,0,0,none,3,3238.6
c4c7b3a68b31,AD000054,town_centroid,town,1,-46.70000000000002,-500.9083333333333,0.25,0.2143,0.3836,1,1,0,0,0,0,none,3,0.0
e1a64d09e3cf,AD000055,vendor_pin,locality,1,920.0,-972.3,0.2,0.1831,0.3371,1,1,0,0,0,0,locality,3,1170.9
791ed7d6dd6b,AD000055,locality_centroid,locality,1,929.4,-822.2,0.2,0.1831,0.3371,1,1,0,0,0,0,none,3,1134.9
6863f15a3fee,AD000055,town_centroid,town,1,-172.75833333333335,-551.7416666666667,0.2,0.1831,0.3371,1,1,0,0,0,0,none,3,0.0
b69a5ac3b6fe,AD000056,vendor_pin,locality,1,-3841.3,-903.0,0.2143,0.1899,0.3469,1,1,0,0,0,0,locality,3,3685.3
a5d81491a041,AD000056,locality_centroid,locality,1,-3766.2,-883.9,0.2143,0.1899,0.3469,1,1,0,0,0,0,none,3,3608.8
680d205f258f,AD000056,town_centroid,town,1,-172.75833333333335,-551.7416666666667,0.2143,0.1899,0.3469,1,1,0,0,0,0,none,3,0.0
534d4e4ebced,AD000057,vendor_pin,locality,1,-2678.0,-297.8,0.1818,0.1875,0.4,0,1,0,0,0,0,locality,2,2518.1
89d5f4cdcbb2,AD000057,town_centroid,town,1,-172.75833333333335,-551.7416666666667,0.1818,0.1875,0.4,0,1,0,0,0,0,none,2,0.0
35fb5213f0f7,AD000058,vendor_pin,locality,1,-596.5,-626.0,0.1818,0.1127,0.241,1,1,0,0,0,0,locality,3,430.2
3238285620b5,AD000058,locality_centroid,locality,1,-722.6,-522.8,0.1818,0.1127,0.241,1,1,0,0,0,0,none,3,550.6
14d67a65c890,AD000058,town_centroid,town,1,-172.75833333333335,-551.7416666666667,0.1818,0.1127,0.241,1,1,0,0,0,0,none,3,0.0
f291bad925ad,AD000059,vendor_pin,street,1,-763.9,167.5,0.1818,0.1507,0.2921,1,1,0,0,0,0,street,3,980.4
f71cf04f0e76,AD000059,locality_centroid,locality,1,-1205.8,409.2,0.1818,0.1507,0.2921,1,1,0,0,0,0,none,3,1473.7
0d7378be61ca,AD000059,town_centroid,town,1,-46.70000000000002,-500.9083333333333,0.1818,0.1507,0.2921,1,1,0,0,0,0,none,3,0.0
e9e1e06f141c,AD000060,vendor_pin,street,1,3780.6,150.4,0.2222,0.2593,0.4444,1,1,0,0,0,0,street,4,4015.2
914391b68278,AD000060,locality_centroid,locality,1,3653.7,367.3,0.2222,0.2593,0.4444,1,1,0,0,0,0,none,4,3935.3
dc53aa42dd0e,AD000060,town_centroid,town,1,-172.75833333333335,-551.7416666666667,0.2222,0.2593,0.4444,1,1,0,0,0,0,none,4,0.0
0740f2ef6062,AD000060,prior_field_cluster,street,1,3780.7,108.8,0.2222,0.2593,0.4444,1,1,0,0,0,0,none,4,4008.3
e937740ed47b,AD000061,vendor_pin,locality,1,1421.5,-2201.3,0.25,0.1957,0.3333,1,1,0,0,0,0,locality,3,2378.8
eefcd2850e0b,AD000061,locality_centroid,locality,1,1577.4,-2059.5,0.25,0.1957,0.3333,1,1,0,0,0,0,none,3,2285.6
a569f5d3d4e0,AD000061,town_centroid,town,1,856.3249999999999,109.34166666666668,0.25,0.1957,0.3333,1,1,0,0,0,0,none,3,0.0
7428ffd09a14,AD000062,vendor_pin,locality,1,744.9,-3179.6,0.1818,0.1538,0.3038,1,0,0,0,0,0,locality,4,2793.2
63d3237f0e33,AD000062,locality_centroid,locality,1,665.2,-3094.2,0.1818,0.1538,0.3038,1,0,0,0,0,0,none,4,2689.2
e71181633d94,AD000062,town_centroid,town,1,-46.70000000000002,-500.9083333333333,0.1818,0.1538,0.3038,1,0,0,0,0,0,none,4,0.0
89509d66ef71,AD000062,prior_field_cluster,street,1,604.15,-3089.75,0.1818,0.1538,0.3038,1,0,0,0,0,0,none,4,2669.4
734ae630c62c,AD000063,vendor_pin,street,1,3267.0,631.8,0.2222,0.1695,0.3243,1,1,0,0,0,0,street,3,2466.6
132417b9ca50,AD000063,locality_centroid,locality,1,3029.6,575.7,0.2222,0.1695,0.3243,1,1,0,0,0,0,none,3,2222.7
a3e204816084,AD000063,town_centroid,town,1,856.3249999999999,109.34166666666668,0.2222,0.1695,0.3243,1,1,0,0,0,0,none,3,0.0
b502bcc52d20,AD000064,vendor_pin,pincode,1,-623.0,1796.3,0.1,0.082,0.3014,0,1,0,0,0,0,pincode,2,2243.7
b84eb0d7ace8,AD000064,town_centroid,town,1,856.3249999999999,109.34166666666668,0.1,0.082,0.3014,0,1,0,0,0,0,none,2,0.0
d1395ffe85e2,AD000065,vendor_pin,locality,1,976.3,-977.0,0.0714,0.1266,0.2766,0,1,0,0,0,0,locality,2,1225.2
91ba2b1e3d5d,AD000065,town_centroid,town,1,-172.75833333333335,-551.7416666666667,0.0714,0.1266,0.2766,0,1,0,0,0,0,none,2,0.0
5bced0c32a7b,AD000066,vendor_pin,locality,1,826.2,-371.7,0.2,0.1846,0.3415,1,1,0,0,0,0,locality,4,882.4
a131a66aa240,AD000066,locality_centroid,locality,1,1112.8,-196.7,0.2,0.1846,0.3415,1,1,0,0,0,0,none,4,1198.7
2a84d63eff7d,AD000066,town_centroid,town,1,-46.70000000000002,-500.9083333333333,0.2,0.1846,0.3415,1,1,0,0,0,0,none,4,0.0
a5c5b8a6bf42,AD000066,prior_field_cluster,street,1,1167.85,-197.4,0.2,0.1846,0.3415,1,1,0,0,0,0,none,4,1251.9
9344fb486e01,AD000067,vendor_pin,locality,1,3117.8,-2025.1,0.25,0.1818,0.3478,1,1,0,0,0,0,locality,3,3605.4
a9608cddc0ef,AD000067,locality_centroid,locality,1,3188.8,-1960.7,0.25,0.1818,0.3478,1,1,0,0,0,0,none,3,3644.9
631ea0f7db2f,AD000067,town_centroid,town,1,-172.75833333333335,-551.7416666666667,0.25,0.1818,0.3478,1,1,0,0,0,0,none,3,0.0
990261e48278,AD000068,vendor_pin,locality,1,3179.9,384.0,0.25,0.1923,0.3478,1,1,1,0,0,0,locality,4,2339.8
e422206af91f,AD000068,locality_centroid,locality,1,3029.6,575.7,0.25,0.1923,0.3478,1,1,1,0,0,0,none,4,2222.7
6cbcd47e38b5,AD000068,town_centroid,town,1,856.3249999999999,109.34166666666668,0.25,0.1923,0.3478,1,1,1,0,0,0,none,4,0.0
70cde1b3c8e6,AD000068,prior_field_cluster,street,1,3356.3,472.9,0.25,0.1923,0.3478,1,1,1,0,0,0,none,4,2526.3
b098f977761b,AD000069,vendor_pin,locality,1,525.4,-2982.2,0.25,0.2037,0.3377,1,1,0,0,0,0,locality,4,3109.2
4a668cdec786,AD000069,locality_centroid,locality,1,688.3,-3007.0,0.25,0.2037,0.3377,1,1,0,0,0,0,none,4,3120.9
1470e7305c29,AD000069,town_centroid,town,1,856.3249999999999,109.34166666666668,0.25,0.2037,0.3377,1,1,0,0,0,0,none,4,0.0
47faf1ecec38,AD000069,prior_field_cluster,street,1,721.6,-3442.8,0.25,0.2037,0.3377,1,1,0,0,0,0,none,4,3554.7
6d8e54e66559,AD000071,vendor_pin,street,1,858.3,-3936.9,0.2,0.1343,0.2619,1,1,0,0,0,0,street,3,3538.7
0095c2f44693,AD000071,locality_centroid,locality,1,1155.3,-3613.0,0.2,0.1343,0.2619,1,1,0,0,0,0,none,3,3336.9
227c14f7d922,AD000071,town_centroid,town,1,-172.75833333333335,-551.7416666666667,0.2,0.1343,0.2619,1,1,0,0,0,0,none,3,0.0
0d0595b0f514,AD000072,vendor_pin,pincode,1,1600.0,-2585.2,0.0,0.0563,0.2278,0,1,0,0,0,0,pincode,2,2697.7
b9a7cc47a24d,AD000072,town_centroid,town,1,-172.75833333333335,-551.7416666666667,0.0,0.0563,0.2278,0,1,0,0,0,0,none,2,0.0
6260a7856272,AD000073,vendor_pin,street,1,988.4,868.5,0.2222,0.1786,0.3333,1,1,0,0,0,0,street,3,770.6
02ffa57414c0,AD000073,locality_centroid,locality,1,987.4,1270.5,0.2222,0.1786,0.3333,1,1,0,0,0,0,none,3,1168.5
55a3f54bf574,AD000073,town_centroid,town,1,856.3249999999999,109.34166666666668,0.2222,0.1786,0.3333,1,1,0,0,0,0,none,3,0.0
2b8b24961069,AD000074,vendor_pin,locality,1,912.5,2794.6,0.4,0.303,0.5,1,1,0,0,0,0,locality,3,2685.8
bba82cce0ba9,AD000074,locality_centroid,locality,1,986.3,2772.6,0.4,0.303,0.5,1,1,0,0,0,0,none,3,2666.4
c2af87e78359,AD000074,town_centroid,town,1,856.3249999999999,109.34166666666668,0.4,0.303,0.5,1,1,0,0,0,0,none,3,0.0
8954ddcff020,AD000075,vendor_pin,locality,1,2744.9,-2088.8,0.1818,0.1333,0.2609,1,1,0,0,0,0,locality,4,3211.6
df90544bce59,AD000075,locality_centroid,locality,1,2735.1,-2128.6,0.1818,0.1333,0.2609,1,1,0,0,0,0,none,4,3223.0
30c3109581b3,AD000075,town_centroid,town,1,-46.70000000000002,-500.9083333333333,0.1818,0.1333,0.2609,1,1,0,0,0,0,none,4,0.0
f9a3e10a4830,AD000075,prior_field_cluster,street,1,2764.7,-2317.7,0.1818,0.1333,0.2609,1,1,0,0,0,0,none,4,3347.3
ced35d1ef65e,AD000076,vendor_pin,locality,1,877.6,1259.6,0.0909,0.1364,0.2716,0,1,0,0,0,0,locality,2,1150.5
edb32b1b96da,AD000076,town_centroid,town,1,856.3249999999999,109.34166666666668,0.0909,0.1364,0.2716,0,1,0,0,0,0,none,2,0.0
3aca57b08c28,AD000077,vendor_pin,pincode,1,1912.1,-1886.9,0.0,0.058,0.2338,0,1,0,0,0,0,pincode,2,2475.7
1e6c82c8bd51,AD000077,town_centroid,town,1,-172.75833333333335,-551.7416666666667,0.0,0.058,0.2338,0,1,0,0,0,0,none,2,0.0
1db5e94ff450,AD000078,vendor_pin,locality,1,-2585.2,-168.5,0.25,0.1899,0.3434,1,1,0,0,0,0,locality,4,2442.7
ed84ef27efe1,AD000078,locality_centroid,locality,1,-2605.6,-262.1,0.25,0.1899,0.3434,1,1,0,0,0,0,none,4,2450.0
6f10052ad381,AD000078,town_centroid,town,1,-172.75833333333335,-551.7416666666667,0.25,0.1899,0.3434,1,1,0,0,0,0,none,4,0.0
c635a7f0e348,AD000078,prior_field_cluster,street,1,-2524.9,-129.5,0.25,0.1899,0.3434,1,1,0,0,0,0,none,4,2389.7
bea6bacd0b71,AD000079,vendor_pin,street,1,826.8,-1224.9,0.0909,0.1408,0.3059,0,1,0,0,0,0,street,3,1205.1
d599d787b683,AD000079,town_centroid,town,1,-172.75833333333335,-551.7416666666667,0.0909,0.1408,0.3059,0,1,0,0,0,0,none,3,0.0
87a7a9374cb7,AD000079,prior_field_cluster,street,1,1017.6,-937.95,0.0909,0.1408,0.3059,0,1,0,0,0,0,none,3,1251.4
76bd8b234f40,AD000080,vendor_pin,street,1,4327.2,439.3,0.1538,0.1647,0.3107,1,1,0,0,0,0,street,3,4607.8
3697d537b19b,AD000080,locality_centroid,locality,1,3653.7,367.3,0.1538,0.1647,0.3107,1,1,0,0,0,0,none,3,3935.3
20f5618d81cf,AD000080,town_centroid,town,1,-172.75833333333335,-551.7416666666667,0.1538,0.1647,0.3107,1,1,0,0,0,0,none,3,0.0
b5615e80a8b0,AD000081,vendor_pin,locality,1,-763.1,-463.4,0.2222,0.1481,0.2985,1,0,0,0,0,0,locality,4,596.9
29c569bebe43,AD000081,locality_centroid,locality,1,-722.6,-522.8,0.2222,0.1481,0.2985,1,0,0,0,0,0,none,4,550.6
55b9aafb8f7e,AD000081,town_centroid,town,1,-172.75833333333335,-551.7416666666667,0.2222,0.1481,0.2985,1,0,0,0,0,0,none,4,0.0
f9c5a868fd70,AD000081,prior_field_cluster,street,1,-716.5,-849.4,0.2222,0.1481,0.2985,1,0,0,0,0,0,none,4,619.9
1303c0e146d5,AD000082,vendor_pin,locality,1,3707.2,194.3,0.1538,0.1687,0.3168,1,1,0,0,0,0,locality,3,3951.0
3e69299d7887,AD000082,locality_centroid,locality,1,3653.7,367.3,0.1538,0.1687,0.3168,1,1,0,0,0,0,none,3,3935.3
cfdf08babb70,AD000082,town_centroid,town,1,-172.75833333333335,-551.7416666666667,0.1538,0.1687,0.3168,1,1,0,0,0,0,none,3,0.0
dab05c473e4b,AD000083,vendor_pin,locality,1,-830.7,-586.5,0.1818,0.1212,0.2532,1,1,0,0,0,0,locality,3,658.9
c9c50b87aeaa,AD000083,locality_centroid,locality,1,-722.6,-522.8,0.1818,0.1212,0.2532,1,1,0,0,0,0,none,3,550.6
f4c781d66061,AD000083,town_centroid,town,1,-172.75833333333335,-551.7416666666667,0.1818,0.1212,0.2532,1,1,0,0,0,0,none,3,0.0
2cbd1ae6660d,AD000084,vendor_pin,locality,1,-592.3,-3323.0,0.1667,0.1644,0.3111,1,1,0,0,0,0,locality,3,2802.8
fe3f3dd6ad31,AD000084,locality_centroid,locality,1,-433.5,-3467.4,0.1667,0.1644,0.3111,1,1,0,0,0,0,none,3,2927.3
98f1d68b865e,AD000084,town_centroid,town,1,-172.75833333333335,-551.7416666666667,0.1667,0.1644,0.3111,1,1,0,0,0,0,none,3,0.0
13e6883aa4ab,AD000085,vendor_pin,locality,1,811.7,-2984.2,0.2222,0.1754,0.338,1,1,0,0,0,0,locality,4,2627.5
ac98b1afc353,AD000085,locality_centroid,locality,1,665.2,-3094.2,0.2222,0.1754,0.338,1,1,0,0,0,0,none,4,2689.2
677cc4d68adf,AD000085,town_centroid,town,1,-46.70000000000002,-500.9083333333333,0.2222,0.1754,0.338,1,1,0,0,0,0,none,4,0.0
b50ec3160b1f,AD000085,prior_field_cluster,street,1,342.9,-3120.5,0.2222,0.1754,0.338,1,1,0,0,0,0,none,4,2648.4
d7572a0c6ab6,AD000086,vendor_pin,street,1,2419.1,-1341.8,0.2,0.1587,0.3077,1,0,0,0,1,0,street,4,2132.6
ab8be4f2cdd3,AD000086,locality_centroid,locality,1,2589.2,-1273.1,0.2,0.1587,0.3077,1,0,0,0,1,0,none,4,2216.8
0c808ef9a748,AD000086,town_centroid,town,1,856.3249999999999,109.34166666666668,0.2,0.1587,0.3077,1,0,0,0,1,0,none,4,0.0
82d53f42b377,AD000086,prior_field_cluster,street,1,2540.8,-1375.85,0.2,0.1587,0.3077,1,0,0,0,1,0,none,4,2245.7
7f5774f4e061,AD000087,vendor_pin,locality,1,647.2,1285.8,0.25,0.1961,0.3582,1,1,0,0,0,0,locality,3,1194.9
7d05fc93112f,AD000087,locality_centroid,locality,1,987.4,1270.5,0.25,0.1961,0.3582,1,1,0,0,0,0,none,3,1168.5
bfd2e26228f0,AD000087,town_centroid,town,1,856.3249999999999,109.34166666666668,0.25,0.1961,0.3582,1,1,0,0,0,0,none,3,0.0
b6e812c988d6,AD000088,vendor_pin,street,1,-535.0,3174.2,0.25,0.2,0.3333,1,1,0,0,0,0,street,4,3365.9
580c7bfe2a7d,AD000088,locality_centroid,locality,1,-603.5,2996.1,0.25,0.2,0.3333,1,1,0,0,0,0,none,4,3234.9
47daa4834756,AD000088,town_centroid,town,1,856.3249999999999,109.34166666666668,0.25,0.2,0.3333,1,1,0,0,0,0,none,4,0.0
c102190ad07e,AD000088,prior_field_cluster,street,1,-465.3,3168.7,0.25,0.2,0.3333,1,1,0,0,0,0,none,4,3332.6
73738932923e,AD000089,vendor_pin,locality,1,-645.3,3050.7,0.2222,0.1818,0.3111,1,1,0,0,0,0,locality,3,3302.5
519444c22d6c,AD000089,locality_centroid,locality,1,-603.5,2996.1,0.2222,0.1818,0.3111,1,1,0,0,0,0,none,3,3234.9
26d855abe6ac,AD000089,town_centroid,town,1,856.3249999999999,109.34166666666668,0.2222,0.1818,0.3111,1,1,0,0,0,0,none,3,0.0
2514741703ff,AD000090,vendor_pin,locality,1,-1567.8,-2846.0,0.25,0.2157,0.3514,1,1,0,0,0,0,locality,3,3822.4
85bfb7fdc2ac,AD000090,locality_centroid,locality,1,-1600.3,-2801.9,0.25,0.2157,0.3514,1,1,0,0,0,0,none,3,3809.2
40eba9aac521,AD000090,town_centroid,town,1,856.3249999999999,109.34166666666668,0.25,0.2157,0.3514,1,1,0,0,0,0,none,3,0.0
5c423d8ba293,AD000091,vendor_pin,pincode,1,2011.1,-2152.7,0.1111,0.0877,0.2353,0,1,0,0,0,0,pincode,2,2539.8
2b6c9f551237,AD000091,town_centroid,town,1,856.3249999999999,109.34166666666668,0.1111,0.0877,0.2353,0,1,0,0,0,0,none,2,0.0
fbf1e376a591,AD000092,vendor_pin,locality,1,3226.9,-1831.6,0.1818,0.1316,0.2667,1,1,0,0,0,0,locality,3,3632.6
8166a6a29dc2,AD000092,locality_centroid,locality,1,3188.8,-1960.7,0.1818,0.1316,0.2667,1,1,0,0,0,0,none,3,3644.9
369d4c6b27ef,AD000092,town_centroid,town,1,-172.75833333333335,-551.7416666666667,0.1818,0.1316,0.2667,1,1,0,0,0,0,none,3,0.0
318347572c15,AD000093,vendor_pin,locality,1,-584.8,3078.5,0.1818,0.1757,0.3191,1,1,0,0,0,0,locality,3,3653.6
36e1bee236f3,AD000093,locality_centroid,locality,1,-438.3,3208.9,0.1818,0.1757,0.3191,1,1,0,0,0,0,none,3,3770.0
e508e41bc0e9,AD000093,town_centroid,town,1,-172.75833333333335,-551.7416666666667,0.1818,0.1757,0.3191,1,1,0,0,0,0,none,3,0.0
00c43b0ed9f0,AD000094,vendor_pin,locality,1,-2717.7,-176.5,0.1818,0.1449,0.3333,0,1,0,0,0,0,locality,3,2572.5
f9ec99627330,AD000094,town_centroid,town,1,-172.75833333333335,-551.7416666666667,0.1818,0.1449,0.3333,0,1,0,0,0,0,none,3,0.0
1bf1ca77d41a,AD000094,prior_field_cluster,street,1,-2658.1,-185.7,0.1818,0.1449,0.3333,0,1,0,0,0,0,none,3,2512.2
ae5e36f03c20,AD000096,vendor_pin,locality,1,3703.5,434.7,0.2,0.2188,0.3902,1,1,0,0,0,0,locality,4,3999.8
55aca3fbaec0,AD000096,locality_centroid,locality,1,3653.7,367.3,0.2,0.2188,0.3902,1,1,0,0,0,0,none,4,3935.3
931be57c8417,AD000096,town_centroid,town,1,-172.75833333333335,-551.7416666666667,0.2,0.2188,0.3902,1,1,0,0,0,0,none,4,0.0
3074a57c1fc8,AD000096,prior_field_cluster,street,1,3373.55,556.95,0.2,0.2188,0.3902,1,1,0,0,0,0,none,4,3715.6
81bfff3f4061,AD000097,vendor_pin,locality,1,-3608.2,-893.3,0.1818,0.1408,0.3294,0,1,0,0,0,0,locality,2,3452.4
68c4c4ebfb54,AD000097,town_centroid,town,1,-172.75833333333335,-551.7416666666667,0.1818,0.1408,0.3294,0,1,0,0,0,0,none,2,0.0
94fcdbe8d0a1,AD000098,vendor_pin,locality,1,-2522.9,1737.3,0.1818,0.1739,0.3294,1,1,0,0,0,0,locality,4,3280.7
7804943f094c,AD000098,locality_centroid,locality,1,-2446.2,1613.2,0.1818,0.1739,0.3294,1,1,0,0,0,0,none,4,3139.3
f13a61777b14,AD000098,town_centroid,town,1,-172.75833333333335,-551.7416666666667,0.1818,0.1739,0.3294,1,1,0,0,0,0,none,4,0.0
2ba4063447ce,AD000098,prior_field_cluster,street,1,-2495.8,1359.5,0.1818,0.1739,0.3294,1,1,0,0,0,0,none,4,3008.2
027afb1e75e1,AD000099,vendor_pin,locality,1,-866.8,-286.1,0.2,0.1194,0.2532,1,1,0,0,0,0,locality,4,743.1
234490b324b6,AD000099,locality_centroid,locality,1,-722.6,-522.8,0.2,0.1194,0.2532,1,1,0,0,0,0,none,4,550.6
6f9879f5bff5,AD000099,town_centroid,town,1,-172.75833333333335,-551.7416666666667,0.2,0.1194,0.2532,1,1,0,0,0,0,none,4,0.0
c6e3167ea54f,AD000099,prior_field_cluster,street,1,-343.0,-424.70000000000005,0.2,0.1194,0.2532,1,1,0,0,0,0,none,4,212.4
46b32069bf0e,AD000100,vendor_pin,locality,1,2963.1,-2144.0,0.1818,0.1587,0.3038,1,1,0,0,0,0,locality,4,3429.1
79f4b81b96fe,AD000100,locality_centroid,locality,1,2735.1,-2128.6,0.1818,0.1587,0.3038,1,1,0,0,0,0,none,4,3223.0
4f7730db1ea5,AD000100,town_centroid,town,1,-46.70000000000002,-500.9083333333333,0.1818,0.1587,0.3038,1,1,0,0,0,0,none,4,0.0
2addbf13faf2,AD000100,prior_field_cluster,street,1,2832.8999999999996,-2094.65,0.1818,0.1587,0.3038,1,1,0,0,0,0,none,4,3291.2
c3acfe160f8e,AD000101,vendor_pin,locality,1,-2461.1,1682.4,0.1818,0.1714,0.3218,1,1,0,0,0,0,locality,3,3198.1
014305167328,AD000101,locality_centroid,locality,1,-2446.2,1613.2,0.1818,0.1714,0.3218,1,1,0,0,0,0,none,3,3139.3
1de8f5bc7752,AD000101,town_centroid,town,1,-172.75833333333335,-551.7416666666667,0.1818,0.1714,0.3218,1,1,0,0,0,0,none,3,0.0
1a0efc2d6b61,AD000102,vendor_pin,street,1,641.8,2525.7,0.1667,0.1918,0.3617,1,1,0,0,0,0,street,3,3103.9
07d6d25654d2,AD000102,locality_centroid,locality,1,290.7,2335.2,0.1667,0.1918,0.3617,1,1,0,0,0,0,none,3,2856.1
602680da5057,AD000102,town_centroid,town,1,-46.70000000000002,-500.9083333333333,0.1667,0.1918,0.3617,1,1,0,0,0,0,none,3,0.0
3808edee5c1a,AD000103,vendor_pin,locality,1,3131.2,-1871.8,0.25,0.1818,0.3478,1,1,0,0,0,0,locality,3,3557.9
9565aee15c31,AD000103,locality_centroid,locality,1,3188.8,-1960.7,0.25,0.1818,0.3478,1,1,0,0,0,0,none,3,3644.9
7c425eebb499,AD000103,town_centroid,town,1,-172.75833333333335,-551.7416666666667,0.25,0.1818,0.3478,1,1,0,0,0,0,none,3,0.0
360499cdf511,AD000104,vendor_pin,locality,1,2382.0,1003.2,0.0714,0.0886,0.2198,0,0,0,0,0,0,locality,2,2856.7
43e609af492f,AD000104,town_centroid,town,1,-46.70000000000002,-500.9083333333333,0.0714,0.0886,0.2198,0,0,0,0,0,0,none,2,0.0
eb20f0e0958e,AD000105,vendor_pin,locality,1,-427.1,-590.2,0.1818,0.1618,0.2989,0,1,0,0,0,0,locality,3,1461.7
698adc6df440,AD000105,town_centroid,town,1,856.3249999999999,109.34166666666668,0.1818,0.1618,0.2989,0,1,0,0,0,0,none,3,0.0
82d467bafc86,AD000105,prior_field_cluster,street,1,-680.7,-57.7,0.1818,0.1618,0.2989,0,1,0,0,0,0,none,3,1546.1
2b42b1d4ae4f,AD000106,vendor_pin,locality,1,-2881.3,1111.1,0.2857,0.2069,0.3733,1,1,0,0,0,0,locality,3,3260.9
6435e53b54e4,AD000106,locality_centroid,locality,1,-2863.9,1096.5,0.2857,0.2069,0.3733,1,1,0,0,0,0,none,3,3238.6
9d55fdc9f188,AD000106,town_centroid,town,1,-46.70000000000002,-500.9083333333333,0.2857,0.2069,0.3733,1,1,0,0,0,0,none,3,0.0
32c78547baf0,AD000107,vendor_pin,locality,1,3623.6,433.8,0.2222,0.2642,0.4444,1,1,0,0,0,0,locality,4,3922.2
b0ef6eca30b0,AD000107,locality_centroid,locality,1,3653.7,367.3,0.2222,0.2642,0.4444,1,1,0,0,0,0,none,4,3935.3
e31ad2d389ca,AD000107,town_centroid,town,1,-172.75833333333335,-551.7416666666667,0.2222,0.2642,0.4444,1,1,0,0,0,0,none,4,0.0
d8aacc42e15a,AD000107,prior_field_cluster,street,1,2334.4,-765.7,0.2222,0.2642,0.4444,1,1,0,0,0,0,none,4,2516.3
d9387d32d792,AD000108,vendor_pin,locality,1,-1172.4,-2124.3,0.1538,0.1304,0.2569,1,1,0,0,0,0,locality,3,1863.4
d584d2c6eca8,AD000108,locality_centroid,locality,1,-1112.2,-1888.2,0.1538,0.1304,0.2569,1,1,0,0,0,0,none,3,1633.6
7f8bf2328296,AD000108,town_centroid,town,1,-172.75833333333335,-551.7416666666667,0.1538,0.1304,0.2569,1,1,0,0,0,0,none,3,0.0
90a633169913,AD000109,vendor_pin,locality,1,2046.8,-1272.3,0.1818,0.2286,0.383,1,1,0,0,0,0,locality,3,2231.1
f03205678959,AD000109,locality_centroid,locality,1,1939.0,-996.1,0.1818,0.2286,0.383,1,1,0,0,0,0,none,3,2046.5
8e0cf05f5842,AD000109,town_centroid,town,1,-46.70000000000002,-500.9083333333333,0.1818,0.2286,0.383,1,1,0,0,0,0,none,3,0.0
8e3abb7152e6,AD000111,vendor_pin,locality,1,2449.6,1045.6,0.2857,0.18,0.3438,1,1,0,0,0,0,locality,4,2936.5
52f13fe2e40f,AD000111,locality_centroid,locality,1,2499.2,994.1,0.2857,0.18,0.3438,1,1,0,0,0,0,none,4,2952.4
32747aa7cf46,AD000111,town_centroid,town,1,-46.70000000000002,-500.9083333333333,0.2857,0.18,0.3438,1,1,0,0,0,0,none,4,0.0
27a01d27f794,AD000111,prior_field_cluster,street,1,2702.3,1144.4,0.2857,0.18,0.3438,1,1,0,0,0,0,none,4,3203.8
c3f8528a6e42,AD000112,vendor_pin,locality,1,804.3,-2828.4,0.0909,0.1231,0.2683,0,1,0,0,0,0,locality,2,2478.2
2f344e12f225,AD000112,town_centroid,town,1,-46.70000000000002,-500.9083333333333,0.0909,0.1231,0.2683,0,1,0,0,0,0,none,2,0.0
81fc6c0e9395,AD000113,vendor_pin,locality,1,-463.5,3081.4,0.1818,0.1667,0.3158,1,1,0,0,0,0,locality,3,3644.8
8405433090bf,AD000113,locality_centroid,locality,1,-438.3,3208.9,0.1818,0.1667,0.3158,1,1,0,0,0,0,none,3,3770.0
9d865fdce11f,AD000113,town_centroid,town,1,-172.75833333333335,-551.7416666666667,0.1818,0.1667,0.3158,1,1,0,0,0,0,none,3,0.0
aa4e412a0b16,AD000114,vendor_pin,street,1,2778.1,-1867.9,0.2,0.1562,0.3077,1,0,0,0,1,0,street,4,3138.2
495da872221a,AD000114,locality_centroid,locality,1,2735.1,-2128.6,0.2,0.1562,0.3077,1,0,0,0,1,0,none,4,3223.0
ba60b78e1f7e,AD000114,town_centroid,town,1,-46.70000000000002,-500.9083333333333,0.2,0.1562,0.3077,1,0,0,0,1,0,none,4,0.0
e4eeeffed4c5,AD000114,prior_field_cluster,street,1,2683.25,-1866.9,0.2,0.1562,0.3077,1,0,0,0,1,0,none,4,3052.6
2cf04dac592f,AD000115,vendor_pin,locality,1,-474.6,3263.8,0.25,0.2281,0.4054,1,1,0,0,0,0,locality,3,3827.5
08b25e614c8f,AD000115,locality_centroid,locality,1,-438.3,3208.9,0.25,0.2281,0.4054,1,1,0,0,0,0,none,3,3770.0
623d898e1184,AD000115,town_centroid,town,1,-172.75833333333335,-551.7416666666667,0.25,0.2281,0.4054,1,1,0,0,0,0,none,3,0.0
2fb34e85fa18,AD000116,vendor_pin,pincode,1,-2353.1,-1649.3,0.0,0.0645,0.2222,0,1,0,0,0,0,pincode,2,2441.0
65ac259c1539,AD000116,town_centroid,town,1,-172.75833333333335,-551.7416666666667,0.0,0.0645,0.2222,0,1,0,0,0,0,none,2,0.0
e19f1174daea,AD000117,vendor_pin,locality,1,3299.9,-2064.7,0.2,0.1667,0.3117,1,1,0,0,0,0,locality,3,3787.9
e81eaef0768e,AD000117,locality_centroid,locality,1,3188.8,-1960.7,0.2,0.1667,0.3117,1,1,0,0,0,0,none,3,3644.9
9098e230d3ee,AD000117,town_centroid,town,1,-172.75833333333335,-551.7416666666667,0.2,0.1667,0.3117,1,1,0,0,0,0,none,3,0.0
f227995e39f7,AD000119,vendor_pin,pincode,1,-968.8,-2481.6,0.0,0.0175,0.1905,0,1,0,0,0,0,pincode,2,2184.8
35b07218a397,AD000119,town_centroid,town,1,-46.70000000000002,-500.9083333333333,0.0,0.0175,0.1905,0,1,0,0,0,0,none,2,0.0
cf2fbc16add2,AD000120,vendor_pin,locality,1,3379.5,-1929.9,0.2857,0.2083,0.3871,1,1,0,0,0,0,locality,3,3810.2
bd74795b9633,AD000120,locality_centroid,locality,1,3188.8,-1960.7,0.2857,0.2083,0.3871,1,1,0,0,0,0,none,3,3644.9
9058ded76323,AD000120,town_centroid,town,1,-172.75833333333335,-551.7416666666667,0.2857,0.2083,0.3871,1,1,0,0,0,0,none,3,0.0
aa1964c80624,AD000121,vendor_pin,pincode,1,-1415.5,-1879.2,0.0,0.0678,0.2319,0,1,0,0,0,0,pincode,2,1818.4
83f8595c0e7d,AD000121,town_centroid,town,1,-172.75833333333335,-551.7416666666667,0.0,0.0678,0.2319,0,1,0,0,0,0,none,2,0.0
9b626e845092,AD000122,vendor_pin,locality,1,991.0,-648.4,0.2,0.1688,0.3191,1,1,0,0,0,0,locality,3,1167.8
312927f3e471,AD000122,locality_centroid,locality,1,929.4,-822.2,0.2,0.1688,0.3191,1,1,0,0,0,0,none,3,1134.9
3c4365815f0d,AD000122,town_centroid,town,1,-172.75833333333335,-551.7416666666667,0.2,0.1688,0.3191,1,1,0,0,0,0,none,3,0.0
96a7cce11e0d,AD000123,vendor_pin,locality,1,996.3,2734.7,0.1818,0.1351,0.2667,1,1,0,0,0,0,locality,3,2629.1
45c43dd5b685,AD000123,locality_centroid,locality,1,986.3,2772.6,0.1818,0.1351,0.2667,1,1,0,0,0,0,none,3,2666.4
71d71173cedf,AD000123,town_centroid,town,1,856.3249999999999,109.34166666666668,0.1818,0.1351,0.2667,1,1,0,0,0,0,none,3,0.0
f22a18e957e6,AD000124,vendor_pin,locality,1,3177.8,-1874.2,0.2,0.1471,0.2927,1,1,0,0,0,0,locality,3,3602.1
cc0130f1a5f4,AD000124,locality_centroid,locality,1,3188.8,-1960.7,0.2,0.1471,0.2927,1,1,0,0,0,0,none,3,3644.9
53b44d57325f,AD000124,town_centroid,town,1,-172.75833333333335,-551.7416666666667,0.2,0.1471,0.2927,1,1,0,0,0,0,none,3,0.0
9610a6711666,AD000125,vendor_pin,locality,1,3764.7,398.9,0.1538,0.1867,0.3404,1,1,0,0,0,0,locality,3,4050.6
24dc7a114670,AD000125,locality_centroid,locality,1,3653.7,367.3,0.1538,0.1867,0.3404,1,1,0,0,0,0,none,3,3935.3
b2bff819ab87,AD000125,town_centroid,town,1,-172.75833333333335,-551.7416666666667,0.1538,0.1867,0.3404,1,1,0,0,0,0,none,3,0.0
c4e8985ba4b7,AD000126,vendor_pin,locality,1,805.3,-3247.1,0.5,0.3571,0.5714,1,0,0,0,0,0,locality,4,2875.3
bc33f47f0994,AD000126,locality_centroid,locality,1,665.2,-3094.2,0.5,0.3571,0.5714,1,0,0,0,0,0,none,4,2689.2
cddcf9cbfeaf,AD000126,town_centroid,town,1,-46.70000000000002,-500.9083333333333,0.5,0.3571,0.5714,1,0,0,0,0,0,none,4,0.0
f38f088b6d41,AD000126,prior_field_cluster,street,1,916.7,-3215.8,0.5,0.3571,0.5714,1,0,0,0,0,0,none,4,2880.8
099bce6d7b5d,AD000127,vendor_pin,locality,1,1170.9,-735.4,0.0833,0.1389,0.3256,0,1,0,0,0,0,locality,2,1356.2
6f32442a96d7,AD000127,town_centroid,town,1,-172.75833333333335,-551.7416666666667,0.0833,0.1389,0.3256,0,1,0,0,0,0,none,2,0.0
e86ffb8efa9e,AD000128,vendor_pin,locality,1,2493.8,-2183.8,0.0769,0.0886,0.2444,0,1,0,0,0,0,locality,2,3047.3
3028746a2504,AD000128,town_centroid,town,1,-46.70000000000002,-500.9083333333333,0.0769,0.0886,0.2444,0,1,0,0,0,0,none,2,0.0
13c25f4aa5a5,AD000129,vendor_pin,locality,1,2630.3,-2154.3,0.1818,0.1538,0.2927,1,1,0,0,0,0,locality,4,3146.4
72a4b30e347a,AD000129,locality_centroid,locality,1,2735.1,-2128.6,0.1818,0.1538,0.2927,1,1,0,0,0,0,none,4,3223.0
ea13ff17c82a,AD000129,town_centroid,town,1,-46.70000000000002,-500.9083333333333,0.1818,0.1538,0.2927,1,1,0,0,0,0,none,4,0.0
a41c602eb4f5,AD000129,prior_field_cluster,street,1,3224.8,-1952.8,0.1818,0.1538,0.2927,1,1,0,0,0,0,none,4,3579.2
16380fe811d9,AD000130,vendor_pin,locality,1,2053.3,-928.7,0.25,0.2857,0.4675,1,1,0,0,0,0,locality,3,2143.1
87250d376f16,AD000130,locality_centroid,locality,1,1939.0,-996.1,0.25,0.2857,0.4675,1,1,0,0,0,0,none,3,2046.5
ec48b5555bc9,AD000130,town_centroid,town,1,-46.70000000000002,-500.9083333333333,0.25,0.2857,0.4675,1,1,0,0,0,0,none,3,0.0
38f497f380fb,AD000132,vendor_pin,locality,1,946.6,-1057.9,0.1538,0.1512,0.2885,1,1,0,0,0,0,locality,3,1228.5
4139b692ffff,AD000132,locality_centroid,locality,1,929.4,-822.2,0.1538,0.1512,0.2885,1,1,0,0,0,0,none,3,1134.9
989010f97a17,AD000132,town_centroid,town,1,-172.75833333333335,-551.7416666666667,0.1538,0.1512,0.2885,1,1,0,0,0,0,none,3,0.0
c362adac6079,AD000133,vendor_pin,street,1,-3978.6,-1286.0,0.2727,0.2,0.3542,1,1,0,0,0,0,street,3,3876.0
54f86f315832,AD000133,locality_centroid,locality,1,-3766.2,-883.9,0.2727,0.2,0.3542,1,1,0,0,0,0,none,3,3608.8
f73c3a0f3fb9,AD000133,town_centroid,town,1,-172.75833333333335,-551.7416666666667,0.2727,0.2,0.3542,1,1,0,0,0,0,none,3,0.0
b3ae5cea9af1,AD000134,vendor_pin,street,1,1143.9,2406.8,0.2222,0.1852,0.3333,1,1,0,0,0,0,street,3,2315.4
f60b4fc65dd7,AD000134,locality_centroid,locality,1,986.3,2772.6,0.2222,0.1852,0.3333,1,1,0,0,0,0,none,3,2666.4
59919c6fd759,AD000134,town_centroid,town,1,856.3249999999999,109.34166666666668,0.2222,0.1852,0.3333,1,1,0,0,0,0,none,3,0.0
15d104fcd953,AD000135,vendor_pin,street,1,861.6,-2772.7,0.1111,0.1569,0.3438,0,1,0,0,0,0,street,3,2446.6
abb758c110a2,AD000135,town_centroid,town,1,-46.70000000000002,-500.9083333333333,0.1111,0.1569,0.3438,0,1,0,0,0,0,none,3,0.0
d1229f491743,AD000135,prior_field_cluster,street,1,807.45,-2616.1,0.1111,0.1569,0.3438,0,1,0,0,0,0,none,3,2281.1
f08b3acd3a18,AD000136,vendor_pin,locality,1,1074.5,-14.3,0.2857,0.25,0.4375,1,1,0,0,0,0,locality,3,1222.2
1a940c14b99a,AD000136,locality_centroid,locality,1,1112.8,-196.7,0.2857,0.25,0.4375,1,1,0,0,0,0,none,3,1198.7
1bef41568ee0,AD000136,town_centroid,town,1,-46.70000000000002,-500.9083333333333,0.2857,0.25,0.4375,1,1,0,0,0,0,none,3,0.0
9846214dec3a,AD000137,vendor_pin,locality,1,-2696.8,-272.8,0.1538,0.1667,0.3371,0,1,0,0,0,0,locality,3,2539.4
15ff673774cb,AD000137,town_centroid,town,1,-172.75833333333335,-551.7416666666667,0.1538,0.1667,0.3371,0,1,0,0,0,0,none,3,0.0
98e8fa7ad937,AD000137,prior_field_cluster,street,1,-2374.3,-534.0,0.1538,0.1667,0.3371,0,1,0,0,0,0,none,3,2201.6
93f46bc4666a,AD000138,vendor_pin,street,1,735.7,-2983.1,0.2222,0.1695,0.3288,1,1,0,0,0,0,street,4,2602.6
246a0549dfb0,AD000138,locality_centroid,locality,1,665.2,-3094.2,0.2222,0.1695,0.3288,1,1,0,0,0,0,none,4,2689.2
60d707a888b5,AD000138,town_centroid,town,1,-46.70000000000002,-500.9083333333333,0.2222,0.1695,0.3288,1,1,0,0,0,0,none,4,0.0
ead5bd692b34,AD000138,prior_field_cluster,street,1,610.4,-3067.8,0.2222,0.1695,0.3288,1,1,0,0,0,0,none,4,2649.7
803e11c062dd,AD000139,vendor_pin,street,1,751.7,-2626.5,0.25,0.1667,0.2955,1,1,0,0,0,0,street,3,2737.8
150a11766f80,AD000139,locality_centroid,locality,1,688.3,-3007.0,0.25,0.1667,0.2955,1,1,0,0,0,0,none,3,3120.9
02e6d9ea1c9f,AD000139,town_centroid,town,1,856.3249999999999,109.34166666666668,0.25,0.1667,0.2955,1,1,0,0,0,0,none,3,0.0
8ed88494693d,AD000140,vendor_pin,locality,1,-205.3,1202.3,0.2,0.1579,0.2857,1,1,0,0,0,0,locality,3,1523.7
4da6afd20edb,AD000140,locality_centroid,locality,1,-200.6,1476.5,0.2,0.1579,0.2857,1,1,0,0,0,0,none,3,1728.1
b818ce2695ab,AD000140,town_centroid,town,1,856.3249999999999,109.34166666666668,0.2,0.1579,0.2857,1,1,0,0,0,0,none,3,0.0
3818c3b8c95f,AD000141,vendor_pin,pincode,1,1537.3,-1398.4,0.1667,0.125,0.32,0,1,0,0,0,0,pincode,2,1654.4
32ff86a443dd,AD000141,town_centroid,town,1,856.3249999999999,109.34166666666668,0.1667,0.125,0.32,0,1,0,0,0,0,none,2,0.0
e7b4a3250f4f,AD000142,vendor_pin,street,1,3829.5,782.7,0.25,0.2692,0.4571,1,1,0,0,0,0,street,4,4218.9
6a06509796b4,AD000142,locality_centroid,locality,1,3653.7,367.3,0.25,0.2692,0.4571,1,1,0,0,0,0,none,4,3935.3
e39243a89493,AD000142,town_centroid,town,1,-172.75833333333335,-551.7416666666667,0.25,0.2692,0.4571,1,1,0,0,0,0,none,4,0.0
414246615350,AD000142,prior_field_cluster,street,1,3979.4,774.2,0.25,0.2692,0.4571,1,1,0,0,0,0,none,4,4358.7
3ac27588dc77,AD000144,vendor_pin,locality,1,-502.7,3051.9,0.1429,0.1444,0.2778,1,1,0,0,0,0,locality,3,3618.7
acc4b00dc572,AD000144,locality_centroid,locality,1,-438.3,3208.9,0.1429,0.1444,0.2778,1,1,0,0,0,0,none,3,3770.0
30c926e92e1d,AD000144,town_centroid,town,1,-172.75833333333335,-551.7416666666667,0.1429,0.1444,0.2778,1,1,0,0,0,0,none,3,0.0
bac410a4fb4c,AD000145,vendor_pin,locality,1,-904.2,-545.0,0.1818,0.1194,0.25,1,1,0,0,0,0,locality,3,731.5
39842336b3fd,AD000145,locality_centroid,locality,1,-722.6,-522.8,0.1818,0.1194,0.25,1,1,0,0,0,0,none,3,550.6
f72f9a50680b,AD000145,town_centroid,town,1,-172.75833333333335,-551.7416666666667,0.1818,0.1194,0.25,1,1,0,0,0,0,none,3,0.0
046cb12a0c86,AD000146,vendor_pin,locality,1,456.2,2281.0,0.2,0.3243,0.5926,0,0,0,0,0,0,locality,3,2827.0
fd71820e6f02,AD000146,town_centroid,town,1,-46.70000000000002,-500.9083333333333,0.2,0.3243,0.5926,0,0,0,0,0,0,none,3,0.0
e12ffc245e3e,AD000146,prior_field_cluster,street,1,717.9,2409.4,0.2,0.3243,0.5926,0,0,0,0,0,0,none,3,3009.1
138dd8998a55,AD000147,vendor_pin,locality,1,929.2,1018.1,0.3333,0.2564,0.4444,1,1,0,0,0,0,locality,4,911.7
e4c14f055b57,AD000147,locality_centroid,locality,1,987.4,1270.5,0.3333,0.2564,0.4444,1,1,0,0,0,0,none,4,1168.5
6dcfde1ad677,AD000147,town_centroid,town,1,856.3249999999999,109.34166666666668,0.3333,0.2564,0.4444,1,1,0,0,0,0,none,4,0.0
0f30b3865d65,AD000147,prior_field_cluster,street,1,1011.1,2871.0,0.3333,0.2564,0.4444,1,1,0,0,0,0,none,4,2766.0
c17bdbf996eb,AD000148,vendor_pin,locality,1,-896.7,-3104.5,0.2,0.1562,0.3,1,1,0,0,0,0,locality,3,2738.8
198bef9195da,AD000148,locality_centroid,locality,1,-1053.3,-3163.0,0.2,0.1562,0.3,1,1,0,0,0,0,none,3,2846.0
a3149236f81b,AD000148,town_centroid,town,1,-46.70000000000002,-500.9083333333333,0.2,0.1562,0.3,1,1,0,0,0,0,none,3,0.0
b3fdd466af52,AD000149,vendor_pin,locality,1,898.6,1331.4,0.125,0.2195,0.4286,0,0,0,0,0,0,locality,2,1222.8
30b496e24972,AD000149,town_centroid,town,1,856.3249999999999,109.34166666666668,0.125,0.2195,0.4286,0,0,0,0,0,0,none,2,0.0
169b9083f233,AD000150,vendor_pin,locality,1,2565.3,-1336.9,0.2222,0.1818,0.3429,1,0,0,0,0,0,locality,4,2238.8
7519b2356ef9,AD000150,locality_centroid,locality,1,2589.2,-1273.1,0.2222,0.1818,0.3429,1,0,0,0,0,0,none,4,2216.8
1c48dc63af98,AD000150,town_centroid,town,1,856.3249999999999,109.34166666666668,0.2222,0.1818,0.3429,1,0,0,0,0,0,none,4,0.0
550abc215d1e,AD000150,prior_field_cluster,street,1,2467.1,-1135.2,0.2222,0.1818,0.3429,1,0,0,0,0,0,none,4,2035.6
1cb36cced793,AD000151,vendor_pin,street,1,-836.3,3403.4,0.2857,0.2553,0.4,1,1,0,0,0,0,street,4,3703.5
1c38cb8a032f,AD000151,locality_centroid,locality,1,-603.5,2996.1,0.2857,0.2553,0.4,1,1,0,0,0,0,none,4,3234.9
e614827ea540,AD000151,town_centroid,town,1,856.3249999999999,109.34166666666668,0.2857,0.2553,0.4,1,1,0,0,0,0,none,4,0.0
3ae37cda2414,AD000151,prior_field_cluster,street,1,-749.2,3343.4,0.2857,0.2553,0.4,1,1,0,0,0,0,none,4,3610.7
a1e66d3287af,AD000152,vendor_pin,street,1,2766.6,-1160.2,0.25,0.2128,0.3934,1,1,0,0,0,0,street,4,2293.7
df6593c2f212,AD000152,locality_centroid,locality,1,2589.2,-1273.1,0.25,0.2128,0.3934,1,1,0,0,0,0,none,4,2216.8
623bf713bd80,AD000152,town_centroid,town,1,856.3249999999999,109.34166666666668,0.25,0.2128,0.3934,1,1,0,0,0,0,none,4,0.0
145797110545,AD000152,prior_field_cluster,street,1,2674.5,-1106.6,0.25,0.2128,0.3934,1,1,0,0,0,0,none,4,2187.3
af20b0efc990,AD000153,vendor_pin,locality,1,-2695.5,-271.6,0.2727,0.2174,0.3864,1,1,0,0,0,0,locality,4,2538.2
3b513798ebf2,AD000153,locality_centroid,locality,1,-2605.6,-262.1,0.2727,0.2174,0.3864,1,1,0,0,0,0,none,4,2450.0
9f88f8d5deec,AD000153,town_centroid,town,1,-172.75833333333335,-551.7416666666667,0.2727,0.2174,0.3864,1,1,0,0,0,0,none,4,0.0
7f6f5f0db03c,AD000153,prior_field_cluster,street,1,-2318.45,-137.39999999999998,0.2727,0.2174,0.3864,1,1,0,0,0,0,none,4,2185.3
c7c265f0dbb5,AD000154,vendor_pin,street,1,3669.6,-2289.7,0.1538,0.1235,0.25,1,1,0,0,0,0,street,4,4217.1
4eb8c689b7f8,AD000154,locality_centroid,locality,1,3188.8,-1960.7,0.1538,0.1235,0.25,1,1,0,0,0,0,none,4,3644.9
d183fa3e5f21,AD000154,town_centroid,town,1,-172.75833333333335,-551.7416666666667,0.1538,0.1235,0.25,1,1,0,0,0,0,none,4,0.0
c49cffa91cfd,AD000154,prior_field_cluster,street,1,3541.6000000000004,-2268.35,0.1538,0.1235,0.25,1,1,0,0,0,0,none,4,4091.8
9d086e8bfaff,AD000155,vendor_pin,street,1,1155.8,-563.4,0.1818,0.1733,0.3226,1,1,0,0,0,0,street,4,1328.6
cafde1b005a9,AD000155,locality_centroid,locality,1,929.4,-822.2,0.1818,0.1733,0.3226,1,1,0,0,0,0,none,4,1134.9
e85a8c15f49f,AD000155,town_centroid,town,1,-172.75833333333335,-551.7416666666667,0.1818,0.1733,0.3226,1,1,0,0,0,0,none,4,0.0
ab985b42054a,AD000155,prior_field_cluster,street,1,1168.2,-606.8,0.1818,0.1733,0.3226,1,1,0,0,0,0,none,4,1342.1
970698834445,AD000156,vendor_pin,pincode,1,1540.6,-1875.4,0.0,0.0156,0.2029,0,1,0,0,0,0,pincode,2,2099.7
617d44c36e10,AD000156,town_centroid,town,1,-46.70000000000002,-500.9083333333333,0.0,0.0156,0.2029,0,1,0,0,0,0,none,2,0.0
99f96d267556,AD000157,vendor_pin,locality,1,3336.2,-1801.7,0.2,0.1562,0.3077,1,1,0,0,0,0,locality,3,3724.9
02f5bfb02a83,AD000157,locality_centroid,locality,1,3188.8,-1960.7,0.2,0.1562,0.3077,1,1,0,0,0,0,none,3,3644.9
24172eacd5c2,AD000157,town_centroid,town,1,-172.75833333333335,-551.7416666666667,0.2,0.1562,0.3077,1,1,0,0,0,0,none,3,0.0
6d99b12d8bbd,AD000159,vendor_pin,street,1,-2920.3,-125.4,0.1667,0.1765,0.3529,0,0,0,0,1,0,street,3,2780.4
249ceb003f3f,AD000159,town_centroid,town,1,-172.75833333333335,-551.7416666666667,0.1667,0.1765,0.3529,0,0,0,0,1,0,none,3,0.0
328bd50ab187,AD000159,prior_field_cluster,street,1,-2855.8,-126.2,0.1667,0.1765,0.3529,0,0,0,0,1,0,none,3,2716.6
dad00fa89f7f,AD000160,vendor_pin,locality,1,3714.4,463.4,0.1667,0.1772,0.3299,1,1,0,0,0,0,locality,3,4017.5
1a1d40868077,AD000160,locality_centroid,locality,1,3653.7,367.3,0.1667,0.1772,0.3299,1,1,0,0,0,0,none,3,3935.3
22fa6c53847c,AD000160,town_centroid,town,1,-172.75833333333335,-551.7416666666667,0.1667,0.1772,0.3299,1,1,0,0,0,0,none,3,0.0
cb1464c3ea65,AD000161,vendor_pin,locality,1,-2895.9,1119.9,0.25,0.2222,0.3944,1,1,0,0,0,0,locality,3,3278.0
1ede94626bc4,AD000161,locality_centroid,locality,1,-2863.9,1096.5,0.25,0.2222,0.3944,1,1,0,0,0,0,none,3,3238.6
8d230ffb7e35,AD000161,town_centroid,town,1,-46.70000000000002,-500.9083333333333,0.25,0.2222,0.3944,1,1,0,0,0,0,none,3,0.0
378aa8707681,AD000162,vendor_pin,street,1,868.5,-3513.3,0.2,0.1774,0.3023,1,1,0,0,0,0,street,3,3622.7
e7460783b991,AD000162,locality_centroid,locality,1,688.3,-3007.0,0.2,0.1774,0.3023,1,1,0,0,0,0,none,3,3120.9
eb56e8a2d818,AD000162,town_centroid,town,1,856.3249999999999,109.34166666666668,0.2,0.1774,0.3023,1,1,0,0,0,0,none,3,0.0
cff10d533554,AD000163,vendor_pin,locality,1,-628.9,2803.2,0.2857,0.24,0.3836,1,1,0,0,0,0,locality,4,3076.2
3f6f650f772b,AD000163,locality_centroid,locality,1,-603.5,2996.1,0.2857,0.24,0.3836,1,1,0,0,0,0,none,4,3234.9
f30c93e0eb13,AD000163,town_centroid,town,1,856.3249999999999,109.34166666666668,0.2857,0.24,0.3836,1,1,0,0,0,0,none,4,0.0
5e64fa55167a,AD000163,prior_field_cluster,street,1,-717.4,2785.1,0.2857,0.24,0.3836,1,1,0,0,0,0,none,4,3104.2
d0b7e98e527b,AD000164,vendor_pin,rooftop,1,2695.6,440.9,0.125,0.1346,0.3284,0,1,0,0,0,0,rooftop,2,1868.9
0f4d45ad57c7,AD000164,town_centroid,town,1,856.3249999999999,109.34166666666668,0.125,0.1346,0.3284,0,1,0,0,0,0,none,2,0.0
eba3dbe30e6b,AD000165,vendor_pin,locality,1,2982.7,527.8,0.3333,0.25,0.4364,1,1,0,0,0,0,locality,3,2167.2
28345124bdb1,AD000165,locality_centroid,locality,1,3029.6,575.7,0.3333,0.25,0.4364,1,1,0,0,0,0,none,3,2222.7
3ebd915d2952,AD000165,town_centroid,town,1,856.3249999999999,109.34166666666668,0.3333,0.25,0.4364,1,1,0,0,0,0,none,3,0.0
98591221fc40,AD000166,vendor_pin,street,1,2824.4,994.7,0.2222,0.1695,0.3288,1,0,0,0,0,0,street,3,2158.0
8807a959804c,AD000166,locality_centroid,locality,1,3029.6,575.7,0.2222,0.1695,0.3288,1,0,0,0,0,0,none,3,2222.7
01c150816613,AD000166,town_centroid,town,1,856.3249999999999,109.34166666666668,0.2222,0.1695,0.3288,1,0,0,0,0,0,none,3,0.0
fb508238cd3f,AD000167,vendor_pin,locality,1,515.6,-3087.4,0.1818,0.1549,0.2766,1,1,0,0,0,0,locality,3,3214.8
807bf7e9dd66,AD000167,locality_centroid,locality,1,688.3,-3007.0,0.1818,0.1549,0.2766,1,1,0,0,0,0,none,3,3120.9
ce788b4837a6,AD000167,town_centroid,town,1,856.3249999999999,109.34166666666668,0.1818,0.1549,0.2766,1,1,0,0,0,0,none,3,0.0
8ce338838b13,AD000168,vendor_pin,locality,1,-1851.1,2503.5,0.0833,0.1268,0.2697,0,1,0,0,0,0,locality,2,3504.6
390ae513fda9,AD000168,town_centroid,town,1,-46.70000000000002,-500.9083333333333,0.0833,0.1268,0.2697,0,1,0,0,0,0,none,2,0.0
5ee804b62218,AD000169,vendor_pin,locality,1,2621.5,-2220.3,0.0833,0.1061,0.2785,0,1,0,0,0,0,locality,3,3174.2
af5eb0372644,AD000169,town_centroid,town,1,-46.70000000000002,-500.9083333333333,0.0833,0.1061,0.2785,0,1,0,0,0,0,none,3,0.0
23efe9003c3c,AD000169,prior_field_cluster,street,1,3296.6,-2167.3,0.0833,0.1061,0.2785,0,1,0,0,0,0,none,3,3735.6
1bee6ea13edc,AD000170,vendor_pin,locality,1,-3874.2,-790.5,0.375,0.283,0.4722,1,1,0,0,0,0,locality,4,3709.1
908f95a0d086,AD000170,locality_centroid,locality,1,-3766.2,-883.9,0.375,0.283,0.4722,1,1,0,0,0,0,none,4,3608.8
ccbfd4722ed2,AD000170,town_centroid,town,1,-172.75833333333335,-551.7416666666667,0.375,0.283,0.4722,1,1,0,0,0,0,none,4,0.0
6a7f54f7fac9,AD000170,prior_field_cluster,street,1,-2959.8500000000004,-394.9,0.375,0.283,0.4722,1,1,0,0,0,0,none,4,2791.5
35165e3ea74f,AD000171,vendor_pin,pincode,1,330.4,46.5,0.0,0.0,0.1639,0,0,0,0,0,0,pincode,2,664.7
3127f5aa3d46,AD000171,town_centroid,town,1,-46.70000000000002,-500.9083333333333,0.0,0.0,0.1639,0,0,0,0,0,0,none,2,0.0
c4e794c034bc,AD000172,vendor_pin,locality,1,-2399.9,-2452.4,0.2,0.1719,0.3171,1,1,0,0,0,0,locality,4,3057.1
6df8d3dffae8,AD000172,locality_centroid,locality,1,-2195.4,-2378.6,0.2,0.1719,0.3171,1,1,0,0,0,0,none,4,2853.5
eb42bda9bb8c,AD000172,town_centroid,town,1,-46.70000000000002,-500.9083333333333,0.2,0.1719,0.3171,1,1,0,0,0,0,none,4,0.0
f041504a0db4,AD000172,prior_field_cluster,street,1,-2191.7,-2670.5,0.2,0.1719,0.3171,1,1,0,0,0,0,none,4,3050.9
51a1e105cccc,AD000173,vendor_pin,locality,1,1465.7,-2102.9,0.2,0.1475,0.2785,1,1,0,0,0,0,locality,4,2294.6
7edf800c250c,AD000173,locality_centroid,locality,1,1577.4,-2059.5,0.2,0.1475,0.2785,1,1,0,0,0,0,none,4,2285.6
2329bd91062a,AD000173,town_centroid,town,1,856.3249999999999,109.34166666666668,0.2,0.1475,0.2785,1,1,0,0,0,0,none,4,0.0
56f6de93bf1a,AD000173,prior_field_cluster,street,1,1433.7,-2339.6,0.2,0.1475,0.2785,1,1,0,0,0,0,none,4,2516.1
3954bbe24f17,AD000174,vendor_pin,locality,1,-361.7,1353.3,0.1667,0.1098,0.2157,1,1,0,0,0,0,locality,3,1741.0
352eb0af05bd,AD000174,locality_centroid,locality,1,-200.6,1476.5,0.1667,0.1098,0.2157,1,1,0,0,0,0,none,3,1728.1
c1257f5df3c1,AD000174,town_centroid,town,1,856.3249999999999,109.34166666666668,0.1667,0.1098,0.2157,1,1,0,0,0,0,none,3,0.0
491dd0860294,AD000175,vendor_pin,locality,1,1386.9,-2246.8,0.3333,0.2368,0.386,1,1,0,0,0,0,locality,3,2415.1
432f9fd6e59a,AD000175,locality_centroid,locality,1,1577.4,-2059.5,0.3333,0.2368,0.386,1,1,0,0,0,0,none,3,2285.6
9d2b313d728d,AD000175,town_centroid,town,1,856.3249999999999,109.34166666666668,0.3333,0.2368,0.386,1,1,0,0,0,0,none,3,0.0
ed0168e33dd5,AD000176,vendor_pin,locality,1,704.1,-3011.0,0.2,0.1719,0.3023,1,1,0,0,0,0,locality,4,3124.1
cfb3e7a4bbb7,AD000176,locality_centroid,locality,1,688.3,-3007.0,0.2,0.1719,0.3023,1,1,0,0,0,0,none,4,3120.9
456fb56d10be,AD000176,town_centroid,town,1,856.3249999999999,109.34166666666668,0.2,0.1719,0.3023,1,1,0,0,0,0,none,4,0.0
6bad5347425a,AD000176,prior_field_cluster,street,1,849.0,-2710.1499999999996,0.2,0.1719,0.3023,1,1,0,0,0,0,none,4,2819.5
629c1c0159e0,AD000177,vendor_pin,locality,1,-475.4,3134.0,0.1818,0.1733,0.3226,1,1,0,0,0,0,locality,3,3698.1
d1aeedf27136,AD000177,locality_centroid,locality,1,-438.3,3208.9,0.1818,0.1733,0.3226,1,1,0,0,0,0,none,3,3770.0
c879d6050fbc,AD000177,town_centroid,town,1,-172.75833333333335,-551.7416666666667,0.1818,0.1733,0.3226,1,1,0,0,0,0,none,3,0.0
861f0236e0b2,AD000178,vendor_pin,locality,1,1051.5,-76.3,0.1,0.0806,0.2432,0,1,0,0,0,0,locality,3,269.4
e205be1abf09,AD000178,town_centroid,town,1,856.3249999999999,109.34166666666668,0.1,0.0806,0.2432,0,1,0,0,0,0,none,3,0.0
7b2a0de7bda2,AD000178,prior_field_cluster,street,1,1097.1,190.2,0.1,0.0806,0.2432,0,1,0,0,0,0,none,3,254.0
afcad380a254,AD000179,vendor_pin,locality,1,2359.4,960.2,0.1111,0.125,0.339,0,1,0,0,0,0,locality,2,2815.0
311b584fdec0,AD000179,town_centroid,town,1,-46.70000000000002,-500.9083333333333,0.1111,0.125,0.339,0,1,0,0,0,0,none,2,0.0
add283cbb84e,AD000180,vendor_pin,locality,1,-2343.6,-2387.9,0.2,0.1774,0.321,1,1,0,0,0,0,locality,4,2972.6
93e6a0e78a45,AD000180,locality_centroid,locality,1,-2195.4,-2378.6,0.2,0.1774,0.321,1,1,0,0,0,0,none,4,2853.5
6c2b4167fab1,AD000180,town_centroid,town,1,-46.70000000000002,-500.9083333333333,0.2,0.1774,0.321,1,1,0,0,0,0,none,4,0.0
d0f3e167c8a2,AD000180,prior_field_cluster,street,1,-2231.4,-2703.7,0.2,0.1774,0.321,1,1,0,0,0,0,none,4,3102.5
ea30a04a5bff,AD000181,vendor_pin,locality,1,2829.6,647.4,0.2857,0.2128,0.3871,1,1,0,0,0,0,locality,3,2045.3
f374309f10d7,AD000181,locality_centroid,locality,1,3029.6,575.7,0.2857,0.2128,0.3871,1,1,0,0,0,0,none,3,2222.7
2877365302eb,AD000181,town_centroid,town,1,856.3249999999999,109.34166666666668,0.2857,0.2128,0.3871,1,1,0,0,0,0,none,3,0.0
f461f79f6693,AD000182,vendor_pin,locality,1,786.5,2761.6,0.2222,0.1695,0.3243,1,1,0,0,0,0,locality,4,2653.2
5ed0a6f98f29,AD000182,locality_centroid,locality,1,986.3,2772.6,0.2222,0.1695,0.3243,1,1,0,0,0,0,none,4,2666.4
f9398c48fb67,AD000182,town_centroid,town,1,856.3249999999999,109.34166666666668,0.2222,0.1695,0.3243,1,1,0,0,0,0,none,4,0.0
a369e6dc74a0,AD000182,prior_field_cluster,street,1,859.7,2683.6499999999996,0.2222,0.1695,0.3243,1,1,0,0,0,0,none,4,2574.3
ddbefd10cb86,AD000184,vendor_pin,locality,1,-2606.4,1774.9,0.1818,0.16,0.3077,1,1,0,0,0,0,locality,3,3366.9
9d227437e51a,AD000184,locality_centroid,locality,1,-2446.2,1613.2,0.1818,0.16,0.3077,1,1,0,0,0,0,none,3,3139.3
10664c6015e1,AD000184,town_centroid,town,1,-172.75833333333335,-551.7416666666667,0.1818,0.16,0.3077,1,1,0,0,0,0,none,3,0.0
35f6470e2122,AD000185,vendor_pin,street,1,1196.4,-1078.7,0.2,0.1912,0.3488,1,1,0,0,0,0,street,3,1467.1
0f07973e037e,AD000185,locality_centroid,locality,1,929.4,-822.2,0.2,0.1912,0.3488,1,1,0,0,0,0,none,3,1134.9
2697760ccf09,AD000185,town_centroid,town,1,-172.75833333333335,-551.7416666666667,0.2,0.1912,0.3488,1,1,0,0,0,0,none,3,0.0
7523aa1b2121,AD000186,vendor_pin,locality,1,2214.1,1612.9,0.2857,0.1489,0.2857,0,0,0,0,1,0,locality,2,2025.9
b0c82b6dfe91,AD000186,town_centroid,town,1,856.3249999999999,109.34166666666668,0.2857,0.1489,0.2857,0,0,0,0,1,0,none,2,0.0
7aad54e6f06a,AD000187,vendor_pin,locality,1,818.6,1146.2,0.1538,0.1176,0.2353,1,1,0,0,0,0,locality,4,1037.5
681e71df2b90,AD000187,locality_centroid,locality,1,987.4,1270.5,0.1538,0.1176,0.2353,1,1,0,0,0,0,none,4,1168.5
3378a78ac84e,AD000187,town_centroid,town,1,856.3249999999999,109.34166666666668,0.1538,0.1176,0.2353,1,1,0,0,0,0,none,4,0.0
82d3ef67b50b,AD000187,prior_field_cluster,street,1,1178.3,1055.4,0.1538,0.1176,0.2353,1,1,0,0,0,0,none,4,999.3
b48a233c375a,AD000188,vendor_pin,locality,1,773.3,-947.9,0.0909,0.1389,0.3023,0,1,0,0,0,0,locality,2,1025.7
9104bfe73f22,AD000188,town_centroid,town,1,-172.75833333333335,-551.7416666666667,0.0909,0.1389,0.3023,0,1,0,0,0,0,none,2,0.0
d7a8d7c74724,AD000189,vendor_pin,locality,1,3798.1,404.3,0.1667,0.1892,0.3441,1,1,0,0,0,0,locality,3,4084.3
090ab1a16ae8,AD000189,locality_centroid,locality,1,3653.7,367.3,0.1667,0.1892,0.3441,1,1,0,0,0,0,none,3,3935.3
25c0348406cf,AD000189,town_centroid,town,1,-172.75833333333335,-551.7416666666667,0.1667,0.1892,0.3441,1,1,0,0,0,0,none,3,0.0
c501d345d2be,AD000190,vendor_pin,locality,1,-891.8,-660.3,0.2,0.1379,0.2857,1,1,0,0,0,0,locality,3,727.2
91e2538332fa,AD000190,locality_centroid,locality,1,-722.6,-522.8,0.2,0.1379,0.2857,1,1,0,0,0,0,none,3,550.6
46004089d943,AD000190,town_centroid,town,1,-172.75833333333335,-551.7416666666667,0.2,0.1379,0.2857,1,1,0,0,0,0,none,3,0.0
b9ae2720c868,AD000191,vendor_pin,locality,1,-3779.1,-814.8,0.25,0.1852,0.34,1,1,0,0,0,0,locality,3,3615.9
c67c1e8e8be1,AD000191,locality_centroid,locality,1,-3766.2,-883.9,0.25,0.1852,0.34,1,1,0,0,0,0,none,3,3608.8
c7c305e8f00e,AD000191,town_centroid,town,1,-172.75833333333335,-551.7416666666667,0.25,0.1852,0.34,1,1,0,0,0,0,none,3,0.0
ed34b32301df,AD000192,vendor_pin,street,1,1608.3,-1898.4,0.25,0.1698,0.3014,1,1,0,0,0,0,street,3,2143.9
ca442d5fad91,AD000192,locality_centroid,locality,1,1577.4,-2059.5,0.25,0.1698,0.3014,1,1,0,0,0,0,none,3,2285.6
a49b41e6c2b8,AD000192,town_centroid,town,1,856.3249999999999,109.34166666666668,0.25,0.1698,0.3014,1,1,0,0,0,0,none,3,0.0
c83ff7639542,AD000193,vendor_pin,pincode,1,1647.3,-1343.3,0.0,0.0217,0.2222,0,1,0,0,0,0,pincode,3,1891.9
7c7b381baddb,AD000193,town_centroid,town,1,-46.70000000000002,-500.9083333333333,0.0,0.0217,0.2222,0,1,0,0,0,0,none,3,0.0
34069e868b9d,AD000193,prior_field_cluster,street,1,1656.3,-1278.8,0.0,0.0217,0.2222,0,1,0,0,0,0,none,3,1872.3
29c1285780ef,AD000194,vendor_pin,pincode,1,-1069.9,-1343.7,0.0,0.0588,0.2597,0,1,0,0,0,0,pincode,2,2412.8
0f39320c04f1,AD000194,town_centroid,town,1,856.3249999999999,109.34166666666668,0.0,0.0588,0.2597,0,1,0,0,0,0,none,2,0.0
c093edede515,AD000195,vendor_pin,locality,1,2363.1,967.3,0.25,0.1636,0.3235,1,1,0,0,0,0,locality,3,2821.8
ea0a1f226cfb,AD000195,locality_centroid,locality,1,2499.2,994.1,0.25,0.1636,0.3235,1,1,0,0,0,0,none,3,2952.4
bbc7ad1c13e4,AD000195,town_centroid,town,1,-46.70000000000002,-500.9083333333333,0.25,0.1636,0.3235,1,1,0,0,0,0,none,3,0.0
99b1c1bfaef3,AD000196,vendor_pin,locality,1,945.8,2597.2,0.25,0.2,0.3692,1,1,0,0,0,0,locality,3,2489.5
51cd84250c1c,AD000196,locality_centroid,locality,1,986.3,2772.6,0.25,0.2,0.3692,1,1,0,0,0,0,none,3,2666.4
4f7dfc876028,AD000196,town_centroid,town,1,856.3249999999999,109.34166666666668,0.25,0.2,0.3692,1,1,0,0,0,0,none,3,0.0
2662896cf37e,AD000197,vendor_pin,locality,1,-2506.8,-560.7,0.25,0.1875,0.3434,1,1,0,0,0,0,locality,4,2334.1
13e216d9370c,AD000197,locality_centroid,locality,1,-2605.6,-262.1,0.25,0.1875,0.3434,1,1,0,0,0,0,none,4,2450.0
a7d2e9df89c2,AD000197,town_centroid,town,1,-172.75833333333335,-551.7416666666667,0.25,0.1875,0.3434,1,1,0,0,0,0,none,4,0.0
36ff7d7ca35d,AD000197,prior_field_cluster,street,1,-2679.6000000000004,-148.35,0.25,0.1875,0.3434,1,1,0,0,0,0,none,4,2539.1
2ceaa48815a5,AD000198,vendor_pin,locality,1,-687.9,2819.2,0.25,0.2553,0.4118,1,0,0,0,0,0,locality,4,3119.0
06af6c4864c3,AD000198,locality_centroid,locality,1,-603.5,2996.1,0.25,0.2553,0.4118,1,0,0,0,0,0,none,4,3234.9
b037a058c49a,AD000198,town_centroid,town,1,856.3249999999999,109.34166666666668,0.25,0.2553,0.4118,1,0,0,0,0,0,none,4,0.0
dabe9ac78072,AD000198,prior_field_cluster,street,1,-479.0,3167.5,0.25,0.2553,0.4118,1,0,0,0,0,0,none,4,3337.0
87f8d42377d3,AD000199,vendor_pin,pincode,1,1548.5,-1492.6,0.1111,0.1094,0.3377,0,1,0,0,0,0,pincode,2,1878.3
a1e020df9ac9,AD000199,town_centroid,town,1,-46.70000000000002,-500.9083333333333,0.1111,0.1094,0.3377,0,1,0,0,0,0,none,2,0.0
65b4dc0afc15,AD000200,vendor_pin,pincode,1,1648.4,-1677.6,0.0,0.0238,0.1667,0,1,0,0,0,0,pincode,2,2063.5
ecb3d5edc6c9,AD000200,town_centroid,town,1,-46.70000000000002,-500.9083333333333,0.0,0.0238,0.1667,0,1,0,0,0,0,none,2,0.0
cbf3b8d435e6,AD000201,vendor_pin,locality,1,863.0,-195.9,0.2,0.1967,0.3636,1,1,0,0,0,0,locality,3,959.5
952cb21266a2,AD000201,locality_centroid,locality,1,1112.8,-196.7,0.2,0.1967,0.3636,1,1,0,0,0,0,none,3,1198.7
584f22890aa6,AD000201,town_centroid,town,1,-46.70000000000002,-500.9083333333333,0.2,0.1967,0.3636,1,1,0,0,0,0,none,3,0.0
a135017962dc,AD000202,vendor_pin,locality,1,3217.9,-1584.8,0.25,0.1923,0.3636,1,1,0,0,0,0,locality,4,3544.5
9a9745f841e9,AD000202,locality_centroid,locality,1,3188.8,-1960.7,0.25,0.1923,0.3636,1,1,0,0,0,0,none,4,3644.9
b8b52e467208,AD000202,town_centroid,town,1,-172.75833333333335,-551.7416666666667,0.25,0.1923,0.3636,1,1,0,0,0,0,none,4,0.0
da2096239dce,AD000202,prior_field_cluster,street,1,3562.0,-1789.0,0.25,0.1923,0.3636,1,1,0,0,0,0,none,4,3934.4
554a7b552a8f,AD000203,vendor_pin,locality,1,2899.4,-2173.1,0.1,0.1296,0.2769,0,1,0,0,0,0,locality,3,3387.6
bd2ed53911eb,AD000203,town_centroid,town,1,-46.70000000000002,-500.9083333333333,0.1,0.1296,0.2769,0,1,0,0,0,0,none,3,0.0
29c521310bc9,AD000203,prior_field_cluster,street,1,2643.9,-2416.3500000000004,0.1,0.1296,0.2769,0,1,0,0,0,0,none,3,3302.8
649403de8ebf,AD000204,vendor_pin,locality,1,1090.7,2601.2,0.2222,0.1639,0.3117,1,1,0,0,0,0,locality,4,2502.9
1275e8763bd3,AD000204,locality_centroid,locality,1,986.3,2772.6,0.2222,0.1639,0.3117,1,1,0,0,0,0,none,4,2666.4
53f1063dfc70,AD000204,town_centroid,town,1,856.3249999999999,109.34166666666668,0.2222,0.1639,0.3117,1,1,0,0,0,0,none,4,0.0
9dbe41c4b1ee,AD000204,prior_field_cluster,street,1,1006.4000000000001,2518.2,0.2222,0.1639,0.3117,1,1,0,0,0,0,none,4,2413.5
9f98eb344099,AD000205,vendor_pin,locality,1,-3668.2,-895.0,0.2727,0.2027,0.3656,1,1,0,0,0,0,locality,3,3512.3
ee8dad057340,AD000205,locality_centroid,locality,1,-3766.2,-883.9,0.2727,0.2027,0.3656,1,1,0,0,0,0,none,3,3608.8
49a5c5ce5ccb,AD000205,town_centroid,town,1,-172.75833333333335,-551.7416666666667,0.2727,0.2027,0.3656,1,1,0,0,0,0,none,3,0.0
6cdcdbf86d07,AD000206,vendor_pin,locality,1,-1710.6,2446.3,0.2,0.1774,0.3291,1,1,0,0,0,0,locality,3,3384.5
61a09f5b545b,AD000206,locality_centroid,locality,1,-1885.4,2441.1,0.2,0.1774,0.3291,1,1,0,0,0,0,none,3,3469.3
614a8753d330,AD000206,town_centroid,town,1,-46.70000000000002,-500.9083333333333,0.2,0.1774,0.3291,1,1,0,0,0,0,none,3,0.0
d71c1f489e90,AD000207,vendor_pin,locality,1,-2041.1,2351.0,0.1667,0.1528,0.2955,1,1,0,0,0,0,locality,3,3480.1
ba175806b54e,AD000207,locality_centroid,locality,1,-1885.4,2441.1,0.1667,0.1528,0.2955,1,1,0,0,0,0,none,3,3469.3
45f500fbc17c,AD000207,town_centroid,town,1,-46.70000000000002,-500.9083333333333,0.1667,0.1528,0.2955,1,1,0,0,0,0,none,3,0.0
afa7c43b95f2,AD000208,vendor_pin,street,1,-875.5,2948.7,0.2222,0.2097,0.3797,1,0,0,0,0,0,street,3,3570.3
2a9c54ee1fec,AD000208,locality_centroid,locality,1,-438.3,3208.9,0.2222,0.2097,0.3797,1,0,0,0,0,0,none,3,3770.0
360fa5c497c4,AD000208,town_centroid,town,1,-172.75833333333335,-551.7416666666667,0.2222,0.2097,0.3797,1,0,0,0,0,0,none,3,0.0
97cb16718f43,AD000209,vendor_pin,locality,1,2504.8,994.3,0.0769,0.1029,0.2532,0,1,0,0,0,0,locality,3,2957.3
726b22d550e0,AD000209,town_centroid,town,1,-46.70000000000002,-500.9083333333333,0.0769,0.1029,0.2532,0,1,0,0,0,0,none,3,0.0
b68ea77efd0a,AD000209,prior_field_cluster,street,1,2685.8,1032.4,0.0769,0.1029,0.2532,0,1,0,0,0,0,none,3,3133.3
7447cd313980,AD000210,vendor_pin,locality,1,-617.3,-417.4,0.25,0.1702,0.3333,1,1,0,0,0,0,locality,3,464.4
20f503471d56,AD000210,locality_centroid,locality,1,-722.6,-522.8,0.25,0.1702,0.3333,1,1,0,0,0,0,none,3,550.6
e03b1fe24805,AD000210,town_centroid,town,1,-172.75833333333335,-551.7416666666667,0.25,0.1702,0.3333,1,1,0,0,0,0,none,3,0.0
da2edcc1d269,AD000211,vendor_pin,street,1,1457.6,-3638.9,0.1818,0.1406,0.2716,1,1,0,0,0,0,street,3,3491.2
77c23a2dd51e,AD000211,locality_centroid,locality,1,1155.3,-3613.0,0.1818,0.1406,0.2716,1,1,0,0,0,0,none,3,3336.9
ca63925b9fd4,AD000211,town_centroid,town,1,-172.75833333333335,-551.7416666666667,0.1818,0.1406,0.2716,1,1,0,0,0,0,none,3,0.0
f9a472d6921d,AD000212,vendor_pin,street,1,667.9,-3156.5,0.2,0.1667,0.32,1,1,0,0,0,0,street,3,2750.1
3526239cd9fa,AD000212,locality_centroid,locality,1,665.2,-3094.2,0.2,0.1667,0.32,1,1,0,0,0,0,none,3,2689.2
adc8d0487cad,AD000212,town_centroid,town,1,-46.70000000000002,-500.9083333333333,0.2,0.1667,0.32,1,1,0,0,0,0,none,3,0.0
85b92f50d4b0,AD000213,vendor_pin,street,1,522.3,-3013.7,0.25,0.2083,0.3871,1,1,0,0,0,0,street,3,2576.4
3e5b049afa44,AD000213,locality_centroid,locality,1,665.2,-3094.2,0.25,0.2083,0.3871,1,1,0,0,0,0,none,3,2689.2
c2b7b40386d9,AD000213,town_centroid,town,1,-46.70000000000002,-500.9083333333333,0.25,0.2083,0.3871,1,1,0,0,0,0,none,3,0.0
dfe2e21c67a6,AD000214,vendor_pin,locality,1,719.5,-2910.2,0.1538,0.125,0.2553,1,1,0,0,0,0,locality,3,2528.2
0912a52e6175,AD000214,locality_centroid,locality,1,665.2,-3094.2,0.1538,0.125,0.2553,1,1,0,0,0,0,none,3,2689.2
240f4cb1a51d,AD000214,town_centroid,town,1,-46.70000000000002,-500.9083333333333,0.1538,0.125,0.2553,1,1,0,0,0,0,none,3,0.0
7d279b16649c,AD000216,vendor_pin,locality,1,-3765.5,-862.0,0.2308,0.1829,0.3366,1,1,0,0,0,0,locality,4,3606.1
862b941741e7,AD000216,locality_centroid,locality,1,-3766.2,-883.9,0.2308,0.1829,0.3366,1,1,0,0,0,0,none,4,3608.8
2d359870b827,AD000216,town_centroid,town,1,-172.75833333333335,-551.7416666666667,0.2308,0.1829,0.3366,1,1,0,0,0,0,none,4,0.0
3884fb89be5b,AD000216,prior_field_cluster,street,1,-4073.5,-1011.5,0.2308,0.1829,0.3366,1,1,0,0,0,0,none,4,3927.7
4117e4ac3c53,AD000217,vendor_pin,locality,1,1001.0,2555.0,0.1818,0.1587,0.3038,1,1,0,0,0,0,locality,3,2449.9
b4d070e737c3,AD000217,locality_centroid,locality,1,986.3,2772.6,0.1818,0.1587,0.3038,1,1,0,0,0,0,none,3,2666.4
32464861ea69,AD000217,town_centroid,town,1,856.3249999999999,109.34166666666668,0.1818,0.1587,0.3038,1,1,0,0,0,0,none,3,0.0
462c447f7598,AD000219,vendor_pin,locality,1,-2940.8,-248.6,0.2308,0.1948,0.3542,1,1,0,0,0,0,locality,3,2784.6
e4ac1a727b2b,AD000219,locality_centroid,locality,1,-2605.6,-262.1,0.2308,0.1948,0.3542,1,1,0,0,0,0,none,3,2450.0
60e42b154b0f,AD000219,town_centroid,town,1,-172.75833333333335,-551.7416666666667,0.2308,0.1948,0.3542,1,1,0,0,0,0,none,3,0.0
6b7a3ec7774a,AD000220,vendor_pin,locality,1,1146.3,-163.1,0.2222,0.1864,0.3467,1,1,0,0,0,0,locality,4,397.9
b5a3d677f7bc,AD000220,locality_centroid,locality,1,1046.9,-2.6,0.2222,0.1864,0.3467,1,1,0,0,0,0,none,4,221.0
f4cf7c234830,AD000220,town_centroid,town,1,856.3249999999999,109.34166666666668,0.2222,0.1864,0.3467,1,1,0,0,0,0,none,4,0.0
e21b2562277d,AD000220,prior_field_cluster,street,1,1444.5,-464.1,0.2222,0.1864,0.3467,1,1,0,0,0,0,none,4,821.5
68ee7bce7d04,AD000221,vendor_pin,locality,1,964.5,-798.0,0.1818,0.1781,0.3333,1,1,0,0,0,0,locality,4,1163.6
3bfb1e552df1,AD000221,locality_centroid,locality,1,929.4,-822.2,0.1818,0.1781,0.3333,1,1,0,0,0,0,none,4,1134.9
f7e4f74e5e80,AD000221,town_centroid,town,1,-172.75833333333335,-551.7416666666667,0.1818,0.1781,0.3333,1,1,0,0,0,0,none,4,0.0
c831546161de,AD000221,prior_field_cluster,street,1,691.8,-707.9,0.1818,0.1781,0.3333,1,1,0,0,0,0,none,4,878.5
e5a578b560ee,AD000222,vendor_pin,street,1,-720.3,3307.9,0.1429,0.1304,0.2435,1,1,0,0,0,0,street,3,3566.0
4562549260c5,AD000222,locality_centroid,locality,1,-603.5,2996.1,0.1429,0.1304,0.2435,1,1,0,0,0,0,none,3,3234.9
677c262e326b,AD000222,town_centroid,town,1,856.3249999999999,109.34166666666668,0.1429,0.1304,0.2435,1,1,0,0,0,0,none,3,0.0
a84813def453,AD000223,vendor_pin,locality,1,1664.9,-2000.5,0.2222,0.1452,0.2716,1,1,0,0,0,0,locality,4,2259.5
78675b51f5e3,AD000223,locality_centroid,locality,1,1577.4,-2059.5,0.2222,0.1452,0.2716,1,1,0,0,0,0,none,4,2285.6
67afb57c8f2d,AD000223,town_centroid,town,1,856.3249999999999,109.34166666666668,0.2222,0.1452,0.2716,1,1,0,0,0,0,none,4,0.0
12eb2dffad98,AD000223,prior_field_cluster,street,1,1915.2,-2164.5,0.2222,0.1452,0.2716,1,1,0,0,0,0,none,4,2508.3
39d854f5e32a,AD000224,vendor_pin,street,1,1482.8,285.8,0.1667,0.1429,0.2796,1,1,0,0,0,0,street,3,650.9
bfddba0657ab,AD000224,locality_centroid,locality,1,1046.9,-2.6,0.1667,0.1429,0.2796,1,1,0,0,0,0,none,3,221.0
a9c4d709d2e7,AD000224,town_centroid,town,1,856.3249999999999,109.34166666666668,0.1667,0.1429,0.2796,1,1,0,0,0,0,none,3,0.0
01f6d39d9498,AD000225,vendor_pin,street,1,2390.0,1082.8,0.1818,0.1429,0.275,1,1,0,0,0,0,street,3,2906.1
f0c5c142e4dc,AD000225,locality_centroid,locality,1,2499.2,994.1,0.1818,0.1429,0.275,1,1,0,0,0,0,none,3,2952.4
c1b7b3c0b24d,AD000225,town_centroid,town,1,-46.70000000000002,-500.9083333333333,0.1818,0.1429,0.275,1,1,0,0,0,0,none,3,0.0
6a705f89c3b8,AD000226,vendor_pin,locality,1,-1224.5,591.2,0.25,0.1774,0.3377,1,1,0,0,0,0,locality,3,1606.2
ebe0e7177984,AD000226,locality_centroid,locality,1,-1205.8,409.2,0.25,0.1774,0.3377,1,1,0,0,0,0,none,3,1473.7
b8dfa02411e0,AD000226,town_centroid,town,1,-46.70000000000002,-500.9083333333333,0.25,0.1774,0.3377,1,1,0,0,0,0,none,3,0.0
a07044b748f5,AD000227,vendor_pin,locality,1,813.6,-744.7,0.2222,0.2241,0.3947,1,1,0,0,0,0,locality,4,1005.1
b3b779c303c9,AD000227,locality_centroid,locality,1,929.4,-822.2,0.2222,0.2241,0.3947,1,1,0,0,0,0,none,4,1134.9
3379ef87b059,AD000227,town_centroid,town,1,-172.75833333333335,-551.7416666666667,0.2222,0.2241,0.3947,1,1,0,0,0,0,none,4,0.0
3df5ca87ced1,AD000227,prior_field_cluster,street,1,1161.6,-1190.1,0.2222,0.2241,0.3947,1,1,0,0,0,0,none,4,1479.2
4a6910c472b6,AD000228,vendor_pin,locality,1,3729.2,507.7,0.0714,0.15,0.3333,0,1,0,0,0,0,locality,3,4043.2
9cf5e108db25,AD000228,town_centroid,town,1,-172.75833333333335,-551.7416666666667,0.0714,0.15,0.3333,0,1,0,0,0,0,none,3,0.0
0e8c40422f9b,AD000228,prior_field_cluster,street,1,3803.6,179.4,0.0714,0.15,0.3333,0,1,0,0,0,0,none,3,4043.0
bb91c00c2673,AD000229,vendor_pin,locality,1,-616.1,-1204.2,0.2,0.1549,0.2921,1,0,0,0,0,0,locality,3,904.9
152c1b2766ff,AD000229,locality_centroid,locality,1,-598.6,-1329.8,0.2,0.1549,0.2921,1,0,0,0,0,0,none,3,995.8
d9f58fd58d5c,AD000229,town_centroid,town,1,-46.70000000000002,-500.9083333333333,0.2,0.1549,0.2921,1,0,0,0,0,0,none,3,0.0
d58d7e6f28c3,AD000230,vendor_pin,locality,1,3472.1,772.5,0.2222,0.2188,0.381,1,1,1,0,0,0,locality,3,3878.0
8920a14cbe47,AD000230,locality_centroid,locality,1,3653.7,367.3,0.2222,0.2188,0.381,1,1,1,0,0,0,none,3,3935.3
ab21451d2e73,AD000230,town_centroid,town,1,-172.75833333333335,-551.7416666666667,0.2222,0.2188,0.381,1,1,1,0,0,0,none,3,0.0
a48230fef5bc,AD000231,vendor_pin,locality,1,228.5,2473.9,0.2222,0.2456,0.4416,1,1,0,0,0,0,locality,4,2987.5
62f6dfbc0433,AD000231,locality_centroid,locality,1,290.7,2335.2,0.2222,0.2456,0.4416,1,1,0,0,0,0,none,4,2856.1
5e5c80f80e68,AD000231,town_centroid,town,1,-46.70000000000002,-500.9083333333333,0.2222,0.2456,0.4416,1,1,0,0,0,0,none,4,0.0
5ba14a40ca3b,AD000231,prior_field_cluster,street,1,211.8,2554.7,0.2222,0.2456,0.4416,1,1,0,0,0,0,none,4,3066.5
01a9135b271e,AD000232,vendor_pin,street,1,-581.7,617.7,0.1818,0.1549,0.2989,1,1,0,0,0,0,street,3,1240.0
9727c7aca873,AD000232,locality_centroid,locality,1,-1205.8,409.2,0.1818,0.1549,0.2989,1,1,0,0,0,0,none,3,1473.7
eb38f8b76087,AD000232,town_centroid,town,1,-46.70000000000002,-500.9083333333333,0.1818,0.1549,0.2989,1,1,0,0,0,0,none,3,0.0
69d9d560f5af,AD000233,vendor_pin,locality,1,941.3,-651.0,0.0833,0.1493,0.321,0,1,0,0,0,0,locality,3,1118.5
993fa5e6537d,AD000233,town_centroid,town,1,-172.75833333333335,-551.7416666666667,0.0833,0.1493,0.321,0,1,0,0,0,0,none,3,0.0
45c43296f444,AD000233,prior_field_cluster,street,1,796.3,-763.5,0.0833,0.1493,0.321,0,1,0,0,0,0,none,3,991.9
7709b044befa,AD000234,vendor_pin,locality,1,642.8,1597.6,0.1,0.1786,0.3467,0,0,0,1,0,0,locality,2,2298.9
ffdead8150ef,AD000234,town_centroid,town,1,-172.75833333333335,-551.7416666666667,0.1,0.1786,0.3467,0,0,0,1,0,0,none,2,0.0
2988a7102ddd,AD000235,vendor_pin,locality,1,-3736.9,-902.5,0.1667,0.1389,0.3256,0,1,0,0,0,0,locality,2,3581.4
daeb3457264b,AD000235,town_centroid,town,1,-172.75833333333335,-551.7416666666667,0.1667,0.1389,0.3256,0,1,0,0,0,0,none,2,0.0
30e32c9227de,AD000236,vendor_pin,locality,1,2684.8,-2166.7,0.2222,0.1852,0.3529,1,1,0,0,0,0,locality,3,3199.4
120a88ce947d,AD000236,locality_centroid,locality,1,2735.1,-2128.6,0.2222,0.1852,0.3529,1,1,0,0,0,0,none,3,3223.0
3232eeee1296,AD000236,town_centroid,town,1,-46.70000000000002,-500.9083333333333,0.2222,0.1852,0.3529,1,1,0,0,0,0,none,3,0.0
dacce3590be0,AD000237,vendor_pin,pincode,1,-2184.1,1370.5,0.0,0.0164,0.2121,0,1,0,0,0,0,pincode,2,2840.9
a6957091dbaa,AD000237,town_centroid,town,1,-46.70000000000002,-500.9083333333333,0.0,0.0164,0.2121,0,1,0,0,0,0,none,2,0.0
ad8bf9bfd805,AD000238,vendor_pin,locality,1,-2879.8,1024.6,0.1818,0.1714,0.3218,1,1,0,0,0,0,locality,4,3217.7
44d94190f9dc,AD000238,locality_centroid,locality,1,-2863.9,1096.5,0.1818,0.1714,0.3218,1,1,0,0,0,0,none,4,3238.6
462406ca507e,AD000238,town_centroid,town,1,-46.70000000000002,-500.9083333333333,0.1818,0.1714,0.3218,1,1,0,0,0,0,none,4,0.0
735665618190,AD000238,prior_field_cluster,street,1,-2865.4,994.9,0.1818,0.1714,0.3218,1,1,0,0,0,0,none,4,3191.0
8b82937a30ad,AD000239,vendor_pin,street,1,1136.5,-741.5,0.2,0.1757,0.3297,1,1,0,0,0,0,street,4,1322.9
49df81bbc1ff,AD000239,locality_centroid,locality,1,929.4,-822.2,0.2,0.1757,0.3297,1,1,0,0,0,0,none,4,1134.9
8fe1312d9d5d,AD000239,town_centroid,town,1,-172.75833333333335,-551.7416666666667,0.2,0.1757,0.3297,1,1,0,0,0,0,none,4,0.0
1965d28d0158,AD000239,prior_field_cluster,street,1,1033.5,-720.5,0.2,0.1757,0.3297,1,1,0,0,0,0,none,4,1218.0
2078a3ee3376,AD000240,vendor_pin,locality,1,1351.7,-2043.6,0.2222,0.1475,0.2857,1,1,0,0,0,0,locality,3,2209.2
aa63b7a15c62,AD000240,locality_centroid,locality,1,1577.4,-2059.5,0.2222,0.1475,0.2857,1,1,0,0,0,0,none,3,2285.6
97d3fec8fd33,AD000240,town_centroid,town,1,856.3249999999999,109.34166666666668,0.2222,0.1475,0.2857,1,1,0,0,0,0,none,3,0.0
77043876c165,AD000241,vendor_pin,street,1,1150.8,812.1,0.1818,0.1562,0.2963,1,1,0,0,0,0,street,3,762.0
ec7105d4cec0,AD000241,locality_centroid,locality,1,987.4,1270.5,0.1818,0.1562,0.2963,1,1,0,0,0,0,none,3,1168.5
4cfdbab64b34,AD000241,town_centroid,town,1,856.3249999999999,109.34166666666668,0.1818,0.1562,0.2963,1,1,0,0,0,0,none,3,0.0
5bb8c2f80e16,AD000242,vendor_pin,rooftop,1,2715.6,1452.3,0.125,0.102,0.3,0,1,0,0,0,0,rooftop,2,2293.6
5f3b7b5c8b2a,AD000242,town_centroid,town,1,856.3249999999999,109.34166666666668,0.125,0.102,0.3,0,1,0,0,0,0,none,2,0.0
81b8c1d514da,AD000243,vendor_pin,street,1,1206.9,-744.9,0.25,0.2364,0.4167,1,1,0,0,0,0,street,3,1393.1
6fd9b57c5e3f,AD000243,locality_centroid,locality,1,929.4,-822.2,0.25,0.2364,0.4167,1,1,0,0,0,0,none,3,1134.9
f0c2dc792a27,AD000243,town_centroid,town,1,-172.75833333333335,-551.7416666666667,0.25,0.2364,0.4167,1,1,0,0,0,0,none,3,0.0
8fc065fa3f5e,AD000244,vendor_pin,locality,1,-3540.6,-883.3,0.2727,0.1875,0.34,1,1,0,0,0,0,locality,3,3384.1
2c6f724f9684,AD000244,locality_centroid,locality,1,-3766.2,-883.9,0.2727,0.1875,0.34,1,1,0,0,0,0,none,3,3608.8
d639e6c87391,AD000244,town_centroid,town,1,-172.75833333333335,-551.7416666666667,0.2727,0.1875,0.34,1,1,0,0,0,0,none,3,0.0
2972eb6f310b,AD000245,vendor_pin,pincode,1,2315.3,-2045.4,0.0,0.0213,0.2692,0,1,0,0,0,0,pincode,2,2822.1
070f356a0080,AD000245,town_centroid,town,1,-46.70000000000002,-500.9083333333333,0.0,0.0213,0.2692,0,1,0,0,0,0,none,2,0.0
bad658b68e45,AD000246,vendor_pin,locality,1,-1958.5,2486.1,0.1429,0.1341,0.2574,1,0,0,0,0,0,locality,3,3546.4
afa9ca2cfb56,AD000246,locality_centroid,locality,1,-1885.4,2441.1,0.1429,0.1341,0.2574,1,0,0,0,0,0,none,3,3469.3
eb6734561cba,AD000246,town_centroid,town,1,-46.70000000000002,-500.9083333333333,0.1429,0.1341,0.2574,1,0,0,0,0,0,none,3,0.0
34770f6440fb,AD000247,vendor_pin,pincode,1,1962.9,-1069.1,0.0,0.013,0.119,0,1,0,0,0,0,pincode,3,2088.4
80a81459bc4d,AD000247,town_centroid,town,1,-46.70000000000002,-500.9083333333333,0.0,0.013,0.119,0,1,0,0,0,0,none,3,0.0
f0794280f03a,AD000247,prior_field_cluster,street,1,797.45,-566.95,0.0,0.013,0.119,0,1,0,0,0,0,none,3,846.7
82d14b24e0a0,AD000248,vendor_pin,locality,1,1147.8,-3386.6,0.1818,0.1364,0.2619,1,1,0,0,0,0,locality,3,3127.3
5e8613c3c67f,AD000248,locality_centroid,locality,1,1155.3,-3613.0,0.1818,0.1364,0.2619,1,1,0,0,0,0,none,3,3336.9
f044e58b62b2,AD000248,town_centroid,town,1,-172.75833333333335,-551.7416666666667,0.1818,0.1364,0.2619,1,1,0,0,0,0,none,3,0.0
b557617ab198,AD000249,vendor_pin,street,1,1309.7,-694.4,0.1538,0.1398,0.2679,1,1,0,0,0,0,street,3,1489.3
beda1d6d95d9,AD000249,locality_centroid,locality,1,929.4,-822.2,0.1538,0.1398,0.2679,1,1,0,0,0,0,none,3,1134.9
ca3e7f790929,AD000249,town_centroid,town,1,-172.75833333333335,-551.7416666666667,0.1538,0.1398,0.2679,1,1,0,0,0,0,none,3,0.0
842114ad1305,AD000250,vendor_pin,locality,1,879.7,2744.0,0.3333,0.2439,0.4286,1,1,0,0,0,0,locality,3,2634.8
e007e19c106d,AD000250,locality_centroid,locality,1,986.3,2772.6,0.3333,0.2439,0.4286,1,1,0,0,0,0,none,3,2666.4
d3a977be6eef,AD000250,town_centroid,town,1,856.3249999999999,109.34166666666668,0.3333,0.2439,0.4286,1,1,0,0,0,0,none,3,0.0
3a9610b16034,AD000251,vendor_pin,locality,1,-1288.4,279.3,0.2,0.193,0.3562,1,1,0,0,0,0,locality,4,1466.5
d12788fbc737,AD000251,locality_centroid,locality,1,-1205.8,409.2,0.2,0.193,0.3562,1,1,0,0,0,0,none,4,1473.7
e00b2257f6ac,AD000251,town_centroid,town,1,-46.70000000000002,-500.9083333333333,0.2,0.193,0.3562,1,1,0,0,0,0,none,4,0.0
d89adf0e8592,AD000251,prior_field_cluster,street,1,-1498.6,569.8,0.2,0.193,0.3562,1,1,0,0,0,0,none,4,1804.0
8170e952f70d,AD000252,vendor_pin,locality,1,3587.9,471.9,0.2,0.2545,0.4384,1,1,0,0,0,0,locality,3,3897.5
33b6e500cf39,AD000252,locality_centroid,locality,1,3653.7,367.3,0.2,0.2545,0.4384,1,1,0,0,0,0,none,3,3935.3
35e280d0da43,AD000252,town_centroid,town,1,-172.75833333333335,-551.7416666666667,0.2,0.2545,0.4384,1,1,0,0,0,0,none,3,0.0
a0c70806b057,AD000253,vendor_pin,locality,1,639.8,-2990.8,0.25,0.2083,0.381,1,1,0,0,0,0,locality,4,2582.8
8c5df2355732,AD000253,locality_centroid,locality,1,665.2,-3094.2,0.25,0.2083,0.381,1,1,0,0,0,0,none,4,2689.2
3a5dc9c7f3b8,AD000253,town_centroid,town,1,-46.70000000000002,-500.9083333333333,0.25,0.2083,0.381,1,1,0,0,0,0,none,4,0.0
1b7baeadb6b6,AD000253,prior_field_cluster,street,1,524.6,-2848.1,0.25,0.2083,0.381,1,1,0,0,0,0,none,4,2415.7
50dc75169e65,AD000254,vendor_pin,locality,1,-706.9,-1257.4,0.1538,0.1294,0.2574,1,1,0,0,0,0,locality,3,1004.1
a184545b6cc6,AD000254,locality_centroid,locality,1,-598.6,-1329.8,0.1538,0.1294,0.2574,1,1,0,0,0,0,none,3,995.8
f2ef65cbdb25,AD000254,town_centroid,town,1,-46.70000000000002,-500.9083333333333,0.1538,0.1294,0.2574,1,1,0,0,0,0,none,3,0.0
acec176c12fe,AD000255,vendor_pin,locality,1,2426.5,1164.2,0.0667,0.0886,0.2222,0,1,0,0,0,0,locality,3,2981.5
783ad25a7d0b,AD000255,town_centroid,town,1,-46.70000000000002,-500.9083333333333,0.0667,0.0886,0.2222,0,1,0,0,0,0,none,3,0.0
54a8f4edfddc,AD000255,prior_field_cluster,street,1,2385.3500000000004,933.45,0.0667,0.0886,0.2222,0,1,0,0,0,0,none,3,2823.5
aac705adc788,AD000256,vendor_pin,street,1,-184.5,-1112.1,0.2,0.1774,0.3291,1,1,0,0,0,0,street,3,626.5
3c9865844c9f,AD000256,locality_centroid,locality,1,-598.6,-1329.8,0.2,0.1774,0.3291,1,1,0,0,0,0,none,3,995.8
5f802305b86e,AD000256,town_centroid,town,1,-46.70000000000002,-500.9083333333333,0.2,0.1774,0.3291,1,1,0,0,0,0,none,3,0.0
714ec52d9c5e,AD000257,vendor_pin,rooftop,1,3057.3,-2267.5,0.2,0.1449,0.2791,1,1,0,0,0,0,rooftop,4,3571.5
efab2d07dd81,AD000257,locality_centroid,locality,1,2735.1,-2128.6,0.2,0.1449,0.2791,1,1,0,0,0,0,none,4,3223.0
e8a8ca211a9f,AD000257,town_centroid,town,1,-46.70000000000002,-500.9083333333333,0.2,0.1449,0.2791,1,1,0,0,0,0,none,4,0.0
3c588f3c730e,AD000257,prior_field_cluster,street,1,2954.0,-2199.2,0.2,0.1449,0.2791,1,1,0,0,0,0,none,4,3448.0
187916ba5698,AD000258,vendor_pin,pincode,1,-1837.3,-1502.0,0.0,0.0563,0.15,0,1,0,0,0,0,pincode,3,1916.7
b135117f0a97,AD000258,town_centroid,town,1,-172.75833333333335,-551.7416666666667,0.0,0.0563,0.15,0,1,0,0,0,0,none,3,0.0
3f011e8508cc,AD000258,prior_field_cluster,street,1,-661.25,-3375.95,0.0,0.0563,0.15,0,1,0,0,0,0,none,3,2866.1
6224a4546bbd,AD000259,vendor_pin,rooftop,1,2840.3,-2363.6,0.0833,0.0933,0.2444,0,1,0,0,0,0,rooftop,2,3435.8
79ad8ba83dcf,AD000259,town_centroid,town,1,-46.70000000000002,-500.9083333333333,0.0833,0.0933,0.2444,0,1,0,0,0,0,none,2,0.0
d4594e597702,AD000260,vendor_pin,street,1,1117.9,-221.2,0.2,0.1846,0.3333,1,1,0,0,0,0,street,4,1197.7
cc376bd0c6a6,AD000260,locality_centroid,locality,1,1112.8,-196.7,0.2,0.1846,0.3333,1,1,0,0,0,0,none,4,1198.7
474226f34596,AD000260,town_centroid,town,1,-46.70000000000002,-500.9083333333333,0.2,0.1846,0.3333,1,1,0,0,0,0,none,4,0.0
ca5ee80b034d,AD000260,prior_field_cluster,street,1,1037.8,-451.0,0.2,0.1846,0.3333,1,1,0,0,0,0,none,4,1085.6
14cc8a0c876c,AD000261,vendor_pin,locality,1,978.3,-31.3,0.1818,0.1429,0.2737,1,1,0,0,0,0,locality,3,186.2
64da16adfb3d,AD000261,locality_centroid,locality,1,1046.9,-2.6,0.1818,0.1429,0.2737,1,1,0,0,0,0,none,3,221.0
2dfcb9e92487,AD000261,town_centroid,town,1,856.3249999999999,109.34166666666668,0.1818,0.1429,0.2737,1,1,0,0,0,0,none,3,0.0
8af6f0d1cc6c,AD000263,vendor_pin,locality,1,922.4,2768.2,0.2222,0.1667,0.32,1,1,0,0,0,0,locality,3,2659.7
d090b5687f31,AD000263,locality_centroid,locality,1,986.3,2772.6,0.2222,0.1667,0.32,1,1,0,0,0,0,none,3,2666.4
df92c0454fac,AD000263,town_centroid,town,1,856.3249999999999,109.34166666666668,0.2222,0.1667,0.32,1,1,0,0,0,0,none,3,0.0
febd0acc0935,AD000264,vendor_pin,locality,1,3015.8,634.3,0.2222,0.1852,0.3478,1,1,0,0,0,0,locality,3,2222.4
dc150aa56e7e,AD000264,locality_centroid,locality,1,3029.6,575.7,0.2222,0.1852,0.3478,1,1,0,0,0,0,none,3,2222.7
e68aea9ca1f8,AD000264,town_centroid,town,1,856.3249999999999,109.34166666666668,0.2222,0.1852,0.3478,1,1,0,0,0,0,none,3,0.0
b2bdb4dc5968,AD000265,vendor_pin,street,1,2825.6,744.4,0.1,0.1373,0.3175,0,1,0,0,0,0,street,2,3130.6
09d3b068167d,AD000265,town_centroid,town,1,-46.70000000000002,-500.9083333333333,0.1,0.1373,0.3175,0,1,0,0,0,0,none,2,0.0
e84e82b42bd4,AD000266,vendor_pin,locality,1,2472.7,1773.6,0.25,0.1556,0.2857,1,1,0,0,0,0,locality,3,2320.0
c724654d9538,AD000266,locality_centroid,locality,1,2308.9,1849.5,0.25,0.1556,0.2857,1,1,0,0,0,0,none,3,2266.7
aaf7fc3b439e,AD000266,town_centroid,town,1,856.3249999999999,109.34166666666668,0.25,0.1556,0.2857,1,1,0,0,0,0,none,3,0.0
d4a033337f21,AD000267,vendor_pin,locality,1,2756.7,-991.5,0.4,0.3333,0.5455,1,0,0,0,0,0,locality,3,2196.2
0ad51f888dba,AD000267,locality_centroid,locality,1,2589.2,-1273.1,0.4,0.3333,0.5455,1,0,0,0,0,0,none,3,2216.8
c82c29d40fd6,AD000267,town_centroid,town,1,856.3249999999999,109.34166666666668,0.4,0.3333,0.5455,1,0,0,0,0,0,none,3,0.0
a5b5bc1e1a76,AD000268,vendor_pin,locality,1,898.5,2650.2,0.3333,0.2632,0.4528,1,1,0,0,0,0,locality,4,2541.2
309d361afb68,AD000268,locality_centroid,locality,1,986.3,2772.6,0.3333,0.2632,0.4528,1,1,0,0,0,0,none,4,2666.4
fdb4ced26f1d,AD000268,town_centroid,town,1,856.3249999999999,109.34166666666668,0.3333,0.2632,0.4528,1,1,0,0,0,0,none,4,0.0
ea0ccdccdd2b,AD000268,prior_field_cluster,street,1,956.7,3025.5,0.3333,0.2632,0.4528,1,1,0,0,0,0,none,4,2917.9
3d82f3ed0b33,AD000269,vendor_pin,locality,1,-2149.6,-2274.9,0.2,0.1746,0.3291,1,1,0,0,0,0,locality,3,2751.2
3888cd63a1fd,AD000269,locality_centroid,locality,1,-2195.4,-2378.6,0.2,0.1746,0.3291,1,1,0,0,0,0,none,3,2853.5
97cab49080d5,AD000269,town_centroid,town,1,-46.70000000000002,-500.9083333333333,0.2,0.1746,0.3291,1,1,0,0,0,0,none,3,0.0
eb41a24dabff,AD000270,vendor_pin,locality,1,903.1,-852.7,0.2857,0.2826,0.4762,1,1,0,0,0,0,locality,3,1117.2
49c5c5d96194,AD000270,locality_centroid,locality,1,929.4,-822.2,0.2857,0.2826,0.4762,1,1,0,0,0,0,none,3,1134.9
a4a63602a394,AD000270,town_centroid,town,1,-172.75833333333335,-551.7416666666667,0.2857,0.2826,0.4762,1,1,0,0,0,0,none,3,0.0
82802a35e67b,AD000272,vendor_pin,locality,1,-2582.9,-112.9,0.1429,0.1235,0.2947,0,1,0,0,0,0,locality,2,2449.8
578a9180f437,AD000272,town_centroid,town,1,-172.75833333333335,-551.7416666666667,0.1429,0.1235,0.2947,0,1,0,0,0,0,none,2,0.0
f83d77bb2c09,AD000273,vendor_pin,pincode,1,-1141.9,-1670.5,0.0,0.08,0.2414,0,1,0,0,0,0,pincode,2,1480.2
009df32ce024,AD000273,town_centroid,town,1,-172.75833333333335,-551.7416666666667,0.0,0.08,0.2414,0,1,0,0,0,0,none,2,0.0
e5c7436af9d6,AD000274,vendor_pin,locality,1,-1111.4,-3205.8,0.1667,0.1429,0.2791,1,1,0,0,0,0,locality,3,2906.9
f1cb70be2cb4,AD000274,locality_centroid,locality,1,-1053.3,-3163.0,0.1667,0.1429,0.2791,1,1,0,0,0,0,none,3,2846.0
fcceb5aa2788,AD000274,town_centroid,town,1,-46.70000000000002,-500.9083333333333,0.1667,0.1429,0.2791,1,1,0,0,0,0,none,3,0.0
85eb27e0691c,AD000275,vendor_pin,pincode,1,-1476.6,-1470.9,0.0,0.0889,0.2642,0,1,0,0,0,0,pincode,3,2817.7
4d9ae1e32e59,AD000275,town_centroid,town,1,856.3249999999999,109.34166666666668,0.0,0.0889,0.2642,0,1,0,0,0,0,none,3,0.0
1f4795aae962,AD000275,prior_field_cluster,street,1,1713.0,-2106.1,0.0,0.0889,0.2642,0,1,0,0,0,0,none,3,2375.3
ed2e3f7556ad,AD000276,vendor_pin,locality,1,522.5,2280.2,0.1667,0.2,0.3736,1,1,0,0,0,0,locality,3,2838.8
3658ddec5140,AD000276,locality_centroid,locality,1,290.7,2335.2,0.1667,0.2,0.3736,1,1,0,0,0,0,none,3,2856.1
0b9d96c7166b,AD000276,town_centroid,town,1,-46.70000000000002,-500.9083333333333,0.1667,0.2,0.3736,1,1,0,0,0,0,none,3,0.0
fea1d1484e53,AD000277,vendor_pin,locality,1,-1047.5,-3345.7,0.25,0.1887,0.3529,1,1,0,0,0,0,locality,3,3015.7
0a3c7d25d9c1,AD000277,locality_centroid,locality,1,-1053.3,-3163.0,0.25,0.1887,0.3529,1,1,0,0,0,0,none,3,2846.0
2fce3dbc8c97,AD000277,town_centroid,town,1,-46.70000000000002,-500.9083333333333,0.25,0.1887,0.3529,1,1,0,0,0,0,none,3,0.0
2b99359329d0,AD000278,vendor_pin,street,1,-1906.6,-2723.3,0.2222,0.1803,0.3059,1,1,0,0,0,0,street,3,3957.0
5f86c5b9ee34,AD000278,locality_centroid,locality,1,-1600.3,-2801.9,0.2222,0.1803,0.3059,1,1,0,0,0,0,none,3,3809.2
39fa6e4b3b39,AD000278,town_centroid,town,1,856.3249999999999,109.34166666666668,0.2222,0.1803,0.3059,1,1,0,0,0,0,none,3,0.0
7a2b9ac1d51d,AD000279,vendor_pin,locality,1,-3677.9,-989.3,0.2308,0.1875,0.3434,1,1,0,0,0,0,locality,3,3532.3
530b22617b5b,AD000279,locality_centroid,locality,1,-3766.2,-883.9,0.2308,0.1875,0.3434,1,1,0,0,0,0,none,3,3608.8
750be7aab331,AD000279,town_centroid,town,1,-172.75833333333335,-551.7416666666667,0.2308,0.1875,0.3434,1,1,0,0,0,0,none,3,0.0
94be4593c61f,AD000280,vendor_pin,locality,1,984.7,-613.0,0.1111,0.1695,0.3836,0,1,0,0,0,0,locality,2,1159.1
a8c13d991571,AD000280,town_centroid,town,1,-172.75833333333335,-551.7416666666667,0.1111,0.1695,0.3836,0,1,0,0,0,0,none,2,0.0
b2532996ad4c,AD000281,vendor_pin,locality,1,636.6,-3211.2,0.0833,0.1231,0.2821,0,1,0,0,0,0,locality,2,2795.1
4fcded990513,AD000281,town_centroid,town,1,-46.70000000000002,-500.9083333333333,0.0833,0.1231,0.2821,0,1,0,0,0,0,none,2,0.0
a6fafd54ea54,AD000282,vendor_pin,street,1,723.4,-4003.0,0.25,0.2,0.3548,1,1,0,0,0,0,street,3,3565.7
e54499149df7,AD000282,locality_centroid,locality,1,1155.3,-3613.0,0.25,0.2,0.3548,1,1,0,0,0,0,none,3,3336.9
fc5a29a60efa,AD000282,town_centroid,town,1,-172.75833333333335,-551.7416666666667,0.25,0.2,0.3548,1,1,0,0,0,0,none,3,0.0
7c8661759d16,AD000284,vendor_pin,street,1,-207.1,2982.8,0.25,0.1967,0.3333,1,1,0,0,0,0,street,4,3063.9
d810bb45bf54,AD000284,locality_centroid,locality,1,-603.5,2996.1,0.25,0.1967,0.3333,1,1,0,0,0,0,none,4,3234.9
0f11f3afa4b0,AD000284,town_centroid,town,1,856.3249999999999,109.34166666666668,0.25,0.1967,0.3333,1,1,0,0,0,0,none,4,0.0
41cb5c1bd518,AD000284,prior_field_cluster,street,1,-441.3,3060.5,0.25,0.1967,0.3333,1,1,0,0,0,0,none,4,3223.8
e9a2ee7c817c,AD000285,vendor_pin,locality,1,341.9,2371.7,0.2,0.209,0.3864,1,1,0,0,0,0,locality,4,2898.8
09ea840fa517,AD000285,locality_centroid,locality,1,290.7,2335.2,0.2,0.209,0.3864,1,1,0,0,0,0,none,4,2856.1
0de74c3b4662,AD000285,town_centroid,town,1,-46.70000000000002,-500.9083333333333,0.2,0.209,0.3864,1,1,0,0,0,0,none,4,0.0
d23c6301d30a,AD000285,prior_field_cluster,street,1,381.0,2789.5,0.2,0.209,0.3864,1,1,0,0,0,0,none,4,3318.1
9d8351ebdd95,AD000286,vendor_pin,locality,1,692.4,-3047.4,0.2,0.1562,0.3077,1,1,0,0,0,0,locality,4,2651.6
5e7282d0a61e,AD000286,locality_centroid,locality,1,665.2,-3094.2,0.2,0.1562,0.3077,1,1,0,0,0,0,none,4,2689.2
04514cebd4cb,AD000286,town_centroid,town,1,-46.70000000000002,-500.9083333333333,0.2,0.1562,0.3077,1,1,0,0,0,0,none,4,0.0
05082741e230,AD000286,prior_field_cluster,street,1,420.54999999999995,-3336.6000000000004,0.2,0.1562,0.3077,1,1,0,0,0,0,none,4,2873.9
e2adea96628f,AD000287,vendor_pin,locality,1,2959.9,-2077.9,0.2222,0.1587,0.3077,1,0,0,0,0,0,locality,4,3395.1
951bdc4ca184,AD000287,locality_centroid,locality,1,2735.1,-2128.6,0.2222,0.1587,0.3077,1,0,0,0,0,0,none,4,3223.0
cceba7cce61b,AD000287,town_centroid,town,1,-46.70000000000002,-500.9083333333333,0.2222,0.1587,0.3077,1,0,0,0,0,0,none,4,0.0
426bf8108937,AD000287,prior_field_cluster,street,1,2779.5,-2405.75,0.2222,0.1587,0.3077,1,0,0,0,0,0,none,4,3408.2
41290d0045f0,AD000288,vendor_pin,locality,1,-2688.0,-197.1,0.25,0.1948,0.3542,1,1,0,0,0,0,locality,4,2540.1
64b06faece8b,AD000288,locality_centroid,locality,1,-2605.6,-262.1,0.25,0.1948,0.3542,1,1,0,0,0,0,none,4,2450.0
b9677092a2e5,AD000288,town_centroid,town,1,-172.75833333333335,-551.7416666666667,0.25,0.1948,0.3542,1,1,0,0,0,0,none,4,0.0
aa41a4c04472,AD000288,prior_field_cluster,street,1,-3051.05,-678.75,0.25,0.1948,0.3542,1,1,0,0,0,0,none,4,2881.1
c4731626550c,AD000290,vendor_pin,locality,1,3041.4,500.9,0.1538,0.119,0.2376,1,1,0,0,0,0,locality,4,2219.9
24dd5e2ed974,AD000290,locality_centroid,locality,1,3029.6,575.7,0.1538,0.119,0.2376,1,1,0,0,0,0,none,4,2222.7
e36b069ecd73,AD000290,town_centroid,town,1,856.3249999999999,109.34166666666668,0.1538,0.119,0.2376,1,1,0,0,0,0,none,4,0.0
3838f9f4fb64,AD000290,prior_field_cluster,street,1,2832.25,148.35000000000002,0.1538,0.119,0.2376,1,1,0,0,0,0,none,4,1976.3
500004f7373a,AD000291,vendor_pin,locality,1,3595.8,659.5,0.1818,0.1842,0.3404,1,1,0,0,0,0,locality,3,3958.4
5c70bb77e56a,AD000291,locality_centroid,locality,1,3653.7,367.3,0.1818,0.1842,0.3404,1,1,0,0,0,0,none,3,3935.3
66c4d28a71bf,AD000291,town_centroid,town,1,-172.75833333333335,-551.7416666666667,0.1818,0.1842,0.3404,1,1,0,0,0,0,none,3,0.0
e4bb67becc2b,AD000292,vendor_pin,locality,1,434.5,2165.1,0.1667,0.1772,0.34,1,1,0,0,0,0,locality,3,2709.1
dfb9f11a782f,AD000292,locality_centroid,locality,1,290.7,2335.2,0.1667,0.1772,0.34,1,1,0,0,0,0,none,3,2856.1
45e1fc667a0e,AD000292,town_centroid,town,1,-46.70000000000002,-500.9083333333333,0.1667,0.1772,0.34,1,1,0,0,0,0,none,3,0.0
8684a26ef900,AD000293,vendor_pin,locality,1,2460.6,1175.2,0.1667,0.1286,0.2651,1,1,0,0,0,0,locality,3,3015.9
51deb09418ec,AD000293,locality_centroid,locality,1,2499.2,994.1,0.1667,0.1286,0.2651,1,1,0,0,0,0,none,3,2952.4
17e39ad5b754,AD000293,town_centroid,town,1,-46.70000000000002,-500.9083333333333,0.1667,0.1286,0.2651,1,1,0,0,0,0,none,3,0.0
9232a923a100,AD000294,vendor_pin,pincode,1,317.9,-2199.1,0.2,0.1562,0.381,0,0,0,0,0,0,pincode,2,2370.4
a7745bb66f2c,AD000294,town_centroid,town,1,856.3249999999999,109.34166666666668,0.2,0.1562,0.381,0,0,0,0,0,0,none,2,0.0
a46cdc320ef8,AD000295,vendor_pin,street,1,1271.3,-2337.2,0.25,0.1636,0.2973,1,1,0,0,0,0,street,3,2481.5
ac9b764da3f0,AD000295,locality_centroid,locality,1,1577.4,-2059.5,0.25,0.1636,0.2973,1,1,0,0,0,0,none,3,2285.6
b428cbcf6a8f,AD000295,town_centroid,town,1,856.3249999999999,109.34166666666668,0.25,0.1636,0.2973,1,1,0,0,0,0,none,3,0.0
c5e7d39fe7b8,AD000296,vendor_pin,locality,1,2994.9,503.2,0.1818,0.1515,0.2927,1,1,0,0,0,0,locality,3,2174.5
71e6c839219f,AD000296,locality_centroid,locality,1,3029.6,575.7,0.1818,0.1515,0.2927,1,1,0,0,0,0,none,3,2222.7
3129f66c8d82,AD000296,town_centroid,town,1,856.3249999999999,109.34166666666668,0.1818,0.1515,0.2927,1,1,0,0,0,0,none,3,0.0
af7e4b12abda,AD000297,vendor_pin,street,1,2708.9,-2292.4,0.25,0.2174,0.3934,1,1,0,0,0,0,street,3,3286.8
06e8a4d8c5e8,AD000297,locality_centroid,locality,1,2735.1,-2128.6,0.25,0.2174,0.3934,1,1,0,0,0,0,none,3,3223.0
d7f9f91d1d7c,AD000297,town_centroid,town,1,-46.70000000000002,-500.9083333333333,0.25,0.2174,0.3934,1,1,0,0,0,0,none,3,0.0
73bea1dba07a,AD000298,vendor_pin,street,1,25.4,2765.6,0.2222,0.2414,0.4304,1,1,0,0,0,0,street,3,3267.3
6f71843785c6,AD000298,locality_centroid,locality,1,290.7,2335.2,0.2222,0.2414,0.4304,1,1,0,0,0,0,none,3,2856.1
0e9e7e76146f,AD000298,town_centroid,town,1,-46.70000000000002,-500.9083333333333,0.2222,0.2414,0.4304,1,1,0,0,0,0,none,3,0.0
3526e5b85d9b,AD000299,vendor_pin,pincode,1,1733.4,-1328.5,0.0,0.0222,0.1961,0,1,0,0,0,0,pincode,2,1963.1
e4ad4e58a3f5,AD000299,town_centroid,town,1,-46.70000000000002,-500.9083333333333,0.0,0.0222,0.1961,0,1,0,0,0,0,none,2,0.0
8faef403e372,AD000300,vendor_pin,locality,1,-2537.4,1777.6,0.1667,0.1538,0.2917,1,1,0,0,0,0,locality,3,3319.2
e2f8eec9ccd6,AD000300,locality_centroid,locality,1,-2446.2,1613.2,0.1667,0.1538,0.2917,1,1,0,0,0,0,none,3,3139.3
abec60af6f52,AD000300,town_centroid,town,1,-172.75833333333335,-551.7416666666667,0.1667,0.1538,0.2917,1,1,0,0,0,0,none,3,0.0
f341beb043cb,AD000301,vendor_pin,locality,1,-498.2,-376.8,0.2222,0.1864,0.3133,1,1,0,0,0,0,locality,3,1439.1
9f0e3599134c,AD000301,locality_centroid,locality,1,-533.7,-484.7,0.2222,0.1864,0.3133,1,1,0,0,0,0,none,3,1511.6
face088c5229,AD000301,town_centroid,town,1,856.3249999999999,109.34166666666668,0.2222,0.1864,0.3133,1,1,0,0,0,0,none,3,0.0
ae0357e686d3,AD000302,vendor_pin,locality,1,1095.4,-284.1,0.25,0.2353,0.4179,1,1,0,0,0,0,locality,3,1162.5
1007e5552c7b,AD000302,locality_centroid,locality,1,1112.8,-196.7,0.25,0.2353,0.4179,1,1,0,0,0,0,none,3,1198.7
9972b3e6b6f8,AD000302,town_centroid,town,1,-46.70000000000002,-500.9083333333333,0.25,0.2353,0.4179,1,1,0,0,0,0,none,3,0.0
e91fb6663366,AD000303,vendor_pin,locality,1,3771.7,305.4,0.1538,0.1687,0.3107,1,1,0,0,0,0,locality,4,4036.5
4d65db1e9696,AD000303,locality_centroid,locality,1,3653.7,367.3,0.1538,0.1687,0.3107,1,1,0,0,0,0,none,4,3935.3
5eb81bade7cb,AD000303,town_centroid,town,1,-172.75833333333335,-551.7416666666667,0.1538,0.1687,0.3107,1,1,0,0,0,0,none,4,0.0
eb7d949ef44a,AD000303,prior_field_cluster,street,1,3565.55,606.2,0.1538,0.1687,0.3107,1,1,0,0,0,0,none,4,3913.5
33292cdc3194,AD000304,vendor_pin,locality,1,1068.7,2777.7,0.2,0.1613,0.3117,1,1,0,0,0,0,locality,3,2676.8
e4b54d426a85,AD000304,locality_centroid,locality,1,986.3,2772.6,0.2,0.1613,0.3117,1,1,0,0,0,0,none,3,2666.4
36af1db7e71f,AD000304,town_centroid,town,1,856.3249999999999,109.34166666666668,0.2,0.1613,0.3117,1,1,0,0,0,0,none,3,0.0
05f392b7fa45,AD000305,vendor_pin,locality,1,-2621.5,1526.0,0.1667,0.2432,0.52,0,1,0,0,0,0,locality,2,3211.4
8c743104f7cd,AD000305,town_centroid,town,1,-172.75833333333335,-551.7416666666667,0.1667,0.2432,0.52,0,1,0,0,0,0,none,2,0.0
6ccf95e948e6,AD000306,vendor_pin,locality,1,3764.2,248.9,0.1667,0.1892,0.3478,1,1,0,0,0,0,locality,3,4017.5
d336dd5e39c2,AD000306,locality_centroid,locality,1,3653.7,367.3,0.1667,0.1892,0.3478,1,1,0,0,0,0,none,3,3935.3
c678526ab1fe,AD000306,town_centroid,town,1,-172.75833333333335,-551.7416666666667,0.1667,0.1892,0.3478,1,1,0,0,0,0,none,3,0.0
0cba92f6f333,AD000307,vendor_pin,street,1,-2945.2,1006.0,0.1818,0.1818,0.3256,1,1,0,0,0,0,street,3,3266.8
1e22da4b6ac3,AD000307,locality_centroid,locality,1,-2863.9,1096.5,0.1818,0.1818,0.3256,1,1,0,0,0,0,none,3,3238.6
8f00da653a30,AD000307,town_centroid,town,1,-46.70000000000002,-500.9083333333333,0.1818,0.1818,0.3256,1,1,0,0,0,0,none,3,0.0
b0219a89cbc6,AD000308,vendor_pin,locality,1,3640.3,506.5,0.1429,0.1556,0.2936,1,1,0,0,0,0,locality,3,3957.2
071f0d561570,AD000308,locality_centroid,locality,1,3653.7,367.3,0.1429,0.1556,0.2936,1,1,0,0,0,0,none,3,3935.3
080a170d6cfa,AD000308,town_centroid,town,1,-172.75833333333335,-551.7416666666667,0.1429,0.1556,0.2936,1,1,0,0,0,0,none,3,0.0
384748b4f9e6,AD000309,vendor_pin,locality,1,2819.1,-2073.0,0.2857,0.2222,0.4068,1,1,0,0,0,0,locality,4,3268.7
25b2276010b9,AD000309,locality_centroid,locality,1,2735.1,-2128.6,0.2857,0.2222,0.4068,1,1,0,0,0,0,none,4,3223.0
e8e84be256d3,AD000309,town_centroid,town,1,-46.70000000000002,-500.9083333333333,0.2857,0.2222,0.4068,1,1,0,0,0,0,none,4,0.0
eb97287a3a3b,AD000309,prior_field_cluster,street,1,2810.5,-1771.1,0.2857,0.2222,0.4068,1,1,0,0,0,0,none,4,3126.8
9472b70978b1,AD000310,vendor_pin,pincode,1,-1199.4,-2182.4,0.0,0.0154,0.1972,0,1,0,0,0,0,pincode,2,2038.7
589fc8e687ba,AD000310,town_centroid,town,1,-46.70000000000002,-500.9083333333333,0.0,0.0154,0.1972,0,1,0,0,0,0,none,2,0.0
6e358512e5fb,AD000311,vendor_pin,locality,1,984.5,2609.2,0.25,0.2083,0.381,1,1,0,0,0,0,locality,3,2503.1
f45e4d5b2de9,AD000311,locality_centroid,locality,1,986.3,2772.6,0.25,0.2083,0.381,1,1,0,0,0,0,none,3,2666.4
30b09177abaa,AD000311,town_centroid,town,1,856.3249999999999,109.34166666666668,0.25,0.2083,0.381,1,1,0,0,0,0,none,3,0.0
bfa3a2238540,AD000312,vendor_pin,locality,1,497.7,1505.7,0.1667,0.1549,0.2921,1,1,0,0,0,0,locality,3,2163.9
ab4339ee7bd9,AD000312,locality_centroid,locality,1,524.3,1610.0,0.1667,0.1549,0.2921,1,1,0,0,0,0,none,3,2271.3
6094b44459c0,AD000312,town_centroid,town,1,-172.75833333333335,-551.7416666666667,0.1667,0.1549,0.2921,1,1,0,0,0,0,none,3,0.0
281828e48296,AD000313,vendor_pin,locality,1,-2728.9,-294.0,0.2308,0.1899,0.3469,1,1,0,0,0,0,locality,3,2569.1
166996378dd0,AD000313,locality_centroid,locality,1,-2605.6,-262.1,0.2308,0.1899,0.3469,1,1,0,0,0,0,none,3,2450.0
a41ccd2bf86b,AD000313,town_centroid,town,1,-172.75833333333335,-551.7416666666667,0.2308,0.1899,0.3469,1,1,0,0,0,0,none,3,0.0
3fa4573e8ae0,AD000314,vendor_pin,locality,1,2588.3,-1963.2,0.2,0.1587,0.3117,1,1,0,0,0,0,locality,4,3013.6
77cda3129398,AD000314,locality_centroid,locality,1,2735.1,-2128.6,0.2,0.1587,0.3117,1,1,0,0,0,0,none,4,3223.0
49b31f6516bf,AD000314,town_centroid,town,1,-46.70000000000002,-500.9083333333333,0.2,0.1587,0.3117,1,1,0,0,0,0,none,4,0.0
a571d6c7ac35,AD000314,prior_field_cluster,street,1,2517.95,-2130.15,0.2,0.1587,0.3117,1,1,0,0,0,0,none,4,3038.4
37833d001ac1,AD000315,vendor_pin,street,1,-1021.5,-3266.2,0.3333,0.2326,0.4138,1,1,0,0,0,0,street,3,2932.1
3674945629e3,AD000315,locality_centroid,locality,1,-1053.3,-3163.0,0.3333,0.2326,0.4138,1,1,0,0,0,0,none,3,2846.0
6bc3451abf65,AD000315,town_centroid,town,1,-46.70000000000002,-500.9083333333333,0.3333,0.2326,0.4138,1,1,0,0,0,0,none,3,0.0
a91588301375,AD000316,vendor_pin,street,1,2356.4,-2187.1,0.1667,0.1408,0.2759,1,1,0,0,0,0,street,4,2935.7
604ffcf4846f,AD000316,locality_centroid,locality,1,2735.1,-2128.6,0.1667,0.1408,0.2759,1,1,0,0,0,0,none,4,3223.0
03a43063cfe6,AD000316,town_centroid,town,1,-46.70000000000002,-500.9083333333333,0.1667,0.1408,0.2759,1,1,0,0,0,0,none,4,0.0
32e14af2672d,AD000316,prior_field_cluster,street,1,2384.3,-2147.6,0.1667,0.1408,0.2759,1,1,0,0,0,0,none,4,2936.2
4b28feefd284,AD000317,vendor_pin,pincode,1,-1833.5,1124.5,0.0,0.0127,0.1176,0,1,0,0,0,0,pincode,2,2415.5
b5644d2cb9e5,AD000317,town_centroid,town,1,-46.70000000000002,-500.9083333333333,0.0,0.0127,0.1176,0,1,0,0,0,0,none,2,0.0
0be95f7d595d,AD000318,vendor_pin,locality,1,1002.4,40.9,0.2,0.1818,0.3373,1,1,0,0,0,0,locality,3,1180.7
c4122b97e224,AD000318,locality_centroid,locality,1,1112.8,-196.7,0.2,0.1818,0.3373,1,1,0,0,0,0,none,3,1198.7
65afbd1c28d6,AD000318,town_centroid,town,1,-46.70000000000002,-500.9083333333333,0.2,0.1818,0.3373,1,1,0,0,0,0,none,3,0.0
8884af9107ab,AD000319,vendor_pin,locality,1,2771.2,-2024.6,0.1818,0.1562,0.3038,1,0,0,0,0,0,locality,3,3203.5
7100db27346f,AD000319,locality_centroid,locality,1,2735.1,-2128.6,0.1818,0.1562,0.3038,1,0,0,0,0,0,none,3,3223.0
590c359f70b2,AD000319,town_centroid,town,1,-46.70000000000002,-500.9083333333333,0.1818,0.1562,0.3038,1,0,0,0,0,0,none,3,0.0
abcf5c4bec88,AD000320,vendor_pin,pincode,1,1892.4,-1434.1,0.0,0.0105,0.1569,0,1,0,0,0,0,pincode,2,2152.0
8041edfbba9b,AD000320,town_centroid,town,1,-46.70000000000002,-500.9083333333333,0.0,0.0105,0.1569,0,1,0,0,0,0,none,2,0.0
c05fde53c3fe,AD000321,vendor_pin,locality,1,-2199.5,-2457.4,0.1818,0.1642,0.3095,1,1,0,0,0,0,locality,3,2909.0
73a3899f3807,AD000321,locality_centroid,locality,1,-2195.4,-2378.6,0.1818,0.1642,0.3095,1,1,0,0,0,0,none,3,2853.5
749fe4bd6231,AD000321,town_centroid,town,1,-46.70000000000002,-500.9083333333333,0.1818,0.1642,0.3095,1,1,0,0,0,0,none,3,0.0
2c453098fe36,AD000322,vendor_pin,street,1,3373.5,-2207.2,0.2,0.1667,0.3158,1,1,0,0,0,0,street,4,3822.2
474fa67abfe7,AD000322,locality_centroid,locality,1,2735.1,-2128.6,0.2,0.1667,0.3158,1,1,0,0,0,0,none,4,3223.0
e003a44df823,AD000322,town_centroid,town,1,-46.70000000000002,-500.9083333333333,0.2,0.1667,0.3158,1,1,0,0,0,0,none,4,0.0
b918c9be7076,AD000322,prior_field_cluster,street,1,3019.2,-2449.0,0.2,0.1667,0.3158,1,1,0,0,0,0,none,4,3632.5
ab917fb8aeaf,AD000323,vendor_pin,street,1,-2549.0,1875.0,0.1818,0.1644,0.3146,1,1,0,0,0,0,street,4,3396.4
374c3d792db6,AD000323,locality_centroid,locality,1,-2446.2,1613.2,0.1818,0.1644,0.3146,1,1,0,0,0,0,none,4,3139.3
30e88905ae61,AD000323,town_centroid,town,1,-172.75833333333335,-551.7416666666667,0.1818,0.1644,0.3146,1,1,0,0,0,0,none,4,0.0
cfe1f1245a2c,AD000323,prior_field_cluster,street,1,-2565.25,1841.3,0.1818,0.1644,0.3146,1,1,0,0,0,0,none,4,3383.9
4bbe5e2a1cb1,AD000324,vendor_pin,locality,1,-2294.5,1697.3,0.1538,0.1463,0.2828,1,1,0,0,0,0,locality,4,3091.9
45df870ac91d,AD000324,locality_centroid,locality,1,-2446.2,1613.2,0.1538,0.1463,0.2828,1,1,0,0,0,0,none,4,3139.3
988225596cd3,AD000324,town_centroid,town,1,-172.75833333333335,-551.7416666666667,0.1538,0.1463,0.2828,1,1,0,0,0,0,none,4,0.0
248ba61887d3,AD000324,prior_field_cluster,street,1,-2643.8,1709.1,0.1538,0.1463,0.2828,1,1,0,0,0,0,none,4,3349.2
ce1f7ecb1c55,AD000325,vendor_pin,locality,1,-3777.4,-867.7,0.1667,0.16,0.3261,0,1,0,0,0,0,locality,2,3618.5
bac291d617e2,AD000325,town_centroid,town,1,-172.75833333333335,-551.7416666666667,0.1667,0.16,0.3261,0,1,0,0,0,0,none,2,0.0
d904588aaf5c,AD000326,vendor_pin,pincode,1,-1868.8,-1311.3,0.0,0.0667,0.2353,0,1,0,0,0,0,pincode,2,1858.4
8bc6a439ef79,AD000326,town_centroid,town,1,-172.75833333333335,-551.7416666666667,0.0,0.0667,0.2353,0,1,0,0,0,0,none,2,0.0
fa258ea168d8,AD000327,vendor_pin,locality,1,1006.3,-146.5,0.0833,0.1169,0.2609,0,1,0,0,0,0,locality,2,1111.0
0964895ae367,AD000327,town_centroid,town,1,-46.70000000000002,-500.9083333333333,0.0833,0.1169,0.2609,0,1,0,0,0,0,none,2,0.0
16481db55b8a,AD000328,vendor_pin,locality,1,513.7,-2921.5,0.25,0.1887,0.3582,1,1,0,0,0,0,locality,4,2484.6
701e5c210662,AD000328,locality_centroid,locality,1,665.2,-3094.2,0.25,0.1887,0.3582,1,1,0,0,0,0,none,4,2689.2
689dce953fba,AD000328,town_centroid,town,1,-46.70000000000002,-500.9083333333333,0.25,0.1887,0.3582,1,1,0,0,0,0,none,4,0.0
5181e9ec2544,AD000328,prior_field_cluster,street,1,309.8,-2872.7,0.25,0.1887,0.3582,1,1,0,0,0,0,none,4,2398.4
1507ee2454ee,AD000330,vendor_pin,locality,1,2630.1,-1356.7,0.2222,0.1613,0.3117,1,1,0,0,0,0,locality,3,2301.2
9c38ce87dc9e,AD000330,locality_centroid,locality,1,2589.2,-1273.1,0.2222,0.1613,0.3117,1,1,0,0,0,0,none,3,2216.8
bc0be22b3282,AD000330,town_centroid,town,1,856.3249999999999,109.34166666666668,0.2222,0.1613,0.3117,1,1,0,0,0,0,none,3,0.0
8ecb802650b4,AD000331,vendor_pin,locality,1,2880.0,718.1,0.2222,0.1667,0.3243,1,1,0,0,0,0,locality,3,2113.3
22a9b1325552,AD000331,locality_centroid,locality,1,3029.6,575.7,0.2222,0.1667,0.3243,1,1,0,0,0,0,none,3,2222.7
40e3b9540d9c,AD000331,town_centroid,town,1,856.3249999999999,109.34166666666668,0.2222,0.1667,0.3243,1,1,0,0,0,0,none,3,0.0
1e967b20116b,AD000332,vendor_pin,locality,1,-426.5,2749.9,0.2,0.1791,0.3218,1,1,0,0,0,0,locality,3,2935.7
eddd5a87f640,AD000332,locality_centroid,locality,1,-603.5,2996.1,0.2,0.1791,0.3218,1,1,0,0,0,0,none,3,3234.9
b5899deb19ec,AD000332,town_centroid,town,1,856.3249999999999,109.34166666666668,0.2,0.1791,0.3218,1,1,0,0,0,0,none,3,0.0
3942d69eb423,AD000333,vendor_pin,locality,1,883.2,2560.6,0.1538,0.1333,0.2637,1,1,0,0,0,0,locality,3,2451.4
8cfb1aca07d7,AD000333,locality_centroid,locality,1,986.3,2772.6,0.1538,0.1333,0.2637,1,1,0,0,0,0,none,3,2666.4
2cf4ae08f980,AD000333,town_centroid,town,1,856.3249999999999,109.34166666666668,0.1538,0.1333,0.2637,1,1,0,0,0,0,none,3,0.0
96194975494c,AD000334,vendor_pin,locality,1,936.7,-2965.4,0.0909,0.127,0.2933,0,1,0,0,0,0,locality,2,2653.4
f37909ddb28e,AD000334,town_centroid,town,1,-46.70000000000002,-500.9083333333333,0.0909,0.127,0.2933,0,1,0,0,0,0,none,2,0.0
46801f764681,AD000335,vendor_pin,locality,1,3026.0,-1752.0,0.2,0.1471,0.2892,1,1,0,0,0,0,locality,3,3416.5
607971656c48,AD000335,locality_centroid,locality,1,3188.8,-1960.7,0.2,0.1471,0.2892,1,1,0,0,0,0,none,3,3644.9
65c97668d502,AD000335,town_centroid,town,1,-172.75833333333335,-551.7416666666667,0.2,0.1471,0.2892,1,1,0,0,0,0,none,3,0.0
9bc6e4bc40e6,AD000336,vendor_pin,locality,1,1486.4,-1939.8,0.1667,0.12,0.234,1,1,0,0,0,0,locality,4,2143.8
cca1e6d3c126,AD000336,locality_centroid,locality,1,1577.4,-2059.5,0.1667,0.12,0.234,1,1,0,0,0,0,none,4,2285.6
2897773c847b,AD000336,town_centroid,town,1,856.3249999999999,109.34166666666668,0.1667,0.12,0.234,1,1,0,0,0,0,none,4,0.0
be4b161b164b,AD000336,prior_field_cluster,street,1,1176.0,-2028.8,0.1667,0.12,0.234,1,1,0,0,0,0,none,4,2161.9
5e94dd5cc824,AD000337,vendor_pin,street,1,1479.8,-1999.4,0.1667,0.1125,0.2222,1,1,0,0,0,0,street,4,2199.0
1268e5001a66,AD000337,locality_centroid,locality,1,1577.4,-2059.5,0.1667,0.1125,0.2222,1,1,0,0,0,0,none,4,2285.6
b44449fe7a9c,AD000337,town_centroid,town,1,856.3249999999999,109.34166666666668,0.1667,0.1125,0.2222,1,1,0,0,0,0,none,4,0.0
278ed0e45051,AD000337,prior_field_cluster,street,1,1516.4,-2017.0,0.1667,0.1125,0.2222,1,1,0,0,0,0,none,4,2226.4
cfcfaf5df965,AD000338,vendor_pin,locality,1,1536.7,-2128.8,0.2222,0.1452,0.2716,1,1,0,0,0,0,locality,4,2339.3
ea4e31430e60,AD000338,locality_centroid,locality,1,1577.4,-2059.5,0.2222,0.1452,0.2716,1,1,0,0,0,0,none,4,2285.6
e52ce657aec1,AD000338,town_centroid,town,1,856.3249999999999,109.34166666666668,0.2222,0.1452,0.2716,1,1,0,0,0,0,none,4,0.0
a7d7bccb2dba,AD000338,prior_field_cluster,street,1,1210.9499999999998,-2014.5,0.2222,0.1452,0.2716,1,1,0,0,0,0,none,4,2153.2
8b7708b6240e,AD000339,vendor_pin,locality,1,1523.2,-2053.0,0.2222,0.1429,0.2683,1,1,0,0,0,0,locality,3,2262.8
d56e7adee024,AD000339,locality_centroid,locality,1,1577.4,-2059.5,0.2222,0.1429,0.2683,1,1,0,0,0,0,none,3,2285.6
50d98a77255d,AD000339,town_centroid,town,1,856.3249999999999,109.34166666666668,0.2222,0.1429,0.2683,1,1,0,0,0,0,none,3,0.0
acde1790efd6,AD000340,vendor_pin,locality,1,-572.7,-1114.1,0.1667,0.1447,0.2857,1,1,0,0,0,0,locality,3,807.9
4ba5b1a561c6,AD000340,locality_centroid,locality,1,-598.6,-1329.8,0.1667,0.1447,0.2857,1,1,0,0,0,0,none,3,995.8
9329fca9c9d4,AD000340,town_centroid,town,1,-46.70000000000002,-500.9083333333333,0.1667,0.1447,0.2857,1,1,0,0,0,0,none,3,0.0
c00894f6ebc3,AD000341,vendor_pin,locality,1,288.3,2340.7,0.1818,0.1972,0.3696,1,1,0,0,0,0,locality,3,2861.3
60bb8da9b572,AD000341,locality_centroid,locality,1,290.7,2335.2,0.1818,0.1972,0.3696,1,1,0,0,0,0,none,3,2856.1
bf476f9db34b,AD000341,town_centroid,town,1,-46.70000000000002,-500.9083333333333,0.1818,0.1972,0.3696,1,1,0,0,0,0,none,3,0.0
c3d6412c4bdb,AD000342,vendor_pin,locality,1,3653.2,344.9,0.2222,0.2545,0.4324,1,1,0,0,0,0,locality,4,3929.6
bc140671ad4e,AD000342,locality_centroid,locality,1,3653.7,367.3,0.2222,0.2545,0.4324,1,1,0,0,0,0,none,4,3935.3
4597628942ac,AD000342,town_centroid,town,1,-172.75833333333335,-551.7416666666667,0.2222,0.2545,0.4324,1,1,0,0,0,0,none,4,0.0
e8e0ef39b7ca,AD000342,prior_field_cluster,street,1,3541.7,-73.7,0.2222,0.2545,0.4324,1,1,0,0,0,0,none,4,3745.1
cf0a2b4e1374,AD000343,vendor_pin,locality,1,2855.5,515.3,0.0909,0.1077,0.2821,0,1,0,0,0,0,locality,2,2040.0
b4a8e91998dc,AD000343,town_centroid,town,1,856.3249999999999,109.34166666666668,0.0909,0.1077,0.2821,0,1,0,0,0,0,none,2,0.0
36aa3f102dad,AD000344,vendor_pin,locality,1,-954.0,-3115.4,0.2,0.1667,0.32,1,1,0,0,0,0,locality,3,2767.4
2c841a13fb5f,AD000344,locality_centroid,locality,1,-1053.3,-3163.0,0.2,0.1667,0.32,1,1,0,0,0,0,none,3,2846.0
d0ec0da46ad4,AD000344,town_centroid,town,1,-46.70000000000002,-500.9083333333333,0.2,0.1667,0.32,1,1,0,0,0,0,none,3,0.0
f8f3ac0640c4,AD000345,vendor_pin,locality,1,522.3,-2870.8,0.4,0.2857,0.4898,1,1,0,0,0,0,locality,3,2437.2
aeaa477e367b,AD000345,locality_centroid,locality,1,665.2,-3094.2,0.4,0.2857,0.4898,1,1,0,0,0,0,none,3,2689.2
85c8a55af104,AD000345,town_centroid,town,1,-46.70000000000002,-500.9083333333333,0.4,0.2857,0.4898,1,1,0,0,0,0,none,3,0.0
8bcb93f7abbc,AD000346,vendor_pin,street,1,-1574.7,217.8,0.25,0.1864,0.3514,1,1,0,0,0,0,street,3,1688.6
3ef378a5d60b,AD000346,locality_centroid,locality,1,-1205.8,409.2,0.25,0.1864,0.3514,1,1,0,0,0,0,none,3,1473.7
1e675220204b,AD000346,town_centroid,town,1,-46.70000000000002,-500.9083333333333,0.25,0.1864,0.3514,1,1,0,0,0,0,none,3,0.0
1ff0d5ea7171,AD000347,vendor_pin,pincode,1,1165.2,-2141.1,0.0,0.0556,0.175,0,1,0,0,0,0,pincode,2,2077.5
333bd35f3dac,AD000347,town_centroid,town,1,-172.75833333333335,-551.7416666666667,0.0,0.0556,0.175,0,1,0,0,0,0,none,2,0.0
2a2ff5b63b51,AD000348,vendor_pin,locality,1,-697.8,-658.0,0.2,0.1231,0.2564,1,1,0,0,0,0,locality,4,535.7
0a6a296176ef,AD000348,locality_centroid,locality,1,-722.6,-522.8,0.2,0.1231,0.2564,1,1,0,0,0,0,none,4,550.6
bcf4a62f06d2,AD000348,town_centroid,town,1,-172.75833333333335,-551.7416666666667,0.2,0.1231,0.2564,1,1,0,0,0,0,none,4,0.0
8406d3d63b26,AD000348,prior_field_cluster,street,1,-2290.85,-832.2,0.2,0.1231,0.2564,1,1,0,0,0,0,none,4,2136.6
05786d10ae51,AD000349,vendor_pin,locality,1,896.9,2688.7,0.2857,0.2128,0.3871,1,1,0,0,0,0,locality,3,2579.7
6782801934de,AD000349,locality_centroid,locality,1,986.3,2772.6,0.2857,0.2128,0.3871,1,1,0,0,0,0,none,3,2666.4
fb79db98fda2,AD000349,town_centroid,town,1,856.3249999999999,109.34166666666668,0.2857,0.2128,0.3871,1,1,0,0,0,0,none,3,0.0
24f662781b19,AD000350,vendor_pin,pincode,1,-765.8,2264.2,0.1,0.1091,0.2687,0,0,0,0,0,0,pincode,2,2697.2
89a8dfb16656,AD000350,town_centroid,town,1,856.3249999999999,109.34166666666668,0.1,0.1091,0.2687,0,0,0,0,0,0,none,2,0.0
7e1acdbe0f1e,AD000351,vendor_pin,street,1,-100.7,2693.8,0.2857,0.2653,0.4478,1,0,0,0,0,0,street,3,3246.3
159c8a1c9693,AD000351,locality_centroid,locality,1,-438.3,3208.9,0.2857,0.2653,0.4478,1,0,0,0,0,0,none,3,3770.0
ba1b22871c9f,AD000351,town_centroid,town,1,-172.75833333333335,-551.7416666666667,0.2857,0.2653,0.4478,1,0,0,0,0,0,none,3,0.0
069d39f499fa,AD000352,vendor_pin,locality,1,2908.2,439.2,0.3333,0.2326,0.4138,1,1,0,0,0,0,locality,3,2078.2
4913f638d5fd,AD000352,locality_centroid,locality,1,3029.6,575.7,0.3333,0.2326,0.4138,1,1,0,0,0,0,none,3,2222.7
20af509abb5b,AD000352,town_centroid,town,1,856.3249999999999,109.34166666666668,0.3333,0.2326,0.4138,1,1,0,0,0,0,none,3,0.0
b32d24014140,AD000353,vendor_pin,locality,1,2475.4,1932.7,0.25,0.1186,0.2368,1,1,0,0,0,0,locality,3,2438.5
c80194bd843e,AD000353,locality_centroid,locality,1,2308.9,1849.5,0.25,0.1186,0.2368,1,1,0,0,0,0,none,3,2266.7
130c5139899a,AD000353,town_centroid,town,1,856.3249999999999,109.34166666666668,0.25,0.1186,0.2368,1,1,0,0,0,0,none,3,0.0
9633f5c60b80,AD000354,vendor_pin,locality,1,993.3,-860.6,0.1,0.1639,0.3467,0,1,0,0,0,0,locality,3,1206.3
d957401af8ad,AD000354,town_centroid,town,1,-172.75833333333335,-551.7416666666667,0.1,0.1639,0.3467,0,1,0,0,0,0,none,3,0.0
ce93f82f6175,AD000354,prior_field_cluster,street,1,1022.95,-933.8499999999999,0.1,0.1639,0.3467,0,1,0,0,0,0,none,3,1255.3
a6ee00f49bb5,AD000355,vendor_pin,locality,1,722.8,-3032.7,0.25,0.2157,0.3611,1,0,0,0,0,0,locality,4,3144.9
c6407d9a100f,AD000355,locality_centroid,locality,1,688.3,-3007.0,0.25,0.2157,0.3611,1,0,0,0,0,0,none,4,3120.9
c5cfc30205f3,AD000355,town_centroid,town,1,856.3249999999999,109.34166666666668,0.25,0.2157,0.3611,1,0,0,0,0,0,none,4,0.0
5254a8fb6c9d,AD000355,prior_field_cluster,street,1,700.5,-3298.6,0.25,0.2157,0.3611,1,0,0,0,0,0,none,4,3411.5
459ef7c50f8c,AD000356,vendor_pin,locality,1,1298.5,-3716.1,0.1333,0.1071,0.2136,1,1,0,0,0,0,locality,3,3489.7
f41efc70423d,AD000356,locality_centroid,locality,1,1155.3,-3613.0,0.1333,0.1071,0.2136,1,1,0,0,0,0,none,3,3336.9
479627c47925,AD000356,town_centroid,town,1,-172.75833333333335,-551.7416666666667,0.1333,0.1071,0.2136,1,1,0,0,0,0,none,3,0.0
e7673c00db1f,AD000357,vendor_pin,locality,1,521.2,1723.4,0.2,0.1642,0.2989,1,1,0,0,0,0,locality,3,2378.6
2f311098568e,AD000357,locality_centroid,locality,1,524.3,1610.0,0.2,0.1642,0.2989,1,1,0,0,0,0,none,3,2271.3
2bf5706fe9d6,AD000357,town_centroid,town,1,-172.75833333333335,-551.7416666666667,0.2,0.1642,0.2989,1,1,0,0,0,0,none,3,0.0
20e70be9e691,AD000358,vendor_pin,locality,1,1003.8,23.2,0.125,0.1702,0.3667,0,1,0,0,0,0,locality,3,170.8
a22f5fed7a62,AD000358,town_centroid,town,1,856.3249999999999,109.34166666666668,0.125,0.1702,0.3667,0,1,0,0,0,0,none,3,0.0
ef0ec1958c0f,AD000358,prior_field_cluster,street,1,649.4000000000001,-36.949999999999996,0.125,0.1702,0.3667,0,1,0,0,0,0,none,3,253.4
83c3b222c922,AD000359,vendor_pin,locality,1,-2160.2,-2601.0,0.0909,0.1525,0.3333,0,1,0,0,0,0,locality,3,2979.5
87d57f706318,AD000359,town_centroid,town,1,-46.70000000000002,-500.9083333333333,0.0909,0.1525,0.3333,0,1,0,0,0,0,none,3,0.0
7095e94e6585,AD000359,prior_field_cluster,street,1,-2517.5,-2602.3500000000004,0.0909,0.1525,0.3333,0,1,0,0,0,0,none,3,3243.6
c145e981185f,AD000360,vendor_pin,locality,1,2724.3,-2262.6,0.1667,0.1493,0.2892,1,1,0,0,0,0,locality,4,3283.6
4de50e47d6ac,AD000360,locality_centroid,locality,1,2735.1,-2128.6,0.1667,0.1493,0.2892,1,1,0,0,0,0,none,4,3223.0
dd566269da21,AD000360,town_centroid,town,1,-46.70000000000002,-500.9083333333333,0.1667,0.1493,0.2892,1,1,0,0,0,0,none,4,0.0
dac33c8a1bbe,AD000360,prior_field_cluster,street,1,3070.1,-2386.4,0.1667,0.1493,0.2892,1,1,0,0,0,0,none,4,3642.7
f00f28d38569,AD000361,vendor_pin,locality,1,-992.7,-2988.7,0.0,0.1389,0.4889,0,1,0,0,0,0,locality,2,2661.6
60d22c0c0b75,AD000361,town_centroid,town,1,-46.70000000000002,-500.9083333333333,0.0,0.1389,0.4889,0,1,0,0,0,0,none,2,0.0
dc07323fb650,AD000362,vendor_pin,locality,1,-2217.3,-2491.4,0.1538,0.1341,0.25,1,1,0,0,0,0,locality,3,2945.1
da1f01076219,AD000362,locality_centroid,locality,1,-2195.4,-2378.6,0.1538,0.1341,0.25,1,1,0,0,0,0,none,3,2853.5
91fbdc7c99a5,AD000362,town_centroid,town,1,-46.70000000000002,-500.9083333333333,0.1538,0.1341,0.25,1,1,0,0,0,0,none,3,0.0
4c575b1b8796,AD000363,vendor_pin,locality,1,2067.4,-1062.0,0.1818,0.2319,0.3956,1,1,0,0,0,0,locality,4,2187.3
c99aae125ebc,AD000363,locality_centroid,locality,1,1939.0,-996.1,0.1818,0.2319,0.3956,1,1,0,0,0,0,none,4,2046.5
cf5acd939883,AD000363,town_centroid,town,1,-46.70000000000002,-500.9083333333333,0.1818,0.2319,0.3956,1,1,0,0,0,0,none,4,0.0
0aab76f05811,AD000363,prior_field_cluster,street,1,2711.45,-2620.25,0.1818,0.2319,0.3956,1,1,0,0,0,0,none,4,3478.4
29d7924ef4c4,AD000364,vendor_pin,street,1,957.8,-3308.2,0.2857,0.2245,0.3714,1,1,0,0,0,0,street,3,3419.0
9a9d20b49b93,AD000364,locality_centroid,locality,1,688.3,-3007.0,0.2857,0.2245,0.3714,1,1,0,0,0,0,none,3,3120.9
7a6bb996b62e,AD000364,town_centroid,town,1,856.3249999999999,109.34166666666668,0.2857,0.2245,0.3714,1,1,0,0,0,0,none,3,0.0
04f343eb5ea7,AD000365,vendor_pin,pincode,1,2561.6,991.9,0.1111,0.0833,0.2857,0,1,0,0,0,0,pincode,3,1920.1
fe2b0228ba48,AD000365,town_centroid,town,1,856.3249999999999,109.34166666666668,0.1111,0.0833,0.2857,0,1,0,0,0,0,none,3,0.0
43301e644703,AD000365,prior_field_cluster,street,1,3086.1,540.2,0.1111,0.0833,0.2857,0,1,0,0,0,0,none,3,2271.0
913e5ace7068,AD000366,vendor_pin,street,1,1540.8,326.1,0.0909,0.1014,0.2683,0,1,0,0,0,0,street,2,1790.0
a9b37ed63646,AD000366,town_centroid,town,1,-46.70000000000002,-500.9083333333333,0.0909,0.1014,0.2683,0,1,0,0,0,0,none,2,0.0
1c0d7857d963,AD000367,vendor_pin,locality,1,-2458.4,-252.4,0.2308,0.1807,0.3333,1,1,0,0,0,0,locality,3,2305.2
b6235b2c207c,AD000367,locality_centroid,locality,1,-2605.6,-262.1,0.2308,0.1807,0.3333,1,1,0,0,0,0,none,3,2450.0
2fabdf5b6c0d,AD000367,town_centroid,town,1,-172.75833333333335,-551.7416666666667,0.2308,0.1807,0.3333,1,1,0,0,0,0,none,3,0.0
76a8a2b39902,AD000368,vendor_pin,locality,1,-2574.5,1551.6,0.1818,0.1714,0.3218,1,1,0,0,0,0,locality,3,3192.6
e9f268ff886f,AD000368,locality_centroid,locality,1,-2446.2,1613.2,0.1818,0.1714,0.3218,1,1,0,0,0,0,none,3,3139.3
d562094665c9,AD000368,town_centroid,town,1,-172.75833333333335,-551.7416666666667,0.1818,0.1714,0.3218,1,1,0,0,0,0,none,3,0.0
d14b0165abe6,AD000369,vendor_pin,locality,1,740.1,-3103.1,0.2222,0.1613,0.3038,1,1,0,0,0,0,locality,4,2718.5
38c17a9e376d,AD000369,locality_centroid,locality,1,665.2,-3094.2,0.2222,0.1613,0.3038,1,1,0,0,0,0,none,4,2689.2
d743f9f65908,AD000369,town_centroid,town,1,-46.70000000000002,-500.9083333333333,0.2222,0.1613,0.3038,1,1,0,0,0,0,none,4,0.0
f940784ea86d,AD000369,prior_field_cluster,street,1,703.75,-3214.4,0.2222,0.1613,0.3038,1,1,0,0,0,0,none,4,2815.4
dc4c860befa5,AD000370,vendor_pin,locality,1,2836.0,-2227.3,0.1818,0.1587,0.3038,1,1,0,0,0,0,locality,3,3360.1
cca45493561a,AD000370,locality_centroid,locality,1,2735.1,-2128.6,0.1818,0.1587,0.3038,1,1,0,0,0,0,none,3,3223.0
13426df291fc,AD000370,town_centroid,town,1,-46.70000000000002,-500.9083333333333,0.1818,0.1587,0.3038,1,1,0,0,0,0,none,3,0.0
3ca54796067e,AD000371,vendor_pin,locality,1,694.6,-2877.7,0.1667,0.1316,0.2637,1,1,0,0,0,0,locality,3,2489.7
eed6c12f9321,AD000371,locality_centroid,locality,1,665.2,-3094.2,0.1667,0.1316,0.2637,1,1,0,0,0,0,none,3,2689.2
c2a92049a58f,AD000371,town_centroid,town,1,-46.70000000000002,-500.9083333333333,0.1667,0.1316,0.2637,1,1,0,0,0,0,none,3,0.0
91cdb6afba14,AD000372,vendor_pin,locality,1,771.8,-3053.5,0.2857,0.2222,0.4068,1,1,0,0,0,0,locality,3,2680.6
36bdacf73f74,AD000372,locality_centroid,locality,1,665.2,-3094.2,0.2857,0.2222,0.4068,1,1,0,0,0,0,none,3,2689.2
19b1e1a374e9,AD000372,town_centroid,town,1,-46.70000000000002,-500.9083333333333,0.2857,0.2222,0.4068,1,1,0,0,0,0,none,3,0.0
ec3ca82cbc20,AD000374,vendor_pin,street,1,1076.6,-1210.0,0.125,0.1887,0.4179,0,1,0,0,0,0,street,2,1412.2
640374c5e6e6,AD000374,town_centroid,town,1,-172.75833333333335,-551.7416666666667,0.125,0.1887,0.4179,0,1,0,0,0,0,none,2,0.0
97fbce76b7d5,AD000375,vendor_pin,rooftop,1,-741.8,-2128.2,0.1667,0.1558,0.3011,1,1,0,0,0,0,rooftop,3,1676.0
21407ba39871,AD000375,locality_centroid,locality,1,-1112.2,-1888.2,0.1667,0.1558,0.3011,1,1,0,0,0,0,none,3,1633.6
d668af68a665,AD000375,town_centroid,town,1,-172.75833333333335,-551.7416666666667,0.1667,0.1558,0.3011,1,1,0,0,0,0,none,3,0.0
ca8761b2f9a1,AD000376,vendor_pin,pincode,1,1885.4,1658.3,0.2,0.1724,0.4103,0,1,0,0,0,0,pincode,2,1859.6
be286206270d,AD000376,town_centroid,town,1,856.3249999999999,109.34166666666668,0.2,0.1724,0.4103,0,1,0,0,0,0,none,2,0.0
d9f3a4e67736,AD000377,vendor_pin,locality,1,-1017.7,-3094.4,0.0769,0.0988,0.2245,0,1,0,0,0,0,locality,2,2769.3
afd09decee51,AD000377,town_centroid,town,1,-46.70000000000002,-500.9083333333333,0.0769,0.0988,0.2245,0,1,0,0,0,0,none,2,0.0
fbb1a06cbd3e,AD000378,vendor_pin,street,1,-933.7,-1407.2,0.1667,0.1341,0.2653,1,1,0,0,0,0,street,3,1268.1
1333cff8df32,AD000378,locality_centroid,locality,1,-598.6,-1329.8,0.1667,0.1341,0.2653,1,1,0,0,0,0,none,3,995.8
a78202c9b12b,AD000378,town_centroid,town,1,-46.70000000000002,-500.9083333333333,0.1667,0.1341,0.2653,1,1,0,0,0,0,none,3,0.0
ef617844b0ca,AD000379,vendor_pin,locality,1,-1424.7,-2872.6,0.4,0.3235,0.4643,1,1,0,0,0,0,locality,4,3754.3
254261c35015,AD000379,locality_centroid,locality,1,-1600.3,-2801.9,0.4,0.3235,0.4643,1,1,0,0,0,0,none,4,3809.2
47ac162f89b2,AD000379,town_centroid,town,1,856.3249999999999,109.34166666666668,0.4,0.3235,0.4643,1,1,0,0,0,0,none,4,0.0
1bcaaaafaa71,AD000379,prior_field_cluster,street,1,-2027.8,-2587.25,0.4,0.3235,0.4643,1,1,0,0,0,0,none,4,3948.4
d17cc51b5faf,AD000380,vendor_pin,locality,1,-2265.4,1575.4,0.1429,0.1364,0.2642,1,1,0,0,0,0,locality,3,2983.9
6d556010f1b5,AD000380,locality_centroid,locality,1,-2446.2,1613.2,0.1429,0.1364,0.2642,1,1,0,0,0,0,none,3,3139.3
75523f114b8f,AD000380,town_centroid,town,1,-172.75833333333335,-551.7416666666667,0.1429,0.1364,0.2642,1,1,0,0,0,0,none,3,0.0
ba1e48c4aa38,AD000381,vendor_pin,locality,1,495.4,-3176.7,0.2,0.1642,0.2921,1,1,0,0,0,0,locality,3,3305.8
7d36c66a43d2,AD000381,locality_centroid,locality,1,688.3,-3007.0,0.2,0.1642,0.2921,1,1,0,0,0,0,none,3,3120.9
ab9378d6a7ea,AD000381,town_centroid,town,1,856.3249999999999,109.34166666666668,0.2,0.1642,0.2921,1,1,0,0,0,0,none,3,0.0
73615123c2ac,AD000382,vendor_pin,locality,1,2903.5,618.8,0.0909,0.0986,0.2619,0,1,0,0,0,0,locality,2,2109.6
992116bdc19b,AD000382,town_centroid,town,1,856.3249999999999,109.34166666666668,0.0909,0.0986,0.2619,0,1,0,0,0,0,none,2,0.0
eb828c02d68a,AD000383,vendor_pin,street,1,287.4,1293.4,0.4,0.2647,0.4151,1,1,0,0,0,0,street,3,1313.6
07c2e11c957a,AD000383,locality_centroid,locality,1,-200.6,1476.5,0.4,0.2647,0.4151,1,1,0,0,0,0,none,3,1728.1
79fe8cf23574,AD000383,town_centroid,town,1,856.3249999999999,109.34166666666668,0.4,0.2647,0.4151,1,1,0,0,0,0,none,3,0.0
cf5b05814a34,AD000384,vendor_pin,locality,1,-2274.1,-2258.8,0.25,0.22,0.3939,1,1,0,0,0,0,locality,3,2837.5
2ff78c88a770,AD000384,locality_centroid,locality,1,-2195.4,-2378.6,0.25,0.22,0.3939,1,1,0,0,0,0,none,3,2853.5
3772a26af822,AD000384,town_centroid,town,1,-46.70000000000002,-500.9083333333333,0.25,0.22,0.3939,1,1,0,0,0,0,none,3,0.0
d79a04f95dc4,AD000385,vendor_pin,locality,1,2476.0,-1367.0,0.1667,0.1299,0.25,1,1,0,0,0,0,locality,4,2191.6
48e2c752c230,AD000385,locality_centroid,locality,1,2589.2,-1273.1,0.1667,0.1299,0.25,1,1,0,0,0,0,none,4,2216.8
a6ada00420c1,AD000385,town_centroid,town,1,856.3249999999999,109.34166666666668,0.1667,0.1299,0.25,1,1,0,0,0,0,none,4,0.0
171b84729a80,AD000385,prior_field_cluster,street,1,2645.8,-1183.1,0.1667,0.1299,0.25,1,1,0,0,0,0,none,4,2207.4
1ac078908404,AD000386,vendor_pin,locality,1,1193.9,-97.5,0.1818,0.1571,0.2989,1,1,0,0,0,0,locality,4,395.9
347e8d5a6433,AD000386,locality_centroid,locality,1,1046.9,-2.6,0.1818,0.1571,0.2989,1,1,0,0,0,0,none,4,221.0
699286297b6b,AD000386,town_centroid,town,1,856.3249999999999,109.34166666666668,0.1818,0.1571,0.2989,1,1,0,0,0,0,none,4,0.0
8614994fe2c2,AD000386,prior_field_cluster,street,1,1270.7,128.3,0.1818,0.1571,0.2989,1,1,0,0,0,0,none,4,414.8
bef14d0559f9,AD000387,vendor_pin,locality,1,-119.7,1546.1,0.2,0.1385,0.2619,1,1,0,0,0,0,locality,4,1736.9
f800a397b3cd,AD000387,locality_centroid,locality,1,-200.6,1476.5,0.2,0.1385,0.2619,1,1,0,0,0,0,none,4,1728.1
6f88310d8d28,AD000387,town_centroid,town,1,856.3249999999999,109.34166666666668,0.2,0.1385,0.2619,1,1,0,0,0,0,none,4,0.0
822013161180,AD000387,prior_field_cluster,street,1,-309.3,1694.3,0.2,0.1385,0.2619,1,1,0,0,0,0,none,4,1967.4
6ab9026e806e,AD000388,vendor_pin,street,1,951.3,-1098.8,0.2222,0.197,0.3571,1,1,0,0,0,0,street,3,1250.1
8367d88dd77d,AD000388,locality_centroid,locality,1,929.4,-822.2,0.2222,0.197,0.3571,1,1,0,0,0,0,none,3,1134.9
50f9fb959224,AD000388,town_centroid,town,1,-172.75833333333335,-551.7416666666667,0.2222,0.197,0.3571,1,1,0,0,0,0,none,3,0.0
86262ef22225,AD000389,vendor_pin,pincode,1,1008.4,-1243.7,0.0,0.025,0.186,0,1,0,0,0,0,pincode,3,1290.3
4ef01ee5138b,AD000389,town_centroid,town,1,-46.70000000000002,-500.9083333333333,0.0,0.025,0.186,0,1,0,0,0,0,none,3,0.0
4aad3b1d3395,AD000389,prior_field_cluster,street,1,2881.45,-1791.0500000000002,0.0,0.025,0.186,0,1,0,0,0,0,none,3,3199.8
e08384c827f4,AD000390,vendor_pin,locality,1,2104.0,-1248.3,0.1818,0.2254,0.3871,1,1,0,0,0,0,locality,3,2276.9
2d495f8dc256,AD000390,locality_centroid,locality,1,1939.0,-996.1,0.1818,0.2254,0.3871,1,1,0,0,0,0,none,3,2046.5
7e417d07bb13,AD000390,town_centroid,town,1,-46.70000000000002,-500.9083333333333,0.1818,0.2254,0.3871,1,1,0,0,0,0,none,3,0.0
c3086a438bb1,AD000391,vendor_pin,locality,1,944.1,-3196.2,0.1111,0.1636,0.3478,0,1,0,0,0,0,locality,2,2871.6
20087a57ee09,AD000391,town_centroid,town,1,-46.70000000000002,-500.9083333333333,0.1111,0.1636,0.3478,0,1,0,0,0,0,none,2,0.0
e7f340dc54b8,AD000392,vendor_pin,pincode,1,1380.6,-1327.9,0.0,0.0877,0.2424,0,1,0,0,0,0,pincode,2,1529.9
d2b17b714d5b,AD000392,town_centroid,town,1,856.3249999999999,109.34166666666668,0.0,0.0877,0.2424,0,1,0,0,0,0,none,2,0.0
e54f223339f9,AD000393,vendor_pin,pincode,1,1560.3,2054.3,0.0,0.08,0.2414,0,1,0,0,0,0,pincode,2,3129.7
2b32132a9243,AD000393,town_centroid,town,1,-172.75833333333335,-551.7416666666667,0.0,0.08,0.2414,0,1,0,0,0,0,none,2,0.0
9eaf29b33da8,AD000394,vendor_pin,locality,1,1073.2,2573.2,0.25,0.2174,0.381,1,1,0,0,0,0,locality,3,2473.4
ef31357665fc,AD000394,locality_centroid,locality,1,986.3,2772.6,0.25,0.2174,0.381,1,1,0,0,0,0,none,3,2666.4
c9c87163cc5b,AD000394,town_centroid,town,1,856.3249999999999,109.34166666666668,0.25,0.2174,0.381,1,1,0,0,0,0,none,3,0.0
0813e5651b1c,AD000395,vendor_pin,locality,1,3646.1,300.3,0.2222,0.25,0.4324,1,1,0,0,0,0,locality,3,3912.8
126cb144b048,AD000395,locality_centroid,locality,1,3653.7,367.3,0.2222,0.25,0.4324,1,1,0,0,0,0,none,3,3935.3
a99f75d75b80,AD000395,town_centroid,town,1,-172.75833333333335,-551.7416666666667,0.2222,0.25,0.4324,1,1,0,0,0,0,none,3,0.0
1f1dd1b16168,AD000396,vendor_pin,locality,1,-657.8,-329.2,0.2,0.1231,0.2597,1,0,0,0,0,0,locality,3,533.7
3267fafdfb6d,AD000396,locality_centroid,locality,1,-722.6,-522.8,0.2,0.1231,0.2597,1,0,0,0,0,0,none,3,550.6
17541edfdd6e,AD000396,town_centroid,town,1,-172.75833333333335,-551.7416666666667,0.2,0.1231,0.2597,1,0,0,0,0,0,none,3,0.0
3bcdfd564b36,AD000397,vendor_pin,locality,1,3371.9,-1939.8,0.1667,0.137,0.2759,1,1,0,0,0,0,locality,4,3806.7
85dcb48761fd,AD000397,locality_centroid,locality,1,3188.8,-1960.7,0.1667,0.137,0.2759,1,1,0,0,0,0,none,4,3644.9
f93ffde2748a,AD000397,town_centroid,town,1,-172.75833333333335,-551.7416666666667,0.1667,0.137,0.2759,1,1,0,0,0,0,none,4,0.0
75748de00b11,AD000397,prior_field_cluster,street,1,3099.75,-1968.6999999999998,0.1667,0.137,0.2759,1,1,0,0,0,0,none,4,3566.1
ae162ba9a4be,AD000398,vendor_pin,locality,1,-2501.0,1504.1,0.25,0.2105,0.3836,1,1,0,0,0,0,locality,3,3106.0
00395cbe40d9,AD000398,locality_centroid,locality,1,-2446.2,1613.2,0.25,0.2105,0.3836,1,1,0,0,0,0,none,3,3139.3
e46fe41d13ae,AD000398,town_centroid,town,1,-172.75833333333335,-551.7416666666667,0.25,0.2105,0.3836,1,1,0,0,0,0,none,3,0.0
32d5fb0f7a2d,AD000399,vendor_pin,locality,1,3381.8,-1788.7,0.1538,0.1299,0.2581,1,1,0,0,0,0,locality,3,3763.6
a125e5616ae4,AD000399,locality_centroid,locality,1,3188.8,-1960.7,0.1538,0.1299,0.2581,1,1,0,0,0,0,none,3,3644.9
98e1ce423dea,AD000399,town_centroid,town,1,-172.75833333333335,-551.7416666666667,0.1538,0.1299,0.2581,1,1,0,0,0,0,none,3,0.0
b79a20a214b7,AD000400,vendor_pin,rooftop,1,-1945.7,-2705.3,0.3333,0.2895,0.4333,1,1,0,0,0,0,rooftop,3,3971.6
24610fc59419,AD000400,locality_centroid,locality,1,-1600.3,-2801.9,0.3333,0.2895,0.4333,1,1,0,0,0,0,none,3,3809.2
7d40477ca606,AD000400,town_centroid,town,1,856.3249999999999,109.34166666666668,0.3333,0.2895,0.4333,1,1,0,0,0,0,none,3,0.0
f40574d250ad,AD000401,vendor_pin,locality,1,-2481.7,1656.7,0.1818,0.169,0.3146,1,1,0,0,0,0,locality,3,3195.1
1354b77a4099,AD000401,locality_centroid,locality,1,-2446.2,1613.2,0.1818,0.169,0.3146,1,1,0,0,0,0,none,3,3139.3
88c573f8ea4f,AD000401,town_centroid,town,1,-172.75833333333335,-551.7416666666667,0.1818,0.169,0.3146,1,1,0,0,0,0,none,3,0.0
58903516f0c4,AD000402,vendor_pin,street,1,-2634.5,1922.4,0.0714,0.1125,0.2766,0,1,0,0,0,0,street,2,3490.2
986c12d58710,AD000402,town_centroid,town,1,-172.75833333333335,-551.7416666666667,0.0714,0.1125,0.2766,0,1,0,0,0,0,none,2,0.0
8d6d8b364868,AD000403,vendor_pin,locality,1,-2511.0,1687.7,0.2,0.1967,0.3636,1,1,0,0,0,0,locality,3,3237.7
a399a50c234f,AD000403,locality_centroid,locality,1,-2446.2,1613.2,0.2,0.1967,0.3636,1,1,0,0,0,0,none,3,3139.3
9241f8755241,AD000403,town_centroid,town,1,-172.75833333333335,-551.7416666666667,0.2,0.1967,0.3636,1,1,0,0,0,0,none,3,0.0
743466ff9090,AD000404,vendor_pin,locality,1,2958.7,619.4,0.25,0.1852,0.3478,1,1,0,0,0,0,locality,4,2163.4
be1e05223d76,AD000404,locality_centroid,locality,1,3029.6,575.7,0.25,0.1852,0.3478,1,1,0,0,0,0,none,4,2222.7
b27acd4f19ed,AD000404,town_centroid,town,1,856.3249999999999,109.34166666666668,0.25,0.1852,0.3478,1,1,0,0,0,0,none,4,0.0
abe15be8bf7a,AD000404,prior_field_cluster,street,1,2988.2,1013.7,0.25,0.1852,0.3478,1,1,0,0,0,0,none,4,2315.8
69a653867692,AD000405,vendor_pin,locality,1,2286.9,2132.1,0.25,0.1321,0.2535,1,1,0,0,0,0,locality,3,2477.5
0bcb456b7f3c,AD000405,locality_centroid,locality,1,2308.9,1849.5,0.25,0.1321,0.2535,1,1,0,0,0,0,none,3,2266.7
eb062f371642,AD000405,town_centroid,town,1,856.3249999999999,109.34166666666668,0.25,0.1321,0.2535,1,1,0,0,0,0,none,3,0.0
1a1a38d0057a,AD000406,vendor_pin,locality,1,2482.6,997.7,0.0833,0.1077,0.2632,0,0,0,0,0,0,locality,2,2939.9
a1ad8bc804b7,AD000406,town_centroid,town,1,-46.70000000000002,-500.9083333333333,0.0833,0.1077,0.2632,0,0,0,0,0,0,none,2,0.0
ae2cf6cd6fac,AD000407,vendor_pin,street,1,2333.2,-735.6,0.1818,0.1408,0.2759,1,1,0,0,0,0,street,3,1701.5
5196b076bd20,AD000407,locality_centroid,locality,1,2589.2,-1273.1,0.1818,0.1408,0.2759,1,1,0,0,0,0,none,3,2216.8
dcc13721fdc3,AD000407,town_centroid,town,1,856.3249999999999,109.34166666666668,0.1818,0.1408,0.2759,1,1,0,0,0,0,none,3,0.0
4049f33f1eac,AD000408,vendor_pin,locality,1,2605.2,-1077.1,0.2,0.1613,0.3077,1,1,0,0,0,0,locality,3,2113.3
e1af1461e80f,AD000408,locality_centroid,locality,1,2589.2,-1273.1,0.2,0.1613,0.3077,1,1,0,0,0,0,none,3,2216.8
dfe659608574,AD000408,town_centroid,town,1,856.3249999999999,109.34166666666668,0.2,0.1613,0.3077,1,1,0,0,0,0,none,3,0.0
47e70122ba61,AD000409,vendor_pin,locality,1,986.0,-961.5,0.0909,0.1351,0.2921,0,1,0,0,0,0,locality,2,1229.1
61008773af7c,AD000409,town_centroid,town,1,-172.75833333333335,-551.7416666666667,0.0909,0.1351,0.2921,0,1,0,0,0,0,none,2,0.0
9de988d28c81,AD000410,vendor_pin,pincode,1,1993.1,-2762.0,0.0,0.0877,0.2424,0,1,0,0,0,0,pincode,2,3094.5
c08434b4a809,AD000410,town_centroid,town,1,-172.75833333333335,-551.7416666666667,0.0,0.0877,0.2424,0,1,0,0,0,0,none,2,0.0
9ab102e5e04a,AD000411,vendor_pin,locality,1,3838.0,516.1,0.25,0.3111,0.4923,1,1,0,0,0,0,locality,3,4150.5
4f049d67b051,AD000411,locality_centroid,locality,1,3653.7,367.3,0.25,0.3111,0.4923,1,1,0,0,0,0,none,3,3935.3
6f2f69e824ff,AD000411,town_centroid,town,1,-172.75833333333335,-551.7416666666667,0.25,0.3111,0.4923,1,1,0,0,0,0,none,3,0.0
e962782ab62c,AD000412,vendor_pin,street,1,1358.5,-1901.2,0.25,0.1698,0.3014,1,1,0,0,0,0,street,4,2072.3
2a8957707dc2,AD000412,locality_centroid,locality,1,1577.4,-2059.5,0.25,0.1698,0.3014,1,1,0,0,0,0,none,4,2285.6
5ebee838b8d2,AD000412,town_centroid,town,1,856.3249999999999,109.34166666666668,0.25,0.1698,0.3014,1,1,0,0,0,0,none,4,0.0
c439d153c872,AD000412,prior_field_cluster,street,1,1343.1999999999998,-2137.8,0.25,0.1698,0.3014,1,1,0,0,0,0,none,4,2299.3
b9b20883e5f4,AD000414,vendor_pin,locality,1,-888.9,-488.0,0.2,0.127,0.2667,1,1,0,0,0,0,locality,3,719.0
3b96794514f9,AD000414,locality_centroid,locality,1,-722.6,-522.8,0.2,0.127,0.2667,1,1,0,0,0,0,none,3,550.6
d156ea0bafa2,AD000414,town_centroid,town,1,-172.75833333333335,-551.7416666666667,0.2,0.127,0.2667,1,1,0,0,0,0,none,3,0.0
fbadd30d7d7a,AD000416,vendor_pin,street,1,-730.6,-1578.6,0.2857,0.2444,0.4333,1,1,0,0,0,0,street,3,1276.4
b1f7c7cf43f1,AD000416,locality_centroid,locality,1,-598.6,-1329.8,0.2857,0.2444,0.4333,1,1,0,0,0,0,none,3,995.8
7628f7748370,AD000416,town_centroid,town,1,-46.70000000000002,-500.9083333333333,0.2857,0.2444,0.4333,1,1,0,0,0,0,none,3,0.0
9f4909aa5621,AD000417,vendor_pin,street,1,-2798.9,1474.5,0.1818,0.1622,0.3077,1,1,0,0,0,0,street,3,3317.0
760095f98034,AD000417,locality_centroid,locality,1,-2446.2,1613.2,0.1818,0.1622,0.3077,1,1,0,0,0,0,none,3,3139.3
b6ffd9ca0ef7,AD000417,town_centroid,town,1,-172.75833333333335,-551.7416666666667,0.1818,0.1622,0.3077,1,1,0,0,0,0,none,3,0.0
74923c8f4f2a,AD000418,vendor_pin,locality,1,3098.9,714.3,0.0833,0.0897,0.2444,0,1,0,0,0,0,locality,2,2322.7
79a4e6b89fb0,AD000418,town_centroid,town,1,856.3249999999999,109.34166666666668,0.0833,0.0897,0.2444,0,1,0,0,0,0,none,2,0.0
1ed6e8ef3af4,AD000419,vendor_pin,locality,1,1491.6,-1990.8,0.4,0.2903,0.44,1,1,0,0,0,0,locality,4,2194.1
65472eba3cca,AD000419,locality_centroid,locality,1,1577.4,-2059.5,0.4,0.2903,0.44,1,1,0,0,0,0,none,4,2285.6
8b87e937aee6,AD000419,town_centroid,town,1,856.3249999999999,109.34166666666668,0.4,0.2903,0.44,1,1,0,0,0,0,none,4,0.0
a652552b48b6,AD000419,prior_field_cluster,street,1,1919.5,-2324.9,0.4,0.2903,0.44,1,1,0,0,0,0,none,4,2656.3
817af162c61e,AD000420,vendor_pin,locality,1,2612.2,-1320.0,0.2222,0.1695,0.32,1,1,0,0,0,0,locality,4,2264.1
5d096ac49c3b,AD000420,locality_centroid,locality,1,2589.2,-1273.1,0.2222,0.1695,0.32,1,1,0,0,0,0,none,4,2216.8
a713e3556243,AD000420,town_centroid,town,1,856.3249999999999,109.34166666666668,0.2222,0.1695,0.32,1,1,0,0,0,0,none,4,0.0
b73f2cc14980,AD000420,prior_field_cluster,street,1,3067.7,-1271.6,0.2222,0.1695,0.32,1,1,0,0,0,0,none,4,2607.1
bb43e5a2b806,AD000421,vendor_pin,locality,1,-3648.6,-979.3,0.1538,0.1579,0.3226,0,1,0,0,0,0,locality,2,3502.0
8b86bed1949b,AD000421,town_centroid,town,1,-172.75833333333335,-551.7416666666667,0.1538,0.1579,0.3226,0,1,0,0,0,0,none,2,0.0
4ca0ad21d582,AD000422,vendor_pin,street,1,-1261.7,-2299.0,0.1538,0.1429,0.2745,1,0,0,0,1,0,street,3,2058.8
24e687b0c776,AD000422,locality_centroid,locality,1,-1112.2,-1888.2,0.1538,0.1429,0.2745,1,0,0,0,1,0,none,3,1633.6
fdd2c8f51ce0,AD000422,town_centroid,town,1,-172.75833333333335,-551.7416666666667,0.1538,0.1429,0.2745,1,0,0,0,1,0,none,3,0.0
2bb3ca25cb76,AD000423,vendor_pin,locality,1,-1113.2,424.8,0.2,0.1642,0.3133,1,1,0,0,0,0,locality,3,1412.2
ee982bfbaa05,AD000423,locality_centroid,locality,1,-1205.8,409.2,0.2,0.1642,0.3133,1,1,0,0,0,0,none,3,1473.7
3079ffcd7378,AD000423,town_centroid,town,1,-46.70000000000002,-500.9083333333333,0.2,0.1642,0.3133,1,1,0,0,0,0,none,3,0.0
1bf4f006dc9e,AD000424,vendor_pin,locality,1,3017.3,426.2,0.2,0.1493,0.2892,1,1,0,0,0,0,locality,4,2184.1
97e15831f529,AD000424,locality_centroid,locality,1,3029.6,575.7,0.2,0.1493,0.2892,1,1,0,0,0,0,none,4,2222.7
07688a497c26,AD000424,town_centroid,town,1,856.3249999999999,109.34166666666668,0.2,0.1493,0.2892,1,1,0,0,0,0,none,4,0.0
48c55f04d945,AD000424,prior_field_cluster,street,1,2904.45,326.45,0.2,0.1493,0.2892,1,1,0,0,0,0,none,4,2059.6
f50dfdcc208d,AD000426,vendor_pin,locality,1,885.4,-873.1,0.1538,0.1383,0.2703,1,1,0,0,0,0,locality,4,1105.9
11a98acf35a3,AD000426,locality_centroid,locality,1,929.4,-822.2,0.1538,0.1383,0.2703,1,1,0,0,0,0,none,4,1134.9
fa18be80d530,AD000426,town_centroid,town,1,-172.75833333333335,-551.7416666666667,0.1538,0.1383,0.2703,1,1,0,0,0,0,none,4,0.0
dd5978485169,AD000426,prior_field_cluster,street,1,842.8,-1185.1,0.1538,0.1383,0.2703,1,1,0,0,0,0,none,4,1196.9
a85e5df33160,AD000427,vendor_pin,locality,1,-569.7,-532.8,0.1111,0.102,0.2759,0,1,0,0,0,0,locality,2,397.4
104736d55660,AD000427,town_centroid,town,1,-172.75833333333335,-551.7416666666667,0.1111,0.102,0.2759,0,1,0,0,0,0,none,2,0.0
ed16fe15c859,AD000428,vendor_pin,locality,1,2682.4,-2244.3,0.1538,0.1099,0.2286,1,1,0,0,0,0,locality,4,3238.4
5877314252b9,AD000428,locality_centroid,locality,1,2735.1,-2128.6,0.1538,0.1099,0.2286,1,1,0,0,0,0,none,4,3223.0
5a7a44762907,AD000428,town_centroid,town,1,-46.70000000000002,-500.9083333333333,0.1538,0.1099,0.2286,1,1,0,0,0,0,none,4,0.0
7a43af7b4f01,AD000428,prior_field_cluster,street,1,2993.0,-2782.5,0.1538,0.1099,0.2286,1,1,0,0,0,0,none,4,3800.7
11793080b7e8,AD000429,vendor_pin,locality,1,599.3,-3098.5,0.1,0.1379,0.3143,0,1,0,0,0,0,locality,2,2676.7
0e7ac02c598c,AD000429,town_centroid,town,1,-46.70000000000002,-500.9083333333333,0.1,0.1379,0.3143,0,1,0,0,0,0,none,2,0.0
0dd76644231a,AD000430,vendor_pin,locality,1,1548.9,-1928.4,0.2222,0.18,0.3284,0,1,0,0,0,0,locality,3,2152.2
cecf67ee17c7,AD000430,town_centroid,town,1,856.3249999999999,109.34166666666668,0.2222,0.18,0.3284,0,1,0,0,0,0,none,3,0.0
721a502a41cc,AD000430,prior_field_cluster,street,1,1662.65,-2129.65,0.2222,0.18,0.3284,0,1,0,0,0,0,none,3,2379.8
990828c8a8fd,AD000432,vendor_pin,locality,1,1504.4,-2176.0,0.3333,0.2195,0.3667,1,1,0,0,0,0,locality,3,2375.5
2c65dceceed0,AD000432,locality_centroid,locality,1,1577.4,-2059.5,0.3333,0.2195,0.3667,1,1,0,0,0,0,none,3,2285.6
fe0f0e3f008f,AD000432,town_centroid,town,1,856.3249999999999,109.34166666666668,0.3333,0.2195,0.3667,1,1,0,0,0,0,none,3,0.0
162c1a8f8749,AD000433,vendor_pin,pincode,1,2578.8,1470.4,0.0,0.0615,0.1918,0,1,0,0,0,0,pincode,3,3414.7
7469ef5107f2,AD000433,town_centroid,town,1,-172.75833333333335,-551.7416666666667,0.0,0.0615,0.1918,0,1,0,0,0,0,none,3,0.0
70a2f1063137,AD000433,prior_field_cluster,street,1,3947.2,101.9,0.0,0.0615,0.1918,0,1,0,0,0,0,none,3,4171.5
70407f448452,AD000434,vendor_pin,locality,1,-685.7,-594.2,0.2,0.1067,0.2273,1,1,0,0,0,0,locality,3,514.7
0e2ee65c64b9,AD000434,locality_centroid,locality,1,-722.6,-522.8,0.2,0.1067,0.2273,1,1,0,0,0,0,none,3,550.6
cae33141b99d,AD000434,town_centroid,town,1,-172.75833333333335,-551.7416666666667,0.2,0.1067,0.2273,1,1,0,0,0,0,none,3,0.0
6c36f19f3ee7,AD000435,vendor_pin,locality,1,-1869.3,2503.9,0.25,0.2,0.3662,1,1,0,0,0,0,locality,3,3514.4
3eefb5800231,AD000435,locality_centroid,locality,1,-1885.4,2441.1,0.25,0.2,0.3662,1,1,0,0,0,0,none,3,3469.3
eb376e1b1a3f,AD000435,town_centroid,town,1,-46.70000000000002,-500.9083333333333,0.25,0.2,0.3662,1,1,0,0,0,0,none,3,0.0
ac730d4b88cf,AD000436,vendor_pin,pincode,1,1941.1,1128.7,0.0,0.0952,0.24,0,1,0,0,0,0,pincode,2,2700.4
e2ab8d988cac,AD000436,town_centroid,town,1,-172.75833333333335,-551.7416666666667,0.0,0.0952,0.24,0,1,0,0,0,0,none,2,0.0
8c3cb1a75961,AD000437,vendor_pin,street,1,-609.5,3293.5,0.1818,0.1875,0.3294,0,1,0,0,0,0,street,2,3505.4
117159922695,AD000437,town_centroid,town,1,856.3249999999999,109.34166666666668,0.1818,0.1875,0.3294,0,1,0,0,0,0,none,2,0.0
205b81e6711d,AD000438,vendor_pin,locality,1,795.5,2732.6,0.2222,0.1754,0.3333,1,1,0,0,0,0,locality,3,2624.0
340ec142f52c,AD000438,locality_centroid,locality,1,986.3,2772.6,0.2222,0.1754,0.3333,1,1,0,0,0,0,none,3,2666.4
2b0e19c30e28,AD000438,town_centroid,town,1,856.3249999999999,109.34166666666668,0.2222,0.1754,0.3333,1,1,0,0,0,0,none,3,0.0
c958807ee4a7,AD000439,vendor_pin,locality,1,897.5,70.4,0.2,0.1549,0.2955,1,1,0,0,0,0,locality,3,56.7
ce1dc5d3943b,AD000439,locality_centroid,locality,1,1046.9,-2.6,0.2,0.1549,0.2955,1,1,0,0,0,0,none,3,221.0
fd4b4a04b6a0,AD000439,town_centroid,town,1,856.3249999999999,109.34166666666668,0.2,0.1549,0.2955,1,1,0,0,0,0,none,3,0.0
4a6bd0fe638b,AD000440,vendor_pin,locality,1,1980.7,-958.7,0.0667,0.1354,0.2982,0,1,0,0,0,0,locality,2,2078.4
0eca5e03e0f4,AD000440,town_centroid,town,1,-46.70000000000002,-500.9083333333333,0.0667,0.1354,0.2982,0,1,0,0,0,0,none,2,0.0
f1751e24b4f3,AD000441,vendor_pin,locality,1,2599.3,897.6,0.1818,0.1385,0.2683,1,1,0,0,0,0,locality,3,2992.8
e0067b11775b,AD000441,locality_centroid,locality,1,2499.2,994.1,0.1818,0.1385,0.2683,1,1,0,0,0,0,none,3,2952.4
cfed4a7c68a7,AD000441,town_centroid,town,1,-46.70000000000002,-500.9083333333333,0.1818,0.1385,0.2683,1,1,0,0,0,0,none,3,0.0
8edd2f0c2150,AD000442,vendor_pin,locality,1,-349.5,-1181.0,0.2222,0.1897,0.3562,1,1,0,0,0,0,locality,3,744.5
bd45c1abf106,AD000442,locality_centroid,locality,1,-598.6,-1329.8,0.2222,0.1897,0.3562,1,1,0,0,0,0,none,3,995.8
1a7abe819797,AD000442,town_centroid,town,1,-46.70000000000002,-500.9083333333333,0.2222,0.1897,0.3562,1,1,0,0,0,0,none,3,0.0
b953b7cae7dc,AD000443,vendor_pin,locality,1,657.0,-3042.2,0.2222,0.2157,0.3714,0,1,0,0,0,0,locality,3,3157.8
d3bf67a8d915,AD000443,town_centroid,town,1,856.3249999999999,109.34166666666668,0.2222,0.2157,0.3714,0,1,0,0,0,0,none,3,0.0
44550bd427a0,AD000443,prior_field_cluster,street,1,1763.15,-1811.0,0.2222,0.2157,0.3714,0,1,0,0,0,0,none,3,2123.7
caf04fd92db3,AD000444,vendor_pin,pincode,1,1242.9,-1054.1,0.1111,0.0847,0.2857,0,1,0,0,0,0,pincode,2,1226.0
38898b318799,AD000444,town_centroid,town,1,856.3249999999999,109.34166666666668,0.1111,0.0847,0.2857,0,1,0,0,0,0,none,2,0.0
b2307642fc74,AD000445,vendor_pin,street,1,2566.5,-1661.7,0.1818,0.1389,0.2759,1,1,0,0,0,0,street,3,2859.4
acc58f145731,AD000445,locality_centroid,locality,1,2735.1,-2128.6,0.1818,0.1389,0.2759,1,1,0,0,0,0,none,3,3223.0
f2f3cccd404c,AD000445,town_centroid,town,1,-46.70000000000002,-500.9083333333333,0.1818,0.1389,0.2759,1,1,0,0,0,0,none,3,0.0
b90e966ee2d0,AD000446,vendor_pin,locality,1,-493.6,-3509.9,0.2,0.1875,0.35,1,1,0,0,0,0,locality,3,2975.5
c3d6659f480c,AD000446,locality_centroid,locality,1,-433.5,-3467.4,0.2,0.1875,0.35,1,1,0,0,0,0,none,3,2927.3
f1230990e164,AD000446,town_centroid,town,1,-172.75833333333335,-551.7416666666667,0.2,0.1875,0.35,1,1,0,0,0,0,none,3,0.0
b4c4bc61b90f,AD000447,vendor_pin,locality,1,369.8,2138.8,0.1667,0.1818,0.3505,1,1,0,0,0,0,locality,3,2672.4
aed05c76e3bc,AD000447,locality_centroid,locality,1,290.7,2335.2,0.1667,0.1818,0.3505,1,1,0,0,0,0,none,3,2856.1
20aee1afe29e,AD000447,town_centroid,town,1,-46.70000000000002,-500.9083333333333,0.1667,0.1818,0.3505,1,1,0,0,0,0,none,3,0.0
23eb7231e00c,AD000448,vendor_pin,locality,1,-567.5,-3688.0,0.0769,0.1358,0.2887,0,1,0,0,0,0,locality,2,3161.0
a07ea56b3b72,AD000448,town_centroid,town,1,-172.75833333333335,-551.7416666666667,0.0769,0.1358,0.2887,0,1,0,0,0,0,none,2,0.0
d9641373c251,AD000449,vendor_pin,street,1,-285.3,2806.4,0.2222,0.2203,0.3896,1,1,0,0,0,0,street,4,3360.0
b39df54d3ca8,AD000449,locality_centroid,locality,1,-438.3,3208.9,0.2222,0.2203,0.3896,1,1,0,0,0,0,none,4,3770.0
0ba2ea56b68f,AD000449,town_centroid,town,1,-172.75833333333335,-551.7416666666667,0.2222,0.2203,0.3896,1,1,0,0,0,0,none,4,0.0
63ee5dd2bbe9,AD000449,prior_field_cluster,street,1,-3725.0,-783.7,0.2222,0.2203,0.3896,1,1,0,0,0,0,none,4,3559.8
9ffb48cb85b1,AD000450,vendor_pin,locality,1,2543.5,-1325.8,0.3333,0.2703,0.4706,1,1,0,0,0,0,locality,3,2215.0
2ac8bf098ccb,AD000450,locality_centroid,locality,1,2589.2,-1273.1,0.3333,0.2703,0.4706,1,1,0,0,0,0,none,3,2216.8
8eee00290cf8,AD000450,town_centroid,town,1,856.3249999999999,109.34166666666668,0.3333,0.2703,0.4706,1,1,0,0,0,0,none,3,0.0
6533ab9005d1,AD000451,vendor_pin,locality,1,1061.9,-867.2,0.2222,0.2167,0.3896,1,1,0,0,0,0,locality,4,1274.3
86baa7c1aa2e,AD000451,locality_centroid,locality,1,929.4,-822.2,0.2222,0.2167,0.3896,1,1,0,0,0,0,none,4,1134.9
68df4f58b067,AD000451,town_centroid,town,1,-172.75833333333335,-551.7416666666667,0.2222,0.2167,0.3896,1,1,0,0,0,0,none,4,0.0
2db9bb1e6c5b,AD000451,prior_field_cluster,street,1,1002.4,-495.2,0.2222,0.2167,0.3896,1,1,0,0,0,0,none,4,1176.5
60161ba6789e,AD000452,vendor_pin,locality,1,761.7,-1158.1,0.1818,0.1806,0.3333,1,1,0,0,0,0,locality,3,1113.9
cfd6a8c7488b,AD000452,locality_centroid,locality,1,929.4,-822.2,0.1818,0.1806,0.3333,1,1,0,0,0,0,none,3,1134.9
ed68a16d3a3a,AD000452,town_centroid,town,1,-172.75833333333335,-551.7416666666667,0.1818,0.1806,0.3333,1,1,0,0,0,0,none,3,0.0
a7aa2c9c3fcd,AD000453,vendor_pin,locality,1,-2633.8,-365.8,0.2308,0.1786,0.3238,1,1,0,0,0,0,locality,3,2468.1
d7da97152625,AD000453,locality_centroid,locality,1,-2605.6,-262.1,0.2308,0.1786,0.3238,1,1,0,0,0,0,none,3,2450.0
e5c303603e36,AD000453,town_centroid,town,1,-172.75833333333335,-551.7416666666667,0.2308,0.1786,0.3238,1,1,0,0,0,0,none,3,0.0
8cd81811daae,AD000455,vendor_pin,locality,1,-413.8,1562.9,0.25,0.1667,0.3014,1,1,0,0,0,0,locality,3,1930.3
0f8d2be40a9f,AD000455,locality_centroid,locality,1,-200.6,1476.5,0.25,0.1667,0.3014,1,1,0,0,0,0,none,3,1728.1
6cc2667ff035,AD000455,town_centroid,town,1,856.3249999999999,109.34166666666668,0.25,0.1667,0.3014,1,1,0,0,0,0,none,3,0.0
c8794bca7e52,AD000456,vendor_pin,locality,1,-611.4,-237.7,0.2222,0.1803,0.3095,1,1,0,0,0,0,locality,4,1508.2
143a3c8762e0,AD000456,locality_centroid,locality,1,-533.7,-484.7,0.2222,0.1803,0.3095,1,1,0,0,0,0,none,4,1511.6
21610c3e18d2,AD000456,town_centroid,town,1,856.3249999999999,109.34166666666668,0.2222,0.1803,0.3095,1,1,0,0,0,0,none,4,0.0
375dbe1de8fa,AD000456,prior_field_cluster,street,1,-267.8,-378.5,0.2222,0.1803,0.3095,1,1,0,0,0,0,none,4,1225.4
caf44a087155,AD000457,vendor_pin,locality,1,-2613.3,1608.4,0.2,0.1714,0.3256,1,1,0,0,0,0,locality,3,3259.2
b049360daab0,AD000457,locality_centroid,locality,1,-2446.2,1613.2,0.2,0.1714,0.3256,1,1,0,0,0,0,none,3,3139.3
36f109d469b5,AD000457,town_centroid,town,1,-172.75833333333335,-551.7416666666667,0.2,0.1714,0.3256,1,1,0,0,0,0,none,3,0.0
6e6ec2cadfda,AD000458,vendor_pin,locality,1,-2721.6,-466.7,0.1667,0.1408,0.3294,0,1,0,0,0,0,locality,2,2550.3
5c3a8682d468,AD000458,town_centroid,town,1,-172.75833333333335,-551.7416666666667,0.1667,0.1408,0.3294,0,1,0,0,0,0,none,2,0.0
0a0de2c7371b,AD000459,vendor_pin,locality,1,-1598.1,-3120.7,0.1818,0.1571,0.2921,1,1,0,0,0,0,locality,3,4056.8
7d5a2e465244,AD000459,locality_centroid,locality,1,-1600.3,-2801.9,0.1818,0.1571,0.2921,1,1,0,0,0,0,none,3,3809.2
6e41fc58efcf,AD000459,town_centroid,town,1,856.3249999999999,109.34166666666668,0.1818,0.1571,0.2921,1,1,0,0,0,0,none,3,0.0
78ec37eeb7e5,AD000460,vendor_pin,locality,1,2580.7,-1289.8,0.1818,0.137,0.2697,1,1,0,0,0,0,locality,4,2220.6
3b36018edb77,AD000460,locality_centroid,locality,1,2589.2,-1273.1,0.1818,0.137,0.2697,1,1,0,0,0,0,none,4,2216.8
93d2adeee5c2,AD000460,town_centroid,town,1,856.3249999999999,109.34166666666668,0.1818,0.137,0.2697,1,1,0,0,0,0,none,4,0.0
6b7f97e39d89,AD000460,prior_field_cluster,street,1,2840.7,-1270.5,0.1818,0.137,0.2697,1,1,0,0,0,0,none,4,2417.0
562f00da3114,AD000461,vendor_pin,locality,1,2934.3,637.6,0.2,0.1429,0.2791,1,1,0,0,0,0,locality,3,2144.1
99403ce1e48b,AD000461,locality_centroid,locality,1,3029.6,575.7,0.2,0.1429,0.2791,1,1,0,0,0,0,none,3,2222.7
f135882af705,AD000461,town_centroid,town,1,856.3249999999999,109.34166666666668,0.2,0.1429,0.2791,1,1,0,0,0,0,none,3,0.0
f1de1097a95a,AD000462,vendor_pin,locality,1,-506.2,-1297.3,0.2222,0.2075,0.3824,1,1,0,0,0,0,locality,3,919.4
1bfe4bee3e8b,AD000462,locality_centroid,locality,1,-598.6,-1329.8,0.2222,0.2075,0.3824,1,1,0,0,0,0,none,3,995.8
54c98d4ba2e4,AD000462,town_centroid,town,1,-46.70000000000002,-500.9083333333333,0.2222,0.2075,0.3824,1,1,0,0,0,0,none,3,0.0
0ae63c97f92e,AD000464,vendor_pin,locality,1,993.0,-896.4,0.25,0.2453,0.4286,1,1,0,0,0,0,locality,3,1215.6
61f8a92e8709,AD000464,locality_centroid,locality,1,929.4,-822.2,0.25,0.2453,0.4286,1,1,0,0,0,0,none,3,1134.9
c49dce8f8e76,AD000464,town_centroid,town,1,-172.75833333333335,-551.7416666666667,0.25,0.2453,0.4286,1,1,0,0,0,0,none,3,0.0
35f0239e5e82,AD000465,vendor_pin,locality,1,-2744.0,-113.5,0.25,0.1974,0.3434,1,0,0,0,0,0,locality,4,2608.3
778acd82385a,AD000465,locality_centroid,locality,1,-2605.6,-262.1,0.25,0.1974,0.3434,1,0,0,0,0,0,none,4,2450.0
598712f7acbd,AD000465,town_centroid,town,1,-172.75833333333335,-551.7416666666667,0.25,0.1974,0.3434,1,0,0,0,0,0,none,4,0.0
3a62f80fe01f,AD000465,prior_field_cluster,street,1,-2642.1,-57.5,0.25,0.1974,0.3434,1,0,0,0,0,0,none,4,2518.3
9ecbbe4022ca,AD000466,vendor_pin,locality,1,1310.1,-117.2,0.2,0.1765,0.3294,1,1,0,0,0,0,locality,3,1410.0
cea0fdfd9917,AD000466,locality_centroid,locality,1,1112.8,-196.7,0.2,0.1765,0.3294,1,1,0,0,0,0,none,3,1198.7
2989338a0c65,AD000466,town_centroid,town,1,-46.70000000000002,-500.9083333333333,0.2,0.1765,0.3294,1,1,0,0,0,0,none,3,0.0
81e49105c412,AD000467,vendor_pin,locality,1,-973.1,-3275.0,0.0714,0.1053,0.2444,0,1,0,0,0,0,locality,2,2924.7
d5ba4483316b,AD000467,town_centroid,town,1,-46.70000000000002,-500.9083333333333,0.0714,0.1053,0.2444,0,1,0,0,0,0,none,2,0.0
4fd4bc118ff3,AD000468,vendor_pin,locality,1,-417.9,3038.6,0.1818,0.1667,0.3093,1,1,0,0,0,0,locality,3,3598.7
549d2668fae6,AD000468,locality_centroid,locality,1,-438.3,3208.9,0.1818,0.1667,0.3093,1,1,0,0,0,0,none,3,3770.0
22de0cd8b296,AD000468,town_centroid,town,1,-172.75833333333335,-551.7416666666667,0.1818,0.1667,0.3093,1,1,0,0,0,0,none,3,0.0
a6304541ac7f,AD000469,vendor_pin,street,1,631.6,-2591.6,0.1667,0.1389,0.2759,1,1,0,0,0,0,street,3,2198.0
193030d4fe93,AD000469,locality_centroid,locality,1,665.2,-3094.2,0.1667,0.1389,0.2759,1,1,0,0,0,0,none,3,2689.2
445635d685af,AD000469,town_centroid,town,1,-46.70000000000002,-500.9083333333333,0.1667,0.1389,0.2759,1,1,0,0,0,0,none,3,0.0
016f12209789,AD000471,vendor_pin,locality,1,-3794.3,-1050.7,0.1667,0.1316,0.3077,0,1,0,0,0,0,locality,2,3655.8
b63bf2180510,AD000471,town_centroid,town,1,-172.75833333333335,-551.7416666666667,0.1667,0.1316,0.3077,0,1,0,0,0,0,none,2,0.0
5efa310288fe,AD000472,vendor_pin,locality,1,-572.4,-486.4,0.25,0.1897,0.3171,1,1,0,0,0,0,locality,4,1548.0
94a61345b848,AD000472,locality_centroid,locality,1,-533.7,-484.7,0.25,0.1897,0.3171,1,1,0,0,0,0,none,4,1511.6
e9d3abe694ed,AD000472,town_centroid,town,1,856.3249999999999,109.34166666666668,0.25,0.1897,0.3171,1,1,0,0,0,0,none,4,0.0
44ccf79166a9,AD000472,prior_field_cluster,street,1,-324.5,-115.4,0.25,0.1897,0.3171,1,1,0,0,0,0,none,4,1202.0
b9f7863d8bf3,AD000473,vendor_pin,locality,1,1318.3,-2146.1,0.25,0.1731,0.3099,1,0,0,0,1,0,locality,4,2302.3
859ff9b566b4,AD000473,locality_centroid,locality,1,1577.4,-2059.5,0.25,0.1731,0.3099,1,0,0,0,1,0,none,4,2285.6
dcdb9a6d26e2,AD000473,town_centroid,town,1,856.3249999999999,109.34166666666668,0.25,0.1731,0.3099,1,0,0,0,1,0,none,4,0.0
f7684a7f7c3c,AD000473,prior_field_cluster,street,1,1408.2,-1889.5,0.25,0.1731,0.3099,1,0,0,0,1,0,none,4,2073.6
6ee18985867f,AD000475,vendor_pin,locality,1,2927.1,-2049.7,0.0714,0.1169,0.2637,0,1,0,0,0,0,locality,3,3352.9
e32871181967,AD000475,town_centroid,town,1,-46.70000000000002,-500.9083333333333,0.0714,0.1169,0.2637,0,1,0,0,0,0,none,3,0.0
8322b2742e22,AD000475,prior_field_cluster,street,1,2582.85,-2248.7,0.0714,0.1169,0.2637,0,1,0,0,0,0,none,3,3157.4
16bb80395a8c,AD000477,vendor_pin,locality,1,-2152.1,-2195.8,0.2,0.1719,0.325,1,1,0,0,0,0,locality,4,2702.8
9952d7e87d66,AD000477,locality_centroid,locality,1,-2195.4,-2378.6,0.2,0.1719,0.325,1,1,0,0,0,0,none,4,2853.5
1f7ab9b37994,AD000477,town_centroid,town,1,-46.70000000000002,-500.9083333333333,0.2,0.1719,0.325,1,1,0,0,0,0,none,4,0.0
29eef56f1855,AD000477,prior_field_cluster,street,1,-2071.2,-2036.9,0.2,0.1719,0.325,1,1,0,0,0,0,none,4,2541.2
be73b5f765d1,AD000478,vendor_pin,locality,1,633.9,-2929.8,0.1667,0.1449,0.2857,1,1,0,0,0,0,locality,3,2522.4
1ff62b02e1f3,AD000478,locality_centroid,locality,1,665.2,-3094.2,0.1667,0.1449,0.2857,1,1,0,0,0,0,none,3,2689.2
303b6cc0fb6d,AD000478,town_centroid,town,1,-46.70000000000002,-500.9083333333333,0.1667,0.1449,0.2857,1,1,0,0,0,0,none,3,0.0
959911ca1a7d,AD000479,vendor_pin,locality,1,-1818.7,-2733.7,0.2,0.1692,0.2989,1,1,0,0,0,0,locality,3,3903.7
9f8109097d97,AD000479,locality_centroid,locality,1,-1600.3,-2801.9,0.2,0.1692,0.2989,1,1,0,0,0,0,none,3,3809.2
35f162abfa54,AD000479,town_centroid,town,1,856.3249999999999,109.34166666666668,0.2,0.1692,0.2989,1,1,0,0,0,0,none,3,0.0
f94b8469966b,AD000480,vendor_pin,locality,1,1326.4,-2012.8,0.25,0.1765,0.3143,0,1,0,0,0,0,locality,2,2173.6
50858ca04f21,AD000480,town_centroid,town,1,856.3249999999999,109.34166666666668,0.25,0.1765,0.3143,0,1,0,0,0,0,none,2,0.0
9dd16b29d123,AD000481,vendor_pin,locality,1,-2406.1,1929.5,0.4,0.3,0.5,1,1,0,0,0,0,locality,3,3338.3
85ba9f554d90,AD000481,locality_centroid,locality,1,-2446.2,1613.2,0.4,0.3,0.5,1,1,0,0,0,0,none,3,3139.3
f7878b4175f9,AD000481,town_centroid,town,1,-172.75833333333335,-551.7416666666667,0.4,0.3,0.5,1,1,0,0,0,0,none,3,0.0
b43494035f44,AD000482,vendor_pin,locality,1,-845.8,-694.0,0.1818,0.1143,0.2439,1,1,0,0,0,0,locality,3,687.9
22f212de2ff7,AD000482,locality_centroid,locality,1,-722.6,-522.8,0.1818,0.1143,0.2439,1,1,0,0,0,0,none,3,550.6
0c05779b38b3,AD000482,town_centroid,town,1,-172.75833333333335,-551.7416666666667,0.1818,0.1143,0.2439,1,1,0,0,0,0,none,3,0.0
88caf9280a76,AD000483,vendor_pin,locality,1,-1040.8,-2153.2,0.0833,0.12,0.2955,0,1,0,0,0,0,locality,2,1821.6
594699cba328,AD000483,town_centroid,town,1,-172.75833333333335,-551.7416666666667,0.0833,0.12,0.2955,0,1,0,0,0,0,none,2,0.0
23333496eb57,AD000484,vendor_pin,locality,1,-2434.7,1882.3,0.0833,0.125,0.3023,0,1,0,0,0,0,locality,3,3322.8
f87254f458a4,AD000484,town_centroid,town,1,-172.75833333333335,-551.7416666666667,0.0833,0.125,0.3023,0,1,0,0,0,0,none,3,0.0
b17cffd42736,AD000484,prior_field_cluster,street,1,-2001.1,1671.8,0.0833,0.125,0.3023,0,1,0,0,0,0,none,3,2878.7
fb83700530bb,AD000485,vendor_pin,street,1,859.0,-2641.7,0.25,0.2037,0.3514,1,1,0,0,0,0,street,3,2751.0
e9c99469b3e1,AD000485,locality_centroid,locality,1,688.3,-3007.0,0.25,0.2037,0.3514,1,1,0,0,0,0,none,3,3120.9
6005755b014b,AD000485,town_centroid,town,1,856.3249999999999,109.34166666666668,0.25,0.2037,0.3514,1,1,0,0,0,0,none,3,0.0
323efb89e8ac,AD000486,vendor_pin,rooftop,1,2967.3,-995.6,0.3333,0.2128,0.3871,1,0,0,0,0,0,rooftop,3,2382.7
817ec2381e27,AD000486,locality_centroid,locality,1,2589.2,-1273.1,0.3333,0.2128,0.3871,1,0,0,0,0,0,none,3,2216.8
8dbcad047f72,AD000486,town_centroid,town,1,856.3249999999999,109.34166666666668,0.3333,0.2128,0.3871,1,0,0,0,0,0,none,3,0.0
bb1621a79517,AD000487,vendor_pin,pincode,1,1287.5,-1265.5,0.0,0.0741,0.254,0,1,0,0,0,0,pincode,2,1440.9
dcebf9d76519,AD000487,town_centroid,town,1,856.3249999999999,109.34166666666668,0.0,0.0741,0.254,0,1,0,0,0,0,none,2,0.0
0484891cb1c5,AD000488,vendor_pin,pincode,1,1026.3,-1119.7,0.0,0.0175,0.1613,0,1,0,0,0,0,pincode,3,1238.6
56805982cdae,AD000488,town_centroid,town,1,-46.70000000000002,-500.9083333333333,0.0,0.0175,0.1613,0,1,0,0,0,0,none,3,0.0
efe1b693cfa6,AD000488,prior_field_cluster,street,1,1237.1,223.1,0.0,0.0175,0.1613,0,1,0,0,0,0,none,3,1473.9
aa512c57b600,AD000489,vendor_pin,locality,1,-2597.7,-382.8,0.25,0.2791,0.5085,0,1,0,0,0,0,locality,3,2430.8
a3c7ca4c0ffb,AD000489,town_centroid,town,1,-172.75833333333335,-551.7416666666667,0.25,0.2791,0.5085,0,1,0,0,0,0,none,3,0.0
c32f09f499f3,AD000489,prior_field_cluster,street,1,-2386.2,-224.7,0.25,0.2791,0.5085,0,1,0,0,0,0,none,3,2237.5
93bb2ecc5914,AD000491,vendor_pin,street,1,479.9,-3006.3,0.2857,0.2292,0.3768,1,1,0,0,0,0,street,3,3138.3
a5ba1460b059,AD000491,locality_centroid,locality,1,688.3,-3007.0,0.2857,0.2292,0.3768,1,1,0,0,0,0,none,3,3120.9
f63fe9ade6dc,AD000491,town_centroid,town,1,856.3249999999999,109.34166666666668,0.2857,0.2292,0.3768,1,1,0,0,0,0,none,3,0.0
1d1574f65f95,AD000492,vendor_pin,locality,1,1156.6,2642.4,0.3333,0.2778,0.4706,1,1,0,0,0,0,locality,3,2550.8
80b7a7917b83,AD000492,locality_centroid,locality,1,986.3,2772.6,0.3333,0.2778,0.4706,1,1,0,0,0,0,none,3,2666.4
5e4bb941af9d,AD000492,town_centroid,town,1,856.3249999999999,109.34166666666668,0.3333,0.2778,0.4706,1,1,0,0,0,0,none,3,0.0
de39e40de431,AD000493,vendor_pin,locality,1,3124.7,-2006.0,0.3333,0.2703,0.4706,1,1,0,0,0,0,locality,3,3603.9
d38a5a2e4f4d,AD000493,locality_centroid,locality,1,3188.8,-1960.7,0.3333,0.2703,0.4706,1,1,0,0,0,0,none,3,3644.9
b17d5b26c9fa,AD000493,town_centroid,town,1,-172.75833333333335,-551.7416666666667,0.3333,0.2703,0.4706,1,1,0,0,0,0,none,3,0.0
c69300d693ce,AD000495,vendor_pin,locality,1,2452.6,-1303.0,0.2222,0.1724,0.3243,1,1,0,0,0,0,locality,4,2131.4
a941323af439,AD000495,locality_centroid,locality,1,2589.2,-1273.1,0.2222,0.1724,0.3243,1,1,0,0,0,0,none,4,2216.8
4cb95c28a597,AD000495,town_centroid,town,1,856.3249999999999,109.34166666666668,0.2222,0.1724,0.3243,1,1,0,0,0,0,none,4,0.0
9d10e05eb879,AD000495,prior_field_cluster,street,1,2867.2,-1351.3,0.2222,0.1724,0.3243,1,1,0,0,0,0,none,4,2485.4
282fffe8c6cf,AD000497,vendor_pin,locality,1,-2833.0,1172.0,0.1818,0.1579,0.2979,1,1,0,0,0,0,locality,4,3249.9
86ab46e19092,AD000497,locality_centroid,locality,1,-2863.9,1096.5,0.1818,0.1579,0.2979,1,1,0,0,0,0,none,4,3238.6
08f9ff22b9a5,AD000497,town_centroid,town,1,-46.70000000000002,-500.9083333333333,0.1818,0.1579,0.2979,1,1,0,0,0,0,none,4,0.0
227660346e54,AD000497,prior_field_cluster,street,1,-2692.4,1469.7,0.1818,0.1579,0.2979,1,1,0,0,0,0,none,4,3298.9
20d7dd780661,AD000498,vendor_pin,pincode,1,1472.2,-1844.9,0.1667,0.1351,0.3404,0,1,0,0,0,0,pincode,2,2049.0
b11415312187,AD000498,town_centroid,town,1,856.3249999999999,109.34166666666668,0.1667,0.1351,0.3404,0,1,0,0,0,0,none,2,0.0
b008ce68af9b,AD000499,vendor_pin,pincode,1,584.6,-381.1,0.0,0.08,0.2069,0,0,0,0,0,0,pincode,2,776.3
85aaa6b76732,AD000499,town_centroid,town,1,-172.75833333333335,-551.7416666666667,0.0,0.08,0.2069,0,0,0,0,0,0,none,2,0.0
b7cc376b0f95,AD000500,vendor_pin,street,1,-559.1,-3059.6,0.2222,0.1875,0.3457,1,1,0,0,0,0,street,3,2537.4
3dd9e4799362,AD000500,locality_centroid,locality,1,-433.5,-3467.4,0.2222,0.1875,0.3457,1,1,0,0,0,0,none,3,2927.3
4f86e33898be,AD000500,town_centroid,town,1,-172.75833333333335,-551.7416666666667,0.2222,0.1875,0.3457,1,1,0,0,0,0,none,3,0.0
4f469e21d282,AD000501,vendor_pin,locality,1,-1036.9,-2093.3,0.1667,0.1622,0.3111,1,1,0,0,0,0,locality,3,1767.2
d4ba1e17ed89,AD000501,locality_centroid,locality,1,-1112.2,-1888.2,0.1667,0.1622,0.3111,1,1,0,0,0,0,none,3,1633.6
cdb419ef03af,AD000501,town_centroid,town,1,-172.75833333333335,-551.7416666666667,0.1667,0.1622,0.3111,1,1,0,0,0,0,none,3,0.0
b35124af0bd5,AD000502,vendor_pin,street,1,1676.5,-2505.6,0.3333,0.225,0.3729,1,1,0,0,0,0,street,3,2740.5
46241affd8ef,AD000502,locality_centroid,locality,1,1577.4,-2059.5,0.3333,0.225,0.3729,1,1,0,0,0,0,none,3,2285.6
fca2e3befe0a,AD000502,town_centroid,town,1,856.3249999999999,109.34166666666668,0.3333,0.225,0.3729,1,1,0,0,0,0,none,3,0.0
746751ef63a9,AD000503,vendor_pin,locality,1,1213.3,-198.4,0.2,0.1571,0.3059,1,1,0,0,0,0,locality,3,471.3
9e62908d40ed,AD000503,locality_centroid,locality,1,1046.9,-2.6,0.2,0.1571,0.3059,1,1,0,0,0,0,none,3,221.0
9ee40da0d170,AD000503,town_centroid,town,1,856.3249999999999,109.34166666666668,0.2,0.1571,0.3059,1,1,0,0,0,0,none,3,0.0
a6498022cecc,AD000504,vendor_pin,locality,1,2672.3,-2072.0,0.2,0.1786,0.338,1,1,0,0,0,0,locality,4,3140.3
98c4a266c732,AD000504,locality_centroid,locality,1,2735.1,-2128.6,0.2,0.1786,0.338,1,1,0,0,0,0,none,4,3223.0
56aac760d86a,AD000504,town_centroid,town,1,-46.70000000000002,-500.9083333333333,0.2,0.1786,0.338,1,1,0,0,0,0,none,4,0.0
374202f7d600,AD000504,prior_field_cluster,street,1,3023.65,-2058.6000000000004,0.2,0.1786,0.338,1,1,0,0,0,0,none,4,3442.9
e2574148c8ce,AD000505,vendor_pin,pincode,1,-1726.8,-1066.9,0.0,0.0816,0.2105,0,1,0,0,0,0,pincode,2,1637.2
acf91ed2c70b,AD000505,town_centroid,town,1,-172.75833333333335,-551.7416666666667,0.0,0.0816,0.2105,0,1,0,0,0,0,none,2,0.0
1cf4ec6e2200,AD000506,vendor_pin,street,1,3316.4,425.3,0.1111,0.1373,0.3226,0,1,0,0,0,0,street,2,2480.3
cf44850bb26a,AD000506,town_centroid,town,1,856.3249999999999,109.34166666666668,0.1111,0.1373,0.3226,0,1,0,0,0,0,none,2,0.0
dc32fc0afe13,AD000507,vendor_pin,street,1,3296.6,936.9,0.1111,0.1346,0.3438,0,1,0,0,0,0,street,2,2576.8
12f89fecb349,AD000507,town_centroid,town,1,856.3249999999999,109.34166666666668,0.1111,0.1346,0.3438,0,1,0,0,0,0,none,2,0.0
aee154a04e27,AD000508,vendor_pin,locality,1,-2469.7,1561.6,0.0909,0.1184,0.2667,0,1,0,0,0,0,locality,2,3121.2
60489b1633c2,AD000508,town_centroid,town,1,-172.75833333333335,-551.7416666666667,0.0909,0.1184,0.2667,0,1,0,0,0,0,none,2,0.0
e0b3b6661bfe,AD000509,vendor_pin,street,1,893.3,2656.2,0.2,0.1429,0.2791,1,1,0,0,0,0,street,3,2547.1
de9513bf4ce2,AD000509,locality_centroid,locality,1,986.3,2772.6,0.2,0.1429,0.2791,1,1,0,0,0,0,none,3,2666.4
aa8be88af53a,AD000509,town_centroid,town,1,856.3249999999999,109.34166666666668,0.2,0.1429,0.2791,1,1,0,0,0,0,none,3,0.0
b9a0c94f2e90,AD000510,vendor_pin,locality,1,-2606.1,-182.3,0.25,0.2174,0.3864,1,1,0,0,0,0,locality,3,2461.2
e9805478922c,AD000510,locality_centroid,locality,1,-2605.6,-262.1,0.25,0.2174,0.3864,1,1,0,0,0,0,none,3,2450.0
0bb8c540d57f,AD000510,town_centroid,town,1,-172.75833333333335,-551.7416666666667,0.25,0.2174,0.3864,1,1,0,0,0,0,none,3,0.0
baf98debf89c,AD000511,vendor_pin,locality,1,-569.5,3323.0,0.2,0.1781,0.3297,1,1,1,0,0,0,locality,3,3895.0
25bf2ebbe0fc,AD000511,locality_centroid,locality,1,-438.3,3208.9,0.2,0.1781,0.3297,1,1,1,0,0,0,none,3,3770.0
554e881dc091,AD000511,town_centroid,town,1,-172.75833333333335,-551.7416666666667,0.2,0.1781,0.3297,1,1,1,0,0,0,none,3,0.0
326260f930ca,AD000512,vendor_pin,locality,1,-3804.8,-899.1,0.2,0.2034,0.4,0,1,0,0,0,0,locality,2,3648.6
30d8c4939dcf,AD000512,town_centroid,town,1,-172.75833333333335,-551.7416666666667,0.2,0.2034,0.4,0,1,0,0,0,0,none,2,0.0
27f9d3ea0677,AD000513,vendor_pin,locality,1,-3033.1,1055.5,0.1818,0.1875,0.3457,1,1,0,0,0,0,locality,3,3367.6
d07d7e314514,AD000513,locality_centroid,locality,1,-2863.9,1096.5,0.1818,0.1875,0.3457,1,1,0,0,0,0,none,3,3238.6
5e31679d7668,AD000513,town_centroid,town,1,-46.70000000000002,-500.9083333333333,0.1818,0.1875,0.3457,1,1,0,0,0,0,none,3,0.0
cfc5bbb2e774,AD000515,vendor_pin,locality,1,2417.2,-1370.7,0.2857,0.2174,0.3934,1,1,0,0,0,0,locality,3,2151.0
bf859051cfca,AD000515,locality_centroid,locality,1,2589.2,-1273.1,0.2857,0.2174,0.3934,1,1,0,0,0,0,none,3,2216.8
8e7229618528,AD000515,town_centroid,town,1,856.3249999999999,109.34166666666668,0.2857,0.2174,0.3934,1,1,0,0,0,0,none,3,0.0
e8a7a76d8ff9,AD000517,vendor_pin,street,1,2183.1,563.3,0.25,0.1915,0.3492,1,1,0,0,0,0,street,4,2470.7
fa90b71ccb6d,AD000517,locality_centroid,locality,1,2499.2,994.1,0.25,0.1915,0.3492,1,1,0,0,0,0,none,4,2952.4
20f36a0e1fd3,AD000517,town_centroid,town,1,-46.70000000000002,-500.9083333333333,0.25,0.1915,0.3492,1,1,0,0,0,0,none,4,0.0
c12661d124f2,AD000517,prior_field_cluster,street,1,2103.5,624.8,0.25,0.1915,0.3492,1,1,0,0,0,0,none,4,2427.1
d7d9c42a3a35,AD000518,vendor_pin,locality,1,313.3,2537.1,0.1818,0.1867,0.3579,1,1,0,0,0,0,locality,3,3059.3
a6b15e3f30be,AD000518,locality_centroid,locality,1,290.7,2335.2,0.1818,0.1867,0.3579,1,1,0,0,0,0,none,3,2856.1
2bd4413226de,AD000518,town_centroid,town,1,-46.70000000000002,-500.9083333333333,0.1818,0.1867,0.3579,1,1,0,0,0,0,none,3,0.0
d601dbd5afc3,AD000519,vendor_pin,rooftop,1,-157.7,2828.5,0.2222,0.2167,0.3896,1,1,0,0,0,0,rooftop,3,3380.3
5f91519bdb2b,AD000519,locality_centroid,locality,1,-438.3,3208.9,0.2222,0.2167,0.3896,1,1,0,0,0,0,none,3,3770.0
a6a7e1c95d9b,AD000519,town_centroid,town,1,-172.75833333333335,-551.7416666666667,0.2222,0.2167,0.3896,1,1,0,0,0,0,none,3,0.0
c6da289c18bd,AD000521,vendor_pin,street,1,-977.7,-3862.7,0.2,0.1967,0.359,1,1,0,0,0,0,street,3,3407.4
f6fac845e4b8,AD000521,locality_centroid,locality,1,-433.5,-3467.4,0.2,0.1967,0.359,1,1,0,0,0,0,none,3,2927.3
cd5374af2387,AD000521,town_centroid,town,1,-172.75833333333335,-551.7416666666667,0.2,0.1967,0.359,1,1,0,0,0,0,none,3,0.0
ab32590e2702,AD000522,vendor_pin,locality,1,2982.2,689.1,0.1818,0.1351,0.2727,1,0,0,0,0,0,locality,3,2203.5
6274df56369a,AD000522,locality_centroid,locality,1,3029.6,575.7,0.1818,0.1351,0.2727,1,0,0,0,0,0,none,3,2222.7
1cad70e16c98,AD000522,town_centroid,town,1,856.3249999999999,109.34166666666668,0.1818,0.1351,0.2727,1,0,0,0,0,0,none,3,0.0
c173ebec6127,AD000523,vendor_pin,locality,1,2512.2,-1057.9,0.2222,0.1961,0.3529,1,1,0,0,0,0,locality,3,2025.9
682dfb914408,AD000523,locality_centroid,locality,1,2589.2,-1273.1,0.2222,0.1961,0.3529,1,1,0,0,0,0,none,3,2216.8
e1b037fb384b,AD000523,town_centroid,town,1,856.3249999999999,109.34166666666668,0.2222,0.1961,0.3529,1,1,0,0,0,0,none,3,0.0
f563d04cccc3,AD000524,vendor_pin,street,1,2666.3,-1800.3,0.1667,0.1316,0.2637,1,1,0,0,0,0,street,4,3008.1
eb5bf942e833,AD000524,locality_centroid,locality,1,2735.1,-2128.6,0.1667,0.1316,0.2637,1,1,0,0,0,0,none,4,3223.0
8d78e8526c14,AD000524,town_centroid,town,1,-46.70000000000002,-500.9083333333333,0.1667,0.1316,0.2637,1,1,0,0,0,0,none,4,0.0
b78ad9db155b,AD000524,prior_field_cluster,street,1,2614.8,-1663.7,0.1667,0.1316,0.2637,1,1,0,0,0,0,none,4,2904.4
72fb2a4ae7bc,AD000525,vendor_pin,locality,1,-806.6,-560.4,0.1538,0.1081,0.2299,1,1,0,0,0,0,locality,3,633.9
52700bdf8fa3,AD000525,locality_centroid,locality,1,-722.6,-522.8,0.1538,0.1081,0.2299,1,1,0,0,0,0,none,3,550.6
b85b6cc86a80,AD000525,town_centroid,town,1,-172.75833333333335,-551.7416666666667,0.1538,0.1081,0.2299,1,1,0,0,0,0,none,3,0.0
c9320f3793c5,AD000526,vendor_pin,locality,1,897.9,-724.5,0.2222,0.1884,0.3488,1,1,0,0,0,0,locality,4,1084.5
b8c9ef4b6906,AD000526,locality_centroid,locality,1,929.4,-822.2,0.2222,0.1884,0.3488,1,1,0,0,0,0,none,4,1134.9
9dcef6311c3b,AD000526,town_centroid,town,1,-172.75833333333335,-551.7416666666667,0.2222,0.1884,0.3488,1,1,0,0,0,0,none,4,0.0
1e60d74a7091,AD000526,prior_field_cluster,street,1,1184.55,-567.1,0.2222,0.1884,0.3488,1,1,0,0,0,0,none,4,1357.4
773671979510,AD000527,vendor_pin,locality,1,1013.7,2433.6,0.3333,0.2703,0.4615,1,1,0,0,0,0,locality,3,2329.6
48fb1533438a,AD000527,locality_centroid,locality,1,986.3,2772.6,0.3333,0.2703,0.4615,1,1,0,0,0,0,none,3,2666.4
1e44ce7b241b,AD000527,town_centroid,town,1,856.3249999999999,109.34166666666668,0.3333,0.2703,0.4615,1,1,0,0,0,0,none,3,0.0
13fbda5280df,AD000528,vendor_pin,street,1,-2718.7,-557.4,0.1818,0.2154,0.4096,0,1,0,0,0,0,street,2,2545.9
a7ad10145265,AD000528,town_centroid,town,1,-172.75833333333335,-551.7416666666667,0.1818,0.2154,0.4096,0,1,0,0,0,0,none,2,0.0
faf8584656a9,AD000529,vendor_pin,locality,1,2743.0,-2180.0,0.1667,0.1408,0.2791,1,1,0,0,0,0,locality,4,3256.0
bd659823e353,AD000529,locality_centroid,locality,1,2735.1,-2128.6,0.1667,0.1408,0.2791,1,1,0,0,0,0,none,4,3223.0
1058537f722d,AD000529,town_centroid,town,1,-46.70000000000002,-500.9083333333333,0.1667,0.1408,0.2791,1,1,0,0,0,0,none,4,0.0
82969d295366,AD000529,prior_field_cluster,street,1,2816.5,-2098.1,0.1667,0.1408,0.2791,1,1,0,0,0,0,none,4,3278.6
b9a6f158bde8,AD000530,vendor_pin,locality,1,-939.9,-3258.7,0.2857,0.2083,0.3871,1,1,0,0,0,0,locality,4,2898.8
bc8d7099e04b,AD000530,locality_centroid,locality,1,-1053.3,-3163.0,0.2857,0.2083,0.3871,1,1,0,0,0,0,none,4,2846.0
2b47d75ae36e,AD000530,town_centroid,town,1,-46.70000000000002,-500.9083333333333,0.2857,0.2083,0.3871,1,1,0,0,0,0,none,4,0.0
d6d319b94384,AD000530,prior_field_cluster,street,1,-1109.4,-3104.75,0.2857,0.2083,0.3871,1,1,0,0,0,0,none,4,2812.4
c53ccd0b1bab,AD000531,vendor_pin,pincode,1,1420.6,-1271.1,0.0,0.0635,0.2254,0,1,0,0,0,0,pincode,3,1491.3
b26906cfbe9d,AD000531,town_centroid,town,1,856.3249999999999,109.34166666666668,0.0,0.0635,0.2254,0,1,0,0,0,0,none,3,0.0
25c9bbf11024,AD000531,prior_field_cluster,street,1,1282.6,-2463.1,0.0,0.0635,0.2254,0,1,0,0,0,0,none,3,2607.5
ed93456fb881,AD000532,vendor_pin,locality,1,928.0,-1005.9,0.1111,0.1562,0.3333,0,1,0,0,0,0,locality,3,1190.8
d284c26f1ed1,AD000532,town_centroid,town,1,-172.75833333333335,-551.7416666666667,0.1111,0.1562,0.3333,0,1,0,0,0,0,none,3,0.0
fabb1f6aadaf,AD000532,prior_field_cluster,street,1,1384.0,-762.6,0.1111,0.1562,0.3333,0,1,0,0,0,0,none,3,1571.0
45446646baeb,AD000533,vendor_pin,locality,1,-2425.7,-396.5,0.3,0.2381,0.4146,1,1,0,0,0,0,locality,3,2258.3
d119dfb4e029,AD000533,locality_centroid,locality,1,-2605.6,-262.1,0.3,0.2381,0.4146,1,1,0,0,0,0,none,3,2450.0
6bd6c47ac890,AD000533,town_centroid,town,1,-172.75833333333335,-551.7416666666667,0.3,0.2381,0.4146,1,1,0,0,0,0,none,3,0.0
15fd4c4e092c,AD000534,vendor_pin,pincode,1,1860.7,1489.5,0.0,0.0656,0.1739,0,1,0,0,0,0,pincode,3,2881.3
310aa70ea7b1,AD000534,town_centroid,town,1,-172.75833333333335,-551.7416666666667,0.0,0.0656,0.1739,0,1,0,0,0,0,none,3,0.0
4e298c3ba9ca,AD000534,prior_field_cluster,street,1,3958.25,725.2,0.0,0.0656,0.1739,0,1,0,0,0,0,none,3,4323.9
bd7c2d93b578,AD000535,vendor_pin,locality,1,3667.1,444.8,0.1333,0.1591,0.2963,1,1,0,0,0,0,locality,4,3967.1
31b55cf7adeb,AD000535,locality_centroid,locality,1,3653.7,367.3,0.1333,0.1591,0.2963,1,1,0,0,0,0,none,4,3935.3
6d15a99ae493,AD000535,town_centroid,town,1,-172.75833333333335,-551.7416666666667,0.1333,0.1591,0.2963,1,1,0,0,0,0,none,4,0.0
6ce39be8c7e9,AD000535,prior_field_cluster,street,1,3701.7,111.3,0.1333,0.1591,0.2963,1,1,0,0,0,0,none,4,3930.8
95af6ffd0bf4,AD000536,vendor_pin,street,1,-3085.4,1269.4,0.2,0.1791,0.3373,1,1,0,0,0,0,street,3,3516.8
c578cdb56845,AD000536,locality_centroid,locality,1,-2863.9,1096.5,0.2,0.1791,0.3373,1,1,0,0,0,0,none,3,3238.6
6ae31dc9f5c0,AD000536,town_centroid,town,1,-46.70000000000002,-500.9083333333333,0.2,0.1791,0.3373,1,1,0,0,0,0,none,3,0.0
2a7fcc1e85c7,AD000537,vendor_pin,pincode,1,1168.5,-2184.9,0.0,0.0143,0.1538,0,1,0,0,0,0,pincode,2,2076.7
a0ebbefe9f95,AD000537,town_centroid,town,1,-46.70000000000002,-500.9083333333333,0.0,0.0143,0.1538,0,1,0,0,0,0,none,2,0.0
d391a5702992,AD000538,vendor_pin,locality,1,1447.1,-2291.8,0.1667,0.1154,0.234,0,1,0,0,0,0,locality,3,2472.8
e9209c2d63c3,AD000538,town_centroid,town,1,856.3249999999999,109.34166666666668,0.1667,0.1154,0.234,0,1,0,0,0,0,none,3,0.0
e929e758948d,AD000538,prior_field_cluster,street,1,1282.1,-1767.7,0.1667,0.1154,0.234,0,1,0,0,0,0,none,3,1924.7
983deaec242c,AD000539,vendor_pin,pincode,1,1480.1,-1795.0,0.0909,0.0746,0.2308,0,1,0,0,0,0,pincode,3,2003.9
6f60244f4e90,AD000539,town_centroid,town,1,856.3249999999999,109.34166666666668,0.0909,0.0746,0.2308,0,1,0,0,0,0,none,3,0.0
fa11b478e4d3,AD000539,prior_field_cluster,street,1,2682.0,-941.8,0.0909,0.0746,0.2308,0,1,0,0,0,0,none,3,2106.7
242a5ef49613,AD000540,vendor_pin,street,1,1211.7,1315.1,0.1818,0.1515,0.2963,1,1,0,0,0,0,street,3,1257.0
73b5c507e82b,AD000540,locality_centroid,locality,1,987.4,1270.5,0.1818,0.1515,0.2963,1,1,0,0,0,0,none,3,1168.5
c3f643a47f5e,AD000540,town_centroid,town,1,856.3249999999999,109.34166666666668,0.1818,0.1515,0.2963,1,1,0,0,0,0,none,3,0.0
6cc96d64d3d1,AD000541,vendor_pin,locality,1,2813.0,-2305.4,0.25,0.1961,0.3636,1,1,0,0,0,0,locality,4,3381.4
71843eadedec,AD000541,locality_centroid,locality,1,2735.1,-2128.6,0.25,0.1961,0.3636,1,1,0,0,0,0,none,4,3223.0
39b20f9360db,AD000541,town_centroid,town,1,-46.70000000000002,-500.9083333333333,0.25,0.1961,0.3636,1,1,0,0,0,0,none,4,0.0
63b40304394a,AD000541,prior_field_cluster,street,1,2652.3500000000004,-2486.65,0.25,0.1961,0.3636,1,1,0,0,0,0,none,4,3350.8
f0b17beb7ad8,AD000542,vendor_pin,pincode,1,-1260.6,2056.9,0.0,0.0541,0.1667,0,1,0,0,0,0,pincode,2,2826.4
857a6299fdcf,AD000542,town_centroid,town,1,-172.75833333333335,-551.7416666666667,0.0,0.0541,0.1667,0,1,0,0,0,0,none,2,0.0
889d497e65a6,AD000543,vendor_pin,locality,1,687.0,-2983.1,0.1538,0.1389,0.2759,1,1,0,0,0,0,locality,3,2588.4
e0e9328fb0ab,AD000543,locality_centroid,locality,1,665.2,-3094.2,0.1538,0.1389,0.2759,1,1,0,0,0,0,none,3,2689.2
a295398187fa,AD000543,town_centroid,town,1,-46.70000000000002,-500.9083333333333,0.1538,0.1389,0.2759,1,1,0,0,0,0,none,3,0.0
768aab75bf0d,AD000544,vendor_pin,street,1,-391.5,-1246.1,0.1667,0.1528,0.2955,1,1,0,0,0,0,street,3,821.1
e53b52125457,AD000544,locality_centroid,locality,1,-598.6,-1329.8,0.1667,0.1528,0.2955,1,1,0,0,0,0,none,3,995.8
d5cf6b59bb45,AD000544,town_centroid,town,1,-46.70000000000002,-500.9083333333333,0.1667,0.1528,0.2955,1,1,0,0,0,0,none,3,0.0
e5730b251204,AD000545,vendor_pin,locality,1,-3915.5,-1049.4,0.3333,0.2308,0.4048,1,1,0,0,0,0,locality,3,3775.7
cda1bd40c062,AD000545,locality_centroid,locality,1,-3766.2,-883.9,0.3333,0.2308,0.4048,1,1,0,0,0,0,none,3,3608.8
a321dd9b5b94,AD000545,town_centroid,town,1,-172.75833333333335,-551.7416666666667,0.3333,0.2308,0.4048,1,1,0,0,0,0,none,3,0.0
e9c86643fa6c,AD000547,vendor_pin,locality,1,-1126.0,-3206.7,0.2222,0.1724,0.3243,1,1,0,0,0,0,locality,3,2913.1
35c9630dbd96,AD000547,locality_centroid,locality,1,-1053.3,-3163.0,0.2222,0.1724,0.3243,1,1,0,0,0,0,none,3,2846.0
421a278d9617,AD000547,town_centroid,town,1,-46.70000000000002,-500.9083333333333,0.2222,0.1724,0.3243,1,1,0,0,0,0,none,3,0.0
7070d034e14d,AD000548,vendor_pin,street,1,1318.2,2616.1,0.2222,0.1695,0.3158,1,1,0,0,0,0,street,3,2549.0
623ad00143cf,AD000548,locality_centroid,locality,1,986.3,2772.6,0.2222,0.1695,0.3158,1,1,0,0,0,0,none,3,2666.4
16647763f1da,AD000548,town_centroid,town,1,856.3249999999999,109.34166666666668,0.2222,0.1695,0.3158,1,1,0,0,0,0,none,3,0.0
2ee7834fd5d2,AD000549,vendor_pin,locality,1,-463.2,-497.2,0.1818,0.1528,0.2766,1,1,0,0,0,0,locality,3,1452.3
99b0c94e72d7,AD000549,locality_centroid,locality,1,-533.7,-484.7,0.1818,0.1528,0.2766,1,1,0,0,0,0,none,3,1511.6
e88209bc35e3,AD000549,town_centroid,town,1,856.3249999999999,109.34166666666668,0.1818,0.1528,0.2766,1,1,0,0,0,0,none,3,0.0
3bad93270b13,AD000550,vendor_pin,rooftop,1,813.6,-3104.3,0.2222,0.1864,0.3333,1,1,0,0,0,0,rooftop,3,3213.9
d16b5d3e4c82,AD000550,locality_centroid,locality,1,688.3,-3007.0,0.2222,0.1864,0.3333,1,1,0,0,0,0,none,3,3120.9
0424e04a7b42,AD000550,town_centroid,town,1,856.3249999999999,109.34166666666668,0.2222,0.1864,0.3333,1,1,0,0,0,0,none,3,0.0
5aa2eee9bf94,AD000551,vendor_pin,street,1,672.7,-2859.3,0.1667,0.1282,0.2581,1,1,0,0,0,0,street,3,2465.7
e5f4252d8955,AD000551,locality_centroid,locality,1,665.2,-3094.2,0.1667,0.1282,0.2581,1,1,0,0,0,0,none,3,2689.2
551ea10f1914,AD000551,town_centroid,town,1,-46.70000000000002,-500.9083333333333,0.1667,0.1282,0.2581,1,1,0,0,0,0,none,3,0.0
ecd891aa7dfa,AD000552,vendor_pin,street,1,866.6,1084.6,0.2222,0.1667,0.3158,1,1,0,0,0,0,street,3,975.3
8a5c2ad80362,AD000552,locality_centroid,locality,1,987.4,1270.5,0.2222,0.1667,0.3158,1,1,0,0,0,0,none,3,1168.5
40bc45e06eb3,AD000552,town_centroid,town,1,856.3249999999999,109.34166666666668,0.2222,0.1667,0.3158,1,1,0,0,0,0,none,3,0.0
12d40fece501,AD000553,vendor_pin,locality,1,1498.2,-2191.7,0.25,0.1698,0.3056,1,1,0,0,0,0,locality,3,2388.9
d7945bff3e40,AD000553,locality_centroid,locality,1,1577.4,-2059.5,0.25,0.1698,0.3056,1,1,0,0,0,0,none,3,2285.6
e4f791c25493,AD000553,town_centroid,town,1,856.3249999999999,109.34166666666668,0.25,0.1698,0.3056,1,1,0,0,0,0,none,3,0.0
a0f0b31aa47f,AD000554,vendor_pin,locality,1,1048.2,-838.1,0.0833,0.1282,0.2979,0,1,0,0,0,0,locality,2,1254.1
84ca1c2f8040,AD000554,town_centroid,town,1,-172.75833333333335,-551.7416666666667,0.0833,0.1282,0.2979,0,1,0,0,0,0,none,2,0.0
5252ac89ea15,AD000555,vendor_pin,locality,1,-460.4,3110.6,0.1818,0.1733,0.3226,1,1,0,0,0,0,locality,3,3673.6
b515464413aa,AD000555,locality_centroid,locality,1,-438.3,3208.9,0.1818,0.1733,0.3226,1,1,0,0,0,0,none,3,3770.0
050f40402072,AD000555,town_centroid,town,1,-172.75833333333335,-551.7416666666667,0.1818,0.1733,0.3226,1,1,0,0,0,0,none,3,0.0
badd1dc1139e,AD000556,vendor_pin,locality,1,3803.3,387.8,0.0769,0.1757,0.3478,0,1,0,0,0,0,locality,2,4085.6
a270013a6c6b,AD000556,town_centroid,town,1,-172.75833333333335,-551.7416666666667,0.0769,0.1757,0.3478,0,1,0,0,0,0,none,2,0.0
1d9b1b16eb38,AD000557,vendor_pin,locality,1,656.2,-2964.3,0.1818,0.1639,0.3077,1,1,0,0,0,0,locality,3,2561.7
7a326470e9ab,AD000557,locality_centroid,locality,1,665.2,-3094.2,0.1818,0.1639,0.3077,1,1,0,0,0,0,none,3,2689.2
3d7a6379061a,AD000557,town_centroid,town,1,-46.70000000000002,-500.9083333333333,0.1818,0.1639,0.3077,1,1,0,0,0,0,none,3,0.0
6bdc43ed7f5a,AD000558,vendor_pin,locality,1,2636.0,-1088.1,0.2,0.1562,0.3,1,1,0,0,0,0,locality,3,2145.0
3ff623d8839d,AD000558,locality_centroid,locality,1,2589.2,-1273.1,0.2,0.1562,0.3,1,1,0,0,0,0,none,3,2216.8
c3cdadc53caa,AD000558,town_centroid,town,1,856.3249999999999,109.34166666666668,0.2,0.1562,0.3,1,1,0,0,0,0,none,3,0.0
132cd5049d2f,AD000560,vendor_pin,locality,1,1592.3,-2181.0,0.3333,0.225,0.3729,1,1,0,0,0,0,locality,4,2405.7
da2c48a483bc,AD000560,locality_centroid,locality,1,1577.4,-2059.5,0.3333,0.225,0.3729,1,1,0,0,0,0,none,4,2285.6
70ffcd7320e1,AD000560,town_centroid,town,1,856.3249999999999,109.34166666666668,0.3333,0.225,0.3729,1,1,0,0,0,0,none,4,0.0
32992d9b61a0,AD000560,prior_field_cluster,street,1,1287.35,-2461.25,0.3333,0.225,0.3729,1,1,0,0,0,0,none,4,2606.5
a1b092ab6ffa,AD000561,vendor_pin,pincode,1,1578.9,-1378.1,0.0,0.0135,0.1235,0,1,0,0,0,0,pincode,2,1847.2
34efe9aa1f12,AD000561,town_centroid,town,1,-46.70000000000002,-500.9083333333333,0.0,0.0135,0.1235,0,1,0,0,0,0,none,2,0.0
975ae6f24ae0,AD000562,vendor_pin,locality,1,-1105.0,-2980.4,0.0909,0.1159,0.2651,0,1,0,0,0,0,locality,2,2695.9
0cf8650272b2,AD000562,town_centroid,town,1,-46.70000000000002,-500.9083333333333,0.0909,0.1159,0.2651,0,1,0,0,0,0,none,2,0.0
3465c0486c14,AD000563,vendor_pin,locality,1,2507.8,-2375.6,0.1667,0.1493,0.2892,1,1,0,0,0,0,locality,4,3168.6
6825defd1121,AD000563,locality_centroid,locality,1,2735.1,-2128.6,0.1667,0.1493,0.2892,1,1,0,0,0,0,none,4,3223.0
f603b07430c2,AD000563,town_centroid,town,1,-46.70000000000002,-500.9083333333333,0.1667,0.1493,0.2892,1,1,0,0,0,0,none,4,0.0
96821a51ba31,AD000563,prior_field_cluster,street,1,3004.2,-2521.5,0.1667,0.1493,0.2892,1,1,0,0,0,0,none,4,3659.3
c50447da9439,AD000565,vendor_pin,street,1,1485.4,203.4,0.0833,0.1169,0.2857,0,1,0,0,0,0,street,2,636.1
bb4c4dffaad9,AD000565,town_centroid,town,1,856.3249999999999,109.34166666666668,0.0833,0.1169,0.2857,0,1,0,0,0,0,none,2,0.0
e8cf4b4850ce,AD000566,vendor_pin,locality,1,2623.8,-1429.0,0.2222,0.1754,0.3288,1,1,0,0,0,0,locality,3,2343.2
a5b9b905fce3,AD000566,locality_centroid,locality,1,2589.2,-1273.1,0.2222,0.1754,0.3288,1,1,0,0,0,0,none,3,2216.8
b244df31d11c,AD000566,town_centroid,town,1,856.3249999999999,109.34166666666668,0.2222,0.1754,0.3288,1,1,0,0,0,0,none,3,0.0
87a639867bc1,AD000567,vendor_pin,locality,1,-2539.6,1680.5,0.0769,0.1154,0.2857,0,0,0,0,0,0,locality,2,3253.4
eff788a1c801,AD000567,town_centroid,town,1,-172.75833333333335,-551.7416666666667,0.0769,0.1154,0.2857,0,0,0,0,0,0,none,2,0.0
178b33b98557,AD000568,vendor_pin,street,1,1195.7,-682.7,0.1818,0.1579,0.3011,1,0,0,0,1,0,street,3,1255.6
9806780d4d78,AD000568,locality_centroid,locality,1,1112.8,-196.7,0.1818,0.1579,0.3011,1,0,0,0,1,0,none,3,1198.7
6dc6c5792bc7,AD000568,town_centroid,town,1,-46.70000000000002,-500.9083333333333,0.1818,0.1579,0.3011,1,0,0,0,1,0,none,3,0.0
e7d65761b67b,AD000569,vendor_pin,locality,1,2628.9,-2326.9,0.125,0.1167,0.3056,0,1,0,0,0,0,locality,3,3239.3
6788d7f24050,AD000569,town_centroid,town,1,-46.70000000000002,-500.9083333333333,0.125,0.1167,0.3056,0,1,0,0,0,0,none,3,0.0
b0b6d0c55cbe,AD000569,prior_field_cluster,street,1,2824.7,-2123.8,0.125,0.1167,0.3056,0,1,0,0,0,0,none,3,3298.3
d6d209648806,AD000570,vendor_pin,locality,1,808.4,-770.4,0.25,0.2407,0.4225,1,1,0,0,0,0,locality,4,1005.2
1f13b44faffe,AD000570,locality_centroid,locality,1,929.4,-822.2,0.25,0.2407,0.4225,1,1,0,0,0,0,none,4,1134.9
9452f2af20a3,AD000570,town_centroid,town,1,-172.75833333333335,-551.7416666666667,0.25,0.2407,0.4225,1,1,0,0,0,0,none,4,0.0
bd6e7a02833c,AD000570,prior_field_cluster,street,1,638.9,-790.5,0.25,0.2407,0.4225,1,1,0,0,0,0,none,4,846.0
220a99905301,AD000572,vendor_pin,locality,1,-1133.0,-2027.4,0.1,0.15,0.3562,0,1,0,0,0,0,locality,2,1760.6
0ae78ce047da,AD000572,town_centroid,town,1,-172.75833333333335,-551.7416666666667,0.1,0.15,0.3562,0,1,0,0,0,0,none,2,0.0
5d3cd21e2cbb,AD000573,vendor_pin,locality,1,1552.5,-2175.9,0.25,0.1731,0.3014,1,0,0,0,0,0,locality,4,2388.9
e7d17fdb9924,AD000573,locality_centroid,locality,1,1577.4,-2059.5,0.25,0.1731,0.3014,1,0,0,0,0,0,none,4,2285.6
2e9acce1825b,AD000573,town_centroid,town,1,856.3249999999999,109.34166666666668,0.25,0.1731,0.3014,1,0,0,0,0,0,none,4,0.0
90f38bb031fd,AD000573,prior_field_cluster,street,1,1653.2,-1695.8,0.25,0.1731,0.3014,1,0,0,0,0,0,none,4,1973.2
4881ae3b465b,AD000574,vendor_pin,street,1,-26.0,-3729.7,0.2222,0.1765,0.3333,1,1,0,0,0,0,street,3,3181.3
0b4ad0a94c2c,AD000574,locality_centroid,locality,1,-433.5,-3467.4,0.2222,0.1765,0.3333,1,1,0,0,0,0,none,3,2927.3
3700d42b758d,AD000574,town_centroid,town,1,-172.75833333333335,-551.7416666666667,0.2222,0.1765,0.3333,1,1,0,0,0,0,none,3,0.0
326531560153,AD000575,vendor_pin,locality,1,952.0,-3670.5,0.2857,0.2368,0.4,1,1,0,0,0,0,locality,3,3315.4
fed901dc068d,AD000575,locality_centroid,locality,1,1155.3,-3613.0,0.2857,0.2368,0.4,1,1,0,0,0,0,none,3,3336.9
f9e4887c2515,AD000575,town_centroid,town,1,-172.75833333333335,-551.7416666666667,0.2857,0.2368,0.4,1,1,0,0,0,0,none,3,0.0
48ec2a0434b8,AD000576,vendor_pin,locality,1,-363.0,-3605.3,0.1818,0.1622,0.3111,1,1,0,0,0,0,locality,4,3059.5
69386e9884b5,AD000576,locality_centroid,locality,1,-433.5,-3467.4,0.1818,0.1622,0.3111,1,1,0,0,0,0,none,4,2927.3
1545e5af55a4,AD000576,town_centroid,town,1,-172.75833333333335,-551.7416666666667,0.1818,0.1622,0.3111,1,1,0,0,0,0,none,4,0.0
95d0abc57072,AD000576,prior_field_cluster,street,1,-477.1,-3671.3,0.1818,0.1622,0.3111,1,1,0,0,0,0,none,4,3134.4
bb2016d342de,AD000577,vendor_pin,locality,1,3743.0,495.1,0.1538,0.1667,0.3107,1,1,0,0,0,0,locality,3,4053.3
b6f2fd8b68af,AD000577,locality_centroid,locality,1,3653.7,367.3,0.1538,0.1667,0.3107,1,1,0,0,0,0,none,3,3935.3
982df6fcbc79,AD000577,town_centroid,town,1,-172.75833333333335,-551.7416666666667,0.1538,0.1667,0.3107,1,1,0,0,0,0,none,3,0.0
eb9e10178a19,AD000578,vendor_pin,locality,1,1028.4,-191.1,0.1,0.1273,0.3284,0,0,0,0,0,0,locality,2,1118.8
f9daa1dcdf82,AD000578,town_centroid,town,1,-46.70000000000002,-500.9083333333333,0.1,0.1273,0.3284,0,0,0,0,0,0,none,2,0.0
11201aebaefe,AD000579,vendor_pin,pincode,1,-269.8,16.9,0.125,0.102,0.339,0,0,0,0,0,0,pincode,3,1129.9
5662113af9bf,AD000579,town_centroid,town,1,856.3249999999999,109.34166666666668,0.125,0.102,0.339,0,0,0,0,0,0,none,3,0.0
0de9a13603ec,AD000579,prior_field_cluster,street,1,-408.5,-619.9,0.125,0.102,0.339,0,0,0,0,0,0,none,3,1460.0
2c6fcbb1058a,AD000580,vendor_pin,pincode,1,-1747.0,-1849.7,0.0,0.0571,0.2025,0,1,0,0,0,0,pincode,2,2040.3
a8e9ab84905e,AD000580,town_centroid,town,1,-172.75833333333335,-551.7416666666667,0.0,0.0571,0.2025,0,1,0,0,0,0,none,2,0.0
ad7587a308c6,AD000581,vendor_pin,locality,1,643.5,-3106.8,0.3333,0.3235,0.5,0,1,0,0,0,0,locality,2,3223.2
733c74539b98,AD000581,town_centroid,town,1,856.3249999999999,109.34166666666668,0.3333,0.3235,0.5,0,1,0,0,0,0,none,2,0.0
843d0043fe5a,AD000583,vendor_pin,locality,1,3256.3,-1878.3,0.2,0.1515,0.3,1,1,0,0,0,0,locality,3,3676.7
f04320c37c12,AD000583,locality_centroid,locality,1,3188.8,-1960.7,0.2,0.1515,0.3,1,1,0,0,0,0,none,3,3644.9
a28ce7a2ad76,AD000583,town_centroid,town,1,-172.75833333333335,-551.7416666666667,0.2,0.1515,0.3,1,1,0,0,0,0,none,3,0.0
fddb6a884a2d,AD000584,vendor_pin,locality,1,-488.2,3063.9,0.2,0.2,0.3614,1,1,0,0,0,0,locality,3,3629.4
c5fafddb16d1,AD000584,locality_centroid,locality,1,-438.3,3208.9,0.2,0.2,0.3614,1,1,0,0,0,0,none,3,3770.0
2136da33ea90,AD000584,town_centroid,town,1,-172.75833333333335,-551.7416666666667,0.2,0.2,0.3614,1,1,0,0,0,0,none,3,0.0
4383d8edaa50,AD000585,vendor_pin,street,1,1847.1,-1853.6,0.4,0.2903,0.44,1,1,0,0,0,0,street,3,2198.8
e11aedc2b7b4,AD000585,locality_centroid,locality,1,1577.4,-2059.5,0.4,0.2903,0.44,1,1,0,0,0,0,none,3,2285.6
9f29ab810ef0,AD000585,town_centroid,town,1,856.3249999999999,109.34166666666668,0.4,0.2903,0.44,1,1,0,0,0,0,none,3,0.0
ca54cec93077,AD000586,vendor_pin,locality,1,139.1,2515.1,0.2,0.1944,0.3656,1,1,0,0,0,0,locality,3,3021.7
4fdb7e266989,AD000586,locality_centroid,locality,1,290.7,2335.2,0.2,0.1944,0.3656,1,1,0,0,0,0,none,3,2856.1
c153bbefabac,AD000586,town_centroid,town,1,-46.70000000000002,-500.9083333333333,0.2,0.1944,0.3656,1,1,0,0,0,0,none,3,0.0
da080a1f8009,AD000587,vendor_pin,locality,1,1034.4,-845.5,0.1538,0.1566,0.2913,1,1,0,0,0,0,locality,4,1242.4
e2272df0635a,AD000587,locality_centroid,locality,1,929.4,-822.2,0.1538,0.1566,0.2913,1,1,0,0,0,0,none,4,1134.9
0131b0a93de6,AD000587,town_centroid,town,1,-172.75833333333335,-551.7416666666667,0.1538,0.1566,0.2913,1,1,0,0,0,0,none,4,0.0
de8b6879ffc3,AD000587,prior_field_cluster,street,1,2319.9,-780.6,0.1538,0.1566,0.2913,1,1,0,0,0,0,none,4,2503.1
1d0584293851,AD000588,vendor_pin,street,1,1058.6,-42.3,0.2857,0.2292,0.4062,1,1,0,0,0,0,street,3,252.8
c6ed0c13b077,AD000588,locality_centroid,locality,1,1046.9,-2.6,0.2857,0.2292,0.4062,1,1,0,0,0,0,none,3,221.0
94fa39ebab01,AD000588,town_centroid,town,1,856.3249999999999,109.34166666666668,0.2857,0.2292,0.4062,1,1,0,0,0,0,none,3,0.0
a05069f589af,AD000589,vendor_pin,locality,1,2739.2,-2190.1,0.2,0.1538,0.3038,1,1,0,0,0,0,locality,4,3258.0
4c77d75197a1,AD000589,locality_centroid,locality,1,2735.1,-2128.6,0.2,0.1538,0.3038,1,1,0,0,0,0,none,4,3223.0
3b2d8b26b378,AD000589,town_centroid,town,1,-46.70000000000002,-500.9083333333333,0.2,0.1538,0.3038,1,1,0,0,0,0,none,4,0.0
2a6f72a4eea3,AD000589,prior_field_cluster,street,1,2674.6,-1858.7,0.2,0.1538,0.3038,1,1,0,0,0,0,none,4,3041.2
420ceac6de50,AD000590,vendor_pin,locality,1,-577.4,-3539.9,0.25,0.2143,0.3889,1,1,0,0,0,0,locality,3,3015.4
57e182bb8e86,AD000590,locality_centroid,locality,1,-433.5,-3467.4,0.25,0.2143,0.3889,1,1,0,0,0,0,none,3,2927.3
cef9a0f0045a,AD000590,town_centroid,town,1,-172.75833333333335,-551.7416666666667,0.25,0.2143,0.3889,1,1,0,0,0,0,none,3,0.0
5e5d9763c628,AD000591,vendor_pin,locality,1,-881.9,-365.4,0.1538,0.1039,0.2198,1,1,0,0,0,0,locality,3,733.2
24798f13f307,AD000591,locality_centroid,locality,1,-722.6,-522.8,0.1538,0.1039,0.2198,1,1,0,0,0,0,none,3,550.6
0cf715503423,AD000591,town_centroid,town,1,-172.75833333333335,-551.7416666666667,0.1538,0.1039,0.2198,1,1,0,0,0,0,none,3,0.0
aaab467dde1d,AD000592,vendor_pin,locality,1,-3751.2,-862.8,0.2308,0.1875,0.3434,1,1,0,0,0,0,locality,3,3591.9
ff4a38c6d64c,AD000592,locality_centroid,locality,1,-3766.2,-883.9,0.2308,0.1875,0.3434,1,1,0,0,0,0,none,3,3608.8
cb4b3611b5b6,AD000592,town_centroid,town,1,-172.75833333333335,-551.7416666666667,0.2308,0.1875,0.3434,1,1,0,0,0,0,none,3,0.0
d7efbcaae780,AD000593,vendor_pin,street,1,-1117.6,27.0,0.1818,0.1642,0.3171,1,1,0,0,0,0,street,3,1193.9
8f41aad9ffab,AD000593,locality_centroid,locality,1,-1205.8,409.2,0.1818,0.1642,0.3171,1,1,0,0,0,0,none,3,1473.7
acddcad3b1a4,AD000593,town_centroid,town,1,-46.70000000000002,-500.9083333333333,0.1818,0.1642,0.3171,1,1,0,0,0,0,none,3,0.0
d5986a77cc43,AD000594,vendor_pin,pincode,1,-1688.1,1061.4,0.0,0.0147,0.1918,0,1,0,0,0,0,pincode,2,2266.1
c8a05b07d4a2,AD000594,town_centroid,town,1,-46.70000000000002,-500.9083333333333,0.0,0.0147,0.1918,0,1,0,0,0,0,none,2,0.0
4fca42153fcc,AD000595,vendor_pin,street,1,-2089.0,1133.5,0.0909,0.1324,0.2927,0,1,0,0,0,0,street,2,2551.9
18707bec5583,AD000595,town_centroid,town,1,-172.75833333333335,-551.7416666666667,0.0909,0.1324,0.2927,0,1,0,0,0,0,none,2,0.0
52567cf0872e,AD000596,vendor_pin,locality,1,1177.3,-627.6,0.0909,0.1429,0.3333,0,1,0,0,0,0,locality,3,1352.2
d098f3cbaf39,AD000596,town_centroid,town,1,-172.75833333333335,-551.7416666666667,0.0909,0.1429,0.3333,0,1,0,0,0,0,none,3,0.0
5a00a34a67d0,AD000596,prior_field_cluster,street,1,780.3,-707.15,0.0909,0.1429,0.3333,0,1,0,0,0,0,none,3,965.6
7dccc214ba79,AD000597,vendor_pin,locality,1,3319.5,-2105.5,0.2,0.1562,0.3038,1,1,0,0,0,0,locality,3,3822.3
7467c4de43d2,AD000597,locality_centroid,locality,1,3188.8,-1960.7,0.2,0.1562,0.3038,1,1,0,0,0,0,none,3,3644.9
762c68ded11d,AD000597,town_centroid,town,1,-172.75833333333335,-551.7416666666667,0.2,0.1562,0.3038,1,1,0,0,0,0,none,3,0.0
8180a7fcabc4,AD000598,vendor_pin,locality,1,1404.2,-2173.8,0.25,0.1837,0.3333,1,1,0,0,0,0,locality,4,2348.0
5e0db24ada40,AD000598,locality_centroid,locality,1,1577.4,-2059.5,0.25,0.1837,0.3333,1,1,0,0,0,0,none,4,2285.6
63d00610dc4f,AD000598,town_centroid,town,1,856.3249999999999,109.34166666666668,0.25,0.1837,0.3333,1,1,0,0,0,0,none,4,0.0
ce839c354500,AD000598,prior_field_cluster,street,1,1599.9,-2337.5,0.25,0.1837,0.3333,1,1,0,0,0,0,none,4,2557.3
573c1d663cd6,AD000599,vendor_pin,pincode,1,-983.1,-2657.3,0.0,0.0312,0.2,0,1,0,0,0,0,pincode,2,2350.9
526daa3a4f95,AD000599,town_centroid,town,1,-46.70000000000002,-500.9083333333333,0.0,0.0312,0.2,0,1,0,0,0,0,none,2,0.0
009a0dbd32f7,AD000600,vendor_pin,locality,1,1598.5,-2013.7,0.2857,0.2045,0.3492,1,1,0,0,0,0,locality,4,2249.0
c99f3991aa20,AD000600,locality_centroid,locality,1,1577.4,-2059.5,0.2857,0.2045,0.3492,1,1,0,0,0,0,none,4,2285.6
c93f5128061d,AD000600,town_centroid,town,1,856.3249999999999,109.34166666666668,0.2857,0.2045,0.3492,1,1,0,0,0,0,none,4,0.0
dc89b1ab5ac7,AD000600,prior_field_cluster,street,1,1785.0,-2456.3,0.2857,0.2045,0.3492,1,1,0,0,0,0,none,4,2728.5
209f2b1d9cbe,AD000601,vendor_pin,pincode,1,-789.6,-1921.2,0.0,0.0755,0.2623,0,1,0,0,0,0,pincode,2,2613.8
43d3e8055fad,AD000601,town_centroid,town,1,856.3249999999999,109.34166666666668,0.0,0.0755,0.2623,0,1,0,0,0,0,none,2,0.0
331f50bc44b3,AD000602,vendor_pin,locality,1,2743.7,-2140.8,0.2222,0.1786,0.338,1,1,0,0,0,0,locality,4,3236.6
c9eafdb692a7,AD000602,locality_centroid,locality,1,2735.1,-2128.6,0.2222,0.1786,0.338,1,1,0,0,0,0,none,4,3223.0
a90e9b9f1f8d,AD000602,town_centroid,town,1,-46.70000000000002,-500.9083333333333,0.2222,0.1786,0.338,1,1,0,0,0,0,none,4,0.0
2a7784ce2f74,AD000602,prior_field_cluster,street,1,2967.3999999999996,-1908.0,0.2222,0.1786,0.338,1,1,0,0,0,0,none,4,3326.4
538230caec63,AD000603,vendor_pin,locality,1,3108.0,712.4,0.1,0.1111,0.2933,0,1,0,0,0,0,locality,2,2331.0
4cd1a3e2aafa,AD000603,town_centroid,town,1,856.3249999999999,109.34166666666668,0.1,0.1111,0.2933,0,1,0,0,0,0,none,2,0.0
1e94a6211c83,AD000604,vendor_pin,locality,1,644.7,-2883.9,0.25,0.1961,0.3692,1,1,0,0,0,0,locality,3,2481.3
84d18974aeaa,AD000604,locality_centroid,locality,1,665.2,-3094.2,0.25,0.1961,0.3692,1,1,0,0,0,0,none,3,2689.2
af3dd6bea1c9,AD000604,town_centroid,town,1,-46.70000000000002,-500.9083333333333,0.25,0.1961,0.3692,1,1,0,0,0,0,none,3,0.0
4f9d60d4d8bd,AD000605,vendor_pin,locality,1,-2699.8,-194.7,0.25,0.1807,0.3333,1,1,0,0,0,0,locality,3,2552.1
ded42fc0b238,AD000605,locality_centroid,locality,1,-2605.6,-262.1,0.25,0.1807,0.3333,1,1,0,0,0,0,none,3,2450.0
19a41bf585a2,AD000605,town_centroid,town,1,-172.75833333333335,-551.7416666666667,0.25,0.1807,0.3333,1,1,0,0,0,0,none,3,0.0
fe7856b19b8c,AD000606,vendor_pin,rooftop,1,-589.9,3276.1,0.1667,0.1548,0.297,1,1,0,0,0,0,rooftop,3,3850.5
3643575acabe,AD000606,locality_centroid,locality,1,-438.3,3208.9,0.1667,0.1548,0.297,1,1,0,0,0,0,none,3,3770.0
91bad6a838f9,AD000606,town_centroid,town,1,-172.75833333333335,-551.7416666666667,0.1667,0.1548,0.297,1,1,0,0,0,0,none,3,0.0
6938e43d3068,AD000607,vendor_pin,locality,1,-484.8,-3506.6,0.1538,0.1622,0.3077,1,1,0,0,0,0,locality,4,2971.3
275523cf7260,AD000607,locality_centroid,locality,1,-433.5,-3467.4,0.1538,0.1622,0.3077,1,1,0,0,0,0,none,4,2927.3
d71fdd5c90c3,AD000607,town_centroid,town,1,-172.75833333333335,-551.7416666666667,0.1538,0.1622,0.3077,1,1,0,0,0,0,none,4,0.0
25474480c3c9,AD000607,prior_field_cluster,street,1,-832.5,-3865.6,0.1538,0.1622,0.3077,1,1,0,0,0,0,none,4,3378.9
2753cdaee32f,AD000608,vendor_pin,locality,1,633.0,-3259.7,0.1818,0.1515,0.2963,1,1,0,0,0,0,locality,4,2841.3
ecedd597b6ad,AD000608,locality_centroid,locality,1,665.2,-3094.2,0.1818,0.1515,0.2963,1,1,0,0,0,0,none,4,2689.2
2be38fe9bd8e,AD000608,town_centroid,town,1,-46.70000000000002,-500.9083333333333,0.1818,0.1515,0.2963,1,1,0,0,0,0,none,4,0.0
8eecf55d36db,AD000608,prior_field_cluster,street,1,915.25,-3352.5,0.1818,0.1515,0.2963,1,1,0,0,0,0,none,4,3009.5
ee4370f391b5,AD000609,vendor_pin,locality,1,-1457.4,-3016.5,0.2222,0.1833,0.3133,1,1,0,0,0,0,locality,3,3889.0
555b802d354c,AD000609,locality_centroid,locality,1,-1600.3,-2801.9,0.2222,0.1833,0.3133,1,1,0,0,0,0,none,3,3809.2
70097921e13b,AD000609,town_centroid,town,1,856.3249999999999,109.34166666666668,0.2222,0.1833,0.3133,1,1,0,0,0,0,none,3,0.0
916b6103cbe1,AD000610,vendor_pin,street,1,2138.7,2240.0,0.2222,0.1061,0.2169,1,1,0,0,0,0,street,3,2486.8
ac46ba77662a,AD000610,locality_centroid,locality,1,2308.9,1849.5,0.2222,0.1061,0.2169,1,1,0,0,0,0,none,3,2266.7
089f64de848c,AD000610,town_centroid,town,1,856.3249999999999,109.34166666666668,0.2222,0.1061,0.2169,1,1,0,0,0,0,none,3,0.0
426ca03b6cee,AD000611,vendor_pin,locality,1,2519.2,-1266.8,0.2,0.1493,0.2892,1,1,0,0,0,0,locality,3,2158.5
d149b3546fac,AD000611,locality_centroid,locality,1,2589.2,-1273.1,0.2,0.1493,0.2892,1,1,0,0,0,0,none,3,2216.8
d8ca0a23ca4b,AD000611,town_centroid,town,1,856.3249999999999,109.34166666666668,0.2,0.1493,0.2892,1,1,0,0,0,0,none,3,0.0
0063b25a11ec,AD000612,vendor_pin,street,1,915.5,955.0,0.2222,0.1613,0.3,1,1,0,0,0,0,street,3,847.7
8d954cac5b11,AD000612,locality_centroid,locality,1,987.4,1270.5,0.2222,0.1613,0.3,1,1,0,0,0,0,none,3,1168.5
23ad20eb47f7,AD000612,town_centroid,town,1,856.3249999999999,109.34166666666668,0.2222,0.1613,0.3,1,1,0,0,0,0,none,3,0.0
3c01ef180e63,AD000613,vendor_pin,locality,1,3109.9,360.0,0.1818,0.1351,0.2667,1,1,0,0,0,0,locality,4,2267.5
e8af58bfca5b,AD000613,locality_centroid,locality,1,3029.6,575.7,0.1818,0.1351,0.2667,1,1,0,0,0,0,none,4,2222.7
ccb3758fc3f4,AD000613,town_centroid,town,1,856.3249999999999,109.34166666666668,0.1818,0.1351,0.2667,1,1,0,0,0,0,none,4,0.0
434f32975311,AD000613,prior_field_cluster,street,1,2790.3,358.7,0.1818,0.1351,0.2667,1,1,0,0,0,0,none,4,1950.0
5203375364f9,AD000614,vendor_pin,locality,1,-2181.0,1751.5,0.2857,0.2609,0.4516,1,1,0,0,0,0,locality,3,3055.8
955ce986de9b,AD000614,locality_centroid,locality,1,-2446.2,1613.2,0.2857,0.2609,0.4516,1,1,0,0,0,0,none,3,3139.3
679fd01e3c61,AD000614,town_centroid,town,1,-172.75833333333335,-551.7416666666667,0.2857,0.2609,0.4516,1,1,0,0,0,0,none,3,0.0
69517e61900b,AD000615,vendor_pin,locality,1,-501.4,3112.9,0.1818,0.1781,0.3333,1,1,0,0,0,0,locality,3,3679.3
506e8d0caf39,AD000615,locality_centroid,locality,1,-438.3,3208.9,0.1818,0.1781,0.3333,1,1,0,0,0,0,none,3,3770.0
9c9f46fc7480,AD000615,town_centroid,town,1,-172.75833333333335,-551.7416666666667,0.1818,0.1781,0.3333,1,1,0,0,0,0,none,3,0.0
95fc405b8477,AD000616,vendor_pin,pincode,1,-1911.1,-1192.2,0.0,0.0656,0.1714,0,1,0,0,0,0,pincode,2,1852.6
7b987d67a8d4,AD000616,town_centroid,town,1,-172.75833333333335,-551.7416666666667,0.0,0.0656,0.1714,0,1,0,0,0,0,none,2,0.0
dcd6504b4e92,AD000617,vendor_pin,locality,1,-2561.2,-231.9,0.2727,0.1899,0.3469,1,1,0,0,0,0,locality,4,2409.8
537373d91155,AD000617,locality_centroid,locality,1,-2605.6,-262.1,0.2727,0.1899,0.3469,1,1,0,0,0,0,none,4,2450.0
fbfaddcf68c9,AD000617,town_centroid,town,1,-172.75833333333335,-551.7416666666667,0.2727,0.1899,0.3469,1,1,0,0,0,0,none,4,0.0
6a1501836ba0,AD000617,prior_field_cluster,street,1,-2968.25,-15.2,0.2727,0.1899,0.3469,1,1,0,0,0,0,none,4,2846.5
af7965fe2f9f,AD000619,vendor_pin,locality,1,-1224.7,235.7,0.5,0.3793,0.5909,1,1,0,0,0,0,locality,3,1389.3
128af62f1fcc,AD000619,locality_centroid,locality,1,-1205.8,409.2,0.5,0.3793,0.5909,1,1,0,0,0,0,none,3,1473.7
3bcb249098b3,AD000619,town_centroid,town,1,-46.70000000000002,-500.9083333333333,0.5,0.3793,0.5909,1,1,0,0,0,0,none,3,0.0
625c0f634796,AD000620,vendor_pin,street,1,680.3,969.2,0.1818,0.1515,0.2892,1,0,0,0,0,0,street,3,877.7
6053ff4c9871,AD000620,locality_centroid,locality,1,987.4,1270.5,0.1818,0.1515,0.2892,1,0,0,0,0,0,none,3,1168.5
adc4088f9ffc,AD000620,town_centroid,town,1,856.3249999999999,109.34166666666668,0.1818,0.1515,0.2892,1,0,0,0,0,0,none,3,0.0
4e62d0a987e2,AD000621,vendor_pin,street,1,599.8,1168.5,0.2,0.1587,0.3038,1,1,0,0,0,0,street,3,1089.8
a8875703e37c,AD000621,locality_centroid,locality,1,987.4,1270.5,0.2,0.1587,0.3038,1,1,0,0,0,0,none,3,1168.5
8ba9f864398b,AD000621,town_centroid,town,1,856.3249999999999,109.34166666666668,0.2,0.1587,0.3038,1,1,0,0,0,0,none,3,0.0
5ef222432c76,AD000622,vendor_pin,locality,1,2476.3,-2339.9,0.1429,0.119,0.2376,1,1,0,0,0,0,locality,4,3122.1
6d8570f87d85,AD000622,locality_centroid,locality,1,2735.1,-2128.6,0.1429,0.119,0.2376,1,1,0,0,0,0,none,4,3223.0
0cf06961def1,AD000622,town_centroid,town,1,-46.70000000000002,-500.9083333333333,0.1429,0.119,0.2376,1,1,0,0,0,0,none,4,0.0
c94f61e30994,AD000622,prior_field_cluster,street,1,2498.0,-2512.6,0.1429,0.119,0.2376,1,1,0,0,0,0,none,4,3243.8
0806b465d682,AD000623,vendor_pin,locality,1,2258.0,952.6,0.3333,0.2195,0.4074,1,0,0,0,0,0,locality,4,2724.8
61a91cae3dcb,AD000623,locality_centroid,locality,1,2499.2,994.1,0.3333,0.2195,0.4074,1,0,0,0,0,0,none,4,2952.4
ac0d7f719d98,AD000623,town_centroid,town,1,-46.70000000000002,-500.9083333333333,0.3333,0.2195,0.4074,1,0,0,0,0,0,none,4,0.0
fa141fcc5839,AD000623,prior_field_cluster,street,1,2260.3,1251.75,0.3333,0.2195,0.4074,1,0,0,0,0,0,none,4,2897.3
d090c0781e05,AD000624,vendor_pin,pincode,1,-405.7,-1643.0,0.125,0.0877,0.2388,0,1,0,0,0,0,pincode,3,2159.5
63cc83a1387d,AD000624,town_centroid,town,1,856.3249999999999,109.34166666666668,0.125,0.0877,0.2388,0,1,0,0,0,0,none,3,0.0
25e8a06a4b6f,AD000624,prior_field_cluster,street,1,-129.2,-247.7,0.125,0.0877,0.2388,0,1,0,0,0,0,none,3,1048.2
c120a7779d0b,AD000625,vendor_pin,pincode,1,2228.6,1618.5,0.1111,0.0806,0.25,0,1,0,0,0,0,pincode,2,2039.8
1601506bc169,AD000625,town_centroid,town,1,856.3249999999999,109.34166666666668,0.1111,0.0806,0.25,0,1,0,0,0,0,none,2,0.0
a223b1c36cb4,AD000626,vendor_pin,locality,1,-1822.7,-2849.8,0.3333,0.2683,0.4062,1,1,0,0,0,0,locality,3,3991.7
bcd41c49041f,AD000626,locality_centroid,locality,1,-1600.3,-2801.9,0.3333,0.2683,0.4062,1,1,0,0,0,0,none,3,3809.2
8857955ad2f2,AD000626,town_centroid,town,1,856.3249999999999,109.34166666666668,0.3333,0.2683,0.4062,1,1,0,0,0,0,none,3,0.0
81ae8ec6e973,AD000627,vendor_pin,locality,1,-308.6,-3459.3,0.2857,0.2667,0.459,1,0,0,0,0,0,locality,3,2910.7
0b06fd9b10be,AD000627,locality_centroid,locality,1,-433.5,-3467.4,0.2857,0.2667,0.459,1,0,0,0,0,0,none,3,2927.3
dc9d2bca756a,AD000627,town_centroid,town,1,-172.75833333333335,-551.7416666666667,0.2857,0.2667,0.459,1,0,0,0,0,0,none,3,0.0
fc096da0648e,AD000628,vendor_pin,street,1,-774.7,3249.2,0.2,0.1912,0.3488,1,1,0,0,0,0,street,3,3848.3
4dfee5037a68,AD000628,locality_centroid,locality,1,-438.3,3208.9,0.2,0.1912,0.3488,1,1,0,0,0,0,none,3,3770.0
e22ab712a53f,AD000628,town_centroid,town,1,-172.75833333333335,-551.7416666666667,0.2,0.1912,0.3488,1,1,0,0,0,0,none,3,0.0
770eedda9054,AD000629,vendor_pin,locality,1,-2339.5,1477.5,0.2222,0.2,0.3684,1,1,0,0,0,0,locality,3,2968.6
b03c87eaab8a,AD000629,locality_centroid,locality,1,-2446.2,1613.2,0.2222,0.2,0.3684,1,1,0,0,0,0,none,3,3139.3
9717d1ba0135,AD000629,town_centroid,town,1,-172.75833333333335,-551.7416666666667,0.2222,0.2,0.3684,1,1,0,0,0,0,none,3,0.0
7651e1fcdd9a,AD000630,vendor_pin,locality,1,2996.7,-2094.0,0.0769,0.0946,0.2558,0,1,0,0,0,0,locality,3,3435.1
89f8a2456e95,AD000630,town_centroid,town,1,-46.70000000000002,-500.9083333333333,0.0769,0.0946,0.2558,0,1,0,0,0,0,none,3,0.0
d55f6fad2291,AD000630,prior_field_cluster,street,1,2754.9,-1899.2,0.0769,0.0946,0.2558,0,1,0,0,0,0,none,3,3131.2
eeb4d0ce2d63,AD000631,vendor_pin,locality,1,-2592.2,-243.1,0.2308,0.1875,0.34,1,1,0,0,0,0,locality,4,2439.0
eae4931d829f,AD000631,locality_centroid,locality,1,-2605.6,-262.1,0.2308,0.1875,0.34,1,1,0,0,0,0,none,4,2450.0
0b40338100c5,AD000631,town_centroid,town,1,-172.75833333333335,-551.7416666666667,0.2308,0.1875,0.34,1,1,0,0,0,0,none,4,0.0
a9cdf71ee4a4,AD000631,prior_field_cluster,street,1,-2848.0,-139.65,0.2308,0.1875,0.34,1,1,0,0,0,0,none,4,2706.8
69df0716b4a6,AD000632,vendor_pin,locality,1,-322.3,-3710.2,0.1111,0.1404,0.3768,0,0,0,0,0,0,locality,3,3162.0
548ed1ad9f37,AD000632,town_centroid,town,1,-172.75833333333335,-551.7416666666667,0.1111,0.1404,0.3768,0,0,0,0,0,0,none,3,0.0
72153872858a,AD000632,prior_field_cluster,street,1,-918.3,-3860.8,0.1111,0.1404,0.3768,0,0,0,0,0,0,none,3,3392.0
f55f891696fc,AD000633,vendor_pin,locality,1,2632.1,-1183.3,0.3333,0.2381,0.4211,1,0,0,0,0,0,locality,3,2196.4
5a6d595f423f,AD000633,locality_centroid,locality,1,2589.2,-1273.1,0.3333,0.2381,0.4211,1,0,0,0,0,0,none,3,2216.8
49aa74f8c381,AD000633,town_centroid,town,1,856.3249999999999,109.34166666666668,0.3333,0.2381,0.4211,1,0,0,0,0,0,none,3,0.0
04a72295e644,AD000634,vendor_pin,locality,1,1494.4,-2158.9,0.2,0.1406,0.2558,1,1,0,0,0,0,locality,4,2356.3
8b73245d260e,AD000634,locality_centroid,locality,1,1577.4,-2059.5,0.2,0.1406,0.2558,1,1,0,0,0,0,none,4,2285.6
18e8743de633,AD000634,town_centroid,town,1,856.3249999999999,109.34166666666668,0.2,0.1406,0.2558,1,1,0,0,0,0,none,4,0.0
bec313f42e16,AD000634,prior_field_cluster,street,1,1819.2,-1596.4,0.2,0.1406,0.2558,1,1,0,0,0,0,none,4,1958.7
c2143f6bf4fc,AD000635,vendor_pin,locality,1,1175.4,-149.5,0.2222,0.1905,0.35,1,0,0,0,0,0,locality,3,1271.6
acd13e1c8e1a,AD000635,locality_centroid,locality,1,1112.8,-196.7,0.2222,0.1905,0.35,1,0,0,0,0,0,none,3,1198.7
c3c69849c8c3,AD000635,town_centroid,town,1,-46.70000000000002,-500.9083333333333,0.2222,0.1905,0.35,1,0,0,0,0,0,none,3,0.0
c8bf5e950cc8,AD000636,vendor_pin,pincode,1,-1179.0,-2013.5,0.0,0.0159,0.2,0,1,0,0,0,0,pincode,2,1889.5
053bcd670f87,AD000636,town_centroid,town,1,-46.70000000000002,-500.9083333333333,0.0,0.0159,0.2,0,1,0,0,0,0,none,2,0.0
571fbd636bae,AD000637,vendor_pin,pincode,1,1825.8,-1078.6,0.0,0.0159,0.1765,0,1,0,0,0,0,pincode,2,1959.6
fe9f2c2dfedc,AD000637,town_centroid,town,1,-46.70000000000002,-500.9083333333333,0.0,0.0159,0.1765,0,1,0,0,0,0,none,2,0.0
727a48f912d6,AD000638,vendor_pin,locality,1,2046.9,-820.2,0.2222,0.2162,0.375,1,1,0,0,0,0,locality,3,2117.8
829315a79687,AD000638,locality_centroid,locality,1,1939.0,-996.1,0.2222,0.2162,0.375,1,1,0,0,0,0,none,3,2046.5
4d4c63dfb0be,AD000638,town_centroid,town,1,-46.70000000000002,-500.9083333333333,0.2222,0.2162,0.375,1,1,0,0,0,0,none,3,0.0
38a93d650de5,AD000639,vendor_pin,street,1,1000.8,-960.8,0.1818,0.1667,0.3158,1,1,0,0,0,0,street,4,1242.8
504baed113bc,AD000639,locality_centroid,locality,1,929.4,-822.2,0.1818,0.1667,0.3158,1,1,0,0,0,0,none,4,1134.9
2c22f6b5868d,AD000639,town_centroid,town,1,-172.75833333333335,-551.7416666666667,0.1818,0.1667,0.3158,1,1,0,0,0,0,none,4,0.0
57bddf9505c3,AD000639,prior_field_cluster,street,1,1083.7,-942.8,0.1818,0.1667,0.3158,1,1,0,0,0,0,none,4,1315.9
3e0fe9a7d2aa,AD000641,vendor_pin,locality,1,2719.4,-2067.4,0.0909,0.1045,0.275,0,1,0,0,0,0,locality,3,3178.9
0499ae650e87,AD000641,town_centroid,town,1,-46.70000000000002,-500.9083333333333,0.0909,0.1045,0.275,0,1,0,0,0,0,none,3,0.0
1f2f2af19df6,AD000641,prior_field_cluster,street,1,2977.4,-2281.2,0.0909,0.1045,0.275,0,1,0,0,0,0,none,3,3509.2
e65952e2088b,AD000642,vendor_pin,locality,1,1178.0,52.7,0.3333,0.2973,0.4906,1,1,0,0,0,0,locality,4,326.6
8eeb14fb13af,AD000642,locality_centroid,locality,1,1046.9,-2.6,0.3333,0.2973,0.4906,1,1,0,0,0,0,none,4,221.0
eca194345a13,AD000642,town_centroid,town,1,856.3249999999999,109.34166666666668,0.3333,0.2973,0.4906,1,1,0,0,0,0,none,4,0.0
773cb96478bc,AD000642,prior_field_cluster,street,1,674.2,-327.5,0.3333,0.2973,0.4906,1,1,0,0,0,0,none,4,473.3
e9c731a4365a,AD000644,vendor_pin,locality,1,-2581.5,-203.9,0.1429,0.1477,0.3019,0,1,0,0,0,0,locality,2,2433.7
b11b6150cc91,AD000644,town_centroid,town,1,-172.75833333333335,-551.7416666666667,0.1429,0.1477,0.3019,0,1,0,0,0,0,none,2,0.0
240f3e26f626,AD000645,vendor_pin,locality,1,3703.3,395.7,0.2222,0.2642,0.4444,1,1,0,0,0,0,locality,4,3990.2
3614abadd09c,AD000645,locality_centroid,locality,1,3653.7,367.3,0.2222,0.2642,0.4444,1,1,0,0,0,0,none,4,3935.3
ebd284d0385d,AD000645,town_centroid,town,1,-172.75833333333335,-551.7416666666667,0.2222,0.2642,0.4444,1,1,0,0,0,0,none,4,0.0
a07e88a7e133,AD000645,prior_field_cluster,street,1,3562.7,-81.7,0.2222,0.2642,0.4444,1,1,0,0,0,0,none,4,3764.9
cd66d881ade8,AD000646,vendor_pin,locality,1,2776.8,-2430.8,0.0,0.0526,0.3077,0,1,0,0,0,0,locality,3,3420.0
630a7eb6778f,AD000646,town_centroid,town,1,-46.70000000000002,-500.9083333333333,0.0,0.0526,0.3077,0,1,0,0,0,0,none,3,0.0
e59896ff8deb,AD000646,prior_field_cluster,street,1,2433.3,-2248.8,0.0,0.0526,0.3077,0,1,0,0,0,0,none,3,3034.1
918fad8334be,AD000647,vendor_pin,locality,1,-659.4,-3431.5,0.0833,0.141,0.3011,0,1,0,0,0,0,locality,2,2920.6
85366cb294ba,AD000647,town_centroid,town,1,-172.75833333333335,-551.7416666666667,0.0833,0.141,0.3011,0,1,0,0,0,0,none,2,0.0
234c49d4fe33,AD000648,vendor_pin,pincode,1,-1833.1,-1089.9,0.0,0.0482,0.1522,0,1,0,0,0,0,pincode,2,1745.4
9900e4784bf9,AD000648,town_centroid,town,1,-172.75833333333335,-551.7416666666667,0.0,0.0482,0.1522,0,1,0,0,0,0,none,2,0.0
c47578e502ac,AD000649,vendor_pin,street,1,-2689.4,959.2,0.2,0.1667,0.3146,1,1,0,0,0,0,street,4,3019.2
02b52f972ff4,AD000649,locality_centroid,locality,1,-2863.9,1096.5,0.2,0.1667,0.3146,1,1,0,0,0,0,none,4,3238.6
e0b78556d307,AD000649,town_centroid,town,1,-46.70000000000002,-500.9083333333333,0.2,0.1667,0.3146,1,1,0,0,0,0,none,4,0.0
a0751597e8b2,AD000649,prior_field_cluster,street,1,-2643.8500000000004,872.85,0.2,0.1667,0.3146,1,1,0,0,0,0,none,4,2938.1
844101c1d2d7,AD000650,vendor_pin,locality,1,3673.5,373.4,0.2,0.2333,0.4103,1,1,0,0,0,0,locality,4,3956.0
6c831cfe7779,AD000650,locality_centroid,locality,1,3653.7,367.3,0.2,0.2333,0.4103,1,1,0,0,0,0,none,4,3935.3
1ee205af26f5,AD000650,town_centroid,town,1,-172.75833333333335,-551.7416666666667,0.2,0.2333,0.4103,1,1,0,0,0,0,none,4,0.0
466980cc4631,AD000650,prior_field_cluster,street,1,2344.1,-793.3,0.2,0.2333,0.4103,1,1,0,0,0,0,none,4,2528.4
0d97b7edd112,AD000651,vendor_pin,locality,1,3817.5,299.1,0.1667,0.1772,0.3232,1,1,0,0,0,0,locality,3,4080.0
3740af1cef15,AD000651,locality_centroid,locality,1,3653.7,367.3,0.1667,0.1772,0.3232,1,1,0,0,0,0,none,3,3935.3
4166c6b4e51f,AD000651,town_centroid,town,1,-172.75833333333335,-551.7416666666667,0.1667,0.1772,0.3232,1,1,0,0,0,0,none,3,0.0
cf9b54355bb7,AD000652,vendor_pin,locality,1,2694.6,-2240.5,0.1,0.1186,0.2535,0,1,0,0,0,0,locality,3,3246.7
033b7ca8a3a4,AD000652,town_centroid,town,1,-46.70000000000002,-500.9083333333333,0.1,0.1186,0.2535,0,1,0,0,0,0,none,3,0.0
4820d8345f6c,AD000652,prior_field_cluster,street,1,2857.3,-2272.65,0.1,0.1186,0.2535,0,1,0,0,0,0,none,3,3401.8
7c2a47fc262b,AD000653,vendor_pin,locality,1,1946.7,-906.7,0.1667,0.2105,0.3673,1,1,0,0,0,0,locality,3,2034.3
ac653b936597,AD000653,locality_centroid,locality,1,1939.0,-996.1,0.1667,0.2105,0.3673,1,1,0,0,0,0,none,3,2046.5
fdef19efdac3,AD000653,town_centroid,town,1,-46.70000000000002,-500.9083333333333,0.1667,0.2105,0.3673,1,1,0,0,0,0,none,3,0.0
c438adc4c2dd,AD000654,vendor_pin,pincode,1,-1298.3,2413.5,0.0,0.0847,0.2647,0,1,0,0,0,0,pincode,3,3171.7
5973f39ea1ae,AD000654,town_centroid,town,1,-172.75833333333335,-551.7416666666667,0.0,0.0847,0.2647,0,1,0,0,0,0,none,3,0.0
43eecdc600c4,AD000654,prior_field_cluster,street,1,2327.2,-775.5,0.0,0.0847,0.2647,0,1,0,0,0,0,none,3,2510.0
d08528eea8b5,AD000655,vendor_pin,street,1,-923.8,-1591.3,0.1818,0.1486,0.2921,1,1,0,0,0,0,street,3,1399.4
8a2fdcd7cc28,AD000655,locality_centroid,locality,1,-598.6,-1329.8,0.1818,0.1486,0.2921,1,1,0,0,0,0,none,3,995.8
1b8194a9b1d8,AD000655,town_centroid,town,1,-46.70000000000002,-500.9083333333333,0.1818,0.1486,0.2921,1,1,0,0,0,0,none,3,0.0
4ebf1078c0ab,AD000656,vendor_pin,locality,1,2432.9,944.5,0.25,0.2,0.3729,1,1,0,0,0,0,locality,3,2870.1
3e46bf899a54,AD000656,locality_centroid,locality,1,2499.2,994.1,0.25,0.2,0.3729,1,1,0,0,0,0,none,3,2952.4
d97bc32125f2,AD000656,town_centroid,town,1,-46.70000000000002,-500.9083333333333,0.25,0.2,0.3729,1,1,0,0,0,0,none,3,0.0
af7aae8a12df,AD000657,vendor_pin,locality,1,-2432.3,-2307.3,0.3333,0.2558,0.4407,1,1,0,0,0,0,locality,3,2992.3
457fea1a1438,AD000657,locality_centroid,locality,1,-2195.4,-2378.6,0.3333,0.2558,0.4407,1,1,0,0,0,0,none,3,2853.5
ce64b04d60a8,AD000657,town_centroid,town,1,-46.70000000000002,-500.9083333333333,0.3333,0.2558,0.4407,1,1,0,0,0,0,none,3,0.0
8b249ba1d59e,AD000658,vendor_pin,locality,1,2950.2,-2089.5,0.0909,0.1186,0.3143,0,1,0,0,0,0,locality,3,3391.9
ca3863ed0654,AD000658,town_centroid,town,1,-46.70000000000002,-500.9083333333333,0.0909,0.1186,0.3143,0,1,0,0,0,0,none,3,0.0
a4096cfd04e8,AD000658,prior_field_cluster,street,1,2396.8999999999996,-2250.5,0.0909,0.1186,0.3143,0,1,0,0,0,0,none,3,3005.4
42a7e04c9605,AD000660,vendor_pin,locality,1,-1647.5,-2646.1,0.3333,0.2821,0.4262,1,1,0,0,0,0,locality,4,3723.1
3307b595fb36,AD000660,locality_centroid,locality,1,-1600.3,-2801.9,0.3333,0.2821,0.4262,1,1,0,0,0,0,none,4,3809.2
6717d52b6caa,AD000660,town_centroid,town,1,856.3249999999999,109.34166666666668,0.3333,0.2821,0.4262,1,1,0,0,0,0,none,4,0.0
4a8589e1b7fe,AD000660,prior_field_cluster,street,1,-1560.75,-2506.3500000000004,0.3333,0.2821,0.4262,1,1,0,0,0,0,none,4,3561.5
1a41ad2c0cb2,AD000662,vendor_pin,locality,1,-684.5,3165.7,0.2,0.2131,0.3797,1,1,0,0,0,0,locality,4,3752.5
a6a7f6498ec6,AD000662,locality_centroid,locality,1,-438.3,3208.9,0.2,0.2131,0.3797,1,1,0,0,0,0,none,4,3770.0
c7985bc60caa,AD000662,town_centroid,town,1,-172.75833333333335,-551.7416666666667,0.2,0.2131,0.3797,1,1,0,0,0,0,none,4,0.0
c0464de91b7a,AD000662,prior_field_cluster,street,1,-584.8,3417.9,0.2,0.2131,0.3797,1,1,0,0,0,0,none,4,3991.0
216d05cf3857,AD000663,vendor_pin,locality,1,2472.8,1181.6,0.2,0.1429,0.2857,1,1,0,0,0,0,locality,3,3029.6
15ad656a386a,AD000663,locality_centroid,locality,1,2499.2,994.1,0.2,0.1429,0.2857,1,1,0,0,0,0,none,3,2952.4
932ec23d9241,AD000663,town_centroid,town,1,-46.70000000000002,-500.9083333333333,0.2,0.1429,0.2857,1,1,0,0,0,0,none,3,0.0
1396184c1b54,AD000664,vendor_pin,locality,1,-1260.2,450.6,0.1667,0.1571,0.2989,1,1,0,0,0,0,locality,3,1542.1
cefddac0e89a,AD000664,locality_centroid,locality,1,-1205.8,409.2,0.1667,0.1571,0.2989,1,1,0,0,0,0,none,3,1473.7
0c73f8bb9de8,AD000664,town_centroid,town,1,-46.70000000000002,-500.9083333333333,0.1667,0.1571,0.2989,1,1,0,0,0,0,none,3,0.0
eee1f101d604,AD000665,vendor_pin,locality,1,-920.9,-3141.1,0.1667,0.137,0.2667,1,1,0,0,0,0,locality,3,2781.2
c135b3820f33,AD000665,locality_centroid,locality,1,-1053.3,-3163.0,0.1667,0.137,0.2667,1,1,0,0,0,0,none,3,2846.0
e712bad7a750,AD000665,town_centroid,town,1,-46.70000000000002,-500.9083333333333,0.1667,0.137,0.2667,1,1,0,0,0,0,none,3,0.0
1a91ea7252f3,AD000666,vendor_pin,locality,1,-2725.6,-408.2,0.2,0.1746,0.4103,0,1,0,0,0,0,locality,3,2556.9
122d33aaf926,AD000666,town_centroid,town,1,-172.75833333333335,-551.7416666666667,0.2,0.1746,0.4103,0,1,0,0,0,0,none,3,0.0
0cecdfadfe75,AD000666,prior_field_cluster,street,1,-2652.25,-493.5,0.2,0.1746,0.4103,0,1,0,0,0,0,none,3,2480.2
6a140eebff71,AD000667,vendor_pin,locality,1,2912.5,-2254.9,0.1,0.1321,0.2812,0,1,0,0,0,0,locality,3,3440.0
7cba81630844,AD000667,town_centroid,town,1,-46.70000000000002,-500.9083333333333,0.1,0.1321,0.2812,0,1,0,0,0,0,none,3,0.0
b36129f0551e,AD000667,prior_field_cluster,street,1,2237.8,-2364.75,0.1,0.1321,0.2812,0,1,0,0,0,0,none,3,2948.4
8c2380950bcc,AD000668,vendor_pin,locality,1,2396.9,998.2,0.2222,0.1636,0.3056,1,1,0,0,0,0,locality,4,2866.8
17c852a08c71,AD000668,locality_centroid,locality,1,2499.2,994.1,0.2222,0.1636,0.3056,1,1,0,0,0,0,none,4,2952.4
e7987edd5e97,AD000668,town_centroid,town,1,-46.70000000000002,-500.9083333333333,0.2222,0.1636,0.3056,1,1,0,0,0,0,none,4,0.0
03f7a5b8675c,AD000668,prior_field_cluster,street,1,2320.15,912.8,0.2222,0.1636,0.3056,1,1,0,0,0,0,none,4,2756.9
59c0fa5505a4,AD000669,vendor_pin,locality,1,2508.2,887.8,0.1667,0.1324,0.2683,1,1,0,0,0,0,locality,4,2907.9
37d0b5b9778b,AD000669,locality_centroid,locality,1,2499.2,994.1,0.1667,0.1324,0.2683,1,1,0,0,0,0,none,4,2952.4
52970113a068,AD000669,town_centroid,town,1,-46.70000000000002,-500.9083333333333,0.1667,0.1324,0.2683,1,1,0,0,0,0,none,4,0.0
6453d73ee36d,AD000669,prior_field_cluster,street,1,2261.8,615.0,0.1667,0.1324,0.2683,1,1,0,0,0,0,none,4,2564.1
bce124f50a2e,AD000671,vendor_pin,locality,1,943.5,-858.6,0.0909,0.1538,0.3544,0,1,0,0,0,0,locality,3,1157.7
cf533f60c9e0,AD000671,town_centroid,town,1,-172.75833333333335,-551.7416666666667,0.0909,0.1538,0.3544,0,1,0,0,0,0,none,3,0.0
773d5320cc3f,AD000671,prior_field_cluster,street,1,1271.7,-837.8,0.0909,0.1538,0.3544,0,1,0,0,0,0,none,3,1472.5
f582c919bb51,AD000672,vendor_pin,locality,1,1046.5,2700.5,0.2,0.1562,0.3,1,1,0,0,0,0,locality,4,2598.1
1bd091f54d3d,AD000672,locality_centroid,locality,1,986.3,2772.6,0.2,0.1562,0.3,1,1,0,0,0,0,none,4,2666.4
17e1130e304a,AD000672,town_centroid,town,1,856.3249999999999,109.34166666666668,0.2,0.1562,0.3,1,1,0,0,0,0,none,4,0.0
db2c59de65e4,AD000672,prior_field_cluster,street,1,942.9,2633.0,0.2,0.1562,0.3,1,1,0,0,0,0,none,4,2525.1
a780bab0fc11,AD000673,vendor_pin,pincode,1,1795.1,-1840.6,0.125,0.098,0.3279,0,1,0,0,0,0,pincode,2,2164.2
2bc23bc992d5,AD000673,town_centroid,town,1,856.3249999999999,109.34166666666668,0.125,0.098,0.3279,0,1,0,0,0,0,none,2,0.0
ffdf6c806e2e,AD000674,vendor_pin,pincode,1,1399.5,-1756.1,0.125,0.0909,0.2462,0,1,0,0,0,0,pincode,3,1942.9
c183c5cdd74f,AD000674,town_centroid,town,1,856.3249999999999,109.34166666666668,0.125,0.0909,0.2462,0,1,0,0,0,0,none,3,0.0
64cb74212ff2,AD000674,prior_field_cluster,street,1,935.4,-2908.1,0.125,0.0909,0.2462,0,1,0,0,0,0,none,3,3018.5
19decc16739a,AD000675,vendor_pin,locality,1,2556.0,-1059.8,0.2222,0.1818,0.3288,1,0,0,0,0,0,locality,4,2063.0
2ad88f582acd,AD000675,locality_centroid,locality,1,2589.2,-1273.1,0.2222,0.1818,0.3288,1,0,0,0,0,0,none,4,2216.8
6beb46bd026b,AD000675,town_centroid,town,1,856.3249999999999,109.34166666666668,0.2222,0.1818,0.3288,1,0,0,0,0,0,none,4,0.0
0c41632aae52,AD000675,prior_field_cluster,street,1,3046.4,-1581.5,0.2222,0.1818,0.3288,1,0,0,0,0,0,none,4,2766.8
ff452e3c419a,AD000676,vendor_pin,pincode,1,1686.0,-1575.7,0.1,0.0746,0.2338,0,1,0,0,0,0,pincode,2,1878.2
d0c3dc28ceaa,AD000676,town_centroid,town,1,856.3249999999999,109.34166666666668,0.1,0.0746,0.2338,0,1,0,0,0,0,none,2,0.0
b0eff9cbd3f5,AD000677,vendor_pin,locality,1,2441.6,1907.4,0.2222,0.1186,0.2308,1,1,0,0,0,0,locality,3,2397.1
e38f5dc87269,AD000677,locality_centroid,locality,1,2308.9,1849.5,0.2222,0.1186,0.2308,1,1,0,0,0,0,none,3,2266.7
89d5c6cc6dd3,AD000677,town_centroid,town,1,856.3249999999999,109.34166666666668,0.2222,0.1186,0.2308,1,1,0,0,0,0,none,3,0.0
d85ddbb962bc,AD000678,vendor_pin,locality,1,983.8,-373.2,0.0909,0.1429,0.3095,0,1,0,0,0,0,locality,2,1170.3
123853d74808,AD000678,town_centroid,town,1,-172.75833333333335,-551.7416666666667,0.0909,0.1429,0.3095,0,1,0,0,0,0,none,2,0.0
37dc79854728,AD000679,vendor_pin,locality,1,813.6,-942.9,0.2,0.1781,0.3333,1,1,0,0,0,0,locality,3,1061.1
e1609691e3d3,AD000679,locality_centroid,locality,1,929.4,-822.2,0.2,0.1781,0.3333,1,1,0,0,0,0,none,3,1134.9
3a9900c7722c,AD000679,town_centroid,town,1,-172.75833333333335,-551.7416666666667,0.2,0.1781,0.3333,1,1,0,0,0,0,none,3,0.0
44fd1c0e445f,AD000680,vendor_pin,locality,1,-422.3,2948.1,0.4,0.3871,0.549,1,0,0,0,0,0,locality,4,3113.4
228880f4681c,AD000680,locality_centroid,locality,1,-603.5,2996.1,0.4,0.3871,0.549,1,0,0,0,0,0,none,4,3234.9
a0b7b7765cd3,AD000680,town_centroid,town,1,856.3249999999999,109.34166666666668,0.4,0.3871,0.549,1,0,0,0,0,0,none,4,0.0
e218ddd9a567,AD000680,prior_field_cluster,street,1,-649.7,2784.3,0.4,0.3871,0.549,1,0,0,0,0,0,none,4,3069.8
24ca6457b8c1,AD000681,vendor_pin,rooftop,1,185.2,1825.7,0.25,0.2157,0.3824,1,1,0,0,0,0,rooftop,3,2404.2
bbb45d46b4d1,AD000681,locality_centroid,locality,1,524.3,1610.0,0.25,0.2157,0.3824,1,1,0,0,0,0,none,3,2271.3
b9c8dec0fa8e,AD000681,town_centroid,town,1,-172.75833333333335,-551.7416666666667,0.25,0.2157,0.3824,1,1,0,0,0,0,none,3,0.0
3be4de30e1a4,AD000682,vendor_pin,locality,1,977.8,-895.5,0.2222,0.2131,0.3846,1,1,1,0,0,0,locality,3,1200.8
ad898afb9e03,AD000682,locality_centroid,locality,1,929.4,-822.2,0.2222,0.2131,0.3846,1,1,1,0,0,0,none,3,1134.9
26eb9e3e593d,AD000682,town_centroid,town,1,-172.75833333333335,-551.7416666666667,0.2222,0.2131,0.3846,1,1,1,0,0,0,none,3,0.0
a09c0250b6f3,AD000683,vendor_pin,locality,1,400.1,2181.6,0.2857,0.2857,0.4857,1,1,0,0,0,0,locality,3,2719.5
d225a686ec8f,AD000683,locality_centroid,locality,1,290.7,2335.2,0.2857,0.2857,0.4857,1,1,0,0,0,0,none,3,2856.1
7518588df0bd,AD000683,town_centroid,town,1,-46.70000000000002,-500.9083333333333,0.2857,0.2857,0.4857,1,1,0,0,0,0,none,3,0.0
136adf4bb71e,AD000684,vendor_pin,locality,1,2819.9,-2162.9,0.0833,0.1077,0.2785,0,1,0,0,0,0,locality,2,3313.5
cace911ae78b,AD000684,town_centroid,town,1,-46.70000000000002,-500.9083333333333,0.0833,0.1077,0.2785,0,1,0,0,0,0,none,2,0.0
b86fa4a1e82e,AD000685,vendor_pin,locality,1,516.4,-2934.0,0.2857,0.2292,0.3714,1,1,0,0,0,0,locality,3,3062.3
647480175289,AD000685,locality_centroid,locality,1,688.3,-3007.0,0.2857,0.2292,0.3714,1,1,0,0,0,0,none,3,3120.9
abf86ed82027,AD000685,town_centroid,town,1,856.3249999999999,109.34166666666668,0.2857,0.2292,0.3714,1,1,0,0,0,0,none,3,0.0
4f509e5d8608,AD000686,vendor_pin,locality,1,3111.8,571.1,0.2222,0.1639,0.3117,1,1,0,0,0,0,locality,4,2302.3
4b3d98a3827a,AD000686,locality_centroid,locality,1,3029.6,575.7,0.2222,0.1639,0.3117,1,1,0,0,0,0,none,4,2222.7
d192b793a042,AD000686,town_centroid,town,1,856.3249999999999,109.34166666666668,0.2222,0.1639,0.3117,1,1,0,0,0,0,none,4,0.0
a898cafefe8e,AD000686,prior_field_cluster,street,1,2792.5,835.1,0.2222,0.1639,0.3117,1,1,0,0,0,0,none,4,2067.7
8cd78ceb83f8,AD000687,vendor_pin,locality,1,2440.8,988.9,0.1818,0.1475,0.2895,1,1,0,0,0,0,locality,3,2899.5
0d4035c8fcf3,AD000687,locality_centroid,locality,1,2499.2,994.1,0.1818,0.1475,0.2895,1,1,0,0,0,0,none,3,2952.4
265186b8348f,AD000687,town_centroid,town,1,-46.70000000000002,-500.9083333333333,0.1818,0.1475,0.2895,1,1,0,0,0,0,none,3,0.0
7619aa0c5241,AD000688,vendor_pin,street,1,1037.2,-3032.6,0.2,0.1613,0.2963,1,1,0,0,0,0,street,3,2754.0
33cae5218362,AD000688,locality_centroid,locality,1,665.2,-3094.2,0.2,0.1613,0.2963,1,1,0,0,0,0,none,3,2689.2
60eeb603e182,AD000688,town_centroid,town,1,-46.70000000000002,-500.9083333333333,0.2,0.1613,0.2963,1,1,0,0,0,0,none,3,0.0
f3301d7d4356,AD000689,vendor_pin,locality,1,2705.9,-2209.8,0.2857,0.2041,0.375,1,1,0,0,0,0,locality,3,3239.9
3c65c3c3951f,AD000689,locality_centroid,locality,1,2735.1,-2128.6,0.2857,0.2041,0.375,1,1,0,0,0,0,none,3,3223.0
899fc29b9585,AD000689,town_centroid,town,1,-46.70000000000002,-500.9083333333333,0.2857,0.2041,0.375,1,1,0,0,0,0,none,3,0.0
58fa038241c0,AD000690,vendor_pin,locality,1,-1120.3,416.8,0.2,0.1746,0.3291,1,1,0,0,0,0,locality,3,1412.4
ab08f4954323,AD000690,locality_centroid,locality,1,-1205.8,409.2,0.2,0.1746,0.3291,1,1,0,0,0,0,none,3,1473.7
491201b408fe,AD000690,town_centroid,town,1,-46.70000000000002,-500.9083333333333,0.2,0.1746,0.3291,1,1,0,0,0,0,none,3,0.0
f32d6bdf541f,AD000692,vendor_pin,street,1,-1435.2,-1715.2,0.25,0.2308,0.4118,1,1,0,0,0,0,street,3,1716.8
a1b160bc62f6,AD000692,locality_centroid,locality,1,-1112.2,-1888.2,0.25,0.2308,0.4118,1,1,0,0,0,0,none,3,1633.6
1b28d9374bb9,AD000692,town_centroid,town,1,-172.75833333333335,-551.7416666666667,0.25,0.2308,0.4118,1,1,0,0,0,0,none,3,0.0
d6531f06301a,AD000693,vendor_pin,street,1,802.8,-290.4,0.1538,0.1446,0.2828,1,1,0,0,0,0,street,3,875.2
3de1a91769a3,AD000693,locality_centroid,locality,1,1112.8,-196.7,0.1538,0.1446,0.2828,1,1,0,0,0,0,none,3,1198.7
f2bb27b3964f,AD000693,town_centroid,town,1,-46.70000000000002,-500.9083333333333,0.1538,0.1446,0.2828,1,1,0,0,0,0,none,3,0.0
7b907f35387e,AD000694,vendor_pin,locality,1,-1540.6,-2833.0,0.1818,0.1642,0.3023,1,1,0,0,0,0,locality,3,3795.1
50a2d641f543,AD000694,locality_centroid,locality,1,-1600.3,-2801.9,0.1818,0.1642,0.3023,1,1,0,0,0,0,none,3,3809.2
d725ddb80452,AD000694,town_centroid,town,1,856.3249999999999,109.34166666666668,0.1818,0.1642,0.3023,1,1,0,0,0,0,none,3,0.0
9051206eb0f8,AD000695,vendor_pin,locality,1,-637.0,-555.4,0.2222,0.1746,0.3133,0,1,0,0,0,0,locality,2,1634.6
5e0a27d35b61,AD000695,town_centroid,town,1,856.3249999999999,109.34166666666668,0.2222,0.1746,0.3133,0,1,0,0,0,0,none,2,0.0
331f52836b14,AD000696,vendor_pin,locality,1,2408.4,1071.7,0.25,0.1765,0.3438,1,1,0,0,0,0,locality,3,2915.6
04223162f693,AD000696,locality_centroid,locality,1,2499.2,994.1,0.25,0.1765,0.3438,1,1,0,0,0,0,none,3,2952.4
b43c917a4eed,AD000696,town_centroid,town,1,-46.70000000000002,-500.9083333333333,0.25,0.1765,0.3438,1,1,0,0,0,0,none,3,0.0
d333e12759a8,AD000697,vendor_pin,locality,1,-639.1,3104.8,0.2222,0.1818,0.3182,1,1,0,0,0,0,locality,3,3348.0
2bd453b64fee,AD000697,locality_centroid,locality,1,-603.5,2996.1,0.2222,0.1818,0.3182,1,1,0,0,0,0,none,3,3234.9
1abf7d9aecaf,AD000697,town_centroid,town,1,856.3249999999999,109.34166666666668,0.2222,0.1818,0.3182,1,1,0,0,0,0,none,3,0.0
61aea4358dcf,AD000698,vendor_pin,locality,1,801.8,1246.4,0.25,0.1961,0.3636,1,1,0,0,0,0,locality,3,1138.4
d69e8939acba,AD000698,locality_centroid,locality,1,987.4,1270.5,0.25,0.1961,0.3636,1,1,0,0,0,0,none,3,1168.5
1f0bef992819,AD000698,town_centroid,town,1,856.3249999999999,109.34166666666668,0.25,0.1961,0.3636,1,1,0,0,0,0,none,3,0.0
a314b845e1ec,AD000699,vendor_pin,pincode,1,1748.1,-1429.8,0.0,0.0333,0.2286,0,1,0,0,0,0,pincode,2,2020.9
1624372e848d,AD000699,town_centroid,town,1,-46.70000000000002,-500.9083333333333,0.0,0.0333,0.2286,0,1,0,0,0,0,none,2,0.0
734c95d2e959,AD000700,vendor_pin,street,1,53.2,2377.8,0.2,0.2059,0.3656,1,1,0,0,0,0,street,3,2880.4
319cf340fa32,AD000700,locality_centroid,locality,1,290.7,2335.2,0.2,0.2059,0.3656,1,1,0,0,0,0,none,3,2856.1
832b6903890a,AD000700,town_centroid,town,1,-46.70000000000002,-500.9083333333333,0.2,0.2059,0.3656,1,1,0,0,0,0,none,3,0.0
fc83707dce9b,AD000701,vendor_pin,locality,1,1033.5,-47.2,0.125,0.1818,0.386,0,1,0,0,0,0,locality,2,236.4
efd38299215b,AD000701,town_centroid,town,1,856.3249999999999,109.34166666666668,0.125,0.1818,0.386,0,1,0,0,0,0,none,2,0.0
6920a5f9df7d,AD000702,vendor_pin,locality,1,2902.7,-2289.0,0.0769,0.1,0.2195,0,1,0,0,0,0,locality,2,3449.1
b56814ba3f62,AD000702,town_centroid,town,1,-46.70000000000002,-500.9083333333333,0.0769,0.1,0.2195,0,1,0,0,0,0,none,2,0.0
50631c427df6,AD000703,vendor_pin,locality,1,1188.3,-26.8,0.2222,0.2115,0.3768,1,1,0,0,0,0,locality,4,358.8
2b897fe3506f,AD000703,locality_centroid,locality,1,1046.9,-2.6,0.2222,0.2115,0.3768,1,1,0,0,0,0,none,4,221.0
df60dcba1548,AD000703,town_centroid,town,1,856.3249999999999,109.34166666666668,0.2222,0.2115,0.3768,1,1,0,0,0,0,none,4,0.0
ef635e0235e5,AD000703,prior_field_cluster,street,1,1277.3,150.4,0.2222,0.2115,0.3768,1,1,0,0,0,0,none,4,423.0
61750644e8f2,AD000704,vendor_pin,locality,1,2488.2,-1430.6,0.3333,0.2326,0.4138,1,1,0,0,0,0,locality,3,2243.8
645e55fb3d13,AD000704,locality_centroid,locality,1,2589.2,-1273.1,0.3333,0.2326,0.4138,1,1,0,0,0,0,none,3,2216.8
42a60910367b,AD000704,town_centroid,town,1,856.3249999999999,109.34166666666668,0.3333,0.2326,0.4138,1,1,0,0,0,0,none,3,0.0
869585013f11,AD000705,vendor_pin,locality,1,2971.6,-1784.4,0.2222,0.1818,0.3429,1,0,0,0,0,0,locality,3,3377.3
773831d219de,AD000705,locality_centroid,locality,1,3188.8,-1960.7,0.2222,0.1818,0.3429,1,0,0,0,0,0,none,3,3644.9
fd209e896c89,AD000705,town_centroid,town,1,-172.75833333333335,-551.7416666666667,0.2222,0.1818,0.3429,1,0,0,0,0,0,none,3,0.0
727c355e760a,AD000706,vendor_pin,street,1,-270.5,3172.4,0.1667,0.1605,0.3,1,1,0,0,0,0,street,3,3725.4
e51d4436b419,AD000706,locality_centroid,locality,1,-438.3,3208.9,0.1667,0.1605,0.3,1,1,0,0,0,0,none,3,3770.0
d33361cc395e,AD000706,town_centroid,town,1,-172.75833333333335,-551.7416666666667,0.1667,0.1605,0.3,1,1,0,0,0,0,none,3,0.0
b9c8be30afa8,AD000707,vendor_pin,locality,1,-665.6,-572.6,0.6667,0.5238,0.65,1,0,0,1,1,0,locality,3,1667.7
f3566b70d42d,AD000707,locality_centroid,locality,1,-533.7,-484.7,0.6667,0.5238,0.65,1,0,0,1,1,0,none,3,1511.6
770f6ae89291,AD000707,town_centroid,town,1,856.3249999999999,109.34166666666668,0.6667,0.5238,0.65,1,0,0,1,1,0,none,3,0.0
ad91e7f28aa5,AD000708,vendor_pin,locality,1,2977.2,636.1,0.3333,0.2381,0.4211,1,1,0,0,0,0,locality,3,2185.3
9a5a30fd6bfd,AD000708,locality_centroid,locality,1,3029.6,575.7,0.3333,0.2381,0.4211,1,1,0,0,0,0,none,3,2222.7
8b4d703af60f,AD000708,town_centroid,town,1,856.3249999999999,109.34166666666668,0.3333,0.2381,0.4211,1,1,0,0,0,0,none,3,0.0
68e18b07eb14,AD000709,vendor_pin,locality,1,384.7,-2922.4,0.25,0.2157,0.3514,1,1,0,0,0,0,locality,3,3068.2
922a52422262,AD000709,locality_centroid,locality,1,688.3,-3007.0,0.25,0.2157,0.3514,1,1,0,0,0,0,none,3,3120.9
f21983b4090e,AD000709,town_centroid,town,1,856.3249999999999,109.34166666666668,0.25,0.2157,0.3514,1,1,0,0,0,0,none,3,0.0
bbf0b3fa8516,AD000710,vendor_pin,locality,1,747.4,1022.6,0.2,0.1587,0.3077,1,1,0,0,0,0,locality,4,919.7
8ce3a7010dca,AD000710,locality_centroid,locality,1,987.4,1270.5,0.2,0.1587,0.3077,1,1,0,0,0,0,none,4,1168.5
777ec864b86a,AD000710,town_centroid,town,1,856.3249999999999,109.34166666666668,0.2,0.1587,0.3077,1,1,0,0,0,0,none,4,0.0
764ba7e88d2f,AD000710,prior_field_cluster,street,1,1179.5,1091.4,0.2,0.1587,0.3077,1,1,0,0,0,0,none,4,1033.9
896fea7056ab,AD000711,vendor_pin,locality,1,668.9,2748.7,0.25,0.2128,0.3871,1,1,0,0,0,0,locality,4,2646.0
f845425bde22,AD000711,locality_centroid,locality,1,986.3,2772.6,0.25,0.2128,0.3871,1,1,0,0,0,0,none,4,2666.4
1678aeee9ecf,AD000711,town_centroid,town,1,856.3249999999999,109.34166666666668,0.25,0.2128,0.3871,1,1,0,0,0,0,none,4,0.0
d97b7da09c56,AD000711,prior_field_cluster,street,1,776.45,2474.55,0.25,0.2128,0.3871,1,1,0,0,0,0,none,4,2366.6
0893659cf713,AD000712,vendor_pin,locality,1,-1438.5,-2564.4,0.2,0.1719,0.3023,1,1,0,0,0,0,locality,3,3523.5
a506110c6337,AD000712,locality_centroid,locality,1,-1600.3,-2801.9,0.2,0.1719,0.3023,1,1,0,0,0,0,none,3,3809.2
10dd22cd5500,AD000712,town_centroid,town,1,856.3249999999999,109.34166666666668,0.2,0.1719,0.3023,1,1,0,0,0,0,none,3,0.0
226d18a813f9,AD000713,vendor_pin,locality,1,864.1,2628.1,0.1818,0.137,0.2697,1,1,0,0,0,0,locality,3,2518.8
3b45ad967176,AD000713,locality_centroid,locality,1,986.3,2772.6,0.1818,0.137,0.2697,1,1,0,0,0,0,none,3,2666.4
7d8739b11070,AD000713,town_centroid,town,1,856.3249999999999,109.34166666666668,0.1818,0.137,0.2697,1,1,0,0,0,0,none,3,0.0
11c05953ee5b,AD000715,vendor_pin,locality,1,1457.7,-1971.9,0.125,0.1633,0.3333,0,1,0,0,0,0,locality,2,2166.4
f1aef7eb7975,AD000715,town_centroid,town,1,856.3249999999999,109.34166666666668,0.125,0.1633,0.3333,0,1,0,0,0,0,none,2,0.0
9eaec53f6465,AD000717,vendor_pin,locality,1,-813.3,-513.1,0.1818,0.1231,0.2597,1,0,0,0,0,0,locality,3,641.7
9916dacb80c1,AD000717,locality_centroid,locality,1,-722.6,-522.8,0.1818,0.1231,0.2597,1,0,0,0,0,0,none,3,550.6
1061f9522323,AD000717,town_centroid,town,1,-172.75833333333335,-551.7416666666667,0.1818,0.1231,0.2597,1,0,0,0,0,0,none,3,0.0
ddd1e413f38a,AD000718,vendor_pin,locality,1,999.1,2588.3,0.2222,0.1818,0.338,1,1,0,0,0,0,locality,3,2483.1
40d0ae3629c0,AD000718,locality_centroid,locality,1,986.3,2772.6,0.2222,0.1818,0.338,1,1,0,0,0,0,none,3,2666.4
fc2355e19fee,AD000718,town_centroid,town,1,856.3249999999999,109.34166666666668,0.2222,0.1818,0.338,1,1,0,0,0,0,none,3,0.0
5b41e2768b44,AD000719,vendor_pin,locality,1,2956.8,-2131.0,0.1818,0.1389,0.2759,1,1,0,0,0,0,locality,4,3417.3
fa53755fbb2c,AD000719,locality_centroid,locality,1,2735.1,-2128.6,0.1818,0.1389,0.2759,1,1,0,0,0,0,none,4,3223.0
b4133536797b,AD000719,town_centroid,town,1,-46.70000000000002,-500.9083333333333,0.1818,0.1389,0.2759,1,1,0,0,0,0,none,4,0.0
36f5659202db,AD000719,prior_field_cluster,street,1,2758.95,-1823.6,0.1818,0.1389,0.2759,1,1,0,0,0,0,none,4,3101.8
6eb4d1c01d5d,AD000720,vendor_pin,locality,1,983.4,-70.8,0.25,0.22,0.3939,1,0,0,0,0,0,locality,3,220.5
1a6a27f9e2e8,AD000720,locality_centroid,locality,1,1046.9,-2.6,0.25,0.22,0.3939,1,0,0,0,0,0,none,3,221.0
188e82c860b4,AD000720,town_centroid,town,1,856.3249999999999,109.34166666666668,0.25,0.22,0.3939,1,0,0,0,0,0,none,3,0.0
ab6a4058db57,AD000721,vendor_pin,locality,1,-2438.4,-251.7,0.1818,0.1935,0.3846,0,1,0,0,0,0,locality,3,2285.4
e5e56fcea3fe,AD000721,town_centroid,town,1,-172.75833333333335,-551.7416666666667,0.1818,0.1935,0.3846,0,1,0,0,0,0,none,3,0.0
47e5dc9d3fa8,AD000721,prior_field_cluster,street,1,-3061.2,-140.9,0.1818,0.1935,0.3846,0,1,0,0,0,0,none,3,2917.5
910a35a60cec,AD000722,vendor_pin,locality,1,3681.7,404.8,0.1667,0.1795,0.3333,1,1,0,0,0,0,locality,4,3971.4
47a133d4a581,AD000722,locality_centroid,locality,1,3653.7,367.3,0.1667,0.1795,0.3333,1,1,0,0,0,0,none,4,3935.3
4778de9023bb,AD000722,town_centroid,town,1,-172.75833333333335,-551.7416666666667,0.1667,0.1795,0.3333,1,1,0,0,0,0,none,4,0.0
82132030dc42,AD000722,prior_field_cluster,street,1,4034.6,319.45,0.1667,0.1795,0.3333,1,1,0,0,0,0,none,4,4296.6
4715e57a00de,AD000723,vendor_pin,locality,1,-2850.0,1053.2,0.2,0.1935,0.35,1,1,0,0,0,0,locality,3,3205.3
5e9eb8620af1,AD000723,locality_centroid,locality,1,-2863.9,1096.5,0.2,0.1935,0.35,1,1,0,0,0,0,none,3,3238.6
d812aac662d3,AD000723,town_centroid,town,1,-46.70000000000002,-500.9083333333333,0.2,0.1935,0.35,1,1,0,0,0,0,none,3,0.0
6577bfa4f39c,AD000725,vendor_pin,street,1,-926.8,2620.3,0.25,0.2182,0.3544,1,0,0,0,0,0,street,3,3079.7
e8f718123ac1,AD000725,locality_centroid,locality,1,-603.5,2996.1,0.25,0.2182,0.3544,1,0,0,0,0,0,none,3,3234.9
c8759e930530,AD000725,town_centroid,town,1,856.3249999999999,109.34166666666668,0.25,0.2182,0.3544,1,0,0,0,0,0,none,3,0.0
b7fc471360b7,AD000727,vendor_pin,locality,1,-2556.4,-481.7,0.1333,0.1319,0.2804,0,1,0,0,0,0,locality,3,2384.7
e1ece019a3d2,AD000727,town_centroid,town,1,-172.75833333333335,-551.7416666666667,0.1333,0.1319,0.2804,0,1,0,0,0,0,none,3,0.0
d90995f79575,AD000727,prior_field_cluster,street,1,-2698.3,-489.4,0.1333,0.1319,0.2804,0,1,0,0,0,0,none,3,2526.3
10ed601a9949,AD000728,vendor_pin,street,1,-657.4,-3343.2,0.2,0.1639,0.32,1,1,0,0,0,0,street,3,2907.2
378d9dd3d7a0,AD000728,locality_centroid,locality,1,-1053.3,-3163.0,0.2,0.1639,0.32,1,1,0,0,0,0,none,3,2846.0
479884dddcc4,AD000728,town_centroid,town,1,-46.70000000000002,-500.9083333333333,0.2,0.1639,0.32,1,1,0,0,0,0,none,3,0.0
506be203ded8,AD000730,vendor_pin,locality,1,941.5,178.2,0.2222,0.1692,0.3171,1,1,0,0,0,0,locality,3,109.5
e3f16673edd0,AD000730,locality_centroid,locality,1,1046.9,-2.6,0.2222,0.1692,0.3171,1,1,0,0,0,0,none,3,221.0
41cd751ba20b,AD000730,town_centroid,town,1,856.3249999999999,109.34166666666668,0.2222,0.1692,0.3171,1,1,0,0,0,0,none,3,0.0
ce165c057977,AD000731,vendor_pin,locality,1,2761.5,-2520.4,0.1538,0.1333,0.2667,1,1,0,0,0,0,locality,3,3458.9
3232c5cde1c4,AD000731,locality_centroid,locality,1,2735.1,-2128.6,0.1538,0.1333,0.2667,1,1,0,0,0,0,none,3,3223.0
6069a3ad56c2,AD000731,town_centroid,town,1,-46.70000000000002,-500.9083333333333,0.1538,0.1333,0.2667,1,1,0,0,0,0,none,3,0.0
98073a945271,AD000732,vendor_pin,locality,1,-1171.3,-1668.4,0.2857,0.2222,0.4,1,1,0,0,0,0,locality,3,1498.0
a50ae66ae9af,AD000732,locality_centroid,locality,1,-1112.2,-1888.2,0.2857,0.2222,0.4,1,1,0,0,0,0,none,3,1633.6
bb75ac047f6b,AD000732,town_centroid,town,1,-172.75833333333335,-551.7416666666667,0.2857,0.2222,0.4,1,1,0,0,0,0,none,3,0.0
4d8ccdd55615,AD000733,vendor_pin,locality,1,2655.8,-2131.6,0.1538,0.1266,0.25,1,1,0,0,0,0,locality,4,3156.4
6850bdb014b2,AD000733,locality_centroid,locality,1,2735.1,-2128.6,0.1538,0.1266,0.25,1,1,0,0,0,0,none,4,3223.0
e9dc68e929f3,AD000733,town_centroid,town,1,-46.70000000000002,-500.9083333333333,0.1538,0.1266,0.25,1,1,0,0,0,0,none,4,0.0
12c5e304985c,AD000733,prior_field_cluster,street,1,2865.7,-2263.7,0.1538,0.1266,0.25,1,1,0,0,0,0,none,4,3404.3
78b9fff257cc,AD000734,vendor_pin,street,1,3880.1,627.7,0.1818,0.2154,0.381,1,1,0,0,0,0,street,3,4221.0
d8483ba11f47,AD000734,locality_centroid,locality,1,3653.7,367.3,0.1818,0.2154,0.381,1,1,0,0,0,0,none,3,3935.3
6f1249c29615,AD000734,town_centroid,town,1,-172.75833333333335,-551.7416666666667,0.1818,0.2154,0.381,1,1,0,0,0,0,none,3,0.0
aad1a02704d6,AD000735,vendor_pin,street,1,2950.4,-2377.2,0.1111,0.1346,0.2727,0,1,0,0,0,0,street,3,3536.0
09a8d0794238,AD000735,town_centroid,town,1,-46.70000000000002,-500.9083333333333,0.1111,0.1346,0.2727,0,1,0,0,0,0,none,3,0.0
4f5e5d30b26c,AD000735,prior_field_cluster,street,1,2683.5,-2371.4,0.1111,0.1346,0.2727,0,1,0,0,0,0,none,3,3309.5
7adca4d76d81,AD000736,vendor_pin,locality,1,2517.8,1005.8,0.2,0.1385,0.2821,1,1,0,0,0,0,locality,3,2974.4
2027683f3c1b,AD000736,locality_centroid,locality,1,2499.2,994.1,0.2,0.1385,0.2821,1,1,0,0,0,0,none,3,2952.4
dfb7c31381ac,AD000736,town_centroid,town,1,-46.70000000000002,-500.9083333333333,0.2,0.1385,0.2821,1,1,0,0,0,0,none,3,0.0
796bab85bfdb,AD000737,vendor_pin,locality,1,-1205.1,-2990.8,0.3333,0.2222,0.4,1,1,0,0,0,0,locality,3,2746.2
ceea42febfe9,AD000737,locality_centroid,locality,1,-1053.3,-3163.0,0.3333,0.2222,0.4,1,1,0,0,0,0,none,3,2846.0
e5fadf7ab7f6,AD000737,town_centroid,town,1,-46.70000000000002,-500.9083333333333,0.3333,0.2222,0.4,1,1,0,0,0,0,none,3,0.0
4ef3f928b200,AD000738,vendor_pin,locality,1,-549.6,-1098.7,0.1818,0.1549,0.2989,1,1,0,0,0,0,locality,4,781.2
c8d0beaa8697,AD000738,locality_centroid,locality,1,-598.6,-1329.8,0.1818,0.1549,0.2989,1,1,0,0,0,0,none,4,995.8
9653d6bb414c,AD000738,town_centroid,town,1,-46.70000000000002,-500.9083333333333,0.1818,0.1549,0.2989,1,1,0,0,0,0,none,4,0.0
c0e5a221667a,AD000738,prior_field_cluster,street,1,-369.25,-949.2,0.1818,0.1549,0.2989,1,1,0,0,0,0,none,4,552.3
a6e9e108f66b,AD000739,vendor_pin,locality,1,881.8,-3113.0,0.2,0.1515,0.2791,1,1,0,0,0,0,locality,4,2772.2
615c77672b1c,AD000739,locality_centroid,locality,1,665.2,-3094.2,0.2,0.1515,0.2791,1,1,0,0,0,0,none,4,2689.2
9e24a6bd9389,AD000739,town_centroid,town,1,-46.70000000000002,-500.9083333333333,0.2,0.1515,0.2791,1,1,0,0,0,0,none,4,0.0
f089049ffff3,AD000739,prior_field_cluster,street,1,709.2,-3292.8,0.2,0.1515,0.2791,1,1,0,0,0,0,none,4,2892.4
494fd5aaf0ef,AD000740,vendor_pin,locality,1,1816.4,-950.4,0.0833,0.1711,0.3158,0,1,0,0,0,0,locality,2,1916.6
0395de770af2,AD000740,town_centroid,town,1,-46.70000000000002,-500.9083333333333,0.0833,0.1711,0.3158,0,1,0,0,0,0,none,2,0.0
a6f5a870a778,AD000741,vendor_pin,street,1,-806.2,2894.7,0.2222,0.2167,0.3896,1,1,0,0,0,0,street,4,3504.2
4a72bcd85575,AD000741,locality_centroid,locality,1,-438.3,3208.9,0.2222,0.2167,0.3896,1,1,0,0,0,0,none,4,3770.0
a3909dbf4338,AD000741,town_centroid,town,1,-172.75833333333335,-551.7416666666667,0.2222,0.2167,0.3896,1,1,0,0,0,0,none,4,0.0
a97cd9ce3251,AD000741,prior_field_cluster,street,1,-821.2,2853.95,0.2222,0.2167,0.3896,1,1,0,0,0,0,none,4,3466.9
98b3298b01a6,AD000742,vendor_pin,locality,1,517.0,2442.5,0.1538,0.1609,0.3091,1,1,0,0,0,0,locality,3,2996.9
f0177b3420bb,AD000742,locality_centroid,locality,1,290.7,2335.2,0.1538,0.1609,0.3091,1,1,0,0,0,0,none,3,2856.1
222805369a98,AD000742,town_centroid,town,1,-46.70000000000002,-500.9083333333333,0.1538,0.1609,0.3091,1,1,0,0,0,0,none,3,0.0
802238922a3a,AD000743,vendor_pin,locality,1,-1982.6,-2304.3,0.2,0.1746,0.325,1,1,0,0,0,0,locality,4,2645.7
8229c4476907,AD000743,locality_centroid,locality,1,-2195.4,-2378.6,0.2,0.1746,0.325,1,1,0,0,0,0,none,4,2853.5
252279cfd34d,AD000743,town_centroid,town,1,-46.70000000000002,-500.9083333333333,0.2,0.1746,0.325,1,1,0,0,0,0,none,4,0.0
3c9062856041,AD000743,prior_field_cluster,street,1,-655.4,-2890.4,0.2,0.1746,0.325,1,1,0,0,0,0,none,4,2465.8
92372aa822e6,AD000744,vendor_pin,street,1,1280.4,-935.8,0.1538,0.1585,0.297,1,1,0,0,0,0,street,4,1503.1
2bd6a2178bbe,AD000744,locality_centroid,locality,1,929.4,-822.2,0.1538,0.1585,0.297,1,1,0,0,0,0,none,4,1134.9
5a614d5e86ae,AD000744,town_centroid,town,1,-172.75833333333335,-551.7416666666667,0.1538,0.1585,0.297,1,1,0,0,0,0,none,4,0.0
cb1e43840899,AD000744,prior_field_cluster,street,1,1325.8,-1116.6,0.1538,0.1585,0.297,1,1,0,0,0,0,none,4,1601.5
08ee195694e6,AD000745,vendor_pin,locality,1,-1667.6,-2827.9,0.2,0.1897,0.3333,1,1,0,0,0,0,locality,3,3872.7
7dacf627b234,AD000745,locality_centroid,locality,1,-1600.3,-2801.9,0.2,0.1897,0.3333,1,1,0,0,0,0,none,3,3809.2
9748333ad9cf,AD000745,town_centroid,town,1,856.3249999999999,109.34166666666668,0.2,0.1897,0.3333,1,1,0,0,0,0,none,3,0.0
0afdb50a5fd4,AD000746,vendor_pin,rooftop,1,2717.5,908.5,0.2,0.1471,0.2892,1,1,0,0,0,0,rooftop,3,2025.5
1509450790bc,AD000746,locality_centroid,locality,1,3029.6,575.7,0.2,0.1471,0.2892,1,1,0,0,0,0,none,3,2222.7
557ef59dedf2,AD000746,town_centroid,town,1,856.3249999999999,109.34166666666668,0.2,0.1471,0.2892,1,1,0,0,0,0,none,3,0.0
415fa1bcd117,AD000748,vendor_pin,locality,1,1006.3,-132.4,0.0769,0.0986,0.2651,0,1,0,0,0,0,locality,2,1115.6
711754124e50,AD000748,town_centroid,town,1,-46.70000000000002,-500.9083333333333,0.0769,0.0986,0.2651,0,1,0,0,0,0,none,2,0.0
ad27f4b97588,AD000749,vendor_pin,street,1,-172.8,-3422.1,0.1818,0.1538,0.2947,1,1,0,0,0,0,street,4,2870.4
469b9672aad2,AD000749,locality_centroid,locality,1,-433.5,-3467.4,0.1818,0.1538,0.2947,1,1,0,0,0,0,none,4,2927.3
31dcec515cbb,AD000749,town_centroid,town,1,-172.75833333333335,-551.7416666666667,0.1818,0.1538,0.2947,1,1,0,0,0,0,none,4,0.0
d3176db74faa,AD000749,prior_field_cluster,street,1,-166.15,-3434.55,0.1818,0.1538,0.2947,1,1,0,0,0,0,none,4,2882.8
726f8a9aa5bc,AD000750,vendor_pin,street,1,-129.2,3225.2,0.2857,0.2549,0.4412,1,1,0,0,0,0,street,3,3777.2
8fecfec15b21,AD000750,locality_centroid,locality,1,-438.3,3208.9,0.2857,0.2549,0.4412,1,1,0,0,0,0,none,3,3770.0
ff074bf894bd,AD000750,town_centroid,town,1,-172.75833333333335,-551.7416666666667,0.2857,0.2549,0.4412,1,1,0,0,0,0,none,3,0.0
ce30549d9f5a,AD000751,vendor_pin,locality,1,1185.1,1388.5,0.25,0.2,0.3636,1,1,0,0,0,0,locality,3,1320.7
0c6aa7069bc1,AD000751,locality_centroid,locality,1,987.4,1270.5,0.25,0.2,0.3636,1,1,0,0,0,0,none,3,1168.5
4855dd47bf0e,AD000751,town_centroid,town,1,856.3249999999999,109.34166666666668,0.25,0.2,0.3636,1,1,0,0,0,0,none,3,0.0
3b876a1ac644,AD000752,vendor_pin,locality,1,-523.4,3001.8,0.1818,0.1644,0.2887,1,1,0,0,0,0,locality,3,3204.7
4014965e5fc8,AD000752,locality_centroid,locality,1,-603.5,2996.1,0.1818,0.1644,0.2887,1,1,0,0,0,0,none,3,3234.9
7665247fbcbe,AD000752,town_centroid,town,1,856.3249999999999,109.34166666666668,0.1818,0.1644,0.2887,1,1,0,0,0,0,none,3,0.0
f13dc1289b3f,AD000753,vendor_pin,locality,1,2813.9,-2211.2,0.1429,0.1522,0.3158,0,0,0,0,0,0,locality,3,3332.9
2d9890d954e7,AD000753,town_centroid,town,1,-46.70000000000002,-500.9083333333333,0.1429,0.1522,0.3158,0,0,0,0,0,0,none,3,0.0
4f64d3fa4f0b,AD000753,prior_field_cluster,street,1,2788.75,-2578.8999999999996,0.1429,0.1522,0.3158,0,0,0,0,0,0,none,3,3515.4
97820c6256c0,AD000754,vendor_pin,pincode,1,1522.1,1955.0,0.0,0.0806,0.2192,0,1,0,0,0,0,pincode,2,1962.1
e4d5cf21e9eb,AD000754,town_centroid,town,1,856.3249999999999,109.34166666666668,0.0,0.0806,0.2192,0,1,0,0,0,0,none,2,0.0
a1a546ac75c2,AD000755,vendor_pin,locality,1,642.6,-2830.1,0.2222,0.1833,0.3095,1,1,0,0,0,0,locality,3,2947.2
db9b81f8f61b,AD000755,locality_centroid,locality,1,688.3,-3007.0,0.2222,0.1833,0.3095,1,1,0,0,0,0,none,3,3120.9
929e2e53d964,AD000755,town_centroid,town,1,856.3249999999999,109.34166666666668,0.2222,0.1833,0.3095,1,1,0,0,0,0,none,3,0.0
b34e70f44bbb,AD000756,vendor_pin,street,1,1236.5,-2006.6,0.2,0.1385,0.2619,1,1,0,0,0,0,street,4,2149.8
c954ffea79ca,AD000756,locality_centroid,locality,1,1577.4,-2059.5,0.2,0.1385,0.2619,1,1,0,0,0,0,none,4,2285.6
8c0022a5ea16,AD000756,town_centroid,town,1,856.3249999999999,109.34166666666668,0.2,0.1385,0.2619,1,1,0,0,0,0,none,4,0.0
f3e9c5759826,AD000756,prior_field_cluster,street,1,1349.7,-2074.3,0.2,0.1385,0.2619,1,1,0,0,0,0,none,4,2238.7
64d9fca61a07,AD000757,vendor_pin,locality,1,2708.9,-1379.3,0.2222,0.1695,0.3243,1,1,0,0,0,0,locality,3,2376.6
4a67f954754f,AD000757,locality_centroid,locality,1,2589.2,-1273.1,0.2222,0.1695,0.3243,1,1,0,0,0,0,none,3,2216.8
157cdc61c035,AD000757,town_centroid,town,1,856.3249999999999,109.34166666666668,0.2222,0.1695,0.3243,1,1,0,0,0,0,none,3,0.0
fe1b53afdb60,AD000758,vendor_pin,locality,1,544.9,-3023.5,0.4,0.3667,0.5098,1,1,0,0,0,0,locality,3,3148.3
3236909fbf4a,AD000758,locality_centroid,locality,1,688.3,-3007.0,0.4,0.3667,0.5098,1,1,0,0,0,0,none,3,3120.9
6dc60598418c,AD000758,town_centroid,town,1,856.3249999999999,109.34166666666668,0.4,0.3667,0.5098,1,1,0,0,0,0,none,3,0.0
cdfcaf131660,AD000759,vendor_pin,locality,1,3061.4,616.2,0.1111,0.1489,0.3333,0,1,0,0,0,0,locality,3,2262.6
d155c9525613,AD000759,town_centroid,town,1,856.3249999999999,109.34166666666668,0.1111,0.1489,0.3333,0,1,0,0,0,0,none,3,0.0
eca89c59ec5f,AD000759,prior_field_cluster,street,1,3136.2,572.7,0.1111,0.1489,0.3333,0,1,0,0,0,0,none,3,2326.5
d347e8914953,AD000760,vendor_pin,locality,1,2680.7,-1810.8,0.1,0.1321,0.3438,0,1,0,0,0,0,locality,2,3025.6
8b86b6bab3d3,AD000760,town_centroid,town,1,-46.70000000000002,-500.9083333333333,0.1,0.1321,0.3438,0,1,0,0,0,0,none,2,0.0
23deaf6dc3a1,AD000761,vendor_pin,locality,1,2513.1,914.0,0.1818,0.1385,0.275,1,1,0,0,0,0,locality,3,2924.8
f568095e61a7,AD000761,locality_centroid,locality,1,2499.2,994.1,0.1818,0.1385,0.275,1,1,0,0,0,0,none,3,2952.4
5709ab726c0d,AD000761,town_centroid,town,1,-46.70000000000002,-500.9083333333333,0.1818,0.1385,0.275,1,1,0,0,0,0,none,3,0.0
6ec74a72b48c,AD000762,vendor_pin,street,1,-2604.3,-560.8,0.1667,0.1408,0.3256,0,1,0,0,0,0,street,2,2431.6
c6ee4446fef4,AD000762,town_centroid,town,1,-172.75833333333335,-551.7416666666667,0.1667,0.1408,0.3256,0,1,0,0,0,0,none,2,0.0
33c3b64fd76a,AD000763,vendor_pin,locality,1,3136.2,-1907.2,0.1667,0.1351,0.2697,1,1,0,0,0,0,locality,3,3575.8
9dde108c5bb2,AD000763,locality_centroid,locality,1,3188.8,-1960.7,0.1667,0.1351,0.2697,1,1,0,0,0,0,none,3,3644.9
a4132444b0ab,AD000763,town_centroid,town,1,-172.75833333333335,-551.7416666666667,0.1667,0.1351,0.2697,1,1,0,0,0,0,none,3,0.0
569f2a2ffb34,AD000764,vendor_pin,locality,1,830.4,-3154.2,0.1667,0.137,0.2759,1,1,0,0,0,0,locality,3,2794.5
fab2f15c7a34,AD000764,locality_centroid,locality,1,665.2,-3094.2,0.1667,0.137,0.2759,1,1,0,0,0,0,none,3,2689.2
85e901d4d76b,AD000764,town_centroid,town,1,-46.70000000000002,-500.9083333333333,0.1667,0.137,0.2759,1,1,0,0,0,0,none,3,0.0
a7405117309d,AD000765,vendor_pin,locality,1,-1128.8,-509.0,0.2,0.125,0.2632,1,1,0,0,0,0,locality,3,957.0
549e4f0eb009,AD000765,locality_centroid,locality,1,-722.6,-522.8,0.2,0.125,0.2632,1,1,0,0,0,0,none,3,550.6
926458fd6da0,AD000765,town_centroid,town,1,-172.75833333333335,-551.7416666666667,0.2,0.125,0.2632,1,1,0,0,0,0,none,3,0.0
a371188ab641,AD000766,vendor_pin,locality,1,3017.9,-1907.6,0.2222,0.1724,0.3288,1,1,0,0,0,0,locality,3,3466.8
076917cbd47d,AD000766,locality_centroid,locality,1,3188.8,-1960.7,0.2222,0.1724,0.3288,1,1,0,0,0,0,none,3,3644.9
fdc7da1bb0f9,AD000766,town_centroid,town,1,-172.75833333333335,-551.7416666666667,0.2222,0.1724,0.3288,1,1,0,0,0,0,none,3,0.0
c95ac14f0c23,AD000767,vendor_pin,street,1,787.1,-2816.4,0.1818,0.137,0.2727,1,1,0,0,0,0,street,3,2461.0
3dd5358a5759,AD000767,locality_centroid,locality,1,665.2,-3094.2,0.1818,0.137,0.2727,1,1,0,0,0,0,none,3,2689.2
eb20c66c4853,AD000767,town_centroid,town,1,-46.70000000000002,-500.9083333333333,0.1818,0.137,0.2727,1,1,0,0,0,0,none,3,0.0
cef770191271,AD000768,vendor_pin,locality,1,2564.2,-1303.9,0.1667,0.137,0.2727,1,1,0,0,0,0,locality,4,2216.8
9c3ebbbc3552,AD000768,locality_centroid,locality,1,2589.2,-1273.1,0.1667,0.137,0.2727,1,1,0,0,0,0,none,4,2216.8
87964c45e60b,AD000768,town_centroid,town,1,856.3249999999999,109.34166666666668,0.1667,0.137,0.2727,1,1,0,0,0,0,none,4,0.0
31c73dabaa63,AD000768,prior_field_cluster,street,1,2653.9,-1592.3000000000002,0.1667,0.137,0.2727,1,1,0,0,0,0,none,4,2475.2
7d24f7cef928,AD000769,vendor_pin,locality,1,-167.3,1243.1,0.1818,0.1343,0.2651,0,1,0,0,0,0,locality,2,1527.5
75220883a19a,AD000769,town_centroid,town,1,856.3249999999999,109.34166666666668,0.1818,0.1343,0.2651,0,1,0,0,0,0,none,2,0.0
06418b24e81a,AD000770,vendor_pin,street,1,2524.4,-500.7,0.25,0.1818,0.3429,1,1,0,0,0,0,street,3,1776.1
418486ab812d,AD000770,locality_centroid,locality,1,2589.2,-1273.1,0.25,0.1818,0.3429,1,1,0,0,0,0,none,3,2216.8
916d2ad0722a,AD000770,town_centroid,town,1,856.3249999999999,109.34166666666668,0.25,0.1818,0.3429,1,1,0,0,0,0,none,3,0.0
5c94afbcd0e0,AD000771,vendor_pin,street,1,870.9,-687.5,0.0909,0.1408,0.3294,0,1,0,0,0,0,street,3,1052.5
d400c2fc9504,AD000771,town_centroid,town,1,-172.75833333333335,-551.7416666666667,0.0909,0.1408,0.3294,0,1,0,0,0,0,none,3,0.0
2be9d6539a41,AD000771,prior_field_cluster,street,1,824.8,-711.4,0.0909,0.1408,0.3294,0,1,0,0,0,0,none,3,1010.3
bf4795520378,AD000772,vendor_pin,locality,1,-295.6,3185.6,0.1818,0.1781,0.3297,1,1,0,0,0,0,locality,3,3739.4
6b8f7e4740d7,AD000772,locality_centroid,locality,1,-438.3,3208.9,0.1818,0.1781,0.3297,1,1,0,0,0,0,none,3,3770.0
d19b01a6ca6a,AD000772,town_centroid,town,1,-172.75833333333335,-551.7416666666667,0.1818,0.1781,0.3297,1,1,0,0,0,0,none,3,0.0
285333a25730,AD000773,vendor_pin,locality,1,1480.2,-2233.8,0.25,0.1607,0.2895,1,1,0,0,0,0,locality,3,2424.8
9f9aba31ed03,AD000773,locality_centroid,locality,1,1577.4,-2059.5,0.25,0.1607,0.2895,1,1,0,0,0,0,none,3,2285.6
a53757ff013c,AD000773,town_centroid,town,1,856.3249999999999,109.34166666666668,0.25,0.1607,0.2895,1,1,0,0,0,0,none,3,0.0
75a8f02eac2a,AD000774,vendor_pin,locality,1,-2538.8,1618.4,0.1538,0.1412,0.2772,1,1,0,0,0,0,locality,4,3210.6
879dbb03a436,AD000774,locality_centroid,locality,1,-2446.2,1613.2,0.1538,0.1412,0.2772,1,1,0,0,0,0,none,4,3139.3
cfc3e0d12c0b,AD000774,town_centroid,town,1,-172.75833333333335,-551.7416666666667,0.1538,0.1412,0.2772,1,1,0,0,0,0,none,4,0.0
2d9999adb5e1,AD000774,prior_field_cluster,street,1,-2653.3,1741.0,0.1538,0.1412,0.2772,1,1,0,0,0,0,none,4,3377.8
daacf80746d6,AD000775,vendor_pin,street,1,-760.6,-383.0,0.2222,0.1455,0.2985,1,1,0,0,0,0,street,3,611.6
c2aeaf00eaa9,AD000775,locality_centroid,locality,1,-722.6,-522.8,0.2222,0.1455,0.2985,1,1,0,0,0,0,none,3,550.6
013adf1e93a9,AD000775,town_centroid,town,1,-172.75833333333335,-551.7416666666667,0.2222,0.1455,0.2985,1,1,0,0,0,0,none,3,0.0
fec0ad2761f1,AD000776,vendor_pin,locality,1,3745.4,207.6,0.2222,0.2373,0.4156,1,1,0,0,0,0,locality,3,3991.1
40842303d7fc,AD000776,locality_centroid,locality,1,3653.7,367.3,0.2222,0.2373,0.4156,1,1,0,0,0,0,none,3,3935.3
3932941e5dbb,AD000776,town_centroid,town,1,-172.75833333333335,-551.7416666666667,0.2222,0.2373,0.4156,1,1,0,0,0,0,none,3,0.0
ad6ebf331437,AD000778,vendor_pin,locality,1,1918.1,-847.5,0.0769,0.1585,0.3366,0,1,0,0,0,0,locality,2,1995.1
e2b83f5c2f48,AD000778,town_centroid,town,1,-46.70000000000002,-500.9083333333333,0.0769,0.1585,0.3366,0,1,0,0,0,0,none,2,0.0
b20ef60083d9,AD000779,vendor_pin,locality,1,2450.7,1032.5,0.2857,0.1837,0.3548,1,1,0,0,0,0,locality,4,2930.6
89052af4418a,AD000779,locality_centroid,locality,1,2499.2,994.1,0.2857,0.1837,0.3548,1,1,0,0,0,0,none,4,2952.4
75dc22d4bbab,AD000779,town_centroid,town,1,-46.70000000000002,-500.9083333333333,0.2857,0.1837,0.3548,1,1,0,0,0,0,none,4,0.0
18a1d19f4199,AD000779,prior_field_cluster,street,1,2199.7,846.35,0.2857,0.1837,0.3548,1,1,0,0,0,0,none,4,2619.4
7be69a5dbb7f,AD000780,vendor_pin,locality,1,752.0,-3188.0,0.1818,0.1538,0.3,1,1,0,0,0,0,locality,3,2803.3
9cfb519e0ac8,AD000780,locality_centroid,locality,1,665.2,-3094.2,0.1818,0.1538,0.3,1,1,0,0,0,0,none,3,2689.2
1c97b82d984e,AD000780,town_centroid,town,1,-46.70000000000002,-500.9083333333333,0.1818,0.1538,0.3,1,1,0,0,0,0,none,3,0.0
450a8d93ed75,AD000781,vendor_pin,locality,1,3886.7,450.9,0.1538,0.1892,0.3368,1,1,0,0,0,0,locality,4,4181.4
9ed9ea4c15df,AD000781,locality_centroid,locality,1,3653.7,367.3,0.1538,0.1892,0.3368,1,1,0,0,0,0,none,4,3935.3
2842ff11c4ed,AD000781,town_centroid,town,1,-172.75833333333335,-551.7416666666667,0.1538,0.1892,0.3368,1,1,0,0,0,0,none,4,0.0
2b590b2d9747,AD000781,prior_field_cluster,street,1,3740.0,496.2,0.1538,0.1892,0.3368,1,1,0,0,0,0,none,4,4050.7
1784a37bd80c,AD000782,vendor_pin,locality,1,558.7,-2985.4,0.1818,0.1429,0.2824,1,1,0,0,0,0,locality,4,2557.2
ee919c81b2aa,AD000782,locality_centroid,locality,1,665.2,-3094.2,0.1818,0.1429,0.2824,1,1,0,0,0,0,none,4,2689.2
5f756587cb9c,AD000782,town_centroid,town,1,-46.70000000000002,-500.9083333333333,0.1818,0.1429,0.2824,1,1,0,0,0,0,none,4,0.0
88bb79268846,AD000782,prior_field_cluster,street,1,667.3,-2546.45,0.1818,0.1429,0.2824,1,1,0,0,0,0,none,4,2166.6
fb38894442a0,AD000783,vendor_pin,street,1,812.7,-2534.0,0.25,0.2083,0.381,1,1,0,0,0,0,street,3,2207.3
46681b522026,AD000783,locality_centroid,locality,1,665.2,-3094.2,0.25,0.2083,0.381,1,1,0,0,0,0,none,3,2689.2
bc81d740965a,AD000783,town_centroid,town,1,-46.70000000000002,-500.9083333333333,0.25,0.2083,0.381,1,1,0,0,0,0,none,3,0.0
f35a0f1a096e,AD000784,vendor_pin,locality,1,-1113.1,-1993.6,0.1111,0.1698,0.3881,0,1,0,0,0,0,locality,2,1721.4
4e252671d9f0,AD000784,town_centroid,town,1,-172.75833333333335,-551.7416666666667,0.1111,0.1698,0.3881,0,1,0,0,0,0,none,2,0.0
5cca66af8420,AD000785,vendor_pin,pincode,1,1551.1,-1726.6,0.0,0.0204,0.1481,0,1,0,0,0,0,pincode,3,2013.8
a5f258d6725c,AD000785,town_centroid,town,1,-46.70000000000002,-500.9083333333333,0.0,0.0204,0.1481,0,1,0,0,0,0,none,3,0.0
0c41c2bd14c8,AD000785,prior_field_cluster,street,1,2446.0,-2255.4,0.0,0.0204,0.1481,0,1,0,0,0,0,none,3,3048.2
ddcae8230926,AD000787,vendor_pin,rooftop,1,1110.7,-1182.5,0.0769,0.1333,0.2921,0,1,0,0,0,0,rooftop,3,1430.1
22459d1376f1,AD000787,town_centroid,town,1,-172.75833333333335,-551.7416666666667,0.0769,0.1333,0.2921,0,1,0,0,0,0,none,3,0.0
47b6d8e5d1d8,AD000787,prior_field_cluster,street,1,1117.9,-1174.6999999999998,0.0769,0.1333,0.2921,0,1,0,0,0,0,none,3,1433.1
6c2ea823cb92,AD000788,vendor_pin,locality,1,1241.6,-165.0,0.1538,0.1538,0.2917,1,1,0,0,0,0,locality,4,1331.4
9f923fa0cbbb,AD000788,locality_centroid,locality,1,1112.8,-196.7,0.1538,0.1538,0.2917,1,1,0,0,0,0,none,4,1198.7
99071c786317,AD000788,town_centroid,town,1,-46.70000000000002,-500.9083333333333,0.1538,0.1538,0.2917,1,1,0,0,0,0,none,4,0.0
e358f3ad1057,AD000788,prior_field_cluster,street,1,1281.3,-298.0,0.1538,0.1538,0.2917,1,1,0,0,0,0,none,4,1343.4
687c86623665,AD000789,vendor_pin,locality,1,-2824.0,-318.6,0.375,0.283,0.4722,1,1,0,0,0,0,locality,3,2661.5
60ebece31018,AD000789,locality_centroid,locality,1,-2605.6,-262.1,0.375,0.283,0.4722,1,1,0,0,0,0,none,3,2450.0
ce0ea255dcb9,AD000789,town_centroid,town,1,-172.75833333333335,-551.7416666666667,0.375,0.283,0.4722,1,1,0,0,0,0,none,3,0.0
0f062b8ff1f9,AD000790,vendor_pin,locality,1,888.7,2612.5,0.2,0.1613,0.3038,1,1,0,0,0,0,locality,3,2503.4
d433126590be,AD000790,locality_centroid,locality,1,986.3,2772.6,0.2,0.1613,0.3038,1,1,0,0,0,0,none,3,2666.4
c8d79c3de9d7,AD000790,town_centroid,town,1,856.3249999999999,109.34166666666668,0.2,0.1613,0.3038,1,1,0,0,0,0,none,3,0.0
5f005ed11c20,AD000791,vendor_pin,street,1,3030.2,-2330.6,0.2,0.1471,0.2759,1,1,0,0,0,0,street,3,3579.8
c51fec70545f,AD000791,locality_centroid,locality,1,2735.1,-2128.6,0.2,0.1471,0.2759,1,1,0,0,0,0,none,3,3223.0
27919feef5a0,AD000791,town_centroid,town,1,-46.70000000000002,-500.9083333333333,0.2,0.1471,0.2759,1,1,0,0,0,0,none,3,0.0
196c95e90542,AD000792,vendor_pin,locality,1,1011.0,1102.7,0.2857,0.2222,0.3934,1,1,0,0,0,0,locality,4,1005.3
37e837e08c16,AD000792,locality_centroid,locality,1,987.4,1270.5,0.2857,0.2222,0.3934,1,1,0,0,0,0,none,4,1168.5
2ab26f4a8ab5,AD000792,town_centroid,town,1,856.3249999999999,109.34166666666668,0.2857,0.2222,0.3934,1,1,0,0,0,0,none,4,0.0
382ce2420138,AD000792,prior_field_cluster,street,1,925.7,2483.2,0.2857,0.2222,0.3934,1,1,0,0,0,0,none,4,2374.9
a26a67840074,AD000793,vendor_pin,locality,1,-170.0,1150.6,0.2222,0.1579,0.3014,1,1,0,0,0,0,locality,3,1462.0
e22aeeb6b278,AD000793,locality_centroid,locality,1,-200.6,1476.5,0.2222,0.1579,0.3014,1,1,0,0,0,0,none,3,1728.1
4f797e7733ec,AD000793,town_centroid,town,1,856.3249999999999,109.34166666666668,0.2222,0.1579,0.3014,1,1,0,0,0,0,none,3,0.0
6bea088a10ee,AD000794,vendor_pin,street,1,2167.8,2230.7,0.2222,0.1111,0.225,1,1,0,0,0,0,street,3,2494.0
b441d1953705,AD000794,locality_centroid,locality,1,2308.9,1849.5,0.2222,0.1111,0.225,1,1,0,0,0,0,none,3,2266.7
fe03a0ddfdbf,AD000794,town_centroid,town,1,856.3249999999999,109.34166666666668,0.2222,0.1111,0.225,1,1,0,0,0,0,none,3,0.0
b90b24d3f8d2,AD000795,vendor_pin,locality,1,-2836.4,-266.7,0.2727,0.2055,0.3696,1,1,0,0,0,0,locality,3,2678.8
f3ed4f7e8ad2,AD000795,locality_centroid,locality,1,-2605.6,-262.1,0.2727,0.2055,0.3696,1,1,0,0,0,0,none,3,2450.0
843b0eceb214,AD000795,town_centroid,town,1,-172.75833333333335,-551.7416666666667,0.2727,0.2055,0.3696,1,1,0,0,0,0,none,3,0.0
4f45c5fc661b,AD000797,vendor_pin,locality,1,2643.5,-1165.3,0.1818,0.1351,0.2697,1,1,0,0,0,0,locality,4,2195.2
03fa220e7f7a,AD000797,locality_centroid,locality,1,2589.2,-1273.1,0.1818,0.1351,0.2697,1,1,0,0,0,0,none,4,2216.8
f191e90b8d64,AD000797,town_centroid,town,1,856.3249999999999,109.34166666666668,0.1818,0.1351,0.2697,1,1,0,0,0,0,none,4,0.0
801c616b073e,AD000797,prior_field_cluster,street,1,2499.15,-1141.5,0.1818,0.1351,0.2697,1,1,0,0,0,0,none,4,2064.8
da8fc5b887b2,AD000798,vendor_pin,locality,1,845.5,1301.3,0.4,0.2778,0.4706,1,1,0,0,0,0,locality,3,1192.0
3c7f49892f95,AD000798,locality_centroid,locality,1,987.4,1270.5,0.4,0.2778,0.4706,1,1,0,0,0,0,none,3,1168.5
59315f391398,AD000798,town_centroid,town,1,856.3249999999999,109.34166666666668,0.4,0.2778,0.4706,1,1,0,0,0,0,none,3,0.0
ce65877637bb,AD000799,vendor_pin,locality,1,1053.8,-63.7,0.1818,0.1467,0.2857,1,1,0,0,0,0,locality,4,262.6
344f33e513be,AD000799,locality_centroid,locality,1,1046.9,-2.6,0.1818,0.1467,0.2857,1,1,0,0,0,0,none,4,221.0
cac88a3da02c,AD000799,town_centroid,town,1,856.3249999999999,109.34166666666668,0.1818,0.1467,0.2857,1,1,0,0,0,0,none,4,0.0
da30a43ba6bc,AD000799,prior_field_cluster,street,1,1253.6,-276.9,0.1818,0.1467,0.2857,1,1,0,0,0,0,none,4,554.1
81cdb949487a,AD000800,vendor_pin,locality,1,641.1,-178.9,0.3333,0.3158,0.5,1,0,0,0,0,0,locality,3,759.4
023bbfd1a7f0,AD000800,locality_centroid,locality,1,1112.8,-196.7,0.3333,0.3158,0.5,1,0,0,0,0,0,none,3,1198.7
cb6173218355,AD000800,town_centroid,town,1,-46.70000000000002,-500.9083333333333,0.3333,0.3158,0.5,1,0,0,0,0,0,none,3,0.0
4415513fb87d,AD000801,vendor_pin,street,1,1004.1,-595.9,0.0909,0.1538,0.3291,0,1,0,0,0,0,street,2,1177.7
75f93fe01976,AD000801,town_centroid,town,1,-172.75833333333335,-551.7416666666667,0.0909,0.1538,0.3291,0,1,0,0,0,0,none,2,0.0
bfcce60cc94b,AD000802,vendor_pin,locality,1,1180.0,-164.1,0.2,0.1667,0.3111,1,1,0,0,0,0,locality,4,1272.1
92eeb2b27653,AD000802,locality_centroid,locality,1,1112.8,-196.7,0.2,0.1667,0.3111,1,1,0,0,0,0,none,4,1198.7
0ad392a68f7a,AD000802,town_centroid,town,1,-46.70000000000002,-500.9083333333333,0.2,0.1667,0.3111,1,1,0,0,0,0,none,4,0.0
4eb2c5048581,AD000802,prior_field_cluster,street,1,1569.4,-252.0,0.2,0.1667,0.3111,1,1,0,0,0,0,none,4,1635.2
93f1efeb1a43,AD000803,vendor_pin,locality,1,-539.9,-1245.5,0.1667,0.1486,0.2889,1,1,0,0,0,0,locality,3,893.1
c0dd295cb359,AD000803,locality_centroid,locality,1,-598.6,-1329.8,0.1667,0.1486,0.2889,1,1,0,0,0,0,none,3,995.8
d0b55fa66ab5,AD000803,town_centroid,town,1,-46.70000000000002,-500.9083333333333,0.1667,0.1486,0.2889,1,1,0,0,0,0,none,3,0.0
c3627dd02b50,AD000804,vendor_pin,street,1,-2333.0,-3.2,0.3,0.2542,0.4359,1,1,0,0,0,0,street,3,2228.8
7a49f1a34658,AD000804,locality_centroid,locality,1,-2605.6,-262.1,0.3,0.2542,0.4359,1,1,0,0,0,0,none,3,2450.0
455e037b81f3,AD000804,town_centroid,town,1,-172.75833333333335,-551.7416666666667,0.3,0.2542,0.4359,1,1,0,0,0,0,none,3,0.0
c46b4ad340c6,AD000805,vendor_pin,locality,1,-3663.3,-1063.1,0.2308,0.1829,0.3333,1,1,0,0,0,0,locality,3,3527.8
864b4fa8d2ca,AD000805,locality_centroid,locality,1,-3766.2,-883.9,0.2308,0.1829,0.3333,1,1,0,0,0,0,none,3,3608.8
ead900baf943,AD000805,town_centroid,town,1,-172.75833333333335,-551.7416666666667,0.2308,0.1829,0.3333,1,1,0,0,0,0,none,3,0.0
56ec9e71375b,AD000806,vendor_pin,locality,1,2291.9,1878.5,0.2857,0.1667,0.3051,1,1,0,0,0,0,locality,3,2278.3
b6c19a45a0be,AD000806,locality_centroid,locality,1,2308.9,1849.5,0.2857,0.1667,0.3051,1,1,0,0,0,0,none,3,2266.7
05bed6c5c807,AD000806,town_centroid,town,1,856.3249999999999,109.34166666666668,0.2857,0.1667,0.3051,1,1,0,0,0,0,none,3,0.0
dc73d17b4824,AD000807,vendor_pin,locality,1,-1165.1,-1839.0,0.2,0.1791,0.3333,1,1,0,0,0,0,locality,3,1625.4
f02644bb5f75,AD000807,locality_centroid,locality,1,-1112.2,-1888.2,0.2,0.1791,0.3333,1,1,0,0,0,0,none,3,1633.6
a63cfc991952,AD000807,town_centroid,town,1,-172.75833333333335,-551.7416666666667,0.2,0.1791,0.3333,1,1,0,0,0,0,none,3,0.0
629f8508a4e6,AD000808,vendor_pin,locality,1,-357.7,3190.9,0.1818,0.1667,0.3158,1,1,0,0,0,0,locality,4,3747.2
780ca9a90fc0,AD000808,locality_centroid,locality,1,-438.3,3208.9,0.1818,0.1667,0.3158,1,1,0,0,0,0,none,4,3770.0
d329b0c4dc81,AD000808,town_centroid,town,1,-172.75833333333335,-551.7416666666667,0.1818,0.1667,0.3158,1,1,0,0,0,0,none,4,0.0
dd239cc025bd,AD000808,prior_field_cluster,street,1,-717.75,3382.6000000000004,0.1818,0.1667,0.3158,1,1,0,0,0,0,none,4,3971.9
5654325a657b,AD000809,vendor_pin,locality,1,1087.4,-182.4,0.1667,0.1622,0.3111,1,1,0,0,0,0,locality,4,1178.0
cb60969df7f2,AD000809,locality_centroid,locality,1,1112.8,-196.7,0.1667,0.1622,0.3111,1,1,0,0,0,0,none,4,1198.7
4d6a73c0831f,AD000809,town_centroid,town,1,-46.70000000000002,-500.9083333333333,0.1667,0.1622,0.3111,1,1,0,0,0,0,none,4,0.0
cf7570d1dd5b,AD000809,prior_field_cluster,street,1,674.25,75.44999999999999,0.1667,0.1622,0.3111,1,1,0,0,0,0,none,4,923.0
ebb4506d8a7c,AD000810,vendor_pin,locality,1,572.3,-2839.7,0.1,0.1429,0.3188,0,1,0,0,0,0,locality,3,2419.3
9727d779d65e,AD000810,town_centroid,town,1,-46.70000000000002,-500.9083333333333,0.1,0.1429,0.3188,0,1,0,0,0,0,none,3,0.0
a4dbf0e9f3a8,AD000810,prior_field_cluster,street,1,1144.75,-3194.15,0.1,0.1429,0.3188,0,1,0,0,0,0,none,3,2945.0
2cdf1df4ee05,AD000812,vendor_pin,pincode,1,-1663.9,-2906.4,0.0833,0.0921,0.2921,0,1,0,0,0,0,pincode,3,2898.6
791456bfae4e,AD000812,town_centroid,town,1,-46.70000000000002,-500.9083333333333,0.0833,0.0921,0.2921,0,1,0,0,0,0,none,3,0.0
e0237c08ad1c,AD000812,prior_field_cluster,street,1,-1242.3,-2714.3,0.0833,0.0921,0.2921,0,1,0,0,0,0,none,3,2515.7
922e5290d4a4,AD000813,vendor_pin,street,1,2813.5,-2225.7,0.2,0.1449,0.2759,1,1,0,0,0,0,street,4,3340.0
8947a870dad0,AD000813,locality_centroid,locality,1,2735.1,-2128.6,0.2,0.1449,0.2759,1,1,0,0,0,0,none,4,3223.0
c68ec9a2533d,AD000813,town_centroid,town,1,-46.70000000000002,-500.9083333333333,0.2,0.1449,0.2759,1,1,0,0,0,0,none,4,0.0
4e2d4afc3186,AD000813,prior_field_cluster,street,1,3057.6,-2278.0,0.2,0.1449,0.2759,1,1,0,0,0,0,none,4,3577.0
b8834a9b8c6d,AD000814,vendor_pin,pincode,1,-1196.1,-2249.7,0.0,0.02,0.1818,0,1,0,0,0,0,pincode,2,2092.7
a2a7d3f3b01e,AD000814,town_centroid,town,1,-46.70000000000002,-500.9083333333333,0.0,0.02,0.1818,0,1,0,0,0,0,none,2,0.0
d82b404992a6,AD000815,vendor_pin,street,1,2791.7,-2240.6,0.2,0.1667,0.3243,1,1,0,0,0,0,street,4,3411.8
d2ba08b6b900,AD000815,locality_centroid,locality,1,3188.8,-1960.7,0.2,0.1667,0.3243,1,1,0,0,0,0,none,4,3644.9
c687d1fb92e6,AD000815,town_centroid,town,1,-172.75833333333335,-551.7416666666667,0.2,0.1667,0.3243,1,1,0,0,0,0,none,4,0.0
36be069a56d4,AD000815,prior_field_cluster,street,1,2971.4,-2366.0,0.2,0.1667,0.3243,1,1,0,0,0,0,none,4,3630.1
82ad22de2fda,AD000816,vendor_pin,locality,1,970.5,2646.1,0.2222,0.1852,0.3429,1,1,0,0,0,0,locality,3,2539.3
338848d71c29,AD000816,locality_centroid,locality,1,986.3,2772.6,0.2222,0.1852,0.3429,1,1,0,0,0,0,none,3,2666.4
82f9bf581d64,AD000816,town_centroid,town,1,856.3249999999999,109.34166666666668,0.2222,0.1852,0.3429,1,1,0,0,0,0,none,3,0.0
2b2a1a40f2c1,AD000817,vendor_pin,locality,1,1492.1,-2057.6,0.2222,0.1579,0.2895,1,1,0,0,0,0,locality,4,2258.3
127aa2b9a843,AD000817,locality_centroid,locality,1,1577.4,-2059.5,0.2222,0.1579,0.2895,1,1,0,0,0,0,none,4,2285.6
3f796f0d60a7,AD000817,town_centroid,town,1,856.3249999999999,109.34166666666668,0.2222,0.1579,0.2895,1,1,0,0,0,0,none,4,0.0
c25f1b72cc9f,AD000817,prior_field_cluster,street,1,1302.0,-1939.9,0.2222,0.1579,0.2895,1,1,0,0,0,0,none,4,2097.1
7601461e6492,AD000818,vendor_pin,locality,1,1136.9,-100.0,0.2857,0.234,0.4062,1,1,1,0,0,0,locality,3,350.1
f18be8b4bf10,AD000818,locality_centroid,locality,1,1046.9,-2.6,0.2857,0.234,0.4062,1,1,1,0,0,0,none,3,221.0
afe1ca46a322,AD000818,town_centroid,town,1,856.3249999999999,109.34166666666668,0.2857,0.234,0.4062,1,1,1,0,0,0,none,3,0.0
72cc95e8b625,AD000819,vendor_pin,street,1,3020.4,-1138.3,0.2,0.1429,0.2824,1,1,0,0,0,0,street,3,2498.0
faf460651f45,AD000819,locality_centroid,locality,1,2589.2,-1273.1,0.2,0.1429,0.2824,1,1,0,0,0,0,none,3,2216.8
e82c7d312f7c,AD000819,town_centroid,town,1,856.3249999999999,109.34166666666668,0.2,0.1429,0.2824,1,1,0,0,0,0,none,3,0.0
9fb4e917b473,AD000820,vendor_pin,rooftop,1,2418.5,-2001.4,0.1538,0.1282,0.2581,1,1,0,0,0,0,rooftop,3,2885.9
503b8fd734fe,AD000820,locality_centroid,locality,1,2735.1,-2128.6,0.1538,0.1282,0.2581,1,1,0,0,0,0,none,3,3223.0
44d79566436a,AD000820,town_centroid,town,1,-46.70000000000002,-500.9083333333333,0.1538,0.1282,0.2581,1,1,0,0,0,0,none,3,0.0
abcb9f1eec3c,AD000821,vendor_pin,locality,1,1592.9,-2175.2,0.2222,0.1364,0.2588,1,0,0,0,1,0,locality,3,2400.3
d09821129778,AD000821,locality_centroid,locality,1,1577.4,-2059.5,0.2222,0.1364,0.2588,1,0,0,0,1,0,none,3,2285.6
3167b58bef3e,AD000821,town_centroid,town,1,856.3249999999999,109.34166666666668,0.2222,0.1364,0.2588,1,0,0,0,1,0,none,3,0.0
588573c9ca25,AD000822,vendor_pin,locality,1,919.0,-2847.0,0.1667,0.1493,0.2927,1,1,0,0,0,0,locality,4,2537.1
cfb9eddfc883,AD000822,locality_centroid,locality,1,665.2,-3094.2,0.1667,0.1493,0.2927,1,1,0,0,0,0,none,4,2689.2
fcba531f7ae7,AD000822,town_centroid,town,1,-46.70000000000002,-500.9083333333333,0.1667,0.1493,0.2927,1,1,0,0,0,0,none,4,0.0
0d05fcc4d08a,AD000822,prior_field_cluster,street,1,431.3,-2881.3,0.1667,0.1493,0.2927,1,1,0,0,0,0,none,4,2427.9
8958d907dc00,AD000823,vendor_pin,locality,1,-3026.8,1223.8,0.1818,0.1622,0.3111,1,1,0,0,0,0,locality,3,3443.2
13dba1733f21,AD000823,locality_centroid,locality,1,-2863.9,1096.5,0.1818,0.1622,0.3111,1,1,0,0,0,0,none,3,3238.6
53893137b73b,AD000823,town_centroid,town,1,-46.70000000000002,-500.9083333333333,0.1818,0.1622,0.3111,1,1,0,0,0,0,none,3,0.0
e02c3727591b,AD000824,vendor_pin,pincode,1,1593.3,-1926.2,0.0,0.08,0.2414,0,1,0,0,0,0,pincode,2,2237.9
562c428546ce,AD000824,town_centroid,town,1,-172.75833333333335,-551.7416666666667,0.0,0.08,0.2414,0,1,0,0,0,0,none,2,0.0
709fabdaff4c,AD000825,vendor_pin,street,1,-2240.4,1094.7,0.2,0.1739,0.3256,1,1,0,0,0,0,street,4,2643.1
537a0c785c46,AD000825,locality_centroid,locality,1,-2446.2,1613.2,0.2,0.1739,0.3256,1,1,0,0,0,0,none,4,3139.3
4bdae8e394f5,AD000825,town_centroid,town,1,-172.75833333333335,-551.7416666666667,0.2,0.1739,0.3256,1,1,0,0,0,0,none,4,0.0
2a5ff708b4be,AD000825,prior_field_cluster,street,1,-2186.4,1127.85,0.2,0.1739,0.3256,1,1,0,0,0,0,none,4,2622.2
9f249c2ca5f9,AD000826,vendor_pin,locality,1,-1048.8,-3124.8,0.25,0.2174,0.3934,1,1,0,0,0,0,locality,3,2808.7
d251fd491bda,AD000826,locality_centroid,locality,1,-1053.3,-3163.0,0.25,0.2174,0.3934,1,1,0,0,0,0,none,3,2846.0
019bf40f202a,AD000826,town_centroid,town,1,-46.70000000000002,-500.9083333333333,0.25,0.2174,0.3934,1,1,0,0,0,0,none,3,0.0
3a992e4bd71c,AD000827,vendor_pin,locality,1,3111.1,-2070.1,0.1818,0.1429,0.2857,1,1,0,0,0,0,locality,4,3617.9
03f79375efe3,AD000827,locality_centroid,locality,1,3188.8,-1960.7,0.1818,0.1429,0.2857,1,1,0,0,0,0,none,4,3644.9
a8354dd0e255,AD000827,town_centroid,town,1,-172.75833333333335,-551.7416666666667,0.1818,0.1429,0.2857,1,1,0,0,0,0,none,4,0.0
10eac9a7f5bc,AD000827,prior_field_cluster,street,1,-286.25,-1612.6,0.1818,0.1429,0.2857,1,1,0,0,0,0,none,4,1066.9
efbbe3ca8682,AD000828,vendor_pin,pincode,1,-1817.4,-1413.1,0.0,0.0833,0.2143,0,1,0,0,0,0,pincode,2,1856.6
a1c9955dd5c6,AD000828,town_centroid,town,1,-172.75833333333335,-551.7416666666667,0.0,0.0833,0.2143,0,1,0,0,0,0,none,2,0.0
8c44d70d02e4,AD000829,vendor_pin,pincode,1,362.5,-0.4,0.0,0.0725,0.2,0,0,0,0,0,0,pincode,2,505.9
381d6f45ebea,AD000829,town_centroid,town,1,856.3249999999999,109.34166666666668,0.0,0.0725,0.2,0,0,0,0,0,0,none,2,0.0
667ec0c1079d,AD000830,vendor_pin,locality,1,2295.9,1072.0,0.1818,0.1364,0.2716,1,1,0,0,0,0,locality,4,2821.7
69e7e6eecdc2,AD000830,locality_centroid,locality,1,2499.2,994.1,0.1818,0.1364,0.2716,1,1,0,0,0,0,none,4,2952.4
fde80c1bb3a4,AD000830,town_centroid,town,1,-46.70000000000002,-500.9083333333333,0.1818,0.1364,0.2716,1,1,0,0,0,0,none,4,0.0
4407d00f616f,AD000830,prior_field_cluster,street,1,2492.3,637.5,0.1818,0.1364,0.2716,1,1,0,0,0,0,none,4,2782.5
02099e3b4335,AD000831,vendor_pin,street,1,-1522.9,552.2,0.0833,0.1194,0.2785,0,1,0,0,0,0,street,2,1813.3
3826480cf05d,AD000831,town_centroid,town,1,-46.70000000000002,-500.9083333333333,0.0833,0.1194,0.2785,0,1,0,0,0,0,none,2,0.0
200140ef7bdf,AD000832,vendor_pin,locality,1,2597.6,-2129.2,0.1818,0.1408,0.2759,1,0,0,0,0,0,locality,3,3105.4
72b730efea66,AD000832,locality_centroid,locality,1,2735.1,-2128.6,0.1818,0.1408,0.2759,1,0,0,0,0,0,none,3,3223.0
0a4c377a9b8a,AD000832,town_centroid,town,1,-46.70000000000002,-500.9083333333333,0.1818,0.1408,0.2759,1,0,0,0,0,0,none,3,0.0
dd4e0a0bb117,AD000833,vendor_pin,locality,1,-2713.8,-209.1,0.2308,0.2083,0.3696,1,1,0,0,0,0,locality,3,2564.0
5d9e46457db7,AD000833,locality_centroid,locality,1,-2605.6,-262.1,0.2308,0.2083,0.3696,1,1,0,0,0,0,none,3,2450.0
64951e7aa136,AD000833,town_centroid,town,1,-172.75833333333335,-551.7416666666667,0.2308,0.2083,0.3696,1,1,0,0,0,0,none,3,0.0
3977328b6f81,AD000834,vendor_pin,locality,1,3346.5,-1801.1,0.1111,0.1404,0.3188,0,1,0,0,0,0,locality,2,3734.4
eb724d2d4bbe,AD000834,town_centroid,town,1,-172.75833333333335,-551.7416666666667,0.1111,0.1404,0.3188,0,1,0,0,0,0,none,2,0.0
a899000477fe,AD000835,vendor_pin,locality,1,983.4,37.0,0.25,0.2157,0.3881,1,1,0,0,0,0,locality,3,146.2
a873004848d9,AD000835,locality_centroid,locality,1,1046.9,-2.6,0.25,0.2157,0.3881,1,1,0,0,0,0,none,3,221.0
b1a68f4863d0,AD000835,town_centroid,town,1,856.3249999999999,109.34166666666668,0.25,0.2157,0.3881,1,1,0,0,0,0,none,3,0.0
64ae0ee638f1,AD000836,vendor_pin,locality,1,1022.1,-231.2,0.0909,0.0986,0.2651,0,1,0,0,0,0,locality,3,1102.3
76b6615f942b,AD000836,town_centroid,town,1,-46.70000000000002,-500.9083333333333,0.0909,0.0986,0.2651,0,1,0,0,0,0,none,3,0.0
d07025f34846,AD000836,prior_field_cluster,street,1,813.45,-590.1500000000001,0.0909,0.0986,0.2651,0,1,0,0,0,0,none,3,864.8
6b10a71e42e2,AD000837,vendor_pin,pincode,1,-1934.8,-2593.9,0.0,0.0139,0.1558,0,1,0,0,0,0,pincode,3,2818.8
9a44e8057f45,AD000837,town_centroid,town,1,-46.70000000000002,-500.9083333333333,0.0,0.0139,0.1558,0,1,0,0,0,0,none,3,0.0
cc64181de4df,AD000837,prior_field_cluster,street,1,-1292.8,-3549.2,0.0,0.0139,0.1558,0,1,0,0,0,0,none,3,3293.2
9894500c197c,AD000838,vendor_pin,street,1,-2559.7,1431.3,0.1667,0.1667,0.3111,1,1,0,0,0,0,street,3,3170.0
e4dbdbbf146b,AD000838,locality_centroid,locality,1,-2863.9,1096.5,0.1667,0.1667,0.3111,1,1,0,0,0,0,none,3,3238.6
d9cf98bf2854,AD000838,town_centroid,town,1,-46.70000000000002,-500.9083333333333,0.1667,0.1667,0.3111,1,1,0,0,0,0,none,3,0.0
92740123eb37,AD000839,vendor_pin,locality,1,1071.1,2727.5,0.25,0.1923,0.3582,1,1,0,0,0,0,locality,3,2627.0
f5cefcf7b547,AD000839,locality_centroid,locality,1,986.3,2772.6,0.25,0.1923,0.3582,1,1,0,0,0,0,none,3,2666.4
5eda39211564,AD000839,town_centroid,town,1,856.3249999999999,109.34166666666668,0.25,0.1923,0.3582,1,1,0,0,0,0,none,3,0.0
2176b54944e1,AD000840,vendor_pin,pincode,1,1254.6,-1713.4,0.0,0.0149,0.1351,0,1,0,0,0,0,pincode,3,1778.6
63eb502f7a30,AD000840,town_centroid,town,1,-46.70000000000002,-500.9083333333333,0.0,0.0149,0.1351,0,1,0,0,0,0,none,3,0.0
05f8b110bd29,AD000840,prior_field_cluster,street,1,3084.3,-2478.4,0.0,0.0149,0.1351,0,1,0,0,0,0,none,3,3703.2
ef3bd62ac8c7,AD000841,vendor_pin,locality,1,1612.1,-2154.8,0.3333,0.1957,0.3438,1,0,0,0,0,0,locality,4,2387.0
cdd4ebab1da0,AD000841,locality_centroid,locality,1,1577.4,-2059.5,0.3333,0.1957,0.3438,1,0,0,0,0,0,none,4,2285.6
1413199ffb12,AD000841,town_centroid,town,1,856.3249999999999,109.34166666666668,0.3333,0.1957,0.3438,1,0,0,0,0,0,none,4,0.0
590d235bda3a,AD000841,prior_field_cluster,street,1,1829.5,-2332.5,0.3333,0.1957,0.3438,1,0,0,0,0,0,none,4,2628.6
753120402239,AD000842,vendor_pin,street,1,823.9,1220.9,0.1818,0.1429,0.2609,1,1,1,0,0,0,street,3,1112.0
5ffaec2cd5d5,AD000842,locality_centroid,locality,1,987.4,1270.5,0.1818,0.1429,0.2609,1,1,1,0,0,0,none,3,1168.5
a67e9e0247ee,AD000842,town_centroid,town,1,856.3249999999999,109.34166666666668,0.1818,0.1429,0.2609,1,1,1,0,0,0,none,3,0.0
a40d4bf1a7ea,AD000843,vendor_pin,pincode,1,1479.4,-1856.5,0.0,0.0172,0.1587,0,1,0,0,0,0,pincode,3,2041.2
6f0ae3a91147,AD000843,town_centroid,town,1,-46.70000000000002,-500.9083333333333,0.0,0.0172,0.1587,0,1,0,0,0,0,none,3,0.0
35313c1ada01,AD000843,prior_field_cluster,street,1,2724.9,-2608.9,0.0,0.0172,0.1587,0,1,0,0,0,0,none,3,3482.2
5797149ad962,AD000844,vendor_pin,locality,1,2022.2,-982.8,0.0,0.1398,0.3009,0,1,0,0,0,0,locality,2,2124.3
6a158f79015b,AD000844,town_centroid,town,1,-46.70000000000002,-500.9083333333333,0.0,0.1398,0.3009,0,1,0,0,0,0,none,2,0.0
a666a40700fd,AD000845,vendor_pin,pincode,1,1289.8,-1903.6,0.0,0.0328,0.2647,0,1,0,0,0,0,pincode,2,1937.5
e44ee2fdfcd7,AD000845,town_centroid,town,1,-46.70000000000002,-500.9083333333333,0.0,0.0328,0.2647,0,1,0,0,0,0,none,2,0.0
024e9760b340,AD000846,vendor_pin,pincode,1,-1728.0,-1985.6,0.1,0.0833,0.2857,0,1,0,0,0,0,pincode,3,3326.8
c8b0e1f6a4c6,AD000846,town_centroid,town,1,856.3249999999999,109.34166666666668,0.1,0.0833,0.2857,0,1,0,0,0,0,none,3,0.0
dccc36f2788c,AD000846,prior_field_cluster,street,1,-1863.1,-3266.1,0.1,0.0833,0.2857,0,1,0,0,0,0,none,3,4334.6
e85b1c31b567,AD000847,vendor_pin,locality,1,592.5,-3169.5,0.1667,0.137,0.2727,1,1,0,0,0,0,locality,3,2744.1
f3fb244e5eef,AD000847,locality_centroid,locality,1,665.2,-3094.2,0.1667,0.137,0.2727,1,1,0,0,0,0,none,3,2689.2
f2450c4a56ad,AD000847,town_centroid,town,1,-46.70000000000002,-500.9083333333333,0.1667,0.137,0.2727,1,1,0,0,0,0,none,3,0.0
531f272c511c,AD000848,vendor_pin,locality,1,-419.9,-3428.7,0.1818,0.1644,0.3111,1,1,0,0,0,0,locality,3,2887.6
072be6af3c1b,AD000848,locality_centroid,locality,1,-433.5,-3467.4,0.1818,0.1644,0.3111,1,1,0,0,0,0,none,3,2927.3
616fe4730949,AD000848,town_centroid,town,1,-172.75833333333335,-551.7416666666667,0.1818,0.1644,0.3111,1,1,0,0,0,0,none,3,0.0
69dd0f73ed17,AD000849,vendor_pin,locality,1,-3746.0,-913.2,0.3333,0.2419,0.4198,1,1,0,0,0,0,locality,3,3591.5
cbbcc30d9adf,AD000849,locality_centroid,locality,1,-3766.2,-883.9,0.3333,0.2419,0.4198,1,1,0,0,0,0,none,3,3608.8
e528f8711313,AD000849,town_centroid,town,1,-172.75833333333335,-551.7416666666667,0.3333,0.2419,0.4198,1,1,0,0,0,0,none,3,0.0
f2d15b73d5ed,AD000850,vendor_pin,locality,1,3739.5,548.0,0.25,0.2692,0.4571,1,1,0,0,0,0,locality,4,4063.9
24ea4507bc36,AD000850,locality_centroid,locality,1,3653.7,367.3,0.25,0.2692,0.4571,1,1,0,0,0,0,none,4,3935.3
173cf4185d6b,AD000850,town_centroid,town,1,-172.75833333333335,-551.7416666666667,0.25,0.2692,0.4571,1,1,0,0,0,0,none,4,0.0
366f7c2af0b9,AD000850,prior_field_cluster,street,1,3773.6000000000004,241.2,0.25,0.2692,0.4571,1,1,0,0,0,0,none,4,4025.2
0cd4cfb1eb88,AD000851,vendor_pin,locality,1,2893.3,582.5,0.0909,0.1,0.2619,0,1,0,0,0,0,locality,2,2091.2
d28f168a9d45,AD000851,town_centroid,town,1,856.3249999999999,109.34166666666668,0.0909,0.1,0.2619,0,1,0,0,0,0,none,2,0.0
caa9d3e48094,AD000852,vendor_pin,locality,1,-3873.3,-909.4,0.125,0.1224,0.2609,0,1,0,0,0,0,locality,2,3717.8
76a19e385501,AD000852,town_centroid,town,1,-172.75833333333335,-551.7416666666667,0.125,0.1224,0.2609,0,1,0,0,0,0,none,2,0.0
62d7b641ad84,AD000853,vendor_pin,locality,1,-3688.7,-857.1,0.1667,0.137,0.3218,0,1,0,0,0,0,locality,2,3529.2
42d1caf730ba,AD000853,town_centroid,town,1,-172.75833333333335,-551.7416666666667,0.1667,0.137,0.3218,0,1,0,0,0,0,none,2,0.0
851bb5a10845,AD000854,vendor_pin,locality,1,1393.4,-1858.6,0.25,0.1915,0.3284,1,1,0,0,0,0,locality,4,2039.9
f6a74cd13f06,AD000854,locality_centroid,locality,1,1577.4,-2059.5,0.25,0.1915,0.3284,1,1,0,0,0,0,none,4,2285.6
b5f7509effbb,AD000854,town_centroid,town,1,856.3249999999999,109.34166666666668,0.25,0.1915,0.3284,1,1,0,0,0,0,none,4,0.0
9e721b6e5392,AD000854,prior_field_cluster,street,1,1303.05,-2488.25,0.25,0.1915,0.3284,1,1,0,0,0,0,none,4,2635.7
6169c57050cf,AD000855,vendor_pin,locality,1,859.5,2590.6,0.1538,0.1149,0.2353,1,1,0,0,0,0,locality,3,2481.3
c4e14f7b2d77,AD000855,locality_centroid,locality,1,986.3,2772.6,0.1538,0.1149,0.2353,1,1,0,0,0,0,none,3,2666.4
5a8ede8e1efe,AD000855,town_centroid,town,1,856.3249999999999,109.34166666666668,0.1538,0.1149,0.2353,1,1,0,0,0,0,none,3,0.0
247a7402a3de,AD000856,vendor_pin,locality,1,-558.0,-531.3,0.1818,0.125,0.2632,1,1,0,0,0,0,locality,4,385.8
d03726ba35d6,AD000856,locality_centroid,locality,1,-722.6,-522.8,0.1818,0.125,0.2632,1,1,0,0,0,0,none,4,550.6
33a8e6d59ce1,AD000856,town_centroid,town,1,-172.75833333333335,-551.7416666666667,0.1818,0.125,0.2632,1,1,0,0,0,0,none,4,0.0
56b32b4e3c3e,AD000856,prior_field_cluster,street,1,-581.9,-859.2,0.1818,0.125,0.2632,1,1,0,0,0,0,none,4,511.8
c62b327029f5,AD000857,vendor_pin,locality,1,1206.7,19.7,0.25,0.2,0.3611,1,1,0,0,0,0,locality,3,361.7
191bda6cc220,AD000857,locality_centroid,locality,1,1046.9,-2.6,0.25,0.2,0.3611,1,1,0,0,0,0,none,3,221.0
599b2caaaf62,AD000857,town_centroid,town,1,856.3249999999999,109.34166666666668,0.25,0.2,0.3611,1,1,0,0,0,0,none,3,0.0
27d998aced97,AD000858,vendor_pin,street,1,-1270.3,-1990.4,0.1818,0.1667,0.3146,1,1,0,0,0,0,street,3,1809.5
2ac06beb5dd3,AD000858,locality_centroid,locality,1,-1112.2,-1888.2,0.1818,0.1667,0.3146,1,1,0,0,0,0,none,3,1633.6
1ab9df5a7142,AD000858,town_centroid,town,1,-172.75833333333335,-551.7416666666667,0.1818,0.1667,0.3146,1,1,0,0,0,0,none,3,0.0
c57912b21ba0,AD000860,vendor_pin,locality,1,1504.1,-2104.5,0.2,0.1429,0.2785,0,1,0,0,0,0,locality,3,2306.7
564ac5654954,AD000860,town_centroid,town,1,856.3249999999999,109.34166666666668,0.2,0.1429,0.2785,0,1,0,0,0,0,none,3,0.0
907ebde8908e,AD000860,prior_field_cluster,street,1,1343.65,-1833.5500000000002,0.2,0.1429,0.2785,0,1,0,0,0,0,none,3,2003.1
a1c125a43570,AD000861,vendor_pin,locality,1,3050.0,593.8,0.2,0.1493,0.2927,1,1,0,0,0,0,locality,3,2246.5
7508c9222d1a,AD000861,locality_centroid,locality,1,3029.6,575.7,0.2,0.1493,0.2927,1,1,0,0,0,0,none,3,2222.7
a1216d65fb92,AD000861,town_centroid,town,1,856.3249999999999,109.34166666666668,0.2,0.1493,0.2927,1,1,0,0,0,0,none,3,0.0
6862271ec379,AD000862,vendor_pin,locality,1,-2012.6,2454.5,0.2222,0.1803,0.3333,1,1,0,0,0,0,locality,3,3549.5
a71bddf69792,AD000862,locality_centroid,locality,1,-1885.4,2441.1,0.2222,0.1803,0.3333,1,1,0,0,0,0,none,3,3469.3
c7a54a209615,AD000862,town_centroid,town,1,-46.70000000000002,-500.9083333333333,0.2222,0.1803,0.3333,1,1,0,0,0,0,none,3,0.0
54ee18fa35ff,AD000863,vendor_pin,street,1,1817.8,-1642.3,0.2222,0.1452,0.2651,1,1,0,0,0,0,street,3,1998.2
d92deba33c6f,AD000863,locality_centroid,locality,1,1577.4,-2059.5,0.2222,0.1452,0.2651,1,1,0,0,0,0,none,3,2285.6
87bc138adcda,AD000863,town_centroid,town,1,856.3249999999999,109.34166666666668,0.2222,0.1452,0.2651,1,1,0,0,0,0,none,3,0.0
8494793e45aa,AD000864,vendor_pin,locality,1,-1765.0,-2809.4,0.2,0.1719,0.3023,1,1,0,0,0,0,locality,3,3923.1
21bdfebf87f2,AD000864,locality_centroid,locality,1,-1600.3,-2801.9,0.2,0.1719,0.3023,1,1,0,0,0,0,none,3,3809.2
faa03f3b26aa,AD000864,town_centroid,town,1,856.3249999999999,109.34166666666668,0.2,0.1719,0.3023,1,1,0,0,0,0,none,3,0.0
cba34340f3bc,AD000865,vendor_pin,locality,1,-2528.7,1618.7,0.0909,0.1286,0.2857,0,1,0,0,0,0,locality,2,3203.3
64f64dd1af53,AD000865,town_centroid,town,1,-172.75833333333335,-551.7416666666667,0.0909,0.1286,0.2857,0,1,0,0,0,0,none,2,0.0
e905b9f13ec6,AD000866,vendor_pin,locality,1,1587.2,-1798.6,0.25,0.1875,0.3438,1,1,0,0,0,0,locality,4,2043.1
d26caaeb7f03,AD000866,locality_centroid,locality,1,1577.4,-2059.5,0.25,0.1875,0.3438,1,1,0,0,0,0,none,4,2285.6
4767a0cd197e,AD000866,town_centroid,town,1,856.3249999999999,109.34166666666668,0.25,0.1875,0.3438,1,1,0,0,0,0,none,4,0.0
82c4c561f0ba,AD000866,prior_field_cluster,street,1,1670.8,-2122.9,0.25,0.1875,0.3438,1,1,0,0,0,0,none,4,2376.2
14774fb16184,AD000867,vendor_pin,locality,1,2849.9,-2219.5,0.1667,0.1408,0.2824,1,1,0,0,0,0,locality,4,3368.1
0d991bacfb36,AD000867,locality_centroid,locality,1,2735.1,-2128.6,0.1667,0.1408,0.2824,1,1,0,0,0,0,none,4,3223.0
e6c7de7abe98,AD000867,town_centroid,town,1,-46.70000000000002,-500.9083333333333,0.1667,0.1408,0.2824,1,1,0,0,0,0,none,4,0.0
ebab1a56a15c,AD000867,prior_field_cluster,street,1,2923.0,-2544.8,0.1667,0.1408,0.2824,1,1,0,0,0,0,none,4,3605.1
0a1de83cbc94,AD000868,vendor_pin,locality,1,808.0,-21.2,0.1111,0.1509,0.3333,0,1,0,0,0,0,locality,3,139.2
aeb5035c62a4,AD000868,town_centroid,town,1,856.3249999999999,109.34166666666668,0.1111,0.1509,0.3333,0,1,0,0,0,0,none,3,0.0
579fa8a27501,AD000868,prior_field_cluster,street,1,811.5,354.9,0.1111,0.1509,0.3333,0,1,0,0,0,0,none,3,249.6
8cdd50e78b37,AD000869,vendor_pin,locality,1,-2341.9,1686.2,0.0833,0.1233,0.3023,0,1,0,0,0,0,locality,3,3116.7
48b87b85d489,AD000869,town_centroid,town,1,-172.75833333333335,-551.7416666666667,0.0833,0.1233,0.3023,0,1,0,0,0,0,none,3,0.0
d32ad80e9c06,AD000869,prior_field_cluster,street,1,-2051.9,1562.1,0.0833,0.1233,0.3023,0,1,0,0,0,0,none,3,2828.3
988983fe28df,AD000870,vendor_pin,locality,1,2854.8,-1936.8,0.2,0.1562,0.3077,1,1,0,0,0,0,locality,4,3329.3
f83249f349ff,AD000870,locality_centroid,locality,1,3188.8,-1960.7,0.2,0.1562,0.3077,1,1,0,0,0,0,none,4,3644.9
122f9dc0f847,AD000870,town_centroid,town,1,-172.75833333333335,-551.7416666666667,0.2,0.1562,0.3077,1,1,0,0,0,0,none,4,0.0
35b4f5c2ecdd,AD000870,prior_field_cluster,street,1,3328.4,-2384.2,0.2,0.1562,0.3077,1,1,0,0,0,0,none,4,3951.7
642affbae85d,AD000871,vendor_pin,locality,1,2503.0,-1119.8,0.2222,0.1667,0.32,1,1,0,0,0,0,locality,3,2054.8
93d5830a0ee9,AD000871,locality_centroid,locality,1,2589.2,-1273.1,0.2222,0.1667,0.32,1,1,0,0,0,0,none,3,2216.8
85d05d9a141c,AD000871,town_centroid,town,1,856.3249999999999,109.34166666666668,0.2222,0.1667,0.32,1,1,0,0,0,0,none,3,0.0
c4174538be35,AD000872,vendor_pin,rooftop,1,2110.1,2097.2,0.2,0.1,0.2069,1,1,0,0,0,0,rooftop,3,2350.2
ba0dfeff57cb,AD000872,locality_centroid,locality,1,2308.9,1849.5,0.2,0.1,0.2069,1,1,0,0,0,0,none,3,2266.7
1906eab20c79,AD000872,town_centroid,town,1,856.3249999999999,109.34166666666668,0.2,0.1,0.2069,1,1,0,0,0,0,none,3,0.0
98437b485676,AD000873,vendor_pin,locality,1,-2816.1,1289.1,0.0909,0.1389,0.3023,0,1,0,0,0,0,locality,2,3297.5
3a7210aa4ae0,AD000873,town_centroid,town,1,-46.70000000000002,-500.9083333333333,0.0909,0.1389,0.3023,0,1,0,0,0,0,none,2,0.0
48ec4782245b,AD000874,vendor_pin,locality,1,-3748.6,-852.5,0.375,0.2727,0.4595,1,1,0,0,0,0,locality,4,3588.5
646057f0f1ab,AD000874,locality_centroid,locality,1,-3766.2,-883.9,0.375,0.2727,0.4595,1,1,0,0,0,0,none,4,3608.8
13e2a934160e,AD000874,town_centroid,town,1,-172.75833333333335,-551.7416666666667,0.375,0.2727,0.4595,1,1,0,0,0,0,none,4,0.0
f959e827a958,AD000874,prior_field_cluster,street,1,-3857.9,-540.3,0.375,0.2727,0.4595,1,1,0,0,0,0,none,4,3685.2
7e72656b596a,AD000875,vendor_pin,locality,1,3866.0,551.9,0.2222,0.2593,0.4444,1,1,0,0,0,0,locality,3,4186.8
ac149231ff3a,AD000875,locality_centroid,locality,1,3653.7,367.3,0.2222,0.2593,0.4444,1,1,0,0,0,0,none,3,3935.3
25b649ddad58,AD000875,town_centroid,town,1,-172.75833333333335,-551.7416666666667,0.2222,0.2593,0.4444,1,1,0,0,0,0,none,3,0.0
f94dfd6baa25,AD000876,vendor_pin,pincode,1,-1367.6,-1285.1,0.0,0.0541,0.1707,0,1,0,0,0,0,pincode,2,1401.9
faf3d40dcb3f,AD000876,town_centroid,town,1,-172.75833333333335,-551.7416666666667,0.0,0.0541,0.1707,0,1,0,0,0,0,none,2,0.0
5c238ad61d7d,AD000877,vendor_pin,pincode,1,1222.7,-2021.7,0.0,0.069,0.2121,0,1,0,0,0,0,pincode,2,2026.8
ad49307cf8dc,AD000877,town_centroid,town,1,-172.75833333333335,-551.7416666666667,0.0,0.069,0.2121,0,1,0,0,0,0,none,2,0.0
bcb91f460ab5,AD000878,vendor_pin,locality,1,-1777.9,2511.4,0.0769,0.1084,0.2376,0,1,0,0,0,0,locality,2,3474.3
ff5cf7b20335,AD000878,town_centroid,town,1,-46.70000000000002,-500.9083333333333,0.0769,0.1084,0.2376,0,1,0,0,0,0,none,2,0.0
d392bd13fdb3,AD000879,vendor_pin,locality,1,-478.1,-3616.1,0.1818,0.1481,0.2887,1,1,0,0,0,0,locality,3,3079.5
c80dd891874d,AD000879,locality_centroid,locality,1,-433.5,-3467.4,0.1818,0.1481,0.2887,1,1,0,0,0,0,none,3,2927.3
a9701a316eac,AD000879,town_centroid,town,1,-172.75833333333335,-551.7416666666667,0.1818,0.1481,0.2887,1,1,0,0,0,0,none,3,0.0
1eb76ce05675,AD000880,vendor_pin,locality,1,2624.5,-2105.7,0.1818,0.1449,0.2824,1,1,0,0,0,0,locality,3,3116.2
6409ba9ccd5e,AD000880,locality_centroid,locality,1,2735.1,-2128.6,0.1818,0.1449,0.2824,1,1,0,0,0,0,none,3,3223.0
d791ea755b24,AD000880,town_centroid,town,1,-46.70000000000002,-500.9083333333333,0.1818,0.1449,0.2824,1,1,0,0,0,0,none,3,0.0
08215a4ebd3d,AD000881,vendor_pin,locality,1,553.6,2268.1,0.2222,0.2258,0.4146,1,1,0,0,0,0,locality,3,2833.3
718a7c3f4d14,AD000881,locality_centroid,locality,1,290.7,2335.2,0.2222,0.2258,0.4146,1,1,0,0,0,0,none,3,2856.1
e05ef820db74,AD000881,town_centroid,town,1,-46.70000000000002,-500.9083333333333,0.2222,0.2258,0.4146,1,1,0,0,0,0,none,3,0.0
34352eb49013,AD000882,vendor_pin,locality,1,461.0,2466.8,0.1818,0.1867,0.3505,1,1,0,0,0,0,locality,3,3010.8
4eea0f05ac49,AD000882,locality_centroid,locality,1,290.7,2335.2,0.1818,0.1867,0.3505,1,1,0,0,0,0,none,3,2856.1
69bcaaa5c9a1,AD000882,town_centroid,town,1,-46.70000000000002,-500.9083333333333,0.1818,0.1867,0.3505,1,1,0,0,0,0,none,3,0.0
a678719e7f34,AD000883,vendor_pin,locality,1,3111.2,474.2,0.1818,0.1429,0.2759,1,1,0,0,0,0,locality,3,2284.2
de55d5d2e0b1,AD000883,locality_centroid,locality,1,3029.6,575.7,0.1818,0.1429,0.2759,1,1,0,0,0,0,none,3,2222.7
9b05e38bfee2,AD000883,town_centroid,town,1,856.3249999999999,109.34166666666668,0.1818,0.1429,0.2759,1,1,0,0,0,0,none,3,0.0
da61d429fe24,AD000884,vendor_pin,locality,1,1060.6,2672.2,0.1818,0.137,0.2727,1,1,0,0,0,0,locality,3,2571.0
ecdfdac9559b,AD000884,locality_centroid,locality,1,986.3,2772.6,0.1818,0.137,0.2727,1,1,0,0,0,0,none,3,2666.4
6a2a8bab5856,AD000884,town_centroid,town,1,856.3249999999999,109.34166666666668,0.1818,0.137,0.2727,1,1,0,0,0,0,none,3,0.0
62e70f9b16b9,AD000885,vendor_pin,locality,1,3193.1,-2188.4,0.2,0.1538,0.3038,1,1,0,0,0,0,locality,3,3742.7
ff7033ee30f9,AD000885,locality_centroid,locality,1,3188.8,-1960.7,0.2,0.1538,0.3038,1,1,0,0,0,0,none,3,3644.9
d2a3b20b4b65,AD000885,town_centroid,town,1,-172.75833333333335,-551.7416666666667,0.2,0.1538,0.3038,1,1,0,0,0,0,none,3,0.0
5b3093337731,AD000886,vendor_pin,street,1,470.8,237.2,0.3333,0.2895,0.4815,1,0,0,0,0,0,street,3,406.2
ac816f43342a,AD000886,locality_centroid,locality,1,1046.9,-2.6,0.3333,0.2895,0.4815,1,0,0,0,0,0,none,3,221.0
c9803ecc691e,AD000886,town_centroid,town,1,856.3249999999999,109.34166666666668,0.3333,0.2895,0.4815,1,0,0,0,0,0,none,3,0.0
d1d5a41cdccf,AD000888,vendor_pin,locality,1,870.9,-2914.3,0.0714,0.1039,0.2391,0,1,0,0,0,0,locality,2,2581.9
e77d0d597c44,AD000888,town_centroid,town,1,-46.70000000000002,-500.9083333333333,0.0714,0.1039,0.2391,0,1,0,0,0,0,none,2,0.0
b17f97907ec9,AD000889,vendor_pin,locality,1,2682.0,-2208.9,0.2,0.1786,0.338,1,1,0,0,0,0,locality,3,3219.2
2e1982ee20ac,AD000889,locality_centroid,locality,1,2735.1,-2128.6,0.2,0.1786,0.338,1,1,0,0,0,0,none,3,3223.0
4ba501914699,AD000889,town_centroid,town,1,-46.70000000000002,-500.9083333333333,0.2,0.1786,0.338,1,1,0,0,0,0,none,3,0.0
dc6bf3d788e8,AD000890,vendor_pin,street,1,-661.4,3352.0,0.2222,0.1967,0.3294,1,1,0,0,0,0,street,3,3580.3
a5526e25e66d,AD000890,locality_centroid,locality,1,-603.5,2996.1,0.2222,0.1967,0.3294,1,1,0,0,0,0,none,3,3234.9
bda92ebe3f69,AD000890,town_centroid,town,1,856.3249999999999,109.34166666666668,0.2222,0.1967,0.3294,1,1,0,0,0,0,none,3,0.0
be8f258a73dd,AD000891,vendor_pin,pincode,1,-1316.2,-1522.3,0.1111,0.0847,0.2319,0,1,0,0,0,0,pincode,2,2717.0
812a954a2ee3,AD000891,town_centroid,town,1,856.3249999999999,109.34166666666668,0.1111,0.0847,0.2319,0,1,0,0,0,0,none,2,0.0
d6d3b611f5f1,AD000892,vendor_pin,street,1,-272.4,-3176.9,0.1667,0.1558,0.3011,1,1,0,0,0,0,street,3,2627.0
715ea9ceea33,AD000892,locality_centroid,locality,1,-433.5,-3467.4,0.1667,0.1558,0.3011,1,1,0,0,0,0,none,3,2927.3
6ec5994320cf,AD000892,town_centroid,town,1,-172.75833333333335,-551.7416666666667,0.1667,0.1558,0.3011,1,1,0,0,0,0,none,3,0.0
88eba7d65487,AD000894,vendor_pin,street,1,1233.3,-1108.1,0.125,0.1961,0.4,0,1,0,0,0,0,street,2,1512.1
4d8691544f66,AD000894,town_centroid,town,1,-172.75833333333335,-551.7416666666667,0.125,0.1961,0.4,0,1,0,0,0,0,none,2,0.0
77937751d259,AD000895,vendor_pin,street,1,581.6,2550.9,0.1818,0.2121,0.3908,1,1,0,0,0,0,street,4,3115.8
2e1d2908e3b7,AD000895,locality_centroid,locality,1,290.7,2335.2,0.1818,0.2121,0.3908,1,1,0,0,0,0,none,4,2856.1
714fb161557f,AD000895,town_centroid,town,1,-46.70000000000002,-500.9083333333333,0.1818,0.2121,0.3908,1,1,0,0,0,0,none,4,0.0
a3b1320e8388,AD000895,prior_field_cluster,street,1,489.7,2356.2,0.1818,0.2121,0.3908,1,1,0,0,0,0,none,4,2907.0
326e23a58ae8,AD000897,vendor_pin,locality,1,1615.6,-1956.8,0.2,0.1429,0.275,0,1,0,0,0,0,locality,3,2201.2
62b594a78f3d,AD000897,town_centroid,town,1,856.3249999999999,109.34166666666668,0.2,0.1429,0.275,0,1,0,0,0,0,none,3,0.0
f69f58eeb3b0,AD000897,prior_field_cluster,street,1,1637.2,-2611.1,0.2,0.1429,0.275,0,1,0,0,0,0,none,3,2830.3
4f808fede869,AD000898,vendor_pin,street,1,1073.2,-3394.9,0.2,0.1786,0.3429,1,1,0,0,0,0,street,3,3103.1
8ee927fccc53,AD000898,locality_centroid,locality,1,665.2,-3094.2,0.2,0.1786,0.3429,1,1,0,0,0,0,none,3,2689.2
615d8d297407,AD000898,town_centroid,town,1,-46.70000000000002,-500.9083333333333,0.2,0.1786,0.3429,1,1,0,0,0,0,none,3,0.0
9dff5b753577,AD000899,vendor_pin,pincode,1,2155.4,-2099.7,0.0,0.082,0.2286,0,1,0,0,0,0,pincode,2,2795.8
757fcba1e55d,AD000899,town_centroid,town,1,-172.75833333333335,-551.7416666666667,0.0,0.082,0.2286,0,1,0,0,0,0,none,2,0.0
978b0365425f,AD000900,vendor_pin,locality,1,-2518.9,-133.6,0.2143,0.1685,0.3091,1,1,0,0,0,0,locality,3,2383.1
bfbc8324ff7b,AD000900,locality_centroid,locality,1,-2605.6,-262.1,0.2143,0.1685,0.3091,1,1,0,0,0,0,none,3,2450.0
6a381f6fb1a9,AD000900,town_centroid,town,1,-172.75833333333335,-551.7416666666667,0.2143,0.1685,0.3091,1,1,0,0,0,0,none,3,0.0
96f8b5c2f402,AD000901,vendor_pin,locality,1,1561.4,-2096.0,0.5,0.375,0.5116,1,1,0,0,0,0,locality,3,2315.3
1920eb6e0de7,AD000901,locality_centroid,locality,1,1577.4,-2059.5,0.5,0.375,0.5116,1,1,0,0,0,0,none,3,2285.6
1d62d8348b03,AD000901,town_centroid,town,1,856.3249999999999,109.34166666666668,0.5,0.375,0.5116,1,1,0,0,0,0,none,3,0.0
51ce9ba9f557,AD000902,vendor_pin,locality,1,1112.4,2607.6,0.25,0.2041,0.3692,1,1,0,0,0,0,locality,3,2511.3
216cd4e6ff36,AD000902,locality_centroid,locality,1,986.3,2772.6,0.25,0.2041,0.3692,1,1,0,0,0,0,none,3,2666.4
3a675925e79e,AD000902,town_centroid,town,1,856.3249999999999,109.34166666666668,0.25,0.2041,0.3692,1,1,0,0,0,0,none,3,0.0
2836d5370a89,AD000903,vendor_pin,street,1,2937.3,-2672.3,0.1667,0.1351,0.2697,1,1,1,0,0,0,street,4,3690.4
158fa3c66011,AD000903,locality_centroid,locality,1,2735.1,-2128.6,0.1667,0.1351,0.2697,1,1,1,0,0,0,none,4,3223.0
d8a8646cd5a7,AD000903,town_centroid,town,1,-46.70000000000002,-500.9083333333333,0.1667,0.1351,0.2697,1,1,1,0,0,0,none,4,0.0
0889e7efbb31,AD000903,prior_field_cluster,street,1,2990.6,-2717.5,0.1667,0.1351,0.2697,1,1,1,0,0,0,none,4,3760.1
3267010a8cb4,AD000904,vendor_pin,locality,1,830.3,-3149.3,0.1667,0.1429,0.2727,1,1,0,0,0,0,locality,4,2789.8
0f1ec756cb9c,AD000904,locality_centroid,locality,1,665.2,-3094.2,0.1667,0.1429,0.2727,1,1,0,0,0,0,none,4,2689.2
2b20800d3302,AD000904,town_centroid,town,1,-46.70000000000002,-500.9083333333333,0.1667,0.1429,0.2727,1,1,0,0,0,0,none,4,0.0
790fa7de4ce6,AD000904,prior_field_cluster,street,1,921.9,-2896.8,0.1667,0.1429,0.2727,1,1,0,0,0,0,none,4,2584.3
7b6ce6d7ed1a,AD000905,vendor_pin,street,1,426.2,1688.8,0.1818,0.1392,0.268,1,1,0,0,0,0,street,3,2319.2
8f1acb3934ee,AD000905,locality_centroid,locality,1,524.3,1610.0,0.1818,0.1392,0.268,1,1,0,0,0,0,none,3,2271.3
7daa67911601,AD000905,town_centroid,town,1,-172.75833333333335,-551.7416666666667,0.1818,0.1392,0.268,1,1,0,0,0,0,none,3,0.0
49fc6424208a,AD000906,vendor_pin,locality,1,3489.7,434.3,0.2222,0.2414,0.4156,1,1,0,0,0,0,locality,3,3792.9
4d14d1a4025c,AD000906,locality_centroid,locality,1,3653.7,367.3,0.2222,0.2414,0.4156,1,1,0,0,0,0,none,3,3935.3
35a360d3f418,AD000906,town_centroid,town,1,-172.75833333333335,-551.7416666666667,0.2222,0.2414,0.4156,1,1,0,0,0,0,none,3,0.0
317b468a92bb,AD000907,vendor_pin,locality,1,3348.3,-1913.4,0.0909,0.137,0.2759,1,1,0,0,0,0,locality,3,3775.2
098d6198472d,AD000907,locality_centroid,locality,1,3188.8,-1960.7,0.0909,0.137,0.2759,1,1,0,0,0,0,none,3,3644.9
2d84e66afd5b,AD000907,town_centroid,town,1,-172.75833333333335,-551.7416666666667,0.0909,0.137,0.2759,1,1,0,0,0,0,none,3,0.0
300e25aa8906,AD000908,vendor_pin,locality,1,2324.8,2017.9,0.5,0.3182,0.4615,1,1,0,0,0,0,locality,3,2408.1
1502f4a51aa7,AD000908,locality_centroid,locality,1,2308.9,1849.5,0.5,0.3182,0.4615,1,1,0,0,0,0,none,3,2266.7
b2974d4f03d9,AD000908,town_centroid,town,1,856.3249999999999,109.34166666666668,0.5,0.3182,0.4615,1,1,0,0,0,0,none,3,0.0
44699446d48f,AD000910,vendor_pin,street,1,2538.0,-2371.9,0.1818,0.1493,0.2857,1,1,0,0,0,0,street,3,3190.8
bc356ce1b980,AD000910,locality_centroid,locality,1,2735.1,-2128.6,0.1818,0.1493,0.2857,1,1,0,0,0,0,none,3,3223.0
8eca3a2921fc,AD000910,town_centroid,town,1,-46.70000000000002,-500.9083333333333,0.1818,0.1493,0.2857,1,1,0,0,0,0,none,3,0.0
d4657671f56e,AD000911,vendor_pin,locality,1,-619.4,-1247.1,0.1818,0.1692,0.325,1,1,0,0,0,0,locality,3,940.6
674edbb18242,AD000911,locality_centroid,locality,1,-598.6,-1329.8,0.1818,0.1692,0.325,1,1,0,0,0,0,none,3,995.8
1012f0c243d2,AD000911,town_centroid,town,1,-46.70000000000002,-500.9083333333333,0.1818,0.1692,0.325,1,1,0,0,0,0,none,3,0.0
464e142d4e0e,AD000912,vendor_pin,locality,1,1440.3,-2176.9,0.3333,0.2571,0.4231,0,0,0,0,0,0,locality,2,2359.6
f7ae93becd42,AD000912,town_centroid,town,1,856.3249999999999,109.34166666666668,0.3333,0.2571,0.4231,0,0,0,0,0,0,none,2,0.0
5cfdab859635,AD000913,vendor_pin,locality,1,1168.6,-997.6,0.2,0.2,0.3659,1,1,0,0,0,0,locality,3,1413.5
0eaee406c68c,AD000913,locality_centroid,locality,1,929.4,-822.2,0.2,0.2,0.3659,1,1,0,0,0,0,none,3,1134.9
e70af42adbeb,AD000913,town_centroid,town,1,-172.75833333333335,-551.7416666666667,0.2,0.2,0.3659,1,1,0,0,0,0,none,3,0.0
51dc2747dfbc,AD000914,vendor_pin,locality,1,1353.7,-2306.1,0.4,0.2647,0.4151,1,1,0,0,0,0,locality,3,2466.1
0afe2e06b90d,AD000914,locality_centroid,locality,1,1577.4,-2059.5,0.4,0.2647,0.4151,1,1,0,0,0,0,none,3,2285.6
1fd33d0df80f,AD000914,town_centroid,town,1,856.3249999999999,109.34166666666668,0.4,0.2647,0.4151,1,1,0,0,0,0,none,3,0.0
3f3f5ce7ec41,AD000915,vendor_pin,locality,1,-904.6,-1831.6,0.25,0.24,0.4118,1,1,0,0,0,0,locality,4,1474.3
20e5a9812e00,AD000915,locality_centroid,locality,1,-1112.2,-1888.2,0.25,0.24,0.4118,1,1,0,0,0,0,none,4,1633.6
42e16621e1dd,AD000915,town_centroid,town,1,-172.75833333333335,-551.7416666666667,0.25,0.24,0.4118,1,1,0,0,0,0,none,4,0.0
417f54967499,AD000915,prior_field_cluster,street,1,-753.9,-822.7,0.25,0.24,0.4118,1,1,0,0,0,0,none,4,641.2
cc1de3cd205e,AD000916,vendor_pin,locality,1,2016.2,-757.8,0.1667,0.2025,0.36,1,1,0,0,0,0,locality,3,2078.8
3ba4a37278a1,AD000916,locality_centroid,locality,1,1939.0,-996.1,0.1667,0.2025,0.36,1,1,0,0,0,0,none,3,2046.5
1784f00a470a,AD000916,town_centroid,town,1,-46.70000000000002,-500.9083333333333,0.1667,0.2025,0.36,1,1,0,0,0,0,none,3,0.0
0dda6453c5ac,AD000917,vendor_pin,locality,1,816.9,2793.2,0.3333,0.2703,0.4615,1,1,0,0,0,0,locality,4,2684.1
10de3cfc09c4,AD000917,locality_centroid,locality,1,986.3,2772.6,0.3333,0.2703,0.4615,1,1,0,0,0,0,none,4,2666.4
a291dcf4535c,AD000917,town_centroid,town,1,856.3249999999999,109.34166666666668,0.3333,0.2703,0.4615,1,1,0,0,0,0,none,4,0.0
2cc8f3b6020b,AD000917,prior_field_cluster,street,1,1038.6,2380.4,0.3333,0.2703,0.4615,1,1,0,0,0,0,none,4,2278.4
637cd95a0356,AD000918,vendor_pin,street,1,2018.9,1869.0,0.1818,0.1061,0.2169,1,1,0,0,0,0,street,4,2109.0
051b82f0cd2b,AD000918,locality_centroid,locality,1,2308.9,1849.5,0.1818,0.1061,0.2169,1,1,0,0,0,0,none,4,2266.7
f18d613b1b31,AD000918,town_centroid,town,1,856.3249999999999,109.34166666666668,0.1818,0.1061,0.2169,1,1,0,0,0,0,none,4,0.0
5e28f307f35f,AD000918,prior_field_cluster,street,1,2163.2,1759.2,0.1818,0.1061,0.2169,1,1,0,0,0,0,none,4,2104.7
4c88754911e2,AD000919,vendor_pin,locality,1,2746.7,-2245.5,0.2857,0.2083,0.3871,1,1,0,0,0,0,locality,4,3293.4
c13032ee973b,AD000919,locality_centroid,locality,1,2735.1,-2128.6,0.2857,0.2083,0.3871,1,1,0,0,0,0,none,4,3223.0
4b13d525bbfa,AD000919,town_centroid,town,1,-46.70000000000002,-500.9083333333333,0.2857,0.2083,0.3871,1,1,0,0,0,0,none,4,0.0
b86e57c5487e,AD000919,prior_field_cluster,street,1,3038.2,-2421.9,0.2857,0.2083,0.3871,1,1,0,0,0,0,none,4,3634.1
8ad09c544dae,AD000920,vendor_pin,rooftop,1,-1276.9,489.1,0.0,0.0127,0.1176,0,1,0,0,0,0,rooftop,3,1579.1
443c944d7867,AD000920,town_centroid,town,1,-46.70000000000002,-500.9083333333333,0.0,0.0127,0.1176,0,1,0,0,0,0,none,3,0.0
b31beafecc14,AD000920,prior_field_cluster,street,1,-1419.5,580.8,0.0,0.0127,0.1176,0,1,0,0,0,0,none,3,1747.8
ad58b51ed9fd,AD000921,vendor_pin,locality,1,1461.3,-2102.1,0.4,0.2647,0.4151,1,1,0,0,0,0,locality,3,2292.7
2f8565cb24de,AD000921,locality_centroid,locality,1,1577.4,-2059.5,0.4,0.2647,0.4151,1,1,0,0,0,0,none,3,2285.6
5254b9b70c64,AD000921,town_centroid,town,1,856.3249999999999,109.34166666666668,0.4,0.2647,0.4151,1,1,0,0,0,0,none,3,0.0
d02e83409acc,AD000922,vendor_pin,locality,1,-1539.7,-2789.7,0.2222,0.2,0.3514,0,1,0,0,0,0,locality,2,3761.0
867d7154c69e,AD000922,town_centroid,town,1,856.3249999999999,109.34166666666668,0.2222,0.2,0.3514,0,1,0,0,0,0,none,2,0.0
72e1f7cc99c8,AD000923,vendor_pin,locality,1,524.1,-3160.6,0.1538,0.1266,0.24,1,1,0,0,0,0,locality,4,2720.3
98ae0c745a05,AD000923,locality_centroid,locality,1,665.2,-3094.2,0.1538,0.1266,0.24,1,1,0,0,0,0,none,4,2689.2
bb46b88a7548,AD000923,town_centroid,town,1,-46.70000000000002,-500.9083333333333,0.1538,0.1266,0.24,1,1,0,0,0,0,none,4,0.0
f313ba1a89ea,AD000923,prior_field_cluster,street,1,518.3,-3402.9,0.1538,0.1266,0.24,1,1,0,0,0,0,none,4,2956.5
60403e7a8468,AD000924,vendor_pin,locality,1,694.5,-3003.9,0.1,0.1311,0.2963,0,1,0,0,0,0,locality,3,3117.4
28f92ef7fce8,AD000924,town_centroid,town,1,856.3249999999999,109.34166666666668,0.1,0.1311,0.2963,0,1,0,0,0,0,none,3,0.0
231d8cff3d98,AD000924,prior_field_cluster,street,1,520.3,-2724.8,0.1,0.1311,0.2963,0,1,0,0,0,0,none,3,2854.0
a7df0c9b181d,AD000925,vendor_pin,rooftop,1,1210.5,-1699.2,0.2222,0.1406,0.2619,1,1,0,0,0,0,rooftop,3,1842.9
46495a0e512c,AD000925,locality_centroid,locality,1,1577.4,-2059.5,0.2222,0.1406,0.2619,1,1,0,0,0,0,none,3,2285.6
ac6aa71b0d8f,AD000925,town_centroid,town,1,856.3249999999999,109.34166666666668,0.2222,0.1406,0.2619,1,1,0,0,0,0,none,3,0.0
3bbbb72df28b,AD000926,vendor_pin,street,1,1127.1,-622.5,0.0769,0.122,0.2828,0,1,0,0,0,0,street,2,1301.8
3b321c94a17a,AD000926,town_centroid,town,1,-172.75833333333335,-551.7416666666667,0.0769,0.122,0.2828,0,1,0,0,0,0,none,2,0.0
55601735ec84,AD000927,vendor_pin,locality,1,2556.1,-1174.7,0.2222,0.1852,0.338,1,1,0,0,0,0,locality,3,2130.3
b6dec2e070b7,AD000927,locality_centroid,locality,1,2589.2,-1273.1,0.2222,0.1852,0.338,1,1,0,0,0,0,none,3,2216.8
8a61654abbe3,AD000927,town_centroid,town,1,856.3249999999999,109.34166666666668,0.2222,0.1852,0.338,1,1,0,0,0,0,none,3,0.0
d5cbcb29cabe,AD000928,vendor_pin,locality,1,2553.2,949.7,0.2,0.1475,0.2973,1,1,0,0,0,0,locality,3,2977.2
ad25dbc38866,AD000928,locality_centroid,locality,1,2499.2,994.1,0.2,0.1475,0.2973,1,1,0,0,0,0,none,3,2952.4
44d8008f9d3b,AD000928,town_centroid,town,1,-46.70000000000002,-500.9083333333333,0.2,0.1475,0.2973,1,1,0,0,0,0,none,3,0.0
785c84e050ed,AD000929,vendor_pin,pincode,1,1743.6,-1726.8,0.0,0.0167,0.1538,0,1,0,0,0,0,pincode,2,2169.8
770b4da0ef3d,AD000929,town_centroid,town,1,-46.70000000000002,-500.9083333333333,0.0,0.0167,0.1538,0,1,0,0,0,0,none,2,0.0
1068969687ec,AD000930,vendor_pin,rooftop,1,-2601.7,1522.6,0.1667,0.1622,0.3043,1,1,0,0,0,0,rooftop,3,3259.2
8fe1e4b1f627,AD000930,locality_centroid,locality,1,-2863.9,1096.5,0.1667,0.1622,0.3043,1,1,0,0,0,0,none,3,3238.6
bf688917bd7c,AD000930,town_centroid,town,1,-46.70000000000002,-500.9083333333333,0.1667,0.1622,0.3043,1,1,0,0,0,0,none,3,0.0
3714603fafce,AD000932,vendor_pin,locality,1,-3669.6,-1081.6,0.1818,0.2154,0.4048,0,1,0,0,0,0,locality,2,3536.8
6f33dd5f695c,AD000932,town_centroid,town,1,-172.75833333333335,-551.7416666666667,0.1818,0.2154,0.4048,0,1,0,0,0,0,none,2,0.0
3bce1c06d04c,AD000933,vendor_pin,locality,1,1517.4,-2280.6,0.25,0.1579,0.2857,1,0,0,0,0,0,locality,3,2479.7
3d01d83e9f38,AD000933,locality_centroid,locality,1,1577.4,-2059.5,0.25,0.1579,0.2857,1,0,0,0,0,0,none,3,2285.6
1ebbb4a5d001,AD000933,town_centroid,town,1,856.3249999999999,109.34166666666668,0.25,0.1579,0.2857,1,0,0,0,0,0,none,3,0.0
95ddcc6eec93,AD000934,vendor_pin,locality,1,838.8,2675.1,0.2222,0.1667,0.3158,1,1,0,0,0,0,locality,3,2565.8
4b815b1b6de0,AD000934,locality_centroid,locality,1,986.3,2772.6,0.2222,0.1667,0.3158,1,1,0,0,0,0,none,3,2666.4
3099fc5105a1,AD000934,town_centroid,town,1,856.3249999999999,109.34166666666668,0.2222,0.1667,0.3158,1,1,0,0,0,0,none,3,0.0
b9e7a1200a16,AD000935,vendor_pin,street,1,-241.5,-3420.1,0.2222,0.2069,0.3784,1,1,0,0,0,0,street,3,2869.2
cf279ca760ba,AD000935,locality_centroid,locality,1,-433.5,-3467.4,0.2222,0.2069,0.3784,1,1,0,0,0,0,none,3,2927.3
293d2a89b5ef,AD000935,town_centroid,town,1,-172.75833333333335,-551.7416666666667,0.2222,0.2069,0.3784,1,1,0,0,0,0,none,3,0.0
43474563a2ed,AD000936,vendor_pin,locality,1,775.6,-3250.5,0.2222,0.1667,0.3077,1,1,0,0,0,0,locality,4,2869.9
d47bad1cd88d,AD000936,locality_centroid,locality,1,665.2,-3094.2,0.2222,0.1667,0.3077,1,1,0,0,0,0,none,4,2689.2
79a61a023fff,AD000936,town_centroid,town,1,-46.70000000000002,-500.9083333333333,0.2222,0.1667,0.3077,1,1,0,0,0,0,none,4,0.0
ae9f66460b83,AD000936,prior_field_cluster,street,1,1019.6,-2974.55,0.2222,0.1667,0.3077,1,1,0,0,0,0,none,4,2693.7
4bc4e192a81f,AD000937,vendor_pin,locality,1,-663.7,2826.8,0.3333,0.3529,0.5185,1,1,0,0,0,0,locality,3,3113.7
4d1dfb6192ff,AD000937,locality_centroid,locality,1,-603.5,2996.1,0.3333,0.3529,0.5185,1,1,0,0,0,0,none,3,3234.9
f351134ff6e1,AD000937,town_centroid,town,1,856.3249999999999,109.34166666666668,0.3333,0.3529,0.5185,1,1,0,0,0,0,none,3,0.0
01c7de468118,AD000938,vendor_pin,locality,1,2048.5,-1046.4,0.1538,0.2,0.3564,1,1,0,0,0,0,locality,3,2165.0
b3ec07cbd636,AD000938,locality_centroid,locality,1,1939.0,-996.1,0.1538,0.2,0.3564,1,1,0,0,0,0,none,3,2046.5
28fdcbe29ec1,AD000938,town_centroid,town,1,-46.70000000000002,-500.9083333333333,0.1538,0.2,0.3564,1,1,0,0,0,0,none,3,0.0
4c06e81bb5c8,AD000939,vendor_pin,locality,1,2364.6,1132.3,0.2222,0.1636,0.3188,1,1,0,0,0,0,locality,3,2912.3
8b968ef02ec8,AD000939,locality_centroid,locality,1,2499.2,994.1,0.2222,0.1636,0.3188,1,1,0,0,0,0,none,3,2952.4
ed2654f9f222,AD000939,town_centroid,town,1,-46.70000000000002,-500.9083333333333,0.2222,0.1636,0.3188,1,1,0,0,0,0,none,3,0.0
e1a305a4d8f0,AD000940,vendor_pin,locality,1,775.1,-2892.5,0.0,0.14,0.3548,0,1,0,0,0,0,locality,3,2528.8
2833a03f1bd0,AD000940,town_centroid,town,1,-46.70000000000002,-500.9083333333333,0.0,0.14,0.3548,0,1,0,0,0,0,none,3,0.0
83d79cd3dbbb,AD000940,prior_field_cluster,street,1,383.1,-2890.0,0.0,0.14,0.3548,0,1,0,0,0,0,none,3,2427.4
4aab17b1849c,AD000942,vendor_pin,street,1,720.6,3251.5,0.25,0.2,0.3692,1,1,0,0,0,0,street,4,3145.1
097e595c043c,AD000942,locality_centroid,locality,1,986.3,2772.6,0.25,0.2,0.3692,1,1,0,0,0,0,none,4,2666.4
50722abd4f47,AD000942,town_centroid,town,1,856.3249999999999,109.34166666666668,0.25,0.2,0.3692,1,1,0,0,0,0,none,4,0.0
28a27ca75022,AD000942,prior_field_cluster,street,1,796.5,3248.0,0.25,0.2,0.3692,1,1,0,0,0,0,none,4,3139.2
1b8bc93b2a13,AD000943,vendor_pin,locality,1,-2645.8,-52.1,0.3,0.2083,0.3736,1,1,0,0,0,0,locality,3,2523.0
176d528e1b5d,AD000943,locality_centroid,locality,1,-2605.6,-262.1,0.3,0.2083,0.3736,1,1,0,0,0,0,none,3,2450.0
3d7de3928f3c,AD000943,town_centroid,town,1,-172.75833333333335,-551.7416666666667,0.3,0.2083,0.3736,1,1,0,0,0,0,none,3,0.0
d9b0a1cd06f4,AD000944,vendor_pin,locality,1,-2491.9,1560.4,0.2857,0.2449,0.4308,1,1,0,0,0,0,locality,4,3136.8
2eea69dff904,AD000944,locality_centroid,locality,1,-2446.2,1613.2,0.2857,0.2449,0.4308,1,1,0,0,0,0,none,4,3139.3
5bc1a4254f96,AD000944,town_centroid,town,1,-172.75833333333335,-551.7416666666667,0.2857,0.2449,0.4308,1,1,0,0,0,0,none,4,0.0
e3401129ae3a,AD000944,prior_field_cluster,street,1,-2322.1,1335.5,0.2857,0.2449,0.4308,1,1,0,0,0,0,none,4,2860.3
22269435fd0f,AD000945,vendor_pin,locality,1,2575.4,988.4,0.2,0.1385,0.2821,1,1,0,0,0,0,locality,3,3015.5
454f04e4a5e2,AD000945,locality_centroid,locality,1,2499.2,994.1,0.2,0.1385,0.2821,1,1,0,0,0,0,none,3,2952.4
20e628e04751,AD000945,town_centroid,town,1,-46.70000000000002,-500.9083333333333,0.2,0.1385,0.2821,1,1,0,0,0,0,none,3,0.0
eaef8d921ab3,AD000946,vendor_pin,locality,1,-2856.5,1097.7,0.0909,0.1587,0.3333,0,1,0,0,0,0,locality,2,3232.7
7c5e026311d5,AD000946,town_centroid,town,1,-46.70000000000002,-500.9083333333333,0.0909,0.1587,0.3333,0,1,0,0,0,0,none,2,0.0
6fcc970f98dd,AD000947,vendor_pin,locality,1,947.8,2954.3,0.2,0.137,0.2727,1,1,0,0,0,0,locality,3,2846.4
95b8ab74e445,AD000947,locality_centroid,locality,1,986.3,2772.6,0.2,0.137,0.2727,1,1,0,0,0,0,none,3,2666.4
1ba471addd07,AD000947,town_centroid,town,1,856.3249999999999,109.34166666666668,0.2,0.137,0.2727,1,1,0,0,0,0,none,3,0.0
0468507a97c3,AD000948,vendor_pin,street,1,959.8,-511.3,0.2,0.1781,0.3297,1,1,0,0,0,0,street,4,1133.3
4555fe5f9fbd,AD000948,locality_centroid,locality,1,929.4,-822.2,0.2,0.1781,0.3297,1,1,0,0,0,0,none,4,1134.9
bba030f911da,AD000948,town_centroid,town,1,-172.75833333333335,-551.7416666666667,0.2,0.1781,0.3297,1,1,0,0,0,0,none,4,0.0
dd0534060aed,AD000948,prior_field_cluster,street,1,1003.55,-690.9000000000001,0.2,0.1781,0.3297,1,1,0,0,0,0,none,4,1184.5
792c0b251a04,AD000949,vendor_pin,locality,1,-889.5,-566.1,0.0714,0.0556,0.1782,0,1,0,0,0,0,locality,2,716.9
071813520b3e,AD000949,town_centroid,town,1,-172.75833333333335,-551.7416666666667,0.0714,0.0556,0.1782,0,1,0,0,0,0,none,2,0.0
78589d3bc1a9,AD000950,vendor_pin,locality,1,-2590.8,-226.0,0.3333,0.2419,0.4198,1,1,0,0,0,0,locality,4,2439.9
0e8e0ff8eeeb,AD000950,locality_centroid,locality,1,-2605.6,-262.1,0.3333,0.2419,0.4198,1,1,0,0,0,0,none,4,2450.0
a0a7375b00e6,AD000950,town_centroid,town,1,-172.75833333333335,-551.7416666666667,0.3333,0.2419,0.4198,1,1,0,0,0,0,none,4,0.0
f9cbb0381c9c,AD000950,prior_field_cluster,street,1,-3036.15,-243.14999999999998,0.3333,0.2419,0.4198,1,1,0,0,0,0,none,4,2880.0
436f5a34c639,AD000951,vendor_pin,locality,1,921.7,-30.1,0.1818,0.1571,0.3059,1,1,0,0,0,0,locality,3,154.0
e779c23e4c22,AD000951,locality_centroid,locality,1,1046.9,-2.6,0.1818,0.1571,0.3059,1,1,0,0,0,0,none,3,221.0
20a7a782b94e,AD000951,town_centroid,town,1,856.3249999999999,109.34166666666668,0.1818,0.1571,0.3059,1,1,0,0,0,0,none,3,0.0
9330b33c4bc0,AD000952,vendor_pin,locality,1,-521.0,2862.9,0.2857,0.25,0.3889,1,1,0,0,0,0,locality,3,3078.8
07949c13293f,AD000952,locality_centroid,locality,1,-603.5,2996.1,0.2857,0.25,0.3889,1,1,0,0,0,0,none,3,3234.9
d4a3290448b7,AD000952,town_centroid,town,1,856.3249999999999,109.34166666666668,0.2857,0.25,0.3889,1,1,0,0,0,0,none,3,0.0
909ffd7be39d,AD000953,vendor_pin,locality,1,578.9,-3170.3,0.25,0.22,0.3611,1,1,0,0,0,0,locality,4,3291.4
c6ef859e4776,AD000953,locality_centroid,locality,1,688.3,-3007.0,0.25,0.22,0.3611,1,1,0,0,0,0,none,4,3120.9
cca17474cd22,AD000953,town_centroid,town,1,856.3249999999999,109.34166666666668,0.25,0.22,0.3611,1,1,0,0,0,0,none,4,0.0
2409c0ca4246,AD000953,prior_field_cluster,street,1,202.8,-3160.6,0.25,0.22,0.3611,1,1,0,0,0,0,none,4,3334.6
411984dbebdc,AD000954,vendor_pin,rooftop,1,-2480.0,1172.8,0.2,0.1667,0.3182,1,1,0,0,0,0,rooftop,4,2880.5
2b72cdebe568,AD000954,locality_centroid,locality,1,-2446.2,1613.2,0.2,0.1667,0.3182,1,1,0,0,0,0,none,4,3139.3
b15ccf3929db,AD000954,town_centroid,town,1,-172.75833333333335,-551.7416666666667,0.2,0.1667,0.3182,1,1,0,0,0,0,none,4,0.0
d2591d6b9911,AD000954,prior_field_cluster,street,1,-2490.9,1182.2,0.2,0.1667,0.3182,1,1,0,0,0,0,none,4,2894.9
0ea2f49a437b,AD000955,vendor_pin,locality,1,2684.3,-2233.9,0.0833,0.0921,0.2472,0,1,0,0,0,0,locality,3,3234.4
df9dbaca53a8,AD000955,town_centroid,town,1,-46.70000000000002,-500.9083333333333,0.0833,0.0921,0.2472,0,1,0,0,0,0,none,3,0.0
1d6981a96d90,AD000955,prior_field_cluster,street,1,3137.3500000000004,-1913.85,0.0833,0.0921,0.2472,0,1,0,0,0,0,none,3,3483.5
2070b754cbb8,AD000957,vendor_pin,locality,1,2769.3,544.2,0.3333,0.25,0.4444,1,1,0,0,0,0,locality,3,1961.8
885f063b2247,AD000957,locality_centroid,locality,1,3029.6,575.7,0.3333,0.25,0.4444,1,1,0,0,0,0,none,3,2222.7
892623ac9fca,AD000957,town_centroid,town,1,856.3249999999999,109.34166666666668,0.3333,0.25,0.4444,1,1,0,0,0,0,none,3,0.0
d14aa24308e7,AD000958,vendor_pin,street,1,2374.2,-1074.8,0.2857,0.2326,0.4138,1,1,0,0,0,0,street,3,1925.1
8da416eca1da,AD000958,locality_centroid,locality,1,2589.2,-1273.1,0.2857,0.2326,0.4138,1,1,0,0,0,0,none,3,2216.8
fc4e74d22250,AD000958,town_centroid,town,1,856.3249999999999,109.34166666666668,0.2857,0.2326,0.4138,1,1,0,0,0,0,none,3,0.0
6abdbe0285f2,AD000959,vendor_pin,locality,1,2857.3,-2176.5,0.1818,0.1429,0.2857,1,1,0,0,0,0,locality,3,3352.7
b12b9b9aa5ab,AD000959,locality_centroid,locality,1,2735.1,-2128.6,0.1818,0.1429,0.2857,1,1,0,0,0,0,none,3,3223.0
b718c5075ee7,AD000959,town_centroid,town,1,-46.70000000000002,-500.9083333333333,0.1818,0.1429,0.2857,1,1,0,0,0,0,none,3,0.0
9a5ba62ef417,AD000961,vendor_pin,locality,1,2852.3,581.0,0.2222,0.1852,0.3333,1,1,0,0,0,0,locality,3,2050.9
a30b60ed8dad,AD000961,locality_centroid,locality,1,3029.6,575.7,0.2222,0.1852,0.3333,1,1,0,0,0,0,none,3,2222.7
8fb6aa365cc6,AD000961,town_centroid,town,1,856.3249999999999,109.34166666666668,0.2222,0.1852,0.3333,1,1,0,0,0,0,none,3,0.0
389c55201d33,AD000962,vendor_pin,locality,1,2381.5,1978.7,0.2857,0.175,0.3333,1,1,0,0,0,0,locality,4,2412.6
80765eb82172,AD000962,locality_centroid,locality,1,2308.9,1849.5,0.2857,0.175,0.3333,1,1,0,0,0,0,none,4,2266.7
eedfe874bc79,AD000962,town_centroid,town,1,856.3249999999999,109.34166666666668,0.2857,0.175,0.3333,1,1,0,0,0,0,none,4,0.0
033c241ff579,AD000962,prior_field_cluster,street,1,2674.15,246.25,0.2857,0.175,0.3333,1,1,0,0,0,0,none,4,1823.0
b7178b38be3d,AD000963,vendor_pin,pincode,1,1610.8,-1555.4,0.0,0.0286,0.2105,0,1,0,0,0,0,pincode,3,1964.5
6a51fe5841eb,AD000963,town_centroid,town,1,-46.70000000000002,-500.9083333333333,0.0,0.0286,0.2105,0,1,0,0,0,0,none,3,0.0
e9fb7d997c0e,AD000963,prior_field_cluster,street,1,1785.7,-1676.5,0.0,0.0286,0.2105,0,1,0,0,0,0,none,3,2177.1
f13805fae693,AD000964,vendor_pin,locality,1,1519.6,-1871.9,0.2222,0.1667,0.3143,1,1,0,0,0,0,locality,4,2089.3
2a43de7a2bfc,AD000964,locality_centroid,locality,1,1577.4,-2059.5,0.2222,0.1667,0.3143,1,1,0,0,0,0,none,4,2285.6
00413a0fe826,AD000964,town_centroid,town,1,856.3249999999999,109.34166666666668,0.2222,0.1667,0.3143,1,1,0,0,0,0,none,4,0.0
895d45f43b1f,AD000964,prior_field_cluster,street,1,1054.35,-1871.6,0.2222,0.1667,0.3143,1,1,0,0,0,0,none,4,1990.8
80d6fa7ced74,AD000965,vendor_pin,locality,1,-2237.6,-2477.1,0.2,0.1774,0.321,1,1,0,0,0,0,locality,3,2950.5
4ce0330b4d35,AD000965,locality_centroid,locality,1,-2195.4,-2378.6,0.2,0.1774,0.321,1,1,0,0,0,0,none,3,2853.5
d84fa448a8db,AD000965,town_centroid,town,1,-46.70000000000002,-500.9083333333333,0.2,0.1774,0.321,1,1,0,0,0,0,none,3,0.0
6d778c3f79b0,AD000967,vendor_pin,locality,1,-2585.3,-348.5,0.2222,0.1923,0.4242,0,1,0,0,0,0,locality,2,2421.1
c1b4bf02af22,AD000967,town_centroid,town,1,-172.75833333333335,-551.7416666666667,0.2222,0.1923,0.4242,0,1,0,0,0,0,none,2,0.0
6159d3fb92ca,AD000968,vendor_pin,locality,1,-2360.1,1644.4,0.25,0.2308,0.4118,1,1,0,0,0,0,locality,3,3099.6
74c62e8b6b86,AD000968,locality_centroid,locality,1,-2446.2,1613.2,0.25,0.2308,0.4118,1,1,0,0,0,0,none,3,3139.3
5a60fda38637,AD000968,town_centroid,town,1,-172.75833333333335,-551.7416666666667,0.25,0.2308,0.4118,1,1,0,0,0,0,none,3,0.0
53760252a2a2,AD000969,vendor_pin,locality,1,2237.6,987.2,0.1818,0.1406,0.2857,1,1,0,0,0,0,locality,4,2726.3
71947ce631dd,AD000969,locality_centroid,locality,1,2499.2,994.1,0.1818,0.1406,0.2857,1,1,0,0,0,0,none,4,2952.4
2c0328952c5c,AD000969,town_centroid,town,1,-46.70000000000002,-500.9083333333333,0.1818,0.1406,0.2857,1,1,0,0,0,0,none,4,0.0
5dbea63e6b58,AD000969,prior_field_cluster,street,1,2187.05,1016.5,0.1818,0.1406,0.2857,1,1,0,0,0,0,none,4,2700.4
bdda052bef4b,AD000970,vendor_pin,locality,1,2483.4,932.8,0.2222,0.1875,0.3548,1,1,0,0,0,0,locality,4,2908.1
801cd1b3f1e5,AD000970,locality_centroid,locality,1,2499.2,994.1,0.2222,0.1875,0.3548,1,1,0,0,0,0,none,4,2952.4
f6b1d0f0d533,AD000970,town_centroid,town,1,-46.70000000000002,-500.9083333333333,0.2222,0.1875,0.3548,1,1,0,0,0,0,none,4,0.0
8e0ae966092e,AD000970,prior_field_cluster,street,1,2714.2,1490.2,0.2222,0.1875,0.3548,1,1,0,0,0,0,none,4,3404.0
444f5a8afaed,AD000971,vendor_pin,locality,1,590.5,-2727.6,0.1667,0.1429,0.2727,1,1,0,0,0,0,locality,4,2316.1
7fa44fc20640,AD000971,locality_centroid,locality,1,665.2,-3094.2,0.1667,0.1429,0.2727,1,1,0,0,0,0,none,4,2689.2
aff4108194f9,AD000971,town_centroid,town,1,-46.70000000000002,-500.9083333333333,0.1667,0.1429,0.2727,1,1,0,0,0,0,none,4,0.0
2ec1dc1b7c08,AD000971,prior_field_cluster,street,1,831.3,-2949.05,0.1667,0.1429,0.2727,1,1,0,0,0,0,none,4,2600.8
19d7cfd4214f,AD000972,vendor_pin,pincode,1,-2202.0,-1094.0,0.0,0.0588,0.1842,0,1,0,0,0,0,pincode,2,2100.4
0c8d00fc502c,AD000972,town_centroid,town,1,-172.75833333333335,-551.7416666666667,0.0,0.0588,0.1842,0,1,0,0,0,0,none,2,0.0
7e8e4d7b325a,AD000973,vendor_pin,locality,1,3789.0,285.5,0.2857,0.3256,0.5246,1,1,0,0,0,0,locality,3,4049.3
26d78d10e8b6,AD000973,locality_centroid,locality,1,3653.7,367.3,0.2857,0.3256,0.5246,1,1,0,0,0,0,none,3,3935.3
24cf791e08c1,AD000973,town_centroid,town,1,-172.75833333333335,-551.7416666666667,0.2857,0.3256,0.5246,1,1,0,0,0,0,none,3,0.0
03b19aa2b5a7,AD000974,vendor_pin,pincode,1,1697.4,-1921.3,0.0,0.0556,0.1728,0,1,0,0,0,0,pincode,2,2318.0
700e1d1ad5ea,AD000974,town_centroid,town,1,-172.75833333333335,-551.7416666666667,0.0,0.0556,0.1728,0,1,0,0,0,0,none,2,0.0
0ab3a6b52a6a,AD000975,vendor_pin,locality,1,-687.7,-554.9,0.2,0.1746,0.3171,1,1,0,0,0,0,locality,4,1680.8
9867b27f1f5c,AD000975,locality_centroid,locality,1,-533.7,-484.7,0.2,0.1746,0.3171,1,1,0,0,0,0,none,4,1511.6
f646ac6ea279,AD000975,town_centroid,town,1,856.3249999999999,109.34166666666668,0.2,0.1746,0.3171,1,1,0,0,0,0,none,4,0.0
b4f44c430c19,AD000975,prior_field_cluster,street,1,-561.2,-437.1,0.2,0.1746,0.3171,1,1,0,0,0,0,none,4,1519.2
e52ac69df4c6,AD000976,vendor_pin,locality,1,-1114.0,-3021.9,0.2857,0.2128,0.3871,1,1,0,0,0,0,locality,3,2737.6
5c06394652b8,AD000976,locality_centroid,locality,1,-1053.3,-3163.0,0.2857,0.2128,0.3871,1,1,0,0,0,0,none,3,2846.0
f7594bb89827,AD000976,town_centroid,town,1,-46.70000000000002,-500.9083333333333,0.2857,0.2128,0.3871,1,1,0,0,0,0,none,3,0.0
26169025d6da,AD000978,vendor_pin,locality,1,-834.5,-548.8,0.2,0.1013,0.2198,1,1,0,0,0,0,locality,4,661.7
9552775d2f67,AD000978,locality_centroid,locality,1,-722.6,-522.8,0.2,0.1013,0.2198,1,1,0,0,0,0,none,4,550.6
b58ad22e9173,AD000978,town_centroid,town,1,-172.75833333333335,-551.7416666666667,0.2,0.1013,0.2198,1,1,0,0,0,0,none,4,0.0
7bd86f395db9,AD000978,prior_field_cluster,street,1,-1195.0,-604.3,0.2,0.1013,0.2198,1,1,0,0,0,0,none,4,1023.6
5bc8183b6073,AD000979,vendor_pin,locality,1,834.5,2612.0,0.125,0.1111,0.3385,0,1,0,0,0,0,locality,2,2502.8
c8a5a3cbfaec,AD000979,town_centroid,town,1,856.3249999999999,109.34166666666668,0.125,0.1111,0.3385,0,1,0,0,0,0,none,2,0.0
81582fae2231,AD000980,vendor_pin,locality,1,1083.4,-21.2,0.1667,0.1571,0.3059,1,1,0,0,0,0,locality,4,261.9
545ce1bf0a19,AD000980,locality_centroid,locality,1,1046.9,-2.6,0.1667,0.1571,0.3059,1,1,0,0,0,0,none,4,221.0
e79383c32711,AD000980,town_centroid,town,1,856.3249999999999,109.34166666666668,0.1667,0.1571,0.3059,1,1,0,0,0,0,none,4,0.0
1f6132bf2489,AD000980,prior_field_cluster,street,1,1396.3,4.8,0.1667,0.1571,0.3059,1,1,0,0,0,0,none,4,550.0
94bae1fb00da,AD000981,vendor_pin,locality,1,-2555.2,-83.5,0.2308,0.1744,0.3208,1,1,0,0,0,0,locality,3,2428.0
188ad01de339,AD000981,locality_centroid,locality,1,-2605.6,-262.1,0.2308,0.1744,0.3208,1,1,0,0,0,0,none,3,2450.0
fd6ca886d0ab,AD000981,town_centroid,town,1,-172.75833333333335,-551.7416666666667,0.2308,0.1744,0.3208,1,1,0,0,0,0,none,3,0.0
34691fdcaf96,AD000982,vendor_pin,street,1,3989.6,854.3,0.2,0.2188,0.381,1,1,0,0,0,0,street,4,4393.4
61f6087ed4fa,AD000982,locality_centroid,locality,1,3653.7,367.3,0.2,0.2188,0.381,1,1,0,0,0,0,none,4,3935.3
25b7d3960a39,AD000982,town_centroid,town,1,-172.75833333333335,-551.7416666666667,0.2,0.2188,0.381,1,1,0,0,0,0,none,4,0.0
56eb5e6bd4bd,AD000982,prior_field_cluster,street,1,4209.7,576.3,0.2,0.2188,0.381,1,1,0,0,0,0,none,4,4525.3
e392b8c9072c,AD000984,vendor_pin,locality,1,-2324.6,-2385.7,0.2222,0.1833,0.3377,1,1,0,0,0,0,locality,3,2956.6
f470818a6dc1,AD000984,locality_centroid,locality,1,-2195.4,-2378.6,0.2222,0.1833,0.3377,1,1,0,0,0,0,none,3,2853.5
c8ef65232661,AD000984,town_centroid,town,1,-46.70000000000002,-500.9083333333333,0.2222,0.1833,0.3377,1,1,0,0,0,0,none,3,0.0
7ad5fc38e8b2,AD000985,vendor_pin,locality,1,-2633.4,-449.4,0.1538,0.1412,0.297,0,1,0,0,0,0,locality,2,2462.8
3daef7b589de,AD000985,town_centroid,town,1,-172.75833333333335,-551.7416666666667,0.1538,0.1412,0.297,0,1,0,0,0,0,none,2,0.0
4a48661abd46,AD000986,vendor_pin,rooftop,1,1175.9,2503.7,0.25,0.1724,0.3288,1,1,0,0,0,0,rooftop,4,2415.6
4e774d8c486c,AD000986,locality_centroid,locality,1,986.3,2772.6,0.25,0.1724,0.3288,1,1,0,0,0,0,none,4,2666.4
fe27f213bdff,AD000986,town_centroid,town,1,856.3249999999999,109.34166666666668,0.25,0.1724,0.3288,1,1,0,0,0,0,none,4,0.0
e2657b324a84,AD000986,prior_field_cluster,street,1,1216.7,2516.0,0.25,0.1724,0.3288,1,1,0,0,0,0,none,4,2433.5
98a6929217bb,AD000987,vendor_pin,locality,1,2435.7,1197.7,0.1818,0.1406,0.2716,1,1,0,0,0,0,locality,4,3007.9
93239de0f2ab,AD000987,locality_centroid,locality,1,2499.2,994.1,0.1818,0.1406,0.2716,1,1,0,0,0,0,none,4,2952.4
79adc9d01081,AD000987,town_centroid,town,1,-46.70000000000002,-500.9083333333333,0.1818,0.1406,0.2716,1,1,0,0,0,0,none,4,0.0
cd376e33288b,AD000987,prior_field_cluster,street,1,2827.6,1123.3,0.1818,0.1406,0.2716,1,1,0,0,0,0,none,4,3301.5
5a5c428cfe4f,AD000988,vendor_pin,locality,1,-2970.3,1121.1,0.1667,0.1765,0.3294,1,1,0,0,0,0,locality,3,3343.4
3ba5a226c4cc,AD000988,locality_centroid,locality,1,-2863.9,1096.5,0.1667,0.1765,0.3294,1,1,0,0,0,0,none,3,3238.6
6ff294813098,AD000988,town_centroid,town,1,-46.70000000000002,-500.9083333333333,0.1667,0.1765,0.3294,1,1,0,0,0,0,none,3,0.0
1449100c069b,AD000989,vendor_pin,locality,1,2298.9,-1400.3,0.25,0.1818,0.338,1,1,0,0,0,0,locality,3,2088.1
b2acb7f40e7f,AD000989,locality_centroid,locality,1,2589.2,-1273.1,0.25,0.1818,0.338,1,1,0,0,0,0,none,3,2216.8
d53435fb830e,AD000989,town_centroid,town,1,856.3249999999999,109.34166666666668,0.25,0.1818,0.338,1,1,0,0,0,0,none,3,0.0
e1af14dd3baf,AD000990,vendor_pin,street,1,1434.6,219.8,0.1818,0.1528,0.2921,1,1,0,0,0,0,street,3,588.7
2b8b3c4cba8c,AD000990,locality_centroid,locality,1,1046.9,-2.6,0.1818,0.1528,0.2921,1,1,0,0,0,0,none,3,221.0
36a60634a404,AD000990,town_centroid,town,1,856.3249999999999,109.34166666666668,0.1818,0.1528,0.2921,1,1,0,0,0,0,none,3,0.0
d478e0f08007,AD000991,vendor_pin,locality,1,-654.8,3069.6,0.1818,0.1905,0.3373,0,1,0,0,0,0,locality,3,3323.6
8586f95b9e43,AD000991,town_centroid,town,1,856.3249999999999,109.34166666666668,0.1818,0.1905,0.3373,0,1,0,0,0,0,none,3,0.0
a0ce497b31fc,AD000991,prior_field_cluster,street,1,-437.7,3260.2,0.1818,0.1905,0.3373,0,1,0,0,0,0,none,3,3406.2
cfcf328cc22f,AD000992,vendor_pin,locality,1,2570.1,-1424.4,0.2,0.1515,0.2963,1,1,0,0,0,0,locality,3,2299.9
3dbd31e8ef5a,AD000992,locality_centroid,locality,1,2589.2,-1273.1,0.2,0.1515,0.2963,1,1,0,0,0,0,none,3,2216.8
b0b5c3dd8dfe,AD000992,town_centroid,town,1,856.3249999999999,109.34166666666668,0.2,0.1515,0.2963,1,1,0,0,0,0,none,3,0.0
be53c258c51b,AD000993,vendor_pin,locality,1,2736.0,-2113.7,0.25,0.2,0.3692,1,1,0,0,0,0,locality,3,3216.3
a45ce3280a63,AD000993,locality_centroid,locality,1,2735.1,-2128.6,0.25,0.2,0.3692,1,1,0,0,0,0,none,3,3223.0
4cd74451dac3,AD000993,town_centroid,town,1,-46.70000000000002,-500.9083333333333,0.25,0.2,0.3692,1,1,0,0,0,0,none,3,0.0
3baf56464985,AD000994,vendor_pin,locality,1,-659.1,2860.5,0.4,0.3333,0.4746,1,1,0,0,0,0,locality,3,3140.9
a33d87c91f37,AD000994,locality_centroid,locality,1,-603.5,2996.1,0.4,0.3333,0.4746,1,1,0,0,0,0,none,3,3234.9
82305cee339a,AD000994,town_centroid,town,1,856.3249999999999,109.34166666666668,0.4,0.3333,0.4746,1,1,0,0,0,0,none,3,0.0
c1ea3c5237b9,AD000995,vendor_pin,street,1,756.8,-2692.8,0.1818,0.1618,0.2955,0,1,0,0,0,0,street,2,2803.9
bc338c0716d2,AD000995,town_centroid,town,1,856.3249999999999,109.34166666666668,0.1818,0.1618,0.2955,0,1,0,0,0,0,none,2,0.0
2e9d22f9102a,AD000996,vendor_pin,locality,1,1423.8,-2126.8,0.1667,0.1385,0.2588,1,1,0,0,0,0,locality,3,2307.0
45e5fa1e84e2,AD000996,locality_centroid,locality,1,1577.4,-2059.5,0.1667,0.1385,0.2588,1,1,0,0,0,0,none,3,2285.6
8bc1edf66a09,AD000996,town_centroid,town,1,856.3249999999999,109.34166666666668,0.1667,0.1385,0.2588,1,1,0,0,0,0,none,3,0.0
63cb5b2826a1,AD000997,vendor_pin,street,1,-1405.5,-2598.4,0.4,0.3438,0.4815,1,1,0,0,0,0,street,3,3528.1
31c3ff950901,AD000997,locality_centroid,locality,1,-1600.3,-2801.9,0.4,0.3438,0.4815,1,1,0,0,0,0,none,3,3809.2
d7340ed198d4,AD000997,town_centroid,town,1,856.3249999999999,109.34166666666668,0.4,0.3438,0.4815,1,1,0,0,0,0,none,3,0.0
d8cff09001ce,AD000998,vendor_pin,locality,1,-662.8,3160.9,0.25,0.2222,0.3636,1,1,0,0,0,0,locality,3,3408.8
6cea3b9ec549,AD000998,locality_centroid,locality,1,-603.5,2996.1,0.25,0.2222,0.3636,1,1,0,0,0,0,none,3,3234.9
8eee6dec752e,AD000998,town_centroid,town,1,856.3249999999999,109.34166666666668,0.25,0.2222,0.3636,1,1,0,0,0,0,none,3,0.0
fe9c1c12bce4,AD000999,vendor_pin,locality,1,-307.5,-3376.8,0.25,0.2034,0.3684,1,1,0,0,0,0,locality,3,2828.3
21daa04ff289,AD000999,locality_centroid,locality,1,-433.5,-3467.4,0.25,0.2034,0.3684,1,1,0,0,0,0,none,3,2927.3
0b72e302122f,AD000999,town_centroid,town,1,-172.75833333333335,-551.7416666666667,0.25,0.2034,0.3684,1,1,0,0,0,0,none,3,0.0
3af5156b58c0,AD001000,vendor_pin,locality,1,1924.0,-856.3,0.2,0.2353,0.4045,1,1,0,0,0,0,locality,4,2002.5
d8e95a62c2e6,AD001000,locality_centroid,locality,1,1939.0,-996.1,0.2,0.2353,0.4045,1,1,0,0,0,0,none,4,2046.5
eadf84fd39aa,AD001000,town_centroid,town,1,-46.70000000000002,-500.9083333333333,0.2,0.2353,0.4045,1,1,0,0,0,0,none,4,0.0
b21957d3483d,AD001000,prior_field_cluster,street,1,2249.6,-1284.1,0.2,0.2353,0.4045,1,1,0,0,0,0,none,4,2426.2
d745ade9ef60,AD001001,vendor_pin,locality,1,3766.7,497.3,0.125,0.1429,0.2712,1,1,0,0,0,0,locality,3,4076.7
407cfbf495a2,AD001001,locality_centroid,locality,1,3653.7,367.3,0.125,0.1429,0.2712,1,1,0,0,0,0,none,3,3935.3
d0bad432aa69,AD001001,town_centroid,town,1,-172.75833333333335,-551.7416666666667,0.125,0.1429,0.2712,1,1,0,0,0,0,none,3,0.0
1a1be99a3a92,AD001002,vendor_pin,locality,1,-2596.9,1495.2,0.1818,0.1519,0.2917,1,1,0,0,0,0,locality,3,3172.8
a6671bb0a178,AD001002,locality_centroid,locality,1,-2446.2,1613.2,0.1818,0.1519,0.2917,1,1,0,0,0,0,none,3,3139.3
d3e36392ec73,AD001002,town_centroid,town,1,-172.75833333333335,-551.7416666666667,0.1818,0.1519,0.2917,1,1,0,0,0,0,none,3,0.0
bede9c345841,AD001003,vendor_pin,locality,1,-494.5,-417.7,0.2857,0.2558,0.4127,1,1,0,0,0,0,locality,4,1450.0
627d57d43417,AD001003,locality_centroid,locality,1,-533.7,-484.7,0.2857,0.2558,0.4127,1,1,0,0,0,0,none,4,1511.6
eb10c965af89,AD001003,town_centroid,town,1,856.3249999999999,109.34166666666668,0.2857,0.2558,0.4127,1,1,0,0,0,0,none,4,0.0
11db5e7da7cc,AD001003,prior_field_cluster,street,1,863.3,1144.3,0.2857,0.2558,0.4127,1,1,0,0,0,0,none,4,1035.0
746fe3d74f7d,AD001004,vendor_pin,locality,1,1222.2,-142.5,0.0909,0.1286,0.2791,0,1,0,0,0,0,locality,2,1318.5
e6bb14b13f87,AD001004,town_centroid,town,1,-46.70000000000002,-500.9083333333333,0.0909,0.1286,0.2791,0,1,0,0,0,0,none,2,0.0
df6b4decc194,AD001005,vendor_pin,pincode,1,-2027.7,-2565.4,0.0,0.0217,0.1961,0,1,0,0,0,0,pincode,2,2861.2
d709c7483c4a,AD001005,town_centroid,town,1,-46.70000000000002,-500.9083333333333,0.0,0.0217,0.1961,0,1,0,0,0,0,none,2,0.0
05eeeb93a805,AD001006,vendor_pin,locality,1,967.5,-713.5,0.2222,0.2241,0.3947,1,1,0,0,0,0,locality,3,1151.7
cea28a1028a5,AD001006,locality_centroid,locality,1,929.4,-822.2,0.2222,0.2241,0.3947,1,1,0,0,0,0,none,3,1134.9
66c7f1216b2d,AD001006,town_centroid,town,1,-172.75833333333335,-551.7416666666667,0.2222,0.2241,0.3947,1,1,0,0,0,0,none,3,0.0
3e001b2e37b2,AD001007,vendor_pin,street,1,-2813.1,992.4,0.1,0.1429,0.2955,0,1,0,0,0,0,street,2,3143.7
4af5f7193d7a,AD001007,town_centroid,town,1,-46.70000000000002,-500.9083333333333,0.1,0.1429,0.2955,0,1,0,0,0,0,none,2,0.0
16fa7e27625f,AD001008,vendor_pin,street,1,-2159.4,2328.3,0.1818,0.1594,0.3059,1,1,0,0,0,0,street,3,3531.0
36667d7cdfc2,AD001008,locality_centroid,locality,1,-1885.4,2441.1,0.1818,0.1594,0.3059,1,1,0,0,0,0,none,3,3469.3
18346937c0a2,AD001008,town_centroid,town,1,-46.70000000000002,-500.9083333333333,0.1818,0.1594,0.3059,1,1,0,0,0,0,none,3,0.0
2391738298ca,AD001009,vendor_pin,pincode,1,615.4,-1134.8,0.1111,0.0847,0.2899,0,1,0,0,0,0,pincode,2,1267.3
b21a5968778b,AD001009,town_centroid,town,1,856.3249999999999,109.34166666666668,0.1111,0.0847,0.2899,0,1,0,0,0,0,none,2,0.0
c5e172dbb588,AD001010,vendor_pin,locality,1,1180.4,36.7,0.2857,0.2619,0.4561,1,1,0,0,0,0,locality,3,332.1
7154f9690631,AD001010,locality_centroid,locality,1,1046.9,-2.6,0.2857,0.2619,0.4561,1,1,0,0,0,0,none,3,221.0
e7b992922e19,AD001010,town_centroid,town,1,856.3249999999999,109.34166666666668,0.2857,0.2619,0.4561,1,1,0,0,0,0,none,3,0.0
3f97c800354c,AD001011,vendor_pin,locality,1,-677.1,2838.7,0.2,0.2069,0.359,0,1,0,0,0,0,locality,2,3130.6
6bcd322cc513,AD001011,town_centroid,town,1,856.3249999999999,109.34166666666668,0.2,0.2069,0.359,0,1,0,0,0,0,none,2,0.0
07471571ead6,AD001012,vendor_pin,street,1,904.9,-3232.2,0.2222,0.1587,0.3038,1,1,0,0,0,0,street,4,2892.3
201fa3d56ee6,AD001012,locality_centroid,locality,1,665.2,-3094.2,0.2222,0.1587,0.3038,1,1,0,0,0,0,none,4,2689.2
ccf279c870b9,AD001012,town_centroid,town,1,-46.70000000000002,-500.9083333333333,0.2222,0.1587,0.3038,1,1,0,0,0,0,none,4,0.0
9d6dc11963a2,AD001012,prior_field_cluster,street,1,819.2,-3288.6,0.2222,0.1587,0.3038,1,1,0,0,0,0,none,4,2919.1
fdcce7080cfc,AD001013,vendor_pin,street,1,1425.2,-1889.7,0.2222,0.1385,0.2619,1,1,0,0,0,0,street,4,2078.4
1dd7dc1b6c06,AD001013,locality_centroid,locality,1,1577.4,-2059.5,0.2222,0.1385,0.2619,1,1,0,0,0,0,none,4,2285.6
bb7f56b41da7,AD001013,town_centroid,town,1,856.3249999999999,109.34166666666668,0.2222,0.1385,0.2619,1,1,0,0,0,0,none,4,0.0
c1ee17538b66,AD001013,prior_field_cluster,street,1,1340.2,-2072.9,0.2222,0.1385,0.2619,1,1,0,0,0,0,none,4,2235.2
abc225b593db,AD001015,vendor_pin,street,1,3288.5,210.8,0.1667,0.1892,0.3441,1,1,0,0,0,0,street,3,3544.3
be9e01041ec6,AD001015,locality_centroid,locality,1,3653.7,367.3,0.1667,0.1892,0.3441,1,1,0,0,0,0,none,3,3935.3
91c27d30a022,AD001015,town_centroid,town,1,-172.75833333333335,-551.7416666666667,0.1667,0.1892,0.3441,1,1,0,0,0,0,none,3,0.0
f451b41d49ec,AD001016,vendor_pin,locality,1,406.1,1611.5,0.1818,0.1571,0.2989,1,1,0,0,0,0,locality,3,2239.4
2a727b8c69dd,AD001016,locality_centroid,locality,1,524.3,1610.0,0.1818,0.1571,0.2989,1,1,0,0,0,0,none,3,2271.3
df3b2154d07b,AD001016,town_centroid,town,1,-172.75833333333335,-551.7416666666667,0.1818,0.1571,0.2989,1,1,0,0,0,0,none,3,0.0
1173a89fb602,AD001017,vendor_pin,locality,1,-804.4,-436.2,0.2857,0.1702,0.339,1,1,0,0,0,0,locality,3,642.1
e24de1d0e026,AD001017,locality_centroid,locality,1,-722.6,-522.8,0.2857,0.1702,0.339,1,1,0,0,0,0,none,3,550.6
71d0d8c8841f,AD001017,town_centroid,town,1,-172.75833333333335,-551.7416666666667,0.2857,0.1702,0.339,1,1,0,0,0,0,none,3,0.0
4754a9201e8e,AD001018,vendor_pin,locality,1,-740.1,-361.6,0.1667,0.1013,0.2198,1,1,0,0,0,0,locality,3,598.4
07f0360e9904,AD001018,locality_centroid,locality,1,-722.6,-522.8,0.1667,0.1013,0.2198,1,1,0,0,0,0,none,3,550.6
ec86b5b38509,AD001018,town_centroid,town,1,-172.75833333333335,-551.7416666666667,0.1667,0.1013,0.2198,1,1,0,0,0,0,none,3,0.0
3ace737d3a9b,AD001019,vendor_pin,locality,1,3099.8,579.9,0.0833,0.1,0.2651,0,1,0,0,0,0,locality,2,2292.3
b56f7cb35e8a,AD001019,town_centroid,town,1,856.3249999999999,109.34166666666668,0.0833,0.1,0.2651,0,1,0,0,0,0,none,2,0.0
f97fd589e2e7,AD001020,vendor_pin,street,1,2497.3,-1687.0,0.1667,0.1333,0.2697,1,1,0,0,0,0,street,3,2806.9
9577e87080ac,AD001020,locality_centroid,locality,1,2735.1,-2128.6,0.1667,0.1333,0.2697,1,1,0,0,0,0,none,3,3223.0
abed5bd8b336,AD001020,town_centroid,town,1,-46.70000000000002,-500.9083333333333,0.1667,0.1333,0.2697,1,1,0,0,0,0,none,3,0.0
909618f8480a,AD001021,vendor_pin,locality,1,-686.5,-1361.0,0.2857,0.1964,0.3662,1,1,0,0,0,0,locality,3,1072.0
e5bf0fdd452c,AD001021,locality_centroid,locality,1,-598.6,-1329.8,0.2857,0.1964,0.3662,1,1,0,0,0,0,none,3,995.8
bd9cd4c691a9,AD001021,town_centroid,town,1,-46.70000000000002,-500.9083333333333,0.2857,0.1964,0.3662,1,1,0,0,0,0,none,3,0.0
c9ef1f33c1be,AD001022,vendor_pin,locality,1,1677.0,-916.9,0.0833,0.1688,0.3434,0,1,0,0,0,0,locality,2,1773.2
2dfcb461abb3,AD001022,town_centroid,town,1,-46.70000000000002,-500.9083333333333,0.0833,0.1688,0.3434,0,1,0,0,0,0,none,2,0.0
f9d4fedf1a03,AD001023,vendor_pin,pincode,1,-1638.2,-1514.4,0.0,0.0714,0.1846,0,1,0,0,0,0,pincode,2,1753.3
6823c6aaa910,AD001023,town_centroid,town,1,-172.75833333333335,-551.7416666666667,0.0,0.0714,0.1846,0,1,0,0,0,0,none,2,0.0
e0d798379bd3,AD001024,vendor_pin,locality,1,574.4,1656.1,0.2222,0.1746,0.3291,1,1,0,0,0,0,locality,3,2330.8
33e2054ee127,AD001024,locality_centroid,locality,1,524.3,1610.0,0.2222,0.1746,0.3291,1,1,0,0,0,0,none,3,2271.3
04a13f435903,AD001024,town_centroid,town,1,-172.75833333333335,-551.7416666666667,0.2222,0.1746,0.3291,1,1,0,0,0,0,none,3,0.0
1a4ad0a15ff5,AD001025,vendor_pin,locality,1,-597.7,-690.3,0.2,0.1803,0.325,0,1,0,0,0,0,locality,2,1659.4
b781925a3d1c,AD001025,town_centroid,town,1,856.3249999999999,109.34166666666668,0.2,0.1803,0.325,0,1,0,0,0,0,none,2,0.0
6dfbf82c5f90,AD001026,vendor_pin,street,1,652.5,2278.9,0.3333,0.2564,0.4444,1,1,0,0,0,0,street,4,2179.1
8fa2e625aee3,AD001026,locality_centroid,locality,1,986.3,2772.6,0.3333,0.2564,0.4444,1,1,0,0,0,0,none,4,2666.4
4d600fe532e9,AD001026,town_centroid,town,1,856.3249999999999,109.34166666666668,0.3333,0.2564,0.4444,1,1,0,0,0,0,none,4,0.0
5f8f8f9a537c,AD001026,prior_field_cluster,street,1,767.1,2306.3,0.3333,0.2564,0.4444,1,1,0,0,0,0,none,4,2198.8
09d6ad24adc8,AD001027,vendor_pin,locality,1,1201.5,2613.3,0.1667,0.137,0.2697,1,1,0,0,0,0,locality,3,2527.6
42f8a68e2778,AD001027,locality_centroid,locality,1,986.3,2772.6,0.1667,0.137,0.2697,1,1,0,0,0,0,none,3,2666.4
8eb906884c04,AD001027,town_centroid,town,1,856.3249999999999,109.34166666666668,0.1667,0.137,0.2697,1,1,0,0,0,0,none,3,0.0
a4ac5e99135a,AD001028,vendor_pin,pincode,1,1160.8,2302.5,0.125,0.1091,0.303,0,1,0,0,0,0,pincode,2,2214.2
0b5deb157310,AD001028,town_centroid,town,1,856.3249999999999,109.34166666666668,0.125,0.1091,0.303,0,1,0,0,0,0,none,2,0.0
8fcf60a0591f,AD001029,vendor_pin,locality,1,927.6,2698.7,0.1818,0.137,0.2759,1,1,0,0,0,0,locality,3,2590.3
7ac34506c9e0,AD001029,locality_centroid,locality,1,986.3,2772.6,0.1818,0.137,0.2759,1,1,0,0,0,0,none,3,2666.4
855cb15bf040,AD001029,town_centroid,town,1,856.3249999999999,109.34166666666668,0.1818,0.137,0.2759,1,1,0,0,0,0,none,3,0.0
432619f36bcd,AD001031,vendor_pin,street,1,1505.3,-2241.7,0.2222,0.1607,0.3056,0,1,0,0,0,0,street,3,2439.0
4da8687fd3b9,AD001031,town_centroid,town,1,856.3249999999999,109.34166666666668,0.2222,0.1607,0.3056,0,1,0,0,0,0,none,3,0.0
bd971a2eebe9,AD001031,prior_field_cluster,street,1,1422.1,-2133.7,0.2222,0.1607,0.3056,0,1,0,0,0,0,none,3,2313.3
df59fa99c260,AD001032,vendor_pin,locality,1,-549.5,-336.6,0.25,0.2115,0.3421,1,1,0,0,0,0,locality,3,1474.9
c229c459dae5,AD001032,locality_centroid,locality,1,-533.7,-484.7,0.25,0.2115,0.3421,1,1,0,0,0,0,none,3,1511.6
c62fc9657ca2,AD001032,town_centroid,town,1,856.3249999999999,109.34166666666668,0.25,0.2115,0.3421,1,1,0,0,0,0,none,3,0.0
7f0da47ed2dc,AD001033,vendor_pin,street,1,-1205.0,-3497.9,0.1538,0.1299,0.2637,1,1,0,0,0,0,street,3,3213.0
6814b77c6c76,AD001033,locality_centroid,locality,1,-1053.3,-3163.0,0.1538,0.1299,0.2637,1,1,0,0,0,0,none,3,2846.0
5452f4dc3558,AD001033,town_centroid,town,1,-46.70000000000002,-500.9083333333333,0.1538,0.1299,0.2637,1,1,0,0,0,0,none,3,0.0
6ab8ffeb2cdf,AD001034,vendor_pin,locality,1,2792.4,-2050.2,0.1538,0.1149,0.233,1,0,0,0,0,0,locality,4,3234.3
837af33beaeb,AD001034,locality_centroid,locality,1,2735.1,-2128.6,0.1538,0.1149,0.233,1,0,0,0,0,0,none,4,3223.0
2b0581d4ecb7,AD001034,town_centroid,town,1,-46.70000000000002,-500.9083333333333,0.1538,0.1149,0.233,1,0,0,0,0,0,none,4,0.0
7054e23faa82,AD001034,prior_field_cluster,street,1,3164.6,-1992.7,0.1538,0.1149,0.233,1,0,0,0,0,0,none,4,3540.9
e775d37302c8,AD001035,vendor_pin,locality,1,1071.2,131.5,0.1,0.1,0.3415,0,1,0,0,0,0,locality,3,1284.4
8f205c876952,AD001035,town_centroid,town,1,-46.70000000000002,-500.9083333333333,0.1,0.1,0.3415,0,1,0,0,0,0,none,3,0.0
501cb447e628,AD001035,prior_field_cluster,street,1,970.8499999999999,-420.5,0.1,0.1,0.3415,0,1,0,0,0,0,none,3,1020.7
f731d1941960,AD001036,vendor_pin,locality,1,-2282.2,-224.8,0.3333,0.2308,0.4048,1,1,0,0,0,0,locality,4,2134.6
fc65c38c645f,AD001036,locality_centroid,locality,1,-2605.6,-262.1,0.3333,0.2308,0.4048,1,1,0,0,0,0,none,4,2450.0
ce4659b13608,AD001036,town_centroid,town,1,-172.75833333333335,-551.7416666666667,0.3333,0.2308,0.4048,1,1,0,0,0,0,none,4,0.0
275d147eee45,AD001036,prior_field_cluster,street,1,-2418.3500000000004,1781.75,0.3333,0.2308,0.4048,1,1,0,0,0,0,none,4,3238.5
20abf1477985,AD001037,vendor_pin,locality,1,-2381.5,1873.3,0.0833,0.1343,0.2963,0,1,0,0,0,0,locality,2,3280.1
8344dd2503a3,AD001037,town_centroid,town,1,-172.75833333333335,-551.7416666666667,0.0833,0.1343,0.2963,0,1,0,0,0,0,none,2,0.0
a971b0591413,AD001039,vendor_pin,street,1,2973.2,-2349.5,0.1818,0.1429,0.2857,1,1,0,0,0,0,street,3,3623.4
956e4afb80aa,AD001039,locality_centroid,locality,1,3188.8,-1960.7,0.1818,0.1429,0.2857,1,1,0,0,0,0,none,3,3644.9
9124efab3670,AD001039,town_centroid,town,1,-172.75833333333335,-551.7416666666667,0.1818,0.1429,0.2857,1,1,0,0,0,0,none,3,0.0
11d0d748370b,AD001040,vendor_pin,street,1,789.0,-1026.5,0.2,0.1857,0.3448,1,0,0,0,0,0,street,4,1072.6
083eeb27e230,AD001040,locality_centroid,locality,1,929.4,-822.2,0.2,0.1857,0.3448,1,0,0,0,0,0,none,4,1134.9
dd9580ddc7f3,AD001040,town_centroid,town,1,-172.75833333333335,-551.7416666666667,0.2,0.1857,0.3448,1,0,0,0,0,0,none,4,0.0
c8a9f4ce2e5b,AD001040,prior_field_cluster,street,1,862.5,-1117.6,0.2,0.1857,0.3448,1,0,0,0,0,0,none,4,1179.8
c9f728e8dbca,AD001041,vendor_pin,pincode,1,1771.0,1594.8,0.0,0.0156,0.1429,0,1,0,0,0,0,pincode,2,2774.2
f580d570dcb0,AD001041,town_centroid,town,1,-46.70000000000002,-500.9083333333333,0.0,0.0156,0.1429,0,1,0,0,0,0,none,2,0.0
2bed71a96dea,AD001042,vendor_pin,street,1,-2968.9,826.2,0.2857,0.2553,0.4308,1,1,0,0,0,0,street,4,3209.4
e06801572865,AD001042,locality_centroid,locality,1,-2863.9,1096.5,0.2857,0.2553,0.4308,1,1,0,0,0,0,none,4,3238.6
ecaa8dbcaf7a,AD001042,town_centroid,town,1,-46.70000000000002,-500.9083333333333,0.2857,0.2553,0.4308,1,1,0,0,0,0,none,4,0.0
248172fd0aeb,AD001042,prior_field_cluster,street,1,-2985.2,807.4,0.2857,0.2553,0.4308,1,1,0,0,0,0,none,4,3216.6
8d891b6831f1,AD001043,vendor_pin,locality,1,-2815.6,1012.9,0.2857,0.2667,0.4516,1,1,0,0,0,0,locality,4,3155.7
7f546242e544,AD001043,locality_centroid,locality,1,-2863.9,1096.5,0.2857,0.2667,0.4516,1,1,0,0,0,0,none,4,3238.6
112f53030fb0,AD001043,town_centroid,town,1,-46.70000000000002,-500.9083333333333,0.2857,0.2667,0.4516,1,1,0,0,0,0,none,4,0.0
eaa80fae8324,AD001043,prior_field_cluster,street,1,-2577.5,1076.9,0.2857,0.2667,0.4516,1,1,0,0,0,0,none,4,2982.4
c4a739b7f46a,AD001044,vendor_pin,locality,1,2707.3,-2312.1,0.25,0.1852,0.3529,1,1,0,0,0,0,locality,3,3296.2
a1e21fc2600d,AD001044,locality_centroid,locality,1,2735.1,-2128.6,0.25,0.1852,0.3529,1,1,0,0,0,0,none,3,3223.0
75efdfbee245,AD001044,town_centroid,town,1,-46.70000000000002,-500.9083333333333,0.25,0.1852,0.3529,1,1,0,0,0,0,none,3,0.0
0b55b8658667,AD001045,vendor_pin,street,1,2636.7,1720.9,0.25,0.1765,0.3385,1,1,0,0,0,0,street,4,3483.8
73190cd44a48,AD001045,locality_centroid,locality,1,2499.2,994.1,0.25,0.1765,0.3385,1,1,0,0,0,0,none,4,2952.4
8a174fe4ab90,AD001045,town_centroid,town,1,-46.70000000000002,-500.9083333333333,0.25,0.1765,0.3385,1,1,0,0,0,0,none,4,0.0
33fc9952c418,AD001045,prior_field_cluster,street,1,2617.4,1450.9,0.25,0.1765,0.3385,1,1,0,0,0,0,none,4,3302.6
1ef37e66c26f,AD001046,vendor_pin,locality,1,-2773.3,-44.3,0.3,0.2308,0.4,1,0,0,0,0,0,locality,3,2649.6
e0f0209bc2ad,AD001046,locality_centroid,locality,1,-2605.6,-262.1,0.3,0.2308,0.4,1,0,0,0,0,0,none,3,2450.0
a67d197eac2b,AD001046,town_centroid,town,1,-172.75833333333335,-551.7416666666667,0.3,0.2308,0.4,1,0,0,0,0,0,none,3,0.0
65a5eb019ca3,AD001047,vendor_pin,street,1,2720.7,-1705.7,0.25,0.1923,0.3636,1,1,0,0,0,0,street,4,3018.3
8632b72b0f97,AD001047,locality_centroid,locality,1,2735.1,-2128.6,0.25,0.1923,0.3636,1,1,0,0,0,0,none,4,3223.0
2fd7a241e442,AD001047,town_centroid,town,1,-46.70000000000002,-500.9083333333333,0.25,0.1923,0.3636,1,1,0,0,0,0,none,4,0.0
3cec19bd5dd2,AD001047,prior_field_cluster,street,1,2902.6,-1732.1,0.25,0.1923,0.3636,1,1,0,0,0,0,none,4,3196.0
cbd6cb5ffeab,AD001048,vendor_pin,locality,1,2828.3,-2306.0,0.0833,0.1061,0.2278,0,1,0,0,0,0,locality,2,3394.7
78d3ed44ec07,AD001048,town_centroid,town,1,-46.70000000000002,-500.9083333333333,0.0833,0.1061,0.2278,0,1,0,0,0,0,none,2,0.0
6131c7cfb044,AD001049,vendor_pin,locality,1,-727.8,-417.0,0.0769,0.0633,0.2045,0,1,0,0,0,0,locality,2,571.2
80faa5c207cf,AD001049,town_centroid,town,1,-172.75833333333335,-551.7416666666667,0.0769,0.0633,0.2045,0,1,0,0,0,0,none,2,0.0
dc434a758cc6,AD001050,vendor_pin,locality,1,3014.9,580.4,0.2222,0.1887,0.3529,1,1,0,0,0,0,locality,3,2209.4
4af1c8ba651b,AD001050,locality_centroid,locality,1,3029.6,575.7,0.2222,0.1887,0.3529,1,1,0,0,0,0,none,3,2222.7
c758b1cdc40b,AD001050,town_centroid,town,1,856.3249999999999,109.34166666666668,0.2222,0.1887,0.3529,1,1,0,0,0,0,none,3,0.0
64a2ea6e04d7,AD001052,vendor_pin,locality,1,2817.7,-2277.3,0.1667,0.1471,0.2892,1,1,0,0,0,0,locality,3,3370.5
b19be5cb2b10,AD001052,locality_centroid,locality,1,2735.1,-2128.6,0.1667,0.1471,0.2892,1,1,0,0,0,0,none,3,3223.0
769447225273,AD001052,town_centroid,town,1,-46.70000000000002,-500.9083333333333,0.1667,0.1471,0.2892,1,1,0,0,0,0,none,3,0.0
d10b8237ea5d,AD001053,vendor_pin,street,1,977.3,-645.7,0.1818,0.1757,0.3297,1,1,0,0,0,0,street,4,1153.9
2c8efa7d59c2,AD001053,locality_centroid,locality,1,929.4,-822.2,0.1818,0.1757,0.3297,1,1,0,0,0,0,none,4,1134.9
63fcfb0f7391,AD001053,town_centroid,town,1,-172.75833333333335,-551.7416666666667,0.1818,0.1757,0.3297,1,1,0,0,0,0,none,4,0.0
144dabbd3d86,AD001053,prior_field_cluster,street,1,895.8,-710.7,0.1818,0.1757,0.3297,1,1,0,0,0,0,none,4,1080.3
d42d9989e314,AD001054,vendor_pin,locality,1,-367.7,3052.7,0.2,0.1857,0.3448,1,1,0,0,0,0,locality,4,3609.7
f0a6eef13c4e,AD001054,locality_centroid,locality,1,-438.3,3208.9,0.2,0.1857,0.3448,1,1,0,0,0,0,none,4,3770.0
e5d49a2e117c,AD001054,town_centroid,town,1,-172.75833333333335,-551.7416666666667,0.2,0.1857,0.3448,1,1,0,0,0,0,none,4,0.0
c208f3b6989a,AD001054,prior_field_cluster,street,1,-133.5,2765.2,0.2,0.1857,0.3448,1,1,0,0,0,0,none,4,3317.2
4ac8302db7fa,AD001055,vendor_pin,locality,1,648.1,-3138.4,0.2,0.1864,0.321,1,1,0,0,0,0,locality,4,3254.4
44ceb54b324c,AD001055,locality_centroid,locality,1,688.3,-3007.0,0.2,0.1864,0.321,1,1,0,0,0,0,none,4,3120.9
0f8caa2d4f29,AD001055,town_centroid,town,1,856.3249999999999,109.34166666666668,0.2,0.1864,0.321,1,1,0,0,0,0,none,4,0.0
be85c398767f,AD001055,prior_field_cluster,street,1,338.7,-3223.2,0.2,0.1864,0.321,1,1,0,0,0,0,none,4,3372.5
22cd514fa655,AD001057,vendor_pin,locality,1,645.8,-3115.6,0.1,0.1176,0.2651,0,1,0,0,0,0,locality,3,2704.8
0b700b8ff043,AD001057,town_centroid,town,1,-46.70000000000002,-500.9083333333333,0.1,0.1176,0.2651,0,1,0,0,0,0,none,3,0.0
221c0d9fccee,AD001057,prior_field_cluster,street,1,1082.3,-2882.0,0.1,0.1176,0.2651,0,1,0,0,0,0,none,3,2635.2
b9e71e214bdf,AD001058,vendor_pin,locality,1,2762.2,-2150.4,0.125,0.14,0.3607,0,1,0,0,0,0,locality,2,3257.4
2b2ac7e65c22,AD001058,town_centroid,town,1,-46.70000000000002,-500.9083333333333,0.125,0.14,0.3607,0,1,0,0,0,0,none,2,0.0
00350fc7cfc5,AD001059,vendor_pin,locality,1,996.4,-195.5,0.2,0.193,0.3514,1,1,0,0,0,0,locality,3,335.5
45db18813edc,AD001059,locality_centroid,locality,1,1046.9,-2.6,0.2,0.193,0.3514,1,1,0,0,0,0,none,3,221.0
29ce1092bcff,AD001059,town_centroid,town,1,856.3249999999999,109.34166666666668,0.2,0.193,0.3514,1,1,0,0,0,0,none,3,0.0
709aa50660fa,AD001060,vendor_pin,locality,1,1471.6,-2305.6,0.2222,0.1552,0.2821,1,1,0,0,0,0,locality,3,2492.1
52c7e3585b9c,AD001060,locality_centroid,locality,1,1577.4,-2059.5,0.2222,0.1552,0.2821,1,1,0,0,0,0,none,3,2285.6
0e9628f360b7,AD001060,town_centroid,town,1,856.3249999999999,109.34166666666668,0.2222,0.1552,0.2821,1,1,0,0,0,0,none,3,0.0
06203f1ca2e4,AD001062,vendor_pin,locality,1,3539.0,502.8,0.1333,0.1573,0.2909,1,1,0,0,0,0,locality,3,3858.7
36602c2bd8ab,AD001062,locality_centroid,locality,1,3653.7,367.3,0.1333,0.1573,0.2909,1,1,0,0,0,0,none,3,3935.3
dfc520aa2c77,AD001062,town_centroid,town,1,-172.75833333333335,-551.7416666666667,0.1333,0.1573,0.2909,1,1,0,0,0,0,none,3,0.0
11e915bf8502,AD001063,vendor_pin,locality,1,2560.8,-2062.6,0.1111,0.1296,0.2687,0,1,0,0,0,0,locality,2,3039.4
26ebb75715cd,AD001063,town_centroid,town,1,-46.70000000000002,-500.9083333333333,0.1111,0.1296,0.2687,0,1,0,0,0,0,none,2,0.0
2612e71c3c82,AD001064,vendor_pin,locality,1,-3710.1,-890.1,0.2308,0.1807,0.3301,1,1,0,0,0,0,locality,4,3553.5
b38be278717d,AD001064,locality_centroid,locality,1,-3766.2,-883.9,0.2308,0.1807,0.3301,1,1,0,0,0,0,none,4,3608.8
f262d829349e,AD001064,town_centroid,town,1,-172.75833333333335,-551.7416666666667,0.2308,0.1807,0.3301,1,1,0,0,0,0,none,4,0.0
89d45861e91f,AD001064,prior_field_cluster,street,1,-2960.6499999999996,-37.2,0.2308,0.1807,0.3301,1,1,0,0,0,0,none,4,2835.0
f735ee842d0a,AD001065,vendor_pin,pincode,1,1621.2,-1200.0,0.0,0.0127,0.119,0,1,0,0,0,0,pincode,2,1808.5
45242681fcca,AD001065,town_centroid,town,1,-46.70000000000002,-500.9083333333333,0.0,0.0127,0.119,0,1,0,0,0,0,none,2,0.0
dc057d6d8bba,AD001066,vendor_pin,locality,1,-3698.1,-909.9,0.375,0.3,0.4928,1,0,0,0,0,0,locality,3,3543.5
616288ff64a2,AD001066,locality_centroid,locality,1,-3766.2,-883.9,0.375,0.3,0.4928,1,0,0,0,0,0,none,3,3608.8
b99b74a77dff,AD001066,town_centroid,town,1,-172.75833333333335,-551.7416666666667,0.375,0.3,0.4928,1,0,0,0,0,0,none,3,0.0
9567cf88b5ed,AD001067,vendor_pin,pincode,1,1677.4,-1805.6,0.0,0.0208,0.1786,0,1,0,0,0,0,pincode,2,2162.1
30222e4b703d,AD001067,town_centroid,town,1,-46.70000000000002,-500.9083333333333,0.0,0.0208,0.1786,0,1,0,0,0,0,none,2,0.0
10cd1b1ab50a,AD001068,vendor_pin,locality,1,573.8,1670.9,0.1818,0.1528,0.2921,1,1,0,0,0,0,locality,3,2344.7
5c58abf92cad,AD001068,locality_centroid,locality,1,524.3,1610.0,0.1818,0.1528,0.2921,1,1,0,0,0,0,none,3,2271.3
1eb53ad8130f,AD001068,town_centroid,town,1,-172.75833333333335,-551.7416666666667,0.1818,0.1528,0.2921,1,1,0,0,0,0,none,3,0.0
5aadd188a6ed,AD001069,vendor_pin,pincode,1,-21.9,-94.8,0.0,0.0625,0.1918,0,0,0,0,0,0,pincode,2,481.2
66460069f131,AD001069,town_centroid,town,1,-172.75833333333335,-551.7416666666667,0.0,0.0625,0.1918,0,0,0,0,0,0,none,2,0.0
acad242d536c,AD001070,vendor_pin,locality,1,-2255.9,-2319.7,0.1818,0.1692,0.321,1,1,0,0,0,0,locality,3,2861.6
b149eb8fa3d1,AD001070,locality_centroid,locality,1,-2195.4,-2378.6,0.1818,0.1692,0.321,1,1,0,0,0,0,none,3,2853.5
17826eb601d8,AD001070,town_centroid,town,1,-46.70000000000002,-500.9083333333333,0.1818,0.1692,0.321,1,1,0,0,0,0,none,3,0.0
3a3aacb9c368,AD001071,vendor_pin,locality,1,-795.6,-623.4,0.125,0.1163,0.3462,0,1,0,0,0,0,locality,3,627.0
7fee2a528c79,AD001071,town_centroid,town,1,-172.75833333333335,-551.7416666666667,0.125,0.1163,0.3462,0,1,0,0,0,0,none,3,0.0
e5d8d9fd6c0c,AD001071,prior_field_cluster,street,1,-833.6,-695.1,0.125,0.1163,0.3462,0,1,0,0,0,0,none,3,676.2
1febb43f911f,AD001073,vendor_pin,locality,1,914.0,-778.8,0.2,0.1831,0.3409,1,1,0,0,0,0,locality,3,1110.2
a4de5d009887,AD001073,locality_centroid,locality,1,929.4,-822.2,0.2,0.1831,0.3409,1,1,0,0,0,0,none,3,1134.9
bae8564e33ef,AD001073,town_centroid,town,1,-172.75833333333335,-551.7416666666667,0.2,0.1831,0.3409,1,1,0,0,0,0,none,3,0.0
237fcc567e83,AD001074,vendor_pin,locality,1,2650.1,-2242.5,0.1818,0.1351,0.2697,1,1,0,0,0,0,locality,3,3210.3
a2d2a8183fcb,AD001074,locality_centroid,locality,1,2735.1,-2128.6,0.1818,0.1351,0.2697,1,1,0,0,0,0,none,3,3223.0
e40c74f3a6d1,AD001074,town_centroid,town,1,-46.70000000000002,-500.9083333333333,0.1818,0.1351,0.2697,1,1,0,0,0,0,none,3,0.0
524a1581b42c,AD001075,vendor_pin,street,1,-3292.4,1100.6,0.1538,0.1558,0.2887,1,1,0,0,0,0,street,3,3619.3
51d3ce44252f,AD001075,locality_centroid,locality,1,-2863.9,1096.5,0.1538,0.1558,0.2887,1,1,0,0,0,0,none,3,3238.6
94dff5ebc006,AD001075,town_centroid,town,1,-46.70000000000002,-500.9083333333333,0.1538,0.1558,0.2887,1,1,0,0,0,0,none,3,0.0
b02e338eeab8,AD001076,vendor_pin,locality,1,-1219.5,-605.5,0.2222,0.1455,0.2985,1,1,0,0,0,0,locality,3,1048.1
0d4bfe1c1c18,AD001076,locality_centroid,locality,1,-722.6,-522.8,0.2222,0.1455,0.2985,1,1,0,0,0,0,none,3,550.6
a8e78f8adfe4,AD001076,town_centroid,town,1,-172.75833333333335,-551.7416666666667,0.2222,0.1455,0.2985,1,1,0,0,0,0,none,3,0.0
f4d750bed9fc,AD001078,vendor_pin,locality,1,3378.9,-1984.4,0.1538,0.1333,0.2667,1,1,0,0,0,0,locality,4,3829.7
5da77bdb31d7,AD001078,locality_centroid,locality,1,3188.8,-1960.7,0.1538,0.1333,0.2667,1,1,0,0,0,0,none,4,3644.9
bf0426b9ea3b,AD001078,town_centroid,town,1,-172.75833333333335,-551.7416666666667,0.1538,0.1333,0.2667,1,1,0,0,0,0,none,4,0.0
db36b6aaeab0,AD001078,prior_field_cluster,street,1,2984.5,-2036.5,0.1538,0.1333,0.2667,1,1,0,0,0,0,none,4,3489.0
859787c4d35c,AD001079,vendor_pin,rooftop,1,-2457.8,-107.1,0.0,0.0541,0.2195,0,1,0,0,0,0,rooftop,3,2327.9
80058634f06b,AD001079,town_centroid,town,1,-172.75833333333335,-551.7416666666667,0.0,0.0541,0.2195,0,1,0,0,0,0,none,3,0.0
35788f49dca3,AD001079,prior_field_cluster,street,1,-2447.0,-94.7,0.0,0.0541,0.2195,0,1,0,0,0,0,none,3,2319.7
218e3b003202,AD001080,vendor_pin,street,1,-2165.6,-214.3,0.2222,0.2182,0.4507,0,1,0,0,0,0,street,3,2021.2
9140526d134d,AD001080,town_centroid,town,1,-172.75833333333335,-551.7416666666667,0.2222,0.2182,0.4507,0,1,0,0,0,0,none,3,0.0
9f8edda79268,AD001080,prior_field_cluster,street,1,-2239.8999999999996,-131.5,0.2222,0.2182,0.4507,0,1,0,0,0,0,none,3,2109.4
9fd72cb5f122,AD001081,vendor_pin,locality,1,1086.5,-83.6,0.25,0.2157,0.3824,1,1,0,0,0,0,locality,3,300.3
e1f5a8ccddcb,AD001081,locality_centroid,locality,1,1046.9,-2.6,0.25,0.2157,0.3824,1,1,0,0,0,0,none,3,221.0
a6753c8768d4,AD001081,town_centroid,town,1,856.3249999999999,109.34166666666668,0.25,0.2157,0.3824,1,1,0,0,0,0,none,3,0.0
9289dbabfddf,AD001082,vendor_pin,locality,1,943.2,2485.2,0.1818,0.1316,0.2609,1,0,0,0,0,0,locality,3,2377.4
2c2d6d9aa1ba,AD001082,locality_centroid,locality,1,986.3,2772.6,0.1818,0.1316,0.2609,1,0,0,0,0,0,none,3,2666.4
e4aa8c20cd55,AD001082,town_centroid,town,1,856.3249999999999,109.34166666666668,0.1818,0.1316,0.2609,1,0,0,0,0,0,none,3,0.0
a9e40d62ac7e,AD001083,vendor_pin,street,1,893.3,-3317.8,0.1818,0.1515,0.3,1,1,0,0,0,0,street,4,2969.6
b63e752737f5,AD001083,locality_centroid,locality,1,665.2,-3094.2,0.1818,0.1515,0.3,1,1,0,0,0,0,none,4,2689.2
980a87f148cb,AD001083,town_centroid,town,1,-46.70000000000002,-500.9083333333333,0.1818,0.1515,0.3,1,1,0,0,0,0,none,4,0.0
69c97f35d132,AD001083,prior_field_cluster,street,1,802.2,-3288.8,0.1818,0.1515,0.3,1,1,0,0,0,0,none,4,2914.3
9c155239c04e,AD001084,vendor_pin,locality,1,-1714.4,-2720.5,0.25,0.1746,0.3059,1,1,0,0,0,0,locality,3,3823.2
668e1b7e7f9f,AD001084,locality_centroid,locality,1,-1600.3,-2801.9,0.25,0.1746,0.3059,1,1,0,0,0,0,none,3,3809.2
71587e189760,AD001084,town_centroid,town,1,856.3249999999999,109.34166666666668,0.25,0.1746,0.3059,1,1,0,0,0,0,none,3,0.0
126ebbe2a31b,AD001086,vendor_pin,locality,1,-778.5,-484.3,0.1111,0.1,0.3051,0,1,0,0,0,0,locality,2,609.5
2eb33324194d,AD001086,town_centroid,town,1,-172.75833333333335,-551.7416666666667,0.1111,0.1,0.3051,0,1,0,0,0,0,none,2,0.0
d6b87805d13b,AD001087,vendor_pin,pincode,1,2087.3,-1960.4,0.0,0.0282,0.2051,0,1,0,0,0,0,pincode,3,2585.4
0b1da804d0a4,AD001087,town_centroid,town,1,-46.70000000000002,-500.9083333333333,0.0,0.0282,0.2051,0,1,0,0,0,0,none,3,0.0
a23b723c060c,AD001087,prior_field_cluster,street,1,1010.5,-2649.8,0.0,0.0282,0.2051,0,1,0,0,0,0,none,3,2394.9
860872e69ca8,AD001088,vendor_pin,locality,1,1086.4,-8.7,0.1667,0.1765,0.3294,1,1,0,0,0,0,locality,4,1235.4
4ffb2df776d1,AD001088,locality_centroid,locality,1,1112.8,-196.7,0.1667,0.1765,0.3294,1,1,0,0,0,0,none,4,1198.7
88f95fd2f648,AD001088,town_centroid,town,1,-46.70000000000002,-500.9083333333333,0.1667,0.1765,0.3294,1,1,0,0,0,0,none,4,0.0
b35e1f55cd28,AD001088,prior_field_cluster,street,1,1402.9,-259.9,0.1667,0.1765,0.3294,1,1,0,0,0,0,none,4,1469.5
ddbd8a4864cc,AD001089,vendor_pin,locality,1,3707.0,228.1,0.1,0.1754,0.4225,0,1,0,0,0,0,locality,2,3957.4
47afebdb3216,AD001089,town_centroid,town,1,-172.75833333333335,-551.7416666666667,0.1,0.1754,0.4225,0,1,0,0,0,0,none,2,0.0
d56ce4ca11be,AD001091,vendor_pin,locality,1,-3695.7,-780.8,0.1538,0.1316,0.3111,0,1,0,0,0,0,locality,3,3530.4
6c05d48e37a1,AD001091,town_centroid,town,1,-172.75833333333335,-551.7416666666667,0.1538,0.1316,0.3111,0,1,0,0,0,0,none,3,0.0
29eb1ffb0e99,AD001091,prior_field_cluster,street,1,-3691.6,-718.5,0.1538,0.1316,0.3111,0,1,0,0,0,0,none,3,3522.8
bb971a533a89,AD001092,vendor_pin,locality,1,-938.8,-358.3,0.1667,0.1,0.2174,1,1,0,0,0,0,locality,3,790.1
0cd76081e416,AD001092,locality_centroid,locality,1,-722.6,-522.8,0.1667,0.1,0.2174,1,1,0,0,0,0,none,3,550.6
3b388d6bafa7,AD001092,town_centroid,town,1,-172.75833333333335,-551.7416666666667,0.1667,0.1,0.2174,1,1,0,0,0,0,none,3,0.0
ec5ea2a36154,AD001094,vendor_pin,locality,1,-2488.4,1782.3,0.0769,0.1111,0.2737,0,1,0,0,0,0,locality,3,3287.8
5c0a3cdda003,AD001094,town_centroid,town,1,-172.75833333333335,-551.7416666666667,0.0769,0.1111,0.2737,0,1,0,0,0,0,none,3,0.0
c731fa6d6fcb,AD001094,prior_field_cluster,street,1,-2467.25,1751.8,0.0769,0.1111,0.2737,0,1,0,0,0,0,none,3,3251.3
0cb4dd2e7cb6,AD001095,vendor_pin,pincode,1,1186.1,-1723.2,0.1667,0.1389,0.3404,0,1,0,0,0,0,pincode,2,1862.0
fa7271ce7a08,AD001095,town_centroid,town,1,856.3249999999999,109.34166666666668,0.1667,0.1389,0.3404,0,1,0,0,0,0,none,2,0.0
6c32cf30b103,AD001096,vendor_pin,locality,1,2328.4,1206.5,0.2,0.1552,0.2973,1,1,0,0,0,0,locality,4,2925.1
40a21737bf4c,AD001096,locality_centroid,locality,1,2499.2,994.1,0.2,0.1552,0.2973,1,1,0,0,0,0,none,4,2952.4
aaee0a3b4911,AD001096,town_centroid,town,1,-46.70000000000002,-500.9083333333333,0.2,0.1552,0.2973,1,1,0,0,0,0,none,4,0.0
02ffc1b7a3a8,AD001096,prior_field_cluster,street,1,2710.8,1010.6,0.2,0.1552,0.2973,1,1,0,0,0,0,none,4,3144.6
5bdf3e434864,AD001097,vendor_pin,locality,1,1956.5,-971.3,0.1667,0.2,0.3495,1,1,0,0,0,0,locality,3,2057.7
c1d68116844d,AD001097,locality_centroid,locality,1,1939.0,-996.1,0.1667,0.2,0.3495,1,1,0,0,0,0,none,3,2046.5
c8bde0f3854b,AD001097,town_centroid,town,1,-46.70000000000002,-500.9083333333333,0.1667,0.2,0.3495,1,1,0,0,0,0,none,3,0.0
e2a107a648ab,AD001098,vendor_pin,pincode,1,2217.5,-1609.0,0.0,0.1,0.25,0,1,0,0,0,0,pincode,2,2613.6
a64843d6d952,AD001098,town_centroid,town,1,-172.75833333333335,-551.7416666666667,0.0,0.1,0.25,0,1,0,0,0,0,none,2,0.0
425898499028,AD001099,vendor_pin,locality,1,-3779.9,-823.9,0.2308,0.1923,0.3505,1,1,0,0,0,0,locality,3,3617.4
8adb3ff6a9ed,AD001099,locality_centroid,locality,1,-3766.2,-883.9,0.2308,0.1923,0.3505,1,1,0,0,0,0,none,3,3608.8
d571f8cf372f,AD001099,town_centroid,town,1,-172.75833333333335,-551.7416666666667,0.2308,0.1923,0.3505,1,1,0,0,0,0,none,3,0.0
3c6661098afb,AD001100,vendor_pin,locality,1,2755.9,-2185.0,0.25,0.1961,0.3692,1,1,0,0,0,0,locality,4,3269.7
bf20bf120b45,AD001100,locality_centroid,locality,1,2735.1,-2128.6,0.25,0.1961,0.3692,1,1,0,0,0,0,none,4,3223.0
e503e0f741b7,AD001100,town_centroid,town,1,-46.70000000000002,-500.9083333333333,0.25,0.1961,0.3692,1,1,0,0,0,0,none,4,0.0
4cd821815140,AD001100,prior_field_cluster,street,1,2902.4,-2551.2,0.25,0.1961,0.3692,1,1,0,0,0,0,none,4,3591.8
d375e020c7eb,AD001101,vendor_pin,locality,1,486.3,-2813.1,0.1667,0.1389,0.2697,1,1,0,0,0,0,locality,3,2372.8
61451de061c2,AD001101,locality_centroid,locality,1,665.2,-3094.2,0.1667,0.1389,0.2697,1,1,0,0,0,0,none,3,2689.2
4e53e127c678,AD001101,town_centroid,town,1,-46.70000000000002,-500.9083333333333,0.1667,0.1389,0.2697,1,1,0,0,0,0,none,3,0.0
3e03119f2f1e,AD001102,vendor_pin,locality,1,1010.6,2547.2,0.1667,0.1333,0.2637,1,1,0,0,0,0,locality,3,2442.7
29e00d7dd4b9,AD001102,locality_centroid,locality,1,986.3,2772.6,0.1667,0.1333,0.2637,1,1,0,0,0,0,none,3,2666.4
ab5d730879c9,AD001102,town_centroid,town,1,856.3249999999999,109.34166666666668,0.1667,0.1333,0.2637,1,1,0,0,0,0,none,3,0.0
35f290c18f21,AD001103,vendor_pin,pincode,1,542.9,111.2,0.0,0.0299,0.2162,0,0,0,0,0,0,pincode,2,849.9
973c04b1d545,AD001103,town_centroid,town,1,-46.70000000000002,-500.9083333333333,0.0,0.0299,0.2162,0,0,0,0,0,0,none,2,0.0
c4fa32eacfc2,AD001104,vendor_pin,pincode,1,2105.4,1739.7,0.0,0.0274,0.225,0,1,0,0,0,0,pincode,2,3106.7
d2cae5d3aa91,AD001104,town_centroid,town,1,-46.70000000000002,-500.9083333333333,0.0,0.0274,0.225,0,1,0,0,0,0,none,2,0.0
b290f49ada78,AD001105,vendor_pin,locality,1,2621.9,-2182.7,0.1333,0.1111,0.2286,1,1,0,0,0,0,locality,4,3154.3
c1633606638f,AD001105,locality_centroid,locality,1,2735.1,-2128.6,0.1333,0.1111,0.2286,1,1,0,0,0,0,none,4,3223.0
e6f971f4f97d,AD001105,town_centroid,town,1,-46.70000000000002,-500.9083333333333,0.1333,0.1111,0.2286,1,1,0,0,0,0,none,4,0.0
1fdbd156bfd6,AD001105,prior_field_cluster,street,1,2828.8,-2276.8,0.1333,0.1111,0.2286,1,1,0,0,0,0,none,4,3379.7
aa6e01062b56,AD001107,vendor_pin,pincode,1,1557.9,-1653.5,0.0769,0.0864,0.2766,0,1,0,0,0,0,pincode,2,1975.7
859379bd5136,AD001107,town_centroid,town,1,-46.70000000000002,-500.9083333333333,0.0769,0.0864,0.2766,0,1,0,0,0,0,none,2,0.0
c560c4744d09,AD001108,vendor_pin,street,1,301.8,2520.8,0.1667,0.1818,0.3469,1,1,0,0,0,0,street,4,3041.7
a3ad322d5933,AD001108,locality_centroid,locality,1,290.7,2335.2,0.1667,0.1818,0.3469,1,1,0,0,0,0,none,4,2856.1
58c4c53b5019,AD001108,town_centroid,town,1,-46.70000000000002,-500.9083333333333,0.1667,0.1818,0.3469,1,1,0,0,0,0,none,4,0.0
5bdc14d1827d,AD001108,prior_field_cluster,street,1,312.1,2546.9,0.1667,0.1818,0.3469,1,1,0,0,0,0,none,4,3068.9
376762a0294f,AD001109,vendor_pin,locality,1,-2575.9,-346.3,0.3333,0.25,0.4304,1,1,0,0,0,0,locality,3,2411.9
b81b3379de41,AD001109,locality_centroid,locality,1,-2605.6,-262.1,0.3333,0.25,0.4304,1,1,0,0,0,0,none,3,2450.0
e42b9ce4bda2,AD001109,town_centroid,town,1,-172.75833333333335,-551.7416666666667,0.3333,0.25,0.4304,1,1,0,0,0,0,none,3,0.0
e2d465291542,AD001110,vendor_pin,locality,1,-797.3,-1178.3,0.25,0.22,0.3939,1,1,0,0,0,0,locality,3,1011.1
97120d1fc0f3,AD001110,locality_centroid,locality,1,-598.6,-1329.8,0.25,0.22,0.3939,1,1,0,0,0,0,none,3,995.8
e73e81fdaefc,AD001110,town_centroid,town,1,-46.70000000000002,-500.9083333333333,0.25,0.22,0.3939,1,1,0,0,0,0,none,3,0.0
67d388bf973c,AD001112,vendor_pin,locality,1,-1143.9,-2191.7,0.1818,0.1579,0.3043,1,1,0,0,0,0,locality,3,1905.9
e9313c2dbaaa,AD001112,locality_centroid,locality,1,-1112.2,-1888.2,0.1818,0.1579,0.3043,1,1,0,0,0,0,none,3,1633.6
1053c98a6acf,AD001112,town_centroid,town,1,-172.75833333333335,-551.7416666666667,0.1818,0.1579,0.3043,1,1,0,0,0,0,none,3,0.0
a76279913b45,AD001113,vendor_pin,locality,1,1135.1,-845.6,0.1667,0.1625,0.3061,1,1,0,0,0,0,locality,3,1340.5
a430e6ea299c,AD001113,locality_centroid,locality,1,929.4,-822.2,0.1667,0.1625,0.3061,1,1,0,0,0,0,none,3,1134.9
1726a839ca64,AD001113,town_centroid,town,1,-172.75833333333335,-551.7416666666667,0.1667,0.1625,0.3061,1,1,0,0,0,0,none,3,0.0
c88c418b2734,AD001114,vendor_pin,locality,1,2707.2,-1445.8,0.2,0.1515,0.2892,1,1,0,0,0,0,locality,3,2417.5
052408eca18f,AD001114,locality_centroid,locality,1,2589.2,-1273.1,0.2,0.1515,0.2892,1,1,0,0,0,0,none,3,2216.8
69a51483ba16,AD001114,town_centroid,town,1,856.3249999999999,109.34166666666668,0.2,0.1515,0.2892,1,1,0,0,0,0,none,3,0.0
fc5bade78827,AD001115,vendor_pin,locality,1,-642.4,3038.9,0.2222,0.1905,0.3256,1,1,0,0,0,0,locality,3,3290.7
4ca0756cf13b,AD001115,locality_centroid,locality,1,-603.5,2996.1,0.2222,0.1905,0.3256,1,1,0,0,0,0,none,3,3234.9
6e361ffe259a,AD001115,town_centroid,town,1,856.3249999999999,109.34166666666668,0.2222,0.1905,0.3256,1,1,0,0,0,0,none,3,0.0
bede1eb1318d,AD001116,vendor_pin,locality,1,3090.0,-1971.1,0.1667,0.1299,0.2609,1,1,0,0,0,0,locality,4,3558.1
f10b1caf99d0,AD001116,locality_centroid,locality,1,3188.8,-1960.7,0.1667,0.1299,0.2609,1,1,0,0,0,0,none,4,3644.9
722ef7938ebc,AD001116,town_centroid,town,1,-172.75833333333335,-551.7416666666667,0.1667,0.1299,0.2609,1,1,0,0,0,0,none,4,0.0
185278d8bb3a,AD001116,prior_field_cluster,street,1,3114.7,-1943.0,0.1667,0.1299,0.2609,1,1,0,0,0,0,none,4,3569.7
c521a01b3ab3,AD001117,vendor_pin,locality,1,2509.2,-1235.1,0.1818,0.1515,0.2927,1,1,0,0,0,0,locality,3,2130.6
f6c4db6dda85,AD001117,locality_centroid,locality,1,2589.2,-1273.1,0.1818,0.1515,0.2927,1,1,0,0,0,0,none,3,2216.8
4b6c1c5ca4b3,AD001117,town_centroid,town,1,856.3249999999999,109.34166666666668,0.1818,0.1515,0.2927,1,1,0,0,0,0,none,3,0.0
89d079f331e9,AD001118,vendor_pin,locality,1,-2477.7,1422.2,0.1,0.1452,0.3421,0,1,0,0,0,0,locality,2,3034.7
9dcab9a58cf8,AD001118,town_centroid,town,1,-172.75833333333335,-551.7416666666667,0.1,0.1452,0.3421,0,1,0,0,0,0,none,2,0.0
02a2efa645eb,AD001119,vendor_pin,locality,1,3820.8,341.4,0.1538,0.1609,0.2963,1,1,0,0,0,0,locality,3,4092.2
a098b036c667,AD001119,locality_centroid,locality,1,3653.7,367.3,0.1538,0.1609,0.2963,1,1,0,0,0,0,none,3,3935.3
dd5202f13893,AD001119,town_centroid,town,1,-172.75833333333335,-551.7416666666667,0.1538,0.1609,0.2963,1,1,0,0,0,0,none,3,0.0
fc3bf56e899e,AD001120,vendor_pin,locality,1,-3914.3,-629.6,0.25,0.1875,0.3434,1,1,0,0,0,0,locality,3,3742.4
455dd5cbb61d,AD001120,locality_centroid,locality,1,-3766.2,-883.9,0.25,0.1875,0.3434,1,1,0,0,0,0,none,3,3608.8
1a3f5b812519,AD001120,town_centroid,town,1,-172.75833333333335,-551.7416666666667,0.25,0.1875,0.3434,1,1,0,0,0,0,none,3,0.0
ea1e659b7b54,AD001121,vendor_pin,street,1,3709.3,754.2,0.1818,0.2,0.3636,1,1,1,0,0,0,street,4,4095.8
aaf6ee39477e,AD001121,locality_centroid,locality,1,3653.7,367.3,0.1818,0.2,0.3636,1,1,1,0,0,0,none,4,3935.3
eb44b52e1d9d,AD001121,town_centroid,town,1,-172.75833333333335,-551.7416666666667,0.1818,0.2,0.3636,1,1,1,0,0,0,none,4,0.0
d18949536859,AD001121,prior_field_cluster,street,1,3732.9,657.4,0.1818,0.2,0.3636,1,1,1,0,0,0,none,4,4088.5
280e5590084f,AD001122,vendor_pin,locality,1,3749.7,406.4,0.1818,0.1842,0.3404,1,1,0,0,0,0,locality,4,4037.8
bd8ce77fc0ac,AD001122,locality_centroid,locality,1,3653.7,367.3,0.1818,0.1842,0.3404,1,1,0,0,0,0,none,4,3935.3
003fd1f62916,AD001122,town_centroid,town,1,-172.75833333333335,-551.7416666666667,0.1818,0.1842,0.3404,1,1,0,0,0,0,none,4,0.0
2c37dc7332ee,AD001122,prior_field_cluster,street,1,3365.1499999999996,493.35,0.1818,0.1842,0.3404,1,1,0,0,0,0,none,4,3689.0
ea924af7ed24,AD001123,vendor_pin,locality,1,-2723.5,-234.0,0.2727,0.2308,0.4048,1,1,0,0,0,0,locality,3,2570.5
44d5e6441bdc,AD001123,locality_centroid,locality,1,-2605.6,-262.1,0.2727,0.2308,0.4048,1,1,0,0,0,0,none,3,2450.0
5b16316b08fe,AD001123,town_centroid,town,1,-172.75833333333335,-551.7416666666667,0.2727,0.2308,0.4048,1,1,0,0,0,0,none,3,0.0
caa1beeefe56,AD001124,vendor_pin,locality,1,1587.7,-1923.8,0.25,0.1875,0.3438,0,1,0,0,0,0,locality,2,2160.7
6484c4c06979,AD001124,town_centroid,town,1,856.3249999999999,109.34166666666668,0.25,0.1875,0.3438,0,1,0,0,0,0,none,2,0.0
f385a83f23e2,AD001125,vendor_pin,street,1,1275.4,1129.1,0.2222,0.1818,0.3333,1,1,0,0,0,0,street,3,1102.5
0027093ac7ae,AD001125,locality_centroid,locality,1,987.4,1270.5,0.2222,0.1818,0.3333,1,1,0,0,0,0,none,3,1168.5
73597de0fc07,AD001125,town_centroid,town,1,856.3249999999999,109.34166666666668,0.2222,0.1818,0.3333,1,1,0,0,0,0,none,3,0.0
c240bf87ee0a,AD001126,vendor_pin,locality,1,3094.5,622.8,0.1818,0.1389,0.2759,1,1,0,0,0,0,locality,3,2296.3
70c909673371,AD001126,locality_centroid,locality,1,3029.6,575.7,0.1818,0.1389,0.2759,1,1,0,0,0,0,none,3,2222.7
15093c4316c2,AD001126,town_centroid,town,1,856.3249999999999,109.34166666666668,0.1818,0.1389,0.2759,1,1,0,0,0,0,none,3,0.0
8173f2fb8e2e,AD001127,vendor_pin,locality,1,516.4,-3180.2,0.1667,0.2941,0.5,0,1,0,0,0,0,locality,3,3307.1
3e6cb356b611,AD001127,town_centroid,town,1,856.3249999999999,109.34166666666668,0.1667,0.2941,0.5,0,1,0,0,0,0,none,3,0.0
014fbbe3c355,AD001127,prior_field_cluster,street,1,626.8,-3373.0,0.1667,0.2941,0.5,0,1,0,0,0,0,none,3,3489.9
f4e8c05823f9,AD001128,vendor_pin,locality,1,902.4,-829.5,0.1429,0.1398,0.2703,1,1,0,0,0,0,locality,4,1110.5
f7b9b625092e,AD001128,locality_centroid,locality,1,929.4,-822.2,0.1429,0.1398,0.2703,1,1,0,0,0,0,none,4,1134.9
b102259daa7a,AD001128,town_centroid,town,1,-172.75833333333335,-551.7416666666667,0.1429,0.1398,0.2703,1,1,0,0,0,0,none,4,0.0
ce71b5a64436,AD001128,prior_field_cluster,street,1,813.9000000000001,-1361.5,0.1429,0.1398,0.2703,1,1,0,0,0,0,none,4,1276.4
fb6cce6902cc,AD001129,vendor_pin,street,1,-707.4,3230.6,0.1818,0.169,0.3043,1,1,0,0,0,0,street,3,3491.1
5ee24a131688,AD001129,locality_centroid,locality,1,-603.5,2996.1,0.1818,0.169,0.3043,1,1,0,0,0,0,none,3,3234.9
730c58a9c030,AD001129,town_centroid,town,1,856.3249999999999,109.34166666666668,0.1818,0.169,0.3043,1,1,0,0,0,0,none,3,0.0
cfd804d0abd5,AD001130,vendor_pin,street,1,-652.8,-3302.0,0.1667,0.1538,0.2963,1,1,0,0,0,0,street,4,2865.9
c41c4db10e15,AD001130,locality_centroid,locality,1,-1053.3,-3163.0,0.1667,0.1538,0.2963,1,1,0,0,0,0,none,4,2846.0
b63344005026,AD001130,town_centroid,town,1,-46.70000000000002,-500.9083333333333,0.1667,0.1538,0.2963,1,1,0,0,0,0,none,4,0.0
ed2b6d34432d,AD001130,prior_field_cluster,street,1,-781.8,-3314.6,0.1667,0.1538,0.2963,1,1,0,0,0,0,none,4,2908.1
1f8e8231a2c0,AD001131,vendor_pin,locality,1,1648.4,-2020.8,0.2,0.1364,0.2683,1,1,0,0,0,0,locality,4,2272.6
3c050b64097b,AD001131,locality_centroid,locality,1,1577.4,-2059.5,0.2,0.1364,0.2683,1,1,0,0,0,0,none,4,2285.6
17b04e5189db,AD001131,town_centroid,town,1,856.3249999999999,109.34166666666668,0.2,0.1364,0.2683,1,1,0,0,0,0,none,4,0.0
70905df88587,AD001131,prior_field_cluster,street,1,1126.0,-1756.0,0.2,0.1364,0.2683,1,1,0,0,0,0,none,4,1884.7
475f9e1be5ee,AD001132,vendor_pin,street,1,2564.4,-1844.1,0.2,0.1449,0.2791,1,1,0,0,0,0,street,3,2594.9
25070a834db5,AD001132,locality_centroid,locality,1,2589.2,-1273.1,0.2,0.1449,0.2791,1,1,0,0,0,0,none,3,2216.8
03f6f9ed8235,AD001132,town_centroid,town,1,856.3249999999999,109.34166666666668,0.2,0.1449,0.2791,1,1,0,0,0,0,none,3,0.0
9c65177b1b26,AD001133,vendor_pin,locality,1,2550.4,-1268.5,0.25,0.2174,0.3871,1,1,0,0,0,0,locality,4,2183.7
ed9b312190eb,AD001133,locality_centroid,locality,1,2589.2,-1273.1,0.25,0.2174,0.3871,1,1,0,0,0,0,none,4,2216.8
ef330a23cd67,AD001133,town_centroid,town,1,856.3249999999999,109.34166666666668,0.25,0.2174,0.3871,1,1,0,0,0,0,none,4,0.0
7919be25c9ee,AD001133,prior_field_cluster,street,1,2389.1,-1247.3,0.25,0.2174,0.3871,1,1,0,0,0,0,none,4,2046.9
e9c8044cc563,AD001134,vendor_pin,locality,1,760.8,-2998.2,0.2,0.1864,0.3291,0,0,0,0,0,0,locality,2,3109.0
00ed2e37f7d3,AD001134,town_centroid,town,1,856.3249999999999,109.34166666666668,0.2,0.1864,0.3291,0,0,0,0,0,0,none,2,0.0
30c75f34bbdc,AD001135,vendor_pin,locality,1,-663.5,3058.4,0.1818,0.1791,0.3218,0,1,0,0,0,0,locality,3,3317.7
8667892bf6b2,AD001135,town_centroid,town,1,856.3249999999999,109.34166666666668,0.1818,0.1791,0.3218,0,1,0,0,0,0,none,3,0.0
ee557bc92211,AD001135,prior_field_cluster,street,1,-884.0,2962.85,0.1818,0.1791,0.3218,0,1,0,0,0,0,none,3,3342.3
9a1ca405d8e2,AD001136,vendor_pin,locality,1,1368.4,-111.1,0.0714,0.0988,0.2316,0,1,0,0,0,0,locality,3,557.5
b33b93d977f9,AD001136,town_centroid,town,1,856.3249999999999,109.34166666666668,0.0714,0.0988,0.2316,0,1,0,0,0,0,none,3,0.0
af90b0369618,AD001136,prior_field_cluster,street,1,834.0,-250.5,0.0714,0.0988,0.2316,0,1,0,0,0,0,none,3,360.5
1dbeadae6f8b,AD001137,vendor_pin,pincode,1,295.3,1838.8,0.1111,0.0893,0.2424,0,1,0,0,0,0,pincode,2,1818.2
50e970b02aa4,AD001137,town_centroid,town,1,856.3249999999999,109.34166666666668,0.1111,0.0893,0.2424,0,1,0,0,0,0,none,2,0.0
db4586184e2d,AD001138,vendor_pin,street,1,-266.0,-3220.2,0.1818,0.1622,0.3077,1,1,0,0,0,0,street,4,2670.1
f555c9383246,AD001138,locality_centroid,locality,1,-433.5,-3467.4,0.1818,0.1622,0.3077,1,1,0,0,0,0,none,4,2927.3
dd5f25db8f1c,AD001138,town_centroid,town,1,-172.75833333333335,-551.7416666666667,0.1818,0.1622,0.3077,1,1,0,0,0,0,none,4,0.0
2512262de31d,AD001138,prior_field_cluster,street,1,-364.6,-3305.7,0.1818,0.1622,0.3077,1,1,0,0,0,0,none,4,2760.6
9e3d0eb5ed39,AD001139,vendor_pin,pincode,1,1117.8,-2063.2,0.0,0.0161,0.1471,0,1,0,0,0,0,pincode,2,1948.5
cda185c6fa23,AD001139,town_centroid,town,1,-46.70000000000002,-500.9083333333333,0.0,0.0161,0.1471,0,1,0,0,0,0,none,2,0.0
ded17c1c6b19,AD001140,vendor_pin,locality,1,-525.6,-1210.8,0.1667,0.1507,0.2889,1,1,0,0,0,0,locality,3,856.3
d566ad31b8f2,AD001140,locality_centroid,locality,1,-598.6,-1329.8,0.1667,0.1507,0.2889,1,1,0,0,0,0,none,3,995.8
635a0516a83e,AD001140,town_centroid,town,1,-46.70000000000002,-500.9083333333333,0.1667,0.1507,0.2889,1,1,0,0,0,0,none,3,0.0
7f82101ad6fc,AD001141,vendor_pin,locality,1,-622.3,-3498.9,0.1538,0.1446,0.28,1,0,0,0,0,0,locality,3,2981.2
20bcc65499aa,AD001141,locality_centroid,locality,1,-433.5,-3467.4,0.1538,0.1446,0.28,1,0,0,0,0,0,none,3,2927.3
ae263cafa1c4,AD001141,town_centroid,town,1,-172.75833333333335,-551.7416666666667,0.1538,0.1446,0.28,1,0,0,0,0,0,none,3,0.0
93e0600cfd1f,AD001142,vendor_pin,locality,1,-689.3,-604.3,0.25,0.1667,0.3333,1,1,0,0,0,0,locality,3,519.2
e498cfbf32bb,AD001142,locality_centroid,locality,1,-722.6,-522.8,0.25,0.1667,0.3333,1,1,0,0,0,0,none,3,550.6
e114c03c075e,AD001142,town_centroid,town,1,-172.75833333333335,-551.7416666666667,0.25,0.1667,0.3333,1,1,0,0,0,0,none,3,0.0
94108c2b0d35,AD001143,vendor_pin,locality,1,3416.4,-1878.6,0.1818,0.1449,0.2892,1,1,0,0,0,0,locality,3,3826.6
265f5825de2b,AD001143,locality_centroid,locality,1,3188.8,-1960.7,0.1818,0.1449,0.2892,1,1,0,0,0,0,none,3,3644.9
9cf17d32ba82,AD001143,town_centroid,town,1,-172.75833333333335,-551.7416666666667,0.1818,0.1449,0.2892,1,1,0,0,0,0,none,3,0.0
47cedb0a241a,AD001144,vendor_pin,street,1,-613.2,-1231.1,0.1818,0.1746,0.325,1,1,0,0,0,0,street,3,924.2
4922d460cc0a,AD001144,locality_centroid,locality,1,-598.6,-1329.8,0.1818,0.1746,0.325,1,1,0,0,0,0,none,3,995.8
38525ec6cc65,AD001144,town_centroid,town,1,-46.70000000000002,-500.9083333333333,0.1818,0.1746,0.325,1,1,0,0,0,0,none,3,0.0
44b1f4c1d353,AD001145,vendor_pin,street,1,545.9,2307.6,0.25,0.2545,0.4474,1,1,0,0,0,0,street,4,2870.3
2f62dafb4bf8,AD001145,locality_centroid,locality,1,290.7,2335.2,0.25,0.2545,0.4474,1,1,0,0,0,0,none,4,2856.1
5b8df0218fa2,AD001145,town_centroid,town,1,-46.70000000000002,-500.9083333333333,0.25,0.2545,0.4474,1,1,0,0,0,0,none,4,0.0
485f231163bd,AD001145,prior_field_cluster,street,1,593.9,2292.4,0.25,0.2545,0.4474,1,1,0,0,0,0,none,4,2865.8
ddc7dab58d6c,AD001146,vendor_pin,pincode,1,260.2,-163.8,0.0,0.1081,0.3111,0,0,0,0,0,0,pincode,2,581.3
8961efdcbc79,AD001146,town_centroid,town,1,-172.75833333333335,-551.7416666666667,0.0,0.1081,0.3111,0,0,0,0,0,0,none,2,0.0
1fcc953127ef,AD001147,vendor_pin,pincode,1,-1795.0,2348.4,0.0,0.0597,0.1867,0,1,0,0,0,0,pincode,2,3323.0
6e7377790e0a,AD001147,town_centroid,town,1,-172.75833333333335,-551.7416666666667,0.0,0.0597,0.1867,0,1,0,0,0,0,none,2,0.0
bbe1bc83b83b,AD001148,vendor_pin,locality,1,-1220.3,476.3,0.4,0.2895,0.4906,1,1,0,0,0,0,locality,3,1527.2
e7cce8ff63ef,AD001148,locality_centroid,locality,1,-1205.8,409.2,0.4,0.2895,0.4906,1,1,0,0,0,0,none,3,1473.7
d863b3dafc5c,AD001148,town_centroid,town,1,-46.70000000000002,-500.9083333333333,0.4,0.2895,0.4906,1,1,0,0,0,0,none,3,0.0
99bed3b97bc3,AD001149,vendor_pin,locality,1,1475.6,-2112.6,0.2857,0.1915,0.3333,1,1,0,0,0,0,locality,4,2306.6
0f919058070e,AD001149,locality_centroid,locality,1,1577.4,-2059.5,0.2857,0.1915,0.3333,1,1,0,0,0,0,none,4,2285.6
0cf0659d998d,AD001149,town_centroid,town,1,856.3249999999999,109.34166666666668,0.2857,0.1915,0.3333,1,1,0,0,0,0,none,4,0.0
7930958b3dc2,AD001149,prior_field_cluster,street,1,1666.2,-1607.2,0.2857,0.1915,0.3333,1,1,0,0,0,0,none,4,1898.0
46415cfc6945,AD001150,vendor_pin,pincode,1,1293.3,689.5,0.125,0.0893,0.2424,0,1,0,0,0,0,pincode,2,726.3
568e100cf89e,AD001150,town_centroid,town,1,856.3249999999999,109.34166666666668,0.125,0.0893,0.2424,0,1,0,0,0,0,none,2,0.0
23d238767f03,AD001151,vendor_pin,locality,1,836.3,-3077.1,0.1111,0.1667,0.3548,0,1,0,0,0,0,locality,3,2723.3
9ea28eb36ec3,AD001151,town_centroid,town,1,-46.70000000000002,-500.9083333333333,0.1111,0.1667,0.3548,0,1,0,0,0,0,none,3,0.0
467d8f0e8578,AD001151,prior_field_cluster,street,1,667.5,-2914.5,0.1111,0.1667,0.3548,0,1,0,0,0,0,none,3,2517.0
33d12a6edf41,AD001152,vendor_pin,street,1,1382.4,488.8,0.2222,0.1803,0.3333,1,1,0,0,0,0,street,4,648.6
dfb925b4da6c,AD001152,locality_centroid,locality,1,1046.9,-2.6,0.2222,0.1803,0.3333,1,1,0,0,0,0,none,4,221.0
2a005cc1d9b5,AD001152,town_centroid,town,1,856.3249999999999,109.34166666666668,0.2222,0.1803,0.3333,1,1,0,0,0,0,none,4,0.0
84a4654504cb,AD001152,prior_field_cluster,street,1,1471.0,356.7,0.2222,0.1803,0.3333,1,1,0,0,0,0,none,4,662.6
6cb049f71341,AD001153,vendor_pin,pincode,1,-390.6,2116.3,0.125,0.0893,0.2388,0,1,0,0,0,0,pincode,2,2362.8
6eaeb8253afe,AD001153,town_centroid,town,1,856.3249999999999,109.34166666666668,0.125,0.0893,0.2388,0,1,0,0,0,0,none,2,0.0
9e4039d4e0da,AD001154,vendor_pin,locality,1,-3077.1,1006.3,0.1818,0.1765,0.3256,1,1,0,0,0,0,locality,4,3384.5
90c1cc2505d4,AD001154,locality_centroid,locality,1,-2863.9,1096.5,0.1818,0.1765,0.3256,1,1,0,0,0,0,none,4,3238.6
7a90607b3c21,AD001154,town_centroid,town,1,-46.70000000000002,-500.9083333333333,0.1818,0.1765,0.3256,1,1,0,0,0,0,none,4,0.0
e261e7e41ad5,AD001154,prior_field_cluster,street,1,-2605.4,1713.25,0.1818,0.1765,0.3256,1,1,0,0,0,0,none,4,3383.7
6f57f763c3ae,AD001155,vendor_pin,street,1,933.7,991.6,0.2222,0.1639,0.3117,1,1,0,0,0,0,street,3,885.6
3fae6bc7838e,AD001155,locality_centroid,locality,1,987.4,1270.5,0.2222,0.1639,0.3117,1,1,0,0,0,0,none,3,1168.5
aa85531e632b,AD001155,town_centroid,town,1,856.3249999999999,109.34166666666668,0.2222,0.1639,0.3117,1,1,0,0,0,0,none,3,0.0
4af0e888a1bb,AD001156,vendor_pin,street,1,746.7,-423.6,0.1,0.1311,0.3158,0,1,0,0,0,0,street,3,544.1
0a5446b7d9f3,AD001156,town_centroid,town,1,856.3249999999999,109.34166666666668,0.1,0.1311,0.3158,0,1,0,0,0,0,none,3,0.0
29b7e95e42a3,AD001156,prior_field_cluster,street,1,641.3,-289.3,0.1,0.1311,0.3158,0,1,0,0,0,0,none,3,452.9
63726b2e300b,AD001157,vendor_pin,street,1,-1864.7,-2907.9,0.2857,0.2292,0.3714,1,1,0,0,0,0,street,3,4063.0
56b994bc46f0,AD001157,locality_centroid,locality,1,-1600.3,-2801.9,0.2857,0.2292,0.3714,1,1,0,0,0,0,none,3,3809.2
d3fca3955a7c,AD001157,town_centroid,town,1,856.3249999999999,109.34166666666668,0.2857,0.2292,0.3714,1,1,0,0,0,0,none,3,0.0
523c335ba812,AD001158,vendor_pin,locality,1,899.5,2835.3,0.1818,0.1333,0.2697,1,0,0,0,1,0,locality,3,2726.3
69c09305ec3f,AD001158,locality_centroid,locality,1,986.3,2772.6,0.1818,0.1333,0.2697,1,0,0,0,1,0,none,3,2666.4
05ab04e3a9c7,AD001158,town_centroid,town,1,856.3249999999999,109.34166666666668,0.1818,0.1333,0.2697,1,0,0,0,1,0,none,3,0.0
4027fc0e7ada,AD001160,vendor_pin,locality,1,-2858.2,1221.5,0.2,0.2034,0.3684,1,1,0,0,0,0,locality,3,3297.2
3296d187bdd7,AD001160,locality_centroid,locality,1,-2863.9,1096.5,0.2,0.2034,0.3684,1,1,0,0,0,0,none,3,3238.6
e563b71e5f64,AD001160,town_centroid,town,1,-46.70000000000002,-500.9083333333333,0.2,0.2034,0.3684,1,1,0,0,0,0,none,3,0.0
8ac0aa4f023f,AD001161,vendor_pin,street,1,3425.0,389.5,0.1538,0.1707,0.3137,1,1,0,0,0,0,street,3,3718.8
d71e91ed72de,AD001161,locality_centroid,locality,1,3653.7,367.3,0.1538,0.1707,0.3137,1,1,0,0,0,0,none,3,3935.3
e6eafdc843e6,AD001161,town_centroid,town,1,-172.75833333333335,-551.7416666666667,0.1538,0.1707,0.3137,1,1,0,0,0,0,none,3,0.0
cdd0e654a38b,AD001162,vendor_pin,locality,1,-519.8,-3539.8,0.2,0.1644,0.3146,1,1,0,0,0,0,locality,4,3008.1
5852d9c2f1a9,AD001162,locality_centroid,locality,1,-433.5,-3467.4,0.2,0.1644,0.3146,1,1,0,0,0,0,none,4,2927.3
ea96f5e541de,AD001162,town_centroid,town,1,-172.75833333333335,-551.7416666666667,0.2,0.1644,0.3146,1,1,0,0,0,0,none,4,0.0
69732f1943cd,AD001162,prior_field_cluster,street,1,-145.9,-3531.5,0.2,0.1644,0.3146,1,1,0,0,0,0,none,4,2979.9
41da15957e6f,AD001163,vendor_pin,locality,1,-1607.7,-2880.7,0.2222,0.1774,0.3095,1,1,0,0,0,0,locality,3,3874.5
24b340e29eaf,AD001163,locality_centroid,locality,1,-1600.3,-2801.9,0.2222,0.1774,0.3095,1,1,0,0,0,0,none,3,3809.2
1a5946ec5e15,AD001163,town_centroid,town,1,856.3249999999999,109.34166666666668,0.2222,0.1774,0.3095,1,1,0,0,0,0,none,3,0.0
0a106ef9263d,AD001164,vendor_pin,locality,1,-658.8,-507.6,0.2222,0.1455,0.2985,1,1,0,0,0,0,locality,3,488.0
da340508ac99,AD001164,locality_centroid,locality,1,-722.6,-522.8,0.2222,0.1455,0.2985,1,1,0,0,0,0,none,3,550.6
391660caa01f,AD001164,town_centroid,town,1,-172.75833333333335,-551.7416666666667,0.2222,0.1455,0.2985,1,1,0,0,0,0,none,3,0.0
eed511f0fb6a,AD001165,vendor_pin,locality,1,-521.0,3067.5,0.1,0.1613,0.3636,0,1,0,0,0,0,locality,2,3636.0
df9fec31976b,AD001165,town_centroid,town,1,-172.75833333333335,-551.7416666666667,0.1,0.1613,0.3636,0,1,0,0,0,0,none,2,0.0
8b8dbc21bc9f,AD001166,vendor_pin,locality,1,-2805.7,1404.6,0.25,0.2264,0.4,1,1,0,0,0,0,locality,3,3353.1
1708ec0b9a0e,AD001166,locality_centroid,locality,1,-2863.9,1096.5,0.25,0.2264,0.4,1,1,0,0,0,0,none,3,3238.6
35c878839cd2,AD001166,town_centroid,town,1,-46.70000000000002,-500.9083333333333,0.25,0.2264,0.4,1,1,0,0,0,0,none,3,0.0
9aa18916f94a,AD001167,vendor_pin,pincode,1,1287.7,-1408.7,0.1429,0.1489,0.4333,0,1,0,0,0,0,pincode,2,1613.9
e1c293fff84c,AD001167,town_centroid,town,1,-46.70000000000002,-500.9083333333333,0.1429,0.1489,0.4333,0,1,0,0,0,0,none,2,0.0
6673dfe73f24,AD001168,vendor_pin,locality,1,-454.7,-639.9,0.2222,0.1774,0.3059,1,1,0,0,0,0,locality,3,1510.0
2aaa9560ed05,AD001168,locality_centroid,locality,1,-533.7,-484.7,0.2222,0.1774,0.3059,1,1,0,0,0,0,none,3,1511.6
fc05fac91249,AD001168,town_centroid,town,1,856.3249999999999,109.34166666666668,0.2222,0.1774,0.3059,1,1,0,0,0,0,none,3,0.0
7fc8151e267f,AD001170,vendor_pin,locality,1,3416.8,-1914.7,0.2857,0.2083,0.3871,1,1,0,0,0,0,locality,4,3839.6
e55418a1f9b8,AD001170,locality_centroid,locality,1,3188.8,-1960.7,0.2857,0.2083,0.3871,1,1,0,0,0,0,none,4,3644.9
564aa65f8956,AD001170,town_centroid,town,1,-172.75833333333335,-551.7416666666667,0.2857,0.2083,0.3871,1,1,0,0,0,0,none,4,0.0
cbc25d47a036,AD001170,prior_field_cluster,street,1,3647.1,-1814.7,0.2857,0.2083,0.3871,1,1,0,0,0,0,none,4,4023.2
0cff8747f73a,AD001171,vendor_pin,locality,1,-2532.6,-271.3,0.1538,0.1463,0.303,0,1,0,0,0,0,locality,2,2376.4
1df59d9e9d83,AD001171,town_centroid,town,1,-172.75833333333335,-551.7416666666667,0.1538,0.1463,0.303,0,1,0,0,0,0,none,2,0.0
2b54cab75bb7,AD001172,vendor_pin,locality,1,2419.2,-2172.7,0.0667,0.0824,0.2268,0,1,0,0,0,0,locality,2,2979.2
54594f9e1e0a,AD001172,town_centroid,town,1,-46.70000000000002,-500.9083333333333,0.0667,0.0824,0.2268,0,1,0,0,0,0,none,2,0.0
600d09762649,AD001173,vendor_pin,locality,1,2540.5,1008.7,0.25,0.1957,0.3729,1,1,0,0,0,0,locality,3,2995.4
524a034feb6e,AD001173,locality_centroid,locality,1,2499.2,994.1,0.25,0.1957,0.3729,1,1,0,0,0,0,none,3,2952.4
4d71112a8a43,AD001173,town_centroid,town,1,-46.70000000000002,-500.9083333333333,0.25,0.1957,0.3729,1,1,0,0,0,0,none,3,0.0
c70176f43619,AD001174,vendor_pin,rooftop,1,2595.0,-1932.5,0.1667,0.1316,0.2667,1,1,0,0,0,0,rooftop,4,3004.7
5427609763bc,AD001174,locality_centroid,locality,1,2735.1,-2128.6,0.1667,0.1316,0.2667,1,1,0,0,0,0,none,4,3223.0
9552e7e9a7f2,AD001174,town_centroid,town,1,-46.70000000000002,-500.9083333333333,0.1667,0.1316,0.2667,1,1,0,0,0,0,none,4,0.0
959756b1d74b,AD001174,prior_field_cluster,street,1,2598.35,-1923.1999999999998,0.1667,0.1316,0.2667,1,1,0,0,0,0,none,4,3003.2
e726442b2a31,AD001175,vendor_pin,street,1,1006.7,-770.0,0.2,0.2063,0.375,1,1,0,0,0,0,street,3,1199.5
8502bce63cb1,AD001175,locality_centroid,locality,1,929.4,-822.2,0.2,0.2063,0.375,1,1,0,0,0,0,none,3,1134.9
f779e889e505,AD001175,town_centroid,town,1,-172.75833333333335,-551.7416666666667,0.2,0.2063,0.375,1,1,0,0,0,0,none,3,0.0
000e9a4080f5,AD001176,vendor_pin,street,1,3520.3,8.7,0.1818,0.2121,0.381,1,1,0,0,0,0,street,4,3735.3
7173579bd273,AD001176,locality_centroid,locality,1,3653.7,367.3,0.1818,0.2121,0.381,1,1,0,0,0,0,none,4,3935.3
075f0bee5358,AD001176,town_centroid,town,1,-172.75833333333335,-551.7416666666667,0.1818,0.2121,0.381,1,1,0,0,0,0,none,4,0.0
29e4fe407f22,AD001176,prior_field_cluster,street,1,3625.4,-137.4,0.1818,0.2121,0.381,1,1,0,0,0,0,none,4,3820.7
ef2545f2d2aa,AD001177,vendor_pin,locality,1,823.4,2799.6,0.25,0.1923,0.3582,1,1,0,0,0,0,locality,3,2690.5
7b3c668fc67b,AD001177,locality_centroid,locality,1,986.3,2772.6,0.25,0.1923,0.3582,1,1,0,0,0,0,none,3,2666.4
5f52a69db7a8,AD001177,town_centroid,town,1,856.3249999999999,109.34166666666668,0.25,0.1923,0.3582,1,1,0,0,0,0,none,3,0.0
9609a3e5d559,AD001178,vendor_pin,locality,1,1450.7,-1945.0,0.2857,0.225,0.3929,0,1,0,0,0,0,locality,3,2138.6
814f5a183eec,AD001178,town_centroid,town,1,856.3249999999999,109.34166666666668,0.2857,0.225,0.3929,0,1,0,0,0,0,none,3,0.0
635019ace4fb,AD001178,prior_field_cluster,street,1,1766.35,-2186.25,0.2857,0.225,0.3929,0,1,0,0,0,0,none,3,2469.4
5f916d1f6d4d,AD001180,vendor_pin,locality,1,1031.2,-3518.5,0.1111,0.1731,0.3284,0,0,0,0,0,0,locality,2,3201.7
fd49bc9c8a7b,AD001180,town_centroid,town,1,-172.75833333333335,-551.7416666666667,0.1111,0.1731,0.3284,0,0,0,0,0,0,none,2,0.0
9a7f65a018ba,AD001181,vendor_pin,locality,1,-411.3,-3489.0,0.2222,0.2,0.3684,1,1,0,0,0,0,locality,3,2946.9
eb46cf7445c9,AD001181,locality_centroid,locality,1,-433.5,-3467.4,0.2222,0.2,0.3684,1,1,0,0,0,0,none,3,2927.3
6e0b7ca29827,AD001181,town_centroid,town,1,-172.75833333333335,-551.7416666666667,0.2222,0.2,0.3684,1,1,0,0,0,0,none,3,0.0
9401136cd37b,AD001182,vendor_pin,locality,1,901.6,1379.7,0.1818,0.1408,0.2727,1,1,0,0,0,0,locality,3,1271.2
ca77354cb01b,AD001182,locality_centroid,locality,1,987.4,1270.5,0.1818,0.1408,0.2727,1,1,0,0,0,0,none,3,1168.5
7c716b6346e3,AD001182,town_centroid,town,1,856.3249999999999,109.34166666666668,0.1818,0.1408,0.2727,1,1,0,0,0,0,none,3,0.0
378ff3f8ce01,AD001183,vendor_pin,locality,1,3720.8,249.7,0.1818,0.2029,0.3556,1,0,0,0,0,0,locality,3,3975.2
be4b80395f43,AD001183,locality_centroid,locality,1,3653.7,367.3,0.1818,0.2029,0.3556,1,0,0,0,0,0,none,3,3935.3
b7dbfecdc86f,AD001183,town_centroid,town,1,-172.75833333333335,-551.7416666666667,0.1818,0.2029,0.3556,1,0,0,0,0,0,none,3,0.0
3d81ce7eab26,AD001184,vendor_pin,locality,1,1135.1,-937.3,0.0833,0.1408,0.3294,0,1,0,0,0,0,locality,2,1363.5
8a30fa53f53a,AD001184,town_centroid,town,1,-172.75833333333335,-551.7416666666667,0.0833,0.1408,0.3294,0,1,0,0,0,0,none,2,0.0
fe344e919cbf,AD001186,vendor_pin,locality,1,2455.6,-2092.4,0.2222,0.2041,0.375,1,0,0,0,0,0,locality,4,2965.5
6791ea333825,AD001186,locality_centroid,locality,1,2735.1,-2128.6,0.2222,0.2041,0.375,1,0,0,0,0,0,none,4,3223.0
ee47d4e0be19,AD001186,town_centroid,town,1,-46.70000000000002,-500.9083333333333,0.2222,0.2041,0.375,1,0,0,0,0,0,none,4,0.0
0d9b9ff47cba,AD001186,prior_field_cluster,street,1,2867.2,-2015.8,0.2222,0.2041,0.375,1,0,0,0,0,0,none,4,3284.2
d27bd497ea70,AD001187,vendor_pin,locality,1,1181.4,-220.8,0.1818,0.1818,0.3333,1,1,0,0,0,0,locality,4,1259.6
3fd5e77389bc,AD001187,locality_centroid,locality,1,1112.8,-196.7,0.1818,0.1818,0.3333,1,1,0,0,0,0,none,4,1198.7
bb3d66eacf1e,AD001187,town_centroid,town,1,-46.70000000000002,-500.9083333333333,0.1818,0.1818,0.3333,1,1,0,0,0,0,none,4,0.0
91d8e34caa1e,AD001187,prior_field_cluster,street,1,1365.3,-304.6,0.1818,0.1818,0.3333,1,1,0,0,0,0,none,4,1425.6
4fc5cd0f6be1,AD001188,vendor_pin,locality,1,3580.9,547.8,0.25,0.2745,0.4571,1,1,0,0,0,0,locality,3,3911.4
069fa8538a7b,AD001188,locality_centroid,locality,1,3653.7,367.3,0.25,0.2745,0.4571,1,1,0,0,0,0,none,3,3935.3
1b6da4a79635,AD001188,town_centroid,town,1,-172.75833333333335,-551.7416666666667,0.25,0.2745,0.4571,1,1,0,0,0,0,none,3,0.0
a344a7527cb1,AD001189,vendor_pin,locality,1,-777.2,2882.0,0.1667,0.2857,0.4561,0,1,0,0,0,0,locality,2,3218.1
0aa9515a9af0,AD001189,town_centroid,town,1,856.3249999999999,109.34166666666668,0.1667,0.2857,0.4561,0,1,0,0,0,0,none,2,0.0
369ddb7ed825,AD001190,vendor_pin,locality,1,1036.4,-39.7,0.1,0.125,0.2821,0,1,0,0,0,0,locality,2,233.8
c792b1ca33ec,AD001190,town_centroid,town,1,856.3249999999999,109.34166666666668,0.1,0.125,0.2821,0,1,0,0,0,0,none,2,0.0
0d8c584db99f,AD001191,vendor_pin,locality,1,284.5,2569.3,0.2,0.2121,0.3908,1,1,0,0,0,0,locality,3,3088.0
2148edb8e141,AD001191,locality_centroid,locality,1,290.7,2335.2,0.2,0.2121,0.3908,1,1,0,0,0,0,none,3,2856.1
ca46b5b39f63,AD001191,town_centroid,town,1,-46.70000000000002,-500.9083333333333,0.2,0.2121,0.3908,1,1,0,0,0,0,none,3,0.0
54dda66f7aac,AD001192,vendor_pin,locality,1,-1133.1,-2935.9,0.1818,0.1449,0.2892,1,1,0,0,0,0,locality,3,2666.4
decef413c18f,AD001192,locality_centroid,locality,1,-1053.3,-3163.0,0.1818,0.1449,0.2892,1,1,0,0,0,0,none,3,2846.0
65ea5664d48b,AD001192,town_centroid,town,1,-46.70000000000002,-500.9083333333333,0.1818,0.1449,0.2892,1,1,0,0,0,0,none,3,0.0
07918b491b56,AD001193,vendor_pin,locality,1,-469.8,2866.1,0.1818,0.2034,0.35,1,1,0,0,0,0,locality,3,3059.1
8555654e5361,AD001193,locality_centroid,locality,1,-603.5,2996.1,0.1818,0.2034,0.35,1,1,0,0,0,0,none,3,3234.9
941558ea2173,AD001193,town_centroid,town,1,856.3249999999999,109.34166666666668,0.1818,0.2034,0.35,1,1,0,0,0,0,none,3,0.0
9ee5a4c8de40,AD001194,vendor_pin,locality,1,2671.2,-1198.8,0.2222,0.1562,0.3,1,1,0,0,0,0,locality,3,2237.2
c4b25b5f7e5a,AD001194,locality_centroid,locality,1,2589.2,-1273.1,0.2222,0.1562,0.3,1,1,0,0,0,0,none,3,2216.8
dbda022b885e,AD001194,town_centroid,town,1,856.3249999999999,109.34166666666668,0.2222,0.1562,0.3,1,1,0,0,0,0,none,3,0.0
7244b88017af,AD001195,vendor_pin,locality,1,2533.2,-1232.9,0.2,0.1562,0.3038,1,1,0,0,0,0,locality,3,2147.9
fb5282c0bf71,AD001195,locality_centroid,locality,1,2589.2,-1273.1,0.2,0.1562,0.3038,1,1,0,0,0,0,none,3,2216.8
b2d16cd83103,AD001195,town_centroid,town,1,856.3249999999999,109.34166666666668,0.2,0.1562,0.3038,1,1,0,0,0,0,none,3,0.0
edf2387eef47,AD001196,vendor_pin,pincode,1,2124.8,-1743.3,0.0,0.0247,0.1839,0,1,0,0,0,0,pincode,2,2501.8
b5a59fa6526c,AD001196,town_centroid,town,1,-46.70000000000002,-500.9083333333333,0.0,0.0247,0.1839,0,1,0,0,0,0,none,2,0.0
7284a059de94,AD001197,vendor_pin,locality,1,1262.0,-631.3,0.1818,0.1688,0.3158,1,1,0,0,0,0,locality,4,1437.0
67ca4214daf9,AD001197,locality_centroid,locality,1,929.4,-822.2,0.1818,0.1688,0.3158,1,1,0,0,0,0,none,4,1134.9
339e1320fd4d,AD001197,town_centroid,town,1,-172.75833333333335,-551.7416666666667,0.1818,0.1688,0.3158,1,1,0,0,0,0,none,4,0.0
c20878444ff5,AD001197,prior_field_cluster,street,1,-1514.55,-1138.0,0.1818,0.1688,0.3158,1,1,0,0,0,0,none,4,1464.3
cfa12dadd1e9,AD001198,vendor_pin,pincode,1,1232.9,-2353.0,0.0,0.0164,0.209,0,1,0,0,0,0,pincode,3,2251.1
ccaed98da5dc,AD001198,town_centroid,town,1,-46.70000000000002,-500.9083333333333,0.0,0.0164,0.209,0,1,0,0,0,0,none,3,0.0
f44a440c2990,AD001198,prior_field_cluster,street,1,566.9,-2780.6,0.0,0.0164,0.209,0,1,0,0,0,0,none,3,2360.8
b0b7980b540a,AD001199,vendor_pin,locality,1,990.6,-358.9,0.0769,0.0921,0.25,0,1,0,0,0,0,locality,2,1047.0
5418056d488f,AD001199,town_centroid,town,1,-46.70000000000002,-500.9083333333333,0.0769,0.0921,0.25,0,1,0,0,0,0,none,2,0.0
3983284e9a35,AD001200,vendor_pin,locality,1,-2807.9,1237.3,0.1818,0.1818,0.3373,1,0,0,0,0,0,locality,4,3262.8
509b95f35454,AD001200,locality_centroid,locality,1,-2863.9,1096.5,0.1818,0.1818,0.3373,1,0,0,0,0,0,none,4,3238.6
1db9d8a04dd8,AD001200,town_centroid,town,1,-46.70000000000002,-500.9083333333333,0.1818,0.1818,0.3373,1,0,0,0,0,0,none,4,0.0
2fbac3d1aa63,AD001200,prior_field_cluster,street,1,-2824.4,850.0,0.1818,0.1818,0.3373,1,0,0,0,0,0,none,4,3088.8
1c3d96c1258b,AD001201,vendor_pin,locality,1,545.0,-3085.2,0.25,0.1923,0.3582,1,1,0,0,0,0,locality,3,2651.2
d44b7266bf85,AD001201,locality_centroid,locality,1,665.2,-3094.2,0.25,0.1923,0.3582,1,1,0,0,0,0,none,3,2689.2
3259ed1b47c6,AD001201,town_centroid,town,1,-46.70000000000002,-500.9083333333333,0.25,0.1923,0.3582,1,1,0,0,0,0,none,3,0.0
059805c02566,AD001202,vendor_pin,locality,1,-1406.4,-2767.0,0.25,0.22,0.3562,1,1,0,0,0,0,locality,3,3659.7
7017d54d7190,AD001202,locality_centroid,locality,1,-1600.3,-2801.9,0.25,0.22,0.3562,1,1,0,0,0,0,none,3,3809.2
cccad8f39ddf,AD001202,town_centroid,town,1,856.3249999999999,109.34166666666668,0.25,0.22,0.3562,1,1,0,0,0,0,none,3,0.0
50fbfc192728,AD001203,vendor_pin,street,1,-581.4,-3536.0,0.1,0.1639,0.3467,0,1,0,0,0,0,street,2,3012.1
cce349587374,AD001203,town_centroid,town,1,-172.75833333333335,-551.7416666666667,0.1,0.1639,0.3467,0,1,0,0,0,0,none,2,0.0
0cf17bc740b9,AD001204,vendor_pin,locality,1,1518.6,-2079.3,0.25,0.1698,0.3014,1,1,0,0,0,0,locality,3,2286.6
f460a3460c68,AD001204,locality_centroid,locality,1,1577.4,-2059.5,0.25,0.1698,0.3014,1,1,0,0,0,0,none,3,2285.6
7e86a182d7de,AD001204,town_centroid,town,1,856.3249999999999,109.34166666666668,0.25,0.1698,0.3014,1,1,0,0,0,0,none,3,0.0
e20f93c01cff,AD001206,vendor_pin,locality,1,-2427.0,-314.2,0.2308,0.1786,0.3269,1,1,0,0,0,0,locality,3,2266.7
29554043f812,AD001206,locality_centroid,locality,1,-2605.6,-262.1,0.2308,0.1786,0.3269,1,1,0,0,0,0,none,3,2450.0
bf0e49500849,AD001206,town_centroid,town,1,-172.75833333333335,-551.7416666666667,0.2308,0.1786,0.3269,1,1,0,0,0,0,none,3,0.0
fe94ce4a59ce,AD001207,vendor_pin,locality,1,2435.6,924.2,0.0909,0.1148,0.2703,0,1,0,0,0,0,locality,3,2862.3
138a03b38e94,AD001207,town_centroid,town,1,-46.70000000000002,-500.9083333333333,0.0909,0.1148,0.2703,0,1,0,0,0,0,none,3,0.0
b77868ae5f97,AD001207,prior_field_cluster,street,1,2505.35,903.2,0.0909,0.1148,0.2703,0,1,0,0,0,0,none,3,2912.8
167e1d2ac01d,AD001208,vendor_pin,locality,1,2038.3,-980.8,0.25,0.2667,0.4444,1,1,0,0,0,0,locality,3,2139.5
b23fbf5d38e1,AD001208,locality_centroid,locality,1,1939.0,-996.1,0.25,0.2667,0.4444,1,1,0,0,0,0,none,3,2046.5
cbcfd8573940,AD001208,town_centroid,town,1,-46.70000000000002,-500.9083333333333,0.25,0.2667,0.4444,1,1,0,0,0,0,none,3,0.0
203db52e9882,AD001209,vendor_pin,street,1,-1034.4,3134.4,0.25,0.2449,0.3889,1,0,0,0,0,0,street,3,3567.3
d36d7215ca61,AD001209,locality_centroid,locality,1,-603.5,2996.1,0.25,0.2449,0.3889,1,0,0,0,0,0,none,3,3234.9
a7759410500e,AD001209,town_centroid,town,1,856.3249999999999,109.34166666666668,0.25,0.2449,0.3889,1,0,0,0,0,0,none,3,0.0
d94d4b89dcc7,AD001210,vendor_pin,locality,1,851.1,2856.5,0.2,0.1493,0.2927,1,1,0,0,0,0,locality,3,2747.2
f1c9d4a4880f,AD001210,locality_centroid,locality,1,986.3,2772.6,0.2,0.1493,0.2927,1,1,0,0,0,0,none,3,2666.4
6e79cf5dce9e,AD001210,town_centroid,town,1,856.3249999999999,109.34166666666668,0.2,0.1493,0.2927,1,1,0,0,0,0,none,3,0.0
100b28b19dbd,AD001211,vendor_pin,locality,1,1016.8,19.7,0.2,0.1719,0.3291,1,1,0,0,0,0,locality,3,183.8
973b1d67a0b9,AD001211,locality_centroid,locality,1,1046.9,-2.6,0.2,0.1719,0.3291,1,1,0,0,0,0,none,3,221.0
3013821f9083,AD001211,town_centroid,town,1,856.3249999999999,109.34166666666668,0.2,0.1719,0.3291,1,1,0,0,0,0,none,3,0.0
c882b604832c,AD001212,vendor_pin,pincode,1,-1344.7,1507.3,0.0,0.0943,0.2857,0,1,0,0,0,0,pincode,3,2369.2
93a97b1a7a5a,AD001212,town_centroid,town,1,-172.75833333333335,-551.7416666666667,0.0,0.0943,0.2857,0,1,0,0,0,0,none,3,0.0
cc9c64fc8fd4,AD001212,prior_field_cluster,street,1,-2988.0,1340.5,0.0,0.0943,0.2857,0,1,0,0,0,0,none,3,3392.1
39837ed81748,AD001213,vendor_pin,locality,1,491.5,1762.5,0.2,0.1618,0.3059,1,1,0,0,0,0,locality,3,2407.7
5bb6805fcbbd,AD001213,locality_centroid,locality,1,524.3,1610.0,0.2,0.1618,0.3059,1,1,0,0,0,0,none,3,2271.3
e34472a760af,AD001213,town_centroid,town,1,-172.75833333333335,-551.7416666666667,0.2,0.1618,0.3059,1,1,0,0,0,0,none,3,0.0
863a1303b9ba,AD001214,vendor_pin,street,1,2884.1,-1523.0,0.2222,0.1695,0.3243,1,1,0,0,0,0,street,3,2603.2
06ed05bfc622,AD001214,locality_centroid,locality,1,2589.2,-1273.1,0.2222,0.1695,0.3243,1,1,0,0,0,0,none,3,2216.8
7a2391f1e9ad,AD001214,town_centroid,town,1,856.3249999999999,109.34166666666668,0.2222,0.1695,0.3243,1,1,0,0,0,0,none,3,0.0
48470408e58f,AD001215,vendor_pin,locality,1,2216.5,1652.3,0.2857,0.2059,0.375,0,1,0,0,0,0,locality,2,2056.9
aa0c8aa14eae,AD001215,town_centroid,town,1,856.3249999999999,109.34166666666668,0.2857,0.2059,0.375,0,1,0,0,0,0,none,2,0.0
c6b1a3ccbb81,AD001216,vendor_pin,locality,1,767.6,-638.4,0.1667,0.1585,0.303,1,1,0,0,0,0,locality,3,944.3
d6b5743a6cbe,AD001216,locality_centroid,locality,1,929.4,-822.2,0.1667,0.1585,0.303,1,1,0,0,0,0,none,3,1134.9
ed6897a079ea,AD001216,town_centroid,town,1,-172.75833333333335,-551.7416666666667,0.1667,0.1585,0.303,1,1,0,0,0,0,none,3,0.0
b554de2d434e,AD001217,vendor_pin,locality,1,874.7,-764.5,0.1,0.1408,0.3294,0,1,0,0,0,0,locality,2,1068.8
1a5fe7f8a54b,AD001217,town_centroid,town,1,-172.75833333333335,-551.7416666666667,0.1,0.1408,0.3294,0,1,0,0,0,0,none,2,0.0
0e9d69d29506,AD001218,vendor_pin,locality,1,-1244.1,379.8,0.2857,0.2391,0.4262,1,1,0,0,0,0,locality,3,1486.4
a98e976c8da8,AD001218,locality_centroid,locality,1,-1205.8,409.2,0.2857,0.2391,0.4262,1,1,0,0,0,0,none,3,1473.7
fdd46abbae92,AD001218,town_centroid,town,1,-46.70000000000002,-500.9083333333333,0.2857,0.2391,0.4262,1,1,0,0,0,0,none,3,0.0
7ca04cd73f82,AD001219,vendor_pin,locality,1,1193.0,-3449.0,0.2,0.1607,0.2973,1,1,0,0,0,0,locality,4,3203.0
f0c7744ff3f3,AD001219,locality_centroid,locality,1,1155.3,-3613.0,0.2,0.1607,0.2973,1,1,0,0,0,0,none,4,3336.9
a7a7a030c400,AD001219,town_centroid,town,1,-172.75833333333335,-551.7416666666667,0.2,0.1607,0.2973,1,1,0,0,0,0,none,4,0.0
19794ff3ac98,AD001219,prior_field_cluster,street,1,-528.2,-3741.9,0.2,0.1607,0.2973,1,1,0,0,0,0,none,4,3209.9
12a89bc46446,AD001220,vendor_pin,locality,1,-2652.0,1610.5,0.25,0.2105,0.3836,1,1,0,0,0,0,locality,4,3289.7
08f11661713b,AD001220,locality_centroid,locality,1,-2446.2,1613.2,0.25,0.2105,0.3836,1,1,0,0,0,0,none,4,3139.3
7bef54a6165e,AD001220,town_centroid,town,1,-172.75833333333335,-551.7416666666667,0.25,0.2105,0.3836,1,1,0,0,0,0,none,4,0.0
b1990718ec5a,AD001220,prior_field_cluster,street,1,2321.8,-773.6,0.25,0.2105,0.3836,1,1,0,0,0,0,none,4,2504.4
89d12423c50e,AD001222,vendor_pin,locality,1,3651.1,482.4,0.2857,0.3415,0.5424,1,1,0,0,0,0,locality,3,3961.2
065ab23c080e,AD001222,locality_centroid,locality,1,3653.7,367.3,0.2857,0.3415,0.5424,1,1,0,0,0,0,none,3,3935.3
e29a96cb0856,AD001222,town_centroid,town,1,-172.75833333333335,-551.7416666666667,0.2857,0.3415,0.5424,1,1,0,0,0,0,none,3,0.0
a2ef9198f5f1,AD001223,vendor_pin,locality,1,674.8,-3052.4,0.25,0.2041,0.375,1,1,0,0,0,0,locality,4,2651.5
d82b7aafe626,AD001223,locality_centroid,locality,1,665.2,-3094.2,0.25,0.2041,0.375,1,1,0,0,0,0,none,4,2689.2
24047a6904a3,AD001223,town_centroid,town,1,-46.70000000000002,-500.9083333333333,0.25,0.2041,0.375,1,1,0,0,0,0,none,4,0.0
bfb2521a4b19,AD001223,prior_field_cluster,street,1,713.4,-3009.9,0.25,0.2041,0.375,1,1,0,0,0,0,none,4,2621.6
c4710e860760,AD001224,vendor_pin,locality,1,2816.8,-2167.8,0.2,0.1754,0.338,1,1,0,0,0,0,locality,3,3313.3
f1f4bca10e26,AD001224,locality_centroid,locality,1,2735.1,-2128.6,0.2,0.1754,0.338,1,1,0,0,0,0,none,3,3223.0
2058c70580d9,AD001224,town_centroid,town,1,-46.70000000000002,-500.9083333333333,0.2,0.1754,0.338,1,1,0,0,0,0,none,3,0.0
871e4c033105,AD001225,vendor_pin,locality,1,570.2,-2816.7,0.2222,0.1774,0.3059,1,1,0,0,0,0,locality,3,2940.0
000bf8e4b063,AD001225,locality_centroid,locality,1,688.3,-3007.0,0.2222,0.1774,0.3059,1,1,0,0,0,0,none,3,3120.9
3b4dc16fbc39,AD001225,town_centroid,town,1,856.3249999999999,109.34166666666668,0.2222,0.1774,0.3059,1,1,0,0,0,0,none,3,0.0
5b2ce0a050dc,AD001226,vendor_pin,pincode,1,1123.4,722.1,0.1667,0.125,0.32,0,1,0,0,0,0,pincode,2,668.4
2df98d381565,AD001226,town_centroid,town,1,856.3249999999999,109.34166666666668,0.1667,0.125,0.32,0,1,0,0,0,0,none,2,0.0
3ba2ef7deb9b,AD001227,vendor_pin,locality,1,3268.6,-2130.6,0.2222,0.1724,0.3333,1,1,0,0,0,0,locality,3,3786.3
9372677a2c07,AD001227,locality_centroid,locality,1,3188.8,-1960.7,0.2222,0.1724,0.3333,1,1,0,0,0,0,none,3,3644.9
f2ed89dfa740,AD001227,town_centroid,town,1,-172.75833333333335,-551.7416666666667,0.2222,0.1724,0.3333,1,1,0,0,0,0,none,3,0.0
ee48853fd1fc,AD001228,vendor_pin,locality,1,-1060.5,-3169.8,0.2222,0.2041,0.381,1,0,0,0,0,0,locality,3,2855.0
6a829e4979e3,AD001228,locality_centroid,locality,1,-1053.3,-3163.0,0.2222,0.2041,0.381,1,0,0,0,0,0,none,3,2846.0
29fb21fd6da3,AD001228,town_centroid,town,1,-46.70000000000002,-500.9083333333333,0.2222,0.2041,0.381,1,0,0,0,0,0,none,3,0.0
9285354d5573,AD001230,vendor_pin,street,1,1168.9,1631.0,0.1818,0.1316,0.2609,1,1,0,0,0,0,street,3,1553.4
911f2184b712,AD001230,locality_centroid,locality,1,987.4,1270.5,0.1818,0.1316,0.2609,1,1,0,0,0,0,none,3,1168.5
6137f3e94d8d,AD001230,town_centroid,town,1,856.3249999999999,109.34166666666668,0.1818,0.1316,0.2609,1,1,0,0,0,0,none,3,0.0
c5e1498ccabe,AD001231,vendor_pin,locality,1,2730.4,-2362.7,0.2,0.1786,0.338,1,1,0,0,0,0,locality,4,3343.4
360939ba3dc1,AD001231,locality_centroid,locality,1,2735.1,-2128.6,0.2,0.1786,0.338,1,1,0,0,0,0,none,4,3223.0
3e6ad0521383,AD001231,town_centroid,town,1,-46.70000000000002,-500.9083333333333,0.2,0.1786,0.338,1,1,0,0,0,0,none,4,0.0
6fe01ff2caf9,AD001231,prior_field_cluster,street,1,2951.7,-2139.4,0.2,0.1786,0.338,1,1,0,0,0,0,none,4,3416.9
bcfd3354e58c,AD001232,vendor_pin,locality,1,523.1,-3003.9,0.2857,0.2895,0.4643,1,1,0,0,0,0,locality,4,3131.0
1eeb5fad7fa8,AD001232,locality_centroid,locality,1,688.3,-3007.0,0.2857,0.2895,0.4643,1,1,0,0,0,0,none,4,3120.9
e5de9482f7cf,AD001232,town_centroid,town,1,856.3249999999999,109.34166666666668,0.2857,0.2895,0.4643,1,1,0,0,0,0,none,4,0.0
cf2adec5af0d,AD001232,prior_field_cluster,street,1,373.75,-2908.05,0.2857,0.2895,0.4643,1,1,0,0,0,0,none,4,3055.7
294a95a86599,AD001233,vendor_pin,locality,1,2946.6,-2077.0,0.125,0.14,0.3548,0,1,0,0,0,0,locality,3,3382.9
092cded53542,AD001233,town_centroid,town,1,-46.70000000000002,-500.9083333333333,0.125,0.14,0.3548,0,1,0,0,0,0,none,3,0.0
39c89d626b4f,AD001233,prior_field_cluster,street,1,2524.65,-2364.2,0.125,0.14,0.3548,0,1,0,0,0,0,none,3,3175.5
d64f9e705ad7,AD001234,vendor_pin,pincode,1,-1280.4,-1272.2,0.0,0.05,0.1791,0,1,0,0,0,0,pincode,2,1321.3
032258c177dd,AD001234,town_centroid,town,1,-172.75833333333335,-551.7416666666667,0.0,0.05,0.1791,0,1,0,0,0,0,none,2,0.0
cbad64fdd9e7,AD001236,vendor_pin,locality,1,2795.5,-2203.6,0.1111,0.1346,0.2857,0,1,0,0,0,0,locality,3,3313.2
e4c137dad79a,AD001236,town_centroid,town,1,-46.70000000000002,-500.9083333333333,0.1111,0.1346,0.2857,0,1,0,0,0,0,none,3,0.0
c4d69244566e,AD001236,prior_field_cluster,street,1,2937.3,-2642.7,0.1111,0.1346,0.2857,0,1,0,0,0,0,none,3,3673.1
14c448335880,AD001237,vendor_pin,locality,1,3082.1,625.8,0.1,0.1296,0.2985,0,1,0,0,0,0,locality,3,2284.9
b06d74e33a84,AD001237,town_centroid,town,1,856.3249999999999,109.34166666666668,0.1,0.1296,0.2985,0,1,0,0,0,0,none,3,0.0
a4951c25abc5,AD001237,prior_field_cluster,street,1,2701.0,526.4,0.1,0.1296,0.2985,0,1,0,0,0,0,none,3,1891.2
6e0e852c7acd,AD001238,vendor_pin,locality,1,1486.3,-2029.8,0.25,0.1607,0.2857,1,1,0,0,0,0,locality,3,2230.0
05e29a6c5553,AD001238,locality_centroid,locality,1,1577.4,-2059.5,0.25,0.1607,0.2857,1,1,0,0,0,0,none,3,2285.6
92fbd9fe1f34,AD001238,town_centroid,town,1,856.3249999999999,109.34166666666668,0.25,0.1607,0.2857,1,1,0,0,0,0,none,3,0.0
f3c75ac754ab,AD001239,vendor_pin,locality,1,-996.1,-3416.3,0.1,0.127,0.2821,0,1,0,0,0,0,locality,3,3066.1
b17b7a75646e,AD001239,town_centroid,town,1,-46.70000000000002,-500.9083333333333,0.1,0.127,0.2821,0,1,0,0,0,0,none,3,0.0
315e0c868975,AD001239,prior_field_cluster,street,1,-720.95,-3065.5,0.1,0.127,0.2821,0,1,0,0,0,0,none,3,2651.7
cc65d35b61b8,AD001240,vendor_pin,locality,1,1126.1,-118.1,0.0909,0.1525,0.3288,0,1,0,0,0,0,locality,3,1233.7
30acbb3f9061,AD001240,town_centroid,town,1,-46.70000000000002,-500.9083333333333,0.0909,0.1525,0.3288,0,1,0,0,0,0,none,3,0.0
8abd5ddf4637,AD001240,prior_field_cluster,street,1,1364.45,-215.6,0.0909,0.1525,0.3288,0,1,0,0,0,0,none,3,1439.7
92994aadaaac,AD001242,vendor_pin,locality,1,1576.6,-2017.7,0.2222,0.1525,0.275,1,1,0,0,0,0,locality,4,2245.7
1b9d9285da73,AD001242,locality_centroid,locality,1,1577.4,-2059.5,0.2222,0.1525,0.275,1,1,0,0,0,0,none,4,2285.6
83a385a6e479,AD001242,town_centroid,town,1,856.3249999999999,109.34166666666668,0.2222,0.1525,0.275,1,1,0,0,0,0,none,4,0.0
0cb522192328,AD001242,prior_field_cluster,street,1,1525.15,-1903.75,0.2222,0.1525,0.275,1,1,0,0,0,0,none,4,2121.3
ffeedaa648e5,AD001243,vendor_pin,locality,1,2606.4,-2213.9,0.1667,0.137,0.2697,1,1,0,0,0,0,locality,3,3158.1
a92babf63e28,AD001243,locality_centroid,locality,1,2735.1,-2128.6,0.1667,0.137,0.2697,1,1,0,0,0,0,none,3,3223.0
fad246751d35,AD001243,town_centroid,town,1,-46.70000000000002,-500.9083333333333,0.1667,0.137,0.2697,1,1,0,0,0,0,none,3,0.0
b9314657abf1,AD001245,vendor_pin,street,1,1633.5,-2108.3,0.25,0.1667,0.3014,1,1,0,0,0,0,street,3,2349.9
7cf2beb4d08b,AD001245,locality_centroid,locality,1,1577.4,-2059.5,0.25,0.1667,0.3014,1,1,0,0,0,0,none,3,2285.6
ae54624b8fd3,AD001245,town_centroid,town,1,856.3249999999999,109.34166666666668,0.25,0.1667,0.3014,1,1,0,0,0,0,none,3,0.0
3262c356b5d1,AD001246,vendor_pin,locality,1,2832.5,-2360.1,0.1667,0.2,0.3913,0,1,0,0,0,0,locality,2,3427.3
b9a59798ee6f,AD001246,town_centroid,town,1,-46.70000000000002,-500.9083333333333,0.1667,0.2,0.3913,0,1,0,0,0,0,none,2,0.0
d519212f97b6,AD001247,vendor_pin,street,1,-700.1,-309.6,0.1667,0.1111,0.2353,1,1,0,0,0,0,street,4,580.3
d3e81d396d1c,AD001247,locality_centroid,locality,1,-722.6,-522.8,0.1667,0.1111,0.2353,1,1,0,0,0,0,none,4,550.6
54947dd7f211,AD001247,town_centroid,town,1,-172.75833333333335,-551.7416666666667,0.1667,0.1111,0.2353,1,1,0,0,0,0,none,4,0.0
df74c012b6f6,AD001247,prior_field_cluster,street,1,-825.3,-399.5,0.1667,0.1111,0.2353,1,1,0,0,0,0,none,4,670.1
8409464b2ff7,AD001248,vendor_pin,locality,1,779.3,-842.7,0.0714,0.1176,0.2828,0,1,0,0,0,0,locality,2,995.5
ea5ffacc1d97,AD001248,town_centroid,town,1,-172.75833333333335,-551.7416666666667,0.0714,0.1176,0.2828,0,1,0,0,0,0,none,2,0.0
5cd8956983b4,AD001249,vendor_pin,locality,1,788.0,-1015.8,0.0769,0.125,0.2979,0,1,0,0,0,0,locality,2,1067.0
7109ffcfc287,AD001249,town_centroid,town,1,-172.75833333333335,-551.7416666666667,0.0769,0.125,0.2979,0,1,0,0,0,0,none,2,0.0
0c4714a82eeb,AD001250,vendor_pin,locality,1,2942.1,-2242.8,0.1538,0.137,0.2667,1,1,0,0,0,0,locality,3,3459.4
819480762b9b,AD001250,locality_centroid,locality,1,2735.1,-2128.6,0.1538,0.137,0.2667,1,1,0,0,0,0,none,3,3223.0
960a8b108c14,AD001250,town_centroid,town,1,-46.70000000000002,-500.9083333333333,0.1538,0.137,0.2667,1,1,0,0,0,0,none,3,0.0
0dfeee6f53a5,AD001251,vendor_pin,locality,1,-1185.1,474.0,0.25,0.1964,0.3611,1,1,0,0,0,0,locality,3,1498.8
e1c5aa4f98df,AD001251,locality_centroid,locality,1,-1205.8,409.2,0.25,0.1964,0.3611,1,1,0,0,0,0,none,3,1473.7
754e30093537,AD001251,town_centroid,town,1,-46.70000000000002,-500.9083333333333,0.25,0.1964,0.3611,1,1,0,0,0,0,none,3,0.0
252978c9419e,AD001252,vendor_pin,locality,1,671.4,-3199.5,0.2222,0.1803,0.325,0,1,0,0,0,0,locality,2,3314.0
6bf7cccf3e2c,AD001252,town_centroid,town,1,856.3249999999999,109.34166666666668,0.2222,0.1803,0.325,0,1,0,0,0,0,none,2,0.0
762b8e1d570f,AD001253,vendor_pin,street,1,-770.6,-3236.6,0.2,0.1695,0.32,1,0,0,0,0,0,street,3,2829.8
2c5c6e2a7286,AD001253,locality_centroid,locality,1,-1053.3,-3163.0,0.2,0.1695,0.32,1,0,0,0,0,0,none,3,2846.0
0230bc446e5b,AD001253,town_centroid,town,1,-46.70000000000002,-500.9083333333333,0.2,0.1695,0.32,1,0,0,0,0,0,none,3,0.0
c8438bf97e1e,AD001254,vendor_pin,street,1,2702.7,88.8,0.2,0.1724,0.32,1,1,0,0,0,0,street,4,1846.5
9248fb0dfb29,AD001254,locality_centroid,locality,1,3029.6,575.7,0.2,0.1724,0.32,1,1,0,0,0,0,none,4,2222.7
0618043a281e,AD001254,town_centroid,town,1,856.3249999999999,109.34166666666668,0.2,0.1724,0.32,1,1,0,0,0,0,none,4,0.0
c5db87f657ea,AD001254,prior_field_cluster,street,1,2724.2,267.4,0.2,0.1724,0.32,1,1,0,0,0,0,none,4,1874.6
a786950aa29b,AD001255,vendor_pin,street,1,3482.5,429.2,0.2222,0.2333,0.4051,1,1,0,0,0,0,street,3,3784.6
2ae9b9aed5fe,AD001255,locality_centroid,locality,1,3653.7,367.3,0.2222,0.2333,0.4051,1,1,0,0,0,0,none,3,3935.3
cdadf352fdac,AD001255,town_centroid,town,1,-172.75833333333335,-551.7416666666667,0.2222,0.2333,0.4051,1,1,0,0,0,0,none,3,0.0
400e857c49ee,AD001256,vendor_pin,locality,1,2821.9,-2230.6,0.125,0.1489,0.3103,0,1,0,0,0,0,locality,3,3349.7
d57689f9b334,AD001256,town_centroid,town,1,-46.70000000000002,-500.9083333333333,0.125,0.1489,0.3103,0,1,0,0,0,0,none,3,0.0
bddfa5b53ba0,AD001256,prior_field_cluster,street,1,3310.35,-1993.8000000000002,0.125,0.1489,0.3103,0,1,0,0,0,0,none,3,3674.0
c507860bea50,AD001257,vendor_pin,locality,1,2415.0,982.5,0.25,0.1915,0.3667,1,1,0,0,0,0,locality,4,2874.1
fc53da8f6733,AD001257,locality_centroid,locality,1,2499.2,994.1,0.25,0.1915,0.3667,1,1,0,0,0,0,none,4,2952.4
ec87440e309e,AD001257,town_centroid,town,1,-46.70000000000002,-500.9083333333333,0.25,0.1915,0.3667,1,1,0,0,0,0,none,4,0.0
3099b3822c8f,AD001257,prior_field_cluster,street,1,2318.6,1449.6,0.25,0.1915,0.3667,1,1,0,0,0,0,none,4,3065.8
6c88ba432ec8,AD001258,vendor_pin,locality,1,455.1,2585.3,0.25,0.25,0.4304,1,1,0,0,0,0,locality,3,3126.7
0ab72ce56cc8,AD001258,locality_centroid,locality,1,290.7,2335.2,0.25,0.25,0.4304,1,1,0,0,0,0,none,3,2856.1
bcbc557ccca3,AD001258,town_centroid,town,1,-46.70000000000002,-500.9083333333333,0.25,0.25,0.4304,1,1,0,0,0,0,none,3,0.0
47276acae7af,AD001259,vendor_pin,locality,1,-2776.2,-194.0,0.3,0.2586,0.4359,1,1,0,0,0,0,locality,3,2627.9
230d2acbeb6c,AD001259,locality_centroid,locality,1,-2605.6,-262.1,0.3,0.2586,0.4359,1,1,0,0,0,0,none,3,2450.0
ef7cb444d84a,AD001259,town_centroid,town,1,-172.75833333333335,-551.7416666666667,0.3,0.2586,0.4359,1,1,0,0,0,0,none,3,0.0
920ca36da84d,AD001260,vendor_pin,locality,1,2582.1,-1330.1,0.2222,0.1887,0.3582,1,0,0,0,1,0,locality,3,2247.3
d97aa4c5072c,AD001260,locality_centroid,locality,1,2589.2,-1273.1,0.2222,0.1887,0.3582,1,0,0,0,1,0,none,3,2216.8
144d6a323476,AD001260,town_centroid,town,1,856.3249999999999,109.34166666666668,0.2222,0.1887,0.3582,1,0,0,0,1,0,none,3,0.0
2934eb1236ac,AD001261,vendor_pin,locality,1,619.5,-2985.1,0.1818,0.1538,0.3038,1,1,0,0,0,0,locality,3,2572.0
0f4fe962da68,AD001261,locality_centroid,locality,1,665.2,-3094.2,0.1818,0.1538,0.3038,1,1,0,0,0,0,none,3,2689.2
a84c98882762,AD001261,town_centroid,town,1,-46.70000000000002,-500.9083333333333,0.1818,0.1538,0.3038,1,1,0,0,0,0,none,3,0.0
d0d5205e2511,AD001262,vendor_pin,locality,1,-793.4,-460.3,0.1538,0.1053,0.2247,1,1,0,0,0,0,locality,4,627.3
3ebed7393b09,AD001262,locality_centroid,locality,1,-722.6,-522.8,0.1538,0.1053,0.2247,1,1,0,0,0,0,none,4,550.6
effa1df2fe23,AD001262,town_centroid,town,1,-172.75833333333335,-551.7416666666667,0.1538,0.1053,0.2247,1,1,0,0,0,0,none,4,0.0
63c47bf08190,AD001262,prior_field_cluster,street,1,2336.9,-773.7,0.1538,0.1053,0.2247,1,1,0,0,0,0,none,4,2519.5
5dd083cdbd1a,AD001263,vendor_pin,locality,1,-2563.4,-2374.3,0.1429,0.1279,0.25,1,1,0,0,0,0,locality,3,3137.4
df77e373e22a,AD001263,locality_centroid,locality,1,-2195.4,-2378.6,0.1429,0.1279,0.25,1,1,0,0,0,0,none,3,2853.5
4aad6841a53e,AD001263,town_centroid,town,1,-46.70000000000002,-500.9083333333333,0.1429,0.1279,0.25,1,1,0,0,0,0,none,3,0.0
d48ffb452cb7,AD001264,vendor_pin,locality,1,-1281.4,-2066.2,0.0833,0.12,0.2921,0,1,0,0,0,0,locality,2,1876.9
abf8bd26d2ab,AD001264,town_centroid,town,1,-172.75833333333335,-551.7416666666667,0.0833,0.12,0.2921,0,1,0,0,0,0,none,2,0.0
d9e9dac3ddaf,AD001265,vendor_pin,locality,1,-1022.1,-1809.8,0.25,0.2308,0.4118,1,1,0,0,0,0,locality,3,1517.9
27dd115bfe35,AD001265,locality_centroid,locality,1,-1112.2,-1888.2,0.25,0.2308,0.4118,1,1,0,0,0,0,none,3,1633.6
dd4a99ffc3f8,AD001265,town_centroid,town,1,-172.75833333333335,-551.7416666666667,0.25,0.2308,0.4118,1,1,0,0,0,0,none,3,0.0
300bae2368fa,AD001266,vendor_pin,locality,1,2527.6,-2223.9,0.1,0.1111,0.2933,0,1,0,0,0,0,locality,2,3097.7
9641b3a14e8f,AD001266,town_centroid,town,1,-46.70000000000002,-500.9083333333333,0.1,0.1111,0.2933,0,1,0,0,0,0,none,2,0.0
2e7da5ffd86e,AD001267,vendor_pin,locality,1,-2176.4,-2570.0,0.1818,0.1746,0.325,1,1,0,0,0,0,locality,3,2969.3
0a6feda9ba31,AD001267,locality_centroid,locality,1,-2195.4,-2378.6,0.1818,0.1746,0.325,1,1,0,0,0,0,none,3,2853.5
f3a876d1b1c2,AD001267,town_centroid,town,1,-46.70000000000002,-500.9083333333333,0.1818,0.1746,0.325,1,1,0,0,0,0,none,3,0.0
a71a1b0fa7d0,AD001268,vendor_pin,locality,1,-763.3,-620.8,0.25,0.1509,0.3077,1,1,0,0,0,0,locality,4,594.6
65e544d5ed89,AD001268,locality_centroid,locality,1,-722.6,-522.8,0.25,0.1509,0.3077,1,1,0,0,0,0,none,4,550.6
bff51ca8c326,AD001268,town_centroid,town,1,-172.75833333333335,-551.7416666666667,0.25,0.1509,0.3077,1,1,0,0,0,0,none,4,0.0
1287c8e16d4c,AD001268,prior_field_cluster,street,1,-358.4,-796.2,0.25,0.1509,0.3077,1,1,0,0,0,0,none,4,307.0
7823824df619,AD001269,vendor_pin,locality,1,-2778.3,-138.9,0.375,0.3191,0.5152,1,1,0,0,0,0,locality,3,2638.0
598d9e20fe3a,AD001269,locality_centroid,locality,1,-2605.6,-262.1,0.375,0.3191,0.5152,1,1,0,0,0,0,none,3,2450.0
8d312a6c7b7a,AD001269,town_centroid,town,1,-172.75833333333335,-551.7416666666667,0.375,0.3191,0.5152,1,1,0,0,0,0,none,3,0.0
4bd7f5b0ec28,AD001270,vendor_pin,locality,1,-528.9,-1355.9,0.25,0.2292,0.4127,1,1,0,0,0,0,locality,3,981.6
ebf92a1489be,AD001270,locality_centroid,locality,1,-598.6,-1329.8,0.25,0.2292,0.4127,1,1,0,0,0,0,none,3,995.8
45eaa2524abf,AD001270,town_centroid,town,1,-46.70000000000002,-500.9083333333333,0.25,0.2292,0.4127,1,1,0,0,0,0,none,3,0.0
ce1dcc08c964,AD001271,vendor_pin,street,1,2903.8,-1704.2,0.1818,0.1429,0.2824,1,0,0,0,0,0,street,3,3186.4
9e92e87b8c4a,AD001271,locality_centroid,locality,1,2735.1,-2128.6,0.1818,0.1429,0.2824,1,0,0,0,0,0,none,3,3223.0
5a7c4eb1dafc,AD001271,town_centroid,town,1,-46.70000000000002,-500.9083333333333,0.1818,0.1429,0.2824,1,0,0,0,0,0,none,3,0.0
c3cef873700a,AD001272,vendor_pin,locality,1,3299.4,-1913.1,0.1538,0.122,0.2474,1,1,0,0,0,0,locality,4,3729.5
ca26b08fb8fa,AD001272,locality_centroid,locality,1,3188.8,-1960.7,0.1538,0.122,0.2474,1,1,0,0,0,0,none,4,3644.9
5969e9714d3c,AD001272,town_centroid,town,1,-172.75833333333335,-551.7416666666667,0.1538,0.122,0.2474,1,1,0,0,0,0,none,4,0.0
9f63fe59ef06,AD001272,prior_field_cluster,street,1,3122.7,-2331.6,0.1538,0.122,0.2474,1,1,0,0,0,0,none,4,3745.4
24ee5d17ec39,AD001273,vendor_pin,locality,1,2789.2,-2214.0,0.1818,0.1471,0.2927,1,1,0,0,0,0,locality,4,3313.2
ca809d469813,AD001273,locality_centroid,locality,1,2735.1,-2128.6,0.1818,0.1471,0.2927,1,1,0,0,0,0,none,4,3223.0
d32eec78ae93,AD001273,town_centroid,town,1,-46.70000000000002,-500.9083333333333,0.1818,0.1471,0.2927,1,1,0,0,0,0,none,4,0.0
3e3423b3f0bf,AD001273,prior_field_cluster,street,1,2310.5,-2143.2,0.1818,0.1471,0.2927,1,1,0,0,0,0,none,4,2872.9
1ca800a6b958,AD001274,vendor_pin,street,1,893.4,-824.3,0.0769,0.1205,0.2653,0,1,0,0,0,0,street,2,1100.4
c372aa8908bd,AD001274,town_centroid,town,1,-172.75833333333335,-551.7416666666667,0.0769,0.1205,0.2653,0,1,0,0,0,0,none,2,0.0
682fcb51c1ac,AD001275,vendor_pin,locality,1,-2563.6,-363.4,0.2308,0.1807,0.3208,1,1,0,0,0,0,locality,3,2398.2
25f3e3cc6fdc,AD001275,locality_centroid,locality,1,-2605.6,-262.1,0.2308,0.1807,0.3208,1,1,0,0,0,0,none,3,2450.0
ac3cbc2b1b7d,AD001275,town_centroid,town,1,-172.75833333333335,-551.7416666666667,0.2308,0.1807,0.3208,1,1,0,0,0,0,none,3,0.0
e73d64cd16d2,AD001276,vendor_pin,locality,1,1770.9,-1217.2,0.5,0.4848,0.6667,1,1,0,0,0,0,locality,3,1953.6
f3de98211be2,AD001276,locality_centroid,locality,1,1939.0,-996.1,0.5,0.4848,0.6667,1,1,0,0,0,0,none,3,2046.5
ccec1268d2dd,AD001276,town_centroid,town,1,-46.70000000000002,-500.9083333333333,0.5,0.4848,0.6667,1,1,0,0,0,0,none,3,0.0
ed352177abe9,AD001277,vendor_pin,street,1,2409.4,-1150.0,0.25,0.1887,0.338,1,0,0,0,0,0,street,3,1999.5
e1ce1362acc1,AD001277,locality_centroid,locality,1,2589.2,-1273.1,0.25,0.1887,0.338,1,0,0,0,0,0,none,3,2216.8
2ba223687957,AD001277,town_centroid,town,1,856.3249999999999,109.34166666666668,0.25,0.1887,0.338,1,0,0,0,0,0,none,3,0.0
1a302121667e,AD001278,vendor_pin,locality,1,228.9,2213.6,0.25,0.2857,0.4928,1,1,0,0,0,0,locality,3,2728.5
2008c1da7fb6,AD001278,locality_centroid,locality,1,290.7,2335.2,0.25,0.2857,0.4928,1,1,0,0,0,0,none,3,2856.1
6d51d2775a22,AD001278,town_centroid,town,1,-46.70000000000002,-500.9083333333333,0.25,0.2857,0.4928,1,1,0,0,0,0,none,3,0.0
59733723c3ba,AD001279,vendor_pin,street,1,1063.9,-194.1,0.2222,0.1642,0.3133,1,1,0,0,0,0,street,3,367.6
5a784a8693e6,AD001279,locality_centroid,locality,1,1046.9,-2.6,0.2222,0.1642,0.3133,1,1,0,0,0,0,none,3,221.0
360ffc9b623d,AD001279,town_centroid,town,1,856.3249999999999,109.34166666666668,0.2222,0.1642,0.3133,1,1,0,0,0,0,none,3,0.0
91a7a430314f,AD001280,vendor_pin,locality,1,853.4,2676.5,0.2857,0.2083,0.381,1,1,0,0,0,0,locality,3,2567.2
81900f68f76f,AD001280,locality_centroid,locality,1,986.3,2772.6,0.2857,0.2083,0.381,1,1,0,0,0,0,none,3,2666.4
1cccb0605352,AD001280,town_centroid,town,1,856.3249999999999,109.34166666666668,0.2857,0.2083,0.381,1,1,0,0,0,0,none,3,0.0
755aba65f8a2,AD001281,vendor_pin,locality,1,1684.7,-2321.5,0.2,0.1525,0.2785,1,1,0,0,0,0,locality,3,2568.1
d6c11484e585,AD001281,locality_centroid,locality,1,1577.4,-2059.5,0.2,0.1525,0.2785,1,1,0,0,0,0,none,3,2285.6
e10ff2572242,AD001281,town_centroid,town,1,856.3249999999999,109.34166666666668,0.2,0.1525,0.2785,1,1,0,0,0,0,none,3,0.0
7e696ec125a7,AD001282,vendor_pin,locality,1,817.1,-636.7,0.0769,0.125,0.2979,0,1,0,0,0,0,locality,2,993.5
0ca4c10d9d2c,AD001282,town_centroid,town,1,-172.75833333333335,-551.7416666666667,0.0769,0.125,0.2979,0,1,0,0,0,0,none,2,0.0
9d71d41259cb,AD001283,vendor_pin,locality,1,3799.3,510.2,0.1667,0.1892,0.3478,1,1,0,0,0,0,locality,3,4111.6
dfa1c8aba7b4,AD001283,locality_centroid,locality,1,3653.7,367.3,0.1667,0.1892,0.3478,1,1,0,0,0,0,none,3,3935.3
ae4a24d89465,AD001283,town_centroid,town,1,-172.75833333333335,-551.7416666666667,0.1667,0.1892,0.3478,1,1,0,0,0,0,none,3,0.0
241754c5a985,AD001284,vendor_pin,locality,1,1487.9,-2023.2,0.3333,0.25,0.4231,1,1,0,0,0,0,locality,3,2224.1
69313187748e,AD001284,locality_centroid,locality,1,1577.4,-2059.5,0.3333,0.25,0.4231,1,1,0,0,0,0,none,3,2285.6
45d22a7f333a,AD001284,town_centroid,town,1,856.3249999999999,109.34166666666668,0.3333,0.25,0.4231,1,1,0,0,0,0,none,3,0.0
2f0b6b36d25c,AD001285,vendor_pin,locality,1,-459.9,2746.1,0.3333,0.3158,0.4828,1,1,0,0,0,0,locality,3,2947.0
30b18923461d,AD001285,locality_centroid,locality,1,-603.5,2996.1,0.3333,0.3158,0.4828,1,1,0,0,0,0,none,3,3234.9
acd0c4e834b8,AD001285,town_centroid,town,1,856.3249999999999,109.34166666666668,0.3333,0.3158,0.4828,1,1,0,0,0,0,none,3,0.0
9d765b765a6d,AD001286,vendor_pin,street,1,1543.3,-4088.6,0.2222,0.1837,0.3333,1,1,0,0,0,0,street,3,3931.2
387ce36e6fe1,AD001286,locality_centroid,locality,1,1155.3,-3613.0,0.2222,0.1837,0.3333,1,1,0,0,0,0,none,3,3336.9
2fa44f306c26,AD001286,town_centroid,town,1,-172.75833333333335,-551.7416666666667,0.2222,0.1837,0.3333,1,1,0,0,0,0,none,3,0.0
c3e6c3d6e0a3,AD001287,vendor_pin,locality,1,-3730.3,-719.1,0.1818,0.1875,0.375,0,1,0,0,0,0,locality,2,3561.5
5341daaa64a1,AD001287,town_centroid,town,1,-172.75833333333335,-551.7416666666667,0.1818,0.1875,0.375,0,1,0,0,0,0,none,2,0.0
4ec19afe6689,AD001288,vendor_pin,locality,1,1109.7,-68.9,0.1,0.1452,0.3117,0,1,0,0,0,0,locality,2,1234.5
45179626109e,AD001288,town_centroid,town,1,-46.70000000000002,-500.9083333333333,0.1,0.1452,0.3117,0,1,0,0,0,0,none,2,0.0
48af8cfb3ee9,AD001289,vendor_pin,rooftop,1,3994.3,668.4,0.1333,0.1386,0.2645,1,0,0,0,0,0,rooftop,3,4342.0
e0d7fa5036f6,AD001289,locality_centroid,locality,1,3653.7,367.3,0.1333,0.1386,0.2645,1,0,0,0,0,0,none,3,3935.3
2080764fd7a5,AD001289,town_centroid,town,1,-172.75833333333335,-551.7416666666667,0.1333,0.1386,0.2645,1,0,0,0,0,0,none,3,0.0
60425de4dca4,AD001290,vendor_pin,locality,1,1065.5,-919.8,0.25,0.2453,0.4286,1,1,0,0,0,0,locality,4,1291.8
e8ead2da5c56,AD001290,locality_centroid,locality,1,929.4,-822.2,0.25,0.2453,0.4286,1,1,0,0,0,0,none,4,1134.9
af963566db94,AD001290,town_centroid,town,1,-172.75833333333335,-551.7416666666667,0.25,0.2453,0.4286,1,1,0,0,0,0,none,4,0.0
5dba03a8caff,AD001290,prior_field_cluster,street,1,1656.8000000000002,-903.5,0.25,0.2453,0.4286,1,1,0,0,0,0,none,4,1863.1
961fe7c31013,AD001291,vendor_pin,locality,1,801.0,-797.2,0.0833,0.1471,0.3133,0,1,0,0,0,0,locality,3,1004.2
8d74235b3c14,AD001291,town_centroid,town,1,-172.75833333333335,-551.7416666666667,0.0833,0.1471,0.3133,0,1,0,0,0,0,none,3,0.0
4064258348d9,AD001291,prior_field_cluster,street,1,903.3,-793.0,0.0833,0.1471,0.3133,0,1,0,0,0,0,none,3,1102.8
e897f5022de9,AD001293,vendor_pin,street,1,-968.9,-144.8,0.1667,0.1143,0.2439,1,1,0,0,0,0,street,3,894.1
278fb21beb90,AD001293,locality_centroid,locality,1,-722.6,-522.8,0.1667,0.1143,0.2439,1,1,0,0,0,0,none,3,550.6
86ac31405587,AD001293,town_centroid,town,1,-172.75833333333335,-551.7416666666667,0.1667,0.1143,0.2439,1,1,0,0,0,0,none,3,0.0
685058b26c8b,AD001294,vendor_pin,pincode,1,1258.1,-1754.1,0.0,0.013,0.1687,0,1,0,0,0,0,pincode,3,1809.1
e680ce4e2583,AD001294,town_centroid,town,1,-46.70000000000002,-500.9083333333333,0.0,0.013,0.1687,0,1,0,0,0,0,none,3,0.0
ee58e78c94ca,AD001294,prior_field_cluster,street,1,2684.9,-2430.2,0.0,0.013,0.1687,0,1,0,0,0,0,none,3,3344.2
9d5d4314ec8a,AD001295,vendor_pin,locality,1,483.5,-2857.5,0.5,0.3571,0.5714,1,1,0,0,0,0,locality,3,2415.5
925b3654ae87,AD001295,locality_centroid,locality,1,665.2,-3094.2,0.5,0.3571,0.5714,1,1,0,0,0,0,none,3,2689.2
1a513f7bad7b,AD001295,town_centroid,town,1,-46.70000000000002,-500.9083333333333,0.5,0.3571,0.5714,1,1,0,0,0,0,none,3,0.0
76851795dcd0,AD001296,vendor_pin,locality,1,3000.4,647.0,0.25,0.1818,0.3429,1,1,0,0,0,0,locality,3,2210.5
d7158962cb97,AD001296,locality_centroid,locality,1,3029.6,575.7,0.25,0.1818,0.3429,1,1,0,0,0,0,none,3,2222.7
75e66fc025d5,AD001296,town_centroid,town,1,856.3249999999999,109.34166666666668,0.25,0.1818,0.3429,1,1,0,0,0,0,none,3,0.0
cbabd1212fdf,AD001297,vendor_pin,locality,1,2303.9,1803.5,0.2,0.1077,0.2143,1,1,0,0,0,0,locality,3,2228.4
9bfb8b7e599d,AD001297,locality_centroid,locality,1,2308.9,1849.5,0.2,0.1077,0.2143,1,1,0,0,0,0,none,3,2266.7
4081c3862387,AD001297,town_centroid,town,1,856.3249999999999,109.34166666666668,0.2,0.1077,0.2143,1,1,0,0,0,0,none,3,0.0
84120b2e61fc,AD001298,vendor_pin,locality,1,-930.8,-3001.2,0.1818,0.1538,0.3,1,1,0,0,0,0,locality,3,2652.0
9b7fc205f59b,AD001298,locality_centroid,locality,1,-1053.3,-3163.0,0.1818,0.1538,0.3,1,1,0,0,0,0,none,3,2846.0
5a4e41ab52cd,AD001298,town_centroid,town,1,-46.70000000000002,-500.9083333333333,0.1818,0.1538,0.3,1,1,0,0,0,0,none,3,0.0
504878150ae4,AD001299,vendor_pin,locality,1,-538.7,-1110.7,0.25,0.22,0.3939,1,0,0,0,0,0,locality,3,783.5
989444aa8bf9,AD001299,locality_centroid,locality,1,-598.6,-1329.8,0.25,0.22,0.3939,1,0,0,0,0,0,none,3,995.8
9cf9da73efb4,AD001299,town_centroid,town,1,-46.70000000000002,-500.9083333333333,0.25,0.22,0.3939,1,0,0,0,0,0,none,3,0.0
c56ab236351a,AD001300,vendor_pin,rooftop,1,1569.4,-2218.7,0.25,0.1607,0.2933,1,1,0,0,0,0,rooftop,3,2434.8
278ace2a0646,AD001300,locality_centroid,locality,1,1577.4,-2059.5,0.25,0.1607,0.2933,1,1,0,0,0,0,none,3,2285.6
98fef0449213,AD001300,town_centroid,town,1,856.3249999999999,109.34166666666668,0.25,0.1607,0.2933,1,1,0,0,0,0,none,3,0.0
dd7f7ca73650,AD001301,vendor_pin,street,1,-1957.2,-3046.1,0.1818,0.1692,0.3059,1,1,0,0,0,0,street,3,4227.6
97404f8ff09f,AD001301,locality_centroid,locality,1,-1600.3,-2801.9,0.1818,0.1692,0.3059,1,1,0,0,0,0,none,3,3809.2
11f0d2b29176,AD001301,town_centroid,town,1,856.3249999999999,109.34166666666668,0.1818,0.1692,0.3059,1,1,0,0,0,0,none,3,0.0
be7072693939,AD001302,vendor_pin,locality,1,-3558.0,-825.4,0.3,0.2273,0.4,1,1,0,0,0,0,locality,3,3396.3
cf128ce71801,AD001302,locality_centroid,locality,1,-3766.2,-883.9,0.3,0.2273,0.4,1,1,0,0,0,0,none,3,3608.8
018b3ef1c7eb,AD001302,town_centroid,town,1,-172.75833333333335,-551.7416666666667,0.3,0.2273,0.4,1,1,0,0,0,0,none,3,0.0
a6cdfd471c73,AD001303,vendor_pin,street,1,2283.3,-1218.0,0.2222,0.1613,0.3077,1,1,0,0,0,0,street,3,1948.9
c9d3a1713a18,AD001303,locality_centroid,locality,1,2589.2,-1273.1,0.2222,0.1613,0.3077,1,1,0,0,0,0,none,3,2216.8
caab4daf71fa,AD001303,town_centroid,town,1,856.3249999999999,109.34166666666668,0.2222,0.1613,0.3077,1,1,0,0,0,0,none,3,0.0
e2e5fdc23d16,AD001304,vendor_pin,street,1,-1958.0,-2771.0,0.1667,0.1486,0.2889,1,1,0,0,0,0,street,3,2967.6
6e71f30582d7,AD001304,locality_centroid,locality,1,-2195.4,-2378.6,0.1667,0.1486,0.2889,1,1,0,0,0,0,none,3,2853.5
29e9e3a6b8fc,AD001304,town_centroid,town,1,-46.70000000000002,-500.9083333333333,0.1667,0.1486,0.2889,1,1,0,0,0,0,none,3,0.0
ee7a20b04813,AD001305,vendor_pin,locality,1,-2625.3,-355.2,0.3,0.2542,0.4359,1,1,0,0,0,0,locality,3,2460.4
e2748b347140,AD001305,locality_centroid,locality,1,-2605.6,-262.1,0.3,0.2542,0.4359,1,1,0,0,0,0,none,3,2450.0
ecafa2157275,AD001305,town_centroid,town,1,-172.75833333333335,-551.7416666666667,0.3,0.2542,0.4359,1,1,0,0,0,0,none,3,0.0
00bbcacebe54,AD001306,vendor_pin,locality,1,2855.2,-2275.6,0.125,0.1429,0.3607,0,1,0,0,0,0,locality,2,3401.6
73ce6a9ebbb6,AD001306,town_centroid,town,1,-46.70000000000002,-500.9083333333333,0.125,0.1429,0.3607,0,1,0,0,0,0,none,2,0.0
745884c97618,AD001307,vendor_pin,street,1,529.3,-3096.1,0.1538,0.1389,0.2791,1,1,0,0,0,0,street,4,2658.3
0f574646115e,AD001307,locality_centroid,locality,1,665.2,-3094.2,0.1538,0.1389,0.2791,1,1,0,0,0,0,none,4,2689.2
8620e8d066d9,AD001307,town_centroid,town,1,-46.70000000000002,-500.9083333333333,0.1538,0.1389,0.2791,1,1,0,0,0,0,none,4,0.0
a752a89d4449,AD001307,prior_field_cluster,street,1,372.4,-3110.9,0.1538,0.1389,0.2791,1,1,0,0,0,0,none,4,2643.4
21457581b29e,AD001308,vendor_pin,street,1,-2814.9,1417.8,0.2,0.2,0.3544,1,1,0,0,0,0,street,3,3368.1
b6f9bd4b63d7,AD001308,locality_centroid,locality,1,-2863.9,1096.5,0.2,0.2,0.3544,1,1,0,0,0,0,none,3,3238.6
ef294ca50d7e,AD001308,town_centroid,town,1,-46.70000000000002,-500.9083333333333,0.2,0.2,0.3544,1,1,0,0,0,0,none,3,0.0
a129a92111be,AD001309,vendor_pin,locality,1,-684.4,-1520.8,0.25,0.2,0.3662,1,1,0,0,0,0,locality,3,1202.8
1a1d0a5fbc7d,AD001309,locality_centroid,locality,1,-598.6,-1329.8,0.25,0.2,0.3662,1,1,0,0,0,0,none,3,995.8
f11aabcb9a04,AD001309,town_centroid,town,1,-46.70000000000002,-500.9083333333333,0.25,0.2,0.3662,1,1,0,0,0,0,none,3,0.0
1744c7063e1d,AD001310,vendor_pin,locality,1,2354.8,1619.0,0.3333,0.1892,0.3333,1,1,0,0,0,0,locality,3,2127.1
8336ca997361,AD001310,locality_centroid,locality,1,2308.9,1849.5,0.3333,0.1892,0.3333,1,1,0,0,0,0,none,3,2266.7
8f00f83b4cc0,AD001310,town_centroid,town,1,856.3249999999999,109.34166666666668,0.3333,0.1892,0.3333,1,1,0,0,0,0,none,3,0.0
4e13a4a6f1cd,AD001311,vendor_pin,locality,1,-3071.0,1210.1,0.1538,0.1481,0.2887,1,1,0,0,0,0,locality,3,3474.8
d84e7caa1bce,AD001311,locality_centroid,locality,1,-2863.9,1096.5,0.1538,0.1481,0.2887,1,1,0,0,0,0,none,3,3238.6
07e195941ed8,AD001311,town_centroid,town,1,-46.70000000000002,-500.9083333333333,0.1538,0.1481,0.2887,1,1,0,0,0,0,none,3,0.0
42f95c2e4e67,AD001312,vendor_pin,locality,1,-2787.5,1143.8,0.1667,0.16,0.2979,1,1,0,0,0,0,locality,3,3196.4
75fb91d33319,AD001312,locality_centroid,locality,1,-2863.9,1096.5,0.1667,0.16,0.2979,1,1,0,0,0,0,none,3,3238.6
15dabc85c3a4,AD001312,town_centroid,town,1,-46.70000000000002,-500.9083333333333,0.1667,0.16,0.2979,1,1,0,0,0,0,none,3,0.0
168aea3d5c28,AD001314,vendor_pin,street,1,-2434.2,1408.9,0.25,0.2264,0.4,1,1,0,0,0,0,street,4,3057.4
83a37be843c0,AD001314,locality_centroid,locality,1,-2863.9,1096.5,0.25,0.2264,0.4,1,1,0,0,0,0,none,4,3238.6
a8dcd9cacf7e,AD001314,town_centroid,town,1,-46.70000000000002,-500.9083333333333,0.25,0.2264,0.4,1,1,0,0,0,0,none,4,0.0
676053b2915f,AD001314,prior_field_cluster,street,1,-2442.8999999999996,1284.55,0.25,0.2264,0.4,1,1,0,0,0,0,none,4,2988.2
113a6c1b9e66,AD001315,vendor_pin,locality,1,-2961.9,1328.4,0.2857,0.2353,0.4118,1,1,0,0,0,0,locality,3,3441.6
c0fb7c12e171,AD001315,locality_centroid,locality,1,-2863.9,1096.5,0.2857,0.2353,0.4118,1,1,0,0,0,0,none,3,3238.6
d6bce581f411,AD001315,town_centroid,town,1,-46.70000000000002,-500.9083333333333,0.2857,0.2353,0.4118,1,1,0,0,0,0,none,3,0.0
e161cd98b097,AD001316,vendor_pin,locality,1,-1259.0,-3144.2,0.0909,0.1194,0.275,0,1,0,0,0,0,locality,2,2908.0
a1293fdd0195,AD001316,town_centroid,town,1,-46.70000000000002,-500.9083333333333,0.0909,0.1194,0.275,0,1,0,0,0,0,none,2,0.0
ff0112389ee4,AD001317,vendor_pin,street,1,1919.8,-1156.5,0.25,0.3019,0.4737,1,0,0,0,0,0,street,3,2072.9
4f3ed293dad8,AD001317,locality_centroid,locality,1,1939.0,-996.1,0.25,0.3019,0.4737,1,0,0,0,0,0,none,3,2046.5
1ad9652691f2,AD001317,town_centroid,town,1,-46.70000000000002,-500.9083333333333,0.25,0.3019,0.4737,1,0,0,0,0,0,none,3,0.0
41f1d7c4fb65,AD001318,vendor_pin,street,1,1213.7,-55.1,0.0833,0.1231,0.2785,0,1,0,0,0,0,street,3,393.4
6e8116970451,AD001318,town_centroid,town,1,856.3249999999999,109.34166666666668,0.0833,0.1231,0.2785,0,1,0,0,0,0,none,3,0.0
b0b72971aa0b,AD001318,prior_field_cluster,street,1,1175.85,-49.2,0.0833,0.1231,0.2785,0,1,0,0,0,0,none,3,356.7
07044f1cb552,AD001319,vendor_pin,locality,1,-421.9,3130.3,0.2,0.2031,0.3659,1,1,0,0,0,0,locality,3,3690.5
cde975fa1cdc,AD001319,locality_centroid,locality,1,-438.3,3208.9,0.2,0.2031,0.3659,1,1,0,0,0,0,none,3,3770.0
b00e9252a20e,AD001319,town_centroid,town,1,-172.75833333333335,-551.7416666666667,0.2,0.2031,0.3659,1,1,0,0,0,0,none,3,0.0
0f732c2fe9df,AD001320,vendor_pin,street,1,-543.2,-1029.4,0.1667,0.1549,0.2989,1,1,0,0,0,0,street,3,725.1
320f04d22dc3,AD001320,locality_centroid,locality,1,-598.6,-1329.8,0.1667,0.1549,0.2989,1,1,0,0,0,0,none,3,995.8
c929ed310b5a,AD001320,town_centroid,town,1,-46.70000000000002,-500.9083333333333,0.1667,0.1549,0.2989,1,1,0,0,0,0,none,3,0.0
661cb5814e30,AD001321,vendor_pin,street,1,569.7,2284.4,0.2,0.2,0.3656,1,1,0,0,0,0,street,3,2852.7
1dcf9e009bc9,AD001321,locality_centroid,locality,1,290.7,2335.2,0.2,0.2,0.3656,1,1,0,0,0,0,none,3,2856.1
3abeaa6d3c01,AD001321,town_centroid,town,1,-46.70000000000002,-500.9083333333333,0.2,0.2,0.3656,1,1,0,0,0,0,none,3,0.0
244e6e6bd0fb,AD001322,vendor_pin,pincode,1,1751.4,1313.2,0.0,0.0222,0.24,0,1,0,0,0,0,pincode,3,2554.2
56bd1f51006d,AD001322,town_centroid,town,1,-46.70000000000002,-500.9083333333333,0.0,0.0222,0.24,0,1,0,0,0,0,none,3,0.0
ff161041df42,AD001322,prior_field_cluster,street,1,16.7,1989.0,0.0,0.0222,0.24,0,1,0,0,0,0,none,3,2490.7
e7ad2ea414d8,AD001323,vendor_pin,locality,1,737.1,-2894.7,0.0909,0.1077,0.2857,0,1,0,0,0,0,locality,2,2518.8
c211192abf10,AD001323,town_centroid,town,1,-46.70000000000002,-500.9083333333333,0.0909,0.1077,0.2857,0,1,0,0,0,0,none,2,0.0
72c913f9f89a,AD001324,vendor_pin,locality,1,2621.7,-1914.1,0.25,0.2128,0.3934,1,1,0,0,0,0,locality,4,3019.5
66664d2ca036,AD001324,locality_centroid,locality,1,2735.1,-2128.6,0.25,0.2128,0.3934,1,1,0,0,0,0,none,4,3223.0
d606755f0c06,AD001324,town_centroid,town,1,-46.70000000000002,-500.9083333333333,0.25,0.2128,0.3934,1,1,0,0,0,0,none,4,0.0
2503e6e839ce,AD001324,prior_field_cluster,street,1,2618.9,-1940.1,0.25,0.2128,0.3934,1,1,0,0,0,0,none,4,3029.3
d3d19dd2c065,AD001325,vendor_pin,locality,1,-1730.4,-2813.1,0.4,0.3056,0.4561,1,1,0,0,0,0,locality,3,3902.8
c3f467897f13,AD001325,locality_centroid,locality,1,-1600.3,-2801.9,0.4,0.3056,0.4561,1,1,0,0,0,0,none,3,3809.2
da36c1988dc3,AD001325,town_centroid,town,1,856.3249999999999,109.34166666666668,0.4,0.3056,0.4561,1,1,0,0,0,0,none,3,0.0
974d4917b62a,AD001326,vendor_pin,locality,1,806.4,1175.1,0.2222,0.1786,0.338,1,1,0,0,0,0,locality,3,1066.9
d1ef82adf061,AD001326,locality_centroid,locality,1,987.4,1270.5,0.2222,0.1786,0.338,1,1,0,0,0,0,none,3,1168.5
7c91fb5680d3,AD001326,town_centroid,town,1,856.3249999999999,109.34166666666668,0.2222,0.1786,0.338,1,1,0,0,0,0,none,3,0.0
b36a5c2af8b2,AD001327,vendor_pin,locality,1,1460.0,-1918.0,0.2,0.1452,0.2716,1,1,0,0,0,0,locality,3,2115.3
3e2dc202cb3d,AD001327,locality_centroid,locality,1,1577.4,-2059.5,0.2,0.1452,0.2716,1,1,0,0,0,0,none,3,2285.6
bb1240373302,AD001327,town_centroid,town,1,856.3249999999999,109.34166666666668,0.2,0.1452,0.2716,1,1,0,0,0,0,none,3,0.0
174029172c9c,AD001328,vendor_pin,locality,1,933.9,2624.5,0.2,0.1667,0.3243,1,1,0,0,0,0,locality,3,2516.4
64d7b830b18b,AD001328,locality_centroid,locality,1,986.3,2772.6,0.2,0.1667,0.3243,1,1,0,0,0,0,none,3,2666.4
da02ba6da32b,AD001328,town_centroid,town,1,856.3249999999999,109.34166666666668,0.2,0.1667,0.3243,1,1,0,0,0,0,none,3,0.0
0069c0962d0b,AD001329,vendor_pin,locality,1,701.6,-601.3,0.1,0.1613,0.3421,0,1,0,0,0,0,locality,2,875.8
c6eb70631e26,AD001329,town_centroid,town,1,-172.75833333333335,-551.7416666666667,0.1,0.1613,0.3421,0,1,0,0,0,0,none,2,0.0
1c3502b959e5,AD001330,vendor_pin,locality,1,-3780.0,-960.1,0.3,0.2308,0.4048,1,1,0,0,0,0,locality,4,3630.3
98f2e08180b5,AD001330,locality_centroid,locality,1,-3766.2,-883.9,0.3,0.2308,0.4048,1,1,0,0,0,0,none,4,3608.8
781ddf3a2917,AD001330,town_centroid,town,1,-172.75833333333335,-551.7416666666667,0.3,0.2308,0.4048,1,1,0,0,0,0,none,4,0.0
2e3666e39cf1,AD001330,prior_field_cluster,street,1,-2329.6499999999996,-548.5,0.3,0.2308,0.4048,1,1,0,0,0,0,none,4,2156.9
6cd823e1bbb9,AD001331,vendor_pin,locality,1,-2535.9,-131.6,0.3333,0.2632,0.4474,1,1,0,0,0,0,locality,3,2400.2
81c91ef578fb,AD001331,locality_centroid,locality,1,-2605.6,-262.1,0.3333,0.2632,0.4474,1,1,0,0,0,0,none,3,2450.0
4437693064b6,AD001331,town_centroid,town,1,-172.75833333333335,-551.7416666666667,0.3333,0.2632,0.4474,1,1,0,0,0,0,none,3,0.0
eb555f0bf919,AD001332,vendor_pin,locality,1,-1153.3,-2028.0,0.1818,0.1791,0.3373,1,1,0,0,0,0,locality,3,1772.2
b86fb49e8cc0,AD001332,locality_centroid,locality,1,-1112.2,-1888.2,0.1818,0.1791,0.3373,1,1,0,0,0,0,none,3,1633.6
017b1223d9eb,AD001332,town_centroid,town,1,-172.75833333333335,-551.7416666666667,0.1818,0.1791,0.3373,1,1,0,0,0,0,none,3,0.0
cfa54f4dd5ef,AD001333,vendor_pin,locality,1,-2586.7,-352.4,0.375,0.2885,0.4789,1,0,0,1,0,0,locality,4,2422.2
02f6bb39c5ec,AD001333,locality_centroid,locality,1,-2605.6,-262.1,0.375,0.2885,0.4789,1,0,0,1,0,0,none,4,2450.0
afbf260175e7,AD001333,town_centroid,town,1,-172.75833333333335,-551.7416666666667,0.375,0.2885,0.4789,1,0,0,1,0,0,none,4,0.0
50f743990d21,AD001333,prior_field_cluster,street,1,-2570.2,-220.7,0.375,0.2885,0.4789,1,0,0,1,0,0,none,4,2420.2
c7b2949d79fc,AD001335,vendor_pin,locality,1,-2179.8,-2339.4,0.1818,0.1571,0.2921,1,1,0,0,0,0,locality,3,2816.1
ca4419ee9f84,AD001335,locality_centroid,locality,1,-2195.4,-2378.6,0.1818,0.1571,0.2921,1,1,0,0,0,0,none,3,2853.5
a247e42eee6f,AD001335,town_centroid,town,1,-46.70000000000002,-500.9083333333333,0.1818,0.1571,0.2921,1,1,0,0,0,0,none,3,0.0
e06432a31cde,AD001336,vendor_pin,locality,1,2682.4,-2179.0,0.0909,0.1286,0.2857,0,1,0,0,0,0,locality,3,3203.7
07f50768bc54,AD001336,town_centroid,town,1,-46.70000000000002,-500.9083333333333,0.0909,0.1286,0.2857,0,1,0,0,0,0,none,3,0.0
e189ea6eaae8,AD001336,prior_field_cluster,street,1,2695.2,-1810.6,0.0909,0.1286,0.2857,0,1,0,0,0,0,none,3,3038.6
d6b8040bc2ac,AD001337,vendor_pin,locality,1,1350.2,-2179.3,0.2857,0.2143,0.3607,1,1,0,0,0,0,locality,3,2341.3
6d893d595367,AD001337,locality_centroid,locality,1,1577.4,-2059.5,0.2857,0.2143,0.3607,1,1,0,0,0,0,none,3,2285.6
3232fcbc54c1,AD001337,town_centroid,town,1,856.3249999999999,109.34166666666668,0.2857,0.2143,0.3607,1,1,0,0,0,0,none,3,0.0
cfb0c60db110,AD001338,vendor_pin,locality,1,3027.8,662.6,0.2,0.1613,0.3117,1,1,0,0,0,0,locality,4,2240.8
9493007c1093,AD001338,locality_centroid,locality,1,3029.6,575.7,0.2,0.1613,0.3117,1,1,0,0,0,0,none,4,2222.7
bce332a4ed7f,AD001338,town_centroid,town,1,856.3249999999999,109.34166666666668,0.2,0.1613,0.3117,1,1,0,0,0,0,none,4,0.0
f96b971d5da1,AD001338,prior_field_cluster,street,1,2849.8,625.5,0.2,0.1613,0.3117,1,1,0,0,0,0,none,4,2059.2
8769dc3848b0,AD001339,vendor_pin,locality,1,952.2,2547.0,0.2222,0.1587,0.3077,1,1,0,0,0,0,locality,4,2439.5
66e501bff11d,AD001339,locality_centroid,locality,1,986.3,2772.6,0.2222,0.1587,0.3077,1,1,0,0,0,0,none,4,2666.4
8c1f86033973,AD001339,town_centroid,town,1,856.3249999999999,109.34166666666668,0.2222,0.1587,0.3077,1,1,0,0,0,0,none,4,0.0
45b19c355f43,AD001339,prior_field_cluster,street,1,608.3,2825.1,0.2222,0.1587,0.3077,1,1,0,0,0,0,none,4,2727.1
0a09875ac7ab,AD001340,vendor_pin,locality,1,825.1,2812.8,0.2,0.1754,0.3288,1,1,0,0,0,0,locality,3,2703.6
10b547b8a0f7,AD001340,locality_centroid,locality,1,986.3,2772.6,0.2,0.1754,0.3288,1,1,0,0,0,0,none,3,2666.4
1386aea6e35b,AD001340,town_centroid,town,1,856.3249999999999,109.34166666666668,0.2,0.1754,0.3288,1,1,0,0,0,0,none,3,0.0
a0e04f494280,AD001341,vendor_pin,street,1,-980.8,-1755.2,0.0909,0.1233,0.3023,0,1,0,0,0,0,street,2,1449.6
1264b997040c,AD001341,town_centroid,town,1,-172.75833333333335,-551.7416666666667,0.0909,0.1233,0.3023,0,1,0,0,0,0,none,2,0.0
b914d00e5d10,AD001342,vendor_pin,locality,1,2906.1,710.1,0.125,0.1458,0.3667,0,1,0,0,0,0,locality,2,2136.0
fd904894688b,AD001342,town_centroid,town,1,856.3249999999999,109.34166666666668,0.125,0.1458,0.3667,0,1,0,0,0,0,none,2,0.0
58ffe9258334,AD001343,vendor_pin,street,1,-997.8,-315.1,0.1667,0.1096,0.2353,1,1,0,0,0,0,street,4,858.3
89c2f235de95,AD001343,locality_centroid,locality,1,-722.6,-522.8,0.1667,0.1096,0.2353,1,1,0,0,0,0,none,4,550.6
435e0990b7e2,AD001343,town_centroid,town,1,-172.75833333333335,-551.7416666666667,0.1667,0.1096,0.2353,1,1,0,0,0,0,none,4,0.0
5e6a7e766181,AD001343,prior_field_cluster,street,1,-1269.1,-501.1,0.1667,0.1096,0.2353,1,1,0,0,0,0,none,4,1097.5
bd23c69e44b8,AD001344,vendor_pin,locality,1,-1311.8,-1762.3,0.1818,0.15,0.2887,1,1,0,0,0,0,locality,3,1662.2
a6cd30b9c4b0,AD001344,locality_centroid,locality,1,-1112.2,-1888.2,0.1818,0.15,0.2887,1,1,0,0,0,0,none,3,1633.6
6db7943d7ed3,AD001344,town_centroid,town,1,-172.75833333333335,-551.7416666666667,0.1818,0.15,0.2887,1,1,0,0,0,0,none,3,0.0
4e9aa7501046,AD001346,vendor_pin,locality,1,-713.7,-374.2,0.2,0.1803,0.325,0,1,0,0,0,0,locality,2,1642.8
fb69e0935fab,AD001346,town_centroid,town,1,856.3249999999999,109.34166666666668,0.2,0.1803,0.325,0,1,0,0,0,0,none,2,0.0
e57968197087,AD001348,vendor_pin,locality,1,2614.3,-2334.9,0.0833,0.1061,0.2308,0,1,0,0,0,0,locality,2,3231.8
945a57ccaf6b,AD001348,town_centroid,town,1,-46.70000000000002,-500.9083333333333,0.0833,0.1061,0.2308,0,1,0,0,0,0,none,2,0.0
314f1191ccaa,AD001349,vendor_pin,street,1,2041.4,-1312.6,0.2,0.2388,0.4138,1,0,0,0,0,0,street,3,2240.3
930f2a38976f,AD001349,locality_centroid,locality,1,1939.0,-996.1,0.2,0.2388,0.4138,1,0,0,0,0,0,none,3,2046.5
ec4ecfe94bd0,AD001349,town_centroid,town,1,-46.70000000000002,-500.9083333333333,0.2,0.2388,0.4138,1,0,0,0,0,0,none,3,0.0
dfd9d97ad4c7,AD001350,vendor_pin,locality,1,-1748.6,-2600.8,0.25,0.2558,0.4194,0,0,0,0,0,0,locality,2,3759.1
371f493f7cd6,AD001350,town_centroid,town,1,856.3249999999999,109.34166666666668,0.25,0.2558,0.4194,0,0,0,0,0,0,none,2,0.0
006428a6ad5f,AD001351,vendor_pin,locality,1,897.5,-39.8,0.2,0.1803,0.325,1,1,0,0,0,0,locality,3,154.7
a45291f6ca58,AD001351,locality_centroid,locality,1,1046.9,-2.6,0.2,0.1803,0.325,1,1,0,0,0,0,none,3,221.0
8f57f4a1b607,AD001351,town_centroid,town,1,856.3249999999999,109.34166666666668,0.2,0.1803,0.325,1,1,0,0,0,0,none,3,0.0
62cadbe810c9,AD001352,vendor_pin,locality,1,3764.9,358.0,0.1818,0.2188,0.3902,1,0,0,0,0,0,locality,4,4041.4
b22d7d1db0d3,AD001352,locality_centroid,locality,1,3653.7,367.3,0.1818,0.2188,0.3902,1,0,0,0,0,0,none,4,3935.3
944d6840de65,AD001352,town_centroid,town,1,-172.75833333333335,-551.7416666666667,0.1818,0.2188,0.3902,1,0,0,0,0,0,none,4,0.0
d79de544690e,AD001352,prior_field_cluster,street,1,3931.5,337.7,0.1818,0.2188,0.3902,1,0,0,0,0,0,none,4,4199.5
33d4dc9fad38,AD001353,vendor_pin,locality,1,3550.7,499.2,0.0769,0.1282,0.3261,0,1,1,0,0,0,locality,2,3868.9
c64c4db85f6a,AD001353,town_centroid,town,1,-172.75833333333335,-551.7416666666667,0.0769,0.1282,0.3261,0,1,1,0,0,0,none,2,0.0
fac2c224507f,AD001354,vendor_pin,locality,1,2756.1,-2255.3,0.0769,0.1,0.2195,0,1,0,0,0,0,locality,3,3306.6
6a948c2b6d5c,AD001354,town_centroid,town,1,-46.70000000000002,-500.9083333333333,0.0769,0.1,0.2195,0,1,0,0,0,0,none,3,0.0
887f95c2a6ee,AD001354,prior_field_cluster,street,1,3001.3999999999996,-2021.8,0.0769,0.1,0.2195,0,1,0,0,0,0,none,3,3406.5
34c195a5894a,AD001355,vendor_pin,locality,1,763.2,-2989.0,0.0769,0.1096,0.2558,0,1,0,0,0,0,locality,2,2616.6
65099848286c,AD001355,town_centroid,town,1,-46.70000000000002,-500.9083333333333,0.0769,0.1096,0.2558,0,1,0,0,0,0,none,2,0.0
c8287201dcfe,AD001356,vendor_pin,locality,1,332.4,2403.0,0.2857,0.2857,0.4928,1,1,0,0,0,0,locality,3,2928.5
fbe7706bef0b,AD001356,locality_centroid,locality,1,290.7,2335.2,0.2857,0.2857,0.4928,1,1,0,0,0,0,none,3,2856.1
1b35bf8752f9,AD001356,town_centroid,town,1,-46.70000000000002,-500.9083333333333,0.2857,0.2857,0.4928,1,1,0,0,0,0,none,3,0.0
ed81538553c3,AD001357,vendor_pin,locality,1,-330.2,3252.8,0.2857,0.2889,0.4762,1,1,0,0,0,0,locality,4,3807.8
4acac86c9ba7,AD001357,locality_centroid,locality,1,-438.3,3208.9,0.2857,0.2889,0.4762,1,1,0,0,0,0,none,4,3770.0
d31dc1b16c1b,AD001357,town_centroid,town,1,-172.75833333333335,-551.7416666666667,0.2857,0.2889,0.4762,1,1,0,0,0,0,none,4,0.0
cdf41a17fb8b,AD001357,prior_field_cluster,street,1,-505.0,3422.1,0.2857,0.2889,0.4762,1,1,0,0,0,0,none,4,3987.7
dd3117f7e86a,AD001359,vendor_pin,locality,1,-719.2,2994.1,0.2857,0.2791,0.4242,1,0,0,0,0,0,locality,3,3287.0
ca354f3257cd,AD001359,locality_centroid,locality,1,-603.5,2996.1,0.2857,0.2791,0.4242,1,0,0,0,0,0,none,3,3234.9
e6dcd5ecfe78,AD001359,town_centroid,town,1,856.3249999999999,109.34166666666668,0.2857,0.2791,0.4242,1,0,0,0,0,0,none,3,0.0
3be33a8b32d6,AD001360,vendor_pin,street,1,-2138.0,1033.2,0.2,0.1739,0.3294,1,1,0,0,0,0,street,4,2524.7
605e4bf9c64f,AD001360,locality_centroid,locality,1,-2446.2,1613.2,0.2,0.1739,0.3294,1,1,0,0,0,0,none,4,3139.3
a85d44d88a97,AD001360,town_centroid,town,1,-172.75833333333335,-551.7416666666667,0.2,0.1739,0.3294,1,1,0,0,0,0,none,4,0.0
9a626d18a62f,AD001360,prior_field_cluster,street,1,-2302.2,1223.9,0.2,0.1739,0.3294,1,1,0,0,0,0,none,4,2772.6
dc8541afdb03,AD001361,vendor_pin,locality,1,-1148.7,-3349.3,0.1818,0.1471,0.2892,1,1,0,0,0,0,locality,3,3054.1
9d9b1ef57970,AD001361,locality_centroid,locality,1,-1053.3,-3163.0,0.1818,0.1471,0.2892,1,1,0,0,0,0,none,3,2846.0
9d24def2eea0,AD001361,town_centroid,town,1,-46.70000000000002,-500.9083333333333,0.1818,0.1471,0.2892,1,1,0,0,0,0,none,3,0.0
a65d3fe4b92e,AD001362,vendor_pin,pincode,1,-1596.8,839.4,0.0,0.0159,0.1471,0,1,0,0,0,0,pincode,2,2049.2
14f6c168d863,AD001362,town_centroid,town,1,-46.70000000000002,-500.9083333333333,0.0,0.0159,0.1471,0,1,0,0,0,0,none,2,0.0
8162ebe8072c,AD001363,vendor_pin,locality,1,2617.9,-2183.5,0.1667,0.137,0.2727,1,1,0,0,0,0,locality,4,3151.4
2055d5b02f1f,AD001363,locality_centroid,locality,1,2735.1,-2128.6,0.1667,0.137,0.2727,1,1,0,0,0,0,none,4,3223.0
1effc918d745,AD001363,town_centroid,town,1,-46.70000000000002,-500.9083333333333,0.1667,0.137,0.2727,1,1,0,0,0,0,none,4,0.0
10ee20371981,AD001363,prior_field_cluster,street,1,2917.1000000000004,-1806.65,0.1667,0.137,0.2727,1,1,0,0,0,0,none,4,3238.7
cde9ca853047,AD001364,vendor_pin,locality,1,2765.1,-2295.0,0.1818,0.1408,0.2791,1,1,0,0,0,0,locality,4,3335.4
938ee3556020,AD001364,locality_centroid,locality,1,2735.1,-2128.6,0.1818,0.1408,0.2791,1,1,0,0,0,0,none,4,3223.0
3af91778a607,AD001364,town_centroid,town,1,-46.70000000000002,-500.9083333333333,0.1818,0.1408,0.2791,1,1,0,0,0,0,none,4,0.0
19b3c5cf32bb,AD001364,prior_field_cluster,street,1,2964.4,-2497.0,0.1818,0.1408,0.2791,1,1,0,0,0,0,none,4,3612.6
7e7a235ee574,AD001365,vendor_pin,pincode,1,1544.1,-1711.5,0.1111,0.0862,0.2286,0,1,0,0,0,0,pincode,2,1946.4
50e316d0ce6b,AD001365,town_centroid,town,1,856.3249999999999,109.34166666666668,0.1111,0.0862,0.2286,0,1,0,0,0,0,none,2,0.0
32196aa01847,AD001366,vendor_pin,locality,1,1881.3,-984.4,0.1667,0.2162,0.3789,1,1,0,0,0,0,locality,3,1987.7
ddd2036c369f,AD001366,locality_centroid,locality,1,1939.0,-996.1,0.1667,0.2162,0.3789,1,1,0,0,0,0,none,3,2046.5
50d1a62f57b7,AD001366,town_centroid,town,1,-46.70000000000002,-500.9083333333333,0.1667,0.2162,0.3789,1,1,0,0,0,0,none,3,0.0
8b141053a142,AD001367,vendor_pin,locality,1,285.9,2454.1,0.25,0.2642,0.4595,1,1,0,0,0,0,locality,3,2973.7
09b7e3364480,AD001367,locality_centroid,locality,1,290.7,2335.2,0.25,0.2642,0.4595,1,1,0,0,0,0,none,3,2856.1
547e70b8c538,AD001367,town_centroid,town,1,-46.70000000000002,-500.9083333333333,0.25,0.2642,0.4595,1,1,0,0,0,0,none,3,0.0
2741ddf0c88c,AD001368,vendor_pin,locality,1,858.6,2534.8,0.3333,0.25,0.4444,1,1,0,0,0,0,locality,3,2425.5
e73e2267b706,AD001368,locality_centroid,locality,1,986.3,2772.6,0.3333,0.25,0.4444,1,1,0,0,0,0,none,3,2666.4
54aaac686e10,AD001368,town_centroid,town,1,856.3249999999999,109.34166666666668,0.3333,0.25,0.4444,1,1,0,0,0,0,none,3,0.0
d5b288eaa630,AD001369,vendor_pin,street,1,-551.4,-542.2,0.0769,0.0625,0.1739,0,1,0,0,0,0,street,2,378.8
b6bed4e8c3af,AD001369,town_centroid,town,1,-172.75833333333335,-551.7416666666667,0.0769,0.0625,0.1739,0,1,0,0,0,0,none,2,0.0
87592e2c26fd,AD001370,vendor_pin,pincode,1,1371.8,1402.5,0.0,0.0164,0.1791,0,1,0,0,0,0,pincode,2,2373.8
22d4c3ef85ff,AD001370,town_centroid,town,1,-46.70000000000002,-500.9083333333333,0.0,0.0164,0.1791,0,1,0,0,0,0,none,2,0.0
1e7b3f18d478,AD001371,vendor_pin,locality,1,-2450.6,-364.1,0.3333,0.25,0.4304,1,1,0,0,0,0,locality,4,2285.6
7634570b31d0,AD001371,locality_centroid,locality,1,-2605.6,-262.1,0.3333,0.25,0.4304,1,1,0,0,0,0,none,4,2450.0
366992325433,AD001371,town_centroid,town,1,-172.75833333333335,-551.7416666666667,0.3333,0.25,0.4304,1,1,0,0,0,0,none,4,0.0
44f17674415f,AD001371,prior_field_cluster,street,1,-2819.1,-681.4,0.3333,0.25,0.4304,1,1,0,0,0,0,none,4,2649.5
2541f4d047ee,AD001372,vendor_pin,locality,1,2856.8,-2140.2,0.1538,0.1316,0.2609,1,1,0,0,0,0,locality,4,3334.3
cb4132978d08,AD001372,locality_centroid,locality,1,2735.1,-2128.6,0.1538,0.1316,0.2609,1,1,0,0,0,0,none,4,3223.0
989bd76ab43d,AD001372,town_centroid,town,1,-46.70000000000002,-500.9083333333333,0.1538,0.1316,0.2609,1,1,0,0,0,0,none,4,0.0
e8ca21d67bfc,AD001372,prior_field_cluster,street,1,2992.6,-2504.05,0.1538,0.1316,0.2609,1,1,0,0,0,0,none,4,3640.0
b27663fd2eb2,AD001373,vendor_pin,locality,1,2272.0,1868.7,0.2,0.1167,0.2308,1,1,0,0,0,0,locality,3,2258.2
295d7f8a24a2,AD001373,locality_centroid,locality,1,2308.9,1849.5,0.2,0.1167,0.2308,1,1,0,0,0,0,none,3,2266.7
7c5d712773fb,AD001373,town_centroid,town,1,856.3249999999999,109.34166666666668,0.2,0.1167,0.2308,1,1,0,0,0,0,none,3,0.0
eef84c2bafb2,AD001374,vendor_pin,locality,1,1900.1,-859.0,0.25,0.2667,0.4444,1,1,0,0,0,0,locality,3,1979.5
97234d51fd4d,AD001374,locality_centroid,locality,1,1939.0,-996.1,0.25,0.2667,0.4444,1,1,0,0,0,0,none,3,2046.5
964dc07d2b6c,AD001374,town_centroid,town,1,-46.70000000000002,-500.9083333333333,0.25,0.2667,0.4444,1,1,0,0,0,0,none,3,0.0
4ff0eaeb8fcb,AD001375,vendor_pin,locality,1,-2594.2,894.9,0.25,0.2069,0.3784,1,1,0,0,0,0,locality,3,2904.8
f43f8573c906,AD001375,locality_centroid,locality,1,-2863.9,1096.5,0.25,0.2069,0.3784,1,1,0,0,0,0,none,3,3238.6
38b29d832a17,AD001375,town_centroid,town,1,-46.70000000000002,-500.9083333333333,0.25,0.2069,0.3784,1,1,0,0,0,0,none,3,0.0
a9b72203b7ec,AD001376,vendor_pin,locality,1,-777.4,-578.9,0.2,0.129,0.2703,1,1,0,0,0,0,locality,3,605.3
a5f6effe972f,AD001376,locality_centroid,locality,1,-722.6,-522.8,0.2,0.129,0.2703,1,1,0,0,0,0,none,3,550.6
643472f51882,AD001376,town_centroid,town,1,-172.75833333333335,-551.7416666666667,0.2,0.129,0.2703,1,1,0,0,0,0,none,3,0.0
2f1d09f38818,AD001377,vendor_pin,street,1,1010.6,-1193.0,0.1667,0.1494,0.2857,1,1,0,0,0,0,street,3,1345.9
cc7c33f2f1b6,AD001377,locality_centroid,locality,1,929.4,-822.2,0.1667,0.1494,0.2857,1,1,0,0,0,0,none,3,1134.9
6a8275690748,AD001377,town_centroid,town,1,-172.75833333333335,-551.7416666666667,0.1667,0.1494,0.2857,1,1,0,0,0,0,none,3,0.0
ccdfebd9650c,AD001378,vendor_pin,locality,1,1943.2,-842.2,0.2857,0.2909,0.4675,1,1,0,0,0,0,locality,3,2019.0
72f8c0980be4,AD001378,locality_centroid,locality,1,1939.0,-996.1,0.2857,0.2909,0.4675,1,1,0,0,0,0,none,3,2046.5
9bce9e829029,AD001378,town_centroid,town,1,-46.70000000000002,-500.9083333333333,0.2857,0.2909,0.4675,1,1,0,0,0,0,none,3,0.0
4e5c76024a80,AD001380,vendor_pin,locality,1,1370.7,-2060.8,0.2,0.1429,0.2785,0,1,0,0,0,0,locality,3,2230.3
bd00dd2c9638,AD001380,town_centroid,town,1,856.3249999999999,109.34166666666668,0.2,0.1429,0.2785,0,1,0,0,0,0,none,3,0.0
935d7aacff74,AD001380,prior_field_cluster,street,1,1398.7,-1884.8,0.2,0.1429,0.2785,0,1,0,0,0,0,none,3,2066.6
be2b2288ce81,AD001381,vendor_pin,locality,1,1017.3,-67.5,0.25,0.1833,0.3421,1,1,0,0,0,0,locality,3,239.1
1e58d1e237b5,AD001381,locality_centroid,locality,1,1046.9,-2.6,0.25,0.1833,0.3421,1,1,0,0,0,0,none,3,221.0
34af714cbfd8,AD001381,town_centroid,town,1,856.3249999999999,109.34166666666668,0.25,0.1833,0.3421,1,1,0,0,0,0,none,3,0.0
156f11e3408e,AD001382,vendor_pin,locality,1,-404.6,-3295.6,0.25,0.2222,0.3944,1,1,0,0,0,0,locality,3,2753.6
419f47ed937f,AD001382,locality_centroid,locality,1,-433.5,-3467.4,0.25,0.2222,0.3944,1,1,0,0,0,0,none,3,2927.3
b9a74393fbbe,AD001382,town_centroid,town,1,-172.75833333333335,-551.7416666666667,0.25,0.2222,0.3944,1,1,0,0,0,0,none,3,0.0
9618777b2082,AD001383,vendor_pin,pincode,1,1965.0,-2043.0,0.0,0.0213,0.1887,0,1,0,0,0,0,pincode,2,2534.8
075e7f039b69,AD001383,town_centroid,town,1,-46.70000000000002,-500.9083333333333,0.0,0.0213,0.1887,0,1,0,0,0,0,none,2,0.0
22b5e74058ef,AD001384,vendor_pin,locality,1,-2563.4,-118.6,0.1429,0.1099,0.2667,0,1,0,0,0,0,locality,3,2429.6
36c90aef65d4,AD001384,town_centroid,town,1,-172.75833333333335,-551.7416666666667,0.1429,0.1099,0.2667,0,1,0,0,0,0,none,3,0.0
931f3b2ebbcb,AD001384,prior_field_cluster,street,1,-2720.0,-487.85,0.1429,0.1099,0.2667,0,1,0,0,0,0,none,3,2548.0
8663b4f17c6d,AD001385,vendor_pin,locality,1,1141.8,-3394.7,0.1538,0.1233,0.2316,1,1,0,0,0,0,locality,3,3132.2
ca4ecd8a8121,AD001385,locality_centroid,locality,1,1155.3,-3613.0,0.1538,0.1233,0.2316,1,1,0,0,0,0,none,3,3336.9
75ba14223eeb,AD001385,town_centroid,town,1,-172.75833333333335,-551.7416666666667,0.1538,0.1233,0.2316,1,1,0,0,0,0,none,3,0.0
4c9dae0dfed8,AD001386,vendor_pin,locality,1,-360.1,-3573.8,0.2,0.1667,0.3146,1,1,0,0,0,0,locality,4,3027.9
d8358bd3a319,AD001386,locality_centroid,locality,1,-433.5,-3467.4,0.2,0.1667,0.3146,1,1,0,0,0,0,none,4,2927.3
13c17d15c7b3,AD001386,town_centroid,town,1,-172.75833333333335,-551.7416666666667,0.2,0.1667,0.3146,1,1,0,0,0,0,none,4,0.0
b971e928710f,AD001386,prior_field_cluster,street,1,-418.3,-3396.3,0.2,0.1667,0.3146,1,1,0,0,0,0,none,4,2855.1
1ddf45797479,AD001387,vendor_pin,locality,1,2876.1,-1977.0,0.1111,0.1321,0.2769,0,1,0,0,0,0,locality,3,3274.4
6ff47cb3750c,AD001387,town_centroid,town,1,-46.70000000000002,-500.9083333333333,0.1111,0.1321,0.2769,0,1,0,0,0,0,none,3,0.0
3358bced58f5,AD001387,prior_field_cluster,street,1,3311.5,-2095.1,0.1111,0.1321,0.2769,0,1,0,0,0,0,none,3,3717.4
6867a31a8db0,AD001388,vendor_pin,pincode,1,2001.7,-1434.8,0.0,0.0175,0.1613,0,1,0,0,0,0,pincode,2,2251.2
6922ebf58b31,AD001388,town_centroid,town,1,-46.70000000000002,-500.9083333333333,0.0,0.0175,0.1613,0,1,0,0,0,0,none,2,0.0
a8eed9949886,AD001389,vendor_pin,street,1,725.5,2333.5,0.25,0.2692,0.4533,1,1,0,0,0,0,street,3,2937.7
e0150e8da331,AD001389,locality_centroid,locality,1,290.7,2335.2,0.25,0.2692,0.4533,1,1,0,0,0,0,none,3,2856.1
443edc56a847,AD001389,town_centroid,town,1,-46.70000000000002,-500.9083333333333,0.25,0.2692,0.4533,1,1,0,0,0,0,none,3,0.0
af1e9e530fba,AD001390,vendor_pin,locality,1,-518.2,-3678.9,0.2222,0.2143,0.3889,1,1,0,0,0,0,locality,3,3146.2
09effa1be70f,AD001390,locality_centroid,locality,1,-433.5,-3467.4,0.2222,0.2143,0.3889,1,1,0,0,0,0,none,3,2927.3
1324c2055aa2,AD001390,town_centroid,town,1,-172.75833333333335,-551.7416666666667,0.2222,0.2143,0.3889,1,1,0,0,0,0,none,3,0.0
48eee1fba67c,AD001391,vendor_pin,locality,1,-2569.0,-363.1,0.1667,0.1667,0.3409,0,0,0,0,0,0,locality,3,2403.7
61e8c0812161,AD001391,town_centroid,town,1,-172.75833333333335,-551.7416666666667,0.1667,0.1667,0.3409,0,0,0,0,0,0,none,3,0.0
9b7e8fe9cff7,AD001391,prior_field_cluster,street,1,-2628.85,-52.849999999999994,0.1667,0.1667,0.3409,0,0,0,0,0,0,none,3,2506.2
fc0b529282a5,AD001392,vendor_pin,locality,1,-3663.5,-835.3,0.2727,0.2055,0.3696,1,0,0,0,0,0,locality,3,3502.2
1d1d776fe4a4,AD001392,locality_centroid,locality,1,-3766.2,-883.9,0.2727,0.2055,0.3696,1,0,0,0,0,0,none,3,3608.8
1814457c2f9d,AD001392,town_centroid,town,1,-172.75833333333335,-551.7416666666667,0.2727,0.2055,0.3696,1,0,0,0,0,0,none,3,0.0
e24dcfd7102c,AD001393,vendor_pin,locality,1,-1381.9,438.1,0.125,0.1304,0.3571,0,1,0,0,0,0,locality,2,1632.3
89b6613f95d7,AD001393,town_centroid,town,1,-46.70000000000002,-500.9083333333333,0.125,0.1304,0.3571,0,1,0,0,0,0,none,2,0.0
664eb4981c70,AD001394,vendor_pin,locality,1,3085.9,-2001.7,0.1667,0.1316,0.2667,1,1,0,0,0,0,locality,3,3566.7
49d94adabe9f,AD001394,locality_centroid,locality,1,3188.8,-1960.7,0.1667,0.1316,0.2667,1,1,0,0,0,0,none,3,3644.9
f77bb822a80d,AD001394,town_centroid,town,1,-172.75833333333335,-551.7416666666667,0.1667,0.1316,0.2667,1,1,0,0,0,0,none,3,0.0
e488521e3cc1,AD001395,vendor_pin,locality,1,1161.1,-909.8,0.1667,0.1605,0.303,1,1,0,0,0,0,locality,4,1381.1
686817860045,AD001395,locality_centroid,locality,1,929.4,-822.2,0.1667,0.1605,0.303,1,1,0,0,0,0,none,4,1134.9
80da47e0d935,AD001395,town_centroid,town,1,-172.75833333333335,-551.7416666666667,0.1667,0.1605,0.303,1,1,0,0,0,0,none,4,0.0
c3b084d2ce69,AD001395,prior_field_cluster,street,1,1363.0,-1076.6,0.1667,0.1605,0.303,1,1,0,0,0,0,none,4,1623.0
19d7954f0934,AD001396,vendor_pin,locality,1,-422.3,-3659.2,0.2222,0.2,0.3684,1,1,0,0,0,0,locality,3,3117.5
c1c16f25e896,AD001396,locality_centroid,locality,1,-433.5,-3467.4,0.2222,0.2,0.3684,1,1,0,0,0,0,none,3,2927.3
66700880c659,AD001396,town_centroid,town,1,-172.75833333333335,-551.7416666666667,0.2222,0.2,0.3684,1,1,0,0,0,0,none,3,0.0
6fdfcb04d6d3,AD001397,vendor_pin,locality,1,1614.7,-2180.1,0.1818,0.1125,0.2157,1,1,0,0,0,0,locality,4,2411.8
7d4f40360fa2,AD001397,locality_centroid,locality,1,1577.4,-2059.5,0.1818,0.1125,0.2157,1,1,0,0,0,0,none,4,2285.6
c65ec30589c0,AD001397,town_centroid,town,1,856.3249999999999,109.34166666666668,0.1818,0.1125,0.2157,1,1,0,0,0,0,none,4,0.0
334e68fc6e65,AD001397,prior_field_cluster,street,1,1692.5,-1660.4,0.1818,0.1125,0.2157,1,1,0,0,0,0,none,4,1957.3
b52222846ad0,AD001399,vendor_pin,street,1,-2006.2,1866.7,0.125,0.18,0.381,0,1,0,0,0,0,street,2,3034.9
3aa150484af1,AD001399,town_centroid,town,1,-172.75833333333335,-551.7416666666667,0.125,0.18,0.381,0,1,0,0,0,0,none,2,0.0
9d543013a651,AD001401,vendor_pin,locality,1,-1177.5,-3196.8,0.2,0.1408,0.2697,1,1,0,0,0,0,locality,3,2923.4
c89bac3dabd4,AD001401,locality_centroid,locality,1,-1053.3,-3163.0,0.2,0.1408,0.2697,1,1,0,0,0,0,none,3,2846.0
16cade440578,AD001401,town_centroid,town,1,-46.70000000000002,-500.9083333333333,0.2,0.1408,0.2697,1,1,0,0,0,0,none,3,0.0
e6da9b105614,AD001402,vendor_pin,locality,1,304.3,2577.8,0.1818,0.1918,0.3542,1,1,0,0,0,0,locality,3,3098.7
01b847e7d444,AD001402,locality_centroid,locality,1,290.7,2335.2,0.1818,0.1918,0.3542,1,1,0,0,0,0,none,3,2856.1
b3b7e6f71933,AD001402,town_centroid,town,1,-46.70000000000002,-500.9083333333333,0.1818,0.1918,0.3542,1,1,0,0,0,0,none,3,0.0
99c1761b168f,AD001403,vendor_pin,locality,1,1207.7,-44.5,0.2222,0.1594,0.3023,1,1,0,0,0,0,locality,3,383.6
e1f71217cbb5,AD001403,locality_centroid,locality,1,1046.9,-2.6,0.2222,0.1594,0.3023,1,1,0,0,0,0,none,3,221.0
c2e29cfd6d6f,AD001403,town_centroid,town,1,856.3249999999999,109.34166666666668,0.2222,0.1594,0.3023,1,1,0,0,0,0,none,3,0.0
62bc9c027198,AD001404,vendor_pin,street,1,-1605.8,-2971.2,0.25,0.2292,0.3662,1,1,0,0,0,0,street,3,3943.6
f2bd10635d72,AD001404,locality_centroid,locality,1,-1600.3,-2801.9,0.25,0.2292,0.3662,1,1,0,0,0,0,none,3,3809.2
2b18c72f5153,AD001404,town_centroid,town,1,856.3249999999999,109.34166666666668,0.25,0.2292,0.3662,1,1,0,0,0,0,none,3,0.0
4730358e2ab0,AD001405,vendor_pin,locality,1,-3706.9,-982.2,0.1818,0.2034,0.3947,0,1,0,0,0,0,locality,2,3560.3
f26263d2373b,AD001405,town_centroid,town,1,-172.75833333333335,-551.7416666666667,0.1818,0.2034,0.3947,0,1,0,0,0,0,none,2,0.0
917534263933,AD001406,vendor_pin,locality,1,-3793.5,-908.3,0.2308,0.1899,0.3469,1,1,0,0,0,0,locality,3,3638.3
f6afa638aee9,AD001406,locality_centroid,locality,1,-3766.2,-883.9,0.2308,0.1899,0.3469,1,1,0,0,0,0,none,3,3608.8
5b10c839bd3e,AD001406,town_centroid,town,1,-172.75833333333335,-551.7416666666667,0.2308,0.1899,0.3469,1,1,0,0,0,0,none,3,0.0
a16bc8fca5b9,AD001407,vendor_pin,locality,1,-610.8,3318.4,0.2857,0.2549,0.4412,1,1,0,0,0,0,locality,3,3894.9
edf5caaee551,AD001407,locality_centroid,locality,1,-438.3,3208.9,0.2857,0.2549,0.4412,1,1,0,0,0,0,none,3,3770.0
32f3a1224d19,AD001407,town_centroid,town,1,-172.75833333333335,-551.7416666666667,0.2857,0.2549,0.4412,1,1,0,0,0,0,none,3,0.0
b543e8fa2fd1,AD001408,vendor_pin,locality,1,2207.9,1204.6,0.2,0.15,0.2973,1,1,0,0,0,0,locality,4,2827.0
0a95ddca4a11,AD001408,locality_centroid,locality,1,2499.2,994.1,0.2,0.15,0.2973,1,1,0,0,0,0,none,4,2952.4
5b4ca701b8cd,AD001408,town_centroid,town,1,-46.70000000000002,-500.9083333333333,0.2,0.15,0.2973,1,1,0,0,0,0,none,4,0.0
38580e23fc32,AD001408,prior_field_cluster,street,1,2620.0,928.4,0.2,0.15,0.2973,1,1,0,0,0,0,none,4,3025.6
676de301878d,AD001409,vendor_pin,locality,1,-1630.7,-3030.7,0.25,0.1964,0.3514,1,1,0,0,0,0,locality,3,4005.6
f8e40932738c,AD001409,locality_centroid,locality,1,-1600.3,-2801.9,0.25,0.1964,0.3514,1,1,0,0,0,0,none,3,3809.2
0fc940141d1f,AD001409,town_centroid,town,1,856.3249999999999,109.34166666666668,0.25,0.1964,0.3514,1,1,0,0,0,0,none,3,0.0
188b5612a44c,AD001410,vendor_pin,street,1,-789.1,2907.8,0.2,0.2034,0.3373,1,1,0,0,0,0,street,3,3246.4
a55234e60b45,AD001410,locality_centroid,locality,1,-603.5,2996.1,0.2,0.2034,0.3373,1,1,0,0,0,0,none,3,3234.9
667135bf5e10,AD001410,town_centroid,town,1,856.3249999999999,109.34166666666668,0.2,0.2034,0.3373,1,1,0,0,0,0,none,3,0.0
dc8c0be5f55e,AD001411,vendor_pin,street,1,3072.2,-2466.7,0.2222,0.1667,0.3158,1,1,0,0,0,0,street,3,3686.7
436e1d55688d,AD001411,locality_centroid,locality,1,2735.1,-2128.6,0.2222,0.1667,0.3158,1,1,0,0,0,0,none,3,3223.0
18798443a2d0,AD001411,town_centroid,town,1,-46.70000000000002,-500.9083333333333,0.2222,0.1667,0.3158,1,1,0,0,0,0,none,3,0.0
ed78112c9f36,AD001412,vendor_pin,locality,1,-3053.6,1121.0,0.2857,0.2353,0.4,1,1,0,0,0,0,locality,3,3416.4
654310265b60,AD001412,locality_centroid,locality,1,-2863.9,1096.5,0.2857,0.2353,0.4,1,1,0,0,0,0,none,3,3238.6
f1c8a84c2af8,AD001412,town_centroid,town,1,-46.70000000000002,-500.9083333333333,0.2857,0.2353,0.4,1,1,0,0,0,0,none,3,0.0
1a3ccc2ae530,AD001413,vendor_pin,locality,1,-2739.6,1109.5,0.1667,0.1622,0.3077,1,1,0,0,0,0,locality,3,3137.7
c6080ee070d1,AD001413,locality_centroid,locality,1,-2863.9,1096.5,0.1667,0.1622,0.3077,1,1,0,0,0,0,none,3,3238.6
8778ae15d99d,AD001413,town_centroid,town,1,-46.70000000000002,-500.9083333333333,0.1667,0.1622,0.3077,1,1,0,0,0,0,none,3,0.0
a8d0a7103a5e,AD001414,vendor_pin,locality,1,586.3,-3021.2,0.2,0.1429,0.2857,1,1,0,0,0,0,locality,3,2598.6
00dda6c524f1,AD001414,locality_centroid,locality,1,665.2,-3094.2,0.2,0.1429,0.2857,1,1,0,0,0,0,none,3,2689.2
124dd4f563f2,AD001414,town_centroid,town,1,-46.70000000000002,-500.9083333333333,0.2,0.1429,0.2857,1,1,0,0,0,0,none,3,0.0
2cfd94a07899,AD001415,vendor_pin,locality,1,2765.8,1238.8,0.1538,0.1233,0.25,1,1,0,0,0,0,locality,3,3307.1
656e90fc4215,AD001415,locality_centroid,locality,1,2499.2,994.1,0.1538,0.1233,0.25,1,1,0,0,0,0,none,3,2952.4
7d6a4f99f249,AD001415,town_centroid,town,1,-46.70000000000002,-500.9083333333333,0.1538,0.1233,0.25,1,1,0,0,0,0,none,3,0.0
9b2eca691f4b,AD001416,vendor_pin,street,1,2656.6,-1636.0,0.1538,0.1205,0.2474,1,1,0,0,0,0,street,4,2931.9
7447b8878020,AD001416,locality_centroid,locality,1,2735.1,-2128.6,0.1538,0.1205,0.2474,1,1,0,0,0,0,none,4,3223.0
129e816361b9,AD001416,town_centroid,town,1,-46.70000000000002,-500.9083333333333,0.1538,0.1205,0.2474,1,1,0,0,0,0,none,4,0.0
ea373a76ff61,AD001416,prior_field_cluster,street,1,2603.8,-1657.4,0.1538,0.1205,0.2474,1,1,0,0,0,0,none,4,2891.8
74e1811a22cd,AD001417,vendor_pin,locality,1,1120.1,-97.1,0.2222,0.193,0.3562,1,0,0,0,0,0,locality,4,335.0
7caf2c1d4009,AD001417,locality_centroid,locality,1,1046.9,-2.6,0.2222,0.193,0.3562,1,0,0,0,0,0,none,4,221.0
a87e3eba5215,AD001417,town_centroid,town,1,856.3249999999999,109.34166666666668,0.2222,0.193,0.3562,1,0,0,0,0,0,none,4,0.0
c2b02197ef9f,AD001417,prior_field_cluster,street,1,1291.1,-441.75,0.2222,0.193,0.3562,1,0,0,0,0,0,none,4,701.9
c014425a9c8d,AD001419,vendor_pin,pincode,1,1247.4,-1496.1,0.0,0.0213,0.2692,0,1,0,0,0,0,pincode,2,1632.5
ec6047a0d612,AD001419,town_centroid,town,1,-46.70000000000002,-500.9083333333333,0.0,0.0213,0.2692,0,1,0,0,0,0,none,2,0.0
8f29b1d30c39,AD001420,vendor_pin,locality,1,-2176.2,-2500.9,0.1667,0.1447,0.2737,1,1,0,0,0,0,locality,3,2921.4
92784fbfc381,AD001420,locality_centroid,locality,1,-2195.4,-2378.6,0.1667,0.1447,0.2737,1,1,0,0,0,0,none,3,2853.5
de8ddd6bd160,AD001420,town_centroid,town,1,-46.70000000000002,-500.9083333333333,0.1667,0.1447,0.2737,1,1,0,0,0,0,none,3,0.0
b3750ac83ff0,AD001421,vendor_pin,locality,1,-2652.1,-214.7,0.375,0.283,0.4722,1,1,0,0,0,0,locality,3,2502.1
9518f160835a,AD001421,locality_centroid,locality,1,-2605.6,-262.1,0.375,0.283,0.4722,1,1,0,0,0,0,none,3,2450.0
06174d93b42d,AD001421,town_centroid,town,1,-172.75833333333335,-551.7416666666667,0.375,0.283,0.4722,1,1,0,0,0,0,none,3,0.0
b154674b9516,AD001422,vendor_pin,locality,1,3702.0,452.5,0.1818,0.2222,0.3902,1,1,0,0,0,0,locality,4,4002.8
482de3d81b06,AD001422,locality_centroid,locality,1,3653.7,367.3,0.1818,0.2222,0.3902,1,1,0,0,0,0,none,4,3935.3
062d4117f86f,AD001422,town_centroid,town,1,-172.75833333333335,-551.7416666666667,0.1818,0.2222,0.3902,1,1,0,0,0,0,none,4,0.0
cfe48a8f64b3,AD001422,prior_field_cluster,street,1,3977.9,682.8499999999999,0.1818,0.2222,0.3902,1,1,0,0,0,0,none,4,4330.4
2a66fc90d519,AD001424,vendor_pin,locality,1,771.7,2485.7,0.1667,0.125,0.2526,1,1,0,0,0,0,locality,4,2377.9
d795c9d28d8d,AD001424,locality_centroid,locality,1,986.3,2772.6,0.1667,0.125,0.2526,1,1,0,0,0,0,none,4,2666.4
d760f374eee4,AD001424,town_centroid,town,1,856.3249999999999,109.34166666666668,0.1667,0.125,0.2526,1,1,0,0,0,0,none,4,0.0
dd0cbb9b8928,AD001424,prior_field_cluster,street,1,651.9,2472.5,0.1667,0.125,0.2526,1,1,0,0,0,0,none,4,2372.0
b36ea9394b7e,AD001425,vendor_pin,street,1,911.0,-3325.0,0.2222,0.1833,0.321,1,1,0,0,0,0,street,3,3434.8
b76e6b36a36d,AD001425,locality_centroid,locality,1,688.3,-3007.0,0.2222,0.1833,0.321,1,1,0,0,0,0,none,3,3120.9
9ba0a5376519,AD001425,town_centroid,town,1,856.3249999999999,109.34166666666668,0.2222,0.1833,0.321,1,1,0,0,0,0,none,3,0.0
83c1811c1f72,AD001426,vendor_pin,pincode,1,-2413.6,1348.9,0.0,0.0172,0.1562,0,1,0,0,0,0,pincode,2,3004.0
84581ba31a0f,AD001426,town_centroid,town,1,-46.70000000000002,-500.9083333333333,0.0,0.0172,0.1562,0,1,0,0,0,0,none,2,0.0
bfe5cd57acee,AD001427,vendor_pin,locality,1,1017.7,-763.9,0.0909,0.1449,0.3133,0,1,0,0,0,0,locality,2,1209.2
bcdb9698c282,AD001427,town_centroid,town,1,-172.75833333333335,-551.7416666666667,0.0909,0.1449,0.3133,0,1,0,0,0,0,none,2,0.0
5b2b5ef7d2f5,AD001428,vendor_pin,locality,1,-2924.2,1246.6,0.1538,0.16,0.3043,1,1,0,0,0,0,locality,3,3366.6
a61115314e6c,AD001428,locality_centroid,locality,1,-2863.9,1096.5,0.1538,0.16,0.3043,1,1,0,0,0,0,none,3,3238.6
25dabd162f9a,AD001428,town_centroid,town,1,-46.70000000000002,-500.9083333333333,0.1538,0.16,0.3043,1,1,0,0,0,0,none,3,0.0
2436869178ca,AD001430,vendor_pin,locality,1,819.9,2642.9,0.1429,0.1111,0.2243,1,1,0,0,0,0,locality,4,2533.8
3e001ce7ad71,AD001430,locality_centroid,locality,1,986.3,2772.6,0.1429,0.1111,0.2243,1,1,0,0,0,0,none,4,2666.4
3941a6add0d3,AD001430,town_centroid,town,1,856.3249999999999,109.34166666666668,0.1429,0.1111,0.2243,1,1,0,0,0,0,none,4,0.0
9cbf88c7e549,AD001430,prior_field_cluster,street,1,1296.5,2878.4,0.1429,0.1111,0.2243,1,1,0,0,0,0,none,4,2803.8
5674b59a44a8,AD001431,vendor_pin,locality,1,1107.4,-41.5,0.0833,0.1029,0.275,0,1,0,0,0,0,locality,2,1242.2
e6bdbc10913c,AD001431,town_centroid,town,1,-46.70000000000002,-500.9083333333333,0.0833,0.1029,0.275,0,1,0,0,0,0,none,2,0.0
e07e8473e224,AD001432,vendor_pin,locality,1,-554.4,-3533.9,0.2857,0.2222,0.3944,1,1,0,0,0,0,locality,3,3006.5
7835ce0d8c7c,AD001432,locality_centroid,locality,1,-433.5,-3467.4,0.2857,0.2222,0.3944,1,1,0,0,0,0,none,3,2927.3
2fdc12a43d91,AD001432,town_centroid,town,1,-172.75833333333335,-551.7416666666667,0.2857,0.2222,0.3944,1,1,0,0,0,0,none,3,0.0
18250a6368a8,AD001433,vendor_pin,street,1,2688.3,-2541.7,0.1667,0.1282,0.2581,1,1,0,0,0,0,street,4,3412.5
488277d2bbda,AD001433,locality_centroid,locality,1,2735.1,-2128.6,0.1667,0.1282,0.2581,1,1,0,0,0,0,none,4,3223.0
690a4e10d8b0,AD001433,town_centroid,town,1,-46.70000000000002,-500.9083333333333,0.1667,0.1282,0.2581,1,1,0,0,0,0,none,4,0.0
b914f50d1bf9,AD001433,prior_field_cluster,street,1,2712.5,-2478.3,0.1667,0.1282,0.2581,1,1,0,0,0,0,none,4,3394.6
f6552fd04185,AD001434,vendor_pin,locality,1,1046.5,-847.5,0.1111,0.1887,0.3881,0,1,0,0,0,0,locality,2,1254.6
47c36b890bf3,AD001434,town_centroid,town,1,-172.75833333333335,-551.7416666666667,0.1111,0.1887,0.3881,0,1,0,0,0,0,none,2,0.0
bfbfacfe9844,AD001435,vendor_pin,locality,1,-429.0,3335.1,0.1818,0.1646,0.3125,1,1,0,0,0,0,locality,3,3895.3
b4e3887f7551,AD001435,locality_centroid,locality,1,-438.3,3208.9,0.1818,0.1646,0.3125,1,1,0,0,0,0,none,3,3770.0
f6510a885a8c,AD001435,town_centroid,town,1,-172.75833333333335,-551.7416666666667,0.1818,0.1646,0.3125,1,1,0,0,0,0,none,3,0.0
ddcb80ab21e2,AD001436,vendor_pin,locality,1,-2544.4,1425.9,0.0,0.0769,0.2432,0,0,0,0,0,0,locality,3,3088.0
95c17f0534ca,AD001436,town_centroid,town,1,-172.75833333333335,-551.7416666666667,0.0,0.0769,0.2432,0,0,0,0,0,0,none,3,0.0
961b74a4572f,AD001436,prior_field_cluster,street,1,-2309.75,1222.3,0.0,0.0769,0.2432,0,0,0,0,0,0,none,3,2777.4
c7a0c2dfb96b,AD001437,vendor_pin,locality,1,-2638.9,-72.0,0.3333,0.25,0.425,1,1,0,0,0,0,locality,4,2512.4
f2d5b8d9ba28,AD001437,locality_centroid,locality,1,-2605.6,-262.1,0.3333,0.25,0.425,1,1,0,0,0,0,none,4,2450.0
4161fbcd3f33,AD001437,town_centroid,town,1,-172.75833333333335,-551.7416666666667,0.3333,0.25,0.425,1,1,0,0,0,0,none,4,0.0
7aaf3e8a3dfa,AD001437,prior_field_cluster,street,1,-2276.1499999999996,-563.6500000000001,0.3333,0.25,0.425,1,1,0,0,0,0,none,4,2103.4
e95ff46ff516,AD001438,vendor_pin,locality,1,-2370.1,1695.4,0.1111,0.1525,0.3562,0,1,0,0,0,0,locality,2,3142.9
ec673e0a9f39,AD001438,town_centroid,town,1,-172.75833333333335,-551.7416666666667,0.1111,0.1525,0.3562,0,1,0,0,0,0,none,2,0.0
67ee912f9efc,AD001439,vendor_pin,locality,1,-171.2,-3644.3,0.2857,0.24,0.4242,1,1,0,0,0,0,locality,3,3092.6
8872b1c5779d,AD001439,locality_centroid,locality,1,-433.5,-3467.4,0.2857,0.24,0.4242,1,1,0,0,0,0,none,3,2927.3
fea4ffb0d035,AD001439,town_centroid,town,1,-172.75833333333335,-551.7416666666667,0.2857,0.24,0.4242,1,1,0,0,0,0,none,3,0.0
cdd4a264d751,AD001440,vendor_pin,locality,1,-839.6,-649.1,0.25,0.16,0.3226,1,1,0,0,0,0,locality,3,673.9
780a7e659098,AD001440,locality_centroid,locality,1,-722.6,-522.8,0.25,0.16,0.3226,1,1,0,0,0,0,none,3,550.6
a96aad601506,AD001440,town_centroid,town,1,-172.75833333333335,-551.7416666666667,0.25,0.16,0.3226,1,1,0,0,0,0,none,3,0.0
c3ecb2ca5997,AD001441,vendor_pin,locality,1,3786.6,683.3,0.1818,0.2222,0.3902,1,1,0,0,0,0,locality,3,4147.5
ec4460fab2b1,AD001441,locality_centroid,locality,1,3653.7,367.3,0.1818,0.2222,0.3902,1,1,0,0,0,0,none,3,3935.3
bac5bf621feb,AD001441,town_centroid,town,1,-172.75833333333335,-551.7416666666667,0.1818,0.2222,0.3902,1,1,0,0,0,0,none,3,0.0
326f7a6e2040,AD001442,vendor_pin,pincode,1,2005.9,-1809.6,0.0,0.0175,0.2581,0,1,0,0,0,0,pincode,2,2434.3
daa9a152acaf,AD001442,town_centroid,town,1,-46.70000000000002,-500.9083333333333,0.0,0.0175,0.2581,0,1,0,0,0,0,none,2,0.0
d48f468adef7,AD001443,vendor_pin,locality,1,-510.8,-3410.4,0.25,0.2182,0.3944,1,1,0,0,0,0,locality,4,2878.6
a63d729f4278,AD001443,locality_centroid,locality,1,-433.5,-3467.4,0.25,0.2182,0.3944,1,1,0,0,0,0,none,4,2927.3
8aa4ba26acfa,AD001443,town_centroid,town,1,-172.75833333333335,-551.7416666666667,0.25,0.2182,0.3944,1,1,0,0,0,0,none,4,0.0
0ac2b3a3101b,AD001443,prior_field_cluster,street,1,-720.6,-3247.5,0.25,0.2182,0.3944,1,1,0,0,0,0,none,4,2750.9
6ac99dd993bd,AD001444,vendor_pin,locality,1,934.2,-33.9,0.4,0.3243,0.5283,1,1,0,0,0,0,locality,4,1086.4
e3b65569d01d,AD001444,locality_centroid,locality,1,1112.8,-196.7,0.4,0.3243,0.5283,1,1,0,0,0,0,none,4,1198.7
5d6da3ec8c69,AD001444,town_centroid,town,1,-46.70000000000002,-500.9083333333333,0.4,0.3243,0.5283,1,1,0,0,0,0,none,4,0.0
386c94f92141,AD001444,prior_field_cluster,street,1,758.0,-293.7,0.4,0.3243,0.5283,1,1,0,0,0,0,none,4,830.9
5e7506644dc6,AD001445,vendor_pin,locality,1,1017.0,934.6,0.5,0.4348,0.6316,1,0,0,1,1,0,locality,3,840.8
d758ae717a2b,AD001445,locality_centroid,locality,1,987.4,1270.5,0.5,0.4348,0.6316,1,0,0,1,1,0,none,3,1168.5
7d3f9ce5a0f6,AD001445,town_centroid,town,1,856.3249999999999,109.34166666666668,0.5,0.4348,0.6316,1,0,0,1,1,0,none,3,0.0
09f67c2c5573,AD001446,vendor_pin,pincode,1,1335.7,-2267.0,0.1111,0.0769,0.2105,0,1,0,0,0,0,pincode,2,2424.2
9ea1b51eff94,AD001446,town_centroid,town,1,856.3249999999999,109.34166666666668,0.1111,0.0769,0.2105,0,1,0,0,0,0,none,2,0.0
68465fa69dd2,AD001447,vendor_pin,street,1,-1305.9,-3016.1,0.2,0.1618,0.2889,1,1,0,0,0,0,street,4,3800.5
fae1ac4ef4b6,AD001447,locality_centroid,locality,1,-1600.3,-2801.9,0.2,0.1618,0.2889,1,1,0,0,0,0,none,4,3809.2
f3604dc080e0,AD001447,town_centroid,town,1,856.3249999999999,109.34166666666668,0.2,0.1618,0.2889,1,1,0,0,0,0,none,4,0.0
3a545b1258fe,AD001447,prior_field_cluster,street,1,-1341.0,-2840.0,0.2,0.1618,0.2889,1,1,0,0,0,0,none,4,3677.9
ec07c256a3c4,AD001448,vendor_pin,locality,1,-2651.8,-307.9,0.25,0.1923,0.3505,1,1,0,0,0,0,locality,3,2491.0
6a62d1dc6c0e,AD001448,locality_centroid,locality,1,-2605.6,-262.1,0.25,0.1923,0.3505,1,1,0,0,0,0,none,3,2450.0
87cbbf4d9308,AD001448,town_centroid,town,1,-172.75833333333335,-551.7416666666667,0.25,0.1923,0.3505,1,1,0,0,0,0,none,3,0.0
02ccfb1cd294,AD001449,vendor_pin,pincode,1,1375.2,-1911.3,0.0,0.058,0.3,0,1,0,0,0,0,pincode,2,2002.7
ed4cf196ba40,AD001449,town_centroid,town,1,-46.70000000000002,-500.9083333333333,0.0,0.058,0.3,0,1,0,0,0,0,none,2,0.0
635bf070c0a1,AD001450,vendor_pin,street,1,2478.4,-979.6,0.25,0.1724,0.3288,1,0,0,0,0,0,street,4,1953.7
0edacb2042bc,AD001450,locality_centroid,locality,1,2589.2,-1273.1,0.25,0.1724,0.3288,1,0,0,0,0,0,none,4,2216.8
d84beb74dd3f,AD001450,town_centroid,town,1,856.3249999999999,109.34166666666668,0.25,0.1724,0.3288,1,0,0,0,0,0,none,4,0.0
8526fdf0d660,AD001450,prior_field_cluster,street,1,2486.25,-1048.75,0.25,0.1724,0.3288,1,0,0,0,0,0,none,4,1999.5
8c02a304d41f,AD001451,vendor_pin,street,1,-641.2,-647.3,0.2222,0.1833,0.321,1,1,0,0,0,0,street,3,1677.8
3151c42167d4,AD001451,locality_centroid,locality,1,-533.7,-484.7,0.2222,0.1833,0.321,1,1,0,0,0,0,none,3,1511.6
c7239ea067d3,AD001451,town_centroid,town,1,856.3249999999999,109.34166666666668,0.2222,0.1833,0.321,1,1,0,0,0,0,none,3,0.0
fa5d4c2002db,AD001453,vendor_pin,locality,1,-2401.6,1615.4,0.2222,0.2,0.3684,1,0,0,0,0,0,locality,3,3108.7
6393fa8d452f,AD001453,locality_centroid,locality,1,-2446.2,1613.2,0.2222,0.2,0.3684,1,0,0,0,0,0,none,3,3139.3
2853f52e6a59,AD001453,town_centroid,town,1,-172.75833333333335,-551.7416666666667,0.2222,0.2,0.3684,1,0,0,0,0,0,none,3,0.0
218b025672d9,AD001454,vendor_pin,locality,1,-1181.6,-3341.4,0.1818,0.1538,0.2963,1,1,0,0,0,0,locality,3,3058.8
193a7168a49e,AD001454,locality_centroid,locality,1,-1053.3,-3163.0,0.1818,0.1538,0.2963,1,1,0,0,0,0,none,3,2846.0
38478cf00be0,AD001454,town_centroid,town,1,-46.70000000000002,-500.9083333333333,0.1818,0.1538,0.2963,1,1,0,0,0,0,none,3,0.0
0b612163ffdd,AD001455,vendor_pin,street,1,1367.7,-2027.1,0.25,0.1698,0.2973,1,1,0,0,0,0,street,3,2196.8
3504d0cd5127,AD001455,locality_centroid,locality,1,1577.4,-2059.5,0.25,0.1698,0.2973,1,1,0,0,0,0,none,3,2285.6
5871affa87e4,AD001455,town_centroid,town,1,856.3249999999999,109.34166666666668,0.25,0.1698,0.2973,1,1,0,0,0,0,none,3,0.0
6994a01c5e8c,AD001456,vendor_pin,locality,1,909.1,25.0,0.2222,0.1833,0.3421,1,1,0,0,0,0,locality,3,99.5
1837780b1a9f,AD001456,locality_centroid,locality,1,1046.9,-2.6,0.2222,0.1833,0.3421,1,1,0,0,0,0,none,3,221.0
c91116f41106,AD001456,town_centroid,town,1,856.3249999999999,109.34166666666668,0.2222,0.1833,0.3421,1,1,0,0,0,0,none,3,0.0
36090b06ef66,AD001457,vendor_pin,locality,1,1108.0,2494.4,0.2222,0.1493,0.2927,1,1,0,0,0,0,locality,4,2398.3
766e3e7b36f4,AD001457,locality_centroid,locality,1,986.3,2772.6,0.2222,0.1493,0.2927,1,1,0,0,0,0,none,4,2666.4
3b7a1ebfa8ed,AD001457,town_centroid,town,1,856.3249999999999,109.34166666666668,0.2222,0.1493,0.2927,1,1,0,0,0,0,none,4,0.0
8d97041d9bf7,AD001457,prior_field_cluster,street,1,1030.4,2568.0,0.2222,0.1493,0.2927,1,1,0,0,0,0,none,4,2464.8
d8df09283d00,AD001458,vendor_pin,locality,1,-2628.5,-239.5,0.1667,0.1463,0.3061,0,1,0,0,0,0,locality,3,2475.5
2869fb2a1881,AD001458,town_centroid,town,1,-172.75833333333335,-551.7416666666667,0.1667,0.1463,0.3061,0,1,0,0,0,0,none,3,0.0
5b8fc32891ea,AD001458,prior_field_cluster,street,1,-2871.6,-455.6,0.1667,0.1463,0.3061,0,1,0,0,0,0,none,3,2700.6
f14e08d6b776,AD001460,vendor_pin,street,1,3246.0,-1984.0,0.2,0.1562,0.3038,1,1,0,0,0,0,street,3,3706.7
dedf7bac5fc3,AD001460,locality_centroid,locality,1,3188.8,-1960.7,0.2,0.1562,0.3038,1,1,0,0,0,0,none,3,3644.9
b3837e3ce200,AD001460,town_centroid,town,1,-172.75833333333335,-551.7416666666667,0.2,0.1562,0.3038,1,1,0,0,0,0,none,3,0.0
880132b64502,AD001461,vendor_pin,locality,1,-2605.0,1009.3,0.1667,0.1765,0.3294,1,0,0,0,1,0,locality,3,2970.8
53e1acf08232,AD001461,locality_centroid,locality,1,-2863.9,1096.5,0.1667,0.1765,0.3294,1,0,0,0,1,0,none,3,3238.6
6620484f1640,AD001461,town_centroid,town,1,-46.70000000000002,-500.9083333333333,0.1667,0.1765,0.3294,1,0,0,0,1,0,none,3,0.0
5fa813483b5d,AD001462,vendor_pin,locality,1,718.5,-2995.4,0.2222,0.1667,0.32,1,1,0,0,0,0,locality,4,2609.2
9a5c7c35c63b,AD001462,locality_centroid,locality,1,665.2,-3094.2,0.2222,0.1667,0.32,1,1,0,0,0,0,none,4,2689.2
4a98c4f89c7d,AD001462,town_centroid,town,1,-46.70000000000002,-500.9083333333333,0.2222,0.1667,0.32,1,1,0,0,0,0,none,4,0.0
c55b55a0f193,AD001462,prior_field_cluster,street,1,948.65,-3355.95,0.2222,0.1667,0.32,1,1,0,0,0,0,none,4,3023.6
96124518c2ae,AD001463,vendor_pin,locality,1,-2652.6,1795.5,0.25,0.2069,0.3784,1,1,0,0,0,0,locality,3,3414.6
4a85104e440d,AD001463,locality_centroid,locality,1,-2446.2,1613.2,0.25,0.2069,0.3784,1,1,0,0,0,0,none,3,3139.3
dd6f5b0bf271,AD001463,town_centroid,town,1,-172.75833333333335,-551.7416666666667,0.25,0.2069,0.3784,1,1,0,0,0,0,none,3,0.0
464ce9b93b31,AD001465,vendor_pin,locality,1,-499.6,-370.9,0.25,0.193,0.3291,1,1,0,0,0,0,locality,4,1438.5
49a7885dc976,AD001465,locality_centroid,locality,1,-533.7,-484.7,0.25,0.193,0.3291,1,1,0,0,0,0,none,4,1511.6
d2b310dbdcf3,AD001465,town_centroid,town,1,856.3249999999999,109.34166666666668,0.25,0.193,0.3291,1,1,0,0,0,0,none,4,0.0
7fd5ba382ae2,AD001465,prior_field_cluster,street,1,-778.5999999999999,-738.05,0.25,0.193,0.3291,1,1,0,0,0,0,none,4,1841.5
1924f12f7d50,AD001466,vendor_pin,locality,1,3639.3,439.1,0.25,0.28,0.4638,1,0,0,0,0,0,locality,4,3938.7
6ebf9e27b9a5,AD001466,locality_centroid,locality,1,3653.7,367.3,0.25,0.28,0.4638,1,0,0,0,0,0,none,4,3935.3
03a7833af369,AD001466,town_centroid,town,1,-172.75833333333335,-551.7416666666667,0.25,0.28,0.4638,1,0,0,0,0,0,none,4,0.0
9e86c5b17794,AD001466,prior_field_cluster,street,1,2953.8500000000004,-399.4,0.25,0.28,0.4638,1,0,0,0,0,0,none,4,3130.3
089308b685f1,AD001467,vendor_pin,locality,1,3223.3,-2025.6,0.1667,0.1389,0.2759,1,1,1,0,0,0,locality,3,3702.1
9fa22b26c73d,AD001467,locality_centroid,locality,1,3188.8,-1960.7,0.1667,0.1389,0.2759,1,1,1,0,0,0,none,3,3644.9
505627fbcd11,AD001467,town_centroid,town,1,-172.75833333333335,-551.7416666666667,0.1667,0.1389,0.2759,1,1,1,0,0,0,none,3,0.0
0a960f1de2b7,AD001468,vendor_pin,locality,1,444.8,-2899.2,0.25,0.2128,0.3934,1,1,0,0,0,0,locality,3,2448.1
9c022f86e55f,AD001468,locality_centroid,locality,1,665.2,-3094.2,0.25,0.2128,0.3934,1,1,0,0,0,0,none,3,2689.2
867c8097d6f2,AD001468,town_centroid,town,1,-46.70000000000002,-500.9083333333333,0.25,0.2128,0.3934,1,1,0,0,0,0,none,3,0.0
e9d9516e4f35,AD001469,vendor_pin,locality,1,-2423.6,1533.0,0.1,0.15,0.3243,0,1,0,0,0,0,locality,3,3068.0
c7e75a2b8841,AD001469,town_centroid,town,1,-172.75833333333335,-551.7416666666667,0.1,0.15,0.3243,0,1,0,0,0,0,none,3,0.0
102a4cdfadab,AD001469,prior_field_cluster,street,1,-2619.5,1440.2,0.1,0.15,0.3243,0,1,0,0,0,0,none,3,3155.1
1c14bf0f471f,AD001470,vendor_pin,street,1,293.1,2048.2,0.1333,0.1209,0.2407,1,1,0,0,0,0,street,3,2641.3
627462ccf815,AD001470,locality_centroid,locality,1,524.3,1610.0,0.1333,0.1209,0.2407,1,1,0,0,0,0,none,3,2271.3
6e640c89e921,AD001470,town_centroid,town,1,-172.75833333333335,-551.7416666666667,0.1333,0.1209,0.2407,1,1,0,0,0,0,none,3,0.0
07c063206b41,AD001471,vendor_pin,locality,1,2585.8,-2212.1,0.1818,0.1471,0.2892,1,1,0,0,0,0,locality,3,3139.8
810bcb8e1bc8,AD001471,locality_centroid,locality,1,2735.1,-2128.6,0.1818,0.1471,0.2892,1,1,0,0,0,0,none,3,3223.0
4898cea4abd2,AD001471,town_centroid,town,1,-46.70000000000002,-500.9083333333333,0.1818,0.1471,0.2892,1,1,0,0,0,0,none,3,0.0
f68bf15b2cc3,AD001472,vendor_pin,locality,1,1181.7,-3676.3,0.25,0.18,0.3284,1,1,0,0,0,0,locality,4,3405.5
8caab85f381c,AD001472,locality_centroid,locality,1,1155.3,-3613.0,0.25,0.18,0.3284,1,1,0,0,0,0,none,4,3336.9
43bb2fe369b5,AD001472,town_centroid,town,1,-172.75833333333335,-551.7416666666667,0.25,0.18,0.3284,1,1,0,0,0,0,none,4,0.0
3f1216c6d51f,AD001472,prior_field_cluster,street,1,-420.0,-3929.7,0.25,0.18,0.3284,1,1,0,0,0,0,none,4,3387.0
4cc4d4be9b2a,AD001473,vendor_pin,locality,1,643.6,1690.7,0.1667,0.1507,0.2889,1,1,0,0,0,0,locality,3,2386.4
95e574cf0112,AD001473,locality_centroid,locality,1,524.3,1610.0,0.1667,0.1507,0.2889,1,1,0,0,0,0,none,3,2271.3
e292c0d83de0,AD001473,town_centroid,town,1,-172.75833333333335,-551.7416666666667,0.1667,0.1507,0.2889,1,1,0,0,0,0,none,3,0.0
b0db6b22b0f3,AD001474,vendor_pin,locality,1,1313.5,-2330.0,0.2,0.1268,0.2418,1,1,0,0,0,0,locality,3,2481.8
8be030ab84f0,AD001474,locality_centroid,locality,1,1577.4,-2059.5,0.2,0.1268,0.2418,1,1,0,0,0,0,none,3,2285.6
31ee02e8f95f,AD001474,town_centroid,town,1,856.3249999999999,109.34166666666668,0.2,0.1268,0.2418,1,1,0,0,0,0,none,3,0.0
cac6dcff39c2,AD001475,vendor_pin,locality,1,1171.8,21.4,0.2857,0.2444,0.4194,1,1,0,0,0,0,locality,3,327.5
2dc21c1e4d1d,AD001475,locality_centroid,locality,1,1046.9,-2.6,0.2857,0.2444,0.4194,1,1,0,0,0,0,none,3,221.0
ba995b848d9c,AD001475,town_centroid,town,1,856.3249999999999,109.34166666666668,0.2857,0.2444,0.4194,1,1,0,0,0,0,none,3,0.0
55294ce1785e,AD001476,vendor_pin,locality,1,-394.6,3294.2,0.1818,0.1667,0.3158,1,1,0,0,0,0,locality,3,3852.3
4d7615618195,AD001476,locality_centroid,locality,1,-438.3,3208.9,0.1818,0.1667,0.3158,1,1,0,0,0,0,none,3,3770.0
ce74e00a8acf,AD001476,town_centroid,town,1,-172.75833333333335,-551.7416666666667,0.1818,0.1667,0.3158,1,1,0,0,0,0,none,3,0.0
5dcea4c44e0b,AD001477,vendor_pin,locality,1,-769.1,-1345.8,0.25,0.2075,0.3768,1,1,0,0,0,0,locality,3,1111.6
26b4f92ca090,AD001477,locality_centroid,locality,1,-598.6,-1329.8,0.25,0.2075,0.3768,1,1,0,0,0,0,none,3,995.8
3af5ef9d2517,AD001477,town_centroid,town,1,-46.70000000000002,-500.9083333333333,0.25,0.2075,0.3768,1,1,0,0,0,0,none,3,0.0
b4472279e04c,AD001478,vendor_pin,locality,1,-116.6,1410.3,0.2222,0.1667,0.2933,1,1,0,0,0,0,locality,3,1624.5
d75384f2abe5,AD001478,locality_centroid,locality,1,-200.6,1476.5,0.2222,0.1667,0.2933,1,1,0,0,0,0,none,3,1728.1
fff27350d9e5,AD001478,town_centroid,town,1,856.3249999999999,109.34166666666668,0.2222,0.1667,0.2933,1,1,0,0,0,0,none,3,0.0
0790b690627f,AD001479,vendor_pin,locality,1,2847.0,-2006.9,0.2857,0.2174,0.3934,1,1,0,0,0,0,locality,4,3262.1
3fc06f29b3f2,AD001479,locality_centroid,locality,1,2735.1,-2128.6,0.2857,0.2174,0.3934,1,1,0,0,0,0,none,4,3223.0
9dd2b8de9542,AD001479,town_centroid,town,1,-46.70000000000002,-500.9083333333333,0.2857,0.2174,0.3934,1,1,0,0,0,0,none,4,0.0
7e04d4c6c272,AD001479,prior_field_cluster,street,1,2974.6,-2507.2,0.2857,0.2174,0.3934,1,1,0,0,0,0,none,4,3626.8
279f15759080,AD001480,vendor_pin,locality,1,3079.9,-1720.3,0.25,0.1961,0.3692,1,1,0,0,0,0,locality,4,3456.2
3dd2a557c11f,AD001480,locality_centroid,locality,1,3188.8,-1960.7,0.25,0.1961,0.3692,1,1,0,0,0,0,none,4,3644.9
5d44b224d9a5,AD001480,town_centroid,town,1,-172.75833333333335,-551.7416666666667,0.25,0.1961,0.3692,1,1,0,0,0,0,none,4,0.0
60d062ba6322,AD001480,prior_field_cluster,street,1,3628.2,-2076.2,0.25,0.1961,0.3692,1,1,0,0,0,0,none,4,4095.3
ed87e6ff0596,AD001481,vendor_pin,locality,1,3171.9,-2127.5,0.25,0.2,0.375,1,1,0,0,0,0,locality,4,3697.3
36181358dbbb,AD001481,locality_centroid,locality,1,3188.8,-1960.7,0.25,0.2,0.375,1,1,0,0,0,0,none,4,3644.9
e25d98b88d1a,AD001481,town_centroid,town,1,-172.75833333333335,-551.7416666666667,0.25,0.2,0.375,1,1,0,0,0,0,none,4,0.0
13abb6f9598c,AD001481,prior_field_cluster,street,1,2865.8,-1829.75,0.25,0.2,0.375,1,1,0,0,0,0,none,4,3296.4
11330eaef601,AD001482,vendor_pin,locality,1,3361.7,-2096.2,0.2222,0.1613,0.3117,1,1,0,0,0,0,locality,3,3857.2
d3ec4bc8ebac,AD001482,locality_centroid,locality,1,3188.8,-1960.7,0.2222,0.1613,0.3117,1,1,0,0,0,0,none,3,3644.9
197457214675,AD001482,town_centroid,town,1,-172.75833333333335,-551.7416666666667,0.2222,0.1613,0.3117,1,1,0,0,0,0,none,3,0.0
a40b0a899b21,AD001483,vendor_pin,locality,1,-498.6,3142.2,0.1818,0.1831,0.3333,1,1,0,0,0,0,locality,3,3708.3
fe32922d853f,AD001483,locality_centroid,locality,1,-438.3,3208.9,0.1818,0.1831,0.3333,1,1,0,0,0,0,none,3,3770.0
5f3f12723584,AD001483,town_centroid,town,1,-172.75833333333335,-551.7416666666667,0.1818,0.1831,0.3333,1,1,0,0,0,0,none,3,0.0
3497fe64ed25,AD001484,vendor_pin,locality,1,2740.1,-2429.8,0.2222,0.1667,0.32,1,1,0,0,0,0,locality,3,3389.2
9ee8d2104bf4,AD001484,locality_centroid,locality,1,2735.1,-2128.6,0.2222,0.1667,0.32,1,1,0,0,0,0,none,3,3223.0
e3c292a26c01,AD001484,town_centroid,town,1,-46.70000000000002,-500.9083333333333,0.2222,0.1667,0.32,1,1,0,0,0,0,none,3,0.0
dafed4cf4154,AD001485,vendor_pin,locality,1,874.5,-3188.1,0.25,0.2,0.3582,1,1,0,0,0,0,locality,3,2840.7
89579ac3f26a,AD001485,locality_centroid,locality,1,665.2,-3094.2,0.25,0.2,0.3582,1,1,0,0,0,0,none,3,2689.2
383aa4e1bda7,AD001485,town_centroid,town,1,-46.70000000000002,-500.9083333333333,0.25,0.2,0.3582,1,1,0,0,0,0,none,3,0.0
00536fd9c56e,AD001486,vendor_pin,pincode,1,-108.9,190.6,0.0,0.0816,0.2105,0,0,0,0,0,0,pincode,2,745.1
e9552999fe60,AD001486,town_centroid,town,1,-172.75833333333335,-551.7416666666667,0.0,0.0816,0.2105,0,0,0,0,0,0,none,2,0.0
1af0787de3ed,AD001487,vendor_pin,locality,1,1782.5,-2167.1,0.25,0.1667,0.3014,1,1,0,0,0,0,locality,4,2457.6
f80319bb141b,AD001487,locality_centroid,locality,1,1577.4,-2059.5,0.25,0.1667,0.3014,1,1,0,0,0,0,none,4,2285.6
512f0c908157,AD001487,town_centroid,town,1,856.3249999999999,109.34166666666668,0.25,0.1667,0.3014,1,1,0,0,0,0,none,4,0.0
116300e863d4,AD001487,prior_field_cluster,street,1,1703.1,-1846.7,0.25,0.1667,0.3014,1,1,0,0,0,0,none,4,2131.5
20121f1970ee,AD001488,vendor_pin,locality,1,-1680.7,-2626.8,0.3333,0.2619,0.4,1,1,0,0,0,0,locality,4,3731.3
346a24e43d9e,AD001488,locality_centroid,locality,1,-1600.3,-2801.9,0.3333,0.2619,0.4,1,1,0,0,0,0,none,4,3809.2
4975f4b5a629,AD001488,town_centroid,town,1,856.3249999999999,109.34166666666668,0.3333,0.2619,0.4,1,1,0,0,0,0,none,4,0.0
a2ad56b07dfd,AD001488,prior_field_cluster,street,1,-1517.6,-2862.9,0.3333,0.2619,0.4,1,1,0,0,0,0,none,4,3803.9
9b765dcfcbfe,AD001489,vendor_pin,locality,1,1321.3,-1829.1,0.25,0.1875,0.3438,0,1,0,0,0,0,locality,3,1993.4
0b4c8f36b24c,AD001489,town_centroid,town,1,856.3249999999999,109.34166666666668,0.25,0.1875,0.3438,0,1,0,0,0,0,none,3,0.0
314f25b53715,AD001489,prior_field_cluster,street,1,1272.8,-1767.9,0.25,0.1875,0.3438,0,1,0,0,0,0,none,3,1922.9
c67d1ab7f9a8,AD001490,vendor_pin,locality,1,-1062.9,379.5,0.4,0.2895,0.4906,1,1,0,0,0,0,locality,4,1344.5
ab58dc1dd76b,AD001490,locality_centroid,locality,1,-1205.8,409.2,0.4,0.2895,0.4906,1,1,0,0,0,0,none,4,1473.7
2ce68d926dcd,AD001490,town_centroid,town,1,-46.70000000000002,-500.9083333333333,0.4,0.2895,0.4906,1,1,0,0,0,0,none,4,0.0
b08c8abdd5b8,AD001490,prior_field_cluster,street,1,-1568.65,463.6,0.4,0.2895,0.4906,1,1,0,0,0,0,none,4,1801.8
ee694d9287a6,AD001491,vendor_pin,street,1,3703.3,-2173.9,0.1818,0.1538,0.3,1,1,0,0,0,0,street,3,4201.8
54f3323afe5b,AD001491,locality_centroid,locality,1,3188.8,-1960.7,0.1818,0.1538,0.3,1,1,0,0,0,0,none,3,3644.9
7b81d9857a88,AD001491,town_centroid,town,1,-172.75833333333335,-551.7416666666667,0.1818,0.1538,0.3,1,1,0,0,0,0,none,3,0.0
6a91f663d341,AD001493,vendor_pin,locality,1,625.7,-3336.6,0.3333,0.3143,0.4906,1,1,0,0,0,0,locality,4,3453.7
6b9e64ca03c1,AD001493,locality_centroid,locality,1,688.3,-3007.0,0.3333,0.3143,0.4906,1,1,0,0,0,0,none,4,3120.9
80f304c6b9cc,AD001493,town_centroid,town,1,856.3249999999999,109.34166666666668,0.3333,0.3143,0.4906,1,1,0,0,0,0,none,4,0.0
b9e6ac9a7a18,AD001493,prior_field_cluster,street,1,659.4,-2902.5,0.3333,0.3143,0.4906,1,1,0,0,0,0,none,4,3018.3
440e64ad351f,AD001494,vendor_pin,locality,1,722.2,-3068.9,0.2857,0.2391,0.3768,1,1,0,0,0,0,locality,3,3181.1
c45a20aef5a4,AD001494,locality_centroid,locality,1,688.3,-3007.0,0.2857,0.2391,0.3768,1,1,0,0,0,0,none,3,3120.9
c2810366feac,AD001494,town_centroid,town,1,856.3249999999999,109.34166666666668,0.2857,0.2391,0.3768,1,1,0,0,0,0,none,3,0.0
21b53363b9f7,AD001495,vendor_pin,pincode,1,1682.2,-1640.2,0.125,0.0862,0.2353,0,1,0,0,0,0,pincode,3,1934.7
c9172f952d5e,AD001495,town_centroid,town,1,856.3249999999999,109.34166666666668,0.125,0.0862,0.2353,0,1,0,0,0,0,none,3,0.0
e80f457c97d2,AD001495,prior_field_cluster,street,1,1270.55,-1850.05,0.125,0.0862,0.2353,0,1,0,0,0,0,none,3,2002.7
b958f2e7573a,AD001496,vendor_pin,locality,1,1685.7,-885.2,0.1667,0.2078,0.3564,1,1,0,0,0,0,locality,3,1774.5
461de69e1483,AD001496,locality_centroid,locality,1,1939.0,-996.1,0.1667,0.2078,0.3564,1,1,0,0,0,0,none,3,2046.5
6c8785c199e6,AD001496,town_centroid,town,1,-46.70000000000002,-500.9083333333333,0.1667,0.2078,0.3564,1,1,0,0,0,0,none,3,0.0
5b8c8b392425,AD001497,vendor_pin,locality,1,1543.4,-2177.2,0.2222,0.1525,0.2716,1,1,0,0,0,0,locality,3,2387.5
a70ee1b61494,AD001497,locality_centroid,locality,1,1577.4,-2059.5,0.2222,0.1525,0.2716,1,1,0,0,0,0,none,3,2285.6
c5cf6c2e96a7,AD001497,town_centroid,town,1,856.3249999999999,109.34166666666668,0.2222,0.1525,0.2716,1,1,0,0,0,0,none,3,0.0
c190eb75702f,AD001498,vendor_pin,locality,1,2726.1,-2311.2,0.0833,0.0986,0.2195,0,1,0,0,0,0,locality,2,3311.4
4b31f2749806,AD001498,town_centroid,town,1,-46.70000000000002,-500.9083333333333,0.0833,0.0986,0.2195,0,1,0,0,0,0,none,2,0.0
c582d82815fd,AD001499,vendor_pin,street,1,3600.0,21.3,0.2,0.2373,0.4103,1,1,0,0,0,0,street,4,3816.0
05380448995e,AD001499,locality_centroid,locality,1,3653.7,367.3,0.2,0.2373,0.4103,1,1,0,0,0,0,none,4,3935.3
351d9da13792,AD001499,town_centroid,town,1,-172.75833333333335,-551.7416666666667,0.2,0.2373,0.4103,1,1,0,0,0,0,none,4,0.0
474cdb26c9dd,AD001499,prior_field_cluster,street,1,3525.6,-35.9,0.2,0.2373,0.4103,1,1,0,0,0,0,none,4,3734.2
341ad9cb0633,AD001500,vendor_pin,street,1,-2717.6,1319.7,0.0769,0.1154,0.2826,0,1,0,0,0,0,street,2,3158.9
1ca6e8eaaead,AD001500,town_centroid,town,1,-172.75833333333335,-551.7416666666667,0.0769,0.1154,0.2826,0,1,0,0,0,0,none,2,0.0
4d17da3977bd,AD001501,vendor_pin,pincode,1,1607.2,-1807.7,0.0,0.0606,0.1892,0,1,0,0,0,0,pincode,2,2178.5
43f1213b8481,AD001501,town_centroid,town,1,-172.75833333333335,-551.7416666666667,0.0,0.0606,0.1892,0,1,0,0,0,0,none,2,0.0
6a530ea2ded2,AD001502,vendor_pin,pincode,1,-2367.3,-1426.6,0.0,0.0635,0.1644,0,1,0,0,0,0,pincode,2,2362.5
8ef9b012c8a1,AD001502,town_centroid,town,1,-172.75833333333335,-551.7416666666667,0.0,0.0635,0.1644,0,1,0,0,0,0,none,2,0.0
7b1293a96005,AD001503,vendor_pin,street,1,2884.8,-1660.9,0.2222,0.1515,0.2927,1,1,0,0,0,0,street,4,2692.3
13beae2af826,AD001503,locality_centroid,locality,1,2589.2,-1273.1,0.2222,0.1515,0.2927,1,1,0,0,0,0,none,4,2216.8
0447ba63de31,AD001503,town_centroid,town,1,856.3249999999999,109.34166666666668,0.2222,0.1515,0.2927,1,1,0,0,0,0,none,4,0.0
1b06477cdda7,AD001503,prior_field_cluster,street,1,2910.4,-1492.4,0.2222,0.1515,0.2927,1,1,0,0,0,0,none,4,2604.8
fe52d24b4ff6,AD001504,vendor_pin,locality,1,960.4,2733.4,0.2,0.1639,0.3077,1,1,0,0,0,0,locality,3,2626.1
bf45d8cb623a,AD001504,locality_centroid,locality,1,986.3,2772.6,0.2,0.1639,0.3077,1,1,0,0,0,0,none,3,2666.4
03a80f4a7463,AD001504,town_centroid,town,1,856.3249999999999,109.34166666666668,0.2,0.1639,0.3077,1,1,0,0,0,0,none,3,0.0
e30eacd40c55,AD001505,vendor_pin,locality,1,992.7,2723.5,0.25,0.1754,0.3333,1,1,0,0,0,0,locality,4,2617.7
a21ef38cbfb9,AD001505,locality_centroid,locality,1,986.3,2772.6,0.25,0.1754,0.3333,1,1,0,0,0,0,none,4,2666.4
8ff331c6e14c,AD001505,town_centroid,town,1,856.3249999999999,109.34166666666668,0.25,0.1754,0.3333,1,1,0,0,0,0,none,4,0.0
b47dc65557de,AD001505,prior_field_cluster,street,1,1068.0,2649.35,0.25,0.1754,0.3333,1,1,0,0,0,0,none,4,2548.8
dc8d8fc1200f,AD001506,vendor_pin,locality,1,-827.7,3017.0,0.3333,0.2727,0.4179,1,1,0,0,0,0,locality,3,3360.1
5e4ce8ddfa27,AD001506,locality_centroid,locality,1,-603.5,2996.1,0.3333,0.2727,0.4179,1,1,0,0,0,0,none,3,3234.9
76a1e8971968,AD001506,town_centroid,town,1,856.3249999999999,109.34166666666668,0.3333,0.2727,0.4179,1,1,0,0,0,0,none,3,0.0
e9e64118d13c,AD001507,vendor_pin,locality,1,-2586.0,1853.4,0.4,0.3429,0.549,1,1,0,0,0,0,locality,3,3407.1
4c4a9731da6d,AD001507,locality_centroid,locality,1,-2446.2,1613.2,0.4,0.3429,0.549,1,1,0,0,0,0,none,3,3139.3
46d3aecb9800,AD001507,town_centroid,town,1,-172.75833333333335,-551.7416666666667,0.4,0.3429,0.549,1,1,0,0,0,0,none,3,0.0
4376c0b23296,AD001508,vendor_pin,locality,1,-2441.9,-2161.5,0.1111,0.1552,0.3333,0,1,0,0,0,0,locality,2,2914.5
b4e2f36158d8,AD001508,town_centroid,town,1,-46.70000000000002,-500.9083333333333,0.1111,0.1552,0.3333,0,1,0,0,0,0,none,2,0.0
a20f678872a1,AD001509,vendor_pin,locality,1,2650.3,-2207.3,0.2222,0.2041,0.375,1,1,0,0,0,0,locality,4,3191.5
b13778663d13,AD001509,locality_centroid,locality,1,2735.1,-2128.6,0.2222,0.2041,0.375,1,1,0,0,0,0,none,4,3223.0
4b20e296f5c9,AD001509,town_centroid,town,1,-46.70000000000002,-500.9083333333333,0.2222,0.2041,0.375,1,1,0,0,0,0,none,4,0.0
b200af917d8b,AD001509,prior_field_cluster,street,1,3135.15,-2559.25,0.2222,0.2041,0.375,1,1,0,0,0,0,none,4,3789.6
88953ae0ec77,AD001510,vendor_pin,locality,1,989.3,-261.7,0.2857,0.2292,0.4062,1,1,0,0,0,0,locality,3,394.2
2a9e4c968e4a,AD001510,locality_centroid,locality,1,1046.9,-2.6,0.2857,0.2292,0.4062,1,1,0,0,0,0,none,3,221.0
72196c121d69,AD001510,town_centroid,town,1,856.3249999999999,109.34166666666668,0.2857,0.2292,0.4062,1,1,0,0,0,0,none,3,0.0
989ef7c5efc7,AD001511,vendor_pin,locality,1,1133.5,1195.6,0.1,0.1364,0.2927,0,1,0,0,0,0,locality,2,1121.1
d95fcc2277bd,AD001511,town_centroid,town,1,856.3249999999999,109.34166666666668,0.1,0.1364,0.2927,0,1,0,0,0,0,none,2,0.0
93647c57ee1e,AD001512,vendor_pin,locality,1,-889.3,-472.8,0.1818,0.1194,0.2469,1,1,0,0,0,0,locality,3,720.9
300d3d815e72,AD001512,locality_centroid,locality,1,-722.6,-522.8,0.1818,0.1194,0.2469,1,1,0,0,0,0,none,3,550.6
c76a19af025c,AD001512,town_centroid,town,1,-172.75833333333335,-551.7416666666667,0.1818,0.1194,0.2469,1,1,0,0,0,0,none,3,0.0
f2f775611521,AD001513,vendor_pin,locality,1,581.0,1779.9,0.25,0.2075,0.3714,1,1,0,0,0,0,locality,3,2450.4
7d44e789beec,AD001513,locality_centroid,locality,1,524.3,1610.0,0.25,0.2075,0.3714,1,1,0,0,0,0,none,3,2271.3
5755c78678db,AD001513,town_centroid,town,1,-172.75833333333335,-551.7416666666667,0.25,0.2075,0.3714,1,1,0,0,0,0,none,3,0.0
8190c330dc12,AD001514,vendor_pin,pincode,1,-1707.8,-2403.1,0.0,0.0147,0.1579,0,1,0,0,0,0,pincode,2,2525.4
12635404f1fb,AD001514,town_centroid,town,1,-46.70000000000002,-500.9083333333333,0.0,0.0147,0.1579,0,1,0,0,0,0,none,2,0.0
1b51b824a43d,AD001515,vendor_pin,locality,1,1409.9,-1980.9,0.1818,0.1169,0.2268,1,1,0,0,0,0,locality,3,2162.3
ee5dc53360be,AD001515,locality_centroid,locality,1,1577.4,-2059.5,0.1818,0.1169,0.2268,1,1,0,0,0,0,none,3,2285.6
8774ebe5cd57,AD001515,town_centroid,town,1,856.3249999999999,109.34166666666668,0.1818,0.1169,0.2268,1,1,0,0,0,0,none,3,0.0
a65fb8357947,AD001516,vendor_pin,pincode,1,2275.3,-1833.4,0.0,0.023,0.2105,0,1,0,0,0,0,pincode,3,2677.2
4f60cc1116a0,AD001516,town_centroid,town,1,-46.70000000000002,-500.9083333333333,0.0,0.023,0.2105,0,1,0,0,0,0,none,3,0.0
96d2f8b364a5,AD001516,prior_field_cluster,street,1,665.3,-2630.7,0.0,0.023,0.2105,0,1,0,0,0,0,none,3,2245.7
9b00b1e5bbb9,AD001517,vendor_pin,street,1,1171.6,-2988.3,0.1538,0.1282,0.2474,1,1,0,0,0,0,street,3,2769.7
238b94da7735,AD001517,locality_centroid,locality,1,665.2,-3094.2,0.1538,0.1282,0.2474,1,1,0,0,0,0,none,3,2689.2
fb5abf80fdba,AD001517,town_centroid,town,1,-46.70000000000002,-500.9083333333333,0.1538,0.1282,0.2474,1,1,0,0,0,0,none,3,0.0
138d2bc46b3c,AD001519,vendor_pin,locality,1,1081.1,-3832.5,0.0833,0.1053,0.2444,0,0,0,0,0,0,locality,2,3512.2
429fe26da57d,AD001519,town_centroid,town,1,-172.75833333333335,-551.7416666666667,0.0833,0.1053,0.2444,0,0,0,0,0,0,none,2,0.0
6cdf7cafb58f,AD001520,vendor_pin,street,1,-778.1,-3857.4,0.2222,0.2069,0.3784,1,1,0,0,0,0,street,4,3360.6
7f5146969b5f,AD001520,locality_centroid,locality,1,-433.5,-3467.4,0.2222,0.2069,0.3784,1,1,0,0,0,0,none,4,2927.3
d50eeea2dc90,AD001520,town_centroid,town,1,-172.75833333333335,-551.7416666666667,0.2222,0.2069,0.3784,1,1,0,0,0,0,none,4,0.0
b1f2cef6d9f5,AD001520,prior_field_cluster,street,1,-639.6,-3692.5,0.2222,0.2069,0.3784,1,1,0,0,0,0,none,4,3175.3
04290eaed69a,AD001521,vendor_pin,locality,1,-366.7,3087.4,0.1818,0.1667,0.3093,1,1,0,0,0,0,locality,4,3644.3
572d82391870,AD001521,locality_centroid,locality,1,-438.3,3208.9,0.1818,0.1667,0.3093,1,1,0,0,0,0,none,4,3770.0
3121d7b79086,AD001521,town_centroid,town,1,-172.75833333333335,-551.7416666666667,0.1818,0.1667,0.3093,1,1,0,0,0,0,none,4,0.0
beff53b5ab7f,AD001521,prior_field_cluster,street,1,-732.6,3279.7,0.1818,0.1667,0.3093,1,1,0,0,0,0,none,4,3872.1
187e62c2fab8,AD001523,vendor_pin,locality,1,3099.2,582.0,0.1818,0.1316,0.2637,1,1,0,0,0,0,locality,4,2292.1
f830e3aaae0b,AD001523,locality_centroid,locality,1,3029.6,575.7,0.1818,0.1316,0.2637,1,1,0,0,0,0,none,4,2222.7
2b8a8ff9915f,AD001523,town_centroid,town,1,856.3249999999999,109.34166666666668,0.1818,0.1316,0.2637,1,1,0,0,0,0,none,4,0.0
72fecdd9d1a4,AD001523,prior_field_cluster,street,1,2944.3,271.5,0.1818,0.1316,0.2637,1,1,0,0,0,0,none,4,2094.3
9e32609cc907,AD001524,vendor_pin,locality,1,3463.8,322.9,0.2222,0.2373,0.4156,1,1,0,0,0,0,locality,4,3740.3
445e9ff39974,AD001524,locality_centroid,locality,1,3653.7,367.3,0.2222,0.2373,0.4156,1,1,0,0,0,0,none,4,3935.3
f82b18d0628a,AD001524,town_centroid,town,1,-172.75833333333335,-551.7416666666667,0.2222,0.2373,0.4156,1,1,0,0,0,0,none,4,0.0
aa34ae11da84,AD001524,prior_field_cluster,street,1,4252.3,168.10000000000002,0.2222,0.2373,0.4156,1,1,0,0,0,0,none,4,4483.2
faa4446e562b,AD001525,vendor_pin,street,1,-877.2,-824.3,0.125,0.0889,0.1961,1,1,0,0,0,0,street,3,755.3
215e3824baee,AD001525,locality_centroid,locality,1,-722.6,-522.8,0.125,0.0889,0.1961,1,1,0,0,0,0,none,3,550.6
3b71c52c58ef,AD001525,town_centroid,town,1,-172.75833333333335,-551.7416666666667,0.125,0.0889,0.1961,1,1,0,0,0,0,none,3,0.0
f263d31cd4fc,AD001526,vendor_pin,locality,1,782.7,-3098.9,0.25,0.2075,0.3611,0,1,0,0,0,0,locality,2,3209.1
ff87ec35a6e2,AD001526,town_centroid,town,1,856.3249999999999,109.34166666666668,0.25,0.2075,0.3611,0,1,0,0,0,0,none,2,0.0
1138bbe9ac44,AD001528,vendor_pin,locality,1,1334.5,-2166.0,0.2857,0.2,0.3385,1,1,0,0,0,0,locality,4,2325.0
c6ece5897e3c,AD001528,locality_centroid,locality,1,1577.4,-2059.5,0.2857,0.2,0.3385,1,1,0,0,0,0,none,4,2285.6
822886716dce,AD001528,town_centroid,town,1,856.3249999999999,109.34166666666668,0.2857,0.2,0.3385,1,1,0,0,0,0,none,4,0.0
24ad59353b14,AD001528,prior_field_cluster,street,1,1291.6,-2528.3999999999996,0.2857,0.2,0.3385,1,1,0,0,0,0,none,4,2673.4
0428e69520a0,AD001530,vendor_pin,locality,1,987.8,-287.1,0.1667,0.1739,0.3146,1,1,0,0,0,0,locality,3,1056.4
abf7e44007a6,AD001530,locality_centroid,locality,1,1112.8,-196.7,0.1667,0.1739,0.3146,1,1,0,0,0,0,none,3,1198.7
c4648526e2ba,AD001530,town_centroid,town,1,-46.70000000000002,-500.9083333333333,0.1667,0.1739,0.3146,1,1,0,0,0,0,none,3,0.0
aae3430f779d,AD001531,vendor_pin,pincode,1,-1670.5,1927.3,0.0,0.0263,0.2439,0,1,0,0,0,0,pincode,2,2921.1
bf9e9b20b0be,AD001531,town_centroid,town,1,-46.70000000000002,-500.9083333333333,0.0,0.0263,0.2439,0,1,0,0,0,0,none,2,0.0
0e9347a70b48,AD001532,vendor_pin,pincode,1,-1496.3,-2003.2,0.0,0.0267,0.1975,0,1,0,0,0,0,pincode,2,2087.6
9e3ab22ee766,AD001532,town_centroid,town,1,-46.70000000000002,-500.9083333333333,0.0,0.0267,0.1975,0,1,0,0,0,0,none,2,0.0
3cfb3eb468c7,AD001533,vendor_pin,locality,1,741.5,-2979.3,0.25,0.1887,0.3478,1,1,0,0,0,0,locality,3,2600.7
4c8803d08f0b,AD001533,locality_centroid,locality,1,665.2,-3094.2,0.25,0.1887,0.3478,1,1,0,0,0,0,none,3,2689.2
0d5542ebc9bb,AD001533,town_centroid,town,1,-46.70000000000002,-500.9083333333333,0.25,0.1887,0.3478,1,1,0,0,0,0,none,3,0.0
691ce6929829,AD001534,vendor_pin,pincode,1,-1791.8,-1633.8,0.0,0.0851,0.2545,0,1,0,0,0,0,pincode,3,1947.3
a97734a03c38,AD001534,town_centroid,town,1,-172.75833333333335,-551.7416666666667,0.0,0.0851,0.2545,0,1,0,0,0,0,none,3,0.0
dc1299375b1b,AD001534,prior_field_cluster,street,1,-2568.5,-186.6,0.0,0.0851,0.2545,0,1,0,0,0,0,none,3,2423.4
e6cc1ede2fbc,AD001535,vendor_pin,locality,1,-413.7,3044.8,0.2,0.2097,0.375,1,1,0,0,0,0,locality,3,3604.6
658fec1cb1b1,AD001535,locality_centroid,locality,1,-438.3,3208.9,0.2,0.2097,0.375,1,1,0,0,0,0,none,3,3770.0
c92ea7c22ca3,AD001535,town_centroid,town,1,-172.75833333333335,-551.7416666666667,0.2,0.2097,0.375,1,1,0,0,0,0,none,3,0.0
a8b2d1428e28,AD001536,vendor_pin,locality,1,-2447.8,1734.6,0.4,0.2927,0.4912,1,1,0,0,0,0,locality,3,3225.4
47a141223bdb,AD001536,locality_centroid,locality,1,-2446.2,1613.2,0.4,0.2927,0.4912,1,1,0,0,0,0,none,3,3139.3
23634611e64b,AD001536,town_centroid,town,1,-172.75833333333335,-551.7416666666667,0.4,0.2927,0.4912,1,1,0,0,0,0,none,3,0.0
fd11108a0bf0,AD001537,vendor_pin,locality,1,-1710.9,-2603.6,0.2222,0.1897,0.321,1,1,0,0,0,0,locality,3,3735.1
e43fff23937c,AD001537,locality_centroid,locality,1,-1600.3,-2801.9,0.2222,0.1897,0.321,1,1,0,0,0,0,none,3,3809.2
935dfabf811f,AD001537,town_centroid,town,1,856.3249999999999,109.34166666666668,0.2222,0.1897,0.321,1,1,0,0,0,0,none,3,0.0
a0641c542198,AD001538,vendor_pin,street,1,1075.2,1767.5,0.2222,0.1754,0.3333,1,1,0,0,0,0,street,3,1672.5
f700c1df8eb3,AD001538,locality_centroid,locality,1,987.4,1270.5,0.2222,0.1754,0.3333,1,1,0,0,0,0,none,3,1168.5
391c45292ea3,AD001538,town_centroid,town,1,856.3249999999999,109.34166666666668,0.2222,0.1754,0.3333,1,1,0,0,0,0,none,3,0.0
26badc92daba,AD001539,vendor_pin,street,1,93.5,2007.4,0.2222,0.2121,0.3778,1,1,0,0,0,0,street,4,2512.2
950f539be16c,AD001539,locality_centroid,locality,1,290.7,2335.2,0.2222,0.2121,0.3778,1,1,0,0,0,0,none,4,2856.1
3ea0b4889a65,AD001539,town_centroid,town,1,-46.70000000000002,-500.9083333333333,0.2222,0.2121,0.3778,1,1,0,0,0,0,none,4,0.0
7b7e739d6935,AD001539,prior_field_cluster,street,1,251.35,1984.5500000000002,0.2222,0.2121,0.3778,1,1,0,0,0,0,none,4,2503.3
26d3abae9310,AD001540,vendor_pin,street,1,-2344.5,1651.7,0.1818,0.1538,0.2979,1,1,0,0,0,0,street,4,3093.8
25d1935fcb80,AD001540,locality_centroid,locality,1,-2446.2,1613.2,0.1818,0.1538,0.2979,1,1,0,0,0,0,none,4,3139.3
bf95fd53b042,AD001540,town_centroid,town,1,-172.75833333333335,-551.7416666666667,0.1818,0.1538,0.2979,1,1,0,0,0,0,none,4,0.0
a7a8bd83fea3,AD001540,prior_field_cluster,street,1,-2368.05,1816.15,0.1818,0.1538,0.2979,1,1,0,0,0,0,none,4,3229.0
d100884a89ba,AD001541,vendor_pin,locality,1,-1991.5,2382.5,0.125,0.1636,0.3478,0,1,0,0,0,0,locality,2,3478.0
b61535e11069,AD001541,town_centroid,town,1,-46.70000000000002,-500.9083333333333,0.125,0.1636,0.3478,0,1,0,0,0,0,none,2,0.0
e03d4b946497,AD001542,vendor_pin,street,1,-821.6,-3377.5,0.25,0.2222,0.4,1,1,0,0,0,0,street,3,2899.3
bf167400199c,AD001542,locality_centroid,locality,1,-433.5,-3467.4,0.25,0.2222,0.4,1,1,0,0,0,0,none,3,2927.3
b4c8f6c56f46,AD001542,town_centroid,town,1,-172.75833333333335,-551.7416666666667,0.25,0.2222,0.4,1,1,0,0,0,0,none,3,0.0
c636855cabc1,AD001543,vendor_pin,locality,1,2696.1,-1008.8,0.1818,0.1538,0.2963,1,1,0,0,0,0,locality,3,2152.9
52bd6b39f6a8,AD001543,locality_centroid,locality,1,2589.2,-1273.1,0.1818,0.1538,0.2963,1,1,0,0,0,0,none,3,2216.8
ff219a7fd63a,AD001543,town_centroid,town,1,856.3249999999999,109.34166666666668,0.1818,0.1538,0.2963,1,1,0,0,0,0,none,3,0.0
f0c716be120f,AD001544,vendor_pin,locality,1,-472.9,2955.5,0.2857,0.2549,0.4412,1,1,0,0,0,0,locality,3,3520.1
159fe59538c5,AD001544,locality_centroid,locality,1,-438.3,3208.9,0.2857,0.2549,0.4412,1,1,0,0,0,0,none,3,3770.0
e433dba9af4b,AD001544,town_centroid,town,1,-172.75833333333335,-551.7416666666667,0.2857,0.2549,0.4412,1,1,0,0,0,0,none,3,0.0
83ba312c2a82,AD001545,vendor_pin,locality,1,3469.2,-1951.2,0.1667,0.1266,0.2553,1,1,0,0,0,0,locality,3,3901.6
9e2bd5b0aa5a,AD001545,locality_centroid,locality,1,3188.8,-1960.7,0.1667,0.1266,0.2553,1,1,0,0,0,0,none,3,3644.9
ca3fd8647901,AD001545,town_centroid,town,1,-172.75833333333335,-551.7416666666667,0.1667,0.1266,0.2553,1,1,0,0,0,0,none,3,0.0
9b046ce50806,AD001546,vendor_pin,locality,1,-989.9,-3011.3,0.25,0.2128,0.3934,1,1,0,0,0,0,locality,3,2681.7
09b5aecc36f2,AD001546,locality_centroid,locality,1,-1053.3,-3163.0,0.25,0.2128,0.3934,1,1,0,0,0,0,none,3,2846.0
aaf9281bccf5,AD001546,town_centroid,town,1,-46.70000000000002,-500.9083333333333,0.25,0.2128,0.3934,1,1,0,0,0,0,none,3,0.0
a589087ebd89,AD001548,vendor_pin,locality,1,1756.3,-925.5,0.2222,0.2667,0.4444,1,1,0,0,0,0,locality,3,1852.3
8631a6e1aabd,AD001548,locality_centroid,locality,1,1939.0,-996.1,0.2222,0.2667,0.4444,1,1,0,0,0,0,none,3,2046.5
58fcb4438e0c,AD001548,town_centroid,town,1,-46.70000000000002,-500.9083333333333,0.2222,0.2667,0.4444,1,1,0,0,0,0,none,3,0.0
1e59ea7d2bdc,AD001549,vendor_pin,locality,1,2700.1,-1412.8,0.2222,0.1613,0.3077,1,1,0,0,0,0,locality,4,2390.9
cc98f3937604,AD001549,locality_centroid,locality,1,2589.2,-1273.1,0.2222,0.1613,0.3077,1,1,0,0,0,0,none,4,2216.8
5dda1ef72969,AD001549,town_centroid,town,1,856.3249999999999,109.34166666666668,0.2222,0.1613,0.3077,1,1,0,0,0,0,none,4,0.0
2bc32f20680f,AD001549,prior_field_cluster,street,1,2292.2,-1317.7,0.2222,0.1613,0.3077,1,1,0,0,0,0,none,4,2024.4
ee7118f47307,AD001551,vendor_pin,locality,1,1383.1,-1912.8,0.25,0.1731,0.3099,1,1,0,0,0,0,locality,4,2089.6
b47a00407b28,AD001551,locality_centroid,locality,1,1577.4,-2059.5,0.25,0.1731,0.3099,1,1,0,0,0,0,none,4,2285.6
1175e66e8c09,AD001551,town_centroid,town,1,856.3249999999999,109.34166666666668,0.25,0.1731,0.3099,1,1,0,0,0,0,none,4,0.0
325da8e9c1a2,AD001551,prior_field_cluster,street,1,1556.1,-2402.7,0.25,0.1731,0.3099,1,1,0,0,0,0,none,4,2607.7
8c9942f3fab1,AD001552,vendor_pin,locality,1,2494.0,967.6,0.1818,0.1304,0.2683,1,1,0,0,0,0,locality,3,2934.6
072bbd21b4a0,AD001552,locality_centroid,locality,1,2499.2,994.1,0.1818,0.1304,0.2683,1,1,0,0,0,0,none,3,2952.4
e63fff25e3b3,AD001552,town_centroid,town,1,-46.70000000000002,-500.9083333333333,0.1818,0.1304,0.2683,1,1,0,0,0,0,none,3,0.0
76536aaecb3b,AD001553,vendor_pin,locality,1,944.6,2651.5,0.1818,0.1471,0.2824,1,1,0,0,0,0,locality,3,2543.7
cc80aad3bfec,AD001553,locality_centroid,locality,1,986.3,2772.6,0.1818,0.1471,0.2824,1,1,0,0,0,0,none,3,2666.4
a6d8b9014213,AD001553,town_centroid,town,1,856.3249999999999,109.34166666666668,0.1818,0.1471,0.2824,1,1,0,0,0,0,none,3,0.0
68d42f70cbfb,AD001554,vendor_pin,locality,1,2764.2,-2156.5,0.1,0.125,0.3284,0,1,0,0,0,0,locality,3,3262.2
5a0a2c35a130,AD001554,town_centroid,town,1,-46.70000000000002,-500.9083333333333,0.1,0.125,0.3284,0,1,0,0,0,0,none,3,0.0
ee7e7cb464f1,AD001554,prior_field_cluster,street,1,2642.3,-2175.8,0.1,0.125,0.3284,0,1,0,0,0,0,none,3,3168.0
3d02d2c33bf5,AD001555,vendor_pin,locality,1,-2538.4,1477.4,0.0769,0.1071,0.268,0,1,0,0,0,0,locality,3,3116.7
1277f6e46066,AD001555,town_centroid,town,1,-172.75833333333335,-551.7416666666667,0.0769,0.1071,0.268,0,1,0,0,0,0,none,3,0.0
d83c490590da,AD001555,prior_field_cluster,street,1,-2591.3,1784.7,0.0769,0.1071,0.268,0,1,0,0,0,0,none,3,3362.8
9dbcf67e8582,AD001556,vendor_pin,locality,1,974.5,2585.3,0.25,0.2128,0.3871,1,1,0,0,0,0,locality,4,2478.8
e71208c1ce7a,AD001556,locality_centroid,locality,1,986.3,2772.6,0.25,0.2128,0.3871,1,1,0,0,0,0,none,4,2666.4
0e1175295c43,AD001556,town_centroid,town,1,856.3249999999999,109.34166666666668,0.25,0.2128,0.3871,1,1,0,0,0,0,none,4,0.0
472e0cbe35e6,AD001556,prior_field_cluster,street,1,1046.75,2620.75,0.25,0.2128,0.3871,1,1,0,0,0,0,none,4,2518.6
317005682a13,AD001557,vendor_pin,locality,1,1565.9,-1851.0,0.25,0.1957,0.3548,0,1,0,0,0,0,locality,2,2084.8
dd82fee2efc3,AD001557,town_centroid,town,1,856.3249999999999,109.34166666666668,0.25,0.1957,0.3548,0,1,0,0,0,0,none,2,0.0
9d02873cb04b,AD001558,vendor_pin,pincode,1,1816.7,1537.4,0.1111,0.0847,0.2254,0,1,0,0,0,0,pincode,2,1721.0
dbd16b9f4e2c,AD001558,town_centroid,town,1,856.3249999999999,109.34166666666668,0.1111,0.0847,0.2254,0,1,0,0,0,0,none,2,0.0
14a56e89457b,AD001559,vendor_pin,locality,1,2796.5,-1444.2,0.25,0.1961,0.3636,1,1,0,0,0,0,locality,3,2485.5
b4dfa9d0f713,AD001559,locality_centroid,locality,1,2589.2,-1273.1,0.25,0.1961,0.3636,1,1,0,0,0,0,none,3,2216.8
4242cc0bc23a,AD001559,town_centroid,town,1,856.3249999999999,109.34166666666668,0.25,0.1961,0.3636,1,1,0,0,0,0,none,3,0.0
61bd820123bd,AD001560,vendor_pin,locality,1,-3736.7,-749.6,0.2308,0.1786,0.3301,1,1,0,0,0,0,locality,3,3569.4
f1e355baccd8,AD001560,locality_centroid,locality,1,-3766.2,-883.9,0.2308,0.1786,0.3301,1,1,0,0,0,0,none,3,3608.8
d187ee278642,AD001560,town_centroid,town,1,-172.75833333333335,-551.7416666666667,0.2308,0.1786,0.3301,1,1,0,0,0,0,none,3,0.0
9bb37221de17,AD001561,vendor_pin,locality,1,1149.5,18.8,0.1667,0.1538,0.2947,1,1,0,0,0,0,locality,3,1304.2
dc242b95e6bd,AD001561,locality_centroid,locality,1,1112.8,-196.7,0.1667,0.1538,0.2947,1,1,0,0,0,0,none,3,1198.7
6f8ac45f025c,AD001561,town_centroid,town,1,-46.70000000000002,-500.9083333333333,0.1667,0.1538,0.2947,1,1,0,0,0,0,none,3,0.0
fffa5c9f3fb8,AD001563,vendor_pin,locality,1,-853.7,-459.4,0.1667,0.1127,0.2381,1,1,0,0,0,0,locality,4,687.2
732cf3ce80e2,AD001563,locality_centroid,locality,1,-722.6,-522.8,0.1667,0.1127,0.2381,1,1,0,0,0,0,none,4,550.6
3040c3cca70a,AD001563,town_centroid,town,1,-172.75833333333335,-551.7416666666667,0.1667,0.1127,0.2381,1,1,0,0,0,0,none,4,0.0
0aae5084c405,AD001563,prior_field_cluster,street,1,-714.2,-735.9,0.1667,0.1127,0.2381,1,1,0,0,0,0,none,4,571.9
9c4b07b68432,AD001564,vendor_pin,locality,1,-391.3,-3370.0,0.1818,0.1667,0.3182,1,1,0,0,0,0,locality,4,2826.7
f95071535c84,AD001564,locality_centroid,locality,1,-433.5,-3467.4,0.1818,0.1667,0.3182,1,1,0,0,0,0,none,4,2927.3
ab16aa264b85,AD001564,town_centroid,town,1,-172.75833333333335,-551.7416666666667,0.1818,0.1667,0.3182,1,1,0,0,0,0,none,4,0.0
2a3ff6ae687a,AD001564,prior_field_cluster,street,1,-218.8,-3273.5,0.1818,0.1667,0.3182,1,1,0,0,0,0,none,4,2722.1
9fae7482dbb0,AD001565,vendor_pin,locality,1,-368.5,3280.2,0.25,0.2364,0.4167,1,1,0,0,0,0,locality,3,3836.9
a2521d1fb283,AD001565,locality_centroid,locality,1,-438.3,3208.9,0.25,0.2364,0.4167,1,1,0,0,0,0,none,3,3770.0
c8f2dbe11b82,AD001565,town_centroid,town,1,-172.75833333333335,-551.7416666666667,0.25,0.2364,0.4167,1,1,0,0,0,0,none,3,0.0
929f302832d3,AD001566,vendor_pin,locality,1,1575.7,-2215.8,0.2222,0.1607,0.2973,0,1,0,0,0,0,locality,2,2433.9
e85ca0283ef8,AD001566,town_centroid,town,1,856.3249999999999,109.34166666666668,0.2222,0.1607,0.2973,0,1,0,0,0,0,none,2,0.0
7392ae2cbeb6,AD001567,vendor_pin,locality,1,2786.7,-2258.6,0.1818,0.1562,0.3,1,1,0,0,0,0,locality,4,3334.3
c3def8a05c14,AD001567,locality_centroid,locality,1,2735.1,-2128.6,0.1818,0.1562,0.3,1,1,0,0,0,0,none,4,3223.0
176a2849679d,AD001567,town_centroid,town,1,-46.70000000000002,-500.9083333333333,0.1818,0.1562,0.3,1,1,0,0,0,0,none,4,0.0
7cf9238bcdfe,AD001567,prior_field_cluster,street,1,2863.95,-2187.3500000000004,0.1818,0.1562,0.3,1,1,0,0,0,0,none,4,3363.9
5e837ecc64bb,AD001568,vendor_pin,locality,1,2578.3,-2244.7,0.1667,0.1316,0.2637,1,1,0,0,0,0,locality,3,3151.4
3beb59300673,AD001568,locality_centroid,locality,1,2735.1,-2128.6,0.1667,0.1316,0.2637,1,1,0,0,0,0,none,3,3223.0
b2fe9c167839,AD001568,town_centroid,town,1,-46.70000000000002,-500.9083333333333,0.1667,0.1316,0.2637,1,1,0,0,0,0,none,3,0.0
80999d3e3c59,AD001569,vendor_pin,pincode,1,1726.8,-3034.8,0.0,0.0833,0.2143,0,1,0,0,0,0,pincode,2,3126.3
0b8237fc0d28,AD001569,town_centroid,town,1,-172.75833333333335,-551.7416666666667,0.0,0.0833,0.2143,0,1,0,0,0,0,none,2,0.0
7da4cd40890b,AD001570,vendor_pin,locality,1,2315.8,1071.8,0.2222,0.1765,0.3385,1,1,0,0,0,0,locality,3,2838.1
03838da5bc48,AD001570,locality_centroid,locality,1,2499.2,994.1,0.2222,0.1765,0.3385,1,1,0,0,0,0,none,3,2952.4
6ed9f427b83f,AD001570,town_centroid,town,1,-46.70000000000002,-500.9083333333333,0.2222,0.1765,0.3385,1,1,0,0,0,0,none,3,0.0
f648a0953352,AD001571,vendor_pin,street,1,2200.4,1114.7,0.1667,0.1304,0.2683,1,1,0,0,0,0,street,3,2767.6
8856f83aab86,AD001571,locality_centroid,locality,1,2499.2,994.1,0.1667,0.1304,0.2683,1,1,0,0,0,0,none,3,2952.4
68deb866804a,AD001571,town_centroid,town,1,-46.70000000000002,-500.9083333333333,0.1667,0.1304,0.2683,1,1,0,0,0,0,none,3,0.0
bd4f89f84fa0,AD001572,vendor_pin,street,1,-534.4,-1699.8,0.1,0.15,0.3562,0,1,0,0,0,0,street,2,1203.7
089fc5358cbe,AD001572,town_centroid,town,1,-172.75833333333335,-551.7416666666667,0.1,0.15,0.3562,0,1,0,0,0,0,none,2,0.0
416467e83a36,AD001573,vendor_pin,locality,1,846.4,-791.2,0.1429,0.1368,0.2655,1,1,0,0,0,0,locality,3,1046.9
cc372fbc2f3c,AD001573,locality_centroid,locality,1,929.4,-822.2,0.1429,0.1368,0.2655,1,1,0,0,0,0,none,3,1134.9
a4e50bd8a02b,AD001573,town_centroid,town,1,-172.75833333333335,-551.7416666666667,0.1429,0.1368,0.2655,1,1,0,0,0,0,none,3,0.0
9326700e7414,AD001574,vendor_pin,street,1,3829.4,35.3,0.2,0.2333,0.4051,1,1,0,0,0,0,street,4,4045.0
718cbab197b1,AD001574,locality_centroid,locality,1,3653.7,367.3,0.2,0.2333,0.4051,1,1,0,0,0,0,none,4,3935.3
8578d3cd94b6,AD001574,town_centroid,town,1,-172.75833333333335,-551.7416666666667,0.2,0.2333,0.4051,1,1,0,0,0,0,none,4,0.0
83beea86100b,AD001574,prior_field_cluster,street,1,3875.9,107.4,0.2,0.2333,0.4051,1,1,0,0,0,0,none,4,4102.0
a13488042609,AD001575,vendor_pin,locality,1,386.5,-3069.5,0.2222,0.1746,0.3171,1,0,0,0,0,0,locality,3,3213.4
701c3d9a6cd3,AD001575,locality_centroid,locality,1,688.3,-3007.0,0.2222,0.1746,0.3171,1,0,0,0,0,0,none,3,3120.9
b847bad6425b,AD001575,town_centroid,town,1,856.3249999999999,109.34166666666668,0.2222,0.1746,0.3171,1,0,0,0,0,0,none,3,0.0
72b0f03e6f6c,AD001576,vendor_pin,street,1,842.8,-3221.8,0.25,0.1961,0.3692,1,1,0,0,0,0,street,3,2862.6
76cf43fc0463,AD001576,locality_centroid,locality,1,665.2,-3094.2,0.25,0.1961,0.3692,1,1,0,0,0,0,none,3,2689.2
28864b7c0b0e,AD001576,town_centroid,town,1,-46.70000000000002,-500.9083333333333,0.25,0.1961,0.3692,1,1,0,0,0,0,none,3,0.0
03d2ae5f11f2,AD001577,vendor_pin,locality,1,1382.8,-40.3,0.125,0.1702,0.4,0,0,0,0,0,0,locality,3,547.3
6d44c20e9f77,AD001577,town_centroid,town,1,856.3249999999999,109.34166666666668,0.125,0.1702,0.4,0,0,0,0,0,0,none,3,0.0
f4319f1b7ea8,AD001577,prior_field_cluster,street,1,927.2,405.5,0.125,0.1702,0.4,0,0,0,0,0,0,none,3,304.5
e24b3bbfd4bc,AD001578,vendor_pin,locality,1,-2376.9,1711.0,0.0769,0.1098,0.2708,0,1,0,0,0,0,locality,3,3158.8
d43f966713a7,AD001578,town_centroid,town,1,-172.75833333333335,-551.7416666666667,0.0769,0.1098,0.2708,0,1,0,0,0,0,none,3,0.0
98e0bbc3b20d,AD001578,prior_field_cluster,street,1,-2257.7,1706.6,0.0769,0.1098,0.2708,0,1,0,0,0,0,none,3,3073.6
d99730134395,AD001579,vendor_pin,street,1,2515.4,-2361.5,0.25,0.2041,0.381,1,1,0,0,0,0,street,4,3166.4
905d9f6472e8,AD001579,locality_centroid,locality,1,2735.1,-2128.6,0.25,0.2041,0.381,1,1,0,0,0,0,none,4,3223.0
9be6a5c1bba4,AD001579,town_centroid,town,1,-46.70000000000002,-500.9083333333333,0.25,0.2041,0.381,1,1,0,0,0,0,none,4,0.0
3872391cdc05,AD001579,prior_field_cluster,street,1,2488.5,-2312.4,0.25,0.2041,0.381,1,1,0,0,0,0,none,4,3115.9
db574c1a2d37,AD001581,vendor_pin,street,1,2854.3,-1818.2,0.1538,0.1333,0.2637,1,1,0,0,0,0,street,4,3186.1
dfb2cf598cbb,AD001581,locality_centroid,locality,1,2735.1,-2128.6,0.1538,0.1333,0.2637,1,1,0,0,0,0,none,4,3223.0
0ddc4a8ae733,AD001581,town_centroid,town,1,-46.70000000000002,-500.9083333333333,0.1538,0.1333,0.2637,1,1,0,0,0,0,none,4,0.0
7a94eca9a756,AD001581,prior_field_cluster,street,1,2736.25,-1810.35,0.1538,0.1333,0.2637,1,1,0,0,0,0,none,4,3075.6
e7016cc01645,AD001582,vendor_pin,locality,1,1014.9,-921.0,0.25,0.2167,0.3896,1,1,0,0,0,0,locality,4,1243.7
d716f6b32d8c,AD001582,locality_centroid,locality,1,929.4,-822.2,0.25,0.2167,0.3896,1,1,0,0,0,0,none,4,1134.9
6aa6dbd28be2,AD001582,town_centroid,town,1,-172.75833333333335,-551.7416666666667,0.25,0.2167,0.3896,1,1,0,0,0,0,none,4,0.0
5e6b5de99f3e,AD001582,prior_field_cluster,street,1,2325.1,-774.0,0.25,0.2167,0.3896,1,1,0,0,0,0,none,4,2507.7
57a4862c18db,AD001583,vendor_pin,locality,1,-827.0,-420.7,0.2222,0.1429,0.2941,1,0,0,0,0,0,locality,3,667.2
15d8cfeb40f5,AD001583,locality_centroid,locality,1,-722.6,-522.8,0.2222,0.1429,0.2941,1,0,0,0,0,0,none,3,550.6
13d85c8bd8e7,AD001583,town_centroid,town,1,-172.75833333333335,-551.7416666666667,0.2222,0.1429,0.2941,1,0,0,0,0,0,none,3,0.0
f4d1c4108cfd,AD001584,vendor_pin,locality,1,1536.1,-2194.3,0.3333,0.2368,0.4151,0,1,0,0,0,0,locality,3,2401.8
681a53e55392,AD001584,town_centroid,town,1,856.3249999999999,109.34166666666668,0.3333,0.2368,0.4151,0,1,0,0,0,0,none,3,0.0
c85cc6387f1a,AD001584,prior_field_cluster,street,1,1311.6,-1965.7,0.3333,0.2368,0.4151,0,1,0,0,0,0,none,3,2124.4
93b07b053d8c,AD001585,vendor_pin,locality,1,964.6,-733.6,0.25,0.2407,0.4225,1,1,0,0,0,0,locality,3,1151.8
171a5d295fba,AD001585,locality_centroid,locality,1,929.4,-822.2,0.25,0.2407,0.4225,1,1,0,0,0,0,none,3,1134.9
8fcdd84d6e86,AD001585,town_centroid,town,1,-172.75833333333335,-551.7416666666667,0.25,0.2407,0.4225,1,1,0,0,0,0,none,3,0.0
83716a1e9854,AD001586,vendor_pin,locality,1,1501.7,-2001.5,0.2,0.1636,0.3099,0,1,0,0,0,0,locality,3,2207.3
ae17bf9e70c6,AD001586,town_centroid,town,1,856.3249999999999,109.34166666666668,0.2,0.1636,0.3099,0,1,0,0,0,0,none,3,0.0
48b4cd34088b,AD001586,prior_field_cluster,street,1,1606.5,-1849.4,0.2,0.1636,0.3099,0,1,0,0,0,0,none,3,2097.5
7a4119642a08,AD001587,vendor_pin,locality,1,-487.1,3271.1,0.25,0.2241,0.4,1,1,0,0,0,0,locality,4,3835.7
72d853d489b8,AD001587,locality_centroid,locality,1,-438.3,3208.9,0.25,0.2241,0.4,1,1,0,0,0,0,none,4,3770.0
af2836bb14ac,AD001587,town_centroid,town,1,-172.75833333333335,-551.7416666666667,0.25,0.2241,0.4,1,1,0,0,0,0,none,4,0.0
fb2f6cbaacb9,AD001587,prior_field_cluster,street,1,-841.45,2980.25,0.25,0.2241,0.4,1,1,0,0,0,0,none,4,3594.7
cafc8a7705c1,AD001588,vendor_pin,pincode,1,-267.6,94.2,0.0,0.0,0.2,0,0,0,0,0,0,pincode,2,634.8
05269e4d6f2e,AD001588,town_centroid,town,1,-46.70000000000002,-500.9083333333333,0.0,0.0,0.2,0,0,0,0,0,0,none,2,0.0
3cc95947e14a,AD001589,vendor_pin,street,1,688.6,3094.2,0.2,0.1639,0.3117,1,1,0,0,0,0,street,4,2989.6
1277adfce745,AD001589,locality_centroid,locality,1,986.3,2772.6,0.2,0.1639,0.3117,1,1,0,0,0,0,none,4,2666.4
4adacc3637dd,AD001589,town_centroid,town,1,856.3249999999999,109.34166666666668,0.2,0.1639,0.3117,1,1,0,0,0,0,none,4,0.0
f6db47efed79,AD001589,prior_field_cluster,street,1,687.8,3122.0,0.2,0.1639,0.3117,1,1,0,0,0,0,none,4,3017.4
b0c5a8853733,AD001590,vendor_pin,locality,1,-335.4,-3446.9,0.2222,0.1875,0.3457,1,1,0,0,0,0,locality,3,2899.7
9d4e93e6cc10,AD001590,locality_centroid,locality,1,-433.5,-3467.4,0.2222,0.1875,0.3457,1,1,0,0,0,0,none,3,2927.3
5a2bd9a2dedc,AD001590,town_centroid,town,1,-172.75833333333335,-551.7416666666667,0.2222,0.1875,0.3457,1,1,0,0,0,0,none,3,0.0
ba308cda8a8b,AD001591,vendor_pin,locality,1,-1691.7,-2644.4,0.2,0.1594,0.2857,1,1,0,0,0,0,locality,4,3751.7
136686ccaf70,AD001591,locality_centroid,locality,1,-1600.3,-2801.9,0.2,0.1594,0.2857,1,1,0,0,0,0,none,4,3809.2
80dfdfef3076,AD001591,town_centroid,town,1,856.3249999999999,109.34166666666668,0.2,0.1594,0.2857,1,1,0,0,0,0,none,4,0.0
f064694f6017,AD001591,prior_field_cluster,street,1,-1699.8,-2935.9,0.2,0.1594,0.2857,1,1,0,0,0,0,none,4,3975.8
f8326b9f50e8,AD001592,vendor_pin,street,1,1481.6,-2558.0,0.4,0.2308,0.386,1,1,0,0,0,0,street,4,2739.6
9d1c24a7bcac,AD001592,locality_centroid,locality,1,1577.4,-2059.5,0.4,0.2308,0.386,1,1,0,0,0,0,none,4,2285.6
c1638ed608ec,AD001592,town_centroid,town,1,856.3249999999999,109.34166666666668,0.4,0.2308,0.386,1,1,0,0,0,0,none,4,0.0
a0a60afca91f,AD001592,prior_field_cluster,street,1,1495.8,-2483.8,0.4,0.2308,0.386,1,1,0,0,0,0,none,4,2670.8
18df302bf3c6,AD001593,vendor_pin,rooftop,1,-873.0,-2219.9,0.1818,0.1739,0.3294,1,1,0,0,0,0,rooftop,3,1809.2
2bd08af0332e,AD001593,locality_centroid,locality,1,-1112.2,-1888.2,0.1818,0.1739,0.3294,1,1,0,0,0,0,none,3,1633.6
d461b197332a,AD001593,town_centroid,town,1,-172.75833333333335,-551.7416666666667,0.1818,0.1739,0.3294,1,1,0,0,0,0,none,3,0.0
b548c400cb35,AD001594,vendor_pin,locality,1,1042.3,2961.3,0.1818,0.1429,0.2791,1,1,0,0,0,0,locality,3,2858.0
6d3d43625a09,AD001594,locality_centroid,locality,1,986.3,2772.6,0.1818,0.1429,0.2791,1,1,0,0,0,0,none,3,2666.4
44b0cd55fc63,AD001594,town_centroid,town,1,856.3249999999999,109.34166666666668,0.1818,0.1429,0.2791,1,1,0,0,0,0,none,3,0.0
f09a47bbcd48,AD001596,vendor_pin,locality,1,598.1,-3117.1,0.1,0.1311,0.2933,0,0,0,0,0,0,locality,3,2694.5
015e4fb62e70,AD001596,town_centroid,town,1,-46.70000000000002,-500.9083333333333,0.1,0.1311,0.2933,0,0,0,0,0,0,none,3,0.0
266d1b9b49ef,AD001596,prior_field_cluster,street,1,741.0,-3228.3,0.1,0.1311,0.2933,0,0,0,0,0,0,none,3,2838.9
575549b771fd,AD001597,vendor_pin,locality,1,655.2,-2866.0,0.2,0.1746,0.3095,1,1,0,0,0,0,locality,3,2982.1
dd1ac101112c,AD001597,locality_centroid,locality,1,688.3,-3007.0,0.2,0.1746,0.3095,1,1,0,0,0,0,none,3,3120.9
4361ad8152ac,AD001597,town_centroid,town,1,856.3249999999999,109.34166666666668,0.2,0.1746,0.3095,1,1,0,0,0,0,none,3,0.0
06d435814129,AD001598,vendor_pin,pincode,1,2497.5,-1891.1,0.0,0.1111,0.2727,0,1,0,0,0,0,pincode,2,2987.3
0033ef3fd223,AD001598,town_centroid,town,1,-172.75833333333335,-551.7416666666667,0.0,0.1111,0.2727,0,1,0,0,0,0,none,2,0.0
1253f5c28524,AD001600,vendor_pin,locality,1,1571.3,-2212.4,0.25,0.2093,0.3492,1,1,0,0,0,0,locality,3,2429.3
71058bed4fee,AD001600,locality_centroid,locality,1,1577.4,-2059.5,0.25,0.2093,0.3492,1,1,0,0,0,0,none,3,2285.6
0f7fd5a51069,AD001600,town_centroid,town,1,856.3249999999999,109.34166666666668,0.25,0.2093,0.3492,1,1,0,0,0,0,none,3,0.0
a467d25fba0a,AD001601,vendor_pin,locality,1,-31.0,1658.0,0.2,0.1452,0.2716,1,1,0,0,0,0,locality,3,1784.8
33edecda6c1c,AD001601,locality_centroid,locality,1,-200.6,1476.5,0.2,0.1452,0.2716,1,1,0,0,0,0,none,3,1728.1
5173cfa6e262,AD001601,town_centroid,town,1,856.3249999999999,109.34166666666668,0.2,0.1452,0.2716,1,1,0,0,0,0,none,3,0.0
1fe1a78f77c1,AD001602,vendor_pin,pincode,1,1778.7,-2199.5,0.0,0.0135,0.2,0,1,0,0,0,0,pincode,2,2493.5
32ac53d1f227,AD001602,town_centroid,town,1,-46.70000000000002,-500.9083333333333,0.0,0.0135,0.2,0,1,0,0,0,0,none,2,0.0
2a636704a3e3,AD001603,vendor_pin,locality,1,828.6,-180.3,0.1818,0.1791,0.3333,1,1,0,0,0,0,locality,3,932.2
c0562d81f3a1,AD001603,locality_centroid,locality,1,1112.8,-196.7,0.1818,0.1791,0.3333,1,1,0,0,0,0,none,3,1198.7
eb847c72b6be,AD001603,town_centroid,town,1,-46.70000000000002,-500.9083333333333,0.1818,0.1791,0.3333,1,1,0,0,0,0,none,3,0.0
7ee2289f21d8,AD001604,vendor_pin,locality,1,-1777.6,2338.1,0.2222,0.1897,0.3421,1,0,0,0,0,0,locality,3,3325.1
cfff6cd7eb39,AD001604,locality_centroid,locality,1,-1885.4,2441.1,0.2222,0.1897,0.3421,1,0,0,0,0,0,none,3,3469.3
6ae0c3fe316b,AD001604,town_centroid,town,1,-46.70000000000002,-500.9083333333333,0.2222,0.1897,0.3421,1,0,0,0,0,0,none,3,0.0
9f651fa32190,AD001605,vendor_pin,locality,1,3520.0,419.6,0.1538,0.1772,0.3299,1,1,0,0,0,0,locality,4,3818.4
a6427514cba2,AD001605,locality_centroid,locality,1,3653.7,367.3,0.1538,0.1772,0.3299,1,1,0,0,0,0,none,4,3935.3
5d5695c540ec,AD001605,town_centroid,town,1,-172.75833333333335,-551.7416666666667,0.1538,0.1772,0.3299,1,1,0,0,0,0,none,4,0.0
f366be14d809,AD001605,prior_field_cluster,street,1,3644.7,534.0,0.1538,0.1772,0.3299,1,1,0,0,0,0,none,4,3968.9
f1b0247de075,AD001606,vendor_pin,street,1,-2506.9,-383.8,0.2727,0.1948,0.3542,1,1,0,0,0,0,street,3,2340.2
2ca171b35f60,AD001606,locality_centroid,locality,1,-2605.6,-262.1,0.2727,0.1948,0.3542,1,1,0,0,0,0,none,3,2450.0
7889881f1baf,AD001606,town_centroid,town,1,-172.75833333333335,-551.7416666666667,0.2727,0.1948,0.3542,1,1,0,0,0,0,none,3,0.0
8f6c57164c75,AD001607,vendor_pin,locality,1,3278.2,-1936.8,0.2857,0.2326,0.4211,1,1,0,0,0,0,locality,3,3718.5
4dade377530c,AD001607,locality_centroid,locality,1,3188.8,-1960.7,0.2857,0.2326,0.4211,1,1,0,0,0,0,none,3,3644.9
c4b4ce530113,AD001607,town_centroid,town,1,-172.75833333333335,-551.7416666666667,0.2857,0.2326,0.4211,1,1,0,0,0,0,none,3,0.0
3a65df14e524,AD001608,vendor_pin,locality,1,-451.3,2598.7,0.2857,0.2857,0.4242,1,1,0,0,0,0,locality,3,2811.9
1c8ad21a496a,AD001608,locality_centroid,locality,1,-603.5,2996.1,0.2857,0.2857,0.4242,1,1,0,0,0,0,none,3,3234.9
87cccefa31ac,AD001608,town_centroid,town,1,856.3249999999999,109.34166666666668,0.2857,0.2857,0.4242,1,1,0,0,0,0,none,3,0.0
8400ec93eb78,AD001609,vendor_pin,locality,1,2314.7,1663.6,0.2,0.1148,0.2338,1,1,0,0,0,0,locality,3,2131.3
904661a3b9b8,AD001609,locality_centroid,locality,1,2308.9,1849.5,0.2,0.1148,0.2338,1,1,0,0,0,0,none,3,2266.7
cae19c6f6655,AD001609,town_centroid,town,1,856.3249999999999,109.34166666666668,0.2,0.1148,0.2338,1,1,0,0,0,0,none,3,0.0
96fd85be27ef,AD001610,vendor_pin,locality,1,-918.1,-3170.7,0.25,0.1887,0.3582,1,1,0,0,0,0,locality,3,2808.4
5f82016557d4,AD001610,locality_centroid,locality,1,-1053.3,-3163.0,0.25,0.1887,0.3582,1,1,0,0,0,0,none,3,2846.0
460a4159ece8,AD001610,town_centroid,town,1,-46.70000000000002,-500.9083333333333,0.25,0.1887,0.3582,1,1,0,0,0,0,none,3,0.0
da871823031c,AD001611,vendor_pin,street,1,285.3,-2771.2,0.4,0.3056,0.4561,1,1,0,0,0,0,street,3,2936.6
0476f39eff19,AD001611,locality_centroid,locality,1,688.3,-3007.0,0.4,0.3056,0.4561,1,1,0,0,0,0,none,3,3120.9
99a44b949fed,AD001611,town_centroid,town,1,856.3249999999999,109.34166666666668,0.4,0.3056,0.4561,1,1,0,0,0,0,none,3,0.0
dc19ea34fb13,AD001612,vendor_pin,pincode,1,1697.8,-1096.0,0.1111,0.0781,0.2432,0,1,0,0,0,0,pincode,2,1470.0
e14eacd5c060,AD001612,town_centroid,town,1,856.3249999999999,109.34166666666668,0.1111,0.0781,0.2432,0,1,0,0,0,0,none,2,0.0
30ad509b9613,AD001613,vendor_pin,locality,1,1205.4,74.3,0.25,0.1964,0.3611,1,1,0,0,0,0,locality,3,350.8
9e1b220bc482,AD001613,locality_centroid,locality,1,1046.9,-2.6,0.25,0.1964,0.3611,1,1,0,0,0,0,none,3,221.0
db0a45f65a55,AD001613,town_centroid,town,1,856.3249999999999,109.34166666666668,0.25,0.1964,0.3611,1,1,0,0,0,0,none,3,0.0
53744df37baa,AD001614,vendor_pin,locality,1,2582.7,-1182.3,0.1818,0.1316,0.2553,1,1,0,0,0,0,locality,3,2156.1
ea7e84614174,AD001614,locality_centroid,locality,1,2589.2,-1273.1,0.1818,0.1316,0.2553,1,1,0,0,0,0,none,3,2216.8
f9a0c86f4236,AD001614,town_centroid,town,1,856.3249999999999,109.34166666666668,0.1818,0.1316,0.2553,1,1,0,0,0,0,none,3,0.0
c57437a13e39,AD001615,vendor_pin,locality,1,-1850.9,2731.0,0.2222,0.1719,0.325,1,1,0,0,0,0,locality,3,3701.4
ac38583f9d9b,AD001615,locality_centroid,locality,1,-1885.4,2441.1,0.2222,0.1719,0.325,1,1,0,0,0,0,none,3,3469.3
03e53dffae87,AD001615,town_centroid,town,1,-46.70000000000002,-500.9083333333333,0.2222,0.1719,0.325,1,1,0,0,0,0,none,3,0.0
5b3393b9f14e,AD001616,vendor_pin,street,1,2515.6,1368.0,0.1667,0.1385,0.275,1,1,0,0,0,0,street,4,3171.5
e9daed0d2625,AD001616,locality_centroid,locality,1,2499.2,994.1,0.1667,0.1385,0.275,1,1,0,0,0,0,none,4,2952.4
efd56d60625e,AD001616,town_centroid,town,1,-46.70000000000002,-500.9083333333333,0.1667,0.1385,0.275,1,1,0,0,0,0,none,4,0.0
e186c99d638a,AD001616,prior_field_cluster,street,1,2454.3,1404.9,0.1667,0.1385,0.275,1,1,0,0,0,0,none,4,3144.4
2907cc758a5f,AD001617,vendor_pin,locality,1,314.8,2285.2,0.5,0.4375,0.6538,1,1,0,0,0,0,locality,3,2809.5
7ad4860df2d1,AD001617,locality_centroid,locality,1,290.7,2335.2,0.5,0.4375,0.6538,1,1,0,0,0,0,none,3,2856.1
182f3943f9f8,AD001617,town_centroid,town,1,-46.70000000000002,-500.9083333333333,0.5,0.4375,0.6538,1,1,0,0,0,0,none,3,0.0
0a90a519f63c,AD001618,vendor_pin,locality,1,1041.3,-718.3,0.1818,0.1646,0.3125,1,0,0,0,0,0,locality,4,1225.4
95934afe1cf8,AD001618,locality_centroid,locality,1,929.4,-822.2,0.1818,0.1646,0.3125,1,0,0,0,0,0,none,4,1134.9
53e43299c650,AD001618,town_centroid,town,1,-172.75833333333335,-551.7416666666667,0.1818,0.1646,0.3125,1,0,0,0,0,0,none,4,0.0
b9d83cc2f94e,AD001618,prior_field_cluster,street,1,2344.4,-775.0,0.1818,0.1646,0.3125,1,0,0,0,0,0,none,4,2527.0
4a8addc510a6,AD001619,vendor_pin,locality,1,2731.2,-1157.5,0.2,0.1613,0.3038,1,1,0,0,0,0,locality,4,2262.8
8a9a287a9e67,AD001619,locality_centroid,locality,1,2589.2,-1273.1,0.2,0.1613,0.3038,1,1,0,0,0,0,none,4,2216.8
737588e6e480,AD001619,town_centroid,town,1,856.3249999999999,109.34166666666668,0.2,0.1613,0.3038,1,1,0,0,0,0,none,4,0.0
e59ba7711077,AD001619,prior_field_cluster,street,1,2650.8,-1091.6,0.2,0.1613,0.3038,1,1,0,0,0,0,none,4,2159.3
0b4f58928c7d,AD001620,vendor_pin,locality,1,-496.1,-3284.0,0.1818,0.1429,0.28,1,1,0,0,0,0,locality,4,2751.3
82ec19ae4c6f,AD001620,locality_centroid,locality,1,-433.5,-3467.4,0.1818,0.1429,0.28,1,1,0,0,0,0,none,4,2927.3
739643f8024f,AD001620,town_centroid,town,1,-172.75833333333335,-551.7416666666667,0.1818,0.1429,0.28,1,1,0,0,0,0,none,4,0.0
de195ede3b3d,AD001620,prior_field_cluster,street,1,-17.2,-3371.8,0.1818,0.1429,0.28,1,1,0,0,0,0,none,4,2824.3
634906eadf8f,AD001621,vendor_pin,locality,1,-519.2,3232.2,0.1111,0.2182,0.4225,0,1,0,0,0,0,locality,2,3799.8
53a978b05b47,AD001621,town_centroid,town,1,-172.75833333333335,-551.7416666666667,0.1111,0.2182,0.4225,0,1,0,0,0,0,none,2,0.0
d8ee4fba9c67,AD001622,vendor_pin,locality,1,1167.2,-644.7,0.1538,0.1429,0.2778,1,1,0,0,0,0,locality,4,1343.2
53b7a3106588,AD001622,locality_centroid,locality,1,929.4,-822.2,0.1538,0.1429,0.2778,1,1,0,0,0,0,none,4,1134.9
4f981bc538aa,AD001622,town_centroid,town,1,-172.75833333333335,-551.7416666666667,0.1538,0.1429,0.2778,1,1,0,0,0,0,none,4,0.0
a253b2c8824f,AD001622,prior_field_cluster,street,1,1140.4,-1091.8,0.1538,0.1429,0.2778,1,1,0,0,0,0,none,4,1419.9
ed8707c338da,AD001623,vendor_pin,locality,1,2840.8,-2207.2,0.0714,0.0933,0.2472,0,1,0,0,0,0,locality,2,3354.0
e27fe2a1ec64,AD001623,town_centroid,town,1,-46.70000000000002,-500.9083333333333,0.0714,0.0933,0.2472,0,1,0,0,0,0,none,2,0.0
9a170eacca12,AD001624,vendor_pin,locality,1,-3042.5,1199.3,0.1818,0.169,0.3111,1,1,0,0,0,0,locality,3,3444.6
ed9e7269237a,AD001624,locality_centroid,locality,1,-2863.9,1096.5,0.1818,0.169,0.3111,1,1,0,0,0,0,none,3,3238.6
4442881d7278,AD001624,town_centroid,town,1,-46.70000000000002,-500.9083333333333,0.1818,0.169,0.3111,1,1,0,0,0,0,none,3,0.0
21333fd7555e,AD001625,vendor_pin,locality,1,-3036.4,1249.8,0.25,0.2264,0.4,1,1,0,0,0,0,locality,3,3464.6
0d6b387a8980,AD001625,locality_centroid,locality,1,-2863.9,1096.5,0.25,0.2264,0.4,1,1,0,0,0,0,none,3,3238.6
9111e10e57ac,AD001625,town_centroid,town,1,-46.70000000000002,-500.9083333333333,0.25,0.2264,0.4,1,1,0,0,0,0,none,3,0.0
57f9993de973,AD001626,vendor_pin,locality,1,-1061.2,-3007.2,0.2222,0.2,0.3692,1,1,0,0,0,0,locality,3,2703.8
4e206a969f43,AD001626,locality_centroid,locality,1,-1053.3,-3163.0,0.2222,0.2,0.3692,1,1,0,0,0,0,none,3,2846.0
82aa594f1d61,AD001626,town_centroid,town,1,-46.70000000000002,-500.9083333333333,0.2222,0.2,0.3692,1,1,0,0,0,0,none,3,0.0
bd0b03951008,AD001627,vendor_pin,pincode,1,1588.5,-1763.8,0.1111,0.098,0.2951,0,1,0,0,0,0,pincode,3,2011.2
92dcb3f81ee4,AD001627,town_centroid,town,1,856.3249999999999,109.34166666666668,0.1111,0.098,0.2951,0,1,0,0,0,0,none,3,0.0
2890ea7f671b,AD001627,prior_field_cluster,street,1,1319.9,-2074.9,0.1111,0.098,0.2951,0,1,0,0,0,0,none,3,2232.9
3609c419c147,AD001628,vendor_pin,street,1,712.9,2950.2,0.3333,0.2326,0.4138,1,1,0,0,0,0,street,3,2844.5
4b81221faf28,AD001628,locality_centroid,locality,1,986.3,2772.6,0.3333,0.2326,0.4138,1,1,0,0,0,0,none,3,2666.4
b26f2b6221cc,AD001628,town_centroid,town,1,856.3249999999999,109.34166666666668,0.3333,0.2326,0.4138,1,1,0,0,0,0,none,3,0.0
846c1bd4a704,AD001629,vendor_pin,locality,1,592.0,-3326.9,0.1667,0.1389,0.2727,1,0,0,0,0,0,locality,4,2897.3
e3e24b23a2c0,AD001629,locality_centroid,locality,1,665.2,-3094.2,0.1667,0.1389,0.2727,1,0,0,0,0,0,none,4,2689.2
799d932f0427,AD001629,town_centroid,town,1,-46.70000000000002,-500.9083333333333,0.1667,0.1389,0.2727,1,0,0,0,0,0,none,4,0.0
da8ebe214e5e,AD001629,prior_field_cluster,street,1,525.4,-2991.2,0.1667,0.1389,0.2727,1,0,0,0,0,0,none,4,2555.2
f59b62d364c3,AD001630,vendor_pin,street,1,778.0,2934.1,0.1818,0.2121,0.3908,1,1,0,0,0,0,street,4,3532.6
66591d79dafd,AD001630,locality_centroid,locality,1,290.7,2335.2,0.1818,0.2121,0.3908,1,1,0,0,0,0,none,4,2856.1
0c0bd1162fb8,AD001630,town_centroid,town,1,-46.70000000000002,-500.9083333333333,0.1818,0.2121,0.3908,1,1,0,0,0,0,none,4,0.0
72d09dfe4847,AD001630,prior_field_cluster,street,1,585.05,2843.25,0.1818,0.2121,0.3908,1,1,0,0,0,0,none,4,3403.3
252d5e96fc84,AD001631,vendor_pin,rooftop,1,2709.3,504.7,0.1429,0.1136,0.2963,0,1,0,0,0,0,rooftop,3,1894.7
9af4e2fa49f0,AD001631,town_centroid,town,1,856.3249999999999,109.34166666666668,0.1429,0.1136,0.2963,0,1,0,0,0,0,none,3,0.0
7ffe6a418fa3,AD001631,prior_field_cluster,street,1,2713.3,501.5,0.1429,0.1136,0.2963,0,1,0,0,0,0,none,3,1897.9
72577065abe4,AD001633,vendor_pin,locality,1,2057.1,-898.4,0.0769,0.1529,0.3269,0,1,0,0,0,0,locality,2,2141.0
b9c80f2aaf3a,AD001633,town_centroid,town,1,-46.70000000000002,-500.9083333333333,0.0769,0.1529,0.3269,0,1,0,0,0,0,none,2,0.0
158d253a882c,AD001634,vendor_pin,locality,1,812.4,-3012.4,0.0909,0.127,0.2895,0,1,0,0,0,0,locality,2,2654.4
06d943b65d47,AD001634,town_centroid,town,1,-46.70000000000002,-500.9083333333333,0.0909,0.127,0.2895,0,1,0,0,0,0,none,2,0.0
46f8e0140bbf,AD001635,vendor_pin,locality,1,-2458.4,1536.0,0.125,0.1731,0.4,0,1,0,0,0,0,locality,2,3095.6
c3b9405aa85d,AD001635,town_centroid,town,1,-172.75833333333335,-551.7416666666667,0.125,0.1731,0.4,0,1,0,0,0,0,none,2,0.0
1de79b7ae182,AD001637,vendor_pin,locality,1,444.3,-2979.3,0.2,0.1642,0.3023,1,1,0,0,0,0,locality,3,3116.0
4c7ff0ea9c26,AD001637,locality_centroid,locality,1,688.3,-3007.0,0.2,0.1642,0.3023,1,1,0,0,0,0,none,3,3120.9
ed919b590ea1,AD001637,town_centroid,town,1,856.3249999999999,109.34166666666668,0.2,0.1642,0.3023,1,1,0,0,0,0,none,3,0.0
2782d22c6bc0,AD001638,vendor_pin,locality,1,591.6,-2996.5,0.4,0.2857,0.4898,1,1,0,0,0,0,locality,4,2575.9
09f910707091,AD001638,locality_centroid,locality,1,665.2,-3094.2,0.4,0.2857,0.4898,1,1,0,0,0,0,none,4,2689.2
0416a3fef509,AD001638,town_centroid,town,1,-46.70000000000002,-500.9083333333333,0.4,0.2857,0.4898,1,1,0,0,0,0,none,4,0.0
95dc8634a057,AD001638,prior_field_cluster,street,1,896.9,-2904.4,0.4,0.2857,0.4898,1,1,0,0,0,0,none,4,2582.1
e15836d7d955,AD001639,vendor_pin,locality,1,415.3,2533.0,0.1538,0.1892,0.3579,1,1,0,0,0,0,locality,3,3068.9
67e8c28fe320,AD001639,locality_centroid,locality,1,290.7,2335.2,0.1538,0.1892,0.3579,1,1,0,0,0,0,none,3,2856.1
a2ee955eb05d,AD001639,town_centroid,town,1,-46.70000000000002,-500.9083333333333,0.1538,0.1892,0.3579,1,1,0,0,0,0,none,3,0.0
23fdf56abaa4,AD001640,vendor_pin,locality,1,1235.1,-3752.5,0.2857,0.2368,0.4,1,1,0,0,0,0,locality,3,3496.7
3367287b4ab2,AD001640,locality_centroid,locality,1,1155.3,-3613.0,0.2857,0.2368,0.4,1,1,0,0,0,0,none,3,3336.9
09d49ae71952,AD001640,town_centroid,town,1,-172.75833333333335,-551.7416666666667,0.2857,0.2368,0.4,1,1,0,0,0,0,none,3,0.0
73f254bd4e06,AD001641,vendor_pin,locality,1,3825.4,420.5,0.1333,0.1573,0.2936,1,1,0,0,0,0,locality,3,4114.7
08c62dd8d81a,AD001641,locality_centroid,locality,1,3653.7,367.3,0.1333,0.1573,0.2936,1,1,0,0,0,0,none,3,3935.3
53d01224adeb,AD001641,town_centroid,town,1,-172.75833333333335,-551.7416666666667,0.1333,0.1573,0.2936,1,1,0,0,0,0,none,3,0.0
d916d1455e53,AD001642,vendor_pin,pincode,1,1601.5,-1577.8,0.0,0.0135,0.175,0,1,0,0,0,0,pincode,2,1968.8
2daec9e57529,AD001642,town_centroid,town,1,-46.70000000000002,-500.9083333333333,0.0,0.0135,0.175,0,1,0,0,0,0,none,2,0.0
95b52b341a04,AD001643,vendor_pin,locality,1,1517.5,-1967.9,0.3333,0.2195,0.3667,1,1,0,0,0,0,locality,3,2179.9
c8ae5cad6d6b,AD001643,locality_centroid,locality,1,1577.4,-2059.5,0.3333,0.2195,0.3667,1,1,0,0,0,0,none,3,2285.6
df1899269de0,AD001643,town_centroid,town,1,856.3249999999999,109.34166666666668,0.3333,0.2195,0.3667,1,1,0,0,0,0,none,3,0.0
c322d01bd722,AD001644,vendor_pin,locality,1,626.0,2553.9,0.2857,0.2174,0.3934,1,1,0,0,0,0,locality,3,2455.4
a629c7956b7a,AD001644,locality_centroid,locality,1,986.3,2772.6,0.2857,0.2174,0.3934,1,1,0,0,0,0,none,3,2666.4
2535dfb31511,AD001644,town_centroid,town,1,856.3249999999999,109.34166666666668,0.2857,0.2174,0.3934,1,1,0,0,0,0,none,3,0.0
6c48ca3d267c,AD001645,vendor_pin,street,1,2218.1,-1962.8,0.25,0.2222,0.4068,1,1,0,0,0,0,street,3,2695.6
5e0b95f80a54,AD001645,locality_centroid,locality,1,2735.1,-2128.6,0.25,0.2222,0.4068,1,1,0,0,0,0,none,3,3223.0
dd19e6584fc6,AD001645,town_centroid,town,1,-46.70000000000002,-500.9083333333333,0.25,0.2222,0.4068,1,1,0,0,0,0,none,3,0.0
b63954771f67,AD001646,vendor_pin,rooftop,1,1238.0,225.5,0.0833,0.1,0.2683,0,1,0,0,0,0,rooftop,2,1475.8
6b5424348efa,AD001646,town_centroid,town,1,-46.70000000000002,-500.9083333333333,0.0833,0.1,0.2683,0,1,0,0,0,0,none,2,0.0
8f75b4ceba63,AD001647,vendor_pin,locality,1,-1698.6,-2767.5,0.2,0.1746,0.3095,0,1,0,0,0,0,locality,3,3847.6
b1a177a02eda,AD001647,town_centroid,town,1,856.3249999999999,109.34166666666668,0.2,0.1746,0.3095,0,1,0,0,0,0,none,3,0.0
ed7696df9b5c,AD001647,prior_field_cluster,street,1,-1644.6,-2897.4,0.2,0.1746,0.3095,0,1,0,0,0,0,none,3,3910.9
c44a84d42da5,AD001649,vendor_pin,locality,1,2755.3,-1987.3,0.2,0.1695,0.3158,1,1,0,0,0,0,locality,4,3171.8
dcba4c7b258c,AD001649,locality_centroid,locality,1,2735.1,-2128.6,0.2,0.1695,0.3158,1,1,0,0,0,0,none,4,3223.0
72f5de16c198,AD001649,town_centroid,town,1,-46.70000000000002,-500.9083333333333,0.2,0.1695,0.3158,1,1,0,0,0,0,none,4,0.0
78f415529f83,AD001649,prior_field_cluster,street,1,2339.15,-2463.45,0.2,0.1695,0.3158,1,1,0,0,0,0,none,4,3089.3
0e3e5d9c6b09,AD001651,vendor_pin,locality,1,-1174.7,-3009.5,0.25,0.2128,0.3871,1,1,0,0,0,0,locality,4,2750.5
0aea52b7f0a9,AD001651,locality_centroid,locality,1,-1053.3,-3163.0,0.25,0.2128,0.3871,1,1,0,0,0,0,none,4,2846.0
a78e411308c3,AD001651,town_centroid,town,1,-46.70000000000002,-500.9083333333333,0.25,0.2128,0.3871,1,1,0,0,0,0,none,4,0.0
28426b1c3ad1,AD001651,prior_field_cluster,street,1,-853.4,-2869.0,0.25,0.2128,0.3871,1,1,0,0,0,0,none,4,2501.7
6b3e56629963,AD001652,vendor_pin,street,1,1132.2,-2385.8,0.25,0.1698,0.3056,1,1,0,0,0,0,street,4,2510.3
06d9280563b0,AD001652,locality_centroid,locality,1,1577.4,-2059.5,0.25,0.1698,0.3056,1,1,0,0,0,0,none,4,2285.6
7e90bf37ca03,AD001652,town_centroid,town,1,856.3249999999999,109.34166666666668,0.25,0.1698,0.3056,1,1,0,0,0,0,none,4,0.0
2a4ef18c903b,AD001652,prior_field_cluster,street,1,1217.7,-2458.8,0.25,0.1698,0.3056,1,1,0,0,0,0,none,4,2593.4
c6117b8edd7f,AD001653,vendor_pin,locality,1,856.4,-98.7,0.1538,0.15,0.2887,1,1,0,0,0,0,locality,4,988.6
13804cb591dd,AD001653,locality_centroid,locality,1,1112.8,-196.7,0.1538,0.15,0.2887,1,1,0,0,0,0,none,4,1198.7
9a0e74d852b0,AD001653,town_centroid,town,1,-46.70000000000002,-500.9083333333333,0.1538,0.15,0.2887,1,1,0,0,0,0,none,4,0.0
407ede82cc79,AD001653,prior_field_cluster,street,1,932.9,197.4,0.1538,0.15,0.2887,1,1,0,0,0,0,none,4,1203.0
d04f5cb95528,AD001654,vendor_pin,locality,1,1174.5,2783.4,0.2,0.1562,0.3,1,1,0,0,0,0,locality,4,2692.9
9f71830f6660,AD001654,locality_centroid,locality,1,986.3,2772.6,0.2,0.1562,0.3,1,1,0,0,0,0,none,4,2666.4
076abb3a9532,AD001654,town_centroid,town,1,856.3249999999999,109.34166666666668,0.2,0.1562,0.3,1,1,0,0,0,0,none,4,0.0
64d71fd056c0,AD001654,prior_field_cluster,street,1,1088.7,2402.3,0.2,0.1562,0.3,1,1,0,0,0,0,none,4,2304.7
ac9a2934b406,AD001655,vendor_pin,locality,1,-2274.7,-2590.7,0.0833,0.1194,0.3,0,1,0,0,0,0,locality,2,3054.7
cbe655f8470e,AD001655,town_centroid,town,1,-46.70000000000002,-500.9083333333333,0.0833,0.1194,0.3,0,1,0,0,0,0,none,2,0.0
e9171e242bd0,AD001656,vendor_pin,locality,1,1125.6,67.9,0.0833,0.1176,0.2963,0,1,0,0,0,0,locality,2,272.4
e903bade9809,AD001656,town_centroid,town,1,856.3249999999999,109.34166666666668,0.0833,0.1176,0.2963,0,1,0,0,0,0,none,2,0.0
09f46af6faff,AD001657,vendor_pin,pincode,1,1951.9,1647.1,0.1667,0.1282,0.4,0,1,0,0,0,0,pincode,2,1888.1
09ff4299f0ac,AD001657,town_centroid,town,1,856.3249999999999,109.34166666666668,0.1667,0.1282,0.4,0,1,0,0,0,0,none,2,0.0
c37e8db63829,AD001658,vendor_pin,locality,1,-476.9,3033.8,0.2,0.1781,0.3297,1,0,0,0,0,0,locality,3,3598.4
53e432964ff7,AD001658,locality_centroid,locality,1,-438.3,3208.9,0.2,0.1781,0.3297,1,0,0,0,0,0,none,3,3770.0
e91fb23a8932,AD001658,town_centroid,town,1,-172.75833333333335,-551.7416666666667,0.2,0.1781,0.3297,1,0,0,0,0,0,none,3,0.0
c3eeeadd0d85,AD001659,vendor_pin,locality,1,-2476.5,1636.2,0.1667,0.1538,0.2979,1,1,0,0,0,0,locality,3,3177.2
c39d6bdd6d75,AD001659,locality_centroid,locality,1,-2446.2,1613.2,0.1667,0.1538,0.2979,1,1,0,0,0,0,none,3,3139.3
0f382120aee8,AD001659,town_centroid,town,1,-172.75833333333335,-551.7416666666667,0.1667,0.1538,0.2979,1,1,0,0,0,0,none,3,0.0
d0b32327114c,AD001660,vendor_pin,street,1,581.4,2631.0,0.3333,0.2222,0.4,1,1,0,0,0,0,street,3,2536.6
ca348554a045,AD001660,locality_centroid,locality,1,986.3,2772.6,0.3333,0.2222,0.4,1,1,0,0,0,0,none,3,2666.4
6832af67cb56,AD001660,town_centroid,town,1,856.3249999999999,109.34166666666668,0.3333,0.2222,0.4,1,1,0,0,0,0,none,3,0.0
615e1ee31317,AD001662,vendor_pin,locality,1,-756.1,2837.8,0.2857,0.2609,0.4058,1,1,0,0,0,0,locality,4,3169.3
e903409ff6b6,AD001662,locality_centroid,locality,1,-603.5,2996.1,0.2857,0.2609,0.4058,1,1,0,0,0,0,none,4,3234.9
c259b7c13b79,AD001662,town_centroid,town,1,856.3249999999999,109.34166666666668,0.2857,0.2609,0.4058,1,1,0,0,0,0,none,4,0.0
e5b5c0a778ac,AD001662,prior_field_cluster,street,1,-470.3,3140.3,0.2857,0.2609,0.4058,1,1,0,0,0,0,none,4,3308.6
bb12292348c3,AD001663,vendor_pin,locality,1,-439.0,-224.4,0.2,0.1774,0.3171,0,1,0,0,0,0,locality,2,1337.6
ac5ae3385fab,AD001663,town_centroid,town,1,856.3249999999999,109.34166666666668,0.2,0.1774,0.3171,0,1,0,0,0,0,none,2,0.0
78c6d83ae2bc,AD001664,vendor_pin,locality,1,1578.0,-2031.6,0.2,0.1452,0.2716,1,1,0,0,0,0,locality,3,2259.3
473d753bf19b,AD001664,locality_centroid,locality,1,1577.4,-2059.5,0.2,0.1452,0.2716,1,1,0,0,0,0,none,3,2285.6
389f40b4983b,AD001664,town_centroid,town,1,856.3249999999999,109.34166666666668,0.2,0.1452,0.2716,1,1,0,0,0,0,none,3,0.0
c6d80eb1d8f8,AD001665,vendor_pin,locality,1,-447.2,3069.3,0.25,0.2241,0.4,1,1,0,0,0,0,locality,3,3631.4
8663546ce6c0,AD001665,locality_centroid,locality,1,-438.3,3208.9,0.25,0.2241,0.4,1,1,0,0,0,0,none,3,3770.0
3f71b8ff8661,AD001665,town_centroid,town,1,-172.75833333333335,-551.7416666666667,0.25,0.2241,0.4,1,1,0,0,0,0,none,3,0.0
43602333782b,AD001666,vendor_pin,locality,1,3317.1,-2000.1,0.2222,0.1786,0.3429,1,1,0,0,0,0,locality,3,3778.5
1cf104c99cf8,AD001666,locality_centroid,locality,1,3188.8,-1960.7,0.2222,0.1786,0.3429,1,1,0,0,0,0,none,3,3644.9
773f7fb0ee5c,AD001666,town_centroid,town,1,-172.75833333333335,-551.7416666666667,0.2222,0.1786,0.3429,1,1,0,0,0,0,none,3,0.0
f551ac76ab7e,AD001667,vendor_pin,locality,1,462.6,1759.8,0.1667,0.1549,0.2955,1,1,0,0,0,0,locality,3,2397.3
d8882089bfe5,AD001667,locality_centroid,locality,1,524.3,1610.0,0.1667,0.1549,0.2955,1,1,0,0,0,0,none,3,2271.3
ec96bd06cb0d,AD001667,town_centroid,town,1,-172.75833333333335,-551.7416666666667,0.1667,0.1549,0.2955,1,1,0,0,0,0,none,3,0.0
344d0da3c050,AD001669,vendor_pin,locality,1,2878.2,-2099.2,0.1667,0.1892,0.4583,0,1,0,0,0,0,locality,2,3333.1
5bda28d396e6,AD001669,town_centroid,town,1,-46.70000000000002,-500.9083333333333,0.1667,0.1892,0.4583,0,1,0,0,0,0,none,2,0.0
809ef1890fcd,AD001671,vendor_pin,locality,1,2513.6,1104.9,0.25,0.1957,0.3729,1,1,0,0,0,0,locality,3,3022.2
866ed700b044,AD001671,locality_centroid,locality,1,2499.2,994.1,0.25,0.1957,0.3729,1,1,0,0,0,0,none,3,2952.4
9c0a7fd6a496,AD001671,town_centroid,town,1,-46.70000000000002,-500.9083333333333,0.25,0.1957,0.3729,1,1,0,0,0,0,none,3,0.0
f9dea2f76c2c,AD001673,vendor_pin,street,1,1239.2,-1812.9,0.3333,0.2647,0.44,1,0,0,0,0,0,street,4,1960.0
2a6900fc38fb,AD001673,locality_centroid,locality,1,1577.4,-2059.5,0.3333,0.2647,0.44,1,0,0,0,0,0,none,4,2285.6
de4ee206f844,AD001673,town_centroid,town,1,856.3249999999999,109.34166666666668,0.3333,0.2647,0.44,1,0,0,0,0,0,none,4,0.0
9b1574be2c65,AD001673,prior_field_cluster,street,1,1064.65,-1739.9,0.3333,0.2647,0.44,1,0,0,0,0,0,none,4,1860.9
66a9836e55c4,AD001674,vendor_pin,street,1,3176.3,-2343.0,0.1667,0.1408,0.2791,1,1,0,0,0,0,street,3,3798.0
e9dbb95fed47,AD001674,locality_centroid,locality,1,3188.8,-1960.7,0.1667,0.1408,0.2791,1,1,0,0,0,0,none,3,3644.9
9f1426e2d481,AD001674,town_centroid,town,1,-172.75833333333335,-551.7416666666667,0.1667,0.1408,0.2791,1,1,0,0,0,0,none,3,0.0
e51d19a86e97,AD001676,vendor_pin,pincode,1,2099.5,-1824.7,0.0,0.037,0.2,0,1,0,0,0,0,pincode,3,2521.6
91fd438c4fd9,AD001676,town_centroid,town,1,-46.70000000000002,-500.9083333333333,0.0,0.037,0.2,0,1,0,0,0,0,none,3,0.0
ea4f894b577d,AD001676,prior_field_cluster,street,1,1095.7,-3411.7,0.0,0.037,0.2,0,1,0,0,0,0,none,3,3126.9
144ec301db48,AD001677,vendor_pin,locality,1,-1360.6,-2891.7,0.2,0.1538,0.3,1,1,0,0,0,0,locality,3,2728.0
ac91b82c032f,AD001677,locality_centroid,locality,1,-1053.3,-3163.0,0.2,0.1538,0.3,1,1,0,0,0,0,none,3,2846.0
694e0d37d4b0,AD001677,town_centroid,town,1,-46.70000000000002,-500.9083333333333,0.2,0.1538,0.3,1,1,0,0,0,0,none,3,0.0
e01e1351d6d9,AD001678,vendor_pin,locality,1,1252.7,55.6,0.0909,0.1194,0.2785,0,1,0,0,0,0,locality,2,400.0
353be637f74c,AD001678,town_centroid,town,1,856.3249999999999,109.34166666666668,0.0909,0.1194,0.2785,0,1,0,0,0,0,none,2,0.0
24fb03f1200f,AD001679,vendor_pin,street,1,-1699.1,-2891.2,0.2,0.1774,0.3095,1,1,0,0,0,0,street,3,3941.2
61ea923e1285,AD001679,locality_centroid,locality,1,-1600.3,-2801.9,0.2,0.1774,0.3095,1,1,0,0,0,0,none,3,3809.2
1fe1054a8baf,AD001679,town_centroid,town,1,856.3249999999999,109.34166666666668,0.2,0.1774,0.3095,1,1,0,0,0,0,none,3,0.0
900050ec356d,AD001680,vendor_pin,street,1,1469.0,-2457.8,0.2857,0.1875,0.3235,1,1,0,0,0,0,street,3,2639.2
49c1a0eb65f2,AD001680,locality_centroid,locality,1,1577.4,-2059.5,0.2857,0.1875,0.3235,1,1,0,0,0,0,none,3,2285.6
52172293a7f9,AD001680,town_centroid,town,1,856.3249999999999,109.34166666666668,0.2857,0.1875,0.3235,1,1,0,0,0,0,none,3,0.0
8302a3c508b8,AD001681,vendor_pin,pincode,1,-1561.9,2327.4,0.0,0.0667,0.1765,0,1,0,0,0,0,pincode,2,3196.7
ab6fc1ac54e9,AD001681,town_centroid,town,1,-172.75833333333335,-551.7416666666667,0.0,0.0667,0.1765,0,1,0,0,0,0,none,2,0.0
0d07acb46812,AD001682,vendor_pin,locality,1,-807.8,-313.4,0.4,0.3667,0.5098,1,1,0,0,0,0,locality,4,1717.0
6d82d44b3893,AD001682,locality_centroid,locality,1,-533.7,-484.7,0.4,0.3667,0.5098,1,1,0,0,0,0,none,4,1511.6
2e29c79285be,AD001682,town_centroid,town,1,856.3249999999999,109.34166666666668,0.4,0.3667,0.5098,1,1,0,0,0,0,none,4,0.0
344596951022,AD001682,prior_field_cluster,street,1,-629.35,-278.35,0.4,0.3667,0.5098,1,1,0,0,0,0,none,4,1535.4
18266f199ce1,AD001683,vendor_pin,locality,1,2627.7,-1154.8,0.2,0.1538,0.2892,1,1,0,0,0,0,locality,4,2176.2
c040cbf0b73a,AD001683,locality_centroid,locality,1,2589.2,-1273.1,0.2,0.1538,0.2892,1,1,0,0,0,0,none,4,2216.8
e3bc7ebfbc3d,AD001683,town_centroid,town,1,856.3249999999999,109.34166666666668,0.2,0.1538,0.2892,1,1,0,0,0,0,none,4,0.0
50603443edd6,AD001683,prior_field_cluster,street,1,2697.55,-1371.5,0.2,0.1538,0.2892,1,1,0,0,0,0,none,4,2362.8
8a4fe9ec96c9,AD001684,vendor_pin,locality,1,1011.4,2568.5,0.1111,0.1698,0.3582,0,1,0,0,0,0,locality,2,2464.0
cc47e9a9544b,AD001684,town_centroid,town,1,856.3249999999999,109.34166666666668,0.1111,0.1698,0.3582,0,1,0,0,0,0,none,2,0.0
46f5e6f51c2c,AD001685,vendor_pin,locality,1,522.1,1655.8,0.2,0.1803,0.3333,1,1,0,0,0,0,locality,3,2314.3
025df8106485,AD001685,locality_centroid,locality,1,524.3,1610.0,0.2,0.1803,0.3333,1,1,0,0,0,0,none,3,2271.3
0b218c9114a2,AD001685,town_centroid,town,1,-172.75833333333335,-551.7416666666667,0.2,0.1803,0.3333,1,1,0,0,0,0,none,3,0.0
f2bea1e32c7b,AD001686,vendor_pin,locality,1,562.4,1636.9,0.2222,0.1864,0.3421,1,1,0,0,0,0,locality,3,2308.8
f88ae3d61096,AD001686,locality_centroid,locality,1,524.3,1610.0,0.2222,0.1864,0.3421,1,1,0,0,0,0,none,3,2271.3
bdb44f757959,AD001686,town_centroid,town,1,-172.75833333333335,-551.7416666666667,0.2222,0.1864,0.3421,1,1,0,0,0,0,none,3,0.0
833445f5ee18,AD001687,vendor_pin,locality,1,-2500.7,1537.0,0.125,0.1636,0.3529,0,1,0,0,0,0,locality,3,3127.6
af3af399c9fe,AD001687,town_centroid,town,1,-172.75833333333335,-551.7416666666667,0.125,0.1636,0.3529,0,1,0,0,0,0,none,3,0.0
7aa20e525f2b,AD001687,prior_field_cluster,street,1,-2741.5,1290.4,0.125,0.1636,0.3529,0,1,0,0,0,0,none,3,3161.0
79e9e89d96b3,AD001689,vendor_pin,street,1,-386.3,-665.3,0.25,0.2115,0.3611,1,0,0,0,0,0,street,4,1464.3
f057cf5434ba,AD001689,locality_centroid,locality,1,-533.7,-484.7,0.25,0.2115,0.3611,1,0,0,0,0,0,none,4,1511.6
5d723447f400,AD001689,town_centroid,town,1,856.3249999999999,109.34166666666668,0.25,0.2115,0.3611,1,0,0,0,0,0,none,4,0.0
864015b795b8,AD001689,prior_field_cluster,street,1,-302.4,-737.9,0.25,0.2115,0.3611,1,0,0,0,0,0,none,4,1435.4
798c1dd8b6ef,AD001690,vendor_pin,locality,1,409.9,-3182.5,0.5,0.4231,0.5532,1,1,0,0,0,0,locality,3,3322.0
4760183dfc8f,AD001690,locality_centroid,locality,1,688.3,-3007.0,0.5,0.4231,0.5532,1,1,0,0,0,0,none,3,3120.9
dcfda60efc4a,AD001690,town_centroid,town,1,856.3249999999999,109.34166666666668,0.5,0.4231,0.5532,1,1,0,0,0,0,none,3,0.0
c54025ac7242,AD001691,vendor_pin,locality,1,1078.1,-3695.4,0.1818,0.1343,0.2619,1,1,0,0,0,0,locality,3,3383.4
677962b19736,AD001691,locality_centroid,locality,1,1155.3,-3613.0,0.1818,0.1343,0.2619,1,1,0,0,0,0,none,3,3336.9
cd0fcd373e63,AD001691,town_centroid,town,1,-172.75833333333335,-551.7416666666667,0.1818,0.1343,0.2619,1,1,0,0,0,0,none,3,0.0
1c9d34698bd2,AD001692,vendor_pin,street,1,-2876.1,1499.9,0.2,0.1818,0.3373,1,1,0,0,0,0,street,4,3393.7
fc85afb90eff,AD001692,locality_centroid,locality,1,-2446.2,1613.2,0.2,0.1818,0.3373,1,1,0,0,0,0,none,4,3139.3
2a8291d35d4e,AD001692,town_centroid,town,1,-172.75833333333335,-551.7416666666667,0.2,0.1818,0.3373,1,1,0,0,0,0,none,4,0.0
457e255a2944,AD001692,prior_field_cluster,street,1,-2868.6,1366.7,0.2,0.1818,0.3373,1,1,0,0,0,0,none,4,3308.8
708c35d85037,AD001693,vendor_pin,locality,1,-554.9,3146.0,0.2222,0.1818,0.3111,1,1,0,0,0,0,locality,3,3348.6
bde823143107,AD001693,locality_centroid,locality,1,-603.5,2996.1,0.2222,0.1818,0.3111,1,1,0,0,0,0,none,3,3234.9
b0db6a2f3000,AD001693,town_centroid,town,1,856.3249999999999,109.34166666666668,0.2222,0.1818,0.3111,1,1,0,0,0,0,none,3,0.0
f8fdc261ebc0,AD001694,vendor_pin,locality,1,1362.1,-1929.8,0.2,0.1286,0.2472,1,1,0,0,0,0,locality,4,2100.9
55a04d4aa10a,AD001694,locality_centroid,locality,1,1577.4,-2059.5,0.2,0.1286,0.2472,1,1,0,0,0,0,none,4,2285.6
0e55c47e570c,AD001694,town_centroid,town,1,856.3249999999999,109.34166666666668,0.2,0.1286,0.2472,1,1,0,0,0,0,none,4,0.0
2928916cbfeb,AD001694,prior_field_cluster,street,1,1769.3,-2217.0,0.2,0.1286,0.2472,1,1,0,0,0,0,none,4,2499.1
de15483df211,AD001695,vendor_pin,locality,1,3037.0,-2259.4,0.6667,0.3704,0.5854,1,0,0,0,0,0,locality,4,3549.9
5f425e196efa,AD001695,locality_centroid,locality,1,2735.1,-2128.6,0.6667,0.3704,0.5854,1,0,0,0,0,0,none,4,3223.0
ecc45b7f9c5b,AD001695,town_centroid,town,1,-46.70000000000002,-500.9083333333333,0.6667,0.3704,0.5854,1,0,0,0,0,0,none,4,0.0
d65364f95930,AD001695,prior_field_cluster,street,1,2381.0,-2118.6,0.6667,0.3704,0.5854,1,0,0,0,0,0,none,4,2917.3
d9bc63a14963,AD001696,vendor_pin,street,1,-2114.1,1913.9,0.2857,0.24,0.4242,1,1,0,0,0,0,street,3,3138.2
8a5d1f902dda,AD001696,locality_centroid,locality,1,-2446.2,1613.2,0.2857,0.24,0.4242,1,1,0,0,0,0,none,3,3139.3
4e7ef3c4141a,AD001696,town_centroid,town,1,-172.75833333333335,-551.7416666666667,0.2857,0.24,0.4242,1,1,0,0,0,0,none,3,0.0
85bab3c82024,AD001697,vendor_pin,street,1,797.5,3348.6,0.2,0.1515,0.2892,1,1,0,0,0,0,street,4,3239.8
4d724c550e17,AD001697,locality_centroid,locality,1,986.3,2772.6,0.2,0.1515,0.2892,1,1,0,0,0,0,none,4,2666.4
c0861b9d1e58,AD001697,town_centroid,town,1,856.3249999999999,109.34166666666668,0.2,0.1515,0.2892,1,1,0,0,0,0,none,4,0.0
df527d0e51a7,AD001697,prior_field_cluster,street,1,846.75,3201.65,0.2,0.1515,0.2892,1,1,0,0,0,0,none,4,3092.3
7835a94fde16,AD001698,vendor_pin,locality,1,1040.2,-270.9,0.0667,0.0761,0.2056,0,1,0,0,0,0,locality,2,1111.0
ace99731f90c,AD001698,town_centroid,town,1,-46.70000000000002,-500.9083333333333,0.0667,0.0761,0.2056,0,1,0,0,0,0,none,2,0.0
6e2920361532,AD001699,vendor_pin,street,1,-1501.8,711.2,0.2222,0.1964,0.3611,1,1,0,0,0,0,street,3,1893.8
376527752723,AD001699,locality_centroid,locality,1,-1205.8,409.2,0.2222,0.1964,0.3611,1,1,0,0,0,0,none,3,1473.7
9c6da0b0bddd,AD001699,town_centroid,town,1,-46.70000000000002,-500.9083333333333,0.2222,0.1964,0.3611,1,1,0,0,0,0,none,3,0.0
23fff68ab1ca,AD001700,vendor_pin,locality,1,2962.6,410.7,0.2222,0.1613,0.3117,1,1,0,0,0,0,locality,4,2127.7
73e3739d7ade,AD001700,locality_centroid,locality,1,3029.6,575.7,0.2222,0.1613,0.3117,1,1,0,0,0,0,none,4,2222.7
7c8b3c6cb877,AD001700,town_centroid,town,1,856.3249999999999,109.34166666666668,0.2222,0.1613,0.3117,1,1,0,0,0,0,none,4,0.0
919b56a1a2bf,AD001700,prior_field_cluster,street,1,2952.45,502.84999999999997,0.2222,0.1613,0.3117,1,1,0,0,0,0,none,4,2132.7
f44c35df9ec1,AD001701,vendor_pin,locality,1,278.1,1637.8,0.1818,0.1618,0.3059,1,1,0,0,0,0,locality,3,2235.5
369d2d5aaf60,AD001701,locality_centroid,locality,1,524.3,1610.0,0.1818,0.1618,0.3059,1,1,0,0,0,0,none,3,2271.3
6ab2d083a5a0,AD001701,town_centroid,town,1,-172.75833333333335,-551.7416666666667,0.1818,0.1618,0.3059,1,1,0,0,0,0,none,3,0.0
552d99d0481a,AD001702,vendor_pin,street,1,2463.6,-2260.8,0.2222,0.1887,0.3478,1,1,0,0,0,0,street,4,3065.8
603ae60b6ab5,AD001702,locality_centroid,locality,1,2735.1,-2128.6,0.2222,0.1887,0.3478,1,1,0,0,0,0,none,4,3223.0
9d97b07174bb,AD001702,town_centroid,town,1,-46.70000000000002,-500.9083333333333,0.2222,0.1887,0.3478,1,1,0,0,0,0,none,4,0.0
0dfee360a8b9,AD001702,prior_field_cluster,street,1,2457.8,-2253.3,0.2222,0.1887,0.3478,1,1,0,0,0,0,none,4,3056.7
e620d48ef955,AD001703,vendor_pin,street,1,-1608.1,-2813.4,0.25,0.2115,0.3514,1,1,0,0,0,0,street,3,3823.1
923017e8005f,AD001703,locality_centroid,locality,1,-1600.3,-2801.9,0.25,0.2115,0.3514,1,1,0,0,0,0,none,3,3809.2
6f611496c14e,AD001703,town_centroid,town,1,856.3249999999999,109.34166666666668,0.25,0.2115,0.3514,1,1,0,0,0,0,none,3,0.0
45b3b5118b53,AD001704,vendor_pin,locality,1,-347.2,-581.3,0.3333,0.3235,0.5,0,1,0,0,0,0,locality,2,1387.6
14222b826851,AD001704,town_centroid,town,1,856.3249999999999,109.34166666666668,0.3333,0.3235,0.5,0,1,0,0,0,0,none,2,0.0
868c64cff2c5,AD001705,vendor_pin,locality,1,-1072.8,-1875.6,0.0833,0.1324,0.2963,0,1,0,0,0,0,locality,2,1600.8
3eb7acdfcb93,AD001705,town_centroid,town,1,-172.75833333333335,-551.7416666666667,0.0833,0.1324,0.2963,0,1,0,0,0,0,none,2,0.0
f4934559225c,AD001706,vendor_pin,locality,1,3240.9,-1906.8,0.2,0.1493,0.2892,1,0,0,0,0,0,locality,4,3672.8
16f5d797d624,AD001706,locality_centroid,locality,1,3188.8,-1960.7,0.2,0.1493,0.2892,1,0,0,0,0,0,none,4,3644.9
70d93bc00441,AD001706,town_centroid,town,1,-172.75833333333335,-551.7416666666667,0.2,0.1493,0.2892,1,0,0,0,0,0,none,4,0.0
883f46a44e8f,AD001706,prior_field_cluster,street,1,3393.9,-2268.9,0.2,0.1493,0.2892,1,0,0,0,0,0,none,4,3958.5
a480e4c0ef39,AD001707,vendor_pin,rooftop,1,-527.8,2561.9,0.2222,0.1935,0.3182,1,1,0,0,0,0,rooftop,3,2816.2
01935c948803,AD001707,locality_centroid,locality,1,-603.5,2996.1,0.2222,0.1935,0.3182,1,1,0,0,0,0,none,3,3234.9
a71357635bd7,AD001707,town_centroid,town,1,856.3249999999999,109.34166666666668,0.2222,0.1935,0.3182,1,1,0,0,0,0,none,3,0.0
675c9e892d48,AD001709,vendor_pin,locality,1,-1292.5,-2969.0,0.25,0.1923,0.3636,1,1,0,0,0,0,locality,3,2764.7
9623dda93ade,AD001709,locality_centroid,locality,1,-1053.3,-3163.0,0.25,0.1923,0.3636,1,1,0,0,0,0,none,3,2846.0
431c0d968681,AD001709,town_centroid,town,1,-46.70000000000002,-500.9083333333333,0.25,0.1923,0.3636,1,1,0,0,0,0,none,3,0.0
391e62a527f2,AD001710,vendor_pin,locality,1,-163.9,1480.6,0.2222,0.1731,0.3143,1,1,0,0,0,0,locality,3,1709.2
ae2a670aeaea,AD001710,locality_centroid,locality,1,-200.6,1476.5,0.2222,0.1731,0.3143,1,1,0,0,0,0,none,3,1728.1
97a063a989a5,AD001710,town_centroid,town,1,856.3249999999999,109.34166666666668,0.2222,0.1731,0.3143,1,1,0,0,0,0,none,3,0.0
70a0572ad73e,AD001711,vendor_pin,locality,1,788.6,-3052.7,0.2,0.1754,0.338,1,1,0,0,0,0,locality,3,2685.0
a4027fa299fa,AD001711,locality_centroid,locality,1,665.2,-3094.2,0.2,0.1754,0.338,1,1,0,0,0,0,none,3,2689.2
2c2f58037092,AD001711,town_centroid,town,1,-46.70000000000002,-500.9083333333333,0.2,0.1754,0.338,1,1,0,0,0,0,none,3,0.0
0fb37e419b12,AD001712,vendor_pin,locality,1,3093.3,509.3,0.1,0.1167,0.2817,0,1,0,0,0,0,locality,3,2272.4
97cfd4d1f353,AD001712,town_centroid,town,1,856.3249999999999,109.34166666666668,0.1,0.1167,0.2817,0,1,0,0,0,0,none,3,0.0
67c1be02c30e,AD001712,prior_field_cluster,street,1,3007.0,767.15,0.1,0.1167,0.2817,0,1,0,0,0,0,none,3,2249.0
8c1786c71e3f,AD001713,vendor_pin,rooftop,1,1727.7,-2056.2,0.2222,0.1698,0.3014,1,1,0,0,0,0,rooftop,4,2334.3
46bcfec313d8,AD001713,locality_centroid,locality,1,1577.4,-2059.5,0.2222,0.1698,0.3014,1,1,0,0,0,0,none,4,2285.6
b386b629b957,AD001713,town_centroid,town,1,856.3249999999999,109.34166666666668,0.2222,0.1698,0.3014,1,1,0,0,0,0,none,4,0.0
d355e4bcae93,AD001713,prior_field_cluster,street,1,1755.85,-2075.4,0.2222,0.1698,0.3014,1,1,0,0,0,0,none,4,2362.7
a39cbe4ddb04,AD001714,vendor_pin,locality,1,2242.7,1695.7,0.25,0.1429,0.2727,1,1,0,0,0,0,locality,3,2106.8
149d3cd043fc,AD001714,locality_centroid,locality,1,2308.9,1849.5,0.25,0.1429,0.2727,1,1,0,0,0,0,none,3,2266.7
720f6175f273,AD001714,town_centroid,town,1,856.3249999999999,109.34166666666668,0.25,0.1429,0.2727,1,1,0,0,0,0,none,3,0.0
b4de38154ad4,AD001715,vendor_pin,pincode,1,-1819.7,-1206.5,0.0,0.0408,0.2545,0,1,0,0,0,0,pincode,3,1772.3
a1377a226820,AD001715,town_centroid,town,1,-172.75833333333335,-551.7416666666667,0.0,0.0408,0.2545,0,1,0,0,0,0,none,3,0.0
8f6fc131453a,AD001715,prior_field_cluster,street,1,-329.6,-3397.3999999999996,0.0,0.0408,0.2545,0,1,0,0,0,0,none,3,2850.0
d71335f64c9f,AD001716,vendor_pin,locality,1,1704.3,-1882.9,0.2,0.1552,0.2895,0,1,0,0,0,0,locality,2,2165.2
92b86154d5fd,AD001716,town_centroid,town,1,856.3249999999999,109.34166666666668,0.2,0.1552,0.2895,0,1,0,0,0,0,none,2,0.0
abc9a7895597,AD001717,vendor_pin,locality,1,2307.3,1737.2,0.2222,0.1129,0.2222,1,1,0,0,0,0,locality,3,2180.7
182f1057ed79,AD001717,locality_centroid,locality,1,2308.9,1849.5,0.2222,0.1129,0.2222,1,1,0,0,0,0,none,3,2266.7
50c2cae31ac0,AD001717,town_centroid,town,1,856.3249999999999,109.34166666666668,0.2222,0.1129,0.2222,1,1,0,0,0,0,none,3,0.0
cc764996f218,AD001718,vendor_pin,locality,1,-399.1,3022.3,0.1538,0.1667,0.3125,1,1,0,0,0,0,locality,3,3581.2
e72f988f1d72,AD001718,locality_centroid,locality,1,-438.3,3208.9,0.1538,0.1667,0.3125,1,1,0,0,0,0,none,3,3770.0
7eb09ecc12fa,AD001718,town_centroid,town,1,-172.75833333333335,-551.7416666666667,0.1538,0.1667,0.3125,1,1,0,0,0,0,none,3,0.0
923ea1d60ecf,AD001719,vendor_pin,locality,1,-646.0,3305.4,0.2857,0.2549,0.4412,1,1,0,0,0,0,locality,3,3886.1
c8666973eda9,AD001719,locality_centroid,locality,1,-438.3,3208.9,0.2857,0.2549,0.4412,1,1,0,0,0,0,none,3,3770.0
0f1aae0312e4,AD001719,town_centroid,town,1,-172.75833333333335,-551.7416666666667,0.2857,0.2549,0.4412,1,1,0,0,0,0,none,3,0.0
026c57b1a79a,AD001720,vendor_pin,locality,1,1080.8,-133.9,0.0909,0.1111,0.2989,0,1,0,0,0,0,locality,2,331.0
6512af70ae63,AD001720,town_centroid,town,1,856.3249999999999,109.34166666666668,0.0909,0.1111,0.2989,0,1,0,0,0,0,none,2,0.0
faaac841ce76,AD001721,vendor_pin,locality,1,695.1,-3199.6,0.1,0.1429,0.3188,0,1,0,0,0,0,locality,2,2798.8
bcff2527e52f,AD001721,town_centroid,town,1,-46.70000000000002,-500.9083333333333,0.1,0.1429,0.3188,0,1,0,0,0,0,none,2,0.0
67fda15b4522,AD001722,vendor_pin,pincode,1,-1834.6,2566.3,0.0,0.087,0.2222,0,1,0,0,0,0,pincode,3,3533.3
e23b3b551932,AD001722,town_centroid,town,1,-172.75833333333335,-551.7416666666667,0.0,0.087,0.2222,0,1,0,0,0,0,none,3,0.0
f59a98e52ee9,AD001722,prior_field_cluster,street,1,-2228.85,1282.35,0.0,0.087,0.2222,0,1,0,0,0,0,none,3,2755.3
710779ec5779,AD001723,vendor_pin,street,1,820.1,-1302.0,0.1667,0.1733,0.3261,1,1,0,0,0,0,street,3,1244.4
4e39f1cdc64f,AD001723,locality_centroid,locality,1,929.4,-822.2,0.1667,0.1733,0.3261,1,1,0,0,0,0,none,3,1134.9
50a12c1fde8a,AD001723,town_centroid,town,1,-172.75833333333335,-551.7416666666667,0.1667,0.1733,0.3261,1,1,0,0,0,0,none,3,0.0
b2a6260014dd,AD001724,vendor_pin,locality,1,1991.6,-1060.8,0.2,0.3714,0.6415,0,1,0,0,0,0,locality,2,2113.8
8d33b08c1c58,AD001724,town_centroid,town,1,-46.70000000000002,-500.9083333333333,0.2,0.3714,0.6415,0,1,0,0,0,0,none,2,0.0
6c6afe29ca3d,AD001725,vendor_pin,pincode,1,1479.6,-1887.6,0.0,0.0159,0.2029,0,1,0,0,0,0,pincode,2,2062.2
b6a4cfa7b6e5,AD001725,town_centroid,town,1,-46.70000000000002,-500.9083333333333,0.0,0.0159,0.2029,0,1,0,0,0,0,none,2,0.0
19dce4636965,AD001726,vendor_pin,street,1,2871.6,891.7,0.3333,0.2632,0.4528,1,1,0,0,0,0,street,4,2161.8
ba45e1f50d50,AD001726,locality_centroid,locality,1,3029.6,575.7,0.3333,0.2632,0.4528,1,1,0,0,0,0,none,4,2222.7
1e8b292def70,AD001726,town_centroid,town,1,856.3249999999999,109.34166666666668,0.3333,0.2632,0.4528,1,1,0,0,0,0,none,4,0.0
d6d859511c82,AD001726,prior_field_cluster,street,1,2924.5,877.05,0.3333,0.2632,0.4528,1,1,0,0,0,0,none,4,2206.1
17cb660ec183,AD001727,vendor_pin,pincode,1,956.8,1887.2,0.0,0.0385,0.2759,0,1,0,0,0,0,pincode,2,2590.4
5600a9f0e77d,AD001727,town_centroid,town,1,-46.70000000000002,-500.9083333333333,0.0,0.0385,0.2759,0,1,0,0,0,0,none,2,0.0
f42b91679390,AD001729,vendor_pin,street,1,-1376.9,-1789.2,0.2,0.1739,0.3218,1,1,0,0,0,0,street,3,1726.6
6a2641a8e4b6,AD001729,locality_centroid,locality,1,-1112.2,-1888.2,0.2,0.1739,0.3218,1,1,0,0,0,0,none,3,1633.6
7db777ff7e14,AD001729,town_centroid,town,1,-172.75833333333335,-551.7416666666667,0.2,0.1739,0.3218,1,1,0,0,0,0,none,3,0.0
8ba8fd3df5f9,AD001730,vendor_pin,locality,1,-3044.6,1147.2,0.125,0.2083,0.4194,0,1,0,0,0,0,locality,2,3421.1
e1e983029ce0,AD001730,town_centroid,town,1,-46.70000000000002,-500.9083333333333,0.125,0.2083,0.4194,0,1,0,0,0,0,none,2,0.0
da48024faca4,AD001731,vendor_pin,street,1,1298.0,-1889.1,0.2,0.1607,0.2973,1,1,0,0,0,0,street,4,2046.7
c3c00e9f1060,AD001731,locality_centroid,locality,1,1577.4,-2059.5,0.2,0.1607,0.2973,1,1,0,0,0,0,none,4,2285.6
e8638806371a,AD001731,town_centroid,town,1,856.3249999999999,109.34166666666668,0.2,0.1607,0.2973,1,1,0,0,0,0,none,4,0.0
64d18ae371a3,AD001731,prior_field_cluster,street,1,1309.5,-1999.3999999999999,0.2,0.1607,0.2973,1,1,0,0,0,0,none,4,2156.9
41f10805495a,AD001732,vendor_pin,street,1,-1944.5,-2637.2,0.1333,0.1158,0.2301,1,1,0,0,0,0,street,3,2857.5
b926ccfa11f0,AD001732,locality_centroid,locality,1,-2195.4,-2378.6,0.1333,0.1158,0.2301,1,1,0,0,0,0,none,3,2853.5
9083273b0650,AD001732,town_centroid,town,1,-46.70000000000002,-500.9083333333333,0.1333,0.1158,0.2301,1,1,0,0,0,0,none,3,0.0
b63f80aaf9f7,AD001733,vendor_pin,locality,1,-1594.3,-2889.4,0.25,0.1897,0.321,1,1,0,0,0,0,locality,3,3872.7
312309746266,AD001733,locality_centroid,locality,1,-1600.3,-2801.9,0.25,0.1897,0.321,1,1,0,0,0,0,none,3,3809.2
18c956c42037,AD001733,town_centroid,town,1,856.3249999999999,109.34166666666668,0.25,0.1897,0.321,1,1,0,0,0,0,none,3,0.0
90bfe478b263,AD001734,vendor_pin,locality,1,-2515.6,1500.5,0.2,0.1791,0.3373,1,0,0,0,0,0,locality,4,3114.6
201891ee841b,AD001734,locality_centroid,locality,1,-2446.2,1613.2,0.2,0.1791,0.3373,1,0,0,0,0,0,none,4,3139.3
2a42d9f845d2,AD001734,town_centroid,town,1,-172.75833333333335,-551.7416666666667,0.2,0.1791,0.3373,1,0,0,0,0,0,none,4,0.0
b171252feef1,AD001734,prior_field_cluster,street,1,-274.5,357.25,0.2,0.1791,0.3373,1,0,0,0,0,0,none,4,914.7
ea8e82eda175,AD001735,vendor_pin,locality,1,-2843.2,1009.0,0.2222,0.1967,0.3636,1,1,0,0,0,0,locality,3,3178.1
51043a2f9705,AD001735,locality_centroid,locality,1,-2863.9,1096.5,0.2222,0.1967,0.3636,1,1,0,0,0,0,none,3,3238.6
b029d89f73b7,AD001735,town_centroid,town,1,-46.70000000000002,-500.9083333333333,0.2222,0.1967,0.3636,1,1,0,0,0,0,none,3,0.0
89df8290e06f,AD001736,vendor_pin,locality,1,-568.3,-1403.8,0.2,0.1746,0.325,1,1,0,0,0,0,locality,3,1042.7
8b672526ea80,AD001736,locality_centroid,locality,1,-598.6,-1329.8,0.2,0.1746,0.325,1,1,0,0,0,0,none,3,995.8
dec8cbfd4498,AD001736,town_centroid,town,1,-46.70000000000002,-500.9083333333333,0.2,0.1746,0.325,1,1,0,0,0,0,none,3,0.0
72035be8ef18,AD001738,vendor_pin,locality,1,-678.3,-1195.8,0.2,0.1864,0.3514,1,1,0,0,0,0,locality,4,939.0
0cb82d48e68a,AD001738,locality_centroid,locality,1,-598.6,-1329.8,0.2,0.1864,0.3514,1,1,0,0,0,0,none,4,995.8
4e334793fe14,AD001738,town_centroid,town,1,-46.70000000000002,-500.9083333333333,0.2,0.1864,0.3514,1,1,0,0,0,0,none,4,0.0
e1a8e418622e,AD001738,prior_field_cluster,street,1,-842.4,-1396.85,0.2,0.1864,0.3514,1,1,0,0,0,0,none,4,1198.3
1a3866253f20,AD001739,vendor_pin,pincode,1,143.6,-32.7,0.0,0.0,0.1887,0,0,0,0,0,0,pincode,2,505.4
526dcaf16afd,AD001739,town_centroid,town,1,-46.70000000000002,-500.9083333333333,0.0,0.0,0.1887,0,0,0,0,0,0,none,2,0.0
d17436636c6a,AD001740,vendor_pin,locality,1,347.8,2476.6,0.2,0.2295,0.4096,1,1,0,0,0,0,locality,3,3003.5
baa0d97ef5de,AD001740,locality_centroid,locality,1,290.7,2335.2,0.2,0.2295,0.4096,1,1,0,0,0,0,none,3,2856.1
0ae8b4fb31a0,AD001740,town_centroid,town,1,-46.70000000000002,-500.9083333333333,0.2,0.2295,0.4096,1,1,0,0,0,0,none,3,0.0
bd261b6bb314,AD001741,vendor_pin,locality,1,1628.8,-2015.0,0.2222,0.1525,0.275,1,1,1,0,0,0,locality,4,2260.4
c76ce33773b7,AD001741,locality_centroid,locality,1,1577.4,-2059.5,0.2222,0.1525,0.275,1,1,1,0,0,0,none,4,2285.6
7a860d52b34a,AD001741,town_centroid,town,1,856.3249999999999,109.34166666666668,0.2222,0.1525,0.275,1,1,1,0,0,0,none,4,0.0
9e8d709c15c9,AD001741,prior_field_cluster,street,1,1559.9,-1871.0,0.2222,0.1525,0.275,1,1,1,0,0,0,none,4,2101.6
cff610d4d01e,AD001742,vendor_pin,locality,1,-1115.5,-3121.6,0.2,0.1613,0.3117,1,1,0,0,0,0,locality,4,2830.3
6267b5c27d76,AD001742,locality_centroid,locality,1,-1053.3,-3163.0,0.2,0.1613,0.3117,1,1,0,0,0,0,none,4,2846.0
952c99dda7cd,AD001742,town_centroid,town,1,-46.70000000000002,-500.9083333333333,0.2,0.1613,0.3117,1,1,0,0,0,0,none,4,0.0
51cc0ec66e1b,AD001742,prior_field_cluster,street,1,-1445.8,-3096.5,0.2,0.1613,0.3117,1,1,0,0,0,0,none,4,2948.7
ddc3f1f0f743,AD001743,vendor_pin,locality,1,877.3,2779.7,0.2222,0.1724,0.3243,1,0,0,0,0,0,locality,4,2670.4
0f2ad90e3638,AD001743,locality_centroid,locality,1,986.3,2772.6,0.2222,0.1724,0.3243,1,0,0,0,0,0,none,4,2666.4
db2027d304cb,AD001743,town_centroid,town,1,856.3249999999999,109.34166666666668,0.2222,0.1724,0.3243,1,0,0,0,0,0,none,4,0.0
5cb7f8f8e0b5,AD001743,prior_field_cluster,street,1,1258.85,2792.55,0.2222,0.1724,0.3243,1,0,0,0,0,0,none,4,2713.2
5b07bb3ffd8f,AD001744,vendor_pin,locality,1,-2461.0,1435.1,0.2222,0.1791,0.3373,1,0,0,0,1,0,locality,3,3030.4
7711f93c3ce7,AD001744,locality_centroid,locality,1,-2446.2,1613.2,0.2222,0.1791,0.3373,1,0,0,0,1,0,none,3,3139.3
37311a027538,AD001744,town_centroid,town,1,-172.75833333333335,-551.7416666666667,0.2222,0.1791,0.3373,1,0,0,0,1,0,none,3,0.0
6b39ba253a51,AD001745,vendor_pin,street,1,-569.5,-3510.2,0.25,0.2222,0.4,1,1,0,0,0,0,street,3,2984.9
f7be9f066d1d,AD001745,locality_centroid,locality,1,-433.5,-3467.4,0.25,0.2222,0.4,1,1,0,0,0,0,none,3,2927.3
09e7be0df618,AD001745,town_centroid,town,1,-172.75833333333335,-551.7416666666667,0.25,0.2222,0.4,1,1,0,0,0,0,none,3,0.0
568c9be5091a,AD001746,vendor_pin,locality,1,2746.7,-2057.3,0.1667,0.137,0.2697,1,1,0,0,0,0,locality,4,3197.7
9d475de71bb4,AD001746,locality_centroid,locality,1,2735.1,-2128.6,0.1667,0.137,0.2697,1,1,0,0,0,0,none,4,3223.0
8a9a31bd6fa7,AD001746,town_centroid,town,1,-46.70000000000002,-500.9083333333333,0.1667,0.137,0.2697,1,1,0,0,0,0,none,4,0.0
bc0018828ff5,AD001746,prior_field_cluster,street,1,3025.4,-2191.6,0.1667,0.137,0.2697,1,1,0,0,0,0,none,4,3506.6
d1b67296b632,AD001747,vendor_pin,rooftop,1,-917.2,-1650.1,0.2,0.1765,0.3333,1,1,0,0,0,0,rooftop,3,1326.9
45e23bfa338d,AD001747,locality_centroid,locality,1,-1112.2,-1888.2,0.2,0.1765,0.3333,1,1,0,0,0,0,none,3,1633.6
8c7cd8b88388,AD001747,town_centroid,town,1,-172.75833333333335,-551.7416666666667,0.2,0.1765,0.3333,1,1,0,0,0,0,none,3,0.0
80c3762e3ffe,AD001748,vendor_pin,locality,1,3680.7,474.9,0.1538,0.175,0.3265,1,1,0,0,0,0,locality,4,3987.9
d8351ec0548b,AD001748,locality_centroid,locality,1,3653.7,367.3,0.1538,0.175,0.3265,1,1,0,0,0,0,none,4,3935.3
1eafaccca1c0,AD001748,town_centroid,town,1,-172.75833333333335,-551.7416666666667,0.1538,0.175,0.3265,1,1,0,0,0,0,none,4,0.0
2fbefa68c1f0,AD001748,prior_field_cluster,street,1,3929.8,140.64999999999998,0.1538,0.175,0.3265,1,1,0,0,0,0,none,4,4160.6
6e1b6030aba5,AD001749,vendor_pin,pincode,1,2981.5,816.1,0.0,0.0714,0.1875,0,1,0,0,0,0,pincode,2,3438.1
8f1fe3f87ad7,AD001749,town_centroid,town,1,-172.75833333333335,-551.7416666666667,0.0,0.0714,0.1875,0,1,0,0,0,0,none,2,0.0
06946adf809b,AD001750,vendor_pin,locality,1,922.4,1323.5,0.25,0.2083,0.3582,1,1,0,0,0,0,locality,3,1216.0
a2fd21a3634a,AD001750,locality_centroid,locality,1,987.4,1270.5,0.25,0.2083,0.3582,1,1,0,0,0,0,none,3,1168.5
0e2385baf306,AD001750,town_centroid,town,1,856.3249999999999,109.34166666666668,0.25,0.2083,0.3582,1,1,0,0,0,0,none,3,0.0
8faee063175e,AD001751,vendor_pin,street,1,-249.7,-957.3,0.0909,0.0758,0.24,0,1,0,0,0,0,street,2,412.8
4142dc2b8b75,AD001751,town_centroid,town,1,-172.75833333333335,-551.7416666666667,0.0909,0.0758,0.24,0,1,0,0,0,0,none,2,0.0
8270e3dea9d5,AD001752,vendor_pin,locality,1,1326.9,-2359.5,0.25,0.1525,0.2785,1,1,0,0,0,0,locality,4,2513.3
26ca09df42ca,AD001752,locality_centroid,locality,1,1577.4,-2059.5,0.25,0.1525,0.2785,1,1,0,0,0,0,none,4,2285.6
5458c8789d21,AD001752,town_centroid,town,1,856.3249999999999,109.34166666666668,0.25,0.1525,0.2785,1,1,0,0,0,0,none,4,0.0
2ad51d33aade,AD001752,prior_field_cluster,street,1,1463.35,-2274.85,0.25,0.1525,0.2785,1,1,0,0,0,0,none,4,2460.3
b765c46efd53,AD001753,vendor_pin,street,1,997.1,-2850.9,0.1667,0.1408,0.2759,1,1,0,0,0,0,street,4,2571.4
ea5094c1a784,AD001753,locality_centroid,locality,1,665.2,-3094.2,0.1667,0.1408,0.2759,1,1,0,0,0,0,none,4,2689.2
eb29510abab5,AD001753,town_centroid,town,1,-46.70000000000002,-500.9083333333333,0.1667,0.1408,0.2759,1,1,0,0,0,0,none,4,0.0
0fe0337557d5,AD001753,prior_field_cluster,street,1,919.5,-2892.2,0.1667,0.1408,0.2759,1,1,0,0,0,0,none,4,2579.1
62f09825e832,AD001754,vendor_pin,street,1,-2443.8,-42.8,0.25,0.2,0.3617,1,1,0,0,0,0,street,4,2327.4
57464572a54c,AD001754,locality_centroid,locality,1,-2605.6,-262.1,0.25,0.2,0.3617,1,1,0,0,0,0,none,4,2450.0
56e9102e51a6,AD001754,town_centroid,town,1,-172.75833333333335,-551.7416666666667,0.25,0.2,0.3617,1,1,0,0,0,0,none,4,0.0
d6a2467f0361,AD001754,prior_field_cluster,street,1,-2366.4,-98.25,0.25,0.2,0.3617,1,1,0,0,0,0,none,4,2240.0
6ae50214b992,AD001755,vendor_pin,pincode,1,1494.1,-1370.7,0.0,0.0625,0.1944,0,1,0,0,0,0,pincode,3,1857.2
c3975ff97913,AD001755,town_centroid,town,1,-172.75833333333335,-551.7416666666667,0.0,0.0625,0.1944,0,1,0,0,0,0,none,3,0.0
3fb1d477f352,AD001755,prior_field_cluster,street,1,588.5,-868.1500000000001,0.0,0.0625,0.1944,0,1,0,0,0,0,none,3,824.4
375c534a7d77,AD001756,vendor_pin,locality,1,-1125.1,-1812.3,0.2,0.1765,0.3333,1,1,0,0,0,0,locality,3,1579.9
3da67630375c,AD001756,locality_centroid,locality,1,-1112.2,-1888.2,0.2,0.1765,0.3333,1,1,0,0,0,0,none,3,1633.6
533dc3d711f2,AD001756,town_centroid,town,1,-172.75833333333335,-551.7416666666667,0.2,0.1765,0.3333,1,1,0,0,0,0,none,3,0.0
a61630a58c1d,AD001757,vendor_pin,locality,1,-2329.3,-2495.7,0.2222,0.2115,0.3881,1,1,0,0,0,0,locality,3,3031.4
84337c70d877,AD001757,locality_centroid,locality,1,-2195.4,-2378.6,0.2222,0.2115,0.3881,1,1,0,0,0,0,none,3,2853.5
1648d3d60764,AD001757,town_centroid,town,1,-46.70000000000002,-500.9083333333333,0.2222,0.2115,0.3881,1,1,0,0,0,0,none,3,0.0
e9790c70dd3e,AD001758,vendor_pin,rooftop,1,-365.2,-1648.2,0.1667,0.141,0.2766,1,1,0,0,0,0,rooftop,3,1190.7
07e2b6d1c676,AD001758,locality_centroid,locality,1,-598.6,-1329.8,0.1667,0.141,0.2766,1,1,0,0,0,0,none,3,995.8
75d570143ecb,AD001758,town_centroid,town,1,-46.70000000000002,-500.9083333333333,0.1667,0.141,0.2766,1,1,0,0,0,0,none,3,0.0
3b4bff50587a,AD001759,vendor_pin,locality,1,-2781.8,1013.7,0.1667,0.15,0.2887,1,1,0,0,0,0,locality,3,3126.5
ba1ce03bcc8f,AD001759,locality_centroid,locality,1,-2863.9,1096.5,0.1667,0.15,0.2887,1,1,0,0,0,0,none,3,3238.6
30d3590c9aa7,AD001759,town_centroid,town,1,-46.70000000000002,-500.9083333333333,0.1667,0.15,0.2887,1,1,0,0,0,0,none,3,0.0
874fe121fdc4,AD001760,vendor_pin,locality,1,2931.8,-2140.4,0.1429,0.1299,0.2581,1,1,0,0,0,0,locality,4,3399.9
542db4ac61f4,AD001760,locality_centroid,locality,1,2735.1,-2128.6,0.1429,0.1299,0.2581,1,1,0,0,0,0,none,4,3223.0
64cae75451ec,AD001760,town_centroid,town,1,-46.70000000000002,-500.9083333333333,0.1429,0.1299,0.2581,1,1,0,0,0,0,none,4,0.0
c8aa1e04bd0e,AD001760,prior_field_cluster,street,1,3181.05,-2443.6499999999996,0.1429,0.1299,0.2581,1,1,0,0,0,0,none,4,3767.3
b70c93a074a1,AD001761,vendor_pin,locality,1,-1598.9,-2687.2,0.3333,0.2683,0.4062,1,1,0,0,0,0,locality,4,3721.4
ab7fdac49996,AD001761,locality_centroid,locality,1,-1600.3,-2801.9,0.3333,0.2683,0.4062,1,1,0,0,0,0,none,4,3809.2
9664f8e4c36b,AD001761,town_centroid,town,1,856.3249999999999,109.34166666666668,0.3333,0.2683,0.4062,1,1,0,0,0,0,none,4,0.0
eef2178f1789,AD001761,prior_field_cluster,street,1,-1760.5,-2638.7,0.3333,0.2683,0.4062,1,1,0,0,0,0,none,4,3794.7
a4ddba90ae9d,AD001763,vendor_pin,locality,1,-2758.9,-293.5,0.25,0.2113,0.3736,1,1,0,0,0,0,locality,3,2599.0
f5e025fb633f,AD001763,locality_centroid,locality,1,-2605.6,-262.1,0.25,0.2113,0.3736,1,1,0,0,0,0,none,3,2450.0
94fcd9d93abb,AD001763,town_centroid,town,1,-172.75833333333335,-551.7416666666667,0.25,0.2113,0.3736,1,1,0,0,0,0,none,3,0.0
55604403dc87,AD001764,vendor_pin,locality,1,-3014.2,1200.2,0.1667,0.1667,0.3146,1,1,0,0,0,0,locality,3,3420.5
b0680796a5d9,AD001764,locality_centroid,locality,1,-2863.9,1096.5,0.1667,0.1667,0.3146,1,1,0,0,0,0,none,3,3238.6
adaa597497fd,AD001764,town_centroid,town,1,-46.70000000000002,-500.9083333333333,0.1667,0.1667,0.3146,1,1,0,0,0,0,none,3,0.0
52f0509ad77f,AD001765,vendor_pin,locality,1,2346.8,-1164.4,0.2857,0.2326,0.4138,1,1,0,0,0,0,locality,4,1960.6
ed6c2eeebbc8,AD001765,locality_centroid,locality,1,2589.2,-1273.1,0.2857,0.2326,0.4138,1,1,0,0,0,0,none,4,2216.8
7206a527f10d,AD001765,town_centroid,town,1,856.3249999999999,109.34166666666668,0.2857,0.2326,0.4138,1,1,0,0,0,0,none,4,0.0
d1ffbf75af23,AD001765,prior_field_cluster,street,1,2260.2,-1098.7,0.2857,0.2326,0.4138,1,1,0,0,0,0,none,4,1852.1
fd439f68084b,AD001766,vendor_pin,locality,1,3282.7,-1997.2,0.1818,0.1299,0.2609,1,1,0,0,0,0,locality,3,3745.6
77fda417f337,AD001766,locality_centroid,locality,1,3188.8,-1960.7,0.1818,0.1299,0.2609,1,1,0,0,0,0,none,3,3644.9
a832a29770d8,AD001766,town_centroid,town,1,-172.75833333333335,-551.7416666666667,0.1818,0.1299,0.2609,1,1,0,0,0,0,none,3,0.0
d5edb9c90e0a,AD001767,vendor_pin,locality,1,798.4,2563.0,0.2,0.1515,0.2927,1,1,0,0,0,0,locality,4,2454.3
d467b98694d6,AD001767,locality_centroid,locality,1,986.3,2772.6,0.2,0.1515,0.2927,1,1,0,0,0,0,none,4,2666.4
47ad53457cc0,AD001767,town_centroid,town,1,856.3249999999999,109.34166666666668,0.2,0.1515,0.2927,1,1,0,0,0,0,none,4,0.0
5859e4d13ef2,AD001767,prior_field_cluster,street,1,817.5,2511.6,0.2,0.1515,0.2927,1,1,0,0,0,0,none,4,2402.6
b1ed74866aa3,AD001768,vendor_pin,locality,1,959.3,2985.1,0.2222,0.1493,0.2927,1,1,0,0,0,0,locality,3,2877.6
95f594e2c793,AD001768,locality_centroid,locality,1,986.3,2772.6,0.2222,0.1493,0.2927,1,1,0,0,0,0,none,3,2666.4
4f72ff6c8e89,AD001768,town_centroid,town,1,856.3249999999999,109.34166666666668,0.2222,0.1493,0.2927,1,1,0,0,0,0,none,3,0.0
2e085ece1cfa,AD001769,vendor_pin,locality,1,971.4,3.1,0.0909,0.1096,0.2759,0,1,0,0,0,0,locality,2,156.6
2e797d6b418e,AD001769,town_centroid,town,1,856.3249999999999,109.34166666666668,0.0909,0.1096,0.2759,0,1,0,0,0,0,none,2,0.0
483a0fd60fd4,AD001770,vendor_pin,locality,1,2900.1,-2153.7,0.1429,0.1667,0.4151,0,1,0,0,0,0,locality,3,3378.7
829d8ad0fdce,AD001770,town_centroid,town,1,-46.70000000000002,-500.9083333333333,0.1429,0.1667,0.4151,0,1,0,0,0,0,none,3,0.0
d98a71878b8e,AD001770,prior_field_cluster,street,1,2503.2,-2350.1,0.1429,0.1667,0.4151,0,1,0,0,0,0,none,3,3149.8
424cdff3e881,AD001771,vendor_pin,locality,1,1163.0,-187.9,0.2222,0.1774,0.3291,1,1,0,0,0,0,locality,3,427.1
85f17fb254d1,AD001771,locality_centroid,locality,1,1046.9,-2.6,0.2222,0.1774,0.3291,1,1,0,0,0,0,none,3,221.0
8382822a79fe,AD001771,town_centroid,town,1,856.3249999999999,109.34166666666668,0.2222,0.1774,0.3291,1,1,0,0,0,0,none,3,0.0
cb2a6a907ee3,AD001772,vendor_pin,locality,1,2718.1,-2321.7,0.125,0.1458,0.3051,0,1,0,0,0,0,locality,2,3310.5
0714f1198dab,AD001772,town_centroid,town,1,-46.70000000000002,-500.9083333333333,0.125,0.1458,0.3051,0,1,0,0,0,0,none,2,0.0
7b2c640ab571,AD001773,vendor_pin,street,1,1836.4,-1215.6,0.1333,0.1667,0.2951,1,1,0,0,0,0,street,3,2014.2
20b29f34a360,AD001773,locality_centroid,locality,1,1939.0,-996.1,0.1333,0.1667,0.2951,1,1,0,0,0,0,none,3,2046.5
7a101920f9db,AD001773,town_centroid,town,1,-46.70000000000002,-500.9083333333333,0.1333,0.1667,0.2951,1,1,0,0,0,0,none,3,0.0
e1b8722e5c26,AD001774,vendor_pin,street,1,-2341.0,1181.0,0.125,0.1188,0.2353,1,1,0,0,0,0,street,3,2775.5
a86a68ae4b64,AD001774,locality_centroid,locality,1,-2446.2,1613.2,0.125,0.1188,0.2353,1,1,0,0,0,0,none,3,3139.3
91770641021f,AD001774,town_centroid,town,1,-172.75833333333335,-551.7416666666667,0.125,0.1188,0.2353,1,1,0,0,0,0,none,3,0.0
ab755f61a1f7,AD001775,vendor_pin,locality,1,2636.2,-2249.2,0.0714,0.0972,0.2118,0,1,0,0,0,0,locality,3,3202.3
72cd09d7e0de,AD001775,town_centroid,town,1,-46.70000000000002,-500.9083333333333,0.0714,0.0972,0.2118,0,1,0,0,0,0,none,3,0.0
8821cd81b5a4,AD001775,prior_field_cluster,street,1,2905.0,-2381.2,0.0714,0.0972,0.2118,0,1,0,0,0,0,none,3,3499.7
7cfad27f1e22,AD001776,vendor_pin,locality,1,-3551.1,-926.1,0.2308,0.1923,0.3505,1,1,0,0,0,0,locality,4,3399.0
d74953d942d5,AD001776,locality_centroid,locality,1,-3766.2,-883.9,0.2308,0.1923,0.3505,1,1,0,0,0,0,none,4,3608.8
a3216a612696,AD001776,town_centroid,town,1,-172.75833333333335,-551.7416666666667,0.2308,0.1923,0.3505,1,1,0,0,0,0,none,4,0.0
8bcfa731707e,AD001776,prior_field_cluster,street,1,-2533.0,-18.3,0.2308,0.1923,0.3505,1,1,0,0,0,0,none,4,2419.8
580bd90845e0,AD001777,vendor_pin,locality,1,-1622.5,-2725.0,0.4,0.3056,0.4483,1,1,0,0,0,0,locality,3,3765.4
c6c599f3e4cc,AD001777,locality_centroid,locality,1,-1600.3,-2801.9,0.4,0.3056,0.4483,1,1,0,0,0,0,none,3,3809.2
57136d1b214a,AD001777,town_centroid,town,1,856.3249999999999,109.34166666666668,0.4,0.3056,0.4483,1,1,0,0,0,0,none,3,0.0
6d94a3db43e1,AD001778,vendor_pin,locality,1,-333.6,-3560.4,0.25,0.2143,0.3889,1,1,0,0,0,0,locality,3,3013.0
02e1b5f0ab8c,AD001778,locality_centroid,locality,1,-433.5,-3467.4,0.25,0.2143,0.3889,1,1,0,0,0,0,none,3,2927.3
cdf2011961e3,AD001778,town_centroid,town,1,-172.75833333333335,-551.7416666666667,0.25,0.2143,0.3889,1,1,0,0,0,0,none,3,0.0
58fa9856310d,AD001779,vendor_pin,locality,1,3206.8,-1832.2,0.2857,0.2083,0.3871,1,1,0,0,0,0,locality,4,3614.0
9765c21611f7,AD001779,locality_centroid,locality,1,3188.8,-1960.7,0.2857,0.2083,0.3871,1,1,0,0,0,0,none,4,3644.9
36ed228a8f0c,AD001779,town_centroid,town,1,-172.75833333333335,-551.7416666666667,0.2857,0.2083,0.3871,1,1,0,0,0,0,none,4,0.0
ec64e1d7bfd2,AD001779,prior_field_cluster,street,1,3071.7,-1817.0,0.2857,0.2083,0.3871,1,1,0,0,0,0,none,4,3482.4
4e1ee4569b4d,AD001780,vendor_pin,locality,1,-3883.8,-946.9,0.2727,0.1852,0.34,1,1,0,0,0,0,locality,3,3732.0
3b3a725c9910,AD001780,locality_centroid,locality,1,-3766.2,-883.9,0.2727,0.1852,0.34,1,1,0,0,0,0,none,3,3608.8
188b96493232,AD001780,town_centroid,town,1,-172.75833333333335,-551.7416666666667,0.2727,0.1852,0.34,1,1,0,0,0,0,none,3,0.0
67e80f69dc92,AD001781,vendor_pin,locality,1,-465.7,-3667.9,0.1667,0.1412,0.2745,1,1,0,0,0,0,locality,3,3129.9
f793228e9291,AD001781,locality_centroid,locality,1,-433.5,-3467.4,0.1667,0.1412,0.2745,1,1,0,0,0,0,none,3,2927.3
fd4925ae70c6,AD001781,town_centroid,town,1,-172.75833333333335,-551.7416666666667,0.1667,0.1412,0.2745,1,1,0,0,0,0,none,3,0.0
5173b6300d95,AD001782,vendor_pin,street,1,1144.6,-2628.3,0.1667,0.125,0.2474,1,1,0,0,0,0,street,3,2438.2
9f291cf361b7,AD001782,locality_centroid,locality,1,665.2,-3094.2,0.1667,0.125,0.2474,1,1,0,0,0,0,none,3,2689.2
3539cfb656f3,AD001782,town_centroid,town,1,-46.70000000000002,-500.9083333333333,0.1667,0.125,0.2474,1,1,0,0,0,0,none,3,0.0
bad0398e3319,AD001783,vendor_pin,street,1,-265.5,-1625.3,0.2,0.1897,0.3562,1,1,0,0,0,0,street,3,1145.5
7f650ba968dc,AD001783,locality_centroid,locality,1,-598.6,-1329.8,0.2,0.1897,0.3562,1,1,0,0,0,0,none,3,995.8
f666e69fc14d,AD001783,town_centroid,town,1,-46.70000000000002,-500.9083333333333,0.2,0.1897,0.3562,1,1,0,0,0,0,none,3,0.0
b5789f355c1d,AD001784,vendor_pin,locality,1,2341.2,1732.6,0.2222,0.1186,0.2368,1,0,0,0,0,0,locality,3,2200.0
54f599484763,AD001784,locality_centroid,locality,1,2308.9,1849.5,0.2222,0.1186,0.2368,1,0,0,0,0,0,none,3,2266.7
df191854742a,AD001784,town_centroid,town,1,856.3249999999999,109.34166666666668,0.2222,0.1186,0.2368,1,0,0,0,0,0,none,3,0.0
fc554ed6bc85,AD001785,vendor_pin,street,1,1198.7,-465.1,0.1818,0.1884,0.3488,1,1,0,0,0,0,street,3,1374.2
ce84d03ffc3b,AD001785,locality_centroid,locality,1,929.4,-822.2,0.1818,0.1884,0.3488,1,1,0,0,0,0,none,3,1134.9
d813f7a4369b,AD001785,town_centroid,town,1,-172.75833333333335,-551.7416666666667,0.1818,0.1884,0.3488,1,1,0,0,0,0,none,3,0.0
14183153d56c,AD001786,vendor_pin,locality,1,-3711.8,-1040.6,0.2143,0.163,0.3036,1,1,1,0,0,0,locality,3,3572.6
275d37baa586,AD001786,locality_centroid,locality,1,-3766.2,-883.9,0.2143,0.163,0.3036,1,1,1,0,0,0,none,3,3608.8
447fda66cf29,AD001786,town_centroid,town,1,-172.75833333333335,-551.7416666666667,0.2143,0.163,0.3036,1,1,1,0,0,0,none,3,0.0
3dbdc410b972,AD001787,vendor_pin,locality,1,-517.5,3132.3,0.2222,0.2453,0.4286,1,0,0,0,0,0,locality,3,3700.1
5cb1e2f0eff3,AD001787,locality_centroid,locality,1,-438.3,3208.9,0.2222,0.2453,0.4286,1,0,0,0,0,0,none,3,3770.0
60a7f9d30b4f,AD001787,town_centroid,town,1,-172.75833333333335,-551.7416666666667,0.2222,0.2453,0.4286,1,0,0,0,0,0,none,3,0.0
d0c1414f5488,AD001788,vendor_pin,locality,1,-1221.5,386.0,0.0714,0.0759,0.2222,0,1,0,0,0,0,locality,3,1472.0
6f308b53bc77,AD001788,town_centroid,town,1,-46.70000000000002,-500.9083333333333,0.0714,0.0759,0.2222,0,1,0,0,0,0,none,3,0.0
b6dc95450824,AD001788,prior_field_cluster,street,1,-1297.1,712.6,0.0714,0.0759,0.2222,0,1,0,0,0,0,none,3,1742.4
592c2a072ad9,AD001789,vendor_pin,locality,1,-1059.2,-3032.5,0.1667,0.137,0.2667,1,1,0,0,0,0,locality,3,2726.6
5bedd770dde2,AD001789,locality_centroid,locality,1,-1053.3,-3163.0,0.1667,0.137,0.2667,1,1,0,0,0,0,none,3,2846.0
5f9439ce7aec,AD001789,town_centroid,town,1,-46.70000000000002,-500.9083333333333,0.1667,0.137,0.2667,1,1,0,0,0,0,none,3,0.0
e5dbdee61da3,AD001790,vendor_pin,locality,1,-2983.1,1209.1,0.1818,0.1667,0.3043,1,1,0,0,0,0,locality,4,3398.0
c55edebabf29,AD001790,locality_centroid,locality,1,-2863.9,1096.5,0.1818,0.1667,0.3043,1,1,0,0,0,0,none,4,3238.6
2b724e3c76ac,AD001790,town_centroid,town,1,-46.70000000000002,-500.9083333333333,0.1818,0.1667,0.3043,1,1,0,0,0,0,none,4,0.0
596bb004c837,AD001790,prior_field_cluster,street,1,-3104.2,1555.15,0.1818,0.1667,0.3043,1,1,0,0,0,0,none,4,3684.5
b542289012b2,AD001791,vendor_pin,locality,1,-2792.4,1243.7,0.1429,0.1429,0.2692,1,1,0,0,0,0,locality,3,3253.1
8689a88325ea,AD001791,locality_centroid,locality,1,-2863.9,1096.5,0.1429,0.1429,0.2692,1,1,0,0,0,0,none,3,3238.6
2ca8bc74ffb6,AD001791,town_centroid,town,1,-46.70000000000002,-500.9083333333333,0.1429,0.1429,0.2692,1,1,0,0,0,0,none,3,0.0
a6e70b1411c2,AD001792,vendor_pin,street,1,-2713.5,-498.9,0.1818,0.2029,0.3908,0,1,0,0,0,0,street,3,2541.3
9c50a7b7af04,AD001792,town_centroid,town,1,-172.75833333333335,-551.7416666666667,0.1818,0.2029,0.3908,0,1,0,0,0,0,none,3,0.0
9d64a673c867,AD001792,prior_field_cluster,street,1,-2797.0,-457.0,0.1818,0.2029,0.3908,0,1,0,0,0,0,none,3,2626.0
358536e5ddab,AD001794,vendor_pin,locality,1,627.4,-2930.5,0.0833,0.1642,0.3095,0,1,0,0,0,0,locality,3,3048.4
7ee566660ca5,AD001794,town_centroid,town,1,856.3249999999999,109.34166666666668,0.0833,0.1642,0.3095,0,1,0,0,0,0,none,3,0.0
18c9a85250a3,AD001794,prior_field_cluster,street,1,924.7,-2930.95,0.0833,0.1642,0.3095,0,1,0,0,0,0,none,3,3041.1
a73f0bdb3558,AD001795,vendor_pin,pincode,1,1752.4,2164.5,0.1111,0.0893,0.3333,0,1,0,0,0,0,pincode,2,2242.0
091d184a5f8f,AD001795,town_centroid,town,1,856.3249999999999,109.34166666666668,0.1111,0.0893,0.3333,0,1,0,0,0,0,none,2,0.0
97a62dca29da,AD001797,vendor_pin,locality,1,2820.5,-2237.8,0.0909,0.1186,0.3056,0,1,0,0,0,0,locality,2,3352.3
1ce25d5ee674,AD001797,town_centroid,town,1,-46.70000000000002,-500.9083333333333,0.0909,0.1186,0.3056,0,1,0,0,0,0,none,2,0.0
db604ed32ba3,AD001798,vendor_pin,locality,1,-3651.8,-874.5,0.2,0.1905,0.3797,0,1,0,0,0,0,locality,2,3494.0
b8b3a621c4ba,AD001798,town_centroid,town,1,-172.75833333333335,-551.7416666666667,0.2,0.1905,0.3797,0,1,0,0,0,0,none,2,0.0
0183bbb8f683,AD001799,vendor_pin,locality,1,2817.6,-2263.5,0.0714,0.0909,0.2444,0,1,0,0,0,0,locality,3,3363.2
2cfb5a464cdd,AD001799,town_centroid,town,1,-46.70000000000002,-500.9083333333333,0.0714,0.0909,0.2444,0,1,0,0,0,0,none,3,0.0
b54c0fa84db3,AD001799,prior_field_cluster,street,1,3209.5,-2222.3999999999996,0.0714,0.0909,0.2444,0,1,0,0,0,0,none,3,3683.3
1c7fe6f128fd,AD001800,vendor_pin,locality,1,2607.7,-2223.6,0.1667,0.1515,0.2963,1,1,0,0,0,0,locality,4,3164.4
61656480487d,AD001800,locality_centroid,locality,1,2735.1,-2128.6,0.1667,0.1515,0.2963,1,1,0,0,0,0,none,4,3223.0
8e1f6d0775c9,AD001800,town_centroid,town,1,-46.70000000000002,-500.9083333333333,0.1667,0.1515,0.2963,1,1,0,0,0,0,none,4,0.0
3af4a03642d6,AD001800,prior_field_cluster,street,1,2538.4,-2228.8,0.1667,0.1515,0.2963,1,1,0,0,0,0,none,4,3109.4
b307f1d5b78f,AD001801,vendor_pin,locality,1,3743.3,612.7,0.2222,0.2414,0.4156,1,1,0,0,0,0,locality,3,4085.5
a58e644e04f1,AD001801,locality_centroid,locality,1,3653.7,367.3,0.2222,0.2414,0.4156,1,1,0,0,0,0,none,3,3935.3
cb593c754c43,AD001801,town_centroid,town,1,-172.75833333333335,-551.7416666666667,0.2222,0.2414,0.4156,1,1,0,0,0,0,none,3,0.0
c5db6d464dcd,AD001802,vendor_pin,street,1,3155.8,-1716.5,0.2,0.1449,0.2892,1,1,0,0,0,0,street,4,3526.5
8292e22618a9,AD001802,locality_centroid,locality,1,3188.8,-1960.7,0.2,0.1449,0.2892,1,1,0,0,0,0,none,4,3644.9
dfbb85df0d9e,AD001802,town_centroid,town,1,-172.75833333333335,-551.7416666666667,0.2,0.1449,0.2892,1,1,0,0,0,0,none,4,0.0
aadf8e249fbd,AD001802,prior_field_cluster,street,1,3256.05,-1712.05,0.2,0.1449,0.2892,1,1,0,0,0,0,none,4,3619.8
868df5574948,AD001803,vendor_pin,locality,1,-2867.5,1100.8,0.25,0.2667,0.4516,1,0,0,0,0,0,locality,3,3243.8
2cdb722234c4,AD001803,locality_centroid,locality,1,-2863.9,1096.5,0.25,0.2667,0.4516,1,0,0,0,0,0,none,3,3238.6
e9e8440edd51,AD001803,town_centroid,town,1,-46.70000000000002,-500.9083333333333,0.25,0.2667,0.4516,1,0,0,0,0,0,none,3,0.0
756a3bdfef32,AD001804,vendor_pin,locality,1,382.6,2362.8,0.25,0.2593,0.4595,1,1,0,0,0,0,locality,3,2895.7
6dcf71857e83,AD001804,locality_centroid,locality,1,290.7,2335.2,0.25,0.2593,0.4595,1,1,0,0,0,0,none,3,2856.1
ced360f1f90b,AD001804,town_centroid,town,1,-46.70000000000002,-500.9083333333333,0.25,0.2593,0.4595,1,1,0,0,0,0,none,3,0.0
e5d5b6bd421d,AD001805,vendor_pin,locality,1,2581.8,-1194.0,0.3333,0.2632,0.4528,1,1,0,0,0,0,locality,3,2162.4
17a5215ffb38,AD001805,locality_centroid,locality,1,2589.2,-1273.1,0.3333,0.2632,0.4528,1,1,0,0,0,0,none,3,2216.8
7e557a72dfbe,AD001805,town_centroid,town,1,856.3249999999999,109.34166666666668,0.3333,0.2632,0.4528,1,1,0,0,0,0,none,3,0.0
52409565be03,AD001806,vendor_pin,locality,1,1006.2,140.3,0.125,0.1739,0.3729,0,1,0,0,0,0,locality,2,153.0
22fdc58cc6e0,AD001806,town_centroid,town,1,856.3249999999999,109.34166666666668,0.125,0.1739,0.3729,0,1,0,0,0,0,none,2,0.0
e7cc1686d73b,AD001807,vendor_pin,street,1,1153.4,3269.2,0.125,0.1296,0.3333,0,1,0,0,0,0,street,3,3173.8
1da3521e031b,AD001807,town_centroid,town,1,856.3249999999999,109.34166666666668,0.125,0.1296,0.3333,0,1,0,0,0,0,none,3,0.0
56b57dcca49b,AD001807,prior_field_cluster,street,1,1030.7,3130.9,0.125,0.1296,0.3333,0,1,0,0,0,0,none,3,3026.6
e771f35f7b37,AD001808,vendor_pin,locality,1,860.8,-3087.3,0.1667,0.2286,0.4681,0,1,0,0,0,0,locality,3,2741.0
35f5ae55b1ad,AD001808,town_centroid,town,1,-46.70000000000002,-500.9083333333333,0.1667,0.2286,0.4681,0,1,0,0,0,0,none,3,0.0
5c5216cc9931,AD001808,prior_field_cluster,street,1,958.45,-3174.6499999999996,0.1667,0.2286,0.4681,0,1,0,0,0,0,none,3,2856.4
bc62de5a3b6a,AD001809,vendor_pin,rooftop,1,1313.2,320.7,0.2,0.1774,0.3333,1,1,0,0,0,0,rooftop,3,503.4
6cb6804c2bf9,AD001809,locality_centroid,locality,1,1046.9,-2.6,0.2,0.1774,0.3333,1,1,0,0,0,0,none,3,221.0
7124967b6aec,AD001809,town_centroid,town,1,856.3249999999999,109.34166666666668,0.2,0.1774,0.3333,1,1,0,0,0,0,none,3,0.0
8b7e2eff1e03,AD001810,vendor_pin,locality,1,769.5,2816.6,0.2857,0.2174,0.3934,1,1,0,0,0,0,locality,3,2708.7
17f83c7ab194,AD001810,locality_centroid,locality,1,986.3,2772.6,0.2857,0.2174,0.3934,1,1,0,0,0,0,none,3,2666.4
03d3a674b07e,AD001810,town_centroid,town,1,856.3249999999999,109.34166666666668,0.2857,0.2174,0.3934,1,1,0,0,0,0,none,3,0.0
f194d9a69291,AD001811,vendor_pin,locality,1,1085.3,2667.7,0.2,0.1449,0.2791,1,1,0,0,0,0,locality,4,2568.6
f455f2e85d3c,AD001811,locality_centroid,locality,1,986.3,2772.6,0.2,0.1449,0.2791,1,1,0,0,0,0,none,4,2666.4
eff146eb9678,AD001811,town_centroid,town,1,856.3249999999999,109.34166666666668,0.2,0.1449,0.2791,1,1,0,0,0,0,none,4,0.0
ce6221d7bfce,AD001811,prior_field_cluster,street,1,899.3,3087.7,0.2,0.1449,0.2791,1,1,0,0,0,0,none,4,2978.7
1c860d7f2392,AD001812,vendor_pin,locality,1,3462.2,408.5,0.2,0.2373,0.4103,1,1,0,0,0,0,locality,4,3759.7
31eeb1152298,AD001812,locality_centroid,locality,1,3653.7,367.3,0.2,0.2373,0.4103,1,1,0,0,0,0,none,4,3935.3
c811cfadbb40,AD001812,town_centroid,town,1,-172.75833333333335,-551.7416666666667,0.2,0.2373,0.4103,1,1,0,0,0,0,none,4,0.0
e0036de18b92,AD001812,prior_field_cluster,street,1,3859.5,582.3,0.2,0.2373,0.4103,1,1,0,0,0,0,none,4,4188.7
9f33d549a4dd,AD001813,vendor_pin,locality,1,3192.7,-1887.9,0.25,0.2,0.375,1,1,0,0,0,0,locality,3,3621.0
df855beb344b,AD001813,locality_centroid,locality,1,3188.8,-1960.7,0.25,0.2,0.375,1,1,0,0,0,0,none,3,3644.9
0eddf6eb5af1,AD001813,town_centroid,town,1,-172.75833333333335,-551.7416666666667,0.25,0.2,0.375,1,1,0,0,0,0,none,3,0.0
2ae46efbc460,AD001815,vendor_pin,locality,1,-2833.7,1114.7,0.25,0.2105,0.3784,1,1,0,0,0,0,locality,4,3221.4
976d2d8990c6,AD001815,locality_centroid,locality,1,-2863.9,1096.5,0.25,0.2105,0.3784,1,1,0,0,0,0,none,4,3238.6
55f4c19c9657,AD001815,town_centroid,town,1,-46.70000000000002,-500.9083333333333,0.25,0.2105,0.3784,1,1,0,0,0,0,none,4,0.0
4e4b2678180b,AD001815,prior_field_cluster,street,1,-2478.3,1024.4,0.25,0.2105,0.3784,1,1,0,0,0,0,none,4,2870.4
e7d9d8270da3,AD001816,vendor_pin,pincode,1,-2104.6,1495.5,0.1,0.1017,0.3056,0,1,0,0,0,0,pincode,2,2867.2
b07d1c5aa0fa,AD001816,town_centroid,town,1,-46.70000000000002,-500.9083333333333,0.1,0.1017,0.3056,0,1,0,0,0,0,none,2,0.0
7dadf7d21846,AD001817,vendor_pin,locality,1,-2087.6,2424.6,0.1429,0.125,0.25,1,1,0,0,0,0,locality,3,3567.1
b9a2c6df0c88,AD001817,locality_centroid,locality,1,-1885.4,2441.1,0.1429,0.125,0.25,1,1,0,0,0,0,none,3,3469.3
9d5f9b017be7,AD001817,town_centroid,town,1,-46.70000000000002,-500.9083333333333,0.1429,0.125,0.25,1,1,0,0,0,0,none,3,0.0
b6303155e41d,AD001818,vendor_pin,pincode,1,216.3,-270.9,0.0,0.0,0.2333,0,0,0,0,0,0,pincode,2,349.4
eb8430b8a9c7,AD001818,town_centroid,town,1,-46.70000000000002,-500.9083333333333,0.0,0.0,0.2333,0,0,0,0,0,0,none,2,0.0
60021cc8f7d6,AD001820,vendor_pin,locality,1,-2050.5,2320.6,0.25,0.1964,0.3611,1,1,0,0,0,0,locality,3,3460.7
6a997403a2e8,AD001820,locality_centroid,locality,1,-1885.4,2441.1,0.25,0.1964,0.3611,1,1,0,0,0,0,none,3,3469.3
c84cedb64807,AD001820,town_centroid,town,1,-46.70000000000002,-500.9083333333333,0.25,0.1964,0.3611,1,1,0,0,0,0,none,3,0.0
1566d073fe4f,AD001821,vendor_pin,street,1,2427.6,-2381.9,0.0667,0.0843,0.2292,0,1,0,0,0,0,street,3,3108.1
49029813f8b9,AD001821,town_centroid,town,1,-46.70000000000002,-500.9083333333333,0.0667,0.0843,0.2292,0,1,0,0,0,0,none,3,0.0
528a3c53e39f,AD001821,prior_field_cluster,street,1,2486.4,-2434.1,0.0667,0.0843,0.2292,0,1,0,0,0,0,none,3,3186.5
6f10a51e9cde,AD001822,vendor_pin,street,1,-2633.2,-543.2,0.2727,0.2143,0.382,1,1,0,0,0,0,street,4,2460.5
7a61fc3f7d2f,AD001822,locality_centroid,locality,1,-2605.6,-262.1,0.2727,0.2143,0.382,1,1,0,0,0,0,none,4,2450.0
eaa7fd7337df,AD001822,town_centroid,town,1,-172.75833333333335,-551.7416666666667,0.2727,0.2143,0.382,1,1,0,0,0,0,none,4,0.0
47c51fc1a62b,AD001822,prior_field_cluster,street,1,-2686.7,-701.3,0.2727,0.2143,0.382,1,1,0,0,0,0,none,4,2518.4
6022cc4c8998,AD001823,vendor_pin,pincode,1,2334.0,-1654.6,0.0,0.0833,0.2456,0,1,0,0,0,0,pincode,2,2738.6
c58230c1eb80,AD001823,town_centroid,town,1,-172.75833333333335,-551.7416666666667,0.0,0.0833,0.2456,0,1,0,0,0,0,none,2,0.0
86005d7c783a,AD001824,vendor_pin,locality,1,-2701.4,-112.2,0.3,0.2273,0.4,1,1,0,0,0,0,locality,3,2566.6
7f5fab4476c0,AD001824,locality_centroid,locality,1,-2605.6,-262.1,0.3,0.2273,0.4,1,1,0,0,0,0,none,3,2450.0
1c62bf26b076,AD001824,town_centroid,town,1,-172.75833333333335,-551.7416666666667,0.3,0.2273,0.4,1,1,0,0,0,0,none,3,0.0
5787d851a387,AD001825,vendor_pin,locality,1,3171.8,572.2,0.2,0.1587,0.3,1,1,0,0,0,0,locality,3,2361.3
554d17be0e26,AD001825,locality_centroid,locality,1,3029.6,575.7,0.2,0.1587,0.3,1,1,0,0,0,0,none,3,2222.7
ed6914308a8c,AD001825,town_centroid,town,1,856.3249999999999,109.34166666666668,0.2,0.1587,0.3,1,1,0,0,0,0,none,3,0.0
0bf5219d2a8f,AD001827,vendor_pin,locality,1,1196.1,-3676.5,0.1818,0.1324,0.2558,1,1,0,0,0,0,locality,3,3411.4
aad1c1302613,AD001827,locality_centroid,locality,1,1155.3,-3613.0,0.1818,0.1324,0.2558,1,1,0,0,0,0,none,3,3336.9
846fe415d37a,AD001827,town_centroid,town,1,-172.75833333333335,-551.7416666666667,0.1818,0.1324,0.2558,1,1,0,0,0,0,none,3,0.0
212ff90a9f8e,AD001829,vendor_pin,street,1,2195.7,2226.8,0.1818,0.0972,0.2045,1,0,0,0,0,0,street,3,2505.5
aa255afc8011,AD001829,locality_centroid,locality,1,2308.9,1849.5,0.1818,0.0972,0.2045,1,0,0,0,0,0,none,3,2266.7
9240e625bf32,AD001829,town_centroid,town,1,856.3249999999999,109.34166666666668,0.1818,0.0972,0.2045,1,0,0,0,0,0,none,3,0.0
ef398bb50cd2,AD001830,vendor_pin,street,1,1262.5,2996.8,0.3333,0.2439,0.4286,1,1,0,0,0,0,street,4,2915.9
a54a003ce30c,AD001830,locality_centroid,locality,1,986.3,2772.6,0.3333,0.2439,0.4286,1,1,0,0,0,0,none,4,2666.4
958b2cc9ceba,AD001830,town_centroid,town,1,856.3249999999999,109.34166666666668,0.3333,0.2439,0.4286,1,1,0,0,0,0,none,4,0.0
c4d83935dcf4,AD001830,prior_field_cluster,street,1,1064.4,2918.75,0.3333,0.2439,0.4286,1,1,0,0,0,0,none,4,2817.1
9b8a40f1c16d,AD001831,vendor_pin,street,1,-1609.2,2422.2,0.1818,0.1692,0.3133,1,1,0,0,0,0,street,3,3314.5
ce4bcc84f8f8,AD001831,locality_centroid,locality,1,-1885.4,2441.1,0.1818,0.1692,0.3133,1,1,0,0,0,0,none,3,3469.3
44ac66afc919,AD001831,town_centroid,town,1,-46.70000000000002,-500.9083333333333,0.1818,0.1692,0.3133,1,1,0,0,0,0,none,3,0.0
2aaf0d7c9c50,AD001832,vendor_pin,street,1,3977.2,139.6,0.2,0.2154,0.381,1,1,0,0,0,0,street,4,4207.1
fa708213e29e,AD001832,locality_centroid,locality,1,3653.7,367.3,0.2,0.2154,0.381,1,1,0,0,0,0,none,4,3935.3
1317ea236db2,AD001832,town_centroid,town,1,-172.75833333333335,-551.7416666666667,0.2,0.2154,0.381,1,1,0,0,0,0,none,4,0.0
c026ac63ce6c,AD001832,prior_field_cluster,street,1,4063.3,100.2,0.2,0.2154,0.381,1,1,0,0,0,0,none,4,4285.9
9ceb7a1fccbf,AD001833,vendor_pin,locality,1,1813.2,-2099.8,0.2857,0.1875,0.3284,1,1,0,0,0,0,locality,4,2407.5
ff99946405fd,AD001833,locality_centroid,locality,1,1577.4,-2059.5,0.2857,0.1875,0.3284,1,1,0,0,0,0,none,4,2285.6
f7c377d2165a,AD001833,town_centroid,town,1,856.3249999999999,109.34166666666668,0.2857,0.1875,0.3284,1,1,0,0,0,0,none,4,0.0
0fc192c91e84,AD001833,prior_field_cluster,street,1,1534.95,-2403.3,0.2857,0.1875,0.3284,1,1,0,0,0,0,none,4,2602.7
57c56e1cad7b,AD001834,vendor_pin,locality,1,533.8,-3112.4,0.1429,0.1266,0.2449,1,1,0,0,0,0,locality,3,2675.2
90f6a8959b3f,AD001834,locality_centroid,locality,1,665.2,-3094.2,0.1429,0.1266,0.2449,1,1,0,0,0,0,none,3,2689.2
4b0caf9c7dbb,AD001834,town_centroid,town,1,-46.70000000000002,-500.9083333333333,0.1429,0.1266,0.2449,1,1,0,0,0,0,none,3,0.0
3dcadc1e24c8,AD001835,vendor_pin,locality,1,859.6,2869.0,0.2222,0.1961,0.3529,1,1,1,0,0,0,locality,3,2759.7
5fd9f2266130,AD001835,locality_centroid,locality,1,986.3,2772.6,0.2222,0.1961,0.3529,1,1,1,0,0,0,none,3,2666.4
0008f50a785e,AD001835,town_centroid,town,1,856.3249999999999,109.34166666666668,0.2222,0.1961,0.3529,1,1,1,0,0,0,none,3,0.0
cf0dd4c52645,AD001836,vendor_pin,locality,1,-3099.5,1072.4,0.1818,0.1875,0.3457,1,1,0,0,0,0,locality,3,3434.4
752ef38dd58e,AD001836,locality_centroid,locality,1,-2863.9,1096.5,0.1818,0.1875,0.3457,1,1,0,0,0,0,none,3,3238.6
57fd43f69d75,AD001836,town_centroid,town,1,-46.70000000000002,-500.9083333333333,0.1818,0.1875,0.3457,1,1,0,0,0,0,none,3,0.0
9e1cb79d16e9,AD001837,vendor_pin,locality,1,-1793.2,2367.4,0.1818,0.1692,0.3095,1,1,0,0,0,0,locality,4,3358.2
6bf1d02956e5,AD001837,locality_centroid,locality,1,-1885.4,2441.1,0.1818,0.1692,0.3095,1,1,0,0,0,0,none,4,3469.3
64baf3a68b63,AD001837,town_centroid,town,1,-46.70000000000002,-500.9083333333333,0.1818,0.1692,0.3095,1,1,0,0,0,0,none,4,0.0
479ebce0d9c6,AD001837,prior_field_cluster,street,1,-1529.8,2321.4,0.1818,0.1692,0.3095,1,1,0,0,0,0,none,4,3188.3
55fa88c43f9e,AD001838,vendor_pin,locality,1,-477.5,-3317.9,0.25,0.2105,0.3836,1,1,0,0,0,0,locality,3,2782.9
84d31e41ff47,AD001838,locality_centroid,locality,1,-433.5,-3467.4,0.25,0.2105,0.3836,1,1,0,0,0,0,none,3,2927.3
82c0dabb2dcc,AD001838,town_centroid,town,1,-172.75833333333335,-551.7416666666667,0.25,0.2105,0.3836,1,1,0,0,0,0,none,3,0.0
417aaae6e821,AD001839,vendor_pin,locality,1,-784.3,-476.8,0.3333,0.2973,0.4643,0,1,0,0,0,0,locality,2,1742.2
9e75a55b728d,AD001839,town_centroid,town,1,856.3249999999999,109.34166666666668,0.3333,0.2973,0.4643,0,1,0,0,0,0,none,2,0.0
c00f803a8eea,AD001840,vendor_pin,locality,1,907.6,-780.8,0.0667,0.1042,0.2545,0,1,0,0,0,0,locality,2,1104.4
0242a4cf97c0,AD001840,town_centroid,town,1,-172.75833333333335,-551.7416666666667,0.0667,0.1042,0.2545,0,1,0,0,0,0,none,2,0.0
71a2447db312,AD001841,vendor_pin,locality,1,3490.0,610.0,0.2,0.2295,0.4,1,1,0,0,0,0,locality,3,3842.6
25f802371e27,AD001841,locality_centroid,locality,1,3653.7,367.3,0.2,0.2295,0.4,1,1,0,0,0,0,none,3,3935.3
f2225214ec00,AD001841,town_centroid,town,1,-172.75833333333335,-551.7416666666667,0.2,0.2295,0.4,1,1,0,0,0,0,none,3,0.0
94c26f814f28,AD001842,vendor_pin,locality,1,-3869.7,-981.6,0.1429,0.119,0.2857,0,1,0,0,0,0,locality,2,3721.8
bdaae03ab8d0,AD001842,town_centroid,town,1,-172.75833333333335,-551.7416666666667,0.1429,0.119,0.2857,0,1,0,0,0,0,none,2,0.0
a2b77996741a,AD001844,vendor_pin,street,1,-705.9,-215.2,0.25,0.1897,0.321,1,1,0,0,0,0,street,4,1595.6
80a7bba33fa2,AD001844,locality_centroid,locality,1,-533.7,-484.7,0.25,0.1897,0.321,1,1,0,0,0,0,none,4,1511.6
5f7e299f2593,AD001844,town_centroid,town,1,856.3249999999999,109.34166666666668,0.25,0.1897,0.321,1,1,0,0,0,0,none,4,0.0
8c702e5ca3dc,AD001844,prior_field_cluster,street,1,-571.8,-77.3,0.25,0.1897,0.321,1,1,0,0,0,0,none,4,1440.3
f800461499cd,AD001845,vendor_pin,locality,1,3808.2,556.3,0.2222,0.2373,0.4156,1,1,0,0,0,0,locality,4,4132.3
4fb429334e76,AD001845,locality_centroid,locality,1,3653.7,367.3,0.2222,0.2373,0.4156,1,1,0,0,0,0,none,4,3935.3
625d77ccd3eb,AD001845,town_centroid,town,1,-172.75833333333335,-551.7416666666667,0.2222,0.2373,0.4156,1,1,0,0,0,0,none,4,0.0
cbde8ecc8dfb,AD001845,prior_field_cluster,street,1,3596.05,-10.950000000000001,0.2222,0.2373,0.4156,1,1,0,0,0,0,none,4,3807.4
9ff38a71dcc4,AD001846,vendor_pin,locality,1,-3620.1,-802.0,0.5,0.3947,0.5965,1,1,0,0,0,0,locality,3,3456.4
d39b6a58eb45,AD001846,locality_centroid,locality,1,-3766.2,-883.9,0.5,0.3947,0.5965,1,1,0,0,0,0,none,3,3608.8
192c0594c5f3,AD001846,town_centroid,town,1,-172.75833333333335,-551.7416666666667,0.5,0.3947,0.5965,1,1,0,0,0,0,none,3,0.0
4b092d0213bb,AD001847,vendor_pin,street,1,-2377.4,1238.7,0.0909,0.1343,0.3171,0,1,0,0,0,0,street,3,2840.1
28f9a8b6a179,AD001847,town_centroid,town,1,-172.75833333333335,-551.7416666666667,0.0909,0.1343,0.3171,0,1,0,0,0,0,none,3,0.0
127802e7336f,AD001847,prior_field_cluster,street,1,-3757.8,-798.2,0.0909,0.1343,0.3171,0,1,0,0,0,0,none,3,3593.5
03eee4aa589c,AD001848,vendor_pin,locality,1,-3740.2,-887.6,0.1429,0.1282,0.3043,0,1,0,0,0,0,locality,2,3583.2
cab1dfb22db5,AD001848,town_centroid,town,1,-172.75833333333335,-551.7416666666667,0.1429,0.1282,0.3043,0,1,0,0,0,0,none,2,0.0
5791295f4a05,AD001849,vendor_pin,locality,1,255.4,2264.1,0.1538,0.1687,0.3238,1,1,0,0,0,0,locality,3,2781.5
daedd7afc23e,AD001849,locality_centroid,locality,1,290.7,2335.2,0.1538,0.1687,0.3238,1,1,0,0,0,0,none,3,2856.1
cc2fe3b9ef16,AD001849,town_centroid,town,1,-46.70000000000002,-500.9083333333333,0.1538,0.1687,0.3238,1,1,0,0,0,0,none,3,0.0
2168826f497e,AD001850,vendor_pin,locality,1,-1141.0,-3103.8,0.1818,0.1515,0.2927,1,1,0,0,0,0,locality,3,2823.6
5290396f29e8,AD001850,locality_centroid,locality,1,-1053.3,-3163.0,0.1818,0.1515,0.2927,1,1,0,0,0,0,none,3,2846.0
9b09c54d977c,AD001850,town_centroid,town,1,-46.70000000000002,-500.9083333333333,0.1818,0.1515,0.2927,1,1,0,0,0,0,none,3,0.0
86950f914761,AD001851,vendor_pin,pincode,1,2194.6,-1359.6,0.125,0.0909,0.2769,0,1,0,0,0,0,pincode,2,1987.2
e571dd647002,AD001851,town_centroid,town,1,856.3249999999999,109.34166666666668,0.125,0.0909,0.2769,0,1,0,0,0,0,none,2,0.0
8565ae35edc3,AD001852,vendor_pin,locality,1,704.3,-2896.8,0.2222,0.1774,0.3095,1,1,0,0,0,0,locality,4,3010.0
29fa36f4970c,AD001852,locality_centroid,locality,1,688.3,-3007.0,0.2222,0.1774,0.3095,1,1,0,0,0,0,none,4,3120.9
21adae9ed1f8,AD001852,town_centroid,town,1,856.3249999999999,109.34166666666668,0.2222,0.1774,0.3095,1,1,0,0,0,0,none,4,0.0
8f8aa7c56bd1,AD001852,prior_field_cluster,street,1,685.5,-3294.8,0.2222,0.1774,0.3095,1,1,0,0,0,0,none,4,3408.4
787b3190a611,AD001853,vendor_pin,locality,1,-718.8,-527.3,0.3333,0.2973,0.4727,0,1,0,0,0,0,locality,2,1698.9
56f24b554815,AD001853,town_centroid,town,1,856.3249999999999,109.34166666666668,0.3333,0.2973,0.4727,0,1,0,0,0,0,none,2,0.0
82e6f5b75a00,AD001854,vendor_pin,locality,1,1049.0,-701.5,0.1667,0.1667,0.3158,1,1,0,0,0,0,locality,4,1230.9
6afd0a6cd598,AD001854,locality_centroid,locality,1,929.4,-822.2,0.1667,0.1667,0.3158,1,1,0,0,0,0,none,4,1134.9
7ea10493971a,AD001854,town_centroid,town,1,-172.75833333333335,-551.7416666666667,0.1667,0.1667,0.3158,1,1,0,0,0,0,none,4,0.0
232b84c5c25a,AD001854,prior_field_cluster,street,1,1608.35,-792.7,0.1667,0.1667,0.3158,1,1,0,0,0,0,none,4,1797.3
def74ff39ed0,AD001855,vendor_pin,locality,1,2583.1,-1405.4,0.1818,0.1316,0.2637,1,0,0,0,0,0,locality,4,2297.0
adfea5557582,AD001855,locality_centroid,locality,1,2589.2,-1273.1,0.1818,0.1316,0.2637,1,0,0,0,0,0,none,4,2216.8
ca107f109174,AD001855,town_centroid,town,1,856.3249999999999,109.34166666666668,0.1818,0.1316,0.2637,1,0,0,0,0,0,none,4,0.0
ed56b501e522,AD001855,prior_field_cluster,street,1,2424.3,-1204.6,0.1818,0.1316,0.2637,1,0,0,0,0,0,none,4,2045.7
36d2be20ef51,AD001856,vendor_pin,locality,1,-739.9,-481.1,0.0833,0.0735,0.2051,0,1,0,0,0,0,locality,2,571.5
3f86a657be17,AD001856,town_centroid,town,1,-172.75833333333335,-551.7416666666667,0.0833,0.0735,0.2051,0,1,0,0,0,0,none,2,0.0
e295e38ce594,AD001857,vendor_pin,locality,1,1584.7,-1878.6,0.2,0.1343,0.2588,1,1,0,0,0,0,locality,4,2117.2
94b5f0a641f9,AD001857,locality_centroid,locality,1,1577.4,-2059.5,0.2,0.1343,0.2588,1,1,0,0,0,0,none,4,2285.6
39f29239c152,AD001857,town_centroid,town,1,856.3249999999999,109.34166666666668,0.2,0.1343,0.2588,1,1,0,0,0,0,none,4,0.0
edff5f45f8cd,AD001857,prior_field_cluster,street,1,1646.1,-2235.0,0.2,0.1343,0.2588,1,1,0,0,0,0,none,4,2473.8
4d41aaf259d8,AD001858,vendor_pin,pincode,1,1813.9,-1555.0,0.125,0.0926,0.25,0,1,0,0,0,0,pincode,2,1920.2
40c21f2c86ef,AD001858,town_centroid,town,1,856.3249999999999,109.34166666666668,0.125,0.0926,0.25,0,1,0,0,0,0,none,2,0.0
8d6a63fcb282,AD001859,vendor_pin,locality,1,-484.7,3203.2,0.2857,0.2549,0.4412,1,1,0,0,0,0,locality,3,3767.9
b39204b8a322,AD001859,locality_centroid,locality,1,-438.3,3208.9,0.2857,0.2549,0.4412,1,1,0,0,0,0,none,3,3770.0
32f430265d36,AD001859,town_centroid,town,1,-172.75833333333335,-551.7416666666667,0.2857,0.2549,0.4412,1,1,0,0,0,0,none,3,0.0
53227a94ce13,AD001860,vendor_pin,street,1,-2544.4,-605.3,0.2308,0.1829,0.3301,1,1,0,0,0,0,street,3,2372.2
44f363b084f0,AD001860,locality_centroid,locality,1,-2605.6,-262.1,0.2308,0.1829,0.3301,1,1,0,0,0,0,none,3,2450.0
5a1d15a3cdcf,AD001860,town_centroid,town,1,-172.75833333333335,-551.7416666666667,0.2308,0.1829,0.3301,1,1,0,0,0,0,none,3,0.0
c8f48e32cebb,AD001861,vendor_pin,street,1,2845.9,-1843.3,0.2222,0.1695,0.3288,1,1,0,0,0,0,street,3,3283.4
19cf95a751ad,AD001861,locality_centroid,locality,1,3188.8,-1960.7,0.2222,0.1695,0.3288,1,1,0,0,0,0,none,3,3644.9
bc90fa69a31e,AD001861,town_centroid,town,1,-172.75833333333335,-551.7416666666667,0.2222,0.1695,0.3288,1,1,0,0,0,0,none,3,0.0
f7afe1939c1c,AD001862,vendor_pin,pincode,1,-2465.1,1184.9,0.0,0.0274,0.1975,0,1,0,0,0,0,pincode,3,2948.0
42113b476770,AD001862,town_centroid,town,1,-46.70000000000002,-500.9083333333333,0.0,0.0274,0.1975,0,1,0,0,0,0,none,3,0.0
9f6579c570d6,AD001862,prior_field_cluster,street,1,-3279.05,1260.1,0.0,0.0274,0.1975,0,1,0,0,0,0,none,3,3680.9
950aaed117be,AD001863,vendor_pin,pincode,1,-892.6,-1156.7,0.0,0.0308,0.2222,0,1,0,0,0,0,pincode,2,2159.1
126f85fa9a00,AD001863,town_centroid,town,1,856.3249999999999,109.34166666666668,0.0,0.0308,0.2222,0,1,0,0,0,0,none,2,0.0
8792345f2d14,AD001864,vendor_pin,rooftop,1,-186.8,-3903.7,0.1538,0.1395,0.2745,1,1,0,0,0,0,rooftop,4,3352.0
ad7bb4dbf046,AD001864,locality_centroid,locality,1,-433.5,-3467.4,0.1538,0.1395,0.2745,1,1,0,0,0,0,none,4,2927.3
4df3b5d1f7bc,AD001864,town_centroid,town,1,-172.75833333333335,-551.7416666666667,0.1538,0.1395,0.2745,1,1,0,0,0,0,none,4,0.0
ea353bdd26e5,AD001864,prior_field_cluster,street,1,-180.7,-3898.0,0.1538,0.1395,0.2745,1,1,0,0,0,0,none,4,3346.3
607dfb20790d,AD001865,vendor_pin,locality,1,703.9,1511.1,0.25,0.2115,0.3824,1,1,0,0,0,0,locality,4,2241.4
c34952fc3229,AD001865,locality_centroid,locality,1,524.3,1610.0,0.25,0.2115,0.3824,1,1,0,0,0,0,none,4,2271.3
8191e0d1d8d4,AD001865,town_centroid,town,1,-172.75833333333335,-551.7416666666667,0.25,0.2115,0.3824,1,1,0,0,0,0,none,4,0.0
4e25086c6de2,AD001865,prior_field_cluster,street,1,416.9,1316.0,0.25,0.2115,0.3824,1,1,0,0,0,0,none,4,1958.6
a960a5f99a13,AD001866,vendor_pin,locality,1,636.4,-2868.6,0.3333,0.275,0.4194,1,1,0,0,0,0,locality,3,2986.1
134e199679cf,AD001866,locality_centroid,locality,1,688.3,-3007.0,0.3333,0.275,0.4194,1,1,0,0,0,0,none,3,3120.9
24f25cbdda08,AD001866,town_centroid,town,1,856.3249999999999,109.34166666666668,0.3333,0.275,0.4194,1,1,0,0,0,0,none,3,0.0
f0179d5e4666,AD001867,vendor_pin,street,1,2767.0,1295.3,0.2222,0.18,0.3438,1,1,0,0,0,0,street,4,3338.2
f5ed074d6375,AD001867,locality_centroid,locality,1,2499.2,994.1,0.2222,0.18,0.3438,1,1,0,0,0,0,none,4,2952.4
80bf295ae0e7,AD001867,town_centroid,town,1,-46.70000000000002,-500.9083333333333,0.2222,0.18,0.3438,1,1,0,0,0,0,none,4,0.0
ea783e868ebd,AD001867,prior_field_cluster,street,1,2850.0,1409.7,0.2222,0.18,0.3438,1,1,0,0,0,0,none,4,3470.1
eeb8dbae467a,AD001868,vendor_pin,locality,1,-2510.0,-387.8,0.1429,0.15,0.3093,0,1,0,0,0,0,locality,3,2343.0
89297225e964,AD001868,town_centroid,town,1,-172.75833333333335,-551.7416666666667,0.1429,0.15,0.3093,0,1,0,0,0,0,none,3,0.0
c700ba63bfed,AD001868,prior_field_cluster,street,1,-2217.5,-204.9,0.1429,0.15,0.3093,0,1,0,0,0,0,none,3,2073.9
07b14c81669f,AD001870,vendor_pin,pincode,1,1346.4,1646.2,0.0,0.0119,0.1573,0,1,0,0,0,0,pincode,2,2559.5
0bc43a2b7281,AD001870,town_centroid,town,1,-46.70000000000002,-500.9083333333333,0.0,0.0119,0.1573,0,1,0,0,0,0,none,2,0.0
ace459d7e213,AD001871,vendor_pin,pincode,1,1150.4,-2185.3,0.0,0.012,0.1136,0,1,0,0,0,0,pincode,2,2066.5
525925103cae,AD001871,town_centroid,town,1,-46.70000000000002,-500.9083333333333,0.0,0.012,0.1136,0,1,0,0,0,0,none,2,0.0
d05842535c4e,AD001872,vendor_pin,locality,1,-2556.4,-361.6,0.2308,0.1852,0.34,1,1,0,0,0,0,locality,3,2391.2
67cd76368f68,AD001872,locality_centroid,locality,1,-2605.6,-262.1,0.2308,0.1852,0.34,1,1,0,0,0,0,none,3,2450.0
e82586d44e2f,AD001872,town_centroid,town,1,-172.75833333333335,-551.7416666666667,0.2308,0.1852,0.34,1,1,0,0,0,0,none,3,0.0
6112826959a7,AD001873,vendor_pin,rooftop,1,-773.1,-2186.2,0.0909,0.1406,0.3377,0,1,0,0,0,0,rooftop,3,1741.2
0b865b587dda,AD001873,town_centroid,town,1,-172.75833333333335,-551.7416666666667,0.0909,0.1406,0.3377,0,1,0,0,0,0,none,3,0.0
7441127b713c,AD001873,prior_field_cluster,street,1,-497.8,-2076.0,0.0909,0.1406,0.3377,0,1,0,0,0,0,none,3,1558.5
b369bf4fe1de,AD001874,vendor_pin,locality,1,-465.0,-403.8,0.2,0.1746,0.3133,0,1,0,0,0,0,locality,2,1417.5
6aab4b748cb9,AD001874,town_centroid,town,1,856.3249999999999,109.34166666666668,0.2,0.1746,0.3133,0,1,0,0,0,0,none,2,0.0
0a99869806e4,AD001875,vendor_pin,street,1,2883.9,-1878.8,0.3333,0.2703,0.4615,1,1,0,0,0,0,street,3,2839.7
93065b7ad786,AD001875,locality_centroid,locality,1,2589.2,-1273.1,0.3333,0.2703,0.4615,1,1,0,0,0,0,none,3,2216.8
b8a207a63c35,AD001875,town_centroid,town,1,856.3249999999999,109.34166666666668,0.3333,0.2703,0.4615,1,1,0,0,0,0,none,3,0.0
3e2805ee7790,AD001876,vendor_pin,locality,1,-452.9,1238.8,0.2222,0.1525,0.2895,0,1,0,0,0,0,locality,2,1729.1
b5415171431b,AD001876,town_centroid,town,1,856.3249999999999,109.34166666666668,0.2222,0.1525,0.2895,0,1,0,0,0,0,none,2,0.0
583d5db86993,AD001877,vendor_pin,locality,1,2445.4,-1146.5,0.3333,0.2632,0.4528,1,1,0,0,0,0,locality,3,2025.4
d766be88789b,AD001877,locality_centroid,locality,1,2589.2,-1273.1,0.3333,0.2632,0.4528,1,1,0,0,0,0,none,3,2216.8
45296b7a36d6,AD001877,town_centroid,town,1,856.3249999999999,109.34166666666668,0.3333,0.2632,0.4528,1,1,0,0,0,0,none,3,0.0
062a4efb2590,AD001878,vendor_pin,locality,1,-2805.8,1238.5,0.1818,0.1791,0.3294,1,1,0,0,0,0,locality,3,3261.6
ee29b7c2c8bd,AD001878,locality_centroid,locality,1,-2863.9,1096.5,0.1818,0.1791,0.3294,1,1,0,0,0,0,none,3,3238.6
107f31f358d2,AD001878,town_centroid,town,1,-46.70000000000002,-500.9083333333333,0.1818,0.1791,0.3294,1,1,0,0,0,0,none,3,0.0
66022a2aef8f,AD001879,vendor_pin,locality,1,572.0,-3106.3,0.2,0.1515,0.3,1,1,0,0,0,0,locality,4,2677.8
decb76aa022a,AD001879,locality_centroid,locality,1,665.2,-3094.2,0.2,0.1515,0.3,1,1,0,0,0,0,none,4,2689.2
9d036d13cdaa,AD001879,town_centroid,town,1,-46.70000000000002,-500.9083333333333,0.2,0.1515,0.3,1,1,0,0,0,0,none,4,0.0
06ff8e8d2809,AD001879,prior_field_cluster,street,1,557.6,-2848.25,0.2,0.1515,0.3,1,1,0,0,0,0,none,4,2423.9
8879c80b5dcd,AD001880,vendor_pin,street,1,3631.8,78.0,0.1818,0.1842,0.3368,1,1,0,0,0,0,street,4,3856.3
6a29fe70621e,AD001880,locality_centroid,locality,1,3653.7,367.3,0.1818,0.1842,0.3368,1,1,0,0,0,0,none,4,3935.3
d54e4beff491,AD001880,town_centroid,town,1,-172.75833333333335,-551.7416666666667,0.1818,0.1842,0.3368,1,1,0,0,0,0,none,4,0.0
6e6ee112fb19,AD001880,prior_field_cluster,street,1,2916.1499999999996,-333.4,0.1818,0.1842,0.3368,1,1,0,0,0,0,none,4,3096.6
7c3303c13dba,AD001881,vendor_pin,locality,1,1151.4,76.9,0.25,0.2143,0.3836,1,1,0,0,0,0,locality,3,1330.2
2c80ba239eb6,AD001881,locality_centroid,locality,1,1112.8,-196.7,0.25,0.2143,0.3836,1,1,0,0,0,0,none,3,1198.7
bc432b75b6c2,AD001881,town_centroid,town,1,-46.70000000000002,-500.9083333333333,0.25,0.2143,0.3836,1,1,0,0,0,0,none,3,0.0
0d2824416abf,AD001882,vendor_pin,locality,1,714.4,-3133.6,0.2222,0.2,0.3692,1,1,0,0,0,0,locality,4,2740.5
a3cb4c6ea89e,AD001882,locality_centroid,locality,1,665.2,-3094.2,0.2222,0.2,0.3692,1,1,0,0,0,0,none,4,2689.2
0baf669bfc13,AD001882,town_centroid,town,1,-46.70000000000002,-500.9083333333333,0.2222,0.2,0.3692,1,1,0,0,0,0,none,4,0.0
d0f2433fd78f,AD001882,prior_field_cluster,street,1,718.8,-3012.1,0.2222,0.2,0.3692,1,1,0,0,0,0,none,4,2625.3
9a70d56dd3ef,AD001883,vendor_pin,locality,1,2674.9,-2182.4,0.1111,0.1489,0.3103,0,1,1,0,0,0,locality,2,3199.1
7bce73b6d648,AD001883,town_centroid,town,1,-46.70000000000002,-500.9083333333333,0.1111,0.1489,0.3103,0,1,1,0,0,0,none,2,0.0
8c782cd2c7b1,AD001884,vendor_pin,locality,1,945.2,-3595.2,0.25,0.18,0.3284,1,1,0,0,0,0,locality,3,3242.3
410d8b097497,AD001884,locality_centroid,locality,1,1155.3,-3613.0,0.25,0.18,0.3284,1,1,0,0,0,0,none,3,3336.9
e1babbadee23,AD001884,town_centroid,town,1,-172.75833333333335,-551.7416666666667,0.25,0.18,0.3284,1,1,0,0,0,0,none,3,0.0
3e06da86c3d9,AD001885,vendor_pin,pincode,1,155.1,-211.5,0.0,0.0441,0.2368,0,0,0,0,0,0,pincode,2,472.5
60b969c6f557,AD001885,town_centroid,town,1,-172.75833333333335,-551.7416666666667,0.0,0.0441,0.2368,0,0,0,0,0,0,none,2,0.0
e76a7b90c444,AD001886,vendor_pin,locality,1,3273.1,-1899.4,0.2222,0.1724,0.3333,1,1,0,0,0,0,locality,4,3700.0
754c05907533,AD001886,locality_centroid,locality,1,3188.8,-1960.7,0.2222,0.1724,0.3333,1,1,0,0,0,0,none,4,3644.9
34564df21a55,AD001886,town_centroid,town,1,-172.75833333333335,-551.7416666666667,0.2222,0.1724,0.3333,1,1,0,0,0,0,none,4,0.0
c747ae4a7f99,AD001886,prior_field_cluster,street,1,3524.9,-2135.5,0.2222,0.1724,0.3333,1,1,0,0,0,0,none,4,4022.6
397468c7d759,AD001888,vendor_pin,locality,1,-499.6,-1345.9,0.125,0.1633,0.3934,0,1,0,0,0,0,locality,2,958.7
db4538096ae3,AD001888,town_centroid,town,1,-46.70000000000002,-500.9083333333333,0.125,0.1633,0.3934,0,1,0,0,0,0,none,2,0.0
028c775d2ea5,AD001889,vendor_pin,locality,1,-2291.8,-2415.0,0.25,0.234,0.4127,1,1,0,0,0,0,locality,3,2950.3
f4a906652c84,AD001889,locality_centroid,locality,1,-2195.4,-2378.6,0.25,0.234,0.4127,1,1,0,0,0,0,none,3,2853.5
4ba8d2592c51,AD001889,town_centroid,town,1,-46.70000000000002,-500.9083333333333,0.25,0.234,0.4127,1,1,0,0,0,0,none,3,0.0
2328a057fb18,AD001890,vendor_pin,locality,1,1045.0,-563.4,0.25,0.2364,0.4167,1,1,0,0,0,0,locality,4,1217.8
e8e96ff297aa,AD001890,locality_centroid,locality,1,929.4,-822.2,0.25,0.2364,0.4167,1,1,0,0,0,0,none,4,1134.9
1c971331d917,AD001890,town_centroid,town,1,-172.75833333333335,-551.7416666666667,0.25,0.2364,0.4167,1,1,0,0,0,0,none,4,0.0
f0addaeb1bcc,AD001890,prior_field_cluster,street,1,1101.95,-555.7,0.25,0.2364,0.4167,1,1,0,0,0,0,none,4,1274.7
090b3f5d6507,AD001891,vendor_pin,locality,1,-2591.7,-201.0,0.1667,0.1389,0.3256,0,1,0,0,0,0,locality,3,2444.2
e247e2c57797,AD001891,town_centroid,town,1,-172.75833333333335,-551.7416666666667,0.1667,0.1389,0.3256,0,1,0,0,0,0,none,3,0.0
87817b3263a3,AD001891,prior_field_cluster,street,1,-2969.2,-20.0,0.1667,0.1389,0.3256,0,1,0,0,0,0,none,3,2846.5
76a9c8640326,AD001892,vendor_pin,locality,1,-762.0,-321.6,0.1333,0.0842,0.1852,1,1,0,0,0,0,locality,3,632.6
036947100ee6,AD001892,locality_centroid,locality,1,-722.6,-522.8,0.1333,0.0842,0.1852,1,1,0,0,0,0,none,3,550.6
c6aa9b9bc60f,AD001892,town_centroid,town,1,-172.75833333333335,-551.7416666666667,0.1333,0.0842,0.1852,1,1,0,0,0,0,none,3,0.0
6f62cafbbc2c,AD001894,vendor_pin,locality,1,2953.3,577.4,0.1,0.1167,0.2703,0,1,0,0,0,0,locality,2,2148.6
fd3204dd0189,AD001894,town_centroid,town,1,856.3249999999999,109.34166666666668,0.1,0.1167,0.2703,0,1,0,0,0,0,none,2,0.0
55c0a644f448,AD001895,vendor_pin,locality,1,1063.7,-3644.3,0.2,0.1364,0.2619,1,1,0,0,0,0,locality,3,3330.6
33642c45e2dd,AD001895,locality_centroid,locality,1,1155.3,-3613.0,0.2,0.1364,0.2619,1,1,0,0,0,0,none,3,3336.9
a1ea4dc5f746,AD001895,town_centroid,town,1,-172.75833333333335,-551.7416666666667,0.2,0.1364,0.2619,1,1,0,0,0,0,none,3,0.0
b50aaf0e5762,AD001896,vendor_pin,locality,1,-2648.2,-241.1,0.3,0.2459,0.425,1,1,0,0,0,0,locality,3,2494.9
a52ec67573f0,AD001896,locality_centroid,locality,1,-2605.6,-262.1,0.3,0.2459,0.425,1,1,0,0,0,0,none,3,2450.0
de839d978166,AD001896,town_centroid,town,1,-172.75833333333335,-551.7416666666667,0.3,0.2459,0.425,1,1,0,0,0,0,none,3,0.0
593a485ebf9c,AD001897,vendor_pin,street,1,-254.4,-3659.9,0.1667,0.1412,0.2745,1,1,0,0,0,0,street,3,3109.2
486d25d3ede2,AD001897,locality_centroid,locality,1,-433.5,-3467.4,0.1667,0.1412,0.2745,1,1,0,0,0,0,none,3,2927.3
885cc40a9158,AD001897,town_centroid,town,1,-172.75833333333335,-551.7416666666667,0.1667,0.1412,0.2745,1,1,0,0,0,0,none,3,0.0
de3e29ccf437,AD001898,vendor_pin,pincode,1,1699.7,1613.3,0.0,0.1379,0.3784,0,1,0,0,0,0,pincode,2,1724.3
677944c11328,AD001898,town_centroid,town,1,856.3249999999999,109.34166666666668,0.0,0.1379,0.3784,0,1,0,0,0,0,none,2,0.0
f0965ad8eee4,AD001899,vendor_pin,locality,1,2652.0,-2166.9,0.1111,0.1228,0.3143,0,1,0,0,0,0,locality,3,3171.5
8cdfc559d72a,AD001899,town_centroid,town,1,-46.70000000000002,-500.9083333333333,0.1111,0.1228,0.3143,0,1,0,0,0,0,none,3,0.0
5c2ac894d662,AD001899,prior_field_cluster,street,1,3016.5,-2614.8,0.1111,0.1228,0.3143,0,1,0,0,0,0,none,3,3721.8
b4211f312240,AD001900,vendor_pin,locality,1,-1093.3,-3053.8,0.1818,0.1538,0.3,1,0,0,0,0,0,locality,4,2759.1
daae5b13f6f2,AD001900,locality_centroid,locality,1,-1053.3,-3163.0,0.1818,0.1538,0.3,1,0,0,0,0,0,none,4,2846.0
41f5ab919616,AD001900,town_centroid,town,1,-46.70000000000002,-500.9083333333333,0.1818,0.1538,0.3,1,0,0,0,0,0,none,4,0.0
7cc2b289605a,AD001900,prior_field_cluster,street,1,699.5,-2702.0,0.1818,0.1538,0.3,1,0,0,0,0,0,none,4,2324.1
1886a0af5673,AD001901,vendor_pin,street,1,-3595.6,-700.2,0.25,0.1829,0.3333,1,1,0,0,0,0,street,4,3426.1
61656d3e8a99,AD001901,locality_centroid,locality,1,-3766.2,-883.9,0.25,0.1829,0.3333,1,1,0,0,0,0,none,4,3608.8
635cd47a6392,AD001901,town_centroid,town,1,-172.75833333333335,-551.7416666666667,0.25,0.1829,0.3333,1,1,0,0,0,0,none,4,0.0
0b378ec3587b,AD001901,prior_field_cluster,street,1,-3654.0,-777.0,0.25,0.1829,0.3333,1,1,0,0,0,0,none,4,3488.5
70a4d6f17980,AD001902,vendor_pin,locality,1,-694.8,-414.5,0.1667,0.1013,0.2198,1,1,0,0,0,0,locality,3,539.8
b5fd487fbb99,AD001902,locality_centroid,locality,1,-722.6,-522.8,0.1667,0.1013,0.2198,1,1,0,0,0,0,none,3,550.6
86c400ea1405,AD001902,town_centroid,town,1,-172.75833333333335,-551.7416666666667,0.1667,0.1013,0.2198,1,1,0,0,0,0,none,3,0.0
1a26a36f7c9d,AD001903,vendor_pin,pincode,1,1655.8,1952.0,0.0,0.0152,0.1944,0,1,0,0,0,0,pincode,2,2985.8
6460719fb5e0,AD001903,town_centroid,town,1,-46.70000000000002,-500.9083333333333,0.0,0.0152,0.1944,0,1,0,0,0,0,none,2,0.0
57a9be5daa63,AD001904,vendor_pin,locality,1,-1070.1,-3088.1,0.2222,0.1852,0.338,1,1,0,0,0,0,locality,3,2782.2
7006cb33c732,AD001904,locality_centroid,locality,1,-1053.3,-3163.0,0.2222,0.1852,0.338,1,1,0,0,0,0,none,3,2846.0
115e93b0faa0,AD001904,town_centroid,town,1,-46.70000000000002,-500.9083333333333,0.2222,0.1852,0.338,1,1,0,0,0,0,none,3,0.0
eab5559a0ab0,AD001905,vendor_pin,locality,1,1143.6,72.9,0.25,0.2157,0.3881,1,1,0,0,0,0,locality,3,289.6
c5c7567ecd1b,AD001905,locality_centroid,locality,1,1046.9,-2.6,0.25,0.2157,0.3881,1,1,0,0,0,0,none,3,221.0
23fad0cdbc2b,AD001905,town_centroid,town,1,856.3249999999999,109.34166666666668,0.25,0.2157,0.3881,1,1,0,0,0,0,none,3,0.0
7ca2e223683a,AD001906,vendor_pin,pincode,1,-1757.4,-1453.8,0.0,0.0667,0.1765,0,1,0,0,0,0,pincode,2,1823.4
e434bf619b6c,AD001906,town_centroid,town,1,-172.75833333333335,-551.7416666666667,0.0,0.0667,0.1765,0,1,0,0,0,0,none,2,0.0
99964f2ae431,AD001907,vendor_pin,street,1,2919.8,-1638.7,0.1667,0.1351,0.2667,1,1,0,0,0,0,street,3,2704.4
fa9960f9f2ee,AD001907,locality_centroid,locality,1,2589.2,-1273.1,0.1667,0.1351,0.2667,1,1,0,0,0,0,none,3,2216.8
f91ac8e08133,AD001907,town_centroid,town,1,856.3249999999999,109.34166666666668,0.1667,0.1351,0.2667,1,1,0,0,0,0,none,3,0.0
ccb3801e25d5,AD001908,vendor_pin,street,1,-2501.8,-107.0,0.25,0.1875,0.3434,1,1,0,0,0,0,street,4,2371.1
454207eaa49b,AD001908,locality_centroid,locality,1,-2605.6,-262.1,0.25,0.1875,0.3434,1,1,0,0,0,0,none,4,2450.0
007c7b11572a,AD001908,town_centroid,town,1,-172.75833333333335,-551.7416666666667,0.25,0.1875,0.3434,1,1,0,0,0,0,none,4,0.0
fdc871b5c5c1,AD001908,prior_field_cluster,street,1,2333.4,-764.9,0.25,0.1875,0.3434,1,1,0,0,0,0,none,4,2515.2
2c24b6d636fc,AD001909,vendor_pin,pincode,1,-2068.5,1404.2,0.0,0.0213,0.1887,0,1,0,0,0,0,pincode,2,2778.0
30829eaa9d95,AD001909,town_centroid,town,1,-46.70000000000002,-500.9083333333333,0.0,0.0213,0.1887,0,1,0,0,0,0,none,2,0.0
46b2e5525a56,AD001910,vendor_pin,locality,1,-593.2,-1136.2,0.1818,0.1692,0.321,1,1,0,0,0,0,locality,3,838.0
d554cc74b7f0,AD001910,locality_centroid,locality,1,-598.6,-1329.8,0.1818,0.1692,0.321,1,1,0,0,0,0,none,3,995.8
d544cf1e25b0,AD001910,town_centroid,town,1,-46.70000000000002,-500.9083333333333,0.1818,0.1692,0.321,1,1,0,0,0,0,none,3,0.0
6bec0f69c829,AD001911,vendor_pin,pincode,1,1949.1,-1374.0,0.1111,0.1,0.254,0,1,0,0,0,0,pincode,2,1842.4
a3ab3db512c7,AD001911,town_centroid,town,1,856.3249999999999,109.34166666666668,0.1111,0.1,0.254,0,1,0,0,0,0,none,2,0.0
a58bf50d5dbb,AD001912,vendor_pin,locality,1,2965.1,705.9,0.3333,0.2703,0.4615,1,1,0,0,0,0,locality,3,2191.5
8c2575441933,AD001912,locality_centroid,locality,1,3029.6,575.7,0.3333,0.2703,0.4615,1,1,0,0,0,0,none,3,2222.7
3c31c80e1498,AD001912,town_centroid,town,1,856.3249999999999,109.34166666666668,0.3333,0.2703,0.4615,1,1,0,0,0,0,none,3,0.0
0f76b74f592b,AD001913,vendor_pin,street,1,-1475.0,-2762.9,0.2222,0.1897,0.3377,0,1,0,0,0,0,street,2,3699.3
dd163a3dd75e,AD001913,town_centroid,town,1,856.3249999999999,109.34166666666668,0.2222,0.1897,0.3377,0,1,0,0,0,0,none,2,0.0
511a6a5d6207,AD001914,vendor_pin,locality,1,-402.6,1276.8,0.25,0.1636,0.2973,1,1,0,0,0,0,locality,4,1716.9
447931f734c7,AD001914,locality_centroid,locality,1,-200.6,1476.5,0.25,0.1636,0.2973,1,1,0,0,0,0,none,4,1728.1
cab6153c2f13,AD001914,town_centroid,town,1,856.3249999999999,109.34166666666668,0.25,0.1636,0.2973,1,1,0,0,0,0,none,4,0.0
fa30dc87f924,AD001914,prior_field_cluster,street,1,842.9,989.9,0.25,0.1636,0.2973,1,1,0,0,0,0,none,4,880.7
7f2fb65fc298,AD001916,vendor_pin,locality,1,-620.8,-524.5,0.25,0.2157,0.3768,0,1,0,0,0,0,locality,2,1607.4
919fbffdcb72,AD001916,town_centroid,town,1,856.3249999999999,109.34166666666668,0.25,0.2157,0.3768,0,1,0,0,0,0,none,2,0.0
30c2d7c960f5,AD001917,vendor_pin,locality,1,997.1,77.6,0.0909,0.1212,0.2821,0,1,0,0,0,0,locality,2,144.3
d4a45eeed53d,AD001917,town_centroid,town,1,856.3249999999999,109.34166666666668,0.0909,0.1212,0.2821,0,1,0,0,0,0,none,2,0.0
e4446cfe6f33,AD001918,vendor_pin,locality,1,-899.7,2753.1,0.1818,0.1622,0.2857,1,1,0,0,0,0,locality,3,3173.8
277bd443e3e9,AD001918,locality_centroid,locality,1,-603.5,2996.1,0.1818,0.1622,0.2857,1,1,0,0,0,0,none,3,3234.9
de1bcb34f1cc,AD001918,town_centroid,town,1,856.3249999999999,109.34166666666668,0.1818,0.1622,0.2857,1,1,0,0,0,0,none,3,0.0
92906aca8278,AD001919,vendor_pin,locality,1,-323.1,-3267.1,0.1538,0.1429,0.2772,1,1,0,0,0,0,locality,3,2719.5
37fd98513d32,AD001919,locality_centroid,locality,1,-433.5,-3467.4,0.1538,0.1429,0.2772,1,1,0,0,0,0,none,3,2927.3
62e217189189,AD001919,town_centroid,town,1,-172.75833333333335,-551.7416666666667,0.1538,0.1429,0.2772,1,1,0,0,0,0,none,3,0.0
9ffb5423845d,AD001920,vendor_pin,locality,1,3812.0,389.7,0.1667,0.1972,0.3556,1,1,0,0,0,0,locality,4,4094.5
9e0590eab0d2,AD001920,locality_centroid,locality,1,3653.7,367.3,0.1667,0.1972,0.3556,1,1,0,0,0,0,none,4,3935.3
2945ac4b8274,AD001920,town_centroid,town,1,-172.75833333333335,-551.7416666666667,0.1667,0.1972,0.3556,1,1,0,0,0,0,none,4,0.0
27e8eb3c05f0,AD001920,prior_field_cluster,street,1,3478.6499999999996,630.3,0.1667,0.1972,0.3556,1,1,0,0,0,0,none,4,3838.0
d90edf57b1c3,AD001921,vendor_pin,locality,1,1143.0,-819.7,0.2222,0.194,0.3571,1,1,0,0,0,0,locality,3,1342.8
a7781101d827,AD001921,locality_centroid,locality,1,929.4,-822.2,0.2222,0.194,0.3571,1,1,0,0,0,0,none,3,1134.9
61ba155b813a,AD001921,town_centroid,town,1,-172.75833333333335,-551.7416666666667,0.2222,0.194,0.3571,1,1,0,0,0,0,none,3,0.0
ac00b9eb9320,AD001922,vendor_pin,locality,1,-602.5,-3582.9,0.0714,0.1023,0.2574,0,1,0,0,0,0,locality,2,3061.5
c67d872f12dd,AD001922,town_centroid,town,1,-172.75833333333335,-551.7416666666667,0.0714,0.1023,0.2574,0,1,0,0,0,0,none,2,0.0
719879e24a03,AD001923,vendor_pin,locality,1,966.1,2766.0,0.2222,0.1613,0.3117,1,1,0,0,0,0,locality,4,2658.9
08551275ecfa,AD001923,locality_centroid,locality,1,986.3,2772.6,0.2222,0.1613,0.3117,1,1,0,0,0,0,none,4,2666.4
1cbae7878ab1,AD001923,town_centroid,town,1,856.3249999999999,109.34166666666668,0.2222,0.1613,0.3117,1,1,0,0,0,0,none,4,0.0
50b0656b8fa7,AD001923,prior_field_cluster,street,1,1007.45,3073.85,0.2222,0.1613,0.3117,1,1,0,0,0,0,none,4,2968.4
66fc49ebf364,AD001924,vendor_pin,locality,1,874.3,1482.4,0.2857,0.2083,0.381,1,1,0,0,0,0,locality,3,1373.2
17538fcef14e,AD001924,locality_centroid,locality,1,987.4,1270.5,0.2857,0.2083,0.381,1,1,0,0,0,0,none,3,1168.5
0ad1c28359f1,AD001924,town_centroid,town,1,856.3249999999999,109.34166666666668,0.2857,0.2083,0.381,1,1,0,0,0,0,none,3,0.0
ac2b045df111,AD001925,vendor_pin,street,1,-786.5,-3777.6,0.1818,0.1519,0.2917,1,1,0,0,0,0,street,3,3283.7
ac1719332eea,AD001925,locality_centroid,locality,1,-433.5,-3467.4,0.1818,0.1519,0.2917,1,1,0,0,0,0,none,3,2927.3
ed3f6c50a41a,AD001925,town_centroid,town,1,-172.75833333333335,-551.7416666666667,0.1818,0.1519,0.2917,1,1,0,0,0,0,none,3,0.0
a581f6e19d56,AD001926,vendor_pin,locality,1,636.4,1521.6,0.1667,0.1486,0.2857,1,1,0,0,0,0,locality,3,2225.6
05fa3980b5f8,AD001926,locality_centroid,locality,1,524.3,1610.0,0.1667,0.1486,0.2857,1,1,0,0,0,0,none,3,2271.3
7ee76c59970f,AD001926,town_centroid,town,1,-172.75833333333335,-551.7416666666667,0.1667,0.1486,0.2857,1,1,0,0,0,0,none,3,0.0
78d6153d4523,AD001927,vendor_pin,pincode,1,1330.1,1134.7,0.0833,0.0694,0.1928,0,1,0,0,0,0,pincode,3,1129.5
3b8a50f20f02,AD001927,town_centroid,town,1,856.3249999999999,109.34166666666668,0.0833,0.0694,0.1928,0,1,0,0,0,0,none,3,0.0
bf116bf0acb1,AD001927,prior_field_cluster,street,1,1069.2,2399.95,0.0833,0.0694,0.1928,0,1,0,0,0,0,none,3,2300.5
5bf6c36a3281,AD001928,vendor_pin,street,1,789.2,2761.4,0.1667,0.1282,0.2581,1,1,0,0,0,0,street,3,2652.9
1fd234e2a883,AD001928,locality_centroid,locality,1,986.3,2772.6,0.1667,0.1282,0.2581,1,1,0,0,0,0,none,3,2666.4
ec653bd60789,AD001928,town_centroid,town,1,856.3249999999999,109.34166666666668,0.1667,0.1282,0.2581,1,1,0,0,0,0,none,3,0.0
b7d07c1c8a73,AD001929,vendor_pin,street,1,3073.5,-32.6,0.2857,0.2,0.3692,1,1,0,0,0,0,street,3,2221.7
3e7a35cd2724,AD001929,locality_centroid,locality,1,3029.6,575.7,0.2857,0.2,0.3692,1,1,0,0,0,0,none,3,2222.7
22999c1921a9,AD001929,town_centroid,town,1,856.3249999999999,109.34166666666668,0.2857,0.2,0.3692,1,1,0,0,0,0,none,3,0.0
019c487ad3f1,AD001930,vendor_pin,street,1,2716.3,-2525.7,0.1667,0.1316,0.2609,1,1,0,0,0,0,street,3,3425.5
f364958c6113,AD001930,locality_centroid,locality,1,2735.1,-2128.6,0.1667,0.1316,0.2609,1,1,0,0,0,0,none,3,3223.0
be72b7f2c4da,AD001930,town_centroid,town,1,-46.70000000000002,-500.9083333333333,0.1667,0.1316,0.2609,1,1,0,0,0,0,none,3,0.0
282c6899e982,AD001931,vendor_pin,pincode,1,-1045.2,-1268.8,0.125,0.102,0.3051,0,1,0,0,0,0,pincode,2,2348.4
0b472795d434,AD001931,town_centroid,town,1,856.3249999999999,109.34166666666668,0.125,0.102,0.3051,0,1,0,0,0,0,none,2,0.0
06a3aa4ca2fd,AD001932,vendor_pin,street,1,-418.5,-3362.8,0.2222,0.2034,0.3733,1,1,0,0,0,0,street,3,2821.8
7328a52ff9e5,AD001932,locality_centroid,locality,1,-433.5,-3467.4,0.2222,0.2034,0.3733,1,1,0,0,0,0,none,3,2927.3
6a9ba55faecd,AD001932,town_centroid,town,1,-172.75833333333335,-551.7416666666667,0.2222,0.2034,0.3733,1,1,0,0,0,0,none,3,0.0
3fccec14b51d,AD001933,vendor_pin,locality,1,3066.4,-1975.5,0.2,0.1471,0.2727,1,1,0,0,0,0,locality,4,3538.3
2a330ce6b695,AD001933,locality_centroid,locality,1,3188.8,-1960.7,0.2,0.1471,0.2727,1,1,0,0,0,0,none,4,3644.9
e438272433b4,AD001933,town_centroid,town,1,-172.75833333333335,-551.7416666666667,0.2,0.1471,0.2727,1,1,0,0,0,0,none,4,0.0
29c9864e2b25,AD001933,prior_field_cluster,street,1,3531.8,-2221.6,0.2,0.1471,0.2727,1,1,0,0,0,0,none,4,4063.5
8193746d5243,AD001934,vendor_pin,locality,1,-2601.2,-294.2,0.3,0.2419,0.4198,1,1,0,0,0,0,locality,4,2442.1
de3ad65cc2e2,AD001934,locality_centroid,locality,1,-2605.6,-262.1,0.3,0.2419,0.4198,1,1,0,0,0,0,none,4,2450.0
d2f0aac3a866,AD001934,town_centroid,town,1,-172.75833333333335,-551.7416666666667,0.3,0.2419,0.4198,1,1,0,0,0,0,none,4,0.0
baa6b96407e5,AD001934,prior_field_cluster,street,1,-2998.7,-721.4,0.3,0.2419,0.4198,1,1,0,0,0,0,none,4,2831.0
911357ee6032,AD001935,vendor_pin,locality,1,-2902.4,1246.9,0.25,0.2264,0.4,1,1,0,0,0,0,locality,3,3348.1
3872c895a9f4,AD001935,locality_centroid,locality,1,-2863.9,1096.5,0.25,0.2264,0.4,1,1,0,0,0,0,none,3,3238.6
f39635a4b931,AD001935,town_centroid,town,1,-46.70000000000002,-500.9083333333333,0.25,0.2264,0.4,1,1,0,0,0,0,none,3,0.0
e44b5d5af11e,AD001937,vendor_pin,street,1,710.6,3109.0,0.1667,0.1333,0.2667,1,1,0,0,0,0,street,4,3003.2
e4d9087acd43,AD001937,locality_centroid,locality,1,986.3,2772.6,0.1667,0.1333,0.2667,1,1,0,0,0,0,none,4,2666.4
dee0aafd9f89,AD001937,town_centroid,town,1,856.3249999999999,109.34166666666668,0.1667,0.1333,0.2667,1,1,0,0,0,0,none,4,0.0
a0cd89d60be6,AD001937,prior_field_cluster,street,1,743.3,3092.9,0.1667,0.1333,0.2667,1,1,0,0,0,0,none,4,2985.7
d25f30ae7954,AD001938,vendor_pin,locality,1,-654.4,-509.2,0.2222,0.2037,0.3611,0,1,0,0,0,0,locality,2,1632.4
bb4341d67c5e,AD001938,town_centroid,town,1,856.3249999999999,109.34166666666668,0.2222,0.2037,0.3611,0,1,0,0,0,0,none,2,0.0
ab8dd532fad1,AD001939,vendor_pin,locality,1,-3738.3,-933.1,0.3333,0.2419,0.4146,1,1,0,0,0,0,locality,3,3585.9
e55d92f2f143,AD001939,locality_centroid,locality,1,-3766.2,-883.9,0.3333,0.2419,0.4146,1,1,0,0,0,0,none,3,3608.8
2d2b05940cdf,AD001939,town_centroid,town,1,-172.75833333333335,-551.7416666666667,0.3333,0.2419,0.4146,1,1,0,0,0,0,none,3,0.0
5def3aebe4a9,AD001940,vendor_pin,locality,1,2336.2,1203.8,0.2222,0.1698,0.3333,1,1,0,0,0,0,locality,3,2929.9
b9f4b5706c70,AD001940,locality_centroid,locality,1,2499.2,994.1,0.2222,0.1698,0.3333,1,1,0,0,0,0,none,3,2952.4
7eec438c4e46,AD001940,town_centroid,town,1,-46.70000000000002,-500.9083333333333,0.2222,0.1698,0.3333,1,1,0,0,0,0,none,3,0.0
dc7f278fb420,AD001941,vendor_pin,locality,1,138.1,2504.1,0.1538,0.1772,0.3366,1,1,0,0,0,0,locality,3,3010.7
e948fc593ee9,AD001941,locality_centroid,locality,1,290.7,2335.2,0.1538,0.1772,0.3366,1,1,0,0,0,0,none,3,2856.1
ad2029614fc5,AD001941,town_centroid,town,1,-46.70000000000002,-500.9083333333333,0.1538,0.1772,0.3366,1,1,0,0,0,0,none,3,0.0
49433c5a6d9e,AD001942,vendor_pin,locality,1,-805.3,-601.1,0.25,0.2558,0.4194,0,1,0,0,0,0,locality,2,1807.1
8f919c93a14a,AD001942,town_centroid,town,1,856.3249999999999,109.34166666666668,0.25,0.2558,0.4194,0,1,0,0,0,0,none,2,0.0
9753f41a496f,AD001943,vendor_pin,locality,1,3174.8,-1939.4,0.2222,0.1754,0.338,1,1,0,0,0,0,locality,3,3623.8
55a0566e58f8,AD001943,locality_centroid,locality,1,3188.8,-1960.7,0.2222,0.1754,0.338,1,1,0,0,0,0,none,3,3644.9
73d63b6170d1,AD001943,town_centroid,town,1,-172.75833333333335,-551.7416666666667,0.2222,0.1754,0.338,1,1,0,0,0,0,none,3,0.0
fb2af0778ef5,AD001944,vendor_pin,locality,1,2596.3,-1611.1,0.3333,0.2632,0.4528,1,1,0,0,0,0,locality,4,2446.9
416067e64fd9,AD001944,locality_centroid,locality,1,2589.2,-1273.1,0.3333,0.2632,0.4528,1,1,0,0,0,0,none,4,2216.8
8f52b321de10,AD001944,town_centroid,town,1,856.3249999999999,109.34166666666668,0.3333,0.2632,0.4528,1,1,0,0,0,0,none,4,0.0
5031118898b8,AD001944,prior_field_cluster,street,1,2499.5,-698.9,0.3333,0.2632,0.4528,1,1,0,0,0,0,none,4,1831.2
5d762dd97b7c,AD001945,vendor_pin,locality,1,-2863.4,1048.9,0.1818,0.1765,0.3294,1,1,0,0,0,0,locality,4,3214.9
5c7fe6e0caa2,AD001945,locality_centroid,locality,1,-2863.9,1096.5,0.1818,0.1765,0.3294,1,1,0,0,0,0,none,4,3238.6
b66429d0f96f,AD001945,town_centroid,town,1,-46.70000000000002,-500.9083333333333,0.1818,0.1765,0.3294,1,1,0,0,0,0,none,4,0.0
8a9e0a054e0b,AD001945,prior_field_cluster,street,1,-3016.4,713.6,0.1818,0.1765,0.3294,1,1,0,0,0,0,none,4,3208.4
955196a60884,AD001946,vendor_pin,locality,1,-611.7,-568.1,0.0909,0.0725,0.2278,0,1,0,0,0,0,locality,2,439.2
62fb7fdb81a2,AD001946,town_centroid,town,1,-172.75833333333335,-551.7416666666667,0.0909,0.0725,0.2278,0,1,0,0,0,0,none,2,0.0
50fe5d02aef4,AD001947,vendor_pin,locality,1,-315.1,-3592.1,0.2,0.1791,0.3373,1,1,0,0,0,0,locality,4,3043.7
82098c75195e,AD001947,locality_centroid,locality,1,-433.5,-3467.4,0.2,0.1791,0.3373,1,1,0,0,0,0,none,4,2927.3
9c49c86099c0,AD001947,town_centroid,town,1,-172.75833333333335,-551.7416666666667,0.2,0.1791,0.3373,1,1,0,0,0,0,none,4,0.0
52171c62e2e7,AD001947,prior_field_cluster,street,1,-459.2,-3775.9,0.2,0.1791,0.3373,1,1,0,0,0,0,none,4,3236.9
e902a7f0fd24,AD001948,vendor_pin,locality,1,-598.8,-473.6,0.2857,0.2391,0.3881,1,0,0,0,0,0,locality,3,1567.5
db540dc23a0f,AD001948,locality_centroid,locality,1,-533.7,-484.7,0.2857,0.2391,0.3881,1,0,0,0,0,0,none,3,1511.6
af9994d50549,AD001948,town_centroid,town,1,856.3249999999999,109.34166666666668,0.2857,0.2391,0.3881,1,0,0,0,0,0,none,3,0.0
bd639210f187,AD001949,vendor_pin,locality,1,2656.3,-2082.9,0.0833,0.1111,0.24,0,1,0,0,0,0,locality,2,3131.9
7ab40049c30f,AD001949,town_centroid,town,1,-46.70000000000002,-500.9083333333333,0.0833,0.1111,0.24,0,1,0,0,0,0,none,2,0.0
7626a49feb4f,AD001950,vendor_pin,locality,1,1509.4,-1920.4,0.2857,0.1875,0.3284,1,1,0,0,0,0,locality,3,2132.2
88722c66b585,AD001950,locality_centroid,locality,1,1577.4,-2059.5,0.2857,0.1875,0.3284,1,1,0,0,0,0,none,3,2285.6
57c55c717f80,AD001950,town_centroid,town,1,856.3249999999999,109.34166666666668,0.2857,0.1875,0.3284,1,1,0,0,0,0,none,3,0.0
a69462dea58e,AD001951,vendor_pin,locality,1,-316.8,1507.7,0.2222,0.15,0.2785,1,1,0,0,0,0,locality,3,1825.3
361b0b3171e2,AD001951,locality_centroid,locality,1,-200.6,1476.5,0.2222,0.15,0.2785,1,1,0,0,0,0,none,3,1728.1
f711bcf8c54f,AD001951,town_centroid,town,1,856.3249999999999,109.34166666666668,0.2222,0.15,0.2785,1,1,0,0,0,0,none,3,0.0
580f40b2ce1b,AD001952,vendor_pin,locality,1,934.1,2693.9,0.1111,0.18,0.375,0,1,0,0,0,0,locality,2,2585.7
6429130cb64c,AD001952,town_centroid,town,1,856.3249999999999,109.34166666666668,0.1111,0.18,0.375,0,1,0,0,0,0,none,2,0.0
c5eef622602d,AD001953,vendor_pin,street,1,-328.4,-17.3,0.25,0.2075,0.3611,0,0,0,0,1,0,street,2,1191.5
024d7b9e3670,AD001953,town_centroid,town,1,856.3249999999999,109.34166666666668,0.25,0.2075,0.3611,0,0,0,0,1,0,none,2,0.0
8bfc39cb6be9,AD001954,vendor_pin,locality,1,1592.2,-2039.4,0.2222,0.1607,0.3014,0,1,0,0,0,0,locality,3,2271.3
d9cdc303ef63,AD001954,town_centroid,town,1,856.3249999999999,109.34166666666668,0.2222,0.1607,0.3014,0,1,0,0,0,0,none,3,0.0
205a9850d584,AD001954,prior_field_cluster,street,1,1114.6,-1882.6,0.2222,0.1607,0.3014,0,1,0,0,0,0,none,3,2008.6
a02254bc09f5,AD001955,vendor_pin,locality,1,2816.1,540.8,0.1818,0.1333,0.2667,1,1,0,0,0,0,locality,3,2006.7
79ad2f59892f,AD001955,locality_centroid,locality,1,3029.6,575.7,0.1818,0.1333,0.2667,1,1,0,0,0,0,none,3,2222.7
da8ccfa3d569,AD001955,town_centroid,town,1,856.3249999999999,109.34166666666668,0.1818,0.1333,0.2667,1,1,0,0,0,0,none,3,0.0
7c2c45e3b87c,AD001956,vendor_pin,street,1,598.9,-3866.6,0.125,0.2045,0.3729,0,1,0,0,0,0,street,2,3403.5
bc1e5da745f9,AD001956,town_centroid,town,1,-172.75833333333335,-551.7416666666667,0.125,0.2045,0.3729,0,1,0,0,0,0,none,2,0.0
4be493ff26a1,AD001957,vendor_pin,locality,1,879.4,-879.4,0.0769,0.125,0.2979,0,1,0,0,0,0,locality,2,1102.0
fb5de578a3bb,AD001957,town_centroid,town,1,-172.75833333333335,-551.7416666666667,0.0769,0.125,0.2979,0,1,0,0,0,0,none,2,0.0
97c594013b0e,AD001958,vendor_pin,locality,1,3635.9,503.5,0.1538,0.1795,0.3299,1,1,0,0,0,0,locality,3,3952.1
42b3d12088c0,AD001958,locality_centroid,locality,1,3653.7,367.3,0.1538,0.1795,0.3299,1,1,0,0,0,0,none,3,3935.3
c0707feb52d3,AD001958,town_centroid,town,1,-172.75833333333335,-551.7416666666667,0.1538,0.1795,0.3299,1,1,0,0,0,0,none,3,0.0
0119adf1df57,AD001959,vendor_pin,street,1,2107.2,-1380.9,0.1667,0.1951,0.3495,1,1,0,0,0,0,street,3,2326.7
902b544249f9,AD001959,locality_centroid,locality,1,1939.0,-996.1,0.1667,0.1951,0.3495,1,1,0,0,0,0,none,3,2046.5
8aa6f068e0fb,AD001959,town_centroid,town,1,-46.70000000000002,-500.9083333333333,0.1667,0.1951,0.3495,1,1,0,0,0,0,none,3,0.0
36f58c9292df,AD001960,vendor_pin,locality,1,2839.3,-2122.9,0.1818,0.1316,0.2581,1,1,0,0,0,0,locality,3,3310.6
62266483b43f,AD001960,locality_centroid,locality,1,2735.1,-2128.6,0.1818,0.1316,0.2581,1,1,0,0,0,0,none,3,3223.0
a0e039ca5df6,AD001960,town_centroid,town,1,-46.70000000000002,-500.9083333333333,0.1818,0.1316,0.2581,1,1,0,0,0,0,none,3,0.0
7983410d77e6,AD001961,vendor_pin,locality,1,-2980.7,1212.5,0.1818,0.1791,0.3294,1,1,0,0,0,0,locality,3,3397.7
90f916480cd5,AD001961,locality_centroid,locality,1,-2863.9,1096.5,0.1818,0.1791,0.3294,1,1,0,0,0,0,none,3,3238.6
30b47d40d61e,AD001961,town_centroid,town,1,-46.70000000000002,-500.9083333333333,0.1818,0.1791,0.3294,1,1,0,0,0,0,none,3,0.0
445ad54b0fdb,AD001962,vendor_pin,locality,1,1419.9,-2046.5,0.25,0.1698,0.3014,1,0,0,0,1,0,locality,4,2228.3
f1fcecbc46c6,AD001962,locality_centroid,locality,1,1577.4,-2059.5,0.25,0.1698,0.3014,1,0,0,0,1,0,none,4,2285.6
c4fa7fa701c7,AD001962,town_centroid,town,1,856.3249999999999,109.34166666666668,0.25,0.1698,0.3014,1,0,0,0,1,0,none,4,0.0
4ed32adcf4bf,AD001962,prior_field_cluster,street,1,1410.8,-1966.1,0.25,0.1698,0.3014,1,0,0,0,1,0,none,4,2148.2
d70d3eb1ea59,AD001963,vendor_pin,locality,1,-481.9,-311.2,0.2222,0.1864,0.325,1,1,0,0,0,0,locality,4,1402.7
9f26cf3b0a0b,AD001963,locality_centroid,locality,1,-533.7,-484.7,0.2222,0.1864,0.325,1,1,0,0,0,0,none,4,1511.6
a33317bafe24,AD001963,town_centroid,town,1,856.3249999999999,109.34166666666668,0.2222,0.1864,0.325,1,1,0,0,0,0,none,4,0.0
2f061131a800,AD001963,prior_field_cluster,street,1,-313.9,-737.8,0.2222,0.1864,0.325,1,1,0,0,0,0,none,4,1444.7
b7f275058bb0,AD001964,vendor_pin,locality,1,3261.6,-2003.7,0.1818,0.1538,0.2963,1,1,0,0,0,0,locality,3,3728.7
fe30e2c4a2ef,AD001964,locality_centroid,locality,1,3188.8,-1960.7,0.1818,0.1538,0.2963,1,1,0,0,0,0,none,3,3644.9
e5341900715d,AD001964,town_centroid,town,1,-172.75833333333335,-551.7416666666667,0.1818,0.1538,0.2963,1,1,0,0,0,0,none,3,0.0
f93205bde5ec,AD001965,vendor_pin,locality,1,864.1,1170.7,0.1818,0.1316,0.2609,1,1,0,0,0,0,locality,3,1061.4
20b35b85d36a,AD001965,locality_centroid,locality,1,987.4,1270.5,0.1818,0.1316,0.2609,1,1,0,0,0,0,none,3,1168.5
1a3be4d8f809,AD001965,town_centroid,town,1,856.3249999999999,109.34166666666668,0.1818,0.1316,0.2609,1,1,0,0,0,0,none,3,0.0
6ec5312b65ec,AD001966,vendor_pin,locality,1,2575.0,-1393.3,0.1538,0.1111,0.2264,1,1,0,0,0,0,locality,3,2282.9
eda218057765,AD001966,locality_centroid,locality,1,2589.2,-1273.1,0.1538,0.1111,0.2264,1,1,0,0,0,0,none,3,2216.8
df88c3f70c77,AD001966,town_centroid,town,1,856.3249999999999,109.34166666666668,0.1538,0.1111,0.2264,1,1,0,0,0,0,none,3,0.0
899e6b2eb2ae,AD001967,vendor_pin,locality,1,-1769.9,2444.6,0.2857,0.22,0.3939,1,1,0,0,0,0,locality,3,3412.5
a377c26f7563,AD001967,locality_centroid,locality,1,-1885.4,2441.1,0.2857,0.22,0.3939,1,1,0,0,0,0,none,3,3469.3
6d1265706dc3,AD001967,town_centroid,town,1,-46.70000000000002,-500.9083333333333,0.2857,0.22,0.3939,1,1,0,0,0,0,none,3,0.0
20e8cbba2bec,AD001968,vendor_pin,locality,1,2791.8,641.8,0.2222,0.1667,0.3158,1,0,0,0,0,0,locality,3,2007.4
d940a3030665,AD001968,locality_centroid,locality,1,3029.6,575.7,0.2222,0.1667,0.3158,1,0,0,0,0,0,none,3,2222.7
a2508f4f3de6,AD001968,town_centroid,town,1,856.3249999999999,109.34166666666668,0.2222,0.1667,0.3158,1,0,0,0,0,0,none,3,0.0
62e5efb96efa,AD001969,vendor_pin,street,1,-1299.1,-3207.5,0.2222,0.2,0.3333,1,1,0,0,0,0,street,3,3955.7
588752fd081d,AD001969,locality_centroid,locality,1,-1600.3,-2801.9,0.2222,0.2,0.3333,1,1,0,0,0,0,none,3,3809.2
3cb0a4018645,AD001969,town_centroid,town,1,856.3249999999999,109.34166666666668,0.2222,0.2,0.3333,1,1,0,0,0,0,none,3,0.0
9bf44c96adba,AD001970,vendor_pin,locality,1,-2791.3,1217.1,0.25,0.2182,0.3944,1,0,0,0,0,0,locality,3,3238.0
54bc6ed3fc5b,AD001970,locality_centroid,locality,1,-2863.9,1096.5,0.25,0.2182,0.3944,1,0,0,0,0,0,none,3,3238.6
ef40600adfd6,AD001970,town_centroid,town,1,-46.70000000000002,-500.9083333333333,0.25,0.2182,0.3944,1,0,0,0,0,0,none,3,0.0
81053a91c2ce,AD001971,vendor_pin,locality,1,2560.3,-1548.2,0.3333,0.2326,0.4138,1,1,0,0,0,0,locality,4,2377.2
cf8b0d01c656,AD001971,locality_centroid,locality,1,2589.2,-1273.1,0.3333,0.2326,0.4138,1,1,0,0,0,0,none,4,2216.8
591082279d5b,AD001971,town_centroid,town,1,856.3249999999999,109.34166666666668,0.3333,0.2326,0.4138,1,1,0,0,0,0,none,4,0.0
b3104658cba6,AD001971,prior_field_cluster,street,1,2812.7,-1268.6,0.3333,0.2326,0.4138,1,1,0,0,0,0,none,4,2392.9
d3941ecd1568,AD001972,vendor_pin,street,1,634.7,-2867.4,0.1538,0.1316,0.2526,1,1,0,0,0,0,street,4,2462.6
c4cb3d55dbaf,AD001972,locality_centroid,locality,1,665.2,-3094.2,0.1538,0.1316,0.2526,1,1,0,0,0,0,none,4,2689.2
a6f6d92d2768,AD001972,town_centroid,town,1,-46.70000000000002,-500.9083333333333,0.1538,0.1316,0.2526,1,1,0,0,0,0,none,4,0.0
24af7c058b99,AD001972,prior_field_cluster,street,1,693.0,-2849.8,0.1538,0.1316,0.2526,1,1,0,0,0,0,none,4,2462.6
6f6e8eada194,AD001973,vendor_pin,pincode,1,1841.2,-1563.4,0.0,0.0286,0.1579,0,1,0,0,0,0,pincode,3,2166.3
3f009c5e977d,AD001973,town_centroid,town,1,-46.70000000000002,-500.9083333333333,0.0,0.0286,0.1579,0,1,0,0,0,0,none,3,0.0
7f78912e826f,AD001973,prior_field_cluster,street,1,893.35,-399.65,0.0,0.0286,0.1579,0,1,0,0,0,0,none,3,945.5
9f177c11c44b,AD001974,vendor_pin,street,1,875.6,1283.5,0.25,0.2,0.3636,1,0,0,0,0,0,street,3,1174.3
1d96ad29d81b,AD001974,locality_centroid,locality,1,987.4,1270.5,0.25,0.2,0.3636,1,0,0,0,0,0,none,3,1168.5
1a165b5beca0,AD001974,town_centroid,town,1,856.3249999999999,109.34166666666668,0.25,0.2,0.3636,1,0,0,0,0,0,none,3,0.0
4500cefa8d35,AD001976,vendor_pin,street,1,3416.0,-1822.6,0.1818,0.1429,0.2824,1,1,0,0,0,0,street,3,3807.1
3b1eaa2162a4,AD001976,locality_centroid,locality,1,3188.8,-1960.7,0.1818,0.1429,0.2824,1,1,0,0,0,0,none,3,3644.9
c3b525a89302,AD001976,town_centroid,town,1,-172.75833333333335,-551.7416666666667,0.1818,0.1429,0.2824,1,1,0,0,0,0,none,3,0.0
dc9a2a79fd04,AD001977,vendor_pin,locality,1,3746.3,312.6,0.25,0.2979,0.4923,1,0,0,0,0,0,locality,4,4013.2
6d45d0bc4205,AD001977,locality_centroid,locality,1,3653.7,367.3,0.25,0.2979,0.4923,1,0,0,0,0,0,none,4,3935.3
a36b01928ffd,AD001977,town_centroid,town,1,-172.75833333333335,-551.7416666666667,0.25,0.2979,0.4923,1,0,0,0,0,0,none,4,0.0
7cf169234b98,AD001977,prior_field_cluster,street,1,3708.4,474.0,0.25,0.2979,0.4923,1,0,0,0,0,0,none,4,4014.4
3beaa041aeb0,AD001978,vendor_pin,rooftop,1,3070.8,-2540.0,0.0909,0.1111,0.24,0,1,0,0,0,0,rooftop,3,3725.1
2daf63744d0d,AD001978,town_centroid,town,1,-46.70000000000002,-500.9083333333333,0.0909,0.1111,0.24,0,1,0,0,0,0,none,3,0.0
29275aedba6a,AD001978,prior_field_cluster,street,1,2960.2,-2374.2,0.0909,0.1111,0.24,0,1,0,0,0,0,none,3,3542.7
b2f3f46bd429,AD001980,vendor_pin,locality,1,613.4,-3008.5,0.2222,0.1774,0.321,0,1,0,0,0,0,locality,2,3127.3
2bf53abcde08,AD001980,town_centroid,town,1,856.3249999999999,109.34166666666668,0.2222,0.1774,0.321,0,1,0,0,0,0,none,2,0.0
cb23fbc264e7,AD001982,vendor_pin,locality,1,-2627.5,-260.8,0.1429,0.1163,0.28,0,1,0,0,0,0,locality,3,2471.9
6a55b1c3f406,AD001982,town_centroid,town,1,-172.75833333333335,-551.7416666666667,0.1429,0.1163,0.28,0,1,0,0,0,0,none,3,0.0
78f507115ae7,AD001982,prior_field_cluster,street,1,-2528.85,-481.79999999999995,0.1429,0.1163,0.28,0,1,0,0,0,0,none,3,2357.1
bd964cf462d7,AD001983,vendor_pin,locality,1,3757.9,440.4,0.25,0.3043,0.4923,1,1,0,0,0,0,locality,3,4053.9
7cc27e71933d,AD001983,locality_centroid,locality,1,3653.7,367.3,0.25,0.3043,0.4923,1,1,0,0,0,0,none,3,3935.3
93c777a930eb,AD001983,town_centroid,town,1,-172.75833333333335,-551.7416666666667,0.25,0.3043,0.4923,1,1,0,0,0,0,none,3,0.0
3af6aef47abe,AD001984,vendor_pin,locality,1,-1057.8,-1949.1,0.0833,0.125,0.3023,0,1,0,0,0,0,locality,2,1654.1
99d9622966e0,AD001984,town_centroid,town,1,-172.75833333333335,-551.7416666666667,0.0833,0.125,0.3023,0,1,0,0,0,0,none,2,0.0
5c36740098b9,AD001985,vendor_pin,locality,1,-545.1,-3456.5,0.1818,0.1519,0.2917,1,1,0,0,0,0,locality,3,2928.5
f7c2b571861a,AD001985,locality_centroid,locality,1,-433.5,-3467.4,0.1818,0.1519,0.2917,1,1,0,0,0,0,none,3,2927.3
0dc032463931,AD001985,town_centroid,town,1,-172.75833333333335,-551.7416666666667,0.1818,0.1519,0.2917,1,1,0,0,0,0,none,3,0.0
730193937219,AD001986,vendor_pin,pincode,1,1349.5,-1917.2,0.0,0.0571,0.2308,0,1,0,0,0,0,pincode,2,2044.9
7d715ef5d28d,AD001986,town_centroid,town,1,-172.75833333333335,-551.7416666666667,0.0,0.0571,0.2308,0,1,0,0,0,0,none,2,0.0
9de7f07d0a49,AD001987,vendor_pin,pincode,1,1517.4,-1353.2,0.125,0.0943,0.254,0,1,0,0,0,0,pincode,2,1605.0
40802a235857,AD001987,town_centroid,town,1,856.3249999999999,109.34166666666668,0.125,0.0943,0.254,0,1,0,0,0,0,none,2,0.0
a47ef4593fd0,AD001988,vendor_pin,street,1,-1968.0,1774.7,0.1667,0.16,0.3043,1,1,0,0,0,0,street,3,2938.6
66412325a641,AD001988,locality_centroid,locality,1,-2446.2,1613.2,0.1667,0.16,0.3043,1,1,0,0,0,0,none,3,3139.3
717c003c99c8,AD001988,town_centroid,town,1,-172.75833333333335,-551.7416666666667,0.1667,0.16,0.3043,1,1,0,0,0,0,none,3,0.0
ea5655857218,AD001989,vendor_pin,locality,1,3364.7,-1833.8,0.2222,0.1754,0.338,1,1,0,0,0,0,locality,3,3762.6
a5592a5e35bf,AD001989,locality_centroid,locality,1,3188.8,-1960.7,0.2222,0.1754,0.338,1,1,0,0,0,0,none,3,3644.9
85866b9fcd4d,AD001989,town_centroid,town,1,-172.75833333333335,-551.7416666666667,0.2222,0.1754,0.338,1,1,0,0,0,0,none,3,0.0
0db674722e1c,AD001990,vendor_pin,locality,1,-2481.1,1432.3,0.1111,0.1552,0.3662,0,0,0,0,0,0,locality,2,3043.8
7c8116e2c9da,AD001990,town_centroid,town,1,-172.75833333333335,-551.7416666666667,0.1111,0.1552,0.3662,0,0,0,0,0,0,none,2,0.0
63b78a8bad38,AD001991,vendor_pin,locality,1,777.8,-2969.0,0.25,0.2128,0.3934,1,1,0,0,0,0,locality,4,2602.2
94d33f24bdd6,AD001991,locality_centroid,locality,1,665.2,-3094.2,0.25,0.2128,0.3934,1,1,0,0,0,0,none,4,2689.2
5bd286aaacca,AD001991,town_centroid,town,1,-46.70000000000002,-500.9083333333333,0.25,0.2128,0.3934,1,1,0,0,0,0,none,4,0.0
eece13737b3a,AD001991,prior_field_cluster,street,1,335.6,-3256.35,0.25,0.2128,0.3934,1,1,0,0,0,0,none,4,2781.8
158dc8db482c,AD001992,vendor_pin,locality,1,2767.7,-2173.1,0.25,0.2,0.375,1,1,0,0,0,0,locality,3,3273.7
637b44bf4bce,AD001992,locality_centroid,locality,1,2735.1,-2128.6,0.25,0.2,0.375,1,1,0,0,0,0,none,3,3223.0
534a6e90afb8,AD001992,town_centroid,town,1,-46.70000000000002,-500.9083333333333,0.25,0.2,0.375,1,1,0,0,0,0,none,3,0.0
670e9472bd86,AD001993,vendor_pin,locality,1,926.0,-3062.3,0.2,0.1818,0.3478,1,0,0,0,0,0,locality,3,2739.9
220b3eecb647,AD001993,locality_centroid,locality,1,665.2,-3094.2,0.2,0.1818,0.3478,1,0,0,0,0,0,none,3,2689.2
6375800b837c,AD001993,town_centroid,town,1,-46.70000000000002,-500.9083333333333,0.2,0.1818,0.3478,1,0,0,0,0,0,none,3,0.0
e5455dc3277f,AD001994,vendor_pin,street,1,3264.6,-2505.3,0.25,0.2,0.375,1,1,0,0,0,0,street,3,3953.7
757f48e7c28c,AD001994,locality_centroid,locality,1,3188.8,-1960.7,0.25,0.2,0.375,1,1,0,0,0,0,none,3,3644.9
82b867c7f6de,AD001994,town_centroid,town,1,-172.75833333333335,-551.7416666666667,0.25,0.2,0.375,1,1,0,0,0,0,none,3,0.0
4655b4c998e7,AD001995,vendor_pin,locality,1,795.6,-602.0,0.2,0.1806,0.3371,1,1,0,0,0,0,locality,4,969.7
e21e3822284c,AD001995,locality_centroid,locality,1,929.4,-822.2,0.2,0.1806,0.3371,1,1,0,0,0,0,none,4,1134.9
046c2dac632c,AD001995,town_centroid,town,1,-172.75833333333335,-551.7416666666667,0.2,0.1806,0.3371,1,1,0,0,0,0,none,4,0.0
4349410df790,AD001995,prior_field_cluster,street,1,1211.3,-710.2,0.2,0.1806,0.3371,1,1,0,0,0,0,none,4,1393.1
02c6406bf326,AD001996,vendor_pin,pincode,1,1710.7,-1949.3,0.1,0.0938,0.2338,0,1,0,0,0,0,pincode,3,2228.9
190d1df414be,AD001996,town_centroid,town,1,856.3249999999999,109.34166666666668,0.1,0.0938,0.2338,0,1,0,0,0,0,none,3,0.0
3cded6727f9d,AD001996,prior_field_cluster,street,1,1662.1,-1760.7,0.1,0.0938,0.2338,0,1,0,0,0,0,none,3,2036.3
123dc6f28b66,AD001998,vendor_pin,rooftop,1,2722.3,1738.9,0.2222,0.1587,0.3117,1,1,0,0,0,0,rooftop,3,2477.4
90c77315959b,AD001998,locality_centroid,locality,1,3029.6,575.7,0.2222,0.1587,0.3117,1,1,0,0,0,0,none,3,2222.7
573fb50f7ce8,AD001998,town_centroid,town,1,856.3249999999999,109.34166666666668,0.2222,0.1587,0.3117,1,1,0,0,0,0,none,3,0.0
bf3d6e430456,AD001999,vendor_pin,pincode,1,-2221.9,1115.3,0.0,0.0141,0.1519,0,1,0,0,0,0,pincode,2,2709.9
0b8d37b7f222,AD001999,town_centroid,town,1,-46.70000000000002,-500.9083333333333,0.0,0.0141,0.1519,0,1,0,0,0,0,none,2,0.0
c60669e61ba1,AD002000,vendor_pin,locality,1,-2680.5,-155.5,0.1667,0.1791,0.3614,0,1,0,0,0,0,locality,2,2538.9
34fae08652f3,AD002000,town_centroid,town,1,-172.75833333333335,-551.7416666666667,0.1667,0.1791,0.3614,0,1,0,0,0,0,none,2,0.0
f29dd9f763b1,AD002001,vendor_pin,locality,1,-1168.1,-1848.2,0.1818,0.1538,0.2947,1,1,0,0,0,0,locality,3,1634.5
299d0d978888,AD002001,locality_centroid,locality,1,-1112.2,-1888.2,0.1818,0.1538,0.2947,1,1,0,0,0,0,none,3,1633.6
c8a8667ac417,AD002001,town_centroid,town,1,-172.75833333333335,-551.7416666666667,0.1818,0.1538,0.2947,1,1,0,0,0,0,none,3,0.0
7213a8560ff0,AD002002,vendor_pin,locality,1,518.0,-2991.0,0.2,0.193,0.3291,1,1,0,0,0,0,locality,3,3118.7
2dd722b19916,AD002002,locality_centroid,locality,1,688.3,-3007.0,0.2,0.193,0.3291,1,1,0,0,0,0,none,3,3120.9
1b131f6682b6,AD002002,town_centroid,town,1,856.3249999999999,109.34166666666668,0.2,0.193,0.3291,1,1,0,0,0,0,none,3,0.0
8eced2e29540,AD002003,vendor_pin,street,1,-1447.2,-2485.2,0.25,0.2075,0.3611,1,1,0,0,0,0,street,3,3469.6
8ed3e58a4549,AD002003,locality_centroid,locality,1,-1600.3,-2801.9,0.25,0.2075,0.3611,1,1,0,0,0,0,none,3,3809.2
4a3b7b4d857c,AD002003,town_centroid,town,1,856.3249999999999,109.34166666666668,0.25,0.2075,0.3611,1,1,0,0,0,0,none,3,0.0
3cb7f556808a,AD002004,vendor_pin,street,1,3226.7,271.9,0.1,0.1094,0.2857,0,1,0,0,0,0,street,2,2375.9
61022d5250e8,AD002004,town_centroid,town,1,856.3249999999999,109.34166666666668,0.1,0.1094,0.2857,0,1,0,0,0,0,none,2,0.0
6b9b581a513f,AD002005,vendor_pin,locality,1,-744.1,2931.1,0.2222,0.169,0.2947,1,1,0,0,0,0,locality,3,3244.0
3b08884f0cea,AD002005,locality_centroid,locality,1,-603.5,2996.1,0.2222,0.169,0.2947,1,1,0,0,0,0,none,3,3234.9
3bc3e058a42f,AD002005,town_centroid,town,1,856.3249999999999,109.34166666666668,0.2222,0.169,0.2947,1,1,0,0,0,0,none,3,0.0
577f1319c3d9,AD002007,vendor_pin,locality,1,1629.0,-1916.1,0.25,0.1429,0.2619,1,1,0,0,0,0,locality,4,2167.8
31a52dc19204,AD002007,locality_centroid,locality,1,1577.4,-2059.5,0.25,0.1429,0.2619,1,1,0,0,0,0,none,4,2285.6
d4fa46e71d48,AD002007,town_centroid,town,1,856.3249999999999,109.34166666666668,0.25,0.1429,0.2619,1,1,0,0,0,0,none,4,0.0
7bf35e3beb67,AD002007,prior_field_cluster,street,1,1181.3000000000002,-2105.5,0.25,0.1429,0.2619,1,1,0,0,0,0,none,4,2238.6
5fb0ce1c9500,AD002008,vendor_pin,locality,1,605.6,1594.9,0.2222,0.193,0.3514,1,1,0,0,0,0,locality,3,2283.4
094f4874eeb6,AD002008,locality_centroid,locality,1,524.3,1610.0,0.2222,0.193,0.3514,1,1,0,0,0,0,none,3,2271.3
233bcdabde2c,AD002008,town_centroid,town,1,-172.75833333333335,-551.7416666666667,0.2222,0.193,0.3514,1,1,0,0,0,0,none,3,0.0
a65990bc4a6c,AD002009,vendor_pin,locality,1,-862.7,-537.9,0.1538,0.0988,0.2128,1,1,0,0,0,0,locality,4,690.1
15a050e4b3d7,AD002009,locality_centroid,locality,1,-722.6,-522.8,0.1538,0.0988,0.2128,1,1,0,0,0,0,none,4,550.6
dfaa863b0db0,AD002009,town_centroid,town,1,-172.75833333333335,-551.7416666666667,0.1538,0.0988,0.2128,1,1,0,0,0,0,none,4,0.0
256b00a30edf,AD002009,prior_field_cluster,street,1,589.9499999999999,-760.05,0.1538,0.0988,0.2128,1,1,0,0,0,0,none,4,790.6
791d4bd68ff7,AD002011,vendor_pin,pincode,1,-1026.9,-2116.1,0.0,0.0132,0.1205,0,1,0,0,0,0,pincode,2,1889.3
b9e489d0a189,AD002011,town_centroid,town,1,-46.70000000000002,-500.9083333333333,0.0,0.0132,0.1205,0,1,0,0,0,0,none,2,0.0
b0e2c4b8ee95,AD002013,vendor_pin,locality,1,2475.8,874.1,0.1111,0.14,0.3175,0,1,0,0,0,0,locality,2,2872.9
bec3a2199231,AD002013,town_centroid,town,1,-46.70000000000002,-500.9083333333333,0.1111,0.14,0.3175,0,1,0,0,0,0,none,2,0.0
aedf9116dbde,AD002014,vendor_pin,street,1,-2558.5,-2177.8,0.2,0.1719,0.321,1,1,0,0,0,0,street,3,3020.1
210487842f85,AD002014,locality_centroid,locality,1,-2195.4,-2378.6,0.2,0.1719,0.321,1,1,0,0,0,0,none,3,2853.5
37677b937ea5,AD002014,town_centroid,town,1,-46.70000000000002,-500.9083333333333,0.2,0.1719,0.321,1,1,0,0,0,0,none,3,0.0
4b2c589f5f6a,AD002015,vendor_pin,locality,1,-895.5,-3135.4,0.1,0.1429,0.3235,0,1,1,0,0,0,locality,2,2767.9
ee0f123c6c90,AD002015,town_centroid,town,1,-46.70000000000002,-500.9083333333333,0.1,0.1429,0.3235,0,1,1,0,0,0,none,2,0.0
b88b0dd664de,AD002016,vendor_pin,locality,1,2651.5,-2203.4,0.25,0.1818,0.3478,1,1,0,0,0,0,locality,4,3190.4
33a4ccedc07e,AD002016,locality_centroid,locality,1,2735.1,-2128.6,0.25,0.1818,0.3478,1,1,0,0,0,0,none,4,3223.0
0aa695ed8454,AD002016,town_centroid,town,1,-46.70000000000002,-500.9083333333333,0.25,0.1818,0.3478,1,1,0,0,0,0,none,4,0.0
d13068fc2df4,AD002016,prior_field_cluster,street,1,2775.4,-2319.6,0.25,0.1818,0.3478,1,1,0,0,0,0,none,4,3357.4
0ec906b65464,AD002018,vendor_pin,locality,1,834.5,1445.3,0.0833,0.0896,0.275,0,1,0,0,0,0,locality,2,1336.1
3f24546d25e5,AD002018,town_centroid,town,1,856.3249999999999,109.34166666666668,0.0833,0.0896,0.275,0,1,0,0,0,0,none,2,0.0
80bf89603db2,AD002019,vendor_pin,locality,1,1406.9,-1940.0,0.2857,0.1957,0.3333,1,1,0,0,0,0,locality,3,2122.0
1a1155f959d8,AD002019,locality_centroid,locality,1,1577.4,-2059.5,0.2857,0.1957,0.3333,1,1,0,0,0,0,none,3,2285.6
72fc85f8f785,AD002019,town_centroid,town,1,856.3249999999999,109.34166666666668,0.2857,0.1957,0.3333,1,1,0,0,0,0,none,3,0.0
e8b504c5e52c,AD002021,vendor_pin,locality,1,2912.2,-2130.1,0.0714,0.0897,0.2391,0,1,0,0,0,0,locality,2,3377.8
c4cbc6907075,AD002021,town_centroid,town,1,-46.70000000000002,-500.9083333333333,0.0714,0.0897,0.2391,0,1,0,0,0,0,none,2,0.0
d8bdc6487b26,AD002022,vendor_pin,locality,1,-806.5,-237.5,0.2,0.1333,0.2778,1,1,0,0,0,0,locality,3,707.4
20d6d5da5816,AD002022,locality_centroid,locality,1,-722.6,-522.8,0.2,0.1333,0.2778,1,1,0,0,0,0,none,3,550.6
533e09788bb0,AD002022,town_centroid,town,1,-172.75833333333335,-551.7416666666667,0.2,0.1333,0.2778,1,1,0,0,0,0,none,3,0.0
50bfa992fdc2,AD002023,vendor_pin,locality,1,-2447.9,1745.5,0.1111,0.1579,0.3714,0,1,0,0,0,0,locality,3,3233.2
1a31c3fd3fb1,AD002023,town_centroid,town,1,-172.75833333333335,-551.7416666666667,0.1111,0.1579,0.3714,0,1,0,0,0,0,none,3,0.0
1cbab5a0bbe2,AD002023,prior_field_cluster,street,1,-2775.35,1754.75,0.1111,0.1579,0.3714,0,1,0,0,0,0,none,3,3477.6
8024f0e655dc,AD002024,vendor_pin,locality,1,1676.3,-977.3,0.1111,0.2131,0.425,0,1,0,0,0,0,locality,2,1787.6
467a1ed3a373,AD002024,town_centroid,town,1,-46.70000000000002,-500.9083333333333,0.1111,0.2131,0.425,0,1,0,0,0,0,none,2,0.0
e0b26a75e117,AD002025,vendor_pin,locality,1,-2418.2,1573.6,0.1,0.1579,0.338,0,1,0,0,0,0,locality,2,3091.8
d09e97a03adf,AD002025,town_centroid,town,1,-172.75833333333335,-551.7416666666667,0.1,0.1579,0.338,0,1,0,0,0,0,none,2,0.0
3c4c50d65376,AD002026,vendor_pin,locality,1,-1756.9,-2671.6,0.5,0.44,0.5532,1,1,0,0,0,0,locality,3,3816.1
3153b4d12f79,AD002026,locality_centroid,locality,1,-1600.3,-2801.9,0.5,0.44,0.5532,1,1,0,0,0,0,none,3,3809.2
e90801ab6bec,AD002026,town_centroid,town,1,856.3249999999999,109.34166666666668,0.5,0.44,0.5532,1,1,0,0,0,0,none,3,0.0
7497bad6ec5b,AD002027,vendor_pin,locality,1,-587.7,-485.8,0.4,0.3143,0.4643,1,1,0,0,0,0,locality,4,1561.9
c3309ca2b756,AD002027,locality_centroid,locality,1,-533.7,-484.7,0.4,0.3143,0.4643,1,1,0,0,0,0,none,4,1511.6
0ad207ecaac9,AD002027,town_centroid,town,1,856.3249999999999,109.34166666666668,0.4,0.3143,0.4643,1,1,0,0,0,0,none,4,0.0
910b24f9a4ee,AD002027,prior_field_cluster,street,1,-393.9,-603.9,0.4,0.3143,0.4643,1,1,0,0,0,0,none,4,1439.4
ea95148c842b,AD002028,vendor_pin,locality,1,-137.3,1302.9,0.1818,0.125,0.2418,1,1,0,0,0,0,locality,3,1553.0
956b7f218f91,AD002028,locality_centroid,locality,1,-200.6,1476.5,0.1818,0.125,0.2418,1,1,0,0,0,0,none,3,1728.1
aa1bc33fa5ca,AD002028,town_centroid,town,1,856.3249999999999,109.34166666666668,0.1818,0.125,0.2418,1,1,0,0,0,0,none,3,0.0
31de20a8564c,AD002029,vendor_pin,locality,1,2404.4,1005.0,0.25,0.18,0.3438,1,1,0,0,0,0,locality,4,2876.7
1b20f7e3427a,AD002029,locality_centroid,locality,1,2499.2,994.1,0.25,0.18,0.3438,1,1,0,0,0,0,none,4,2952.4
4e3ee1ac7c83,AD002029,town_centroid,town,1,-46.70000000000002,-500.9083333333333,0.25,0.18,0.3438,1,1,0,0,0,0,none,4,0.0
c6ecd917eb94,AD002029,prior_field_cluster,street,1,2694.1,1453.4,0.25,0.18,0.3438,1,1,0,0,0,0,none,4,3366.2
77ae43277f50,AD002030,vendor_pin,locality,1,2346.7,1756.7,0.2857,0.1892,0.3273,1,1,0,0,0,0,locality,3,2221.5
aee98ccae36c,AD002030,locality_centroid,locality,1,2308.9,1849.5,0.2857,0.1892,0.3273,1,1,0,0,0,0,none,3,2266.7
ff55e5724077,AD002030,town_centroid,town,1,856.3249999999999,109.34166666666668,0.2857,0.1892,0.3273,1,1,0,0,0,0,none,3,0.0
47986a8d15a0,AD002031,vendor_pin,street,1,4043.4,873.3,0.1667,0.1867,0.3404,1,1,0,0,0,0,street,3,4450.5
ffab05c7b4e5,AD002031,locality_centroid,locality,1,3653.7,367.3,0.1667,0.1867,0.3404,1,1,0,0,0,0,none,3,3935.3
4c11bdca3b86,AD002031,town_centroid,town,1,-172.75833333333335,-551.7416666666667,0.1667,0.1867,0.3404,1,1,0,0,0,0,none,3,0.0
88991dee8376,AD002033,vendor_pin,locality,1,-2586.4,-20.9,0.25,0.2143,0.3736,1,1,0,0,0,0,locality,3,2471.3
9c9a1cb8284a,AD002033,locality_centroid,locality,1,-2605.6,-262.1,0.25,0.2143,0.3736,1,1,0,0,0,0,none,3,2450.0
e60b0e418820,AD002033,town_centroid,town,1,-172.75833333333335,-551.7416666666667,0.25,0.2143,0.3736,1,1,0,0,0,0,none,3,0.0
2c5961c77bbb,AD002034,vendor_pin,pincode,1,1701.6,-2518.7,0.1,0.0794,0.2432,0,1,0,0,0,0,pincode,3,2760.6
7ef801bee5fe,AD002034,town_centroid,town,1,856.3249999999999,109.34166666666668,0.1,0.0794,0.2432,0,1,0,0,0,0,none,3,0.0
9bb37ef15894,AD002034,prior_field_cluster,street,1,2330.3,-1046.55,0.1,0.0794,0.2432,0,1,0,0,0,0,none,3,1873.1
f4de9617bd86,AD002035,vendor_pin,locality,1,-857.8,-485.7,0.1818,0.1111,0.2353,1,1,0,0,0,0,locality,3,688.2
2db37abb8268,AD002035,locality_centroid,locality,1,-722.6,-522.8,0.1818,0.1111,0.2353,1,1,0,0,0,0,none,3,550.6
b37c18c51bb5,AD002035,town_centroid,town,1,-172.75833333333335,-551.7416666666667,0.1818,0.1111,0.2353,1,1,0,0,0,0,none,3,0.0
2e1ef0f6bbcb,AD002036,vendor_pin,locality,1,-1126.1,-1825.6,0.1818,0.1765,0.3294,1,1,0,0,0,0,locality,3,1591.1
fb39c799bdf0,AD002036,locality_centroid,locality,1,-1112.2,-1888.2,0.1818,0.1765,0.3294,1,1,0,0,0,0,none,3,1633.6
76208c2531b4,AD002036,town_centroid,town,1,-172.75833333333335,-551.7416666666667,0.1818,0.1765,0.3294,1,1,0,0,0,0,none,3,0.0
76a54b339c4c,AD002037,vendor_pin,locality,1,1226.7,-3860.1,0.25,0.1837,0.3333,1,1,0,0,0,0,locality,3,3592.2
1b054152c8c3,AD002037,locality_centroid,locality,1,1155.3,-3613.0,0.25,0.1837,0.3333,1,1,0,0,0,0,none,3,3336.9
e8da634d3e2e,AD002037,town_centroid,town,1,-172.75833333333335,-551.7416666666667,0.25,0.1837,0.3333,1,1,0,0,0,0,none,3,0.0
da46ac7bc9d8,AD002038,vendor_pin,locality,1,2559.2,-2245.9,0.1667,0.1449,0.2824,1,1,1,0,0,0,locality,4,3136.2
b48cb945d6ce,AD002038,locality_centroid,locality,1,2735.1,-2128.6,0.1667,0.1449,0.2824,1,1,1,0,0,0,none,4,3223.0
626e9c8b7b3b,AD002038,town_centroid,town,1,-46.70000000000002,-500.9083333333333,0.1667,0.1449,0.2824,1,1,1,0,0,0,none,4,0.0
7e032881a7b6,AD002038,prior_field_cluster,street,1,3033.95,-2480.2,0.1667,0.1449,0.2824,1,1,1,0,0,0,none,4,3661.7
141309b24f40,AD002039,vendor_pin,locality,1,2762.4,-2184.1,0.0769,0.0959,0.2558,0,1,0,0,0,0,locality,2,3274.8
f58bf1dcc381,AD002039,town_centroid,town,1,-46.70000000000002,-500.9083333333333,0.0769,0.0959,0.2558,0,1,0,0,0,0,none,2,0.0
b259bb9cf163,AD002040,vendor_pin,locality,1,-3774.3,-749.5,0.3,0.2381,0.4146,1,1,0,0,0,0,locality,3,3607.0
cd5bb58c9c3c,AD002040,locality_centroid,locality,1,-3766.2,-883.9,0.3,0.2381,0.4146,1,1,0,0,0,0,none,3,3608.8
6624c851f7c4,AD002040,town_centroid,town,1,-172.75833333333335,-551.7416666666667,0.3,0.2381,0.4146,1,1,0,0,0,0,none,3,0.0
73fd2d5da52e,AD002042,vendor_pin,locality,1,-2402.2,-340.0,0.2,0.1967,0.3896,0,1,0,0,0,0,locality,2,2239.5
9cf79000e6d9,AD002042,town_centroid,town,1,-172.75833333333335,-551.7416666666667,0.2,0.1967,0.3896,0,1,0,0,0,0,none,2,0.0
f84cd00cb805,AD002043,vendor_pin,locality,1,2935.9,675.0,0.3333,0.25,0.4444,1,1,0,0,0,0,locality,4,2155.1
00dd21cf45e1,AD002043,locality_centroid,locality,1,3029.6,575.7,0.3333,0.25,0.4444,1,1,0,0,0,0,none,4,2222.7
f94a80fa9392,AD002043,town_centroid,town,1,856.3249999999999,109.34166666666668,0.3333,0.25,0.4444,1,1,0,0,0,0,none,4,0.0
e29fdd60442e,AD002043,prior_field_cluster,street,1,2947.25,98.35,0.3333,0.25,0.4444,1,1,0,0,0,0,none,4,2091.0
4a2d53c89b09,AD002044,vendor_pin,locality,1,3245.6,-2036.8,0.25,0.1923,0.3582,1,1,0,0,0,0,locality,4,3727.0
3880df146ed2,AD002044,locality_centroid,locality,1,3188.8,-1960.7,0.25,0.1923,0.3582,1,1,0,0,0,0,none,4,3644.9
eaf1fbe44e28,AD002044,town_centroid,town,1,-172.75833333333335,-551.7416666666667,0.25,0.1923,0.3582,1,1,0,0,0,0,none,4,0.0
61e273fee88a,AD002044,prior_field_cluster,street,1,3242.05,-2067.55,0.25,0.1923,0.3582,1,1,0,0,0,0,none,4,3736.1
666c89d403d1,AD002045,vendor_pin,locality,1,-858.4,-525.9,0.2,0.193,0.3421,1,1,0,0,0,0,locality,4,1828.6
89852d89676f,AD002045,locality_centroid,locality,1,-533.7,-484.7,0.2,0.193,0.3421,1,1,0,0,0,0,none,4,1511.6
3585559ff8a6,AD002045,town_centroid,town,1,856.3249999999999,109.34166666666668,0.2,0.193,0.3421,1,1,0,0,0,0,none,4,0.0
274f63f0871b,AD002045,prior_field_cluster,street,1,-955.55,-691.6500000000001,0.2,0.193,0.3421,1,1,0,0,0,0,none,4,1981.0
7c9a1483da3b,AD002046,vendor_pin,locality,1,-915.5,-3290.1,0.1818,0.1587,0.3077,1,1,0,0,0,0,locality,4,2921.4
7fdaf2012b88,AD002046,locality_centroid,locality,1,-1053.3,-3163.0,0.1818,0.1587,0.3077,1,1,0,0,0,0,none,4,2846.0
ec9ba7ee933f,AD002046,town_centroid,town,1,-46.70000000000002,-500.9083333333333,0.1818,0.1587,0.3077,1,1,0,0,0,0,none,4,0.0
4382c9e697bf,AD002046,prior_field_cluster,street,1,-1008.3,-3577.5,0.1818,0.1587,0.3077,1,1,0,0,0,0,none,4,3223.4
c35716130d44,AD002047,vendor_pin,locality,1,-2733.3,-348.6,0.1667,0.1493,0.3373,0,1,0,0,0,0,locality,2,2568.6
bf7a5314cf30,AD002047,town_centroid,town,1,-172.75833333333335,-551.7416666666667,0.1667,0.1493,0.3373,0,1,0,0,0,0,none,2,0.0
57f2d9d398ec,AD002048,vendor_pin,locality,1,845.6,-775.5,0.2,0.2063,0.375,1,1,0,0,0,0,locality,3,1042.7
656982a3331e,AD002048,locality_centroid,locality,1,929.4,-822.2,0.2,0.2063,0.375,1,1,0,0,0,0,none,3,1134.9
98fe60b69ca9,AD002048,town_centroid,town,1,-172.75833333333335,-551.7416666666667,0.2,0.2063,0.375,1,1,0,0,0,0,none,3,0.0
bf4a0344b222,AD002049,vendor_pin,locality,1,3726.8,385.8,0.1818,0.2029,0.3636,1,1,0,0,0,0,locality,3,4010.7
2409c3425c0b,AD002049,locality_centroid,locality,1,3653.7,367.3,0.1818,0.2029,0.3636,1,1,0,0,0,0,none,3,3935.3
5a4e16db02bd,AD002049,town_centroid,town,1,-172.75833333333335,-551.7416666666667,0.1818,0.2029,0.3636,1,1,0,0,0,0,none,3,0.0
4a8965ab03de,AD002050,vendor_pin,locality,1,-586.3,2764.2,0.2,0.1905,0.3256,1,1,0,0,0,0,locality,3,3021.5
bacf599313e5,AD002050,locality_centroid,locality,1,-603.5,2996.1,0.2,0.1905,0.3256,1,1,0,0,0,0,none,3,3234.9
e9c4cf40a543,AD002050,town_centroid,town,1,856.3249999999999,109.34166666666668,0.2,0.1905,0.3256,1,1,0,0,0,0,none,3,0.0
4d0a225ba07f,AD002051,vendor_pin,locality,1,-422.4,-3513.5,0.1818,0.16,0.3077,1,1,0,0,0,0,locality,3,2972.3
c4af3275ebcd,AD002051,locality_centroid,locality,1,-433.5,-3467.4,0.1818,0.16,0.3077,1,1,0,0,0,0,none,3,2927.3
0b801e1cc35c,AD002051,town_centroid,town,1,-172.75833333333335,-551.7416666666667,0.1818,0.16,0.3077,1,1,0,0,0,0,none,3,0.0
6345ce699fe7,AD002052,vendor_pin,locality,1,2.3,1337.9,0.25,0.1915,0.3284,1,1,0,0,0,0,locality,3,1496.2
cb13e8d83b18,AD002052,locality_centroid,locality,1,-200.6,1476.5,0.25,0.1915,0.3284,1,1,0,0,0,0,none,3,1728.1
570f5d2c7e70,AD002052,town_centroid,town,1,856.3249999999999,109.34166666666668,0.25,0.1915,0.3284,1,1,0,0,0,0,none,3,0.0
634ab1fdbb36,AD002053,vendor_pin,locality,1,-206.5,1462.1,0.2,0.1364,0.2558,1,1,0,0,0,0,locality,3,1720.3
870298a32f56,AD002053,locality_centroid,locality,1,-200.6,1476.5,0.2,0.1364,0.2558,1,1,0,0,0,0,none,3,1728.1
6ee39af2358c,AD002053,town_centroid,town,1,856.3249999999999,109.34166666666668,0.2,0.1364,0.2558,1,1,0,0,0,0,none,3,0.0
9510aaea9228,AD002054,vendor_pin,locality,1,1317.3,21.4,0.2,0.1692,0.321,1,1,0,0,0,0,locality,3,469.3
c705b49c301e,AD002054,locality_centroid,locality,1,1046.9,-2.6,0.2,0.1692,0.321,1,1,0,0,0,0,none,3,221.0
dd56be252f0d,AD002054,town_centroid,town,1,856.3249999999999,109.34166666666668,0.2,0.1692,0.321,1,1,0,0,0,0,none,3,0.0
df3dbb46117e,AD002055,vendor_pin,locality,1,3047.1,722.5,0.0769,0.0986,0.241,0,1,0,0,0,0,locality,2,2275.0
117b6d9b3526,AD002055,town_centroid,town,1,856.3249999999999,109.34166666666668,0.0769,0.0986,0.241,0,1,0,0,0,0,none,2,0.0
ef21045abcca,AD002056,vendor_pin,locality,1,3033.4,411.0,0.1429,0.1667,0.4074,0,1,0,0,0,0,locality,2,2197.9
8c6cb3e92c80,AD002056,town_centroid,town,1,856.3249999999999,109.34166666666668,0.1429,0.1667,0.4074,0,1,0,0,0,0,none,2,0.0
901982a16136,AD002057,vendor_pin,pincode,1,1467.1,1916.4,0.1,0.0923,0.2597,0,0,0,0,0,0,pincode,3,1907.5
aa5e21fc174d,AD002057,town_centroid,town,1,856.3249999999999,109.34166666666668,0.1,0.0923,0.2597,0,0,0,0,0,0,none,3,0.0
2500e040b05e,AD002057,prior_field_cluster,street,1,861.4000000000001,2966.75,0.1,0.0923,0.2597,0,0,0,0,0,0,none,3,2857.4
2789d85cafd9,AD002059,vendor_pin,locality,1,1460.0,-1987.4,0.1111,0.1404,0.3014,0,1,0,0,0,0,locality,3,2181.9
460c8b9a4866,AD002059,town_centroid,town,1,856.3249999999999,109.34166666666668,0.1111,0.1404,0.3014,0,1,0,0,0,0,none,3,0.0
17825ec2c6d2,AD002059,prior_field_cluster,street,1,1214.3,-2023.15,0.1111,0.1404,0.3014,0,1,0,0,0,0,none,3,2162.3
9916f04d555b,AD002060,vendor_pin,street,1,597.4,-350.4,0.0833,0.1169,0.2637,0,1,0,0,0,0,street,3,661.5
cb50f192ce0d,AD002060,town_centroid,town,1,-46.70000000000002,-500.9083333333333,0.0833,0.1169,0.2637,0,1,0,0,0,0,none,3,0.0
20b416c986ab,AD002060,prior_field_cluster,street,1,760.6,-348.7,0.0833,0.1169,0.2637,0,1,0,0,0,0,none,3,821.5
70fd9666ec46,AD002061,vendor_pin,street,1,693.7,-3107.2,0.25,0.2174,0.3934,1,1,0,0,0,0,street,4,2709.4
18a136bb37e4,AD002061,locality_centroid,locality,1,665.2,-3094.2,0.25,0.2174,0.3934,1,1,0,0,0,0,none,4,2689.2
d9f235be97a3,AD002061,town_centroid,town,1,-46.70000000000002,-500.9083333333333,0.25,0.2174,0.3934,1,1,0,0,0,0,none,4,0.0
8bb625adf985,AD002061,prior_field_cluster,street,1,799.3,-2984.45,0.25,0.2174,0.3934,1,1,0,0,0,0,none,4,2623.7
2f6d22c2baed,AD002062,vendor_pin,locality,1,2112.1,-1117.3,0.1429,0.1839,0.3243,1,1,0,0,0,0,locality,4,2245.1
33e4076e7724,AD002062,locality_centroid,locality,1,1939.0,-996.1,0.1429,0.1839,0.3243,1,1,0,0,0,0,none,4,2046.5
4b0a15dac491,AD002062,town_centroid,town,1,-46.70000000000002,-500.9083333333333,0.1429,0.1839,0.3243,1,1,0,0,0,0,none,4,0.0
65a76bd1cb14,AD002062,prior_field_cluster,street,1,910.7,-92.7,0.1429,0.1839,0.3243,1,1,0,0,0,0,none,4,1040.8
eca327291f4c,AD002063,vendor_pin,locality,1,938.7,69.2,0.25,0.22,0.3881,1,1,0,0,0,0,locality,3,91.6
99429098b265,AD002063,locality_centroid,locality,1,1046.9,-2.6,0.25,0.22,0.3881,1,1,0,0,0,0,none,3,221.0
d023dca146c0,AD002063,town_centroid,town,1,856.3249999999999,109.34166666666668,0.25,0.22,0.3881,1,1,0,0,0,0,none,3,0.0
ef0eeab74503,AD002064,vendor_pin,locality,1,679.7,-2954.3,0.25,0.2,0.3333,1,0,0,0,0,0,locality,4,3068.7
a9a99f67efd9,AD002064,locality_centroid,locality,1,688.3,-3007.0,0.25,0.2,0.3333,1,0,0,0,0,0,none,4,3120.9
fd65a239c9c7,AD002064,town_centroid,town,1,856.3249999999999,109.34166666666668,0.25,0.2,0.3333,1,0,0,0,0,0,none,4,0.0
57fdea9ec503,AD002064,prior_field_cluster,street,1,106.1,-2982.3,0.25,0.2,0.3333,1,0,0,0,0,0,none,4,3181.4
9919dfecd1d8,AD002065,vendor_pin,street,1,2763.3,856.4,0.0909,0.1129,0.2895,0,1,0,0,0,0,street,2,2048.1
137536afba4c,AD002065,town_centroid,town,1,856.3249999999999,109.34166666666668,0.0909,0.1129,0.2895,0,1,0,0,0,0,none,2,0.0
226c7aaebb2f,AD002066,vendor_pin,locality,1,1467.8,-1921.0,0.2222,0.1552,0.2933,1,0,0,0,0,0,locality,4,2120.4
97aeadbeae43,AD002066,locality_centroid,locality,1,1577.4,-2059.5,0.2222,0.1552,0.2933,1,0,0,0,0,0,none,4,2285.6
53d476c81b49,AD002066,town_centroid,town,1,856.3249999999999,109.34166666666668,0.2222,0.1552,0.2933,1,0,0,0,0,0,none,4,0.0
ae9a84ecd878,AD002066,prior_field_cluster,street,1,1418.9,-2285.7,0.2222,0.1552,0.2933,1,0,0,0,0,0,none,4,2460.2
c77443d26017,AD002067,vendor_pin,locality,1,1143.0,-221.8,0.1111,0.1698,0.3636,0,1,0,0,0,0,locality,3,1222.0
332fcaa5fd66,AD002067,town_centroid,town,1,-46.70000000000002,-500.9083333333333,0.1111,0.1698,0.3636,0,1,0,0,0,0,none,3,0.0
822da0626d6c,AD002067,prior_field_cluster,street,1,1028.0,-389.7,0.1111,0.1698,0.3636,0,1,0,0,0,0,none,3,1080.4
74e8e6537f7f,AD002068,vendor_pin,locality,1,-2408.7,1503.1,0.125,0.1915,0.4,0,1,0,0,0,0,locality,3,3036.7
a84209813beb,AD002068,town_centroid,town,1,-172.75833333333335,-551.7416666666667,0.125,0.1915,0.4,0,1,0,0,0,0,none,3,0.0
ad897572cdfe,AD002068,prior_field_cluster,street,1,-2054.2,1522.3,0.125,0.1915,0.4,0,1,0,0,0,0,none,3,2800.3
5441b2083754,AD002069,vendor_pin,locality,1,3724.5,435.0,0.1429,0.175,0.3168,1,1,0,0,0,0,locality,4,4020.2
912185ec1b0e,AD002069,locality_centroid,locality,1,3653.7,367.3,0.1429,0.175,0.3168,1,1,0,0,0,0,none,4,3935.3
dbfc277b89ee,AD002069,town_centroid,town,1,-172.75833333333335,-551.7416666666667,0.1429,0.175,0.3168,1,1,0,0,0,0,none,4,0.0
aac35bedb17b,AD002069,prior_field_cluster,street,1,3836.15,512.0,0.1429,0.175,0.3168,1,1,0,0,0,0,none,4,4147.6
271a59dd8e6d,AD002070,vendor_pin,locality,1,-255.7,-3615.4,0.25,0.2308,0.4118,1,1,0,0,0,0,locality,4,3064.8
4bffda756170,AD002070,locality_centroid,locality,1,-433.5,-3467.4,0.25,0.2308,0.4118,1,1,0,0,0,0,none,4,2927.3
c037fcaeae77,AD002070,town_centroid,town,1,-172.75833333333335,-551.7416666666667,0.25,0.2308,0.4118,1,1,0,0,0,0,none,4,0.0
9b3ea00bc405,AD002070,prior_field_cluster,street,1,1022.1,-2301.7,0.25,0.2308,0.4118,1,1,0,0,0,0,none,4,2119.0
4ac86248f49b,AD002071,vendor_pin,rooftop,1,3708.7,-2280.2,0.1667,0.1351,0.2697,1,1,0,0,0,0,rooftop,3,4248.9
c2c7ac6d1957,AD002071,locality_centroid,locality,1,3188.8,-1960.7,0.1667,0.1351,0.2697,1,1,0,0,0,0,none,3,3644.9
277041f7a358,AD002071,town_centroid,town,1,-172.75833333333335,-551.7416666666667,0.1667,0.1351,0.2697,1,1,0,0,0,0,none,3,0.0
6733542570ea,AD002072,vendor_pin,locality,1,-639.9,-3430.4,0.1538,0.1379,0.2718,1,0,0,0,0,0,locality,3,2916.3
103d55f8038c,AD002072,locality_centroid,locality,1,-433.5,-3467.4,0.1538,0.1379,0.2718,1,0,0,0,0,0,none,3,2927.3
00f7afb211f1,AD002072,town_centroid,town,1,-172.75833333333335,-551.7416666666667,0.1538,0.1379,0.2718,1,0,0,0,0,0,none,3,0.0
b058e08de3bd,AD002073,vendor_pin,street,1,-2333.0,-2349.6,0.0833,0.1286,0.2892,0,1,0,0,0,0,street,2,2940.2
7cc5c936d4bd,AD002073,town_centroid,town,1,-46.70000000000002,-500.9083333333333,0.0833,0.1286,0.2892,0,1,0,0,0,0,none,2,0.0
235cf9fc3e78,AD002074,vendor_pin,street,1,1727.8,-1687.5,0.2,0.1406,0.2619,1,1,0,0,0,0,street,4,1997.0
4020aedddfee,AD002074,locality_centroid,locality,1,1577.4,-2059.5,0.2,0.1406,0.2619,1,1,0,0,0,0,none,4,2285.6
335e82746051,AD002074,town_centroid,town,1,856.3249999999999,109.34166666666668,0.2,0.1406,0.2619,1,1,0,0,0,0,none,4,0.0
167211d3d087,AD002074,prior_field_cluster,street,1,1750.0,-1651.8,0.2,0.1406,0.2619,1,1,0,0,0,0,none,4,1974.9
cf4943f26d6a,AD002075,vendor_pin,locality,1,1545.6,-1946.4,0.2857,0.1957,0.3284,1,1,0,0,0,0,locality,3,2168.2
dae38cfb5c31,AD002075,locality_centroid,locality,1,1577.4,-2059.5,0.2857,0.1957,0.3284,1,1,0,0,0,0,none,3,2285.6
4fc0597ac082,AD002075,town_centroid,town,1,856.3249999999999,109.34166666666668,0.2857,0.1957,0.3284,1,1,0,0,0,0,none,3,0.0
260f60c01495,AD002077,vendor_pin,pincode,1,1656.2,-2345.5,0.0,0.0656,0.1739,0,1,0,0,0,0,pincode,2,2561.8
a7db0d77e716,AD002077,town_centroid,town,1,-172.75833333333335,-551.7416666666667,0.0,0.0656,0.1739,0,1,0,0,0,0,none,2,0.0
5c87f30d21f9,AD002078,vendor_pin,locality,1,1224.3,-745.5,0.1667,0.1757,0.3297,1,1,0,0,0,0,locality,3,1410.4
d292f4c080ae,AD002078,locality_centroid,locality,1,929.4,-822.2,0.1667,0.1757,0.3297,1,1,0,0,0,0,none,3,1134.9
8c33f6f33edb,AD002078,town_centroid,town,1,-172.75833333333335,-551.7416666666667,0.1667,0.1757,0.3297,1,1,0,0,0,0,none,3,0.0
51614759dcca,AD002079,vendor_pin,locality,1,-2324.0,-2521.2,0.2,0.1803,0.3377,1,1,0,0,0,0,locality,3,3044.3
b3d8954cce87,AD002079,locality_centroid,locality,1,-2195.4,-2378.6,0.2,0.1803,0.3377,1,1,0,0,0,0,none,3,2853.5
27291a2eaa77,AD002079,town_centroid,town,1,-46.70000000000002,-500.9083333333333,0.2,0.1803,0.3377,1,1,0,0,0,0,none,3,0.0
799eb436e2a1,AD002080,vendor_pin,locality,1,819.1,-2905.5,0.1111,0.1481,0.3333,0,1,0,0,0,0,locality,2,2555.7
8237defdbea0,AD002080,town_centroid,town,1,-46.70000000000002,-500.9083333333333,0.1111,0.1481,0.3333,0,1,0,0,0,0,none,2,0.0
46dad24e9af9,AD002081,vendor_pin,locality,1,866.2,-787.5,0.1667,0.1733,0.3261,1,1,0,0,0,0,locality,3,1065.4
89b7518bee96,AD002081,locality_centroid,locality,1,929.4,-822.2,0.1667,0.1733,0.3261,1,1,0,0,0,0,none,3,1134.9
1145d47fe70a,AD002081,town_centroid,town,1,-172.75833333333335,-551.7416666666667,0.1667,0.1733,0.3261,1,1,0,0,0,0,none,3,0.0
763b8a466590,AD002082,vendor_pin,street,1,2953.8,-2431.3,0.2,0.1667,0.3243,1,1,0,0,0,0,street,3,3648.0
a2ea5a3a6b0d,AD002082,locality_centroid,locality,1,3188.8,-1960.7,0.2,0.1667,0.3243,1,1,0,0,0,0,none,3,3644.9
7b6018d7b5db,AD002082,town_centroid,town,1,-172.75833333333335,-551.7416666666667,0.2,0.1667,0.3243,1,1,0,0,0,0,none,3,0.0
8a1fa0eebfe1,AD002083,vendor_pin,locality,1,-476.1,-3775.2,0.2,0.1967,0.359,1,1,0,0,0,0,locality,4,3237.7
e0fcee63fd4c,AD002083,locality_centroid,locality,1,-433.5,-3467.4,0.2,0.1967,0.359,1,1,0,0,0,0,none,4,2927.3
90d30c507963,AD002083,town_centroid,town,1,-172.75833333333335,-551.7416666666667,0.2,0.1967,0.359,1,1,0,0,0,0,none,4,0.0
c2d5bdc181c5,AD002083,prior_field_cluster,street,1,-264.8,-3969.0,0.2,0.1967,0.359,1,1,0,0,0,0,none,4,3418.5
29d299065e6c,AD002085,vendor_pin,street,1,3397.4,488.8,0.1818,0.2222,0.3902,1,1,0,0,0,0,street,3,3718.7
c5b078e3b854,AD002085,locality_centroid,locality,1,3653.7,367.3,0.1818,0.2222,0.3902,1,1,0,0,0,0,none,3,3935.3
c3b16aa7d1dd,AD002085,town_centroid,town,1,-172.75833333333335,-551.7416666666667,0.1818,0.2222,0.3902,1,1,0,0,0,0,none,3,0.0
7fe689cbc58c,AD002086,vendor_pin,pincode,1,1580.7,-2179.5,0.0,0.0656,0.2029,0,1,0,0,0,0,pincode,2,2392.5
ebd01cff26af,AD002086,town_centroid,town,1,-172.75833333333335,-551.7416666666667,0.0,0.0656,0.2029,0,1,0,0,0,0,none,2,0.0
da9f4479a1d9,AD002087,vendor_pin,locality,1,-662.0,-3420.5,0.25,0.2034,0.3733,1,1,0,0,0,0,locality,3,2910.2
4f917f71dc11,AD002087,locality_centroid,locality,1,-433.5,-3467.4,0.25,0.2034,0.3733,1,1,0,0,0,0,none,3,2927.3
427beca2fd73,AD002087,town_centroid,town,1,-172.75833333333335,-551.7416666666667,0.25,0.2034,0.3733,1,1,0,0,0,0,none,3,0.0
15d66f28bee1,AD002088,vendor_pin,locality,1,2703.5,-2314.8,0.2857,0.2128,0.3934,1,1,0,0,0,0,locality,3,3294.5
ba3d38015063,AD002088,locality_centroid,locality,1,2735.1,-2128.6,0.2857,0.2128,0.3934,1,1,0,0,0,0,none,3,3223.0
d0693b210764,AD002088,town_centroid,town,1,-46.70000000000002,-500.9083333333333,0.2857,0.2128,0.3934,1,1,0,0,0,0,none,3,0.0
118a97d2485b,AD002089,vendor_pin,locality,1,819.3,71.8,0.1,0.129,0.32,0,1,0,0,0,0,locality,3,52.7
7ff92194946b,AD002089,town_centroid,town,1,856.3249999999999,109.34166666666668,0.1,0.129,0.32,0,1,0,0,0,0,none,3,0.0
d741a261aa76,AD002089,prior_field_cluster,street,1,1030.95,241.75,0.1,0.129,0.32,0,1,0,0,0,0,none,3,219.1
cbf9b8980401,AD002090,vendor_pin,locality,1,747.6,-3187.8,0.0833,0.1159,0.2683,0,1,0,0,0,0,locality,3,2801.8
ec1776d4dbac,AD002090,town_centroid,town,1,-46.70000000000002,-500.9083333333333,0.0833,0.1159,0.2683,0,1,0,0,0,0,none,3,0.0
776ccffbc845,AD002090,prior_field_cluster,street,1,913.9,-3005.65,0.0833,0.1159,0.2683,0,1,0,0,0,0,none,3,2682.6
857ddbd9a4d6,AD002091,vendor_pin,locality,1,1545.7,-2083.9,0.25,0.1875,0.3438,0,1,0,0,0,0,locality,3,2299.0
ac30f8c8b37a,AD002091,town_centroid,town,1,856.3249999999999,109.34166666666668,0.25,0.1875,0.3438,0,1,0,0,0,0,none,3,0.0
317f473292c0,AD002091,prior_field_cluster,street,1,1767.7,-2219.8,0.25,0.1875,0.3438,0,1,0,0,0,0,none,3,2501.1
50aad705b8cd,AD002092,vendor_pin,locality,1,3814.2,505.5,0.1429,0.3158,0.5556,0,1,0,0,0,0,locality,2,4124.8
a72a7ae730c5,AD002092,town_centroid,town,1,-172.75833333333335,-551.7416666666667,0.1429,0.3158,0.5556,0,1,0,0,0,0,none,2,0.0
0e2128fa8401,AD002094,vendor_pin,locality,1,-2392.6,1619.0,0.1667,0.1446,0.28,1,1,0,0,0,0,locality,3,3104.8
a072207adf34,AD002094,locality_centroid,locality,1,-2446.2,1613.2,0.1667,0.1446,0.28,1,1,0,0,0,0,none,3,3139.3
2963ca64fb49,AD002094,town_centroid,town,1,-172.75833333333335,-551.7416666666667,0.1667,0.1446,0.28,1,1,0,0,0,0,none,3,0.0
822354717998,AD002095,vendor_pin,street,1,-3980.3,-682.1,0.2727,0.1829,0.3366,1,1,0,0,0,0,street,3,3809.8
e393a293ec7f,AD002095,locality_centroid,locality,1,-3766.2,-883.9,0.2727,0.1829,0.3366,1,1,0,0,0,0,none,3,3608.8
e8180fa98727,AD002095,town_centroid,town,1,-172.75833333333335,-551.7416666666667,0.2727,0.1829,0.3366,1,1,0,0,0,0,none,3,0.0
7b59875a8365,AD002096,vendor_pin,street,1,3481.6,794.5,0.1538,0.1867,0.3441,1,1,0,0,0,0,street,4,3894.4
39f4489b9064,AD002096,locality_centroid,locality,1,3653.7,367.3,0.1538,0.1867,0.3441,1,1,0,0,0,0,none,4,3935.3
7b5f09f56def,AD002096,town_centroid,town,1,-172.75833333333335,-551.7416666666667,0.1538,0.1867,0.3441,1,1,0,0,0,0,none,4,0.0
a9a1fa939b16,AD002096,prior_field_cluster,street,1,3590.95,627.15,0.1538,0.1867,0.3441,1,1,0,0,0,0,none,4,3944.0
469fe33bb9e0,AD002097,vendor_pin,locality,1,1038.1,-258.6,0.1818,0.1765,0.3294,1,1,0,0,0,0,locality,3,1111.5
83796daa2ac3,AD002097,locality_centroid,locality,1,1112.8,-196.7,0.1818,0.1765,0.3294,1,1,0,0,0,0,none,3,1198.7
928e1de07b89,AD002097,town_centroid,town,1,-46.70000000000002,-500.9083333333333,0.1818,0.1765,0.3294,1,1,0,0,0,0,none,3,0.0
586f1cca05d0,AD002098,vendor_pin,locality,1,-3644.5,-898.1,0.1538,0.1412,0.297,0,1,0,0,0,0,locality,2,3489.0
3a6a23c07fa9,AD002098,town_centroid,town,1,-172.75833333333335,-551.7416666666667,0.1538,0.1412,0.297,0,1,0,0,0,0,none,2,0.0
803b8344edcc,AD002099,vendor_pin,locality,1,-1020.8,-1844.2,0.0,0.0833,0.2319,0,1,0,0,0,0,locality,2,1545.8
838aa9f9e663,AD002099,town_centroid,town,1,-172.75833333333335,-551.7416666666667,0.0,0.0833,0.2319,0,1,0,0,0,0,none,2,0.0
5fc27e87aa31,AD002100,vendor_pin,pincode,1,-1710.1,-907.3,0.0,0.1053,0.2609,0,1,0,0,0,0,pincode,2,1577.9
5a92a69da4e9,AD002100,town_centroid,town,1,-172.75833333333335,-551.7416666666667,0.0,0.1053,0.2609,0,1,0,0,0,0,none,2,0.0
989e60cf2c09,AD002101,vendor_pin,street,1,-546.4,3243.0,0.2,0.2063,0.3704,1,0,0,0,0,0,street,3,3813.1
6d94c5ddda81,AD002101,locality_centroid,locality,1,-438.3,3208.9,0.2,0.2063,0.3704,1,0,0,0,0,0,none,3,3770.0
97bd78eba406,AD002101,town_centroid,town,1,-172.75833333333335,-551.7416666666667,0.2,0.2063,0.3704,1,0,0,0,0,0,none,3,0.0
e6dd6367fd88,AD002102,vendor_pin,locality,1,3280.7,-1854.9,0.1818,0.1389,0.2727,1,1,0,0,0,0,locality,4,3691.2
69be1910e29f,AD002102,locality_centroid,locality,1,3188.8,-1960.7,0.1818,0.1389,0.2727,1,1,0,0,0,0,none,4,3644.9
bfd80e934b81,AD002102,town_centroid,town,1,-172.75833333333335,-551.7416666666667,0.1818,0.1389,0.2727,1,1,0,0,0,0,none,4,0.0
a5319e9be64d,AD002102,prior_field_cluster,street,1,2960.45,-1824.6999999999998,0.1818,0.1389,0.2727,1,1,0,0,0,0,none,4,3381.9
c849b9bc22d5,AD002103,vendor_pin,locality,1,784.4,-2952.8,0.2857,0.1961,0.3692,1,1,0,0,0,0,locality,4,2588.9
f37c768713c8,AD002103,locality_centroid,locality,1,665.2,-3094.2,0.2857,0.1961,0.3692,1,1,0,0,0,0,none,4,2689.2
ab93e5200f8a,AD002103,town_centroid,town,1,-46.70000000000002,-500.9083333333333,0.2857,0.1961,0.3692,1,1,0,0,0,0,none,4,0.0
d15208939781,AD002103,prior_field_cluster,street,1,291.15,-2740.6499999999996,0.2857,0.1961,0.3692,1,1,0,0,0,0,none,4,2265.1
d43ee3b2cd3d,AD002104,vendor_pin,locality,1,2318.2,876.1,0.0769,0.0946,0.2353,0,1,0,0,0,0,locality,2,2736.6
d5deb0873706,AD002104,town_centroid,town,1,-46.70000000000002,-500.9083333333333,0.0769,0.0946,0.2353,0,1,0,0,0,0,none,2,0.0
f5ed65640cb5,AD002105,vendor_pin,locality,1,3043.6,573.3,0.1667,0.122,0.2449,1,1,0,0,0,0,locality,3,2235.9
5af0a450a18c,AD002105,locality_centroid,locality,1,3029.6,575.7,0.1667,0.122,0.2449,1,1,0,0,0,0,none,3,2222.7
998992f4e679,AD002105,town_centroid,town,1,856.3249999999999,109.34166666666668,0.1667,0.122,0.2449,1,1,0,0,0,0,none,3,0.0
43619150296a,AD002106,vendor_pin,locality,1,2827.9,-1173.7,0.25,0.1923,0.3529,1,1,0,0,0,0,locality,3,2352.3
3d4ab9860c88,AD002106,locality_centroid,locality,1,2589.2,-1273.1,0.25,0.1923,0.3529,1,1,0,0,0,0,none,3,2216.8
548dfbdef1a4,AD002106,town_centroid,town,1,856.3249999999999,109.34166666666668,0.25,0.1923,0.3529,1,1,0,0,0,0,none,3,0.0
77adacd6ea28,AD002107,vendor_pin,locality,1,-659.3,-1178.2,0.1818,0.1549,0.3023,1,1,0,0,0,0,locality,3,913.2
f097fd3a260d,AD002107,locality_centroid,locality,1,-598.6,-1329.8,0.1818,0.1549,0.3023,1,1,0,0,0,0,none,3,995.8
3f7f07625dd8,AD002107,town_centroid,town,1,-46.70000000000002,-500.9083333333333,0.1818,0.1549,0.3023,1,1,0,0,0,0,none,3,0.0
d8654048c1b0,AD002108,vendor_pin,locality,1,2765.3,-2325.1,0.1429,0.175,0.3529,0,1,0,0,0,0,locality,3,3351.9
a3455de7fe9a,AD002108,town_centroid,town,1,-46.70000000000002,-500.9083333333333,0.1429,0.175,0.3529,0,1,0,0,0,0,none,3,0.0
39f3ed207333,AD002108,prior_field_cluster,street,1,2245.8,-2422.95,0.1429,0.175,0.3529,0,1,0,0,0,0,none,3,2991.6
3d958b532d2a,AD002110,vendor_pin,locality,1,1959.1,-1129.0,0.0,0.15,0.3784,0,1,0,0,0,0,locality,3,2101.8
48c6b9802089,AD002110,town_centroid,town,1,-46.70000000000002,-500.9083333333333,0.0,0.15,0.3784,0,1,0,0,0,0,none,3,0.0
c353c463dee1,AD002110,prior_field_cluster,street,1,1998.8,-1363.4,0.0,0.15,0.3784,0,1,0,0,0,0,none,3,2219.9
41f04dda03c3,AD002111,vendor_pin,pincode,1,1732.3,-1195.9,0.1,0.0984,0.274,0,1,0,0,0,0,pincode,3,1571.9
7ddc2db6b458,AD002111,town_centroid,town,1,856.3249999999999,109.34166666666668,0.1,0.0984,0.274,0,1,0,0,0,0,none,3,0.0
e0c02524b5d8,AD002111,prior_field_cluster,street,1,2980.45,-1322.6,0.1,0.0984,0.274,0,1,0,0,0,0,none,3,2561.7
6fed6fb786aa,AD002112,vendor_pin,street,1,-351.7,3213.6,0.0909,0.1594,0.3146,0,1,0,0,0,0,street,3,3331.0
0c1d79bf749e,AD002112,town_centroid,town,1,856.3249999999999,109.34166666666668,0.0909,0.1594,0.3146,0,1,0,0,0,0,none,3,0.0
b045a93a9fcb,AD002112,prior_field_cluster,street,1,-360.85,3276.75,0.0909,0.1594,0.3146,0,1,0,0,0,0,none,3,3393.2
82ed566a50d3,AD002113,vendor_pin,locality,1,704.2,-2978.3,0.1,0.129,0.2933,0,1,0,0,0,0,locality,2,2588.7
5133aca8809a,AD002113,town_centroid,town,1,-46.70000000000002,-500.9083333333333,0.1,0.129,0.2933,0,1,0,0,0,0,none,2,0.0
bcc3378cd58f,AD002114,vendor_pin,locality,1,-661.9,-476.9,0.1818,0.125,0.2632,1,1,0,0,0,0,locality,3,494.8
674e47f7a54e,AD002114,locality_centroid,locality,1,-722.6,-522.8,0.1818,0.125,0.2632,1,1,0,0,0,0,none,3,550.6
71cbd14cc789,AD002114,town_centroid,town,1,-172.75833333333335,-551.7416666666667,0.1818,0.125,0.2632,1,1,0,0,0,0,none,3,0.0
f12c36afb31e,AD002115,vendor_pin,locality,1,-476.3,-3580.6,0.2,0.1765,0.3333,1,1,0,0,0,0,locality,3,3044.0
7a10ee1e9b85,AD002115,locality_centroid,locality,1,-433.5,-3467.4,0.2,0.1765,0.3333,1,1,0,0,0,0,none,3,2927.3
9e2ff81f9a48,AD002115,town_centroid,town,1,-172.75833333333335,-551.7416666666667,0.2,0.1765,0.3333,1,1,0,0,0,0,none,3,0.0
3559d05456c1,AD002116,vendor_pin,locality,1,712.7,-3077.5,0.1818,0.1515,0.2791,1,1,0,0,0,0,locality,4,2686.2
04914a97f4c6,AD002116,locality_centroid,locality,1,665.2,-3094.2,0.1818,0.1515,0.2791,1,1,0,0,0,0,none,4,2689.2
ca7bee86f0ed,AD002116,town_centroid,town,1,-46.70000000000002,-500.9083333333333,0.1818,0.1515,0.2791,1,1,0,0,0,0,none,4,0.0
4758e588590e,AD002116,prior_field_cluster,street,1,801.05,-2964.6,0.1818,0.1515,0.2791,1,1,0,0,0,0,none,4,2605.5
733dc1eb938f,AD002117,vendor_pin,locality,1,2205.1,1970.9,0.2222,0.1061,0.2169,1,1,0,0,0,0,locality,3,2298.8
ba29256c08d9,AD002117,locality_centroid,locality,1,2308.9,1849.5,0.2222,0.1061,0.2169,1,1,0,0,0,0,none,3,2266.7
55bd8ff51538,AD002117,town_centroid,town,1,856.3249999999999,109.34166666666668,0.2222,0.1061,0.2169,1,1,0,0,0,0,none,3,0.0
4fe59ddfeaf8,AD002118,vendor_pin,locality,1,1437.4,-2135.7,0.25,0.1731,0.3056,1,1,0,0,0,0,locality,3,2319.0
795642c705d5,AD002118,locality_centroid,locality,1,1577.4,-2059.5,0.25,0.1731,0.3056,1,1,0,0,0,0,none,3,2285.6
89e60df9cf3a,AD002118,town_centroid,town,1,856.3249999999999,109.34166666666668,0.25,0.1731,0.3056,1,1,0,0,0,0,none,3,0.0
ab4e100e1391,AD002119,vendor_pin,pincode,1,-1182.3,-1061.7,0.1429,0.1136,0.3333,0,1,0,0,0,0,pincode,2,2351.0
834b8bf2c21e,AD002119,town_centroid,town,1,856.3249999999999,109.34166666666668,0.1429,0.1136,0.3333,0,1,0,0,0,0,none,2,0.0
42242afacb6a,AD002120,vendor_pin,locality,1,764.7,2750.3,0.2222,0.1786,0.338,1,1,0,0,0,0,locality,3,2642.5
ac94bfbf6a24,AD002120,locality_centroid,locality,1,986.3,2772.6,0.2222,0.1786,0.338,1,1,0,0,0,0,none,3,2666.4
aa7a9d0c3975,AD002120,town_centroid,town,1,856.3249999999999,109.34166666666668,0.2222,0.1786,0.338,1,1,0,0,0,0,none,3,0.0
3227025afb3f,AD002121,vendor_pin,locality,1,2706.6,-2248.4,0.1111,0.1636,0.3478,0,1,0,0,0,0,locality,2,3261.0
9e7264c0a083,AD002121,town_centroid,town,1,-46.70000000000002,-500.9083333333333,0.1111,0.1636,0.3478,0,1,0,0,0,0,none,2,0.0
a94cd2afeba7,AD002122,vendor_pin,locality,1,1034.1,-864.9,0.25,0.2321,0.411,1,1,0,0,0,0,locality,3,1246.8
567649118004,AD002122,locality_centroid,locality,1,929.4,-822.2,0.25,0.2321,0.411,1,1,0,0,0,0,none,3,1134.9
82ffa0930ae2,AD002122,town_centroid,town,1,-172.75833333333335,-551.7416666666667,0.25,0.2321,0.411,1,1,0,0,0,0,none,3,0.0
366baa9050e9,AD002123,vendor_pin,locality,1,1151.9,-87.6,0.2857,0.2558,0.4407,1,1,0,0,0,0,locality,4,355.2
e57446ba05f4,AD002123,locality_centroid,locality,1,1046.9,-2.6,0.2857,0.2558,0.4407,1,1,0,0,0,0,none,4,221.0
98fcedba80c1,AD002123,town_centroid,town,1,856.3249999999999,109.34166666666668,0.2857,0.2558,0.4407,1,1,0,0,0,0,none,4,0.0
829ac3924ce3,AD002123,prior_field_cluster,street,1,1121.1,183.4,0.2857,0.2558,0.4407,1,1,0,0,0,0,none,4,274.9
34fa2ff95335,AD002124,vendor_pin,locality,1,2631.2,-2194.7,0.25,0.1887,0.3582,1,0,0,0,0,0,locality,4,3168.6
fda633dba820,AD002124,locality_centroid,locality,1,2735.1,-2128.6,0.25,0.1887,0.3582,1,0,0,0,0,0,none,4,3223.0
b675b1dc1a51,AD002124,town_centroid,town,1,-46.70000000000002,-500.9083333333333,0.25,0.1887,0.3582,1,0,0,0,0,0,none,4,0.0
9b1419b69fed,AD002124,prior_field_cluster,street,1,2358.8,-2342.8,0.25,0.1887,0.3582,1,0,0,0,0,0,none,4,3029.7
de0f21b9f312,AD002125,vendor_pin,street,1,927.5,-438.7,0.1111,0.1356,0.3514,0,1,0,0,0,0,street,2,976.2
362bad0d3ec7,AD002125,town_centroid,town,1,-46.70000000000002,-500.9083333333333,0.1111,0.1356,0.3514,0,1,0,0,0,0,none,2,0.0
016a9bfcd03f,AD002126,vendor_pin,locality,1,2581.6,-1321.9,0.25,0.1818,0.3429,1,1,0,0,0,0,locality,4,2241.7
ad843d9664c9,AD002126,locality_centroid,locality,1,2589.2,-1273.1,0.25,0.1818,0.3429,1,1,0,0,0,0,none,4,2216.8
dab37e0735e9,AD002126,town_centroid,town,1,856.3249999999999,109.34166666666668,0.25,0.1818,0.3429,1,1,0,0,0,0,none,4,0.0
a7557eec5d9b,AD002126,prior_field_cluster,street,1,2249.45,-1540.25,0.25,0.1818,0.3429,1,1,0,0,0,0,none,4,2159.2
43c688f0157a,AD002127,vendor_pin,locality,1,2466.5,1873.8,0.2857,0.1458,0.2769,1,1,0,0,0,0,locality,3,2388.7
c1a13f42ce04,AD002127,locality_centroid,locality,1,2308.9,1849.5,0.2857,0.1458,0.2769,1,1,0,0,0,0,none,3,2266.7
3a88ff6e673b,AD002127,town_centroid,town,1,856.3249999999999,109.34166666666668,0.2857,0.1458,0.2769,1,1,0,0,0,0,none,3,0.0
974075f50fc0,AD002128,vendor_pin,street,1,-2660.8,1186.8,0.0769,0.1449,0.3095,0,1,0,0,0,0,street,2,3111.6
b6f8bd32c4ac,AD002128,town_centroid,town,1,-46.70000000000002,-500.9083333333333,0.0769,0.1449,0.3095,0,1,0,0,0,0,none,2,0.0
14fc9569506b,AD002129,vendor_pin,locality,1,1019.7,-194.9,0.0909,0.1525,0.3611,0,1,0,0,0,0,locality,2,1109.4
b3188acc7a96,AD002129,town_centroid,town,1,-46.70000000000002,-500.9083333333333,0.0909,0.1525,0.3611,0,1,0,0,0,0,none,2,0.0
b1e312089930,AD002130,vendor_pin,street,1,-181.6,3389.2,0.25,0.2241,0.4,1,1,0,0,0,0,street,3,3941.0
444a9aeb5e28,AD002130,locality_centroid,locality,1,-438.3,3208.9,0.25,0.2241,0.4,1,1,0,0,0,0,none,3,3770.0
68af4cea64d5,AD002130,town_centroid,town,1,-172.75833333333335,-551.7416666666667,0.25,0.2241,0.4,1,1,0,0,0,0,none,3,0.0
6926d2a84c95,AD002131,vendor_pin,locality,1,-1699.1,-2572.2,0.1667,0.2778,0.4727,0,1,0,0,0,0,locality,3,3704.2
23deb67af1d7,AD002131,town_centroid,town,1,856.3249999999999,109.34166666666668,0.1667,0.2778,0.4727,0,1,0,0,0,0,none,3,0.0
1404e4c740a6,AD002131,prior_field_cluster,street,1,-1539.2,-2450.6,0.1667,0.2778,0.4727,0,1,0,0,0,0,none,3,3506.0
2895328da6e2,AD002132,vendor_pin,locality,1,2279.7,1890.4,0.2222,0.1094,0.2169,1,1,0,0,0,0,locality,3,2279.9
704335c57c83,AD002132,locality_centroid,locality,1,2308.9,1849.5,0.2222,0.1094,0.2169,1,1,0,0,0,0,none,3,2266.7
185037c739dd,AD002132,town_centroid,town,1,856.3249999999999,109.34166666666668,0.2222,0.1094,0.2169,1,1,0,0,0,0,none,3,0.0
33983c1b2597,AD002133,vendor_pin,street,1,-1348.5,407.7,0.1818,0.1594,0.3095,1,1,0,0,0,0,street,3,1587.5
217c9cf6fba3,AD002133,locality_centroid,locality,1,-1205.8,409.2,0.1818,0.1594,0.3095,1,1,0,0,0,0,none,3,1473.7
cc0658fb3802,AD002133,town_centroid,town,1,-46.70000000000002,-500.9083333333333,0.1818,0.1594,0.3095,1,1,0,0,0,0,none,3,0.0
21cd568ce5c4,AD002134,vendor_pin,locality,1,3058.3,-1965.9,0.1818,0.1389,0.2791,1,1,0,0,0,0,locality,4,3527.0
981dcce1105e,AD002134,locality_centroid,locality,1,3188.8,-1960.7,0.1818,0.1389,0.2791,1,1,0,0,0,0,none,4,3644.9
bdc153c9ebe5,AD002134,town_centroid,town,1,-172.75833333333335,-551.7416666666667,0.1818,0.1389,0.2791,1,1,0,0,0,0,none,4,0.0
a5350528df8e,AD002134,prior_field_cluster,street,1,3121.6,-1878.6,0.1818,0.1389,0.2791,1,1,0,0,0,0,none,4,3551.5
a7ff544563a1,AD002135,vendor_pin,locality,1,1141.2,-782.1,0.0833,0.1351,0.2889,0,1,0,0,0,0,locality,2,1334.0
624e2e94c77c,AD002135,town_centroid,town,1,-172.75833333333335,-551.7416666666667,0.0833,0.1351,0.2889,0,1,0,0,0,0,none,2,0.0
ea2c7dd42a51,AD002136,vendor_pin,street,1,1760.4,-2305.3,0.2857,0.18,0.3188,1,1,0,0,0,0,street,4,2578.3
f7c82ccb8072,AD002136,locality_centroid,locality,1,1577.4,-2059.5,0.2857,0.18,0.3188,1,1,0,0,0,0,none,4,2285.6
8b8c010c6833,AD002136,town_centroid,town,1,856.3249999999999,109.34166666666668,0.2857,0.18,0.3188,1,1,0,0,0,0,none,4,0.0
42b87e4fc4b0,AD002136,prior_field_cluster,street,1,1841.0,-2206.8,0.2857,0.18,0.3188,1,1,0,0,0,0,none,4,2516.8
6e36a3543ad4,AD002138,vendor_pin,street,1,4030.3,494.6,0.1538,0.1795,0.3265,1,1,0,0,0,0,street,4,4331.3
e10138c8dead,AD002138,locality_centroid,locality,1,3653.7,367.3,0.1538,0.1795,0.3265,1,1,0,0,0,0,none,4,3935.3
c72bd3012b85,AD002138,town_centroid,town,1,-172.75833333333335,-551.7416666666667,0.1538,0.1795,0.3265,1,1,0,0,0,0,none,4,0.0
415b693014df,AD002138,prior_field_cluster,street,1,3865.6,563.2,0.1538,0.1795,0.3265,1,1,0,0,0,0,none,4,4189.4
20e0b1e1841a,AD002139,vendor_pin,locality,1,-3583.8,-753.8,0.375,0.3125,0.5075,1,1,0,0,0,0,locality,4,3417.0
a86771992865,AD002139,locality_centroid,locality,1,-3766.2,-883.9,0.375,0.3125,0.5075,1,1,0,0,0,0,none,4,3608.8
9606c5c5b8f8,AD002139,town_centroid,town,1,-172.75833333333335,-551.7416666666667,0.375,0.3125,0.5075,1,1,0,0,0,0,none,4,0.0
5eb9c46c07fd,AD002139,prior_field_cluster,street,1,-3788.8,-729.9,0.375,0.3125,0.5075,1,1,0,0,0,0,none,4,3620.4
74bddbd64529,AD002140,vendor_pin,locality,1,898.7,-34.3,0.2222,0.1774,0.3333,1,1,0,0,0,0,locality,4,149.8
1b24353ee17f,AD002140,locality_centroid,locality,1,1046.9,-2.6,0.2222,0.1774,0.3333,1,1,0,0,0,0,none,4,221.0
28a38e448326,AD002140,town_centroid,town,1,856.3249999999999,109.34166666666668,0.2222,0.1774,0.3333,1,1,0,0,0,0,none,4,0.0
31bc554ee2a9,AD002140,prior_field_cluster,street,1,956.8,-131.8,0.2222,0.1774,0.3333,1,1,0,0,0,0,none,4,261.2
df03b495855b,AD002141,vendor_pin,locality,1,-1617.7,-2932.7,0.1818,0.1528,0.2857,0,1,0,0,0,0,locality,3,3921.1
d275007200b9,AD002141,town_centroid,town,1,856.3249999999999,109.34166666666668,0.1818,0.1528,0.2857,0,1,0,0,0,0,none,3,0.0
addd937539ff,AD002141,prior_field_cluster,street,1,-1801.4,-2733.3,0.1818,0.1528,0.2857,0,1,0,0,0,0,none,3,3891.5
037e06bb41c9,AD002142,vendor_pin,locality,1,-976.3,-2946.0,0.1429,0.1124,0.2222,1,1,0,0,0,0,locality,4,2615.8
41c51dccf2e2,AD002142,locality_centroid,locality,1,-1053.3,-3163.0,0.1429,0.1124,0.2222,1,1,0,0,0,0,none,4,2846.0
f5890b2dd42a,AD002142,town_centroid,town,1,-46.70000000000002,-500.9083333333333,0.1429,0.1124,0.2222,1,1,0,0,0,0,none,4,0.0
6be744e72aff,AD002142,prior_field_cluster,street,1,-811.0,-3152.1,0.1429,0.1124,0.2222,1,1,0,0,0,0,none,4,2759.2
a23aec8baab9,AD002143,vendor_pin,locality,1,-2453.6,1698.4,0.2222,0.169,0.3218,1,1,0,0,0,0,locality,4,3204.0
b188abbe4e34,AD002143,locality_centroid,locality,1,-2446.2,1613.2,0.2222,0.169,0.3218,1,1,0,0,0,0,none,4,3139.3
d5fb4dfe7257,AD002143,town_centroid,town,1,-172.75833333333335,-551.7416666666667,0.2222,0.169,0.3218,1,1,0,0,0,0,none,4,0.0
d57426afa27d,AD002143,prior_field_cluster,street,1,-2609.9,1347.7,0.2222,0.169,0.3218,1,1,0,0,0,0,none,4,3089.9
12a9711978d6,AD002145,vendor_pin,locality,1,-331.9,3321.1,0.2857,0.2407,0.4225,1,0,0,0,1,0,locality,3,3876.1
8fc4a8e09cd4,AD002145,locality_centroid,locality,1,-438.3,3208.9,0.2857,0.2407,0.4225,1,0,0,0,1,0,none,3,3770.0
0a28de516c99,AD002145,town_centroid,town,1,-172.75833333333335,-551.7416666666667,0.2857,0.2407,0.4225,1,0,0,0,1,0,none,3,0.0
8e7a995cb3c2,AD002146,vendor_pin,pincode,1,1495.7,1391.6,0.0,0.129,0.3077,0,1,0,0,0,0,pincode,2,2561.3
a1c89bafafa8,AD002146,town_centroid,town,1,-172.75833333333335,-551.7416666666667,0.0,0.129,0.3077,0,1,0,0,0,0,none,2,0.0
d72bdf0b81ad,AD002147,vendor_pin,street,1,-1437.6,13.0,0.0833,0.1176,0.2683,0,0,0,0,0,0,street,2,1482.8
693904931222,AD002147,town_centroid,town,1,-46.70000000000002,-500.9083333333333,0.0833,0.1176,0.2683,0,0,0,0,0,0,none,2,0.0
65e763103720,AD002148,vendor_pin,locality,1,-1237.6,387.9,0.5,0.3793,0.5909,1,1,0,0,0,0,locality,3,1486.0
9f30d9b53dc9,AD002148,locality_centroid,locality,1,-1205.8,409.2,0.5,0.3793,0.5909,1,1,0,0,0,0,none,3,1473.7
a99f46ed1c99,AD002148,town_centroid,town,1,-46.70000000000002,-500.9083333333333,0.5,0.3793,0.5909,1,1,0,0,0,0,none,3,0.0
d4649f3cf2b8,AD002149,vendor_pin,street,1,1112.0,1330.1,0.2857,0.2222,0.3871,1,1,0,0,0,0,street,3,1247.2
1d50ea43f3b6,AD002149,locality_centroid,locality,1,987.4,1270.5,0.2857,0.2222,0.3871,1,1,0,0,0,0,none,3,1168.5
911c117806c4,AD002149,town_centroid,town,1,856.3249999999999,109.34166666666668,0.2857,0.2222,0.3871,1,1,0,0,0,0,none,3,0.0
72602b2c0249,AD002150,vendor_pin,locality,1,3658.6,286.3,0.1538,0.175,0.3232,1,1,0,0,0,0,locality,4,3921.9
31318357734e,AD002150,locality_centroid,locality,1,3653.7,367.3,0.1538,0.175,0.3232,1,1,0,0,0,0,none,4,3935.3
bd3d150e92e8,AD002150,town_centroid,town,1,-172.75833333333335,-551.7416666666667,0.1538,0.175,0.3232,1,1,0,0,0,0,none,4,0.0
5a16fe6601c5,AD002150,prior_field_cluster,street,1,4010.4,542.3,0.1538,0.175,0.3232,1,1,0,0,0,0,none,4,4323.9
f6b4b78de44b,AD002151,vendor_pin,street,1,1245.7,-3063.9,0.1667,0.1408,0.2697,1,1,0,0,0,0,street,3,2870.4
d34d24f69398,AD002151,locality_centroid,locality,1,665.2,-3094.2,0.1667,0.1408,0.2697,1,1,0,0,0,0,none,3,2689.2
a6043cb694d0,AD002151,town_centroid,town,1,-46.70000000000002,-500.9083333333333,0.1667,0.1408,0.2697,1,1,0,0,0,0,none,3,0.0
b1d261b3aacb,AD002152,vendor_pin,locality,1,-606.0,-1186.7,0.3333,0.2558,0.4483,1,1,0,0,0,0,locality,3,884.9
de1a3a878041,AD002152,locality_centroid,locality,1,-598.6,-1329.8,0.3333,0.2558,0.4483,1,1,0,0,0,0,none,3,995.8
769520fc2e5a,AD002152,town_centroid,town,1,-46.70000000000002,-500.9083333333333,0.3333,0.2558,0.4483,1,1,0,0,0,0,none,3,0.0
51b993e51d66,AD002153,vendor_pin,street,1,3420.2,-2004.4,0.25,0.1818,0.3478,1,1,0,0,0,0,street,4,3875.5
d7f46ef0d76a,AD002153,locality_centroid,locality,1,3188.8,-1960.7,0.25,0.1818,0.3478,1,1,0,0,0,0,none,4,3644.9
749abda7a887,AD002153,town_centroid,town,1,-172.75833333333335,-551.7416666666667,0.25,0.1818,0.3478,1,1,0,0,0,0,none,4,0.0
0d8019a5c24a,AD002153,prior_field_cluster,street,1,3453.6,-1749.35,0.25,0.1818,0.3478,1,1,0,0,0,0,none,4,3819.0
541ee8e65c54,AD002154,vendor_pin,locality,1,622.5,-2979.5,0.0909,0.1111,0.2558,0,1,0,0,0,0,locality,3,2567.3
8dbd9c13bc02,AD002154,town_centroid,town,1,-46.70000000000002,-500.9083333333333,0.0909,0.1111,0.2558,0,1,0,0,0,0,none,3,0.0
5558db502654,AD002154,prior_field_cluster,street,1,751.5,-2694.6,0.0909,0.1111,0.2558,0,1,0,0,0,0,none,3,2334.4
cd3928b56e2a,AD002155,vendor_pin,locality,1,-2493.2,1524.6,0.0,0.087,0.3038,0,0,0,0,0,0,locality,2,3113.8
a90259e20f5c,AD002155,town_centroid,town,1,-172.75833333333335,-551.7416666666667,0.0,0.087,0.3038,0,0,0,0,0,0,none,2,0.0
dd4f72172f3c,AD002157,vendor_pin,locality,1,939.9,-1043.6,0.1111,0.1613,0.3421,0,1,0,0,0,0,locality,3,1216.5
5a4e00deae24,AD002157,town_centroid,town,1,-172.75833333333335,-551.7416666666667,0.1111,0.1613,0.3421,0,1,0,0,0,0,none,3,0.0
0c21fed1655e,AD002157,prior_field_cluster,street,1,729.95,-763.9000000000001,0.1111,0.1613,0.3421,0,1,0,0,0,0,none,3,927.3
3674627bffdc,AD002158,vendor_pin,pincode,1,1625.8,-1191.2,0.0,0.0164,0.1493,0,1,0,0,0,0,pincode,2,1809.4
626b8280a503,AD002158,town_centroid,town,1,-46.70000000000002,-500.9083333333333,0.0,0.0164,0.1493,0,1,0,0,0,0,none,2,0.0
645b91d423b0,AD002159,vendor_pin,locality,1,-688.6,3019.2,0.25,0.2105,0.3457,1,1,0,0,0,0,locality,3,3294.6
083fe4e1c05b,AD002159,locality_centroid,locality,1,-603.5,2996.1,0.25,0.2105,0.3457,1,1,0,0,0,0,none,3,3234.9
446269d41d23,AD002159,town_centroid,town,1,856.3249999999999,109.34166666666668,0.25,0.2105,0.3457,1,1,0,0,0,0,none,3,0.0
577499d951db,AD002160,vendor_pin,locality,1,-143.9,1249.8,0.1818,0.1304,0.2529,1,1,0,0,0,0,locality,3,1516.9
0a52a293e150,AD002160,locality_centroid,locality,1,-200.6,1476.5,0.1818,0.1304,0.2529,1,1,0,0,0,0,none,3,1728.1
5d3b44a34e2a,AD002160,town_centroid,town,1,856.3249999999999,109.34166666666668,0.1818,0.1304,0.2529,1,1,0,0,0,0,none,3,0.0
59d0191d6ef6,AD002161,vendor_pin,locality,1,1876.9,-1084.9,0.1111,0.2,0.4048,0,1,0,0,0,0,locality,2,2010.3
66baacd55d55,AD002161,town_centroid,town,1,-46.70000000000002,-500.9083333333333,0.1111,0.2,0.4048,0,1,0,0,0,0,none,2,0.0
685f1a505d4c,AD002162,vendor_pin,locality,1,1460.3,-1988.1,0.5,0.3,0.449,1,1,0,0,0,0,locality,3,2182.7
01a1d77d4fad,AD002162,locality_centroid,locality,1,1577.4,-2059.5,0.5,0.3,0.449,1,1,0,0,0,0,none,3,2285.6
3a0fa8afab48,AD002162,town_centroid,town,1,856.3249999999999,109.34166666666668,0.5,0.3,0.449,1,1,0,0,0,0,none,3,0.0
f5c4e09bb4b7,AD002163,vendor_pin,pincode,1,1540.4,-1495.6,0.1,0.0833,0.25,0,1,0,0,0,0,pincode,2,1744.6
6f5ff56f9768,AD002163,town_centroid,town,1,856.3249999999999,109.34166666666668,0.1,0.0833,0.25,0,1,0,0,0,0,none,2,0.0
ef513e02d18e,AD002164,vendor_pin,locality,1,-186.4,-3406.6,0.2857,0.24,0.4242,1,1,0,0,0,0,locality,3,2854.9
7ef216e56cde,AD002164,locality_centroid,locality,1,-433.5,-3467.4,0.2857,0.24,0.4242,1,1,0,0,0,0,none,3,2927.3
3a5b2d65e505,AD002164,town_centroid,town,1,-172.75833333333335,-551.7416666666667,0.2857,0.24,0.4242,1,1,0,0,0,0,none,3,0.0
a2c47b75c981,AD002165,vendor_pin,locality,1,-2906.8,-274.5,0.0909,0.1562,0.4051,0,1,0,0,0,0,locality,2,2748.1
78a95d5e7dd5,AD002165,town_centroid,town,1,-172.75833333333335,-551.7416666666667,0.0909,0.1562,0.4051,0,1,0,0,0,0,none,2,0.0
8db363e4c1c7,AD002166,vendor_pin,locality,1,-626.8,3048.5,0.2222,0.2182,0.3733,0,1,0,0,0,0,locality,3,3292.2
50a6c16d3391,AD002166,town_centroid,town,1,856.3249999999999,109.34166666666668,0.2222,0.2182,0.3733,0,1,0,0,0,0,none,3,0.0
39cc89346949,AD002166,prior_field_cluster,street,1,-977.9,3026.7,0.2222,0.2182,0.3733,0,1,0,0,0,0,none,3,3446.1
e6adb1323718,AD002167,vendor_pin,locality,1,-826.3,2784.6,0.2857,0.2609,0.4058,1,1,0,0,0,0,locality,3,3160.4
e58750298b4b,AD002167,locality_centroid,locality,1,-603.5,2996.1,0.2857,0.2609,0.4058,1,1,0,0,0,0,none,3,3234.9
a683ad39c860,AD002167,town_centroid,town,1,856.3249999999999,109.34166666666668,0.2857,0.2609,0.4058,1,1,0,0,0,0,none,3,0.0
4d216df909f5,AD002169,vendor_pin,street,1,1039.7,-165.6,0.1818,0.1818,0.3373,1,1,0,0,0,0,street,3,1137.0
68a28a59b3d4,AD002169,locality_centroid,locality,1,1112.8,-196.7,0.1818,0.1818,0.3373,1,1,0,0,0,0,none,3,1198.7
44f323cf14f0,AD002169,town_centroid,town,1,-46.70000000000002,-500.9083333333333,0.1818,0.1818,0.3373,1,1,0,0,0,0,none,3,0.0
b917690223ee,AD002170,vendor_pin,locality,1,2587.6,-2042.3,0.1111,0.1346,0.3438,0,1,0,0,0,0,locality,2,3052.1
2f64750f4b6c,AD002170,town_centroid,town,1,-46.70000000000002,-500.9083333333333,0.1111,0.1346,0.3438,0,1,0,0,0,0,none,2,0.0
b0d639acb908,AD002171,vendor_pin,locality,1,602.6,-2924.5,0.2222,0.1587,0.2963,1,1,0,0,0,0,locality,4,2509.1
36a254796a13,AD002171,locality_centroid,locality,1,665.2,-3094.2,0.2222,0.1587,0.2963,1,1,0,0,0,0,none,4,2689.2
361ddb30b13c,AD002171,town_centroid,town,1,-46.70000000000002,-500.9083333333333,0.2222,0.1587,0.2963,1,1,0,0,0,0,none,4,0.0
924bb8cad229,AD002171,prior_field_cluster,street,1,441.7,-3485.3,0.2222,0.1587,0.2963,1,1,0,0,0,0,none,4,3024.1
05dd8f9afe22,AD002172,vendor_pin,locality,1,1104.8,2779.0,0.2,0.1667,0.32,1,1,0,0,0,0,locality,3,2681.2
78b6ff741753,AD002172,locality_centroid,locality,1,986.3,2772.6,0.2,0.1667,0.32,1,1,0,0,0,0,none,3,2666.4
8aa27885e475,AD002172,town_centroid,town,1,856.3249999999999,109.34166666666668,0.2,0.1667,0.32,1,1,0,0,0,0,none,3,0.0
1613bd5869d1,AD002173,vendor_pin,locality,1,3412.5,-1986.9,0.2,0.1587,0.3117,1,1,0,0,0,0,locality,3,3861.8
85ec57740c93,AD002173,locality_centroid,locality,1,3188.8,-1960.7,0.2,0.1587,0.3117,1,1,0,0,0,0,none,3,3644.9
81481a2bae70,AD002173,town_centroid,town,1,-172.75833333333335,-551.7416666666667,0.2,0.1587,0.3117,1,1,0,0,0,0,none,3,0.0
bc423459242b,AD002174,vendor_pin,locality,1,-699.0,-572.8,0.2857,0.186,0.3636,1,1,0,0,0,0,locality,3,526.7
ff488d7bd5e5,AD002174,locality_centroid,locality,1,-722.6,-522.8,0.2857,0.186,0.3636,1,1,0,0,0,0,none,3,550.6
7ae4ea22374c,AD002174,town_centroid,town,1,-172.75833333333335,-551.7416666666667,0.2857,0.186,0.3636,1,1,0,0,0,0,none,3,0.0
2f33877ee132,AD002175,vendor_pin,locality,1,971.9,-924.3,0.0833,0.1429,0.3095,0,1,0,0,0,0,locality,2,1203.8
66d401595731,AD002175,town_centroid,town,1,-172.75833333333335,-551.7416666666667,0.0833,0.1429,0.3095,0,1,0,0,0,0,none,2,0.0
85ad647adf1b,AD002176,vendor_pin,locality,1,830.9,2909.3,0.2857,0.2222,0.4068,1,1,0,0,0,0,locality,4,2800.1
370731b9b789,AD002176,locality_centroid,locality,1,986.3,2772.6,0.2857,0.2222,0.4068,1,1,0,0,0,0,none,4,2666.4
7323051c1c7d,AD002176,town_centroid,town,1,856.3249999999999,109.34166666666668,0.2857,0.2222,0.4068,1,1,0,0,0,0,none,4,0.0
47f5b15f18a3,AD002176,prior_field_cluster,street,1,762.9,2469.55,0.2857,0.2222,0.4068,1,1,0,0,0,0,none,4,2362.1
cee5236ffeb2,AD002177,vendor_pin,locality,1,-1625.4,-2933.7,0.25,0.1864,0.321,1,1,0,0,0,0,locality,3,3926.7
142245320527,AD002177,locality_centroid,locality,1,-1600.3,-2801.9,0.25,0.1864,0.321,1,1,0,0,0,0,none,3,3809.2
42d053bd70c3,AD002177,town_centroid,town,1,856.3249999999999,109.34166666666668,0.25,0.1864,0.321,1,1,0,0,0,0,none,3,0.0
f7db8068891d,AD002178,vendor_pin,street,1,2972.9,-2406.0,0.2,0.1538,0.3038,1,1,0,0,0,0,street,3,3651.5
4a950392f9c2,AD002178,locality_centroid,locality,1,3188.8,-1960.7,0.2,0.1538,0.3038,1,1,0,0,0,0,none,3,3644.9
4466b964bad6,AD002178,town_centroid,town,1,-172.75833333333335,-551.7416666666667,0.2,0.1538,0.3038,1,1,0,0,0,0,none,3,0.0
73a0eeba1a34,AD002179,vendor_pin,pincode,1,1308.7,-1638.6,0.0,0.0127,0.1176,0,1,0,0,0,0,pincode,2,1769.6
ac029dc07f19,AD002179,town_centroid,town,1,-46.70000000000002,-500.9083333333333,0.0,0.0127,0.1176,0,1,0,0,0,0,none,2,0.0
06a93b2d4dd4,AD002180,vendor_pin,locality,1,701.0,-2922.7,0.1667,0.1389,0.2727,1,1,0,0,0,0,locality,4,2534.6
495395b420ba,AD002180,locality_centroid,locality,1,665.2,-3094.2,0.1667,0.1389,0.2727,1,1,0,0,0,0,none,4,2689.2
85addaff3fb9,AD002180,town_centroid,town,1,-46.70000000000002,-500.9083333333333,0.1667,0.1389,0.2727,1,1,0,0,0,0,none,4,0.0
f31f601000a7,AD002180,prior_field_cluster,street,1,792.6,-2762.4,0.1667,0.1389,0.2727,1,1,0,0,0,0,none,4,2412.2
41434486d3dd,AD002181,vendor_pin,rooftop,1,-2450.7,34.2,0.3,0.2143,0.382,1,1,0,0,0,0,rooftop,4,2352.1
ae839f96bb6f,AD002181,locality_centroid,locality,1,-2605.6,-262.1,0.3,0.2143,0.382,1,1,0,0,0,0,none,4,2450.0
dd96c059cf18,AD002181,town_centroid,town,1,-172.75833333333335,-551.7416666666667,0.3,0.2143,0.382,1,1,0,0,0,0,none,4,0.0
0f779d4cf5e3,AD002181,prior_field_cluster,street,1,-2473.4,-13.5,0.3,0.2143,0.382,1,1,0,0,0,0,none,4,2362.8
0d274fc32df3,AD002182,vendor_pin,locality,1,2834.8,-2238.3,0.2,0.1515,0.2892,1,1,0,0,0,0,locality,3,3364.8
1e668349b575,AD002182,locality_centroid,locality,1,2735.1,-2128.6,0.2,0.1515,0.2892,1,1,0,0,0,0,none,3,3223.0
aaad26487c65,AD002182,town_centroid,town,1,-46.70000000000002,-500.9083333333333,0.2,0.1515,0.2892,1,1,0,0,0,0,none,3,0.0
553f3f2564dd,AD002183,vendor_pin,locality,1,-2232.7,-2593.2,0.2222,0.1897,0.3467,1,1,0,0,0,0,locality,3,3025.9
3d44f5b80ba4,AD002183,locality_centroid,locality,1,-2195.4,-2378.6,0.2222,0.1897,0.3467,1,1,0,0,0,0,none,3,2853.5
58f186899291,AD002183,town_centroid,town,1,-46.70000000000002,-500.9083333333333,0.2222,0.1897,0.3467,1,1,0,0,0,0,none,3,0.0
7b581ebb8cab,AD002184,vendor_pin,locality,1,-2160.6,-2450.2,0.1818,0.1549,0.2857,1,1,0,0,0,0,locality,3,2875.5
f01d626f3f42,AD002184,locality_centroid,locality,1,-2195.4,-2378.6,0.1818,0.1549,0.2857,1,1,0,0,0,0,none,3,2853.5
f05b072a3d27,AD002184,town_centroid,town,1,-46.70000000000002,-500.9083333333333,0.1818,0.1549,0.2857,1,1,0,0,0,0,none,3,0.0
38f8eaaa070b,AD002185,vendor_pin,locality,1,-2566.2,1751.2,0.1111,0.1667,0.3881,0,1,0,0,0,0,locality,2,3321.5
0014d4530605,AD002185,town_centroid,town,1,-172.75833333333335,-551.7416666666667,0.1111,0.1667,0.3881,0,1,0,0,0,0,none,2,0.0
8c49d5b782d3,AD002186,vendor_pin,locality,1,918.8,30.8,0.125,0.1818,0.4211,0,1,0,0,0,0,locality,2,100.4
b560b053f984,AD002186,town_centroid,town,1,856.3249999999999,109.34166666666668,0.125,0.1818,0.4211,0,1,0,0,0,0,none,2,0.0
d607f05484d9,AD002187,vendor_pin,street,1,-4061.5,-883.0,0.2727,0.2308,0.4048,1,1,0,0,0,0,street,3,3902.8
dec40f57bddf,AD002187,locality_centroid,locality,1,-3766.2,-883.9,0.2727,0.2308,0.4048,1,1,0,0,0,0,none,3,3608.8
63b9e700017e,AD002187,town_centroid,town,1,-172.75833333333335,-551.7416666666667,0.2727,0.2308,0.4048,1,1,0,0,0,0,none,3,0.0
a31ae5d67327,AD002188,vendor_pin,street,1,-197.4,-3282.0,0.1667,0.1446,0.28,1,1,0,0,0,0,street,4,2730.4
29796844da9e,AD002188,locality_centroid,locality,1,-433.5,-3467.4,0.1667,0.1446,0.28,1,1,0,0,0,0,none,4,2927.3
98fe74640f75,AD002188,town_centroid,town,1,-172.75833333333335,-551.7416666666667,0.1667,0.1446,0.28,1,1,0,0,0,0,none,4,0.0
0e38c6647add,AD002188,prior_field_cluster,street,1,-172.2,-3162.85,0.1667,0.1446,0.28,1,1,0,0,0,0,none,4,2611.1
1065d6ac8944,AD002189,vendor_pin,locality,1,644.2,-2815.2,0.1667,0.1282,0.2581,1,1,0,0,0,0,locality,3,2415.2
7510dde0e9ce,AD002189,locality_centroid,locality,1,665.2,-3094.2,0.1667,0.1282,0.2581,1,1,0,0,0,0,none,3,2689.2
b8993c92fae1,AD002189,town_centroid,town,1,-46.70000000000002,-500.9083333333333,0.1667,0.1282,0.2581,1,1,0,0,0,0,none,3,0.0
a082e1722c60,AD002190,vendor_pin,locality,1,-1142.7,310.5,0.4,0.2895,0.4906,1,1,0,0,0,0,locality,3,1363.7
c90d908c952c,AD002190,locality_centroid,locality,1,-1205.8,409.2,0.4,0.2895,0.4906,1,1,0,0,0,0,none,3,1473.7
5221fd75753f,AD002190,town_centroid,town,1,-46.70000000000002,-500.9083333333333,0.4,0.2895,0.4906,1,1,0,0,0,0,none,3,0.0
748cef0ef3f0,AD002191,vendor_pin,locality,1,2911.9,-2206.9,0.25,0.2128,0.3871,1,1,1,0,0,0,locality,3,3415.2
e53a0516f500,AD002191,locality_centroid,locality,1,2735.1,-2128.6,0.25,0.2128,0.3871,1,1,1,0,0,0,none,3,3223.0
d1e8fc60d7f4,AD002191,town_centroid,town,1,-46.70000000000002,-500.9083333333333,0.25,0.2128,0.3871,1,1,1,0,0,0,none,3,0.0
80f8a7439cd0,AD002192,vendor_pin,locality,1,-777.6,2805.7,0.4,0.4286,0.5833,1,1,0,0,0,0,locality,3,3152.8
d781ed9e122c,AD002192,locality_centroid,locality,1,-603.5,2996.1,0.4,0.4286,0.5833,1,1,0,0,0,0,none,3,3234.9
8b5e54dbfe60,AD002192,town_centroid,town,1,856.3249999999999,109.34166666666668,0.4,0.4286,0.5833,1,1,0,0,0,0,none,3,0.0
8eb62f3aaaa2,AD002193,vendor_pin,locality,1,1276.2,-1897.2,0.25,0.1731,0.3056,1,1,0,0,0,0,locality,3,2050.0
8d093b9e3fc5,AD002193,locality_centroid,locality,1,1577.4,-2059.5,0.25,0.1731,0.3056,1,1,0,0,0,0,none,3,2285.6
11883c6bdcbd,AD002193,town_centroid,town,1,856.3249999999999,109.34166666666668,0.25,0.1731,0.3056,1,1,0,0,0,0,none,3,0.0
cff4ebac285d,AD002194,vendor_pin,locality,1,1415.6,-1880.8,0.3333,0.2195,0.3667,1,1,0,0,0,0,locality,4,2067.2
c3e2945241d1,AD002194,locality_centroid,locality,1,1577.4,-2059.5,0.3333,0.2195,0.3667,1,1,0,0,0,0,none,4,2285.6
41c45701861f,AD002194,town_centroid,town,1,856.3249999999999,109.34166666666668,0.3333,0.2195,0.3667,1,1,0,0,0,0,none,4,0.0
70e5689b8925,AD002194,prior_field_cluster,street,1,1716.4499999999998,-1749.5500000000002,0.3333,0.2195,0.3667,1,1,0,0,0,0,none,4,2048.2
9332c6f26cbb,AD002195,vendor_pin,pincode,1,-1441.7,-2192.3,0.0,0.0217,0.1923,0,1,0,0,0,0,pincode,2,2192.4
ae98ebb55e22,AD002195,town_centroid,town,1,-46.70000000000002,-500.9083333333333,0.0,0.0217,0.1923,0,1,0,0,0,0,none,2,0.0
a75dd288c19e,AD002196,vendor_pin,locality,1,386.4,2374.8,0.2,0.1944,0.3696,1,1,0,0,0,0,locality,4,2908.1
1f0e4a4ab405,AD002196,locality_centroid,locality,1,290.7,2335.2,0.2,0.1944,0.3696,1,1,0,0,0,0,none,4,2856.1
058beae06270,AD002196,town_centroid,town,1,-46.70000000000002,-500.9083333333333,0.2,0.1944,0.3696,1,1,0,0,0,0,none,4,0.0
65e070c4bde7,AD002196,prior_field_cluster,street,1,209.9,2274.6,0.2,0.1944,0.3696,1,1,0,0,0,0,none,4,2787.3
d113aa05d9e0,AD002197,vendor_pin,street,1,851.0,-262.6,0.0909,0.1404,0.3099,0,1,0,0,0,0,street,3,372.0
b4a134cfff0c,AD002197,town_centroid,town,1,856.3249999999999,109.34166666666668,0.0909,0.1404,0.3099,0,1,0,0,0,0,none,3,0.0
6eef384eb703,AD002197,prior_field_cluster,street,1,885.1,-252.3,0.0909,0.1404,0.3099,0,1,0,0,0,0,none,3,362.8
105dc7196e55,AD002198,vendor_pin,street,1,2749.9,-2528.7,0.1818,0.1538,0.3,1,1,0,0,0,0,street,3,3454.4
396530f56764,AD002198,locality_centroid,locality,1,2735.1,-2128.6,0.1818,0.1538,0.3,1,1,0,0,0,0,none,3,3223.0
48795acc3c96,AD002198,town_centroid,town,1,-46.70000000000002,-500.9083333333333,0.1818,0.1538,0.3,1,1,0,0,0,0,none,3,0.0
878e495bf8d7,AD002199,vendor_pin,pincode,1,1984.1,-966.8,0.0,0.0149,0.1644,0,1,0,0,0,0,pincode,2,2083.6
f8e73434f226,AD002199,town_centroid,town,1,-46.70000000000002,-500.9083333333333,0.0,0.0149,0.1644,0,1,0,0,0,0,none,2,0.0
8b9c6baf807c,AD002200,vendor_pin,street,1,2825.4,497.5,0.3333,0.2564,0.4364,1,0,0,0,0,0,street,3,2007.0
0e841db7bc91,AD002200,locality_centroid,locality,1,3029.6,575.7,0.3333,0.2564,0.4364,1,0,0,0,0,0,none,3,2222.7
330e3c5fbaac,AD002200,town_centroid,town,1,856.3249999999999,109.34166666666668,0.3333,0.2564,0.4364,1,0,0,0,0,0,none,3,0.0
d73f8e87b756,AD002201,vendor_pin,locality,1,-256.6,1351.8,0.2857,0.1698,0.3056,1,0,0,0,0,0,locality,3,1668.0
afe8db4276e3,AD002201,locality_centroid,locality,1,-200.6,1476.5,0.2857,0.1698,0.3056,1,0,0,0,0,0,none,3,1728.1
46e9406de787,AD002201,town_centroid,town,1,856.3249999999999,109.34166666666668,0.2857,0.1698,0.3056,1,0,0,0,0,0,none,3,0.0
48c0ca579b31,AD002202,vendor_pin,locality,1,-2125.1,-2347.5,0.1818,0.1571,0.2989,1,1,0,0,0,0,locality,3,2780.2
4d9413fd1476,AD002202,locality_centroid,locality,1,-2195.4,-2378.6,0.1818,0.1571,0.2989,1,1,0,0,0,0,none,3,2853.5
e4302a28f585,AD002202,town_centroid,town,1,-46.70000000000002,-500.9083333333333,0.1818,0.1571,0.2989,1,1,0,0,0,0,none,3,0.0
9a02a602b507,AD002204,vendor_pin,locality,1,744.9,-704.8,0.1818,0.1711,0.3226,1,1,0,0,0,0,locality,3,930.3
6af7a9f96f48,AD002204,locality_centroid,locality,1,929.4,-822.2,0.1818,0.1711,0.3226,1,1,0,0,0,0,none,3,1134.9
0804e1b6da98,AD002204,town_centroid,town,1,-172.75833333333335,-551.7416666666667,0.1818,0.1711,0.3226,1,1,0,0,0,0,none,3,0.0
0f5d3ebd8f3f,AD002205,vendor_pin,locality,1,-778.5,-471.9,0.2222,0.1481,0.303,1,1,0,0,0,0,locality,3,611.0
125db1de98fd,AD002205,locality_centroid,locality,1,-722.6,-522.8,0.2222,0.1481,0.303,1,1,0,0,0,0,none,3,550.6
730b27a87d98,AD002205,town_centroid,town,1,-172.75833333333335,-551.7416666666667,0.2222,0.1481,0.303,1,1,0,0,0,0,none,3,0.0
2b6380479c0e,AD002206,vendor_pin,locality,1,919.8,2726.1,0.1818,0.1408,0.2727,1,1,0,0,0,0,locality,4,2617.5
b344361577ae,AD002206,locality_centroid,locality,1,986.3,2772.6,0.1818,0.1408,0.2727,1,1,0,0,0,0,none,4,2666.4
eee6f980191b,AD002206,town_centroid,town,1,856.3249999999999,109.34166666666668,0.1818,0.1408,0.2727,1,1,0,0,0,0,none,4,0.0
0f21dd5b60b4,AD002206,prior_field_cluster,street,1,1042.1,2923.8,0.1818,0.1408,0.2727,1,1,0,0,0,0,none,4,2820.6
ed2ffb7eeb5f,AD002207,vendor_pin,pincode,1,-1260.9,-2214.6,0.0,0.0385,0.2093,0,1,0,0,0,0,pincode,2,2100.2
25bafd59429d,AD002207,town_centroid,town,1,-46.70000000000002,-500.9083333333333,0.0,0.0385,0.2093,0,1,0,0,0,0,none,2,0.0
c20673ed95a7,AD002209,vendor_pin,locality,1,-464.3,-3338.7,0.2857,0.2182,0.3944,1,1,0,0,0,0,locality,4,2802.2
628dadaf4678,AD002209,locality_centroid,locality,1,-433.5,-3467.4,0.2857,0.2182,0.3944,1,1,0,0,0,0,none,4,2927.3
b5985af3ca78,AD002209,town_centroid,town,1,-172.75833333333335,-551.7416666666667,0.2857,0.2182,0.3944,1,1,0,0,0,0,none,4,0.0
0175e4ec97d1,AD002209,prior_field_cluster,street,1,-14.2,-3821.2,0.2857,0.2182,0.3944,1,1,0,0,0,0,none,4,3273.3
4d57f9cd37b1,AD002210,vendor_pin,locality,1,1403.2,-2105.7,0.3333,0.2195,0.3667,1,1,0,0,0,0,locality,4,2281.6
454c1afb2d44,AD002210,locality_centroid,locality,1,1577.4,-2059.5,0.3333,0.2195,0.3667,1,1,0,0,0,0,none,4,2285.6
262521957002,AD002210,town_centroid,town,1,856.3249999999999,109.34166666666668,0.3333,0.2195,0.3667,1,1,0,0,0,0,none,4,0.0
4ab9624fe562,AD002210,prior_field_cluster,street,1,1656.95,-1599.25,0.3333,0.2195,0.3667,1,1,0,0,0,0,none,4,1886.9
6bb713c4fc4f,AD002211,vendor_pin,pincode,1,1978.1,1115.8,0.125,0.1087,0.2807,0,1,0,0,0,0,pincode,2,1507.1
b10931e4de48,AD002211,town_centroid,town,1,856.3249999999999,109.34166666666668,0.125,0.1087,0.2807,0,1,0,0,0,0,none,2,0.0
daa9d5d89c6b,AD002212,vendor_pin,locality,1,-1028.4,673.0,0.0833,0.1,0.2366,0,1,0,0,0,0,locality,2,1530.3
86ddf2abbf4b,AD002212,town_centroid,town,1,-46.70000000000002,-500.9083333333333,0.0833,0.1,0.2366,0,1,0,0,0,0,none,2,0.0
23ad3bf05807,AD002213,vendor_pin,street,1,2942.7,739.4,0.1,0.1228,0.2817,0,1,0,0,0,0,street,3,2179.4
13aa64ac2804,AD002213,town_centroid,town,1,856.3249999999999,109.34166666666668,0.1,0.1228,0.2817,0,1,0,0,0,0,none,3,0.0
fa9a59423489,AD002213,prior_field_cluster,street,1,2858.75,604.1500000000001,0.1,0.1228,0.2817,0,1,0,0,0,0,none,3,2062.7
44ca43fac754,AD002214,vendor_pin,locality,1,1205.4,-3636.3,0.0769,0.125,0.2529,0,1,0,0,0,0,locality,2,3378.4
adf2589cf060,AD002214,town_centroid,town,1,-172.75833333333335,-551.7416666666667,0.0769,0.125,0.2529,0,1,0,0,0,0,none,2,0.0
6540e20b9b1a,AD002215,vendor_pin,locality,1,667.3,-3157.9,0.2,0.1754,0.3333,1,1,0,0,0,0,locality,4,2751.3
b453d9bc8b05,AD002215,locality_centroid,locality,1,665.2,-3094.2,0.2,0.1754,0.3333,1,1,0,0,0,0,none,4,2689.2
401e6307408f,AD002215,town_centroid,town,1,-46.70000000000002,-500.9083333333333,0.2,0.1754,0.3333,1,1,0,0,0,0,none,4,0.0
aeb66efc0e24,AD002215,prior_field_cluster,street,1,445.7,-3022.8,0.2,0.1754,0.3333,1,1,0,0,0,0,none,4,2569.5
ed057dc7b901,AD002216,vendor_pin,street,1,2823.6,124.9,0.1111,0.125,0.2941,0,1,0,0,0,0,street,2,1967.3
c7f27f2d1359,AD002216,town_centroid,town,1,856.3249999999999,109.34166666666668,0.1111,0.125,0.2941,0,1,0,0,0,0,none,2,0.0
1bf5f2d6254e,AD002217,vendor_pin,locality,1,-1147.1,-3287.8,0.1538,0.1316,0.2581,1,1,0,0,0,0,locality,4,2996.3
33814fde3d0c,AD002217,locality_centroid,locality,1,-1053.3,-3163.0,0.1538,0.1316,0.2581,1,1,0,0,0,0,none,4,2846.0
04af87cee772,AD002217,town_centroid,town,1,-46.70000000000002,-500.9083333333333,0.1538,0.1316,0.2581,1,1,0,0,0,0,none,4,0.0
50a54229a27a,AD002217,prior_field_cluster,street,1,-867.1,-3085.4,0.1538,0.1316,0.2581,1,1,0,0,0,0,none,4,2711.6
08d15a23e736,AD002218,vendor_pin,locality,1,974.0,2529.8,0.2222,0.1587,0.3077,1,1,0,0,0,0,locality,3,2423.3
4db5e026abd2,AD002218,locality_centroid,locality,1,986.3,2772.6,0.2222,0.1587,0.3077,1,1,0,0,0,0,none,3,2666.4
2a48d13c382e,AD002218,town_centroid,town,1,856.3249999999999,109.34166666666668,0.2222,0.1587,0.3077,1,1,0,0,0,0,none,3,0.0
41bb34a846d4,AD002220,vendor_pin,locality,1,-856.0,2896.4,0.2,0.1935,0.3373,0,1,0,0,0,0,locality,2,3271.0
2feef808e39a,AD002220,town_centroid,town,1,856.3249999999999,109.34166666666668,0.2,0.1935,0.3373,0,1,0,0,0,0,none,2,0.0
c6e9c631152e,AD002221,vendor_pin,locality,1,2407.7,948.7,0.0909,0.1207,0.2817,0,1,0,0,0,0,locality,2,2850.5
59a067a5356b,AD002221,town_centroid,town,1,-46.70000000000002,-500.9083333333333,0.0909,0.1207,0.2817,0,1,0,0,0,0,none,2,0.0
b70287875d92,AD002222,vendor_pin,pincode,1,-1826.1,1487.7,0.0,0.0169,0.1562,0,1,0,0,0,0,pincode,2,2668.5
a019446156f4,AD002222,town_centroid,town,1,-46.70000000000002,-500.9083333333333,0.0,0.0169,0.1562,0,1,0,0,0,0,none,2,0.0
2a9dd811cc43,AD002223,vendor_pin,locality,1,912.8,-233.2,0.1667,0.169,0.3182,1,1,0,0,0,0,locality,3,996.1
536a28502141,AD002223,locality_centroid,locality,1,1112.8,-196.7,0.1667,0.169,0.3182,1,1,0,0,0,0,none,3,1198.7
1094ac5e1ea6,AD002223,town_centroid,town,1,-46.70000000000002,-500.9083333333333,0.1667,0.169,0.3182,1,1,0,0,0,0,none,3,0.0
177123c7e240,AD002224,vendor_pin,pincode,1,1800.9,-1365.3,0.0,0.0755,0.2295,0,1,0,0,0,0,pincode,2,1751.2
e5a02a41dbcb,AD002224,town_centroid,town,1,856.3249999999999,109.34166666666668,0.0,0.0755,0.2295,0,1,0,0,0,0,none,2,0.0
cd7e105d1d8c,AD002225,vendor_pin,locality,1,-485.6,-459.3,0.0909,0.1639,0.3171,0,1,0,0,0,0,locality,3,1457.4
c9bd31ffabb7,AD002225,town_centroid,town,1,856.3249999999999,109.34166666666668,0.0909,0.1639,0.3171,0,1,0,0,0,0,none,3,0.0
b815f4c21088,AD002225,prior_field_cluster,street,1,-929.6,-626.3,0.0909,0.1639,0.3171,0,1,0,0,0,0,none,3,1931.5
5b68eb66eb63,AD002226,vendor_pin,locality,1,-664.3,2902.8,0.125,0.1957,0.3939,0,1,0,0,0,0,locality,2,3180.5
7dc3a5036bd6,AD002226,town_centroid,town,1,856.3249999999999,109.34166666666668,0.125,0.1957,0.3939,0,1,0,0,0,0,none,2,0.0
2c8b29a8c70d,AD002227,vendor_pin,locality,1,-767.6,-523.6,0.2222,0.1481,0.303,1,1,0,0,0,0,locality,3,595.5
262c4253200e,AD002227,locality_centroid,locality,1,-722.6,-522.8,0.2222,0.1481,0.303,1,1,0,0,0,0,none,3,550.6
ac6605254f32,AD002227,town_centroid,town,1,-172.75833333333335,-551.7416666666667,0.2222,0.1481,0.303,1,1,0,0,0,0,none,3,0.0
10788bd3dbde,AD002228,vendor_pin,locality,1,-421.3,3147.4,0.1818,0.1757,0.3261,1,1,0,0,0,0,locality,3,3707.5
f36bd2fc5b20,AD002228,locality_centroid,locality,1,-438.3,3208.9,0.1818,0.1757,0.3261,1,1,0,0,0,0,none,3,3770.0
e356284ace19,AD002228,town_centroid,town,1,-172.75833333333335,-551.7416666666667,0.1818,0.1757,0.3261,1,1,0,0,0,0,none,3,0.0
fe1f5bf81b75,AD002229,vendor_pin,street,1,-2261.1,1177.5,0.2222,0.1791,0.3373,1,1,0,0,0,0,street,4,2711.4
c3cf10acdfd2,AD002229,locality_centroid,locality,1,-2446.2,1613.2,0.2222,0.1791,0.3373,1,1,0,0,0,0,none,4,3139.3
f9f4299e0f58,AD002229,town_centroid,town,1,-172.75833333333335,-551.7416666666667,0.2222,0.1791,0.3373,1,1,0,0,0,0,none,4,0.0
453e9f99a9f6,AD002229,prior_field_cluster,street,1,-2351.25,1314.85,0.2222,0.1791,0.3373,1,1,0,0,0,0,none,4,2868.8
e5aa59eae2a5,AD002230,vendor_pin,locality,1,3164.1,-2209.9,0.2,0.1471,0.2892,1,1,0,0,0,0,locality,4,3726.1
7b789f4f9bfe,AD002230,locality_centroid,locality,1,3188.8,-1960.7,0.2,0.1471,0.2892,1,1,0,0,0,0,none,4,3644.9
5a8d851f9e6f,AD002230,town_centroid,town,1,-172.75833333333335,-551.7416666666667,0.2,0.1471,0.2892,1,1,0,0,0,0,none,4,0.0
4d12c28a33c2,AD002230,prior_field_cluster,street,1,3397.6,-1814.8,0.2,0.1471,0.2892,1,1,0,0,0,0,none,4,3787.2
5c62a682ff2a,AD002231,vendor_pin,locality,1,2499.3,1088.6,0.2,0.1607,0.3143,1,1,0,0,0,0,locality,3,3001.4
bf98e336e58d,AD002231,locality_centroid,locality,1,2499.2,994.1,0.2,0.1607,0.3143,1,1,0,0,0,0,none,3,2952.4
f4e9c9f53a4f,AD002231,town_centroid,town,1,-46.70000000000002,-500.9083333333333,0.2,0.1607,0.3143,1,1,0,0,0,0,none,3,0.0
eb542cd926b0,AD002232,vendor_pin,street,1,-680.3,-3144.9,0.2222,0.1786,0.3288,1,1,0,0,0,0,street,3,2718.8
1a9fe7c63ca9,AD002232,locality_centroid,locality,1,-1053.3,-3163.0,0.2222,0.1786,0.3288,1,1,0,0,0,0,none,3,2846.0
6126cda04d2e,AD002232,town_centroid,town,1,-46.70000000000002,-500.9083333333333,0.2222,0.1786,0.3288,1,1,0,0,0,0,none,3,0.0
4dd02ee12b5c,AD002233,vendor_pin,street,1,-2643.2,-491.6,0.1333,0.122,0.2917,0,1,0,0,0,0,street,3,2471.2
fc94c5a6b2f5,AD002233,town_centroid,town,1,-172.75833333333335,-551.7416666666667,0.1333,0.122,0.2917,0,1,0,0,0,0,none,3,0.0
9486050ff386,AD002233,prior_field_cluster,street,1,-2562.7,-524.75,0.1333,0.122,0.2917,0,1,0,0,0,0,none,3,2390.1
aef487eab4cc,AD002234,vendor_pin,locality,1,-502.7,-3376.4,0.2,0.1579,0.3043,1,1,0,0,0,0,locality,4,2843.9
1f6b3b433ad3,AD002234,locality_centroid,locality,1,-433.5,-3467.4,0.2,0.1579,0.3043,1,1,0,0,0,0,none,4,2927.3
8989d61294ed,AD002234,town_centroid,town,1,-172.75833333333335,-551.7416666666667,0.2,0.1579,0.3043,1,1,0,0,0,0,none,4,0.0
dc634e0aeec8,AD002234,prior_field_cluster,street,1,-385.6,-3434.6,0.2,0.1579,0.3043,1,1,0,0,0,0,none,4,2890.7
a0ec21ce7da5,AD002235,vendor_pin,street,1,3288.7,1083.5,0.3333,0.2439,0.4286,1,0,0,0,0,0,street,3,2620.2
1808a489296c,AD002235,locality_centroid,locality,1,3029.6,575.7,0.3333,0.2439,0.4286,1,0,0,0,0,0,none,3,2222.7
e5cd982fb782,AD002235,town_centroid,town,1,856.3249999999999,109.34166666666668,0.3333,0.2439,0.4286,1,0,0,0,0,0,none,3,0.0
18fd8cd27ba5,AD002236,vendor_pin,locality,1,-478.2,-453.3,0.25,0.2115,0.3514,1,1,0,0,0,0,locality,3,1448.3
058de44e135b,AD002236,locality_centroid,locality,1,-533.7,-484.7,0.25,0.2115,0.3514,1,1,0,0,0,0,none,3,1511.6
1f2f62271387,AD002236,town_centroid,town,1,856.3249999999999,109.34166666666668,0.25,0.2115,0.3514,1,1,0,0,0,0,none,3,0.0
b4282833abf3,AD002237,vendor_pin,pincode,1,1811.0,-932.1,0.125,0.0943,0.2857,0,1,0,0,0,0,pincode,2,1412.8
f6962fa53fa8,AD002237,town_centroid,town,1,856.3249999999999,109.34166666666668,0.125,0.0943,0.2857,0,1,0,0,0,0,none,2,0.0
8880f059c33f,AD002238,vendor_pin,locality,1,-2888.8,1204.5,0.1429,0.2083,0.4194,0,1,0,0,0,0,locality,2,3314.5
cd3b778214ea,AD002238,town_centroid,town,1,-46.70000000000002,-500.9083333333333,0.1429,0.2083,0.4194,0,1,0,0,0,0,none,2,0.0
b8bb9240c0cf,AD002239,vendor_pin,pincode,1,1894.6,1498.2,0.0,0.0308,0.2192,0,1,0,0,0,0,pincode,2,2786.6
300eea27f5cd,AD002239,town_centroid,town,1,-46.70000000000002,-500.9083333333333,0.0,0.0308,0.2192,0,1,0,0,0,0,none,2,0.0
268230d772a2,AD002240,vendor_pin,locality,1,838.6,-3043.8,0.2857,0.2083,0.3692,1,0,0,0,0,0,locality,3,2692.6
0c355d84d91c,AD002240,locality_centroid,locality,1,665.2,-3094.2,0.2857,0.2083,0.3692,1,0,0,0,0,0,none,3,2689.2
bab46ff82aea,AD002240,town_centroid,town,1,-46.70000000000002,-500.9083333333333,0.2857,0.2083,0.3692,1,0,0,0,0,0,none,3,0.0
c98892af62c6,AD002241,vendor_pin,street,1,-144.9,-1105.9,0.25,0.22,0.3824,1,1,0,0,0,0,street,3,612.9
d7c8d25f2bb5,AD002241,locality_centroid,locality,1,-598.6,-1329.8,0.25,0.22,0.3824,1,1,0,0,0,0,none,3,995.8
23d0b3761da1,AD002241,town_centroid,town,1,-46.70000000000002,-500.9083333333333,0.25,0.22,0.3824,1,1,0,0,0,0,none,3,0.0
7b789d0c1eb0,AD002242,vendor_pin,locality,1,-438.5,-465.6,0.2,0.1864,0.3377,0,1,0,0,0,0,locality,2,1416.7
d11a889e01fe,AD002242,town_centroid,town,1,856.3249999999999,109.34166666666668,0.2,0.1864,0.3377,0,1,0,0,0,0,none,2,0.0
dd8396304a91,AD002243,vendor_pin,locality,1,-1602.6,-2638.4,0.2,0.1692,0.2921,1,1,0,0,0,0,locality,3,3687.3
b76209aedd23,AD002243,locality_centroid,locality,1,-1600.3,-2801.9,0.2,0.1692,0.2921,1,1,0,0,0,0,none,3,3809.2
a260ac7c1eb6,AD002243,town_centroid,town,1,856.3249999999999,109.34166666666668,0.2,0.1692,0.2921,1,1,0,0,0,0,none,3,0.0
4d1f1af57c6b,AD002244,vendor_pin,locality,1,783.6,-2868.8,0.2222,0.1803,0.3171,1,1,0,0,0,0,locality,4,2979.0
8641b8028457,AD002244,locality_centroid,locality,1,688.3,-3007.0,0.2222,0.1803,0.3171,1,1,0,0,0,0,none,4,3120.9
f002101e9205,AD002244,town_centroid,town,1,856.3249999999999,109.34166666666668,0.2222,0.1803,0.3171,1,1,0,0,0,0,none,4,0.0
f5d044e3b6ea,AD002244,prior_field_cluster,street,1,1216.2,-1845.6,0.2222,0.1803,0.3171,1,1,0,0,0,0,none,4,1987.8
5e2c9ef099f4,AD002245,vendor_pin,street,1,2800.4,-2026.2,0.1538,0.1282,0.2609,1,1,0,0,0,0,street,4,3229.9
b42465af21a1,AD002245,locality_centroid,locality,1,2735.1,-2128.6,0.1538,0.1282,0.2609,1,1,0,0,0,0,none,4,3223.0
1641bdc858be,AD002245,town_centroid,town,1,-46.70000000000002,-500.9083333333333,0.1538,0.1282,0.2609,1,1,0,0,0,0,none,4,0.0
cb418b8a7803,AD002245,prior_field_cluster,street,1,2774.2,-1915.2,0.1538,0.1282,0.2609,1,1,0,0,0,0,none,4,3155.6
67dd5bb943e7,AD002246,vendor_pin,rooftop,1,2435.3,-2340.8,0.1667,0.1333,0.2697,1,1,0,0,0,0,rooftop,4,3089.6
bda619a967dd,AD002246,locality_centroid,locality,1,2735.1,-2128.6,0.1667,0.1333,0.2697,1,1,0,0,0,0,none,4,3223.0
1350d4caaff4,AD002246,town_centroid,town,1,-46.70000000000002,-500.9083333333333,0.1667,0.1333,0.2697,1,1,0,0,0,0,none,4,0.0
001ea64918b4,AD002246,prior_field_cluster,street,1,2452.9,-2334.55,0.1667,0.1333,0.2697,1,1,0,0,0,0,none,4,3100.0
65220d871c44,AD002247,vendor_pin,locality,1,1801.1,-753.6,0.0909,0.1625,0.3434,0,1,0,0,0,0,locality,3,1865.0
4e67f4962f06,AD002247,town_centroid,town,1,-46.70000000000002,-500.9083333333333,0.0909,0.1625,0.3434,0,1,0,0,0,0,none,3,0.0
6ec2f9543ca7,AD002247,prior_field_cluster,street,1,2668.7,-1779.4,0.0909,0.1625,0.3434,0,1,0,0,0,0,none,3,3001.3
aec62c12f820,AD002248,vendor_pin,pincode,1,-238.8,-59.2,0.0,0.0727,0.2222,0,0,0,0,1,0,pincode,2,496.9
973732712dc5,AD002248,town_centroid,town,1,-172.75833333333335,-551.7416666666667,0.0,0.0727,0.2222,0,0,0,0,1,0,none,2,0.0
5b7252344442,AD002249,vendor_pin,locality,1,603.8,1864.0,0.2,0.1897,0.3421,1,1,0,0,0,0,locality,3,2537.5
44da92237645,AD002249,locality_centroid,locality,1,524.3,1610.0,0.2,0.1897,0.3421,1,1,0,0,0,0,none,3,2271.3
7e01aba0f498,AD002249,town_centroid,town,1,-172.75833333333335,-551.7416666666667,0.2,0.1897,0.3421,1,1,0,0,0,0,none,3,0.0
7d1cb0ef25cd,AD002250,vendor_pin,locality,1,-2217.8,-2420.9,0.2222,0.1864,0.3467,1,1,0,0,0,0,locality,3,2898.3
63a37955b060,AD002250,locality_centroid,locality,1,-2195.4,-2378.6,0.2222,0.1864,0.3467,1,1,0,0,0,0,none,3,2853.5
fbb42fe1685c,AD002250,town_centroid,town,1,-46.70000000000002,-500.9083333333333,0.2222,0.1864,0.3467,1,1,0,0,0,0,none,3,0.0
cfbc0fb5f359,AD002251,vendor_pin,locality,1,-3783.0,-765.0,0.3,0.2459,0.425,1,1,0,0,0,0,locality,4,3616.5
2727230149a8,AD002251,locality_centroid,locality,1,-3766.2,-883.9,0.3,0.2459,0.425,1,1,0,0,0,0,none,4,3608.8
3b27a214301c,AD002251,town_centroid,town,1,-172.75833333333335,-551.7416666666667,0.3,0.2459,0.425,1,1,0,0,0,0,none,4,0.0
e8b19d5881ee,AD002251,prior_field_cluster,street,1,-4183.5,-1102.7,0.3,0.2459,0.425,1,1,0,0,0,0,none,4,4048.4
8199c5f5e567,AD002252,vendor_pin,locality,1,-2602.5,-159.8,0.2857,0.25,0.5185,0,1,0,0,0,0,locality,3,2461.2
cfb4230f2f90,AD002252,town_centroid,town,1,-172.75833333333335,-551.7416666666667,0.2857,0.25,0.5185,0,1,0,0,0,0,none,3,0.0
3ff07dd8dccd,AD002252,prior_field_cluster,street,1,-2975.8,-648.8,0.2857,0.25,0.5185,0,1,0,0,0,0,none,3,2804.7
a19a2fa6e472,AD002253,vendor_pin,locality,1,-2636.6,-222.5,0.1538,0.1266,0.2979,0,1,0,0,0,0,locality,3,2485.7
39efc5481cb6,AD002253,town_centroid,town,1,-172.75833333333335,-551.7416666666667,0.1538,0.1266,0.2979,0,1,0,0,0,0,none,3,0.0
fd724081e58c,AD002253,prior_field_cluster,street,1,-2324.6499999999996,-428.85,0.1538,0.1266,0.2979,0,1,0,0,0,0,none,3,2155.4
be32652bbd5b,AD002254,vendor_pin,street,1,-537.2,-379.5,0.1818,0.1127,0.2381,1,1,0,0,0,0,street,4,403.1
805df7766ec8,AD002254,locality_centroid,locality,1,-722.6,-522.8,0.1818,0.1127,0.2381,1,1,0,0,0,0,none,4,550.6
a356b37f127f,AD002254,town_centroid,town,1,-172.75833333333335,-551.7416666666667,0.1818,0.1127,0.2381,1,1,0,0,0,0,none,4,0.0
e8df9d40bdeb,AD002254,prior_field_cluster,street,1,-443.9,-296.8,0.1818,0.1127,0.2381,1,1,0,0,0,0,none,4,372.2
fa8fcb4475db,AD002255,vendor_pin,locality,1,754.7,2781.3,0.2222,0.1695,0.3288,1,1,0,0,0,0,locality,3,2673.9
ea14d0b5b77c,AD002255,locality_centroid,locality,1,986.3,2772.6,0.2222,0.1695,0.3288,1,1,0,0,0,0,none,3,2666.4
4a5fdac1c26f,AD002255,town_centroid,town,1,856.3249999999999,109.34166666666668,0.2222,0.1695,0.3288,1,1,0,0,0,0,none,3,0.0
7e27582954f1,AD002256,vendor_pin,locality,1,-985.0,568.8,0.1818,0.1594,0.3059,1,1,0,0,0,0,locality,3,1422.9
72ade8c7e760,AD002256,locality_centroid,locality,1,-1205.8,409.2,0.1818,0.1594,0.3059,1,1,0,0,0,0,none,3,1473.7
09137f3c25e8,AD002256,town_centroid,town,1,-46.70000000000002,-500.9083333333333,0.1818,0.1594,0.3059,1,1,0,0,0,0,none,3,0.0
9ac3507686e7,AD002257,vendor_pin,locality,1,242.8,2433.0,0.25,0.2333,0.4198,1,1,0,0,0,0,locality,4,2948.2
e8458486335b,AD002257,locality_centroid,locality,1,290.7,2335.2,0.25,0.2333,0.4198,1,1,0,0,0,0,none,4,2856.1
0f302b8756f5,AD002257,town_centroid,town,1,-46.70000000000002,-500.9083333333333,0.25,0.2333,0.4198,1,1,0,0,0,0,none,4,0.0
a06b05f1f6a9,AD002257,prior_field_cluster,street,1,191.8,2753.6,0.25,0.2333,0.4198,1,1,0,0,0,0,none,4,3263.2
3be65e35c80a,AD002258,vendor_pin,street,1,1102.4,-945.3,0.1538,0.1512,0.2913,1,1,0,0,0,0,street,3,1334.5
909ff648ff05,AD002258,locality_centroid,locality,1,929.4,-822.2,0.1538,0.1512,0.2913,1,1,0,0,0,0,none,3,1134.9
17052585a2fe,AD002258,town_centroid,town,1,-172.75833333333335,-551.7416666666667,0.1538,0.1512,0.2913,1,1,0,0,0,0,none,3,0.0
fd31033fa01e,AD002259,vendor_pin,locality,1,3410.9,-2029.6,0.2222,0.1887,0.3582,1,0,0,0,0,0,locality,3,3876.4
2f23ba04da07,AD002259,locality_centroid,locality,1,3188.8,-1960.7,0.2222,0.1887,0.3582,1,0,0,0,0,0,none,3,3644.9
8a1db244dd31,AD002259,town_centroid,town,1,-172.75833333333335,-551.7416666666667,0.2222,0.1887,0.3582,1,0,0,0,0,0,none,3,0.0
4c388b47ade1,AD002260,vendor_pin,locality,1,2146.7,-918.2,0.0833,0.1757,0.3696,0,1,0,0,0,0,locality,2,2232.7
27d525467729,AD002260,town_centroid,town,1,-46.70000000000002,-500.9083333333333,0.0833,0.1757,0.3696,0,1,0,0,0,0,none,2,0.0
3ffb62dc054e,AD002261,vendor_pin,locality,1,2891.7,579.1,0.0769,0.0843,0.2128,0,1,0,0,0,0,locality,3,2088.9
961148fd1b61,AD002261,town_centroid,town,1,856.3249999999999,109.34166666666668,0.0769,0.0843,0.2128,0,1,0,0,0,0,none,3,0.0
c12a7c23829c,AD002261,prior_field_cluster,street,1,2678.2,249.35,0.0769,0.0843,0.2128,0,1,0,0,0,0,none,3,1827.2
499073acb56e,AD002262,vendor_pin,locality,1,2553.3,-1239.4,0.2,0.1538,0.2927,1,1,0,0,0,0,locality,4,2167.7
e284c58282a5,AD002262,locality_centroid,locality,1,2589.2,-1273.1,0.2,0.1538,0.2927,1,1,0,0,0,0,none,4,2216.8
e9f7b4d08bb6,AD002262,town_centroid,town,1,856.3249999999999,109.34166666666668,0.2,0.1538,0.2927,1,1,0,0,0,0,none,4,0.0
035cc1093f15,AD002262,prior_field_cluster,street,1,2631.35,-1664.3000000000002,0.2,0.1538,0.2927,1,1,0,0,0,0,none,4,2509.3
2a8a67246540,AD002263,vendor_pin,locality,1,1496.1,-1915.3,0.4,0.2647,0.4151,1,1,0,0,0,0,locality,4,2123.3
8f5ecde247e4,AD002263,locality_centroid,locality,1,1577.4,-2059.5,0.4,0.2647,0.4151,1,1,0,0,0,0,none,4,2285.6
dae707939832,AD002263,town_centroid,town,1,856.3249999999999,109.34166666666668,0.4,0.2647,0.4151,1,1,0,0,0,0,none,4,0.0
b97bac5e41f2,AD002263,prior_field_cluster,street,1,1686.4,-2440.2,0.4,0.2647,0.4151,1,1,0,0,0,0,none,4,2681.3
cbaad396bb83,AD002264,vendor_pin,street,1,931.8,2395.6,0.2222,0.1724,0.3333,1,0,0,0,0,0,street,4,2287.5
8a0489a08bd7,AD002264,locality_centroid,locality,1,986.3,2772.6,0.2222,0.1724,0.3333,1,0,0,0,0,0,none,4,2666.4
252d00d8947c,AD002264,town_centroid,town,1,856.3249999999999,109.34166666666668,0.2222,0.1724,0.3333,1,0,0,0,0,0,none,4,0.0
bdd48a6c6378,AD002264,prior_field_cluster,street,1,914.7,2273.45,0.2222,0.1724,0.3333,1,0,0,0,0,0,none,4,2164.9
1db2db81e1cc,AD002265,vendor_pin,locality,1,-1090.1,-3089.5,0.2222,0.1667,0.3243,1,0,0,0,0,0,locality,3,2791.0
d8aeb2e6f230,AD002265,locality_centroid,locality,1,-1053.3,-3163.0,0.2222,0.1667,0.3243,1,0,0,0,0,0,none,3,2846.0
885dc82ecd7d,AD002265,town_centroid,town,1,-46.70000000000002,-500.9083333333333,0.2222,0.1667,0.3243,1,0,0,0,0,0,none,3,0.0
a8332634e5c7,AD002266,vendor_pin,locality,1,-1905.9,2508.4,0.2222,0.2037,0.3714,1,1,0,0,0,0,locality,3,3537.3
d12d3e761656,AD002266,locality_centroid,locality,1,-1885.4,2441.1,0.2222,0.2037,0.3714,1,1,0,0,0,0,none,3,3469.3
7b49891ebaa7,AD002266,town_centroid,town,1,-46.70000000000002,-500.9083333333333,0.2222,0.2037,0.3714,1,1,0,0,0,0,none,3,0.0
6eb50c3f30dd,AD002267,vendor_pin,locality,1,767.4,2788.3,0.25,0.2128,0.3871,1,1,0,0,0,0,locality,3,2680.4
15d0a88a14f2,AD002267,locality_centroid,locality,1,986.3,2772.6,0.25,0.2128,0.3871,1,1,0,0,0,0,none,3,2666.4
cab52237995b,AD002267,town_centroid,town,1,856.3249999999999,109.34166666666668,0.25,0.2128,0.3871,1,1,0,0,0,0,none,3,0.0
060f0c6938e2,AD002269,vendor_pin,locality,1,1147.8,-53.4,0.25,0.2034,0.3733,1,1,0,0,0,0,locality,3,1275.6
96bebfa49f86,AD002269,locality_centroid,locality,1,1112.8,-196.7,0.25,0.2034,0.3733,1,1,0,0,0,0,none,3,1198.7
b078ff3b95f8,AD002269,town_centroid,town,1,-46.70000000000002,-500.9083333333333,0.25,0.2034,0.3733,1,1,0,0,0,0,none,3,0.0
a6f7819b76b9,AD002270,vendor_pin,locality,1,820.4,-2785.2,0.1818,0.1587,0.3117,1,1,0,0,0,0,locality,4,2443.3
e0b22e0c1f58,AD002270,locality_centroid,locality,1,665.2,-3094.2,0.1818,0.1587,0.3117,1,1,0,0,0,0,none,4,2689.2
4cb61f0fcedb,AD002270,town_centroid,town,1,-46.70000000000002,-500.9083333333333,0.1818,0.1587,0.3117,1,1,0,0,0,0,none,4,0.0
bf5e65a5205a,AD002270,prior_field_cluster,street,1,609.85,-2908.95,0.1818,0.1587,0.3117,1,1,0,0,0,0,none,4,2495.9
8261db770b45,AD002271,vendor_pin,locality,1,1344.0,-2078.0,0.2857,0.2045,0.3492,1,1,0,0,0,0,locality,3,2241.0
94cd648a9511,AD002271,locality_centroid,locality,1,1577.4,-2059.5,0.2857,0.2045,0.3492,1,1,0,0,0,0,none,3,2285.6
171846f27d97,AD002271,town_centroid,town,1,856.3249999999999,109.34166666666668,0.2857,0.2045,0.3492,1,1,0,0,0,0,none,3,0.0
e7c4524361b8,AD002272,vendor_pin,locality,1,2987.9,566.3,0.0769,0.0875,0.2391,0,1,0,0,0,0,locality,2,2180.0
79116cf0e979,AD002272,town_centroid,town,1,856.3249999999999,109.34166666666668,0.0769,0.0875,0.2391,0,1,0,0,0,0,none,2,0.0
300e495a97d2,AD002273,vendor_pin,locality,1,2409.4,-1272.3,0.2222,0.1639,0.3158,1,1,0,0,0,0,locality,3,2078.7
cd5cfd91a9d7,AD002273,locality_centroid,locality,1,2589.2,-1273.1,0.2222,0.1639,0.3158,1,1,0,0,0,0,none,3,2216.8
35942eec3ecc,AD002273,town_centroid,town,1,856.3249999999999,109.34166666666668,0.2222,0.1639,0.3158,1,1,0,0,0,0,none,3,0.0
efaf837a2565,AD002274,vendor_pin,street,1,637.8,-2832.5,0.1667,0.1447,0.2653,0,1,0,0,0,0,street,2,2949.9
0f4a01cf9d15,AD002274,town_centroid,town,1,856.3249999999999,109.34166666666668,0.1667,0.1447,0.2653,0,1,0,0,0,0,none,2,0.0
89dc8056b5f4,AD002275,vendor_pin,locality,1,841.7,2725.2,0.2222,0.1754,0.338,1,1,0,0,0,0,locality,3,2615.9
155b269946ab,AD002275,locality_centroid,locality,1,986.3,2772.6,0.2222,0.1754,0.338,1,1,0,0,0,0,none,3,2666.4
36ed26513bde,AD002275,town_centroid,town,1,856.3249999999999,109.34166666666668,0.2222,0.1754,0.338,1,1,0,0,0,0,none,3,0.0
97d1960e495b,AD002276,vendor_pin,locality,1,-2947.5,1325.8,0.1333,0.12,0.2393,1,1,0,0,0,0,locality,3,3428.0
1892633186d8,AD002276,locality_centroid,locality,1,-2863.9,1096.5,0.1333,0.12,0.2393,1,1,0,0,0,0,none,3,3238.6
b36d9ed65179,AD002276,town_centroid,town,1,-46.70000000000002,-500.9083333333333,0.1333,0.12,0.2393,1,1,0,0,0,0,none,3,0.0
52baa1af241d,AD002277,vendor_pin,locality,1,1438.2,-2188.6,0.2857,0.2195,0.386,0,1,0,0,0,0,locality,3,2370.5
d0e314acd08f,AD002277,town_centroid,town,1,856.3249999999999,109.34166666666668,0.2857,0.2195,0.386,0,1,0,0,0,0,none,3,0.0
92a80fd5309c,AD002277,prior_field_cluster,street,1,1928.3,-2082.2,0.2857,0.2195,0.386,0,1,0,0,0,0,none,3,2439.7
7211e55cfa66,AD002278,vendor_pin,locality,1,836.5,1382.5,0.2857,0.2174,0.381,1,1,0,0,0,0,locality,3,1273.3
1e02585d7848,AD002278,locality_centroid,locality,1,987.4,1270.5,0.2857,0.2174,0.381,1,1,0,0,0,0,none,3,1168.5
d8a22027b6cd,AD002278,town_centroid,town,1,856.3249999999999,109.34166666666668,0.2857,0.2174,0.381,1,1,0,0,0,0,none,3,0.0
61ccf905d48a,AD002279,vendor_pin,street,1,-649.6,-1534.5,0.1667,0.1507,0.2955,1,1,0,0,0,0,street,3,1196.6
c4fdb4220604,AD002279,locality_centroid,locality,1,-598.6,-1329.8,0.1667,0.1507,0.2955,1,1,0,0,0,0,none,3,995.8
a14d33a93df7,AD002279,town_centroid,town,1,-46.70000000000002,-500.9083333333333,0.1667,0.1507,0.2955,1,1,0,0,0,0,none,3,0.0
608d2471cfb9,AD002280,vendor_pin,locality,1,812.5,-3281.5,0.2,0.1724,0.3243,1,1,0,0,0,0,locality,3,2910.3
897fc2367fe1,AD002280,locality_centroid,locality,1,665.2,-3094.2,0.2,0.1724,0.3243,1,1,0,0,0,0,none,3,2689.2
aab3ee1ac521,AD002280,town_centroid,town,1,-46.70000000000002,-500.9083333333333,0.2,0.1724,0.3243,1,1,0,0,0,0,none,3,0.0
3990411adf25,AD002281,vendor_pin,street,1,-2738.7,891.1,0.2857,0.2553,0.4444,1,1,0,0,0,0,street,4,3030.6
f831a6dc9f9f,AD002281,locality_centroid,locality,1,-2863.9,1096.5,0.2857,0.2553,0.4444,1,1,0,0,0,0,none,4,3238.6
b5987c28041c,AD002281,town_centroid,town,1,-46.70000000000002,-500.9083333333333,0.2857,0.2553,0.4444,1,1,0,0,0,0,none,4,0.0
b9546f8f54c8,AD002281,prior_field_cluster,street,1,-2613.1499999999996,993.35,0.2857,0.2553,0.4444,1,1,0,0,0,0,none,4,2969.8
2c9c434adca6,AD002282,vendor_pin,locality,1,-999.7,-557.3,0.125,0.1163,0.3462,0,1,0,0,0,0,locality,2,827.0
97e7ad933551,AD002282,town_centroid,town,1,-172.75833333333335,-551.7416666666667,0.125,0.1163,0.3462,0,1,0,0,0,0,none,2,0.0
85c94eca9503,AD002283,vendor_pin,locality,1,-443.2,-3363.8,0.25,0.2308,0.4118,1,1,0,0,0,0,locality,3,2825.0
c29ef4640923,AD002283,locality_centroid,locality,1,-433.5,-3467.4,0.25,0.2308,0.4118,1,1,0,0,0,0,none,3,2927.3
23ef2807d51c,AD002283,town_centroid,town,1,-172.75833333333335,-551.7416666666667,0.25,0.2308,0.4118,1,1,0,0,0,0,none,3,0.0
9f71e126893e,AD002284,vendor_pin,street,1,604.3,-13.4,0.2222,0.1507,0.2889,1,1,0,0,0,0,street,3,280.3
53465a4ac5a2,AD002284,locality_centroid,locality,1,1046.9,-2.6,0.2222,0.1507,0.2889,1,1,0,0,0,0,none,3,221.0
ccee67e9574c,AD002284,town_centroid,town,1,856.3249999999999,109.34166666666668,0.2222,0.1507,0.2889,1,1,0,0,0,0,none,3,0.0
ae2907f5f831,AD002286,vendor_pin,locality,1,2514.3,1849.5,0.1538,0.0909,0.1957,0,1,0,0,0,0,locality,2,2403.5
c6f57835d63c,AD002286,town_centroid,town,1,856.3249999999999,109.34166666666668,0.1538,0.0909,0.1957,0,1,0,0,0,0,none,2,0.0
9d86b952c74a,AD002287,vendor_pin,locality,1,1604.4,-1942.2,0.2222,0.15,0.2895,1,1,0,0,0,0,locality,4,2183.7
b6e42a27497a,AD002287,locality_centroid,locality,1,1577.4,-2059.5,0.2222,0.15,0.2895,1,1,0,0,0,0,none,4,2285.6
729bb4d6106d,AD002287,town_centroid,town,1,856.3249999999999,109.34166666666668,0.2222,0.15,0.2895,1,1,0,0,0,0,none,4,0.0
348dbe576db9,AD002287,prior_field_cluster,street,1,1709.3,-2024.7,0.2222,0.15,0.2895,1,1,0,0,0,0,none,4,2298.2
0500730862b8,AD002288,vendor_pin,pincode,1,1629.6,-1241.3,0.0,0.0196,0.2414,0,1,0,0,0,0,pincode,2,1832.5
925ac40cdc0f,AD002288,town_centroid,town,1,-46.70000000000002,-500.9083333333333,0.0,0.0196,0.2414,0,1,0,0,0,0,none,2,0.0
1b377dd9a533,AD002289,vendor_pin,locality,1,2718.7,-2300.6,0.1667,0.1333,0.2697,1,1,0,0,0,0,locality,3,3299.4
2eaaeb6e1383,AD002289,locality_centroid,locality,1,2735.1,-2128.6,0.1667,0.1333,0.2697,1,1,0,0,0,0,none,3,3223.0
92ed26988d0f,AD002289,town_centroid,town,1,-46.70000000000002,-500.9083333333333,0.1667,0.1333,0.2697,1,1,0,0,0,0,none,3,0.0
46b61169078c,AD002291,vendor_pin,street,1,-1732.7,-3234.4,0.25,0.2075,0.3467,1,1,0,0,0,0,street,3,4228.9
6339fef145c3,AD002291,locality_centroid,locality,1,-1600.3,-2801.9,0.25,0.2075,0.3467,1,1,0,0,0,0,none,3,3809.2
242601d3b9e4,AD002291,town_centroid,town,1,856.3249999999999,109.34166666666668,0.25,0.2075,0.3467,1,1,0,0,0,0,none,3,0.0
bdf219ba9bcb,AD002292,vendor_pin,rooftop,1,-3455.1,-861.2,0.1667,0.1493,0.3457,0,1,0,0,0,0,rooftop,2,3296.9
7cb154f1f5cb,AD002292,town_centroid,town,1,-172.75833333333335,-551.7416666666667,0.1667,0.1493,0.3457,0,1,0,0,0,0,none,2,0.0
9ab4f3496060,AD002293,vendor_pin,street,1,-863.3,-955.5,0.1818,0.1143,0.241,1,1,0,0,0,0,street,3,799.9
c46c487f6b3f,AD002293,locality_centroid,locality,1,-722.6,-522.8,0.1818,0.1143,0.241,1,1,0,0,0,0,none,3,550.6
f4ff732923cd,AD002293,town_centroid,town,1,-172.75833333333335,-551.7416666666667,0.1818,0.1143,0.241,1,1,0,0,0,0,none,3,0.0
1997707c9739,AD002294,vendor_pin,locality,1,1599.0,-1990.1,0.3333,0.225,0.3667,1,1,0,0,0,0,locality,4,2226.9
ea368c98017c,AD002294,locality_centroid,locality,1,1577.4,-2059.5,0.3333,0.225,0.3667,1,1,0,0,0,0,none,4,2285.6
7e46913837ca,AD002294,town_centroid,town,1,856.3249999999999,109.34166666666668,0.3333,0.225,0.3667,1,1,0,0,0,0,none,4,0.0
b6e6f821ce8b,AD002294,prior_field_cluster,street,1,1173.1,-1885.2,0.3333,0.225,0.3667,1,1,0,0,0,0,none,4,2019.5
e9f6aad31925,AD002295,vendor_pin,pincode,1,-1260.2,-1505.9,0.0,0.0769,0.2667,0,1,0,0,0,0,pincode,2,1446.7
b364c8a82864,AD002295,town_centroid,town,1,-172.75833333333335,-551.7416666666667,0.0,0.0769,0.2667,0,1,0,0,0,0,none,2,0.0
ad2fea2b9d54,AD002296,vendor_pin,locality,1,3317.5,-1924.0,0.3333,0.25,0.4444,1,1,0,0,0,0,locality,3,3750.3
1c949c9eec7c,AD002296,locality_centroid,locality,1,3188.8,-1960.7,0.3333,0.25,0.4444,1,1,0,0,0,0,none,3,3644.9
507feca76e03,AD002296,town_centroid,town,1,-172.75833333333335,-551.7416666666667,0.3333,0.25,0.4444,1,1,0,0,0,0,none,3,0.0
db065c11de88,AD002297,vendor_pin,locality,1,2030.8,-928.6,0.1818,0.2162,0.3789,1,1,0,0,0,0,locality,3,2121.1
fe0597f7f71e,AD002297,locality_centroid,locality,1,1939.0,-996.1,0.1818,0.2162,0.3789,1,1,0,0,0,0,none,3,2046.5
71d830d46984,AD002297,town_centroid,town,1,-46.70000000000002,-500.9083333333333,0.1818,0.2162,0.3789,1,1,0,0,0,0,none,3,0.0
3c802a09389d,AD002298,vendor_pin,street,1,3035.6,-2161.0,0.2222,0.1724,0.3333,1,1,0,0,0,0,street,4,3589.3
1347ac174c4f,AD002298,locality_centroid,locality,1,3188.8,-1960.7,0.2222,0.1724,0.3333,1,1,0,0,0,0,none,4,3644.9
1ae8f92d0889,AD002298,town_centroid,town,1,-172.75833333333335,-551.7416666666667,0.2222,0.1724,0.3333,1,1,0,0,0,0,none,4,0.0
883036997c9f,AD002298,prior_field_cluster,street,1,2964.6,-2057.9,0.2222,0.1724,0.3333,1,1,0,0,0,0,none,4,3480.2
ed7854106777,AD002299,vendor_pin,locality,1,909.2,2663.3,0.4,0.3226,0.5217,1,1,0,0,0,0,locality,4,2554.5
df265f148625,AD002299,locality_centroid,locality,1,986.3,2772.6,0.4,0.3226,0.5217,1,1,0,0,0,0,none,4,2666.4
9be7d69e12ba,AD002299,town_centroid,town,1,856.3249999999999,109.34166666666668,0.4,0.3226,0.5217,1,1,0,0,0,0,none,4,0.0
db0d7db3988e,AD002299,prior_field_cluster,street,1,935.7,2298.6,0.4,0.3226,0.5217,1,1,0,0,0,0,none,4,2190.7
d4409a76af2a,AD002300,vendor_pin,locality,1,2997.2,497.5,0.1,0.1094,0.2895,0,1,0,0,0,0,locality,2,2175.8
edb792dcbef5,AD002300,town_centroid,town,1,856.3249999999999,109.34166666666668,0.1,0.1094,0.2895,0,1,0,0,0,0,none,2,0.0
d3d1faa2f1f6,AD002301,vendor_pin,locality,1,1282.7,-2128.4,0.2222,0.1636,0.3056,0,1,0,0,0,0,locality,2,2278.0
d6a87fff9266,AD002301,town_centroid,town,1,856.3249999999999,109.34166666666668,0.2222,0.1636,0.3056,0,1,0,0,0,0,none,2,0.0
b47bcb023103,AD002302,vendor_pin,locality,1,751.0,2607.3,0.2857,0.2128,0.3871,1,0,0,0,0,0,locality,3,2500.2
16783a72f512,AD002302,locality_centroid,locality,1,986.3,2772.6,0.2857,0.2128,0.3871,1,0,0,0,0,0,none,3,2666.4
11015db97b1c,AD002302,town_centroid,town,1,856.3249999999999,109.34166666666668,0.2857,0.2128,0.3871,1,0,0,0,0,0,none,3,0.0
d0d5faf37f10,AD002303,vendor_pin,pincode,1,-1241.8,-2716.3,0.0,0.0169,0.1562,0,1,0,0,0,0,pincode,2,2517.2
2cfdcca195e0,AD002303,town_centroid,town,1,-46.70000000000002,-500.9083333333333,0.0,0.0169,0.1562,0,1,0,0,0,0,none,2,0.0
04de56f8bf2a,AD002304,vendor_pin,locality,1,2724.7,-2170.3,0.1667,0.137,0.2727,1,1,0,0,0,0,locality,4,3235.4
d0357105db2e,AD002304,locality_centroid,locality,1,2735.1,-2128.6,0.1667,0.137,0.2727,1,1,0,0,0,0,none,4,3223.0
d722bf8a07c8,AD002304,town_centroid,town,1,-46.70000000000002,-500.9083333333333,0.1667,0.137,0.2727,1,1,0,0,0,0,none,4,0.0
9290e31dcf63,AD002304,prior_field_cluster,street,1,2786.0,-2052.9,0.1667,0.137,0.2727,1,1,0,0,0,0,none,4,3230.0
542489c8833e,AD002305,vendor_pin,locality,1,2539.3,988.5,0.0833,0.1094,0.2667,0,1,0,0,0,0,locality,2,2984.2
3745855dd88c,AD002305,town_centroid,town,1,-46.70000000000002,-500.9083333333333,0.0833,0.1094,0.2667,0,1,0,0,0,0,none,2,0.0
6e7ce5d1f87a,AD002306,vendor_pin,locality,1,2801.3,-2204.8,0.0909,0.0986,0.2619,0,1,0,0,0,0,locality,3,3318.8
2d3996813886,AD002306,town_centroid,town,1,-46.70000000000002,-500.9083333333333,0.0909,0.0986,0.2619,0,1,0,0,0,0,none,3,0.0
2b32e1ce39c7,AD002306,prior_field_cluster,street,1,2748.7,-1910.05,0.0909,0.0986,0.2619,0,1,0,0,0,0,none,3,3130.5
2fcb7d440284,AD002307,vendor_pin,locality,1,2597.9,-2082.0,0.0833,0.1029,0.2222,0,1,0,0,0,0,locality,3,3081.2
90159cef6ed2,AD002307,town_centroid,town,1,-46.70000000000002,-500.9083333333333,0.0833,0.1029,0.2222,0,1,0,0,0,0,none,3,0.0
577634a6458e,AD002307,prior_field_cluster,street,1,2482.2,-2346.0,0.0833,0.1029,0.2222,0,1,0,0,0,0,none,3,3130.4
1cc7623dfa9d,AD002308,vendor_pin,locality,1,2593.2,-2062.8,0.125,0.14,0.3934,0,1,0,0,0,0,locality,3,3067.3
33dc28c47d8a,AD002308,town_centroid,town,1,-46.70000000000002,-500.9083333333333,0.125,0.14,0.3934,0,1,0,0,0,0,none,3,0.0
e3040241a29c,AD002308,prior_field_cluster,street,1,2974.95,-2556.85,0.125,0.14,0.3934,0,1,0,0,0,0,none,3,3654.8
9927c2676034,AD002309,vendor_pin,pincode,1,2700.1,716.1,0.0,0.0816,0.2456,0,1,0,0,0,0,pincode,2,3140.2
b6e353724ccf,AD002309,town_centroid,town,1,-172.75833333333335,-551.7416666666667,0.0,0.0816,0.2456,0,1,0,0,0,0,none,2,0.0
af4cedb1f67c,AD002310,vendor_pin,locality,1,2467.9,1195.7,0.1818,0.1324,0.2683,1,1,0,0,0,0,locality,3,3033.4
358ecf489be6,AD002310,locality_centroid,locality,1,2499.2,994.1,0.1818,0.1324,0.2683,1,1,0,0,0,0,none,3,2952.4
78827fdc4222,AD002310,town_centroid,town,1,-46.70000000000002,-500.9083333333333,0.1818,0.1324,0.2683,1,1,0,0,0,0,none,3,0.0
35e0e8c30d87,AD002311,vendor_pin,locality,1,3065.5,-1761.0,0.4,0.2778,0.48,1,1,0,0,0,0,locality,4,3456.7
f65effc4c10f,AD002311,locality_centroid,locality,1,3188.8,-1960.7,0.4,0.2778,0.48,1,1,0,0,0,0,none,4,3644.9
2bc0e50145a1,AD002311,town_centroid,town,1,-172.75833333333335,-551.7416666666667,0.4,0.2778,0.48,1,1,0,0,0,0,none,4,0.0
40d9c5283fe5,AD002311,prior_field_cluster,street,1,-3728.3,-788.6,0.4,0.2778,0.48,1,1,0,0,0,0,none,4,3563.4
0aed3f66f3f0,AD002312,vendor_pin,locality,1,963.9,-86.4,0.2222,0.193,0.3514,1,1,0,0,0,0,locality,3,223.4
bbe6b28f7436,AD002312,locality_centroid,locality,1,1046.9,-2.6,0.2222,0.193,0.3514,1,1,0,0,0,0,none,3,221.0
20e71d158d8f,AD002312,town_centroid,town,1,856.3249999999999,109.34166666666668,0.2222,0.193,0.3514,1,1,0,0,0,0,none,3,0.0
f046e788aa52,AD002314,vendor_pin,locality,1,-870.5,-2963.3,0.1538,0.1333,0.2609,1,1,0,0,0,0,locality,3,2596.5
16fa40c2842a,AD002314,locality_centroid,locality,1,-1053.3,-3163.0,0.1538,0.1333,0.2609,1,1,0,0,0,0,none,3,2846.0
85442dc35490,AD002314,town_centroid,town,1,-46.70000000000002,-500.9083333333333,0.1538,0.1333,0.2609,1,1,0,0,0,0,none,3,0.0
a9ee3da0b982,AD002315,vendor_pin,locality,1,339.7,2378.9,0.1,0.1714,0.3596,0,1,0,0,0,0,locality,2,2905.6
ad42f5ed2cfb,AD002315,town_centroid,town,1,-46.70000000000002,-500.9083333333333,0.1,0.1714,0.3596,0,1,0,0,0,0,none,2,0.0
7f614161782c,AD002316,vendor_pin,locality,1,1902.2,-954.2,0.1111,0.2063,0.4198,0,0,0,0,0,0,locality,2,2000.9
818f414902d1,AD002316,town_centroid,town,1,-46.70000000000002,-500.9083333333333,0.1111,0.2063,0.4198,0,0,0,0,0,0,none,2,0.0
5429bff70220,AD002317,vendor_pin,locality,1,-2125.7,-2459.3,0.2222,0.2037,0.3714,1,1,0,0,0,0,locality,4,2856.1
48f13bb8152f,AD002317,locality_centroid,locality,1,-2195.4,-2378.6,0.2222,0.2037,0.3714,1,1,0,0,0,0,none,4,2853.5
ecafc95651a2,AD002317,town_centroid,town,1,-46.70000000000002,-500.9083333333333,0.2222,0.2037,0.3714,1,1,0,0,0,0,none,4,0.0
9f5ec8d24896,AD002317,prior_field_cluster,street,1,-2383.5,-2023.0,0.2222,0.2037,0.3714,1,1,0,0,0,0,none,4,2788.8
7a0ac81e6149,AD002318,vendor_pin,street,1,-73.6,894.1,0.25,0.1957,0.3548,1,1,0,0,0,0,street,3,1216.8
66c77c1d3899,AD002318,locality_centroid,locality,1,-200.6,1476.5,0.25,0.1957,0.3548,1,1,0,0,0,0,none,3,1728.1
3fe87c64d4c7,AD002318,town_centroid,town,1,856.3249999999999,109.34166666666668,0.25,0.1957,0.3548,1,1,0,0,0,0,none,3,0.0
4ea093d5db25,AD002319,vendor_pin,locality,1,2834.0,-2145.4,0.1429,0.1149,0.233,1,1,0,0,0,0,locality,3,3317.0
fbbc01fef5da,AD002319,locality_centroid,locality,1,2735.1,-2128.6,0.1429,0.1149,0.233,1,1,0,0,0,0,none,3,3223.0
afa71b28ada1,AD002319,town_centroid,town,1,-46.70000000000002,-500.9083333333333,0.1429,0.1149,0.233,1,1,0,0,0,0,none,3,0.0
ad03bb5ff099,AD002321,vendor_pin,locality,1,3008.9,-1857.4,0.1538,0.1282,0.2581,1,1,0,0,0,0,locality,4,3439.1
6f0dfd4039de,AD002321,locality_centroid,locality,1,3188.8,-1960.7,0.1538,0.1282,0.2581,1,1,0,0,0,0,none,4,3644.9
7dc04fd0f242,AD002321,town_centroid,town,1,-172.75833333333335,-551.7416666666667,0.1538,0.1282,0.2581,1,1,0,0,0,0,none,4,0.0
70d6ead0ed6a,AD002321,prior_field_cluster,street,1,3390.2,-1727.9,0.1538,0.1282,0.2581,1,1,0,0,0,0,none,4,3752.1
c46412037495,AD002322,vendor_pin,locality,1,783.7,2554.3,0.25,0.1923,0.3636,1,1,0,0,0,0,locality,3,2446.0
8e5907d5def9,AD002322,locality_centroid,locality,1,986.3,2772.6,0.25,0.1923,0.3636,1,1,0,0,0,0,none,3,2666.4
f0121884f5a5,AD002322,town_centroid,town,1,856.3249999999999,109.34166666666668,0.25,0.1923,0.3636,1,1,0,0,0,0,none,3,0.0
e8933b8d5f57,AD002323,vendor_pin,pincode,1,-347.1,1800.6,0.2,0.1429,0.3556,0,1,0,0,0,0,pincode,2,2075.7
22912e9eeee8,AD002323,town_centroid,town,1,856.3249999999999,109.34166666666668,0.2,0.1429,0.3556,0,1,0,0,0,0,none,2,0.0
811038bf7baf,AD002324,vendor_pin,locality,1,-1585.9,-2919.6,0.25,0.1964,0.3377,1,0,0,0,0,0,locality,3,3890.9
6d71897d8be7,AD002324,locality_centroid,locality,1,-1600.3,-2801.9,0.25,0.1964,0.3377,1,0,0,0,0,0,none,3,3809.2
aa91f88e62aa,AD002324,town_centroid,town,1,856.3249999999999,109.34166666666668,0.25,0.1964,0.3377,1,0,0,0,0,0,none,3,0.0
b62375ae6196,AD002325,vendor_pin,locality,1,2975.9,428.7,0.1667,0.1389,0.2727,1,1,0,0,0,0,locality,3,2143.5
8dbeb6fa8fd0,AD002325,locality_centroid,locality,1,3029.6,575.7,0.1667,0.1389,0.2727,1,1,0,0,0,0,none,3,2222.7
40265cc9eafd,AD002325,town_centroid,town,1,856.3249999999999,109.34166666666668,0.1667,0.1389,0.2727,1,1,0,0,0,0,none,3,0.0
0e4349c4a6ce,AD002327,vendor_pin,pincode,1,1425.0,1283.9,0.1429,0.125,0.36,0,1,0,0,0,0,pincode,2,1305.0
50d7046542a7,AD002327,town_centroid,town,1,856.3249999999999,109.34166666666668,0.1429,0.125,0.36,0,1,0,0,0,0,none,2,0.0
f9adfa590dfc,AD002328,vendor_pin,locality,1,-409.2,-3546.6,0.1538,0.1446,0.28,1,1,0,0,0,0,locality,3,3004.2
5d55408f0683,AD002328,locality_centroid,locality,1,-433.5,-3467.4,0.1538,0.1446,0.28,1,1,0,0,0,0,none,3,2927.3
9c6533b99a5c,AD002328,town_centroid,town,1,-172.75833333333335,-551.7416666666667,0.1538,0.1446,0.28,1,1,0,0,0,0,none,3,0.0
a98da62c4a84,AD002330,vendor_pin,locality,1,1660.8,-2181.3,0.25,0.1875,0.3284,1,1,0,0,0,0,locality,3,2427.8
53a1df4865e5,AD002330,locality_centroid,locality,1,1577.4,-2059.5,0.25,0.1875,0.3284,1,1,0,0,0,0,none,3,2285.6
9cf6e62348a9,AD002330,town_centroid,town,1,856.3249999999999,109.34166666666668,0.25,0.1875,0.3284,1,1,0,0,0,0,none,3,0.0
8d64654cabf3,AD002332,vendor_pin,pincode,1,1647.5,-1677.3,0.0,0.0137,0.125,0,1,0,0,0,0,pincode,3,2062.6
8eb742a88325,AD002332,town_centroid,town,1,-46.70000000000002,-500.9083333333333,0.0,0.0137,0.125,0,1,0,0,0,0,none,3,0.0
01db23b7330f,AD002332,prior_field_cluster,street,1,3127.8,-2092.6,0.0,0.0137,0.125,0,1,0,0,0,0,none,3,3551.2
a0ccc8fbfe27,AD002333,vendor_pin,locality,1,-2732.9,-101.2,0.1538,0.15,0.3299,0,1,0,0,0,0,locality,3,2599.5
bb5e524cef24,AD002333,town_centroid,town,1,-172.75833333333335,-551.7416666666667,0.1538,0.15,0.3299,0,1,0,0,0,0,none,3,0.0
7d2cf7f0f940,AD002333,prior_field_cluster,street,1,-2259.65,-529.1,0.1538,0.15,0.3299,0,1,0,0,0,0,none,3,2087.0
de2664e88cd5,AD002334,vendor_pin,locality,1,-2464.3,1549.7,0.2,0.1905,0.3544,1,1,0,0,0,0,locality,4,3109.2
187595051776,AD002334,locality_centroid,locality,1,-2446.2,1613.2,0.2,0.1905,0.3544,1,1,0,0,0,0,none,4,3139.3
668810cd9d1f,AD002334,town_centroid,town,1,-172.75833333333335,-551.7416666666667,0.2,0.1905,0.3544,1,1,0,0,0,0,none,4,0.0
7144465cc447,AD002334,prior_field_cluster,street,1,2336.4,-783.7,0.2,0.1905,0.3544,1,1,0,0,0,0,none,4,2519.9
127480577f3c,AD002335,vendor_pin,locality,1,3162.3,-2245.3,0.2,0.1667,0.3243,1,1,0,0,0,0,locality,3,3740.4
0a9386cb8adf,AD002335,locality_centroid,locality,1,3188.8,-1960.7,0.2,0.1667,0.3243,1,1,0,0,0,0,none,3,3644.9
bf380858f236,AD002335,town_centroid,town,1,-172.75833333333335,-551.7416666666667,0.2,0.1667,0.3243,1,1,0,0,0,0,none,3,0.0
b16502880d67,AD002336,vendor_pin,street,1,4053.1,817.8,0.1538,0.175,0.3265,1,1,0,0,0,0,street,3,4442.2
2f0703940e5a,AD002336,locality_centroid,locality,1,3653.7,367.3,0.1538,0.175,0.3265,1,1,0,0,0,0,none,3,3935.3
0626a59c5b85,AD002336,town_centroid,town,1,-172.75833333333335,-551.7416666666667,0.1538,0.175,0.3265,1,1,0,0,0,0,none,3,0.0
95c6d44c59b9,AD002337,vendor_pin,rooftop,1,1972.0,1560.0,0.2857,0.1667,0.3051,1,1,0,0,0,0,rooftop,3,1830.1
8e10784bcd38,AD002337,locality_centroid,locality,1,2308.9,1849.5,0.2857,0.1667,0.3051,1,1,0,0,0,0,none,3,2266.7
0c3b312bd009,AD002337,town_centroid,town,1,856.3249999999999,109.34166666666668,0.2857,0.1667,0.3051,1,1,0,0,0,0,none,3,0.0
037793c6809f,AD002339,vendor_pin,locality,1,695.6,2723.1,0.1818,0.1351,0.2637,1,1,0,0,0,0,locality,4,2618.7
f0a154b38e81,AD002339,locality_centroid,locality,1,986.3,2772.6,0.1818,0.1351,0.2637,1,1,0,0,0,0,none,4,2666.4
1fa3e03706c2,AD002339,town_centroid,town,1,856.3249999999999,109.34166666666668,0.1818,0.1351,0.2637,1,1,0,0,0,0,none,4,0.0
8ddde6532ee9,AD002339,prior_field_cluster,street,1,1087.1,2978.4,0.1818,0.1351,0.2637,1,1,0,0,0,0,none,4,2878.3
cc0d865b02f0,AD002340,vendor_pin,pincode,1,2711.6,1801.6,0.1111,0.0877,0.2353,0,1,0,0,0,0,pincode,2,2511.1
83e0e1190274,AD002340,town_centroid,town,1,856.3249999999999,109.34166666666668,0.1111,0.0877,0.2353,0,1,0,0,0,0,none,2,0.0
355aeb2ef83f,AD002341,vendor_pin,locality,1,899.8,2724.6,0.2,0.1538,0.2963,1,1,0,0,0,0,locality,4,2615.6
f9cc1f111d69,AD002341,locality_centroid,locality,1,986.3,2772.6,0.2,0.1538,0.2963,1,1,0,0,0,0,none,4,2666.4
919f3a416837,AD002341,town_centroid,town,1,856.3249999999999,109.34166666666668,0.2,0.1538,0.2963,1,1,0,0,0,0,none,4,0.0
4e761ee38ac1,AD002341,prior_field_cluster,street,1,-757.6,2714.3,0.2,0.1538,0.2963,1,1,0,0,0,0,none,4,3064.4
5a654c5904ec,AD002342,vendor_pin,locality,1,-79.4,1267.4,0.125,0.125,0.3077,0,1,0,0,0,0,locality,2,1488.9
1050bf3d6b33,AD002342,town_centroid,town,1,856.3249999999999,109.34166666666668,0.125,0.125,0.3077,0,1,0,0,0,0,none,2,0.0
518d87c26cee,AD002343,vendor_pin,pincode,1,-1250.8,2119.2,0.0,0.0645,0.169,0,1,0,0,0,0,pincode,2,2880.3
6da9b39a313d,AD002343,town_centroid,town,1,-172.75833333333335,-551.7416666666667,0.0,0.0645,0.169,0,1,0,0,0,0,none,2,0.0
b657c770f832,AD002344,vendor_pin,pincode,1,2054.9,1624.7,0.1111,0.0806,0.2466,0,1,0,0,0,0,pincode,2,1932.1
d26f513b621d,AD002344,town_centroid,town,1,856.3249999999999,109.34166666666668,0.1111,0.0806,0.2466,0,1,0,0,0,0,none,2,0.0
be21a8046550,AD002345,vendor_pin,locality,1,1165.2,1227.4,0.2222,0.1724,0.3158,1,1,0,0,0,0,locality,3,1159.9
fb1cec0987ac,AD002345,locality_centroid,locality,1,987.4,1270.5,0.2222,0.1724,0.3158,1,1,0,0,0,0,none,3,1168.5
3b1c6d609f85,AD002345,town_centroid,town,1,856.3249999999999,109.34166666666668,0.2222,0.1724,0.3158,1,1,0,0,0,0,none,3,0.0
ca860d82c3fa,AD002346,vendor_pin,locality,1,780.1,-779.4,0.0769,0.1282,0.2826,0,1,0,0,0,0,locality,2,979.7
8abf7573e432,AD002346,town_centroid,town,1,-172.75833333333335,-551.7416666666667,0.0769,0.1282,0.2826,0,1,0,0,0,0,none,2,0.0
7250dd1b9350,AD002347,vendor_pin,locality,1,-322.9,-3515.1,0.1538,0.15,0.2887,1,1,0,0,0,0,locality,3,2967.2
0209825595d7,AD002347,locality_centroid,locality,1,-433.5,-3467.4,0.1538,0.15,0.2887,1,1,0,0,0,0,none,3,2927.3
958748426bc1,AD002347,town_centroid,town,1,-172.75833333333335,-551.7416666666667,0.1538,0.15,0.2887,1,1,0,0,0,0,none,3,0.0
d651b6e26db9,AD002348,vendor_pin,street,1,1058.3,-2743.0,0.25,0.2128,0.3871,1,1,0,0,0,0,street,3,2499.6
97e0c72e5fae,AD002348,locality_centroid,locality,1,665.2,-3094.2,0.25,0.2128,0.3871,1,1,0,0,0,0,none,3,2689.2
e301db9512b2,AD002348,town_centroid,town,1,-46.70000000000002,-500.9083333333333,0.25,0.2128,0.3871,1,1,0,0,0,0,none,3,0.0
c574ec1c1622,AD002349,vendor_pin,street,1,-565.3,-847.2,0.2222,0.1897,0.3421,0,1,0,0,0,0,street,2,1713.5
463660beb118,AD002349,town_centroid,town,1,856.3249999999999,109.34166666666668,0.2222,0.1897,0.3421,0,1,0,0,0,0,none,2,0.0
192b4403b1d4,AD002350,vendor_pin,locality,1,-3867.6,-917.6,0.2308,0.1948,0.3542,1,1,0,0,0,0,locality,3,3712.9
3297a716597e,AD002350,locality_centroid,locality,1,-3766.2,-883.9,0.2308,0.1948,0.3542,1,1,0,0,0,0,none,3,3608.8
f12524ffd6ab,AD002350,town_centroid,town,1,-172.75833333333335,-551.7416666666667,0.2308,0.1948,0.3542,1,1,0,0,0,0,none,3,0.0
8b047653191a,AD002351,vendor_pin,locality,1,3135.4,-1991.9,0.0769,0.1154,0.2637,0,1,0,0,0,0,locality,2,3608.0
a4f054c3d136,AD002351,town_centroid,town,1,-172.75833333333335,-551.7416666666667,0.0769,0.1154,0.2637,0,1,0,0,0,0,none,2,0.0
31c282bd7105,AD002352,vendor_pin,locality,1,296.6,2439.3,0.25,0.2593,0.4595,1,1,0,0,0,0,locality,3,2960.2
0c48c63ffff8,AD002352,locality_centroid,locality,1,290.7,2335.2,0.25,0.2593,0.4595,1,1,0,0,0,0,none,3,2856.1
07b50f8d1d50,AD002352,town_centroid,town,1,-46.70000000000002,-500.9083333333333,0.25,0.2593,0.4595,1,1,0,0,0,0,none,3,0.0
0cffcb4ddd0a,AD002353,vendor_pin,locality,1,-1268.1,501.3,0.25,0.2245,0.4062,1,1,0,0,0,0,locality,4,1579.9
f99b3ead1fc7,AD002353,locality_centroid,locality,1,-1205.8,409.2,0.25,0.2245,0.4062,1,1,0,0,0,0,none,4,1473.7
bb444b9742e5,AD002353,town_centroid,town,1,-46.70000000000002,-500.9083333333333,0.25,0.2245,0.4062,1,1,0,0,0,0,none,4,0.0
b438f2e26445,AD002353,prior_field_cluster,street,1,-655.45,227.7,0.25,0.2245,0.4062,1,1,0,0,0,0,none,4,949.4
8e6452f8ff26,AD002354,vendor_pin,locality,1,-2879.2,1001.8,0.1111,0.1754,0.3662,0,1,0,0,0,0,locality,2,3206.4
1988accef2ac,AD002354,town_centroid,town,1,-46.70000000000002,-500.9083333333333,0.1111,0.1754,0.3662,0,1,0,0,0,0,none,2,0.0
04265c5c8f87,AD002355,vendor_pin,locality,1,2880.3,-2280.9,0.1667,0.1493,0.2824,1,1,0,0,0,0,locality,3,3425.7
63dba9fef4d6,AD002355,locality_centroid,locality,1,2735.1,-2128.6,0.1667,0.1493,0.2824,1,1,0,0,0,0,none,3,3223.0
b80b2f99121d,AD002355,town_centroid,town,1,-46.70000000000002,-500.9083333333333,0.1667,0.1493,0.2824,1,1,0,0,0,0,none,3,0.0
d8222c3943fd,AD002356,vendor_pin,pincode,1,-2191.2,975.9,0.0,0.0189,0.1724,0,1,0,0,0,0,pincode,2,2603.8
ef2464fd4212,AD002356,town_centroid,town,1,-46.70000000000002,-500.9083333333333,0.0,0.0189,0.1724,0,1,0,0,0,0,none,2,0.0
b2b942922271,AD002357,vendor_pin,locality,1,1123.6,115.1,0.1,0.1231,0.2785,0,1,0,0,0,0,locality,3,267.3
5084cb347ba5,AD002357,town_centroid,town,1,856.3249999999999,109.34166666666668,0.1,0.1231,0.2785,0,1,0,0,0,0,none,3,0.0
d0d910185df6,AD002357,prior_field_cluster,street,1,1013.7,313.3,0.1,0.1231,0.2785,0,1,0,0,0,0,none,3,257.6
3bd022db654f,AD002358,vendor_pin,pincode,1,2274.6,1095.5,0.0,0.0667,0.2319,0,1,0,0,0,0,pincode,2,2950.1
515ffb0ec3a7,AD002358,town_centroid,town,1,-172.75833333333335,-551.7416666666667,0.0,0.0667,0.2319,0,1,0,0,0,0,none,2,0.0
fa9d57316f1e,AD002359,vendor_pin,street,1,1543.9,-1501.2,0.0909,0.1311,0.2821,0,1,0,0,0,0,street,3,1751.2
6a7f297863c6,AD002359,town_centroid,town,1,856.3249999999999,109.34166666666668,0.0909,0.1311,0.2821,0,1,0,0,0,0,none,3,0.0
1c18314452c6,AD002359,prior_field_cluster,street,1,1656.25,-1609.45,0.0909,0.1311,0.2821,0,1,0,0,0,0,none,3,1895.8
f7dc78027c89,AD002360,vendor_pin,locality,1,-541.5,2979.8,0.2857,0.24,0.3784,1,1,0,0,0,0,locality,3,3192.7
879470f2bab7,AD002360,locality_centroid,locality,1,-603.5,2996.1,0.2857,0.24,0.3784,1,1,0,0,0,0,none,3,3234.9
9082824d02b1,AD002360,town_centroid,town,1,856.3249999999999,109.34166666666668,0.2857,0.24,0.3784,1,1,0,0,0,0,none,3,0.0
e1b3e07b58b0,AD002361,vendor_pin,locality,1,628.0,-3030.2,0.1667,0.1325,0.2524,0,1,0,0,0,0,locality,2,3147.8
a2d750f3cef6,AD002361,town_centroid,town,1,856.3249999999999,109.34166666666668,0.1667,0.1325,0.2524,0,1,0,0,0,0,none,2,0.0
7da1f1401505,AD002362,vendor_pin,locality,1,2553.7,-2096.5,0.2857,0.2128,0.3871,1,1,0,0,0,0,locality,4,3050.9
f622cfaaa9d8,AD002362,locality_centroid,locality,1,2735.1,-2128.6,0.2857,0.2128,0.3871,1,1,0,0,0,0,none,4,3223.0
5cb97c52e9d9,AD002362,town_centroid,town,1,-46.70000000000002,-500.9083333333333,0.2857,0.2128,0.3871,1,1,0,0,0,0,none,4,0.0
6b4ad4a30925,AD002362,prior_field_cluster,street,1,2516.6,-2131.75,0.2857,0.2128,0.3871,1,1,0,0,0,0,none,4,3038.1
90a5edea18a8,AD002363,vendor_pin,locality,1,3183.8,-2047.9,0.1538,0.1235,0.25,1,1,0,0,0,0,locality,3,3674.9
e4c1156d6268,AD002363,locality_centroid,locality,1,3188.8,-1960.7,0.1538,0.1235,0.25,1,1,0,0,0,0,none,3,3644.9
30daae28f5aa,AD002363,town_centroid,town,1,-172.75833333333335,-551.7416666666667,0.1538,0.1235,0.25,1,1,0,0,0,0,none,3,0.0
795b722b40c8,AD002364,vendor_pin,locality,1,2356.0,1781.7,0.2,0.1094,0.2222,1,1,0,0,0,0,locality,3,2246.3
cf4402a67d15,AD002364,locality_centroid,locality,1,2308.9,1849.5,0.2,0.1094,0.2222,1,1,0,0,0,0,none,3,2266.7
2a5d07db9cb6,AD002364,town_centroid,town,1,856.3249999999999,109.34166666666668,0.2,0.1094,0.2222,1,1,0,0,0,0,none,3,0.0
59b5c1bd5539,AD002365,vendor_pin,street,1,938.1,-632.6,0.1818,0.1711,0.3226,1,1,0,0,0,0,street,3,1113.8
a696323d2b7d,AD002365,locality_centroid,locality,1,929.4,-822.2,0.1818,0.1711,0.3226,1,1,0,0,0,0,none,3,1134.9
d5ea6d9cff5f,AD002365,town_centroid,town,1,-172.75833333333335,-551.7416666666667,0.1818,0.1711,0.3226,1,1,0,0,0,0,none,3,0.0
ad9eff390388,AD002366,vendor_pin,locality,1,1344.7,-3566.1,0.4,0.3214,0.4889,1,1,0,0,0,0,locality,3,3374.8
d52c84e68f2e,AD002366,locality_centroid,locality,1,1155.3,-3613.0,0.4,0.3214,0.4889,1,1,0,0,0,0,none,3,3336.9
1abffaeffc77,AD002366,town_centroid,town,1,-172.75833333333335,-551.7416666666667,0.4,0.3214,0.4889,1,1,0,0,0,0,none,3,0.0
0a5d34732a3e,AD002367,vendor_pin,locality,1,2329.2,916.2,0.1667,0.1268,0.2619,1,1,0,0,0,0,locality,4,2766.4
e0c98c07eaee,AD002367,locality_centroid,locality,1,2499.2,994.1,0.1667,0.1268,0.2619,1,1,0,0,0,0,none,4,2952.4
fa33b4973c92,AD002367,town_centroid,town,1,-46.70000000000002,-500.9083333333333,0.1667,0.1268,0.2619,1,1,0,0,0,0,none,4,0.0
23471cdd023a,AD002367,prior_field_cluster,street,1,2101.2,761.6,0.1667,0.1268,0.2619,1,1,0,0,0,0,none,4,2491.5
3d912bd8641e,AD002368,vendor_pin,street,1,1251.7,-476.9,0.0909,0.1471,0.3133,0,1,0,0,0,0,street,2,1426.4
7a318d6d2794,AD002368,town_centroid,town,1,-172.75833333333335,-551.7416666666667,0.0909,0.1471,0.3133,0,1,0,0,0,0,none,2,0.0
e6ffbf3ebe79,AD002369,vendor_pin,locality,1,-1672.1,-2840.5,0.2222,0.2037,0.3562,1,1,0,0,0,0,locality,3,3885.2
ac1ea8de3ac3,AD002369,locality_centroid,locality,1,-1600.3,-2801.9,0.2222,0.2037,0.3562,1,1,0,0,0,0,none,3,3809.2
d384c8bc33bc,AD002369,town_centroid,town,1,856.3249999999999,109.34166666666668,0.2222,0.2037,0.3562,1,1,0,0,0,0,none,3,0.0
b5623293f2a0,AD002370,vendor_pin,street,1,-2124.1,1805.2,0.1818,0.16,0.3043,1,1,0,0,0,0,street,3,3059.9
3feac6cd8add,AD002370,locality_centroid,locality,1,-2446.2,1613.2,0.1818,0.16,0.3043,1,1,0,0,0,0,none,3,3139.3
482bfe346594,AD002370,town_centroid,town,1,-172.75833333333335,-551.7416666666667,0.1818,0.16,0.3043,1,1,0,0,0,0,none,3,0.0
89812541e999,AD002371,vendor_pin,locality,1,835.1,-129.4,0.0909,0.1212,0.3,0,1,0,0,0,0,locality,2,239.7
62730efec049,AD002371,town_centroid,town,1,856.3249999999999,109.34166666666668,0.0909,0.1212,0.3,0,1,0,0,0,0,none,2,0.0
6656d170249f,AD002372,vendor_pin,locality,1,3164.0,-2080.8,0.1818,0.1408,0.2824,1,1,0,0,0,0,locality,3,3670.4
2d4e9c405db9,AD002372,locality_centroid,locality,1,3188.8,-1960.7,0.1818,0.1408,0.2824,1,1,0,0,0,0,none,3,3644.9
77ec4d4d6c25,AD002372,town_centroid,town,1,-172.75833333333335,-551.7416666666667,0.1818,0.1408,0.2824,1,1,0,0,0,0,none,3,0.0
ca9476990177,AD002373,vendor_pin,street,1,-1385.6,-2547.2,0.25,0.193,0.3291,1,1,0,0,0,0,street,3,3476.1
794478103819,AD002373,locality_centroid,locality,1,-1600.3,-2801.9,0.25,0.193,0.3291,1,1,0,0,0,0,none,3,3809.2
b7cf84a37b26,AD002373,town_centroid,town,1,856.3249999999999,109.34166666666668,0.25,0.193,0.3291,1,1,0,0,0,0,none,3,0.0
93ca3b0558e5,AD002374,vendor_pin,street,1,2678.6,1602.1,0.2,0.15,0.2973,1,1,0,0,0,0,street,3,3442.4
9a7b6a69649f,AD002374,locality_centroid,locality,1,2499.2,994.1,0.2,0.15,0.2973,1,1,0,0,0,0,none,3,2952.4
627f2c6f8516,AD002374,town_centroid,town,1,-46.70000000000002,-500.9083333333333,0.2,0.15,0.2973,1,1,0,0,0,0,none,3,0.0
496f1f857539,AD002375,vendor_pin,street,1,1394.6,-3569.6,0.2222,0.1698,0.3143,1,1,0,0,0,0,street,3,3400.6
95b0d4226844,AD002375,locality_centroid,locality,1,1155.3,-3613.0,0.2222,0.1698,0.3143,1,1,0,0,0,0,none,3,3336.9
c1dcdd934ca2,AD002375,town_centroid,town,1,-172.75833333333335,-551.7416666666667,0.2222,0.1698,0.3143,1,1,0,0,0,0,none,3,0.0
199f1d2a472a,AD002376,vendor_pin,locality,1,-1209.2,478.4,0.2857,0.2157,0.3939,1,1,0,0,0,0,locality,3,1520.0
af9f788bc4e3,AD002376,locality_centroid,locality,1,-1205.8,409.2,0.2857,0.2157,0.3939,1,1,0,0,0,0,none,3,1473.7
248029a7a92f,AD002376,town_centroid,town,1,-46.70000000000002,-500.9083333333333,0.2857,0.2157,0.3939,1,1,0,0,0,0,none,3,0.0
2920a17aed71,AD002377,vendor_pin,locality,1,1390.2,-3335.9,0.0,0.0789,0.2198,0,1,0,0,0,0,locality,2,3192.9
0e0d8646a728,AD002377,town_centroid,town,1,-172.75833333333335,-551.7416666666667,0.0,0.0789,0.2198,0,1,0,0,0,0,none,2,0.0
ed1882b183ab,AD002378,vendor_pin,locality,1,-2690.3,971.5,0.0769,0.125,0.2653,0,1,0,0,0,0,locality,2,3026.0
a8aed0096911,AD002378,town_centroid,town,1,-46.70000000000002,-500.9083333333333,0.0769,0.125,0.2653,0,1,0,0,0,0,none,2,0.0
57e101db4aa8,AD002380,vendor_pin,street,1,2973.8,-2417.8,0.2857,0.2083,0.3871,1,1,0,0,0,0,street,4,3658.3
13e55f46cc44,AD002380,locality_centroid,locality,1,3188.8,-1960.7,0.2857,0.2083,0.3871,1,1,0,0,0,0,none,4,3644.9
74e4bf359fa5,AD002380,town_centroid,town,1,-172.75833333333335,-551.7416666666667,0.2857,0.2083,0.3871,1,1,0,0,0,0,none,4,0.0
02172c029b1c,AD002380,prior_field_cluster,street,1,3060.7,-2420.3,0.2857,0.2083,0.3871,1,1,0,0,0,0,none,4,3734.5
9ebe30f0f615,AD002381,vendor_pin,street,1,891.3,-339.7,0.2222,0.1964,0.3514,1,0,0,0,0,0,street,3,450.4
6b3663903cd1,AD002381,locality_centroid,locality,1,1046.9,-2.6,0.2222,0.1964,0.3514,1,0,0,0,0,0,none,3,221.0
99e8402fa984,AD002381,town_centroid,town,1,856.3249999999999,109.34166666666668,0.2222,0.1964,0.3514,1,0,0,0,0,0,none,3,0.0
a8a277df96ae,AD002382,vendor_pin,street,1,1241.3,-275.5,0.1,0.129,0.3158,0,1,0,0,0,0,street,2,544.3
7a7ca2509c1b,AD002382,town_centroid,town,1,856.3249999999999,109.34166666666668,0.1,0.129,0.3158,0,1,0,0,0,0,none,2,0.0
19f2788d7f01,AD002383,vendor_pin,locality,1,-399.6,-3606.8,0.2,0.1967,0.3636,1,1,0,0,0,0,locality,3,3063.5
e01f04b6745a,AD002383,locality_centroid,locality,1,-433.5,-3467.4,0.2,0.1967,0.3636,1,1,0,0,0,0,none,3,2927.3
8bfcfde6560a,AD002383,town_centroid,town,1,-172.75833333333335,-551.7416666666667,0.2,0.1967,0.3636,1,1,0,0,0,0,none,3,0.0
e818fcc0c453,AD002384,vendor_pin,locality,1,-517.2,-739.0,0.2,0.1719,0.2955,1,1,0,0,0,0,locality,3,1614.4
f0a2af4aa87a,AD002384,locality_centroid,locality,1,-533.7,-484.7,0.2,0.1719,0.2955,1,1,0,0,0,0,none,3,1511.6
5f250497ecfe,AD002384,town_centroid,town,1,856.3249999999999,109.34166666666668,0.2,0.1719,0.2955,1,1,0,0,0,0,none,3,0.0
85bd9a3421da,AD002385,vendor_pin,locality,1,-609.3,-752.7,0.2857,0.2157,0.3611,1,1,0,0,0,0,locality,3,1700.3
5757a32ca326,AD002385,locality_centroid,locality,1,-533.7,-484.7,0.2857,0.2157,0.3611,1,1,0,0,0,0,none,3,1511.6
7191320744ec,AD002385,town_centroid,town,1,856.3249999999999,109.34166666666668,0.2857,0.2157,0.3611,1,1,0,0,0,0,none,3,0.0
9e1c47da1255,AD002387,vendor_pin,locality,1,-1753.9,-2764.6,0.25,0.1833,0.3095,1,1,0,0,0,0,locality,3,3882.4
59762fe93552,AD002387,locality_centroid,locality,1,-1600.3,-2801.9,0.25,0.1833,0.3095,1,1,0,0,0,0,none,3,3809.2
47939de0044c,AD002387,town_centroid,town,1,856.3249999999999,109.34166666666668,0.25,0.1833,0.3095,1,1,0,0,0,0,none,3,0.0
60a20d194151,AD002388,vendor_pin,pincode,1,1829.7,-1850.6,0.1111,0.0847,0.2319,0,1,0,0,0,0,pincode,2,2188.3
711886766be9,AD002388,town_centroid,town,1,856.3249999999999,109.34166666666668,0.1111,0.0847,0.2319,0,1,0,0,0,0,none,2,0.0
c0ac3bb20eea,AD002389,vendor_pin,pincode,1,42.5,2414.6,0.1111,0.0984,0.3056,0,1,0,0,0,0,pincode,2,2444.7
2024ca25c2d9,AD002389,town_centroid,town,1,856.3249999999999,109.34166666666668,0.1111,0.0984,0.3056,0,1,0,0,0,0,none,2,0.0
2eefb947c4ff,AD002391,vendor_pin,locality,1,-485.3,3194.2,0.1818,0.1585,0.297,1,1,0,0,0,0,locality,3,3759.0
42bbb151aacf,AD002391,locality_centroid,locality,1,-438.3,3208.9,0.1818,0.1585,0.297,1,1,0,0,0,0,none,3,3770.0
5bf5605574dc,AD002391,town_centroid,town,1,-172.75833333333335,-551.7416666666667,0.1818,0.1585,0.297,1,1,0,0,0,0,none,3,0.0
4ac9f1a8e034,AD002392,vendor_pin,locality,1,2162.7,1118.7,0.1,0.1186,0.2703,0,1,0,0,0,0,locality,2,2739.4
ce8a59e85a1e,AD002392,town_centroid,town,1,-46.70000000000002,-500.9083333333333,0.1,0.1186,0.2703,0,1,0,0,0,0,none,2,0.0
68ba7c7ca266,AD002393,vendor_pin,locality,1,647.5,-3250.1,0.1667,0.137,0.2759,1,1,0,0,0,0,locality,4,2835.5
14c0ccd1d12b,AD002393,locality_centroid,locality,1,665.2,-3094.2,0.1667,0.137,0.2759,1,1,0,0,0,0,none,4,2689.2
ee6425d640fc,AD002393,town_centroid,town,1,-46.70000000000002,-500.9083333333333,0.1667,0.137,0.2759,1,1,0,0,0,0,none,4,0.0
2ede061a4d5a,AD002393,prior_field_cluster,street,1,633.0,-3005.6,0.1667,0.137,0.2759,1,1,0,0,0,0,none,4,2595.3
256869bd650e,AD002394,vendor_pin,locality,1,-1860.8,2569.0,0.2,0.1642,0.3095,1,1,0,0,0,0,locality,3,3565.9
4dd511bfc666,AD002394,locality_centroid,locality,1,-1885.4,2441.1,0.2,0.1642,0.3095,1,1,0,0,0,0,none,3,3469.3
6c5eb6ec688f,AD002394,town_centroid,town,1,-46.70000000000002,-500.9083333333333,0.2,0.1642,0.3095,1,1,0,0,0,0,none,3,0.0
8ccdd18de691,AD002395,vendor_pin,street,1,-296.8,-992.8,0.25,0.1379,0.2817,1,0,0,0,0,0,street,3,458.2
f824f0d34000,AD002395,locality_centroid,locality,1,-722.6,-522.8,0.25,0.1379,0.2817,1,0,0,0,0,0,none,3,550.6
16985c102d8f,AD002395,town_centroid,town,1,-172.75833333333335,-551.7416666666667,0.25,0.1379,0.2817,1,0,0,0,0,0,none,3,0.0
dcbebd39f773,AD002396,vendor_pin,locality,1,2769.0,-1241.2,0.2857,0.2222,0.4,1,0,0,1,0,0,locality,3,2341.4
a92f4fb180bd,AD002396,locality_centroid,locality,1,2589.2,-1273.1,0.2857,0.2222,0.4,1,0,0,1,0,0,none,3,2216.8
928c4de96009,AD002396,town_centroid,town,1,856.3249999999999,109.34166666666668,0.2857,0.2222,0.4,1,0,0,1,0,0,none,3,0.0
3a90b6ccba5a,AD002397,vendor_pin,locality,1,-3652.1,-901.0,0.3,0.2273,0.4,1,1,0,0,0,0,locality,3,3496.8
909b599cb996,AD002397,locality_centroid,locality,1,-3766.2,-883.9,0.3,0.2273,0.4,1,1,0,0,0,0,none,3,3608.8
c221d95fa913,AD002397,town_centroid,town,1,-172.75833333333335,-551.7416666666667,0.3,0.2273,0.4,1,1,0,0,0,0,none,3,0.0
bf7018d33d01,AD002398,vendor_pin,locality,1,800.7,-945.2,0.1818,0.1529,0.2941,1,1,0,0,0,0,locality,3,1050.0
a180ab82abb9,AD002398,locality_centroid,locality,1,929.4,-822.2,0.1818,0.1529,0.2941,1,1,0,0,0,0,none,3,1134.9
0b4615f6cc43,AD002398,town_centroid,town,1,-172.75833333333335,-551.7416666666667,0.1818,0.1529,0.2941,1,1,0,0,0,0,none,3,0.0
41554fc47d94,AD002399,vendor_pin,street,1,1167.8,-3506.3,0.1818,0.1552,0.2895,1,1,0,0,0,0,street,3,3244.5
6bbc45342cc0,AD002399,locality_centroid,locality,1,1155.3,-3613.0,0.1818,0.1552,0.2895,1,1,0,0,0,0,none,3,3336.9
b00e64b00b0a,AD002399,town_centroid,town,1,-172.75833333333335,-551.7416666666667,0.1818,0.1552,0.2895,1,1,0,0,0,0,none,3,0.0
bd727ebc436c,AD002400,vendor_pin,locality,1,-2541.2,1706.8,0.1818,0.169,0.3146,1,1,0,0,0,0,locality,3,3272.7
9175d79c2c40,AD002400,locality_centroid,locality,1,-2446.2,1613.2,0.1818,0.169,0.3146,1,1,0,0,0,0,none,3,3139.3
e1e9f25b8851,AD002400,town_centroid,town,1,-172.75833333333335,-551.7416666666667,0.1818,0.169,0.3146,1,1,0,0,0,0,none,3,0.0
afa38e21fbc1,AD002401,vendor_pin,locality,1,623.2,-3036.2,0.25,0.234,0.3768,1,1,0,0,0,0,locality,4,3154.2
252cac1c2936,AD002401,locality_centroid,locality,1,688.3,-3007.0,0.25,0.234,0.3768,1,1,0,0,0,0,none,4,3120.9
e8a0c30b93c8,AD002401,town_centroid,town,1,856.3249999999999,109.34166666666668,0.25,0.234,0.3768,1,1,0,0,0,0,none,4,0.0
cb74395ef80d,AD002401,prior_field_cluster,street,1,619.0,-3491.8,0.25,0.234,0.3768,1,1,0,0,0,0,none,4,3609.0
6e09da419947,AD002402,vendor_pin,locality,1,1164.8,-3657.0,0.2222,0.1579,0.2933,1,1,0,0,0,0,locality,4,3381.1
36aa0c43f03d,AD002402,locality_centroid,locality,1,1155.3,-3613.0,0.2222,0.1579,0.2933,1,1,0,0,0,0,none,4,3336.9
9e7797d9335a,AD002402,town_centroid,town,1,-172.75833333333335,-551.7416666666667,0.2222,0.1579,0.2933,1,1,0,0,0,0,none,4,0.0
533f6c4c82a3,AD002402,prior_field_cluster,street,1,-80.6,-3750.5,0.2222,0.1579,0.2933,1,1,0,0,0,0,none,4,3200.1
d68519d1921d,AD002403,vendor_pin,street,1,2383.6,1063.5,0.0714,0.0921,0.2299,0,1,0,0,0,0,street,2,2890.3
a8db84c29846,AD002403,town_centroid,town,1,-46.70000000000002,-500.9083333333333,0.0714,0.0921,0.2299,0,1,0,0,0,0,none,2,0.0
245bca5c9a5c,AD002404,vendor_pin,locality,1,2805.1,-2118.8,0.1818,0.1639,0.3117,1,1,0,0,0,0,locality,4,3278.8
0ea287952561,AD002404,locality_centroid,locality,1,2735.1,-2128.6,0.1818,0.1639,0.3117,1,1,0,0,0,0,none,4,3223.0
35b0e8e802ac,AD002404,town_centroid,town,1,-46.70000000000002,-500.9083333333333,0.1818,0.1639,0.3117,1,1,0,0,0,0,none,4,0.0
144d19f3d945,AD002404,prior_field_cluster,street,1,3063.3,-1962.75,0.1818,0.1639,0.3117,1,1,0,0,0,0,none,4,3436.4
14c3a5a21188,AD002405,vendor_pin,street,1,-957.2,-951.0,0.1818,0.125,0.2632,1,1,0,0,0,0,street,3,880.2
3ca2b9c319ba,AD002405,locality_centroid,locality,1,-722.6,-522.8,0.1818,0.125,0.2632,1,1,0,0,0,0,none,3,550.6
af15ad948827,AD002405,town_centroid,town,1,-172.75833333333335,-551.7416666666667,0.1818,0.125,0.2632,1,1,0,0,0,0,none,3,0.0
086aa8b3f034,AD002407,vendor_pin,locality,1,3748.5,474.4,0.25,0.2692,0.4571,1,1,0,0,0,0,locality,3,4053.3
dd6464efe714,AD002407,locality_centroid,locality,1,3653.7,367.3,0.25,0.2692,0.4571,1,1,0,0,0,0,none,3,3935.3
50b0d36080b1,AD002407,town_centroid,town,1,-172.75833333333335,-551.7416666666667,0.25,0.2692,0.4571,1,1,0,0,0,0,none,3,0.0
13c47e28efb5,AD002408,vendor_pin,street,1,-1224.0,26.9,0.1818,0.1667,0.321,1,1,0,0,0,0,street,3,1290.2
2b9e778df119,AD002408,locality_centroid,locality,1,-1205.8,409.2,0.1818,0.1667,0.321,1,1,0,0,0,0,none,3,1473.7
a902dae51510,AD002408,town_centroid,town,1,-46.70000000000002,-500.9083333333333,0.1818,0.1667,0.321,1,1,0,0,0,0,none,3,0.0
f75e6ac8599b,AD002410,vendor_pin,locality,1,805.6,-676.1,0.0714,0.1446,0.297,0,1,0,0,0,0,locality,2,986.2
da0f5bb7e7b2,AD002410,town_centroid,town,1,-172.75833333333335,-551.7416666666667,0.0714,0.1446,0.297,0,1,0,0,0,0,none,2,0.0
2bef92c0d1e7,AD002411,vendor_pin,locality,1,801.4,-869.3,0.1429,0.2326,0.4561,0,1,0,0,0,0,locality,2,1024.6
6e2820722c24,AD002411,town_centroid,town,1,-172.75833333333335,-551.7416666666667,0.1429,0.2326,0.4561,0,1,0,0,0,0,none,2,0.0
0f0c56293631,AD002412,vendor_pin,locality,1,-2656.6,-471.7,0.1667,0.1299,0.3077,0,1,0,0,0,0,locality,3,2485.1
661274644e18,AD002412,town_centroid,town,1,-172.75833333333335,-551.7416666666667,0.1667,0.1299,0.3077,0,1,0,0,0,0,none,3,0.0
46e531240221,AD002412,prior_field_cluster,street,1,-2682.2,-108.5,0.1667,0.1299,0.3077,0,1,0,0,0,0,none,3,2548.3
dc2be9ccab94,AD002413,vendor_pin,locality,1,2684.7,-2126.1,0.2222,0.1961,0.3636,1,1,0,0,0,0,locality,4,3178.3
68f516f380e6,AD002413,locality_centroid,locality,1,2735.1,-2128.6,0.2222,0.1961,0.3636,1,1,0,0,0,0,none,4,3223.0
45ef742c2aa3,AD002413,town_centroid,town,1,-46.70000000000002,-500.9083333333333,0.2222,0.1961,0.3636,1,1,0,0,0,0,none,4,0.0
4d4f245d63d3,AD002413,prior_field_cluster,street,1,2965.45,-1913.0,0.2222,0.1961,0.3636,1,1,0,0,0,0,none,4,3326.7
760ada88e337,AD002414,vendor_pin,street,1,2896.4,-1840.5,0.1667,0.1389,0.2759,1,1,0,0,0,0,street,4,3233.6
d6842a793d34,AD002414,locality_centroid,locality,1,2735.1,-2128.6,0.1667,0.1389,0.2759,1,1,0,0,0,0,none,4,3223.0
b782b2e983e7,AD002414,town_centroid,town,1,-46.70000000000002,-500.9083333333333,0.1667,0.1389,0.2759,1,1,0,0,0,0,none,4,0.0
bb047d882eee,AD002414,prior_field_cluster,street,1,2904.85,-1785.65,0.1667,0.1389,0.2759,1,1,0,0,0,0,none,4,3219.0
e29d20970a8a,AD002415,vendor_pin,street,1,-2802.8,50.4,0.2727,0.2143,0.382,1,1,0,0,0,0,street,4,2698.1
c9c93bcdcca0,AD002415,locality_centroid,locality,1,-2605.6,-262.1,0.2727,0.2143,0.382,1,1,0,0,0,0,none,4,2450.0
caaed0b4b6c0,AD002415,town_centroid,town,1,-172.75833333333335,-551.7416666666667,0.2727,0.2143,0.382,1,1,0,0,0,0,none,4,0.0
2b4e2817c9ef,AD002415,prior_field_cluster,street,1,-2725.9,-23.8,0.2727,0.2143,0.382,1,1,0,0,0,0,none,4,2607.2
34cd2611d37f,AD002416,vendor_pin,locality,1,-236.8,-3219.2,0.1667,0.1519,0.2947,1,1,0,0,0,0,locality,4,2668.2
8f66793e385f,AD002416,locality_centroid,locality,1,-433.5,-3467.4,0.1667,0.1519,0.2947,1,1,0,0,0,0,none,4,2927.3
ec18e9fe9ca4,AD002416,town_centroid,town,1,-172.75833333333335,-551.7416666666667,0.1667,0.1519,0.2947,1,1,0,0,0,0,none,4,0.0
eb184afc83c5,AD002416,prior_field_cluster,street,1,2344.3,-772.9,0.1667,0.1519,0.2947,1,1,0,0,0,0,none,4,2526.8
ac590ecc5236,AD002417,vendor_pin,locality,1,-524.0,-1289.1,0.1429,0.1341,0.268,1,1,0,0,0,0,locality,3,921.4
54a509dc84ff,AD002417,locality_centroid,locality,1,-598.6,-1329.8,0.1429,0.1341,0.268,1,1,0,0,0,0,none,3,995.8
b3c8ab0ae0f0,AD002417,town_centroid,town,1,-46.70000000000002,-500.9083333333333,0.1429,0.1341,0.268,1,1,0,0,0,0,none,3,0.0
d719dfa4e297,AD002418,vendor_pin,pincode,1,1080.6,-1354.2,0.0,0.0222,0.2083,0,1,0,0,0,0,pincode,2,1413.8
0c4eabb79a1c,AD002418,town_centroid,town,1,-46.70000000000002,-500.9083333333333,0.0,0.0222,0.2083,0,1,0,0,0,0,none,2,0.0
fd1c48d8ac88,AD002419,vendor_pin,street,1,2671.6,-2548.6,0.1538,0.1235,0.2449,1,1,0,0,0,0,street,4,3403.3
96d253e1df43,AD002419,locality_centroid,locality,1,2735.1,-2128.6,0.1538,0.1235,0.2449,1,1,0,0,0,0,none,4,3223.0
d64643afbb17,AD002419,town_centroid,town,1,-46.70000000000002,-500.9083333333333,0.1538,0.1235,0.2449,1,1,0,0,0,0,none,4,0.0
bd3527278b49,AD002419,prior_field_cluster,street,1,2667.2,-2322.45,0.1538,0.1235,0.2449,1,1,0,0,0,0,none,4,3268.5
a8cf848c13f5,AD002421,vendor_pin,locality,1,508.0,-2950.9,0.1667,0.2941,0.5,0,1,0,0,0,0,locality,2,3080.0
adcd9f4f645e,AD002421,town_centroid,town,1,856.3249999999999,109.34166666666668,0.1667,0.2941,0.5,0,1,0,0,0,0,none,2,0.0
5b176c7fa772,AD002422,vendor_pin,locality,1,1365.9,-3537.5,0.1818,0.1552,0.2933,1,1,0,0,0,0,locality,3,3358.9
ee771477f491,AD002422,locality_centroid,locality,1,1155.3,-3613.0,0.1818,0.1552,0.2933,1,1,0,0,0,0,none,3,3336.9
35fe0d7a403d,AD002422,town_centroid,town,1,-172.75833333333335,-551.7416666666667,0.1818,0.1552,0.2933,1,1,0,0,0,0,none,3,0.0
2188feab0744,AD002423,vendor_pin,street,1,-2842.7,1474.8,0.1818,0.1667,0.3182,1,1,0,0,0,0,street,3,3351.9
593a21eb77c0,AD002423,locality_centroid,locality,1,-2446.2,1613.2,0.1818,0.1667,0.3182,1,1,0,0,0,0,none,3,3139.3
d0bf21bde00e,AD002423,town_centroid,town,1,-172.75833333333335,-551.7416666666667,0.1818,0.1667,0.3182,1,1,0,0,0,0,none,3,0.0
7752c72017fa,AD002424,vendor_pin,locality,1,-488.6,-3292.9,0.25,0.2308,0.4118,1,1,0,0,0,0,locality,4,2759.3
fa5d99922fc7,AD002424,locality_centroid,locality,1,-433.5,-3467.4,0.25,0.2308,0.4118,1,1,0,0,0,0,none,4,2927.3
e1be7c1a3dd5,AD002424,town_centroid,town,1,-172.75833333333335,-551.7416666666667,0.25,0.2308,0.4118,1,1,0,0,0,0,none,4,0.0
256dd43121ae,AD002424,prior_field_cluster,street,1,-513.7,-3305.8,0.25,0.2308,0.4118,1,1,0,0,0,0,none,4,2775.1
25ff52ffa7f7,AD002425,vendor_pin,street,1,-3787.3,-505.2,0.25,0.1923,0.3505,1,1,0,0,0,0,street,3,3614.8
86f39ab5a405,AD002425,locality_centroid,locality,1,-3766.2,-883.9,0.25,0.1923,0.3505,1,1,0,0,0,0,none,3,3608.8
36f09b236013,AD002425,town_centroid,town,1,-172.75833333333335,-551.7416666666667,0.25,0.1923,0.3505,1,1,0,0,0,0,none,3,0.0
c2c5d8a0f6d5,AD002427,vendor_pin,locality,1,-309.2,-3515.3,0.1667,0.1224,0.2456,1,1,0,0,0,0,locality,3,2966.7
76be3f40e977,AD002427,locality_centroid,locality,1,-433.5,-3467.4,0.1667,0.1224,0.2456,1,1,0,0,0,0,none,3,2927.3
cc10102da361,AD002427,town_centroid,town,1,-172.75833333333335,-551.7416666666667,0.1667,0.1224,0.2456,1,1,0,0,0,0,none,3,0.0
fbbdf94b21a2,AD002428,vendor_pin,locality,1,1083.7,-55.1,0.2,0.2037,0.3662,1,1,0,0,0,0,locality,3,280.6
fdc53cc88678,AD002428,locality_centroid,locality,1,1046.9,-2.6,0.2,0.2037,0.3662,1,1,0,0,0,0,none,3,221.0
8b0930b00399,AD002428,town_centroid,town,1,856.3249999999999,109.34166666666668,0.2,0.2037,0.3662,1,1,0,0,0,0,none,3,0.0
dd89c12987e7,AD002429,vendor_pin,locality,1,2322.2,1169.7,0.1818,0.1268,0.25,1,1,0,0,0,0,locality,3,2898.7
e6e1a3634ddb,AD002429,locality_centroid,locality,1,2499.2,994.1,0.1818,0.1268,0.25,1,1,0,0,0,0,none,3,2952.4
6a3a972dca19,AD002429,town_centroid,town,1,-46.70000000000002,-500.9083333333333,0.1818,0.1268,0.25,1,1,0,0,0,0,none,3,0.0
9371c93a8e65,AD002430,vendor_pin,street,1,2808.9,-1919.1,0.1538,0.1111,0.2286,1,1,0,0,0,0,street,3,3188.4
46e8f5f5f2a8,AD002430,locality_centroid,locality,1,2735.1,-2128.6,0.1538,0.1111,0.2286,1,1,0,0,0,0,none,3,3223.0
48f2aa42eccd,AD002430,town_centroid,town,1,-46.70000000000002,-500.9083333333333,0.1538,0.1111,0.2286,1,1,0,0,0,0,none,3,0.0
b66765e0cc39,AD002431,vendor_pin,street,1,2942.3,-1382.6,0.2857,0.2128,0.3871,1,1,0,0,0,0,street,3,2564.6
662a03ac1fc4,AD002431,locality_centroid,locality,1,2589.2,-1273.1,0.2857,0.2128,0.3871,1,1,0,0,0,0,none,3,2216.8
ed6a32fac3fb,AD002431,town_centroid,town,1,856.3249999999999,109.34166666666668,0.2857,0.2128,0.3871,1,1,0,0,0,0,none,3,0.0
0d52461e46a5,AD002432,vendor_pin,street,1,797.1,2497.7,0.25,0.1961,0.3636,1,1,0,0,0,0,street,3,2389.1
96ddb0ac3a47,AD002432,locality_centroid,locality,1,986.3,2772.6,0.25,0.1961,0.3636,1,1,0,0,0,0,none,3,2666.4
2befd80d4150,AD002432,town_centroid,town,1,856.3249999999999,109.34166666666668,0.25,0.1961,0.3636,1,1,0,0,0,0,none,3,0.0
f6412c1f4d54,AD002433,vendor_pin,locality,1,456.0,-3097.7,0.2222,0.1897,0.325,1,1,0,0,0,0,locality,3,3231.9
0342abd141af,AD002433,locality_centroid,locality,1,688.3,-3007.0,0.2222,0.1897,0.325,1,1,0,0,0,0,none,3,3120.9
dcbea8dc051f,AD002433,town_centroid,town,1,856.3249999999999,109.34166666666668,0.2222,0.1897,0.325,1,1,0,0,0,0,none,3,0.0
8bc5cdfcc5ce,AD002434,vendor_pin,locality,1,-2750.1,1316.1,0.0,0.1129,0.3243,0,1,0,0,0,0,locality,2,3257.3
3a3ab5695465,AD002434,town_centroid,town,1,-46.70000000000002,-500.9083333333333,0.0,0.1129,0.3243,0,1,0,0,0,0,none,2,0.0
bb6a6b4f208e,AD002435,vendor_pin,locality,1,2076.0,-964.7,0.1667,0.2,0.3529,1,1,0,0,0,0,locality,3,2172.8
dde2f42a35dc,AD002435,locality_centroid,locality,1,1939.0,-996.1,0.1667,0.2,0.3529,1,1,0,0,0,0,none,3,2046.5
d02a41e7029b,AD002435,town_centroid,town,1,-46.70000000000002,-500.9083333333333,0.1667,0.2,0.3529,1,1,0,0,0,0,none,3,0.0
3382581b0322,AD002436,vendor_pin,street,1,574.4,2932.1,0.1818,0.1429,0.2727,1,1,0,0,0,0,street,3,2836.8
56fc767e42ca,AD002436,locality_centroid,locality,1,986.3,2772.6,0.1818,0.1429,0.2727,1,1,0,0,0,0,none,3,2666.4
dc020bf80fef,AD002436,town_centroid,town,1,856.3249999999999,109.34166666666668,0.1818,0.1429,0.2727,1,1,0,0,0,0,none,3,0.0
587f1a08c58f,AD002437,vendor_pin,locality,1,1303.4,-2199.0,0.25,0.1475,0.275,1,1,0,0,0,0,locality,3,2351.2
8edab658fa7f,AD002437,locality_centroid,locality,1,1577.4,-2059.5,0.25,0.1475,0.275,1,1,0,0,0,0,none,3,2285.6
810fb6f0b1e6,AD002437,town_centroid,town,1,856.3249999999999,109.34166666666668,0.25,0.1475,0.275,1,1,0,0,0,0,none,3,0.0
a671a56a9014,AD002438,vendor_pin,locality,1,2330.1,1252.4,0.2857,0.2,0.3793,1,1,0,0,0,0,locality,3,2953.5
981ad677ada3,AD002438,locality_centroid,locality,1,2499.2,994.1,0.2857,0.2,0.3793,1,1,0,0,0,0,none,3,2952.4
530e8cc649bd,AD002438,town_centroid,town,1,-46.70000000000002,-500.9083333333333,0.2857,0.2,0.3793,1,1,0,0,0,0,none,3,0.0
8543db023c1c,AD002439,vendor_pin,locality,1,2588.5,955.2,0.1818,0.1286,0.2619,1,1,0,0,0,0,locality,3,3010.7
c6f0fa51b951,AD002439,locality_centroid,locality,1,2499.2,994.1,0.1818,0.1286,0.2619,1,1,0,0,0,0,none,3,2952.4
c5fd3e62054b,AD002439,town_centroid,town,1,-46.70000000000002,-500.9083333333333,0.1818,0.1286,0.2619,1,1,0,0,0,0,none,3,0.0
8484e26ffa4c,AD002440,vendor_pin,pincode,1,1798.9,-1510.7,0.0769,0.0723,0.1895,0,1,0,0,0,0,pincode,3,1874.3
48b661415a58,AD002440,town_centroid,town,1,856.3249999999999,109.34166666666668,0.0769,0.0723,0.1895,0,1,0,0,0,0,none,3,0.0
edab37ad2951,AD002440,prior_field_cluster,street,1,1114.2,-1815.9,0.0769,0.0723,0.1895,0,1,0,0,0,0,none,3,1942.4
b788785951b1,AD002441,vendor_pin,street,1,-501.5,-626.5,0.2222,0.2037,0.3421,1,1,0,0,0,0,street,3,1544.4
dd37079353a8,AD002441,locality_centroid,locality,1,-533.7,-484.7,0.2222,0.2037,0.3421,1,1,0,0,0,0,none,3,1511.6
70eebe6000f5,AD002441,town_centroid,town,1,856.3249999999999,109.34166666666668,0.2222,0.2037,0.3421,1,1,0,0,0,0,none,3,0.0
5246c80193db,AD002442,vendor_pin,locality,1,-2687.3,1245.5,0.2222,0.2143,0.3733,1,1,0,0,0,0,locality,3,3165.9
3208dd15c38e,AD002442,locality_centroid,locality,1,-2863.9,1096.5,0.2222,0.2143,0.3733,1,1,0,0,0,0,none,3,3238.6
5af96a19c026,AD002442,town_centroid,town,1,-46.70000000000002,-500.9083333333333,0.2222,0.2143,0.3733,1,1,0,0,0,0,none,3,0.0
f2e1dc901197,AD002444,vendor_pin,locality,1,-2923.1,1147.1,0.1818,0.1644,0.3077,1,1,0,0,0,0,locality,4,3315.1
774a54f16cdd,AD002444,locality_centroid,locality,1,-2863.9,1096.5,0.1818,0.1644,0.3077,1,1,0,0,0,0,none,4,3238.6
63e821a4ced0,AD002444,town_centroid,town,1,-46.70000000000002,-500.9083333333333,0.1818,0.1644,0.3077,1,1,0,0,0,0,none,4,0.0
7df1486d12d5,AD002444,prior_field_cluster,street,1,-2703.5,946.3,0.1818,0.1644,0.3077,1,1,0,0,0,0,none,4,3025.4
748eeb8311fa,AD002445,vendor_pin,locality,1,926.9,-812.3,0.1111,0.1852,0.4118,0,1,0,0,0,0,locality,2,1130.1
912a21b5b60f,AD002445,town_centroid,town,1,-172.75833333333335,-551.7416666666667,0.1111,0.1852,0.4118,0,1,0,0,0,0,none,2,0.0
fe26d70baf3c,AD002447,vendor_pin,locality,1,699.4,-912.4,0.125,0.1961,0.4,0,1,0,0,0,0,locality,2,943.8
31ece7346541,AD002447,town_centroid,town,1,-172.75833333333335,-551.7416666666667,0.125,0.1961,0.4,0,1,0,0,0,0,none,2,0.0
84a2486ab419,AD002448,vendor_pin,locality,1,3841.4,584.1,0.1818,0.2258,0.3902,1,1,0,0,0,0,locality,3,4171.8
7a38dd793929,AD002448,locality_centroid,locality,1,3653.7,367.3,0.1818,0.2258,0.3902,1,1,0,0,0,0,none,3,3935.3
f4a6cb5f9ccd,AD002448,town_centroid,town,1,-172.75833333333335,-551.7416666666667,0.1818,0.2258,0.3902,1,1,0,0,0,0,none,3,0.0
6a2650b15524,AD002449,vendor_pin,locality,1,2343.1,1744.5,0.2,0.1077,0.2169,1,1,0,0,0,0,locality,3,2210.0
738dafdf23f9,AD002449,locality_centroid,locality,1,2308.9,1849.5,0.2,0.1077,0.2169,1,1,0,0,0,0,none,3,2266.7
acea4fe1470d,AD002449,town_centroid,town,1,856.3249999999999,109.34166666666668,0.2,0.1077,0.2169,1,1,0,0,0,0,none,3,0.0
e08c867136fe,AD002450,vendor_pin,street,1,1124.4,-231.7,0.2222,0.193,0.3421,1,0,0,0,0,0,street,3,433.8
e88f68249646,AD002450,locality_centroid,locality,1,1046.9,-2.6,0.2222,0.193,0.3421,1,0,0,0,0,0,none,3,221.0
b7d4487b749d,AD002450,town_centroid,town,1,856.3249999999999,109.34166666666668,0.2222,0.193,0.3421,1,0,0,0,0,0,none,3,0.0
f3c64e2318ec,AD002451,vendor_pin,locality,1,-1298.8,259.0,0.2,0.1897,0.3514,1,1,0,0,0,0,locality,3,1464.7
773ca322cf9e,AD002451,locality_centroid,locality,1,-1205.8,409.2,0.2,0.1897,0.3514,1,1,0,0,0,0,none,3,1473.7
da2e68e67af3,AD002451,town_centroid,town,1,-46.70000000000002,-500.9083333333333,0.2,0.1897,0.3514,1,1,0,0,0,0,none,3,0.0
70a3e67ae457,AD002452,vendor_pin,locality,1,-1278.7,-3243.6,0.25,0.2128,0.3934,1,1,0,0,0,0,locality,3,3006.7
2643400ff6b2,AD002452,locality_centroid,locality,1,-1053.3,-3163.0,0.25,0.2128,0.3934,1,1,0,0,0,0,none,3,2846.0
fc1d540e5bf1,AD002452,town_centroid,town,1,-46.70000000000002,-500.9083333333333,0.25,0.2128,0.3934,1,1,0,0,0,0,none,3,0.0
aab35b985f2a,AD002453,vendor_pin,locality,1,1650.1,-2143.0,0.25,0.18,0.3284,0,1,0,0,0,0,locality,2,2388.1
597f32acc30a,AD002453,town_centroid,town,1,856.3249999999999,109.34166666666668,0.25,0.18,0.3284,0,1,0,0,0,0,none,2,0.0
4f89f1d31638,AD002454,vendor_pin,locality,1,-2431.1,1469.1,0.0909,0.1233,0.2989,0,1,0,0,0,0,locality,2,3030.5
f1cbccf03274,AD002454,town_centroid,town,1,-172.75833333333335,-551.7416666666667,0.0909,0.1233,0.2989,0,1,0,0,0,0,none,2,0.0
ee7ff950b333,AD002456,vendor_pin,street,1,2355.2,-1204.1,0.1818,0.2222,0.3871,1,1,0,0,0,0,street,3,2502.7
9fea8179717a,AD002456,locality_centroid,locality,1,1939.0,-996.1,0.1818,0.2222,0.3871,1,1,0,0,0,0,none,3,2046.5
9e0ad635e34d,AD002456,town_centroid,town,1,-46.70000000000002,-500.9083333333333,0.1818,0.2222,0.3871,1,1,0,0,0,0,none,3,0.0
7a146a8f56ab,AD002457,vendor_pin,locality,1,2786.7,-2270.7,0.0769,0.0875,0.2418,0,1,0,0,0,0,locality,3,3340.7
4b8b5ff0ebc5,AD002457,town_centroid,town,1,-46.70000000000002,-500.9083333333333,0.0769,0.0875,0.2418,0,1,0,0,0,0,none,3,0.0
04e1397e811f,AD002457,prior_field_cluster,street,1,2600.8999999999996,-1836.25,0.0769,0.0875,0.2418,0,1,0,0,0,0,none,3,2965.3
a18faabf7b74,AD002458,vendor_pin,locality,1,659.3,-3105.2,0.25,0.1897,0.325,1,1,0,0,0,0,locality,4,3220.6
4c290771db65,AD002458,locality_centroid,locality,1,688.3,-3007.0,0.25,0.1897,0.325,1,1,0,0,0,0,none,4,3120.9
fe9d595ae289,AD002458,town_centroid,town,1,856.3249999999999,109.34166666666668,0.25,0.1897,0.325,1,1,0,0,0,0,none,4,0.0
9523cf5a5e12,AD002458,prior_field_cluster,street,1,1055.4,-3105.4,0.25,0.1897,0.325,1,1,0,0,0,0,none,4,3220.9
bb348972c956,AD002459,vendor_pin,street,1,1739.4,-2013.0,0.2,0.1525,0.2785,1,1,0,0,0,0,street,4,2298.7
6cc15226a315,AD002459,locality_centroid,locality,1,1577.4,-2059.5,0.2,0.1525,0.2785,1,1,0,0,0,0,none,4,2285.6
6eb770800375,AD002459,town_centroid,town,1,856.3249999999999,109.34166666666668,0.2,0.1525,0.2785,1,1,0,0,0,0,none,4,0.0
395bf6a98c21,AD002459,prior_field_cluster,street,1,1739.9,-2182.3999999999996,0.2,0.1525,0.2785,1,1,0,0,0,0,none,4,2456.2
def7fad73a78,AD002461,vendor_pin,pincode,1,2058.5,-2086.6,0.0,0.0164,0.1818,0,1,0,0,0,0,pincode,2,2635.6
030c078e26bc,AD002461,town_centroid,town,1,-46.70000000000002,-500.9083333333333,0.0,0.0164,0.1818,0,1,0,0,0,0,none,2,0.0
21d389550ffe,AD002462,vendor_pin,locality,1,2773.0,-2078.2,0.1429,0.1556,0.3929,0,1,0,0,0,0,locality,2,3230.9
1b32ebfc4840,AD002462,town_centroid,town,1,-46.70000000000002,-500.9083333333333,0.1429,0.1556,0.3929,0,1,0,0,0,0,none,2,0.0
618e7d9c6ca4,AD002463,vendor_pin,locality,1,811.6,-3179.1,0.2222,0.2075,0.3562,1,1,0,0,0,0,locality,3,3288.7
39505d4ec905,AD002463,locality_centroid,locality,1,688.3,-3007.0,0.2222,0.2075,0.3562,1,1,0,0,0,0,none,3,3120.9
95ebcb2bfe16,AD002463,town_centroid,town,1,856.3249999999999,109.34166666666668,0.2222,0.2075,0.3562,1,1,0,0,0,0,none,3,0.0
647b944bdeb9,AD002464,vendor_pin,locality,1,3192.8,669.8,0.1,0.1207,0.3056,0,1,0,0,0,0,locality,2,2402.8
d848b3388b77,AD002464,town_centroid,town,1,856.3249999999999,109.34166666666668,0.1,0.1207,0.3056,0,1,0,0,0,0,none,2,0.0
81f4492da043,AD002465,vendor_pin,pincode,1,2086.3,2116.8,0.0,0.1,0.2857,0,1,0,0,0,0,pincode,2,2354.3
43162a3874b9,AD002465,town_centroid,town,1,856.3249999999999,109.34166666666668,0.0,0.1,0.2857,0,1,0,0,0,0,none,2,0.0
ba02293df665,AD002466,vendor_pin,locality,1,1570.3,-2122.4,0.1667,0.12,0.2316,1,1,0,0,0,0,locality,4,2343.2
8b543eb33d72,AD002466,locality_centroid,locality,1,1577.4,-2059.5,0.1667,0.12,0.2316,1,1,0,0,0,0,none,4,2285.6
dd7e1056ad65,AD002466,town_centroid,town,1,856.3249999999999,109.34166666666668,0.1667,0.12,0.2316,1,1,0,0,0,0,none,4,0.0
8c1f74380999,AD002466,prior_field_cluster,street,1,1863.85,-2103.0,0.1667,0.12,0.2316,1,1,0,0,0,0,none,4,2431.0
3ab32946bb96,AD002467,vendor_pin,locality,1,3356.2,-2014.3,0.2,0.1515,0.3,1,1,0,0,0,0,locality,3,3820.0
4202fce87bdd,AD002467,locality_centroid,locality,1,3188.8,-1960.7,0.2,0.1515,0.3,1,1,0,0,0,0,none,3,3644.9
137448c01d74,AD002467,town_centroid,town,1,-172.75833333333335,-551.7416666666667,0.2,0.1515,0.3,1,1,0,0,0,0,none,3,0.0
351f0d84c762,AD002468,vendor_pin,locality,1,-3060.1,1146.2,0.2,0.2034,0.3733,1,1,0,0,0,0,locality,4,3434.2
498d226e28f4,AD002468,locality_centroid,locality,1,-2863.9,1096.5,0.2,0.2034,0.3733,1,1,0,0,0,0,none,4,3238.6
d1ca0bda0588,AD002468,town_centroid,town,1,-46.70000000000002,-500.9083333333333,0.2,0.2034,0.3733,1,1,0,0,0,0,none,4,0.0
c61ee102efe0,AD002468,prior_field_cluster,street,1,-3053.9,1472.0500000000002,0.2,0.2034,0.3733,1,1,0,0,0,0,none,4,3596.6
ad31b696184a,AD002469,vendor_pin,locality,1,-801.3,3037.7,0.1667,0.1733,0.3261,1,1,0,0,0,0,locality,3,3644.1
1584f53dd5ce,AD002469,locality_centroid,locality,1,-438.3,3208.9,0.1667,0.1733,0.3261,1,1,0,0,0,0,none,3,3770.0
34da2c017136,AD002469,town_centroid,town,1,-172.75833333333335,-551.7416666666667,0.1667,0.1733,0.3261,1,1,0,0,0,0,none,3,0.0
44ec54086148,AD002470,vendor_pin,locality,1,2799.5,-1166.1,0.2222,0.1724,0.3288,1,1,0,0,0,0,locality,3,2324.4
d978d54f42b7,AD002470,locality_centroid,locality,1,2589.2,-1273.1,0.2222,0.1724,0.3288,1,1,0,0,0,0,none,3,2216.8
bc4931a7cfb5,AD002470,town_centroid,town,1,856.3249999999999,109.34166666666668,0.2222,0.1724,0.3288,1,1,0,0,0,0,none,3,0.0
cf2e649b160b,AD002471,vendor_pin,locality,1,3426.1,-1748.8,0.25,0.1754,0.338,1,1,0,0,0,0,locality,4,3792.7
502e52e180a5,AD002471,locality_centroid,locality,1,3188.8,-1960.7,0.25,0.1754,0.338,1,1,0,0,0,0,none,4,3644.9
b032f65c26bb,AD002471,town_centroid,town,1,-172.75833333333335,-551.7416666666667,0.25,0.1754,0.338,1,1,0,0,0,0,none,4,0.0
52417f24d912,AD002471,prior_field_cluster,street,1,3413.2,-2357.5,0.25,0.1754,0.338,1,1,0,0,0,0,none,4,4015.0
d068907bee09,AD002472,vendor_pin,street,1,-3355.4,-1017.5,0.2,0.1754,0.3944,0,1,0,0,0,0,street,2,3216.5
0756bea4b9d9,AD002472,town_centroid,town,1,-172.75833333333335,-551.7416666666667,0.2,0.1754,0.3944,0,1,0,0,0,0,none,2,0.0
cd38f419c5fe,AD002473,vendor_pin,locality,1,1673.9,-2049.5,0.2222,0.15,0.2785,1,1,0,0,0,0,locality,3,2308.5
45b0ccecbd33,AD002473,locality_centroid,locality,1,1577.4,-2059.5,0.2222,0.15,0.2785,1,1,0,0,0,0,none,3,2285.6
ef9036a5e1df,AD002473,town_centroid,town,1,856.3249999999999,109.34166666666668,0.2222,0.15,0.2785,1,1,0,0,0,0,none,3,0.0
64536d869f27,AD002474,vendor_pin,locality,1,3050.3,689.6,0.25,0.1852,0.3478,1,0,0,0,0,0,locality,3,2269.4
ea0fbf0f9ff8,AD002474,locality_centroid,locality,1,3029.6,575.7,0.25,0.1852,0.3478,1,0,0,0,0,0,none,3,2222.7
532bf999e559,AD002474,town_centroid,town,1,856.3249999999999,109.34166666666668,0.25,0.1852,0.3478,1,0,0,0,0,0,none,3,0.0
5e07dbf86c7a,AD002475,vendor_pin,locality,1,1053.7,1235.7,0.1111,0.2083,0.381,1,1,0,0,0,0,locality,3,1143.5
3c6f1d73f3f1,AD002475,locality_centroid,locality,1,987.4,1270.5,0.1111,0.2083,0.381,1,1,0,0,0,0,none,3,1168.5
bb132db00c74,AD002475,town_centroid,town,1,856.3249999999999,109.34166666666668,0.1111,0.2083,0.381,1,1,0,0,0,0,none,3,0.0
65004d4a5e27,AD002476,vendor_pin,locality,1,770.2,1311.6,0.2,0.1786,0.3243,1,1,0,0,0,0,locality,3,1205.3
69fafd7705e3,AD002476,locality_centroid,locality,1,987.4,1270.5,0.2,0.1786,0.3243,1,1,0,0,0,0,none,3,1168.5
0faedb55cdca,AD002476,town_centroid,town,1,856.3249999999999,109.34166666666668,0.2,0.1786,0.3243,1,1,0,0,0,0,none,3,0.0
69e1d21f4a18,AD002477,vendor_pin,locality,1,-2418.0,1582.2,0.2857,0.24,0.4242,1,1,0,0,0,0,locality,3,3097.6
0bc651a7de8f,AD002477,locality_centroid,locality,1,-2446.2,1613.2,0.2857,0.24,0.4242,1,1,0,0,0,0,none,3,3139.3
4ac9b41daa83,AD002477,town_centroid,town,1,-172.75833333333335,-551.7416666666667,0.2857,0.24,0.4242,1,1,0,0,0,0,none,3,0.0
f7694acafa7b,AD002478,vendor_pin,street,1,-877.9,-530.2,0.1818,0.1096,0.2326,1,1,0,0,0,0,street,3,705.5
bda2e69f601b,AD002478,locality_centroid,locality,1,-722.6,-522.8,0.1818,0.1096,0.2326,1,1,0,0,0,0,none,3,550.6
6f0ec0b0eb54,AD002478,town_centroid,town,1,-172.75833333333335,-551.7416666666667,0.1818,0.1096,0.2326,1,1,0,0,0,0,none,3,0.0
ce4065304954,AD002479,vendor_pin,locality,1,2709.1,-2156.4,0.1667,0.1351,0.2697,1,1,0,0,0,0,locality,3,3214.8
43985a261d24,AD002479,locality_centroid,locality,1,2735.1,-2128.6,0.1667,0.1351,0.2697,1,1,0,0,0,0,none,3,3223.0
c385eababf04,AD002479,town_centroid,town,1,-46.70000000000002,-500.9083333333333,0.1667,0.1351,0.2697,1,1,0,0,0,0,none,3,0.0
2c288cea4501,AD002480,vendor_pin,street,1,1666.7,-2191.5,0.2,0.1364,0.2558,1,1,0,0,0,0,street,3,2439.4
4e4049c82220,AD002480,locality_centroid,locality,1,1577.4,-2059.5,0.2,0.1364,0.2558,1,1,0,0,0,0,none,3,2285.6
0c71b748e28c,AD002480,town_centroid,town,1,856.3249999999999,109.34166666666668,0.2,0.1364,0.2558,1,1,0,0,0,0,none,3,0.0
ddad691c5555,AD002481,vendor_pin,locality,1,968.5,-854.7,0.2222,0.2131,0.3846,1,1,0,0,0,0,locality,3,1180.8
c58dcf7f6347,AD002481,locality_centroid,locality,1,929.4,-822.2,0.2222,0.2131,0.3846,1,1,0,0,0,0,none,3,1134.9
d21e3caee9cd,AD002481,town_centroid,town,1,-172.75833333333335,-551.7416666666667,0.2222,0.2131,0.3846,1,1,0,0,0,0,none,3,0.0
9dcab1a10ccd,AD002482,vendor_pin,pincode,1,5.2,-306.6,0.1429,0.1463,0.4314,0,0,0,1,0,0,pincode,2,302.9
55623a1dcc97,AD002482,town_centroid,town,1,-172.75833333333335,-551.7416666666667,0.1429,0.1463,0.4314,0,0,0,1,0,0,none,2,0.0
0ba733b28ebe,AD002483,vendor_pin,locality,1,390.4,-3085.1,0.2857,0.234,0.3824,1,1,0,0,0,0,locality,4,3228.2
9e7b1b791d53,AD002483,locality_centroid,locality,1,688.3,-3007.0,0.2857,0.234,0.3824,1,1,0,0,0,0,none,4,3120.9
2d3589a730bd,AD002483,town_centroid,town,1,856.3249999999999,109.34166666666668,0.2857,0.234,0.3824,1,1,0,0,0,0,none,4,0.0
de0138fb5ef7,AD002483,prior_field_cluster,street,1,795.5,-2773.1,0.2857,0.234,0.3824,1,1,0,0,0,0,none,4,2883.1
7a164bae3622,AD002484,vendor_pin,locality,1,2869.9,-2197.6,0.1538,0.1266,0.2553,1,1,0,0,0,0,locality,3,3374.2
2793cb71ccf8,AD002484,locality_centroid,locality,1,2735.1,-2128.6,0.1538,0.1266,0.2553,1,1,0,0,0,0,none,3,3223.0
25bc30ea4610,AD002484,town_centroid,town,1,-46.70000000000002,-500.9083333333333,0.1538,0.1266,0.2553,1,1,0,0,0,0,none,3,0.0
95e4640fbc5a,AD002485,vendor_pin,pincode,1,-2016.3,-1454.4,0.0,0.0702,0.1846,0,1,0,0,0,0,pincode,3,2052.7
fb5103ddfce7,AD002485,town_centroid,town,1,-172.75833333333335,-551.7416666666667,0.0,0.0702,0.1846,0,1,0,0,0,0,none,3,0.0
f0df2bd8d5ac,AD002485,prior_field_cluster,street,1,-2666.9,-127.9,0.0,0.0702,0.1846,0,1,0,0,0,0,none,3,2529.9
80f03315cd4a,AD002486,vendor_pin,locality,1,3395.3,-1949.4,0.3333,0.2326,0.4211,1,0,0,0,0,0,locality,3,3832.0
e5a846331b54,AD002486,locality_centroid,locality,1,3188.8,-1960.7,0.3333,0.2326,0.4211,1,0,0,0,0,0,none,3,3644.9
a5c4151137f2,AD002486,town_centroid,town,1,-172.75833333333335,-551.7416666666667,0.3333,0.2326,0.4211,1,0,0,0,0,0,none,3,0.0
69e736db2e27,AD002487,vendor_pin,street,1,1272.1,2739.3,0.2857,0.2128,0.3871,1,1,0,0,0,0,street,3,2662.6
d60389c0aae6,AD002487,locality_centroid,locality,1,986.3,2772.6,0.2857,0.2128,0.3871,1,1,0,0,0,0,none,3,2666.4
6cd8d567af98,AD002487,town_centroid,town,1,856.3249999999999,109.34166666666668,0.2857,0.2128,0.3871,1,1,0,0,0,0,none,3,0.0
522db3e7e67d,AD002488,vendor_pin,locality,1,1188.5,73.0,0.1,0.1404,0.338,0,1,0,0,0,0,locality,3,334.2
66785fe36edf,AD002488,town_centroid,town,1,856.3249999999999,109.34166666666668,0.1,0.1404,0.338,0,1,0,0,0,0,none,3,0.0
15bb03f6229e,AD002488,prior_field_cluster,street,1,996.9,-364.3,0.1,0.1404,0.338,0,1,0,0,0,0,none,3,494.1
c065658a60b9,AD002489,vendor_pin,locality,1,-763.7,-432.0,0.25,0.22,0.3662,1,1,0,0,0,0,locality,4,1708.1
543e4d5c5629,AD002489,locality_centroid,locality,1,-533.7,-484.7,0.25,0.22,0.3662,1,1,0,0,0,0,none,4,1511.6
8ea379a87456,AD002489,town_centroid,town,1,856.3249999999999,109.34166666666668,0.25,0.22,0.3662,1,1,0,0,0,0,none,4,0.0
675889ae8894,AD002489,prior_field_cluster,street,1,-379.5,-385.0,0.25,0.22,0.3662,1,1,0,0,0,0,none,4,1331.0
545489190ac0,AD002490,vendor_pin,locality,1,-491.2,-1176.1,0.4,0.3333,0.5417,1,1,0,0,0,0,locality,4,808.4
f2b29ac7e4b5,AD002490,locality_centroid,locality,1,-598.6,-1329.8,0.4,0.3333,0.5417,1,1,0,0,0,0,none,4,995.8
9aa4242b261c,AD002490,town_centroid,town,1,-46.70000000000002,-500.9083333333333,0.4,0.3333,0.5417,1,1,0,0,0,0,none,4,0.0
42b856cf92d8,AD002490,prior_field_cluster,street,1,-844.9,-1411.8,0.4,0.3333,0.5417,1,1,0,0,0,0,none,4,1211.1
65a27d65180b,AD002491,vendor_pin,street,1,-113.2,2612.6,0.1667,0.1892,0.3617,1,1,0,0,0,0,street,3,3114.2
42711ce84654,AD002491,locality_centroid,locality,1,290.7,2335.2,0.1667,0.1892,0.3617,1,1,0,0,0,0,none,3,2856.1
fc62ee6bbe3c,AD002491,town_centroid,town,1,-46.70000000000002,-500.9083333333333,0.1667,0.1892,0.3617,1,1,0,0,0,0,none,3,0.0
19eef4bde256,AD002492,vendor_pin,locality,1,-488.1,-335.4,0.6667,0.55,0.65,1,0,0,1,0,0,locality,3,1416.1
67f9ebd72289,AD002492,locality_centroid,locality,1,-533.7,-484.7,0.6667,0.55,0.65,1,0,0,1,0,0,none,3,1511.6
4ec10a49c9bf,AD002492,town_centroid,town,1,856.3249999999999,109.34166666666668,0.6667,0.55,0.65,1,0,0,1,0,0,none,3,0.0
312c17e827ea,AD002493,vendor_pin,locality,1,-2842.7,-237.7,0.25,0.1705,0.3119,1,0,0,0,0,0,locality,3,2688.3
8a6e98e1f35a,AD002493,locality_centroid,locality,1,-2605.6,-262.1,0.25,0.1705,0.3119,1,0,0,0,0,0,none,3,2450.0
1893b88d3c6b,AD002493,town_centroid,town,1,-172.75833333333335,-551.7416666666667,0.25,0.1705,0.3119,1,0,0,0,0,0,none,3,0.0
36079654f5b4,AD002494,vendor_pin,locality,1,-657.7,-1265.1,0.1667,0.1507,0.2955,1,1,0,0,0,0,locality,4,978.4
4c72b4d24322,AD002494,locality_centroid,locality,1,-598.6,-1329.8,0.1667,0.1507,0.2955,1,1,0,0,0,0,none,4,995.8
c004b383d253,AD002494,town_centroid,town,1,-46.70000000000002,-500.9083333333333,0.1667,0.1507,0.2955,1,1,0,0,0,0,none,4,0.0
6c4f3433fc39,AD002494,prior_field_cluster,street,1,-743.8,-958.2,0.1667,0.1507,0.2955,1,1,0,0,0,0,none,4,833.7
a8f84e6f5155,AD002495,vendor_pin,pincode,1,-1911.2,-2128.2,0.0,0.0204,0.1852,0,1,0,0,0,0,pincode,2,2474.8
5b822c80dbb0,AD002495,town_centroid,town,1,-46.70000000000002,-500.9083333333333,0.0,0.0204,0.1852,0,1,0,0,0,0,none,2,0.0
27e0c6d74d4b,AD002496,vendor_pin,locality,1,-1112.5,-3023.5,0.2,0.1587,0.3,1,0,0,0,0,0,locality,3,2738.5
e3fdeebe57be,AD002496,locality_centroid,locality,1,-1053.3,-3163.0,0.2,0.1587,0.3,1,0,0,0,0,0,none,3,2846.0
e8dc7f8c7eb2,AD002496,town_centroid,town,1,-46.70000000000002,-500.9083333333333,0.2,0.1587,0.3,1,0,0,0,0,0,none,3,0.0
260107ea9637,AD002497,vendor_pin,locality,1,-759.0,-371.2,0.2,0.129,0.2703,1,1,0,0,0,0,locality,3,613.4
bdeea77d42a3,AD002497,locality_centroid,locality,1,-722.6,-522.8,0.2,0.129,0.2703,1,1,0,0,0,0,none,3,550.6
cc11aeb68aa5,AD002497,town_centroid,town,1,-172.75833333333335,-551.7416666666667,0.2,0.129,0.2703,1,1,0,0,0,0,none,3,0.0
c54642323a64,AD002498,vendor_pin,locality,1,1205.6,-3827.8,0.2,0.1636,0.3056,1,1,0,0,0,0,locality,3,3554.2
8ab7f24724dd,AD002498,locality_centroid,locality,1,1155.3,-3613.0,0.2,0.1636,0.3056,1,1,0,0,0,0,none,3,3336.9
4738aae1d1b4,AD002498,town_centroid,town,1,-172.75833333333335,-551.7416666666667,0.2,0.1636,0.3056,1,1,0,0,0,0,none,3,0.0
6616bc4024e4,AD002499,vendor_pin,locality,1,884.1,2963.0,0.1818,0.137,0.2727,1,1,0,0,0,0,locality,4,2853.8
3e360ea48d9e,AD002499,locality_centroid,locality,1,986.3,2772.6,0.1818,0.137,0.2727,1,1,0,0,0,0,none,4,2666.4
6cf6bf2718d1,AD002499,town_centroid,town,1,856.3249999999999,109.34166666666668,0.1818,0.137,0.2727,1,1,0,0,0,0,none,4,0.0
51e52dfacab7,AD002499,prior_field_cluster,street,1,857.05,2775.3,0.1818,0.137,0.2727,1,1,0,0,0,0,none,4,2666.0
3eecfcc97307,AD002500,vendor_pin,street,1,1024.9,1623.8,0.2,0.1594,0.3023,1,1,0,0,0,0,street,3,2483.4
8660602836d2,AD002500,locality_centroid,locality,1,524.3,1610.0,0.2,0.1594,0.3023,1,1,0,0,0,0,none,3,2271.3
5a528a6d45c6,AD002500,town_centroid,town,1,-172.75833333333335,-551.7416666666667,0.2,0.1594,0.3023,1,1,0,0,0,0,none,3,0.0
f54f487291d0,AD002501,vendor_pin,locality,1,761.5,2657.9,0.2222,0.1887,0.3478,1,1,0,0,0,0,locality,3,2550.3
8ee1c48f057f,AD002501,locality_centroid,locality,1,986.3,2772.6,0.2222,0.1887,0.3478,1,1,0,0,0,0,none,3,2666.4
b12d2334c698,AD002501,town_centroid,town,1,856.3249999999999,109.34166666666668,0.2222,0.1887,0.3478,1,1,0,0,0,0,none,3,0.0
0686be09eefe,AD002502,vendor_pin,street,1,945.1,-3384.4,0.0833,0.1127,0.2558,0,1,0,0,0,0,street,2,3049.3
2b5eeae4b3a1,AD002502,town_centroid,town,1,-46.70000000000002,-500.9083333333333,0.0833,0.1127,0.2558,0,1,0,0,0,0,none,2,0.0
92c3ef1140c4,AD002504,vendor_pin,locality,1,-2358.3,1470.0,0.1818,0.1558,0.2979,1,1,1,0,0,0,locality,4,2977.3
2a0dc94d645f,AD002504,locality_centroid,locality,1,-2446.2,1613.2,0.1818,0.1558,0.2979,1,1,1,0,0,0,none,4,3139.3
657d12241ce0,AD002504,town_centroid,town,1,-172.75833333333335,-551.7416666666667,0.1818,0.1558,0.2979,1,1,1,0,0,0,none,4,0.0
8ed857a1c97e,AD002504,prior_field_cluster,street,1,-2283.7,1296.9499999999998,0.1818,0.1558,0.2979,1,1,1,0,0,0,none,4,2806.0
d0ebb12a78e2,AD002505,vendor_pin,locality,1,2775.0,-2182.1,0.0909,0.1014,0.2222,0,1,0,0,0,0,locality,3,3284.6
d728790cadcc,AD002505,town_centroid,town,1,-46.70000000000002,-500.9083333333333,0.0909,0.1014,0.2222,0,1,0,0,0,0,none,3,0.0
2caa079f841e,AD002505,prior_field_cluster,street,1,2942.8,-2655.8,0.0909,0.1014,0.2222,0,1,0,0,0,0,none,3,3685.2
73c0f529f58b,AD002506,vendor_pin,locality,1,789.3,-872.9,0.2222,0.2097,0.3797,1,1,0,0,0,0,locality,3,1014.2
5d14d224cabb,AD002506,locality_centroid,locality,1,929.4,-822.2,0.2222,0.2097,0.3797,1,1,0,0,0,0,none,3,1134.9
05f2128332b0,AD002506,town_centroid,town,1,-172.75833333333335,-551.7416666666667,0.2222,0.2097,0.3797,1,1,0,0,0,0,none,3,0.0
64837cde2d58,AD002508,vendor_pin,locality,1,271.0,2306.3,0.2222,0.2545,0.4533,1,1,0,0,0,0,locality,3,2825.1
058578fcb660,AD002508,locality_centroid,locality,1,290.7,2335.2,0.2222,0.2545,0.4533,1,1,0,0,0,0,none,3,2856.1
a7a1f8102f34,AD002508,town_centroid,town,1,-46.70000000000002,-500.9083333333333,0.2222,0.2545,0.4533,1,1,0,0,0,0,none,3,0.0
9818e5e5d246,AD002509,vendor_pin,street,1,-2504.9,-727.9,0.1429,0.1124,0.2718,0,1,0,0,0,0,street,3,2338.8
a27b9c1d1fa7,AD002509,town_centroid,town,1,-172.75833333333335,-551.7416666666667,0.1429,0.1124,0.2718,0,1,0,0,0,0,none,3,0.0
7fc2a16ff799,AD002509,prior_field_cluster,street,1,-2428.05,-617.7,0.1429,0.1124,0.2718,0,1,0,0,0,0,none,3,2256.3
1f6441d99e08,AD002510,vendor_pin,locality,1,-1833.9,2444.1,0.1818,0.1746,0.321,1,1,0,0,0,0,locality,4,3444.9
9868f871c8eb,AD002510,locality_centroid,locality,1,-1885.4,2441.1,0.1818,0.1746,0.321,1,1,0,0,0,0,none,4,3469.3
bab7cf945ed2,AD002510,town_centroid,town,1,-46.70000000000002,-500.9083333333333,0.1818,0.1746,0.321,1,1,0,0,0,0,none,4,0.0
3f80d5e1ce27,AD002510,prior_field_cluster,street,1,-2781.5,1580.8,0.1818,0.1746,0.321,1,1,0,0,0,0,none,4,3437.0
d499259af967,AD002511,vendor_pin,pincode,1,1950.8,-2070.4,0.0,0.0506,0.1573,0,1,0,0,0,0,pincode,2,2610.7
4f1bc3b58e77,AD002511,town_centroid,town,1,-172.75833333333335,-551.7416666666667,0.0,0.0506,0.1573,0,1,0,0,0,0,none,2,0.0
10bfe785e159,AD002512,vendor_pin,locality,1,3742.2,532.5,0.1818,0.2029,0.3596,1,1,0,0,0,0,locality,3,4062.3
671d825663f4,AD002512,locality_centroid,locality,1,3653.7,367.3,0.1818,0.2029,0.3596,1,1,0,0,0,0,none,3,3935.3
9ca378deee26,AD002512,town_centroid,town,1,-172.75833333333335,-551.7416666666667,0.1818,0.2029,0.3596,1,1,0,0,0,0,none,3,0.0
82db07500957,AD002513,vendor_pin,street,1,-692.9,-282.1,0.2,0.1159,0.2469,1,1,0,0,0,0,street,4,585.9
0ff3ad402252,AD002513,locality_centroid,locality,1,-722.6,-522.8,0.2,0.1159,0.2469,1,1,0,0,0,0,none,4,550.6
3db21cd9dbdf,AD002513,town_centroid,town,1,-172.75833333333335,-551.7416666666667,0.2,0.1159,0.2469,1,1,0,0,0,0,none,4,0.0
8f294d179b57,AD002513,prior_field_cluster,street,1,-762.6,-387.1,0.2,0.1159,0.2469,1,1,0,0,0,0,none,4,612.4
4d3ce1a59b90,AD002514,vendor_pin,rooftop,1,744.3,-3283.6,0.0909,0.0923,0.2857,0,1,0,0,0,0,rooftop,3,2892.9
9178767e8d96,AD002514,town_centroid,town,1,-46.70000000000002,-500.9083333333333,0.0909,0.0923,0.2857,0,1,0,0,0,0,none,3,0.0
59b7b57346a8,AD002514,prior_field_cluster,street,1,745.15,-3284.1000000000004,0.0909,0.0923,0.2857,0,1,0,0,0,0,none,3,2893.6
75e4a6219472,AD002515,vendor_pin,locality,1,2075.7,-900.4,0.2,0.2222,0.3789,1,1,0,0,0,0,locality,4,2159.7
724ebbe5eea7,AD002515,locality_centroid,locality,1,1939.0,-996.1,0.2,0.2222,0.3789,1,1,0,0,0,0,none,4,2046.5
9fb6f3c304a4,AD002515,town_centroid,town,1,-46.70000000000002,-500.9083333333333,0.2,0.2222,0.3789,1,1,0,0,0,0,none,4,0.0
88557ed8a15d,AD002515,prior_field_cluster,street,1,1806.4,-716.0,0.2,0.2222,0.3789,1,1,0,0,0,0,none,4,1865.5
c42eaadc65eb,AD002516,vendor_pin,locality,1,1059.7,2927.7,0.2222,0.1613,0.3038,1,1,0,0,0,0,locality,3,2825.7
fa7e44f68925,AD002516,locality_centroid,locality,1,986.3,2772.6,0.2222,0.1613,0.3038,1,1,0,0,0,0,none,3,2666.4
c59ffbfc189f,AD002516,town_centroid,town,1,856.3249999999999,109.34166666666668,0.2222,0.1613,0.3038,1,1,0,0,0,0,none,3,0.0
62d2a13d57f5,AD002517,vendor_pin,locality,1,984.3,1423.0,0.1667,0.122,0.2376,1,1,0,0,0,0,locality,3,1319.9
197518695ea6,AD002517,locality_centroid,locality,1,987.4,1270.5,0.1667,0.122,0.2376,1,1,0,0,0,0,none,3,1168.5
5ff9fb4fa8db,AD002517,town_centroid,town,1,856.3249999999999,109.34166666666668,0.1667,0.122,0.2376,1,1,0,0,0,0,none,3,0.0
6bbbf06cecd0,AD002518,vendor_pin,locality,1,-279.3,-3229.4,0.1667,0.1395,0.2745,1,1,0,0,0,0,locality,3,2679.8
1506da0a1c9c,AD002518,locality_centroid,locality,1,-433.5,-3467.4,0.1667,0.1395,0.2745,1,1,0,0,0,0,none,3,2927.3
c464f3e78ccc,AD002518,town_centroid,town,1,-172.75833333333335,-551.7416666666667,0.1667,0.1395,0.2745,1,1,0,0,0,0,none,3,0.0
b71730e62a4e,AD002519,vendor_pin,locality,1,-518.6,3253.9,0.1818,0.1688,0.3125,1,1,0,0,0,0,locality,3,3821.3
30537774a9a9,AD002519,locality_centroid,locality,1,-438.3,3208.9,0.1818,0.1688,0.3125,1,1,0,0,0,0,none,3,3770.0
95d10f3fa4cc,AD002519,town_centroid,town,1,-172.75833333333335,-551.7416666666667,0.1818,0.1688,0.3125,1,1,0,0,0,0,none,3,0.0
68f04068f44b,AD002520,vendor_pin,locality,1,918.7,-888.7,0.2,0.1912,0.3529,1,1,0,0,0,0,locality,4,1142.3
05b56aa4733d,AD002520,locality_centroid,locality,1,929.4,-822.2,0.2,0.1912,0.3529,1,1,0,0,0,0,none,4,1134.9
32ee8c1ba819,AD002520,town_centroid,town,1,-172.75833333333335,-551.7416666666667,0.2,0.1912,0.3529,1,1,0,0,0,0,none,4,0.0
ecb516a6a0a1,AD002520,prior_field_cluster,street,1,620.8,-867.2,0.2,0.1912,0.3529,1,1,0,0,0,0,none,4,854.0
fff9d0c22941,AD002521,vendor_pin,locality,1,1405.5,-1967.6,0.2,0.1452,0.2821,0,1,0,0,0,0,locality,3,2148.3
f305531c51d7,AD002521,town_centroid,town,1,856.3249999999999,109.34166666666668,0.2,0.1452,0.2821,0,1,0,0,0,0,none,3,0.0
64bf98b4e09f,AD002521,prior_field_cluster,street,1,1568.8000000000002,-2400.7,0.2,0.1452,0.2821,0,1,0,0,0,0,none,3,2609.2
6b34699e5f44,AD002522,vendor_pin,locality,1,-2587.6,-123.6,0.2143,0.1724,0.3178,1,1,0,0,0,0,locality,4,2452.5
4986f41fc41e,AD002522,locality_centroid,locality,1,-2605.6,-262.1,0.2143,0.1724,0.3178,1,1,0,0,0,0,none,4,2450.0
8d437ef48bd4,AD002522,town_centroid,town,1,-172.75833333333335,-551.7416666666667,0.2143,0.1724,0.3178,1,1,0,0,0,0,none,4,0.0
c95ee02b7401,AD002522,prior_field_cluster,street,1,-2370.1,-99.75,0.2143,0.1724,0.3178,1,1,0,0,0,0,none,4,2243.3
470b2548ee79,AD002523,vendor_pin,locality,1,3101.5,-2232.5,0.2857,0.2083,0.3871,1,1,0,0,0,0,locality,3,3680.5
1a090aaefeaa,AD002523,locality_centroid,locality,1,3188.8,-1960.7,0.2857,0.2083,0.3871,1,1,0,0,0,0,none,3,3644.9
d0b7e7096f58,AD002523,town_centroid,town,1,-172.75833333333335,-551.7416666666667,0.2857,0.2083,0.3871,1,1,0,0,0,0,none,3,0.0
652aa746eadb,AD002524,vendor_pin,locality,1,626.7,1703.2,0.25,0.2292,0.3939,1,1,0,0,0,0,locality,3,2392.5
830afa1b17ad,AD002524,locality_centroid,locality,1,524.3,1610.0,0.25,0.2292,0.3939,1,1,0,0,0,0,none,3,2271.3
c56b34f346d4,AD002524,town_centroid,town,1,-172.75833333333335,-551.7416666666667,0.25,0.2292,0.3939,1,1,0,0,0,0,none,3,0.0
6d14d1cf2227,AD002525,vendor_pin,locality,1,873.1,2887.9,0.25,0.2128,0.3934,1,1,0,0,0,0,locality,3,2778.6
b5c57556e0c8,AD002525,locality_centroid,locality,1,986.3,2772.6,0.25,0.2128,0.3934,1,1,0,0,0,0,none,3,2666.4
dee59e5ef4c9,AD002525,town_centroid,town,1,856.3249999999999,109.34166666666668,0.25,0.2128,0.3934,1,1,0,0,0,0,none,3,0.0
64f0bb83294b,AD002526,vendor_pin,locality,1,1465.2,-2192.7,0.2222,0.1731,0.3188,1,1,0,0,0,0,locality,4,2381.2
e434120d6c76,AD002526,locality_centroid,locality,1,1577.4,-2059.5,0.2222,0.1731,0.3188,1,1,0,0,0,0,none,4,2285.6
738278e67d29,AD002526,town_centroid,town,1,856.3249999999999,109.34166666666668,0.2222,0.1731,0.3188,1,1,0,0,0,0,none,4,0.0
1b49be6fb7ef,AD002526,prior_field_cluster,street,1,1409.2,-2130.7,0.2222,0.1731,0.3188,1,1,0,0,0,0,none,4,2307.3
6ed8a31d4a43,AD002527,vendor_pin,locality,1,943.4,2702.4,0.4,0.3333,0.5455,1,1,0,0,0,0,locality,3,2594.5
d7faedf26ec3,AD002527,locality_centroid,locality,1,986.3,2772.6,0.4,0.3333,0.5455,1,1,0,0,0,0,none,3,2666.4
097164dd1ae6,AD002527,town_centroid,town,1,856.3249999999999,109.34166666666668,0.4,0.3333,0.5455,1,1,0,0,0,0,none,3,0.0
e739a8890f95,AD002528,vendor_pin,locality,1,-2508.6,-179.9,0.2,0.1935,0.3846,0,0,0,0,0,0,locality,2,2365.3
67a2827a0b23,AD002528,town_centroid,town,1,-172.75833333333335,-551.7416666666667,0.2,0.1935,0.3846,0,0,0,0,0,0,none,2,0.0
e35922628e91,AD002529,vendor_pin,pincode,1,2028.4,933.3,0.0,0.0588,0.1818,0,1,0,0,0,0,pincode,2,2655.3
9ea7ab11d262,AD002529,town_centroid,town,1,-172.75833333333335,-551.7416666666667,0.0,0.0588,0.1818,0,1,0,0,0,0,none,2,0.0
a4b41f520b28,AD002530,vendor_pin,pincode,1,1236.6,-2316.9,0.0,0.0133,0.1728,0,1,0,0,0,0,pincode,3,2223.7
67cf541857ed,AD002530,town_centroid,town,1,-46.70000000000002,-500.9083333333333,0.0,0.0133,0.1728,0,1,0,0,0,0,none,3,0.0
859783a4cb0d,AD002530,prior_field_cluster,street,1,2864.8,-2275.5,0.0,0.0133,0.1728,0,1,0,0,0,0,none,3,3409.7
334f7908c293,AD002531,vendor_pin,locality,1,965.5,1256.4,0.25,0.2041,0.375,1,1,0,0,0,0,locality,4,1152.2
248823ef1ca4,AD002531,locality_centroid,locality,1,987.4,1270.5,0.25,0.2041,0.375,1,1,0,0,0,0,none,4,1168.5
7b4539e33d2a,AD002531,town_centroid,town,1,856.3249999999999,109.34166666666668,0.25,0.2041,0.375,1,1,0,0,0,0,none,4,0.0
be7a22c8bee9,AD002531,prior_field_cluster,street,1,1124.75,173.7,0.25,0.2041,0.375,1,1,0,0,0,0,none,4,276.0
7279f0df0ef2,AD002532,vendor_pin,locality,1,-2345.8,1798.7,0.2,0.1905,0.3457,1,1,0,0,0,0,locality,4,3201.0
65a8a9b8350b,AD002532,locality_centroid,locality,1,-2446.2,1613.2,0.2,0.1905,0.3457,1,1,0,0,0,0,none,4,3139.3
606151e1e703,AD002532,town_centroid,town,1,-172.75833333333335,-551.7416666666667,0.2,0.1905,0.3457,1,1,0,0,0,0,none,4,0.0
3805cb2990c8,AD002532,prior_field_cluster,street,1,-2593.4,1742.7,0.2,0.1905,0.3457,1,1,0,0,0,0,none,4,3335.3
fbafafac32c5,AD002533,vendor_pin,street,1,923.2,2845.6,0.2,0.1587,0.3038,1,1,0,0,0,0,street,3,2737.1
2a11dc8ca982,AD002533,locality_centroid,locality,1,986.3,2772.6,0.2,0.1587,0.3038,1,1,0,0,0,0,none,3,2666.4
5865138fe27c,AD002533,town_centroid,town,1,856.3249999999999,109.34166666666668,0.2,0.1587,0.3038,1,1,0,0,0,0,none,3,0.0
6441635904e9,AD002534,vendor_pin,locality,1,902.8,-40.9,0.1429,0.1667,0.3871,0,1,0,0,0,0,locality,2,157.3
756728d00006,AD002534,town_centroid,town,1,856.3249999999999,109.34166666666668,0.1429,0.1667,0.3871,0,1,0,0,0,0,none,2,0.0
c23a0b1fc45d,AD002535,vendor_pin,locality,1,3114.7,637.6,0.1818,0.1493,0.2824,1,1,0,0,0,0,locality,4,2319.3
13415a098fef,AD002535,locality_centroid,locality,1,3029.6,575.7,0.1818,0.1493,0.2824,1,1,0,0,0,0,none,4,2222.7
2bd25d65af49,AD002535,town_centroid,town,1,856.3249999999999,109.34166666666668,0.1818,0.1493,0.2824,1,1,0,0,0,0,none,4,0.0
9dfc93cf5705,AD002535,prior_field_cluster,street,1,2997.5,1007.55,0.1818,0.1493,0.2824,1,1,0,0,0,0,none,4,2321.9
95367b637268,AD002536,vendor_pin,street,1,2843.3,705.2,0.1667,0.1286,0.2651,1,1,0,0,0,0,street,3,3131.6
60641ebbaa93,AD002536,locality_centroid,locality,1,2499.2,994.1,0.1667,0.1286,0.2651,1,1,0,0,0,0,none,3,2952.4
a896c017a204,AD002536,town_centroid,town,1,-46.70000000000002,-500.9083333333333,0.1667,0.1286,0.2651,1,1,0,0,0,0,none,3,0.0
5f3fe31d39d0,AD002537,vendor_pin,pincode,1,1819.4,-2126.8,0.0,0.0536,0.2727,0,1,0,0,0,0,pincode,3,2475.0
568a4206e3d3,AD002537,town_centroid,town,1,-46.70000000000002,-500.9083333333333,0.0,0.0536,0.2727,0,1,0,0,0,0,none,3,0.0
760794c7e9e9,AD002537,prior_field_cluster,street,1,2701.0,-2339.7,0.0,0.0536,0.2727,0,1,0,0,0,0,none,3,3306.2
1f4666c2e1b9,AD002539,vendor_pin,locality,1,-2849.1,1001.2,0.5,0.4,0.6087,1,1,0,0,0,0,locality,3,3179.6
b3cb921c1ada,AD002539,locality_centroid,locality,1,-2863.9,1096.5,0.5,0.4,0.6087,1,1,0,0,0,0,none,3,3238.6
98d1cd48044e,AD002539,town_centroid,town,1,-46.70000000000002,-500.9083333333333,0.5,0.4,0.6087,1,1,0,0,0,0,none,3,0.0
5769b968903a,AD002540,vendor_pin,locality,1,2693.7,-1290.7,0.2,0.1515,0.2824,1,1,0,0,0,0,locality,4,2310.0
dfdc80c6c9a3,AD002540,locality_centroid,locality,1,2589.2,-1273.1,0.2,0.1515,0.2824,1,1,0,0,0,0,none,4,2216.8
ecbbe138fe8f,AD002540,town_centroid,town,1,856.3249999999999,109.34166666666668,0.2,0.1515,0.2824,1,1,0,0,0,0,none,4,0.0
1684958b4aa9,AD002540,prior_field_cluster,street,1,2479.7,-1583.5,0.2,0.1515,0.2824,1,1,0,0,0,0,none,4,2345.4
bcab77069483,AD002541,vendor_pin,locality,1,942.3,105.0,0.0909,0.125,0.2821,0,1,0,0,0,0,locality,3,86.1
4d3f2eaf3c2d,AD002541,town_centroid,town,1,856.3249999999999,109.34166666666668,0.0909,0.125,0.2821,0,1,0,0,0,0,none,3,0.0
9d508502dc70,AD002541,prior_field_cluster,street,1,1299.15,139.3,0.0909,0.125,0.2821,0,1,0,0,0,0,none,3,443.8
b58c81b7ad5d,AD002542,vendor_pin,locality,1,3462.6,-1901.7,0.1818,0.1562,0.3038,1,1,0,0,0,0,locality,3,3877.9
cbc34bf1f3a3,AD002542,locality_centroid,locality,1,3188.8,-1960.7,0.1818,0.1562,0.3038,1,1,0,0,0,0,none,3,3644.9
cfeaf7bc0a0c,AD002542,town_centroid,town,1,-172.75833333333335,-551.7416666666667,0.1818,0.1562,0.3038,1,1,0,0,0,0,none,3,0.0
504899906d61,AD002543,vendor_pin,locality,1,-672.6,-1185.8,0.2,0.1507,0.2921,1,1,0,0,0,0,locality,3,927.8
759a36b79d9c,AD002543,locality_centroid,locality,1,-598.6,-1329.8,0.2,0.1507,0.2921,1,1,0,0,0,0,none,3,995.8
66bcadee1d22,AD002543,town_centroid,town,1,-46.70000000000002,-500.9083333333333,0.2,0.1507,0.2921,1,1,0,0,0,0,none,3,0.0
c3b490c69052,AD002544,vendor_pin,locality,1,737.5,-2845.9,0.2857,0.1852,0.3529,1,1,0,0,0,0,locality,4,2472.6
51febe93d7f7,AD002544,locality_centroid,locality,1,665.2,-3094.2,0.2857,0.1852,0.3529,1,1,0,0,0,0,none,4,2689.2
8858cfbe1355,AD002544,town_centroid,town,1,-46.70000000000002,-500.9083333333333,0.2857,0.1852,0.3529,1,1,0,0,0,0,none,4,0.0
d7ca40906e1a,AD002544,prior_field_cluster,street,1,662.7,-2751.3,0.2857,0.1852,0.3529,1,1,0,0,0,0,none,4,2359.6
e15cde0c17ab,AD002545,vendor_pin,pincode,1,-1284.4,816.9,0.0,0.0192,0.1724,0,1,0,0,0,0,pincode,3,1807.9
3af823a3d7e8,AD002545,town_centroid,town,1,-46.70000000000002,-500.9083333333333,0.0,0.0192,0.1724,0,1,0,0,0,0,none,3,0.0
b5fda56cd237,AD002545,prior_field_cluster,street,1,-2557.1,1436.8,0.0,0.0192,0.1724,0,1,0,0,0,0,none,3,3171.2
307832e8c831,AD002546,vendor_pin,locality,1,-2758.1,-222.3,0.1429,0.1446,0.297,0,1,0,0,0,0,locality,3,2606.2
2b2ac8be8bde,AD002546,town_centroid,town,1,-172.75833333333335,-551.7416666666667,0.1429,0.1446,0.297,0,1,0,0,0,0,none,3,0.0
a7d4955c2afb,AD002546,prior_field_cluster,street,1,-2321.2,-436.0,0.1429,0.1446,0.297,0,1,0,0,0,0,none,3,2151.6
b2c5e70a6dc0,AD002547,vendor_pin,locality,1,553.8,1629.5,0.1333,0.1294,0.2476,1,1,0,0,0,0,locality,3,2299.1
a1283c85d780,AD002547,locality_centroid,locality,1,524.3,1610.0,0.1333,0.1294,0.2476,1,1,0,0,0,0,none,3,2271.3
d0f70ed23caf,AD002547,town_centroid,town,1,-172.75833333333335,-551.7416666666667,0.1333,0.1294,0.2476,1,1,0,0,0,0,none,3,0.0
d497acbd136d,AD002548,vendor_pin,street,1,603.3,-2810.8,0.1818,0.1538,0.2857,1,1,0,0,0,0,street,3,2399.6
50d6f256f1c6,AD002548,locality_centroid,locality,1,665.2,-3094.2,0.1818,0.1538,0.2857,1,1,0,0,0,0,none,3,2689.2
c7dc40e3cb29,AD002548,town_centroid,town,1,-46.70000000000002,-500.9083333333333,0.1818,0.1538,0.2857,1,1,0,0,0,0,none,3,0.0
47be6a9854da,AD002549,vendor_pin,locality,1,1089.5,-977.7,0.1667,0.1585,0.3,1,1,0,0,0,0,locality,3,1332.2
21c49faa58b0,AD002549,locality_centroid,locality,1,929.4,-822.2,0.1667,0.1585,0.3,1,1,0,0,0,0,none,3,1134.9
06455551e2dd,AD002549,town_centroid,town,1,-172.75833333333335,-551.7416666666667,0.1667,0.1585,0.3,1,1,0,0,0,0,none,3,0.0
f58a885e0fb9,AD002550,vendor_pin,locality,1,2996.8,493.6,0.25,0.2222,0.3934,1,1,0,0,0,0,locality,4,2174.7
e0b0a1adfe2a,AD002550,locality_centroid,locality,1,3029.6,575.7,0.25,0.2222,0.3934,1,1,0,0,0,0,none,4,2222.7
86e3494de86a,AD002550,town_centroid,town,1,856.3249999999999,109.34166666666668,0.25,0.2222,0.3934,1,1,0,0,0,0,none,4,0.0
9320ca927c67,AD002550,prior_field_cluster,street,1,2893.0,573.5,0.25,0.2222,0.3934,1,1,0,0,0,0,none,4,2088.9
70869de0ad4a,AD002551,vendor_pin,locality,1,3091.3,-1939.7,0.2,0.1449,0.2892,1,1,0,0,0,0,locality,4,3546.9
1104949fcebd,AD002551,locality_centroid,locality,1,3188.8,-1960.7,0.2,0.1449,0.2892,1,1,0,0,0,0,none,4,3644.9
fc67d67b3bd2,AD002551,town_centroid,town,1,-172.75833333333335,-551.7416666666667,0.2,0.1449,0.2892,1,1,0,0,0,0,none,4,0.0
0582c2026492,AD002551,prior_field_cluster,street,1,3414.5,531.9,0.2,0.1449,0.2892,1,1,0,0,0,0,none,4,3747.4
4d4c9dfb31a2,AD002552,vendor_pin,locality,1,-2398.9,-329.5,0.1818,0.1714,0.3488,0,1,0,0,0,0,locality,3,2237.2
ff8833c67eec,AD002552,town_centroid,town,1,-172.75833333333335,-551.7416666666667,0.1818,0.1714,0.3488,0,1,0,0,0,0,none,3,0.0
ca69f50e2ead,AD002552,prior_field_cluster,street,1,-2229.0,1332.2,0.1818,0.1714,0.3488,0,1,0,0,0,0,none,3,2788.8
e2da67be29cf,AD002553,vendor_pin,locality,1,3202.3,-2117.0,0.1818,0.1449,0.2697,1,1,0,0,0,0,locality,3,3720.4
95da84b9735b,AD002553,locality_centroid,locality,1,3188.8,-1960.7,0.1818,0.1449,0.2697,1,1,0,0,0,0,none,3,3644.9
7c7b71c9f900,AD002553,town_centroid,town,1,-172.75833333333335,-551.7416666666667,0.1818,0.1449,0.2697,1,1,0,0,0,0,none,3,0.0
4e3ef0bc2d71,AD002555,vendor_pin,locality,1,2516.2,-1226.7,0.1818,0.1266,0.2553,1,1,0,0,0,0,locality,4,2130.8
274314951b77,AD002555,locality_centroid,locality,1,2589.2,-1273.1,0.1818,0.1266,0.2553,1,1,0,0,0,0,none,4,2216.8
97cb35bd35a0,AD002555,town_centroid,town,1,856.3249999999999,109.34166666666668,0.1818,0.1266,0.2553,1,1,0,0,0,0,none,4,0.0
2529553fe546,AD002555,prior_field_cluster,street,1,2272.55,-1211.3000000000002,0.1818,0.1266,0.2553,1,1,0,0,0,0,none,4,1936.4
e415c72534ef,AD002556,vendor_pin,locality,1,-676.7,-1235.3,0.1818,0.1549,0.3023,1,1,0,0,0,0,locality,3,967.6
d228824d316e,AD002556,locality_centroid,locality,1,-598.6,-1329.8,0.1818,0.1549,0.3023,1,1,0,0,0,0,none,3,995.8
dae38101da9e,AD002556,town_centroid,town,1,-46.70000000000002,-500.9083333333333,0.1818,0.1549,0.3023,1,1,0,0,0,0,none,3,0.0
4580d2e8dc71,AD002557,vendor_pin,locality,1,1068.2,-3691.3,0.2,0.1429,0.275,1,0,0,0,0,0,locality,3,3375.9
1c2c4f072af1,AD002557,locality_centroid,locality,1,1155.3,-3613.0,0.2,0.1429,0.275,1,0,0,0,0,0,none,3,3336.9
01bcdd1d4bde,AD002557,town_centroid,town,1,-172.75833333333335,-551.7416666666667,0.2,0.1429,0.275,1,0,0,0,0,0,none,3,0.0
eb08d91cd59f,AD002558,vendor_pin,locality,1,1813.7,-854.1,0.0769,0.1688,0.3469,0,1,0,0,0,0,locality,3,1893.6
b14ca257b063,AD002558,town_centroid,town,1,-46.70000000000002,-500.9083333333333,0.0769,0.1688,0.3469,0,1,0,0,0,0,none,3,0.0
bf37b0c82d39,AD002558,prior_field_cluster,street,1,2403.9,-2167.4,0.0769,0.1688,0.3469,0,1,0,0,0,0,none,3,2963.6
2c9f96254ec9,AD002559,vendor_pin,locality,1,-1827.1,2485.6,0.0769,0.1216,0.2637,0,1,0,0,0,0,locality,2,3476.9
5d84885d206e,AD002559,town_centroid,town,1,-46.70000000000002,-500.9083333333333,0.0769,0.1216,0.2637,0,1,0,0,0,0,none,2,0.0
43e5e26c3266,AD002560,vendor_pin,locality,1,2899.1,502.1,0.1538,0.1136,0.2286,1,1,0,0,0,0,locality,3,2080.2
53bfef069855,AD002560,locality_centroid,locality,1,3029.6,575.7,0.1538,0.1136,0.2286,1,1,0,0,0,0,none,3,2222.7
99049a88bb50,AD002560,town_centroid,town,1,856.3249999999999,109.34166666666668,0.1538,0.1136,0.2286,1,1,0,0,0,0,none,3,0.0
4ea95d689fa9,AD002561,vendor_pin,street,1,-508.0,1565.4,0.2,0.1324,0.2529,1,1,0,0,0,0,street,3,1995.4
38cab4288ef0,AD002561,locality_centroid,locality,1,-200.6,1476.5,0.2,0.1324,0.2529,1,1,0,0,0,0,none,3,1728.1
55a829edbb1c,AD002561,town_centroid,town,1,856.3249999999999,109.34166666666668,0.2,0.1324,0.2529,1,1,0,0,0,0,none,3,0.0
9b41a757fd96,AD002562,vendor_pin,locality,1,975.1,-648.2,0.2222,0.1806,0.3371,1,0,0,0,0,0,locality,4,1151.9
60386ad2cd88,AD002562,locality_centroid,locality,1,929.4,-822.2,0.2222,0.1806,0.3371,1,0,0,0,0,0,none,4,1134.9
ca63b0f3922b,AD002562,town_centroid,town,1,-172.75833333333335,-551.7416666666667,0.2222,0.1806,0.3371,1,0,0,0,0,0,none,4,0.0
31d5b29d40fc,AD002562,prior_field_cluster,street,1,1240.4,-1039.2,0.2222,0.1806,0.3371,1,0,0,0,0,0,none,4,1494.9
03b1f4cd0c24,AD002563,vendor_pin,street,1,-224.8,-3537.3,0.1818,0.1622,0.3111,1,1,0,0,0,0,street,3,2986.0
074b5db94ead,AD002563,locality_centroid,locality,1,-433.5,-3467.4,0.1818,0.1622,0.3111,1,1,0,0,0,0,none,3,2927.3
c7e440d03bb4,AD002563,town_centroid,town,1,-172.75833333333335,-551.7416666666667,0.1818,0.1622,0.3111,1,1,0,0,0,0,none,3,0.0
3604d79adece,AD002564,vendor_pin,locality,1,-431.3,3271.2,0.1818,0.1806,0.3371,1,1,0,0,0,0,locality,4,3831.7
eefa3f64535f,AD002564,locality_centroid,locality,1,-438.3,3208.9,0.1818,0.1806,0.3371,1,1,0,0,0,0,none,4,3770.0
f8cca0de2812,AD002564,town_centroid,town,1,-172.75833333333335,-551.7416666666667,0.1818,0.1806,0.3371,1,1,0,0,0,0,none,4,0.0
9899a6d17793,AD002564,prior_field_cluster,street,1,-465.35,2860.6000000000004,0.1818,0.1806,0.3371,1,1,0,0,0,0,none,4,3424.9
fd4ec3aa93ee,AD002565,vendor_pin,street,1,2639.4,1394.4,0.1538,0.12,0.2472,1,1,0,0,0,0,street,3,3287.4
bf91cd2e4cb8,AD002565,locality_centroid,locality,1,2499.2,994.1,0.1538,0.12,0.2472,1,1,0,0,0,0,none,3,2952.4
dca82ea68d7b,AD002565,town_centroid,town,1,-46.70000000000002,-500.9083333333333,0.1538,0.12,0.2472,1,1,0,0,0,0,none,3,0.0
e10b45d96c33,AD002566,vendor_pin,locality,1,-2641.1,-276.8,0.2308,0.1852,0.34,1,1,0,0,0,0,locality,4,2483.6
8408752bac1f,AD002566,locality_centroid,locality,1,-2605.6,-262.1,0.2308,0.1852,0.34,1,1,0,0,0,0,none,4,2450.0
ddaef4b8bde7,AD002566,town_centroid,town,1,-172.75833333333335,-551.7416666666667,0.2308,0.1852,0.34,1,1,0,0,0,0,none,4,0.0
ad82c6e4903f,AD002566,prior_field_cluster,street,1,-2648.25,-96.05000000000001,0.2308,0.1852,0.34,1,1,0,0,0,0,none,4,2517.1
39352931b73d,AD002567,vendor_pin,locality,1,-757.6,-506.3,0.0909,0.0658,0.1882,0,1,0,0,0,0,locality,2,586.6
612f5c9f70d6,AD002567,town_centroid,town,1,-172.75833333333335,-551.7416666666667,0.0909,0.0658,0.1882,0,1,0,0,0,0,none,2,0.0
b8d94f88e744,AD002568,vendor_pin,locality,1,2849.6,642.3,0.125,0.1591,0.3571,0,1,0,0,0,0,locality,3,2063.3
5152c213345d,AD002568,town_centroid,town,1,856.3249999999999,109.34166666666668,0.125,0.1591,0.3571,0,1,0,0,0,0,none,3,0.0
11875ece96e3,AD002568,prior_field_cluster,street,1,3167.0,337.70000000000005,0.125,0.1591,0.3571,0,1,0,0,0,0,none,3,2321.9
4acc591ddae7,AD002569,vendor_pin,locality,1,278.1,2579.8,0.2,0.2373,0.425,1,1,0,0,0,0,locality,3,3097.8
d9cbd6a7f1c6,AD002569,locality_centroid,locality,1,290.7,2335.2,0.2,0.2373,0.425,1,1,0,0,0,0,none,3,2856.1
7141d4184583,AD002569,town_centroid,town,1,-46.70000000000002,-500.9083333333333,0.2,0.2373,0.425,1,1,0,0,0,0,none,3,0.0
fb055ea80db2,AD002570,vendor_pin,locality,1,2314.5,1671.1,0.2857,0.1795,0.3214,1,1,0,0,0,0,locality,3,2136.7
4a7b22e96c3e,AD002570,locality_centroid,locality,1,2308.9,1849.5,0.2857,0.1795,0.3214,1,1,0,0,0,0,none,3,2266.7
971a9e69e0a8,AD002570,town_centroid,town,1,856.3249999999999,109.34166666666668,0.2857,0.1795,0.3214,1,1,0,0,0,0,none,3,0.0
be4c90c6c71e,AD002571,vendor_pin,rooftop,1,-2063.9,-2380.8,0.1333,0.1158,0.2301,1,1,0,0,0,0,rooftop,3,2757.4
ba6146f2d58a,AD002571,locality_centroid,locality,1,-2195.4,-2378.6,0.1333,0.1158,0.2301,1,1,0,0,0,0,none,3,2853.5
1e3243cb8d91,AD002571,town_centroid,town,1,-46.70000000000002,-500.9083333333333,0.1333,0.1158,0.2301,1,1,0,0,0,0,none,3,0.0
666d1b38fc2b,AD002572,vendor_pin,locality,1,1214.5,910.9,0.2,0.1538,0.2963,1,1,0,0,0,0,locality,3,877.9
c0cfbf86a501,AD002572,locality_centroid,locality,1,987.4,1270.5,0.2,0.1538,0.2963,1,1,0,0,0,0,none,3,1168.5
a45ac0550ffe,AD002572,town_centroid,town,1,856.3249999999999,109.34166666666668,0.2,0.1538,0.2963,1,1,0,0,0,0,none,3,0.0
6b09fcfb86e6,AD002573,vendor_pin,locality,1,-2766.1,1133.6,0.25,0.2105,0.3684,1,1,0,0,0,0,locality,3,3172.8
1579b1976f76,AD002573,locality_centroid,locality,1,-2863.9,1096.5,0.25,0.2105,0.3684,1,1,0,0,0,0,none,3,3238.6
391d570cefe9,AD002573,town_centroid,town,1,-46.70000000000002,-500.9083333333333,0.25,0.2105,0.3684,1,1,0,0,0,0,none,3,0.0
4225e4a3301c,AD002574,vendor_pin,locality,1,1661.3,-2234.3,0.1818,0.1343,0.2619,0,1,0,0,0,0,locality,3,2478.0
0c3a1988412a,AD002574,town_centroid,town,1,856.3249999999999,109.34166666666668,0.1818,0.1343,0.2619,0,1,0,0,0,0,none,3,0.0
9623fcffa927,AD002574,prior_field_cluster,street,1,1801.2,-2197.1,0.1818,0.1343,0.2619,0,1,0,0,0,0,none,3,2492.5
3921f9611b5e,AD002575,vendor_pin,locality,1,2650.1,-1322.7,0.2222,0.1818,0.338,1,1,0,0,0,0,locality,3,2295.3
1566c75adda1,AD002575,locality_centroid,locality,1,2589.2,-1273.1,0.2222,0.1818,0.338,1,1,0,0,0,0,none,3,2216.8
a14db0885e00,AD002575,town_centroid,town,1,856.3249999999999,109.34166666666668,0.2222,0.1818,0.338,1,1,0,0,0,0,none,3,0.0
c671343f2a5c,AD002576,vendor_pin,locality,1,1707.3,-1869.6,0.25,0.1765,0.3143,1,1,0,0,0,0,locality,4,2154.2
0fcb250390e2,AD002576,locality_centroid,locality,1,1577.4,-2059.5,0.25,0.1765,0.3143,1,1,0,0,0,0,none,4,2285.6
cdb5e0485ae5,AD002576,town_centroid,town,1,856.3249999999999,109.34166666666668,0.25,0.1765,0.3143,1,1,0,0,0,0,none,4,0.0
a61cc3fb1bc1,AD002576,prior_field_cluster,street,1,1441.5500000000002,-2345.9,0.25,0.1765,0.3143,1,1,0,0,0,0,none,4,2524.0
441079b306a7,AD002577,vendor_pin,locality,1,-689.8,2867.3,0.1818,0.1711,0.3191,1,1,0,0,0,0,locality,3,3457.9
a64186c0ec93,AD002577,locality_centroid,locality,1,-438.3,3208.9,0.1818,0.1711,0.3191,1,1,0,0,0,0,none,3,3770.0
729963191cca,AD002577,town_centroid,town,1,-172.75833333333335,-551.7416666666667,0.1818,0.1711,0.3191,1,1,0,0,0,0,none,3,0.0
eba0ea830896,AD002578,vendor_pin,locality,1,-2447.4,1640.8,0.1818,0.1714,0.3218,1,1,0,0,0,0,locality,3,3159.3
89db73ce7cf2,AD002578,locality_centroid,locality,1,-2446.2,1613.2,0.1818,0.1714,0.3218,1,1,0,0,0,0,none,3,3139.3
810f0d7297f8,AD002578,town_centroid,town,1,-172.75833333333335,-551.7416666666667,0.1818,0.1714,0.3218,1,1,0,0,0,0,none,3,0.0
c70f59656131,AD002579,vendor_pin,locality,1,-2233.4,-2411.5,0.5,0.3548,0.5652,1,0,0,0,1,0,locality,4,2903.8
85e644e1efef,AD002579,locality_centroid,locality,1,-2195.4,-2378.6,0.5,0.3548,0.5652,1,0,0,0,1,0,none,4,2853.5
934c2c8cc6bb,AD002579,town_centroid,town,1,-46.70000000000002,-500.9083333333333,0.5,0.3548,0.5652,1,0,0,0,1,0,none,4,0.0
f67ff46c7de9,AD002579,prior_field_cluster,street,1,-2025.85,-2580.7,0.5,0.3548,0.5652,1,0,0,0,1,0,none,4,2871.0
3a632d836825,AD002580,vendor_pin,locality,1,-1562.1,-2731.0,0.2857,0.2245,0.3768,0,1,0,0,0,0,locality,2,3730.5
05e179f794df,AD002580,town_centroid,town,1,856.3249999999999,109.34166666666668,0.2857,0.2245,0.3768,0,1,0,0,0,0,none,2,0.0
58334f43ac7d,AD002581,vendor_pin,locality,1,-472.3,3397.3,0.2222,0.2131,0.3797,1,1,0,0,0,0,locality,3,3960.4
1a5998e60fb2,AD002581,locality_centroid,locality,1,-438.3,3208.9,0.2222,0.2131,0.3797,1,1,0,0,0,0,none,3,3770.0
f3dfa6c1eeb1,AD002581,town_centroid,town,1,-172.75833333333335,-551.7416666666667,0.2222,0.2131,0.3797,1,1,0,0,0,0,none,3,0.0
2f8956820022,AD002582,vendor_pin,locality,1,-2426.2,1592.7,0.2857,0.2667,0.459,1,1,0,0,0,0,locality,4,3110.7
7b290068e8c0,AD002582,locality_centroid,locality,1,-2446.2,1613.2,0.2857,0.2667,0.459,1,1,0,0,0,0,none,4,3139.3
c0c778b2f3ee,AD002582,town_centroid,town,1,-172.75833333333335,-551.7416666666667,0.2857,0.2667,0.459,1,1,0,0,0,0,none,4,0.0
01a9a029f1c2,AD002582,prior_field_cluster,street,1,-2358.3,1692.1,0.2857,0.2667,0.459,1,1,0,0,0,0,none,4,3132.3
c9640d13b484,AD002583,vendor_pin,locality,1,3091.0,536.0,0.1429,0.1842,0.44,0,0,0,0,0,0,locality,3,2275.0
db623a88b89a,AD002583,town_centroid,town,1,856.3249999999999,109.34166666666668,0.1429,0.1842,0.44,0,0,0,0,0,0,none,3,0.0
2a7b7b830e88,AD002583,prior_field_cluster,street,1,3398.2,553.8,0.1429,0.1842,0.44,0,0,0,0,0,0,none,3,2580.4
426d27bf0d38,AD002584,vendor_pin,pincode,1,1445.9,2074.3,0.1429,0.1087,0.2857,0,1,0,0,0,0,pincode,2,2051.5
53759ab973f7,AD002584,town_centroid,town,1,856.3249999999999,109.34166666666668,0.1429,0.1087,0.2857,0,1,0,0,0,0,none,2,0.0
274056a817f7,AD002585,vendor_pin,street,1,2453.4,1323.8,0.25,0.1228,0.2368,1,1,0,0,0,0,street,3,2006.4
3771bc9711ce,AD002585,locality_centroid,locality,1,2308.9,1849.5,0.25,0.1228,0.2368,1,1,0,0,0,0,none,3,2266.7
43621bcfe699,AD002585,town_centroid,town,1,856.3249999999999,109.34166666666668,0.25,0.1228,0.2368,1,1,0,0,0,0,none,3,0.0
8af4cc43709f,AD002586,vendor_pin,locality,1,949.6,-740.0,0.2222,0.194,0.3571,1,1,0,0,0,0,locality,3,1138.0
08525c04d409,AD002586,locality_centroid,locality,1,929.4,-822.2,0.2222,0.194,0.3571,1,1,0,0,0,0,none,3,1134.9
42b3796ee688,AD002586,town_centroid,town,1,-172.75833333333335,-551.7416666666667,0.2222,0.194,0.3571,1,1,0,0,0,0,none,3,0.0
4ec8c4a55120,AD002587,vendor_pin,locality,1,3237.3,-1897.0,0.2222,0.1852,0.3529,1,1,0,0,0,0,locality,3,3665.8
5ae7325f5333,AD002587,locality_centroid,locality,1,3188.8,-1960.7,0.2222,0.1852,0.3529,1,1,0,0,0,0,none,3,3644.9
89e8b1e68775,AD002587,town_centroid,town,1,-172.75833333333335,-551.7416666666667,0.2222,0.1852,0.3529,1,1,0,0,0,0,none,3,0.0
f4dccf48f71c,AD002588,vendor_pin,locality,1,553.7,-3140.9,0.2222,0.1803,0.3133,1,1,0,0,0,0,locality,3,3264.3
2f8d923d3420,AD002588,locality_centroid,locality,1,688.3,-3007.0,0.2222,0.1803,0.3133,1,1,0,0,0,0,none,3,3120.9
0bab41285c5e,AD002588,town_centroid,town,1,856.3249999999999,109.34166666666668,0.2222,0.1803,0.3133,1,1,0,0,0,0,none,3,0.0
df159c9cf9b0,AD002590,vendor_pin,locality,1,-2540.5,-373.6,0.1818,0.1875,0.375,0,1,0,0,0,0,locality,3,2374.4
4345be14a3e9,AD002590,town_centroid,town,1,-172.75833333333335,-551.7416666666667,0.1818,0.1875,0.375,0,1,0,0,0,0,none,3,0.0
e876eb3dc63f,AD002590,prior_field_cluster,street,1,-3031.9,-526.55,0.1818,0.1875,0.375,0,1,0,0,0,0,none,3,2859.3
37f33087678e,AD002591,vendor_pin,street,1,-946.0,2804.1,0.2222,0.2063,0.375,1,1,0,0,0,0,street,3,3443.8
aac56442daf6,AD002591,locality_centroid,locality,1,-438.3,3208.9,0.2222,0.2063,0.375,1,1,0,0,0,0,none,3,3770.0
53a2332c3493,AD002591,town_centroid,town,1,-172.75833333333335,-551.7416666666667,0.2222,0.2063,0.375,1,1,0,0,0,0,none,3,0.0
4883b60ca6b0,AD002592,vendor_pin,locality,1,3851.8,152.7,0.1538,0.1728,0.3232,1,1,0,0,0,0,locality,3,4085.7
f92d1cb19d70,AD002592,locality_centroid,locality,1,3653.7,367.3,0.1538,0.1728,0.3232,1,1,0,0,0,0,none,3,3935.3
1805e32bc2b3,AD002592,town_centroid,town,1,-172.75833333333335,-551.7416666666667,0.1538,0.1728,0.3232,1,1,0,0,0,0,none,3,0.0
6f41b21b9ba1,AD002593,vendor_pin,locality,1,2504.2,978.5,0.25,0.1579,0.3143,1,1,0,0,0,0,locality,4,2948.9
b9731ccc3141,AD002593,locality_centroid,locality,1,2499.2,994.1,0.25,0.1579,0.3143,1,1,0,0,0,0,none,4,2952.4
f9b31a231e85,AD002593,town_centroid,town,1,-46.70000000000002,-500.9083333333333,0.25,0.1579,0.3143,1,1,0,0,0,0,none,4,0.0
4c89ccf1a3a8,AD002593,prior_field_cluster,street,1,2335.8,1215.9499999999998,0.25,0.1579,0.3143,1,1,0,0,0,0,none,4,2936.6
9b1755617805,AD002594,vendor_pin,locality,1,-1102.5,-1913.9,0.1818,0.1538,0.2979,1,1,0,0,0,0,locality,3,1649.2
752522574c48,AD002594,locality_centroid,locality,1,-1112.2,-1888.2,0.1818,0.1538,0.2979,1,1,0,0,0,0,none,3,1633.6
c750ee0ad8ca,AD002594,town_centroid,town,1,-172.75833333333335,-551.7416666666667,0.1818,0.1538,0.2979,1,1,0,0,0,0,none,3,0.0
ee59dd3f1b6d,AD002595,vendor_pin,locality,1,-478.1,-544.6,0.2222,0.2,0.3421,1,1,0,0,0,0,locality,3,1486.0
c6bd67c4c838,AD002595,locality_centroid,locality,1,-533.7,-484.7,0.2222,0.2,0.3421,1,1,0,0,0,0,none,3,1511.6
30c789f5d7e2,AD002595,town_centroid,town,1,856.3249999999999,109.34166666666668,0.2222,0.2,0.3421,1,1,0,0,0,0,none,3,0.0
b005acde1c0f,AD002596,vendor_pin,street,1,-735.1,2698.8,0.1667,0.1667,0.3158,1,1,0,0,0,0,street,4,3298.8
a0462c0df447,AD002596,locality_centroid,locality,1,-438.3,3208.9,0.1667,0.1667,0.3158,1,1,0,0,0,0,none,4,3770.0
afbe282d9118,AD002596,town_centroid,town,1,-172.75833333333335,-551.7416666666667,0.1667,0.1667,0.3158,1,1,0,0,0,0,none,4,0.0
3239653ef07a,AD002596,prior_field_cluster,street,1,-792.55,2785.35,0.1667,0.1667,0.3158,1,1,0,0,0,0,none,4,3394.2
dd527082c73e,AD002598,vendor_pin,locality,1,1249.7,-2368.4,0.2222,0.1667,0.3099,1,1,0,0,0,0,locality,3,2508.8
fd86d3e3a963,AD002598,locality_centroid,locality,1,1577.4,-2059.5,0.2222,0.1667,0.3099,1,1,0,0,0,0,none,3,2285.6
661042aff2c2,AD002598,town_centroid,town,1,856.3249999999999,109.34166666666668,0.2222,0.1667,0.3099,1,1,0,0,0,0,none,3,0.0
5797abb639a5,AD002599,vendor_pin,locality,1,984.1,-977.3,0.1818,0.1711,0.3226,1,1,0,0,0,0,locality,3,1232.6
29ca5ce93298,AD002599,locality_centroid,locality,1,929.4,-822.2,0.1818,0.1711,0.3226,1,1,0,0,0,0,none,3,1134.9
115c881dd866,AD002599,town_centroid,town,1,-172.75833333333335,-551.7416666666667,0.1818,0.1711,0.3226,1,1,0,0,0,0,none,3,0.0
5ad4afa82977,AD002600,vendor_pin,locality,1,-2721.4,-383.7,0.2727,0.1948,0.3542,1,1,0,0,0,0,locality,3,2554.2
eb133b6442ff,AD002600,locality_centroid,locality,1,-2605.6,-262.1,0.2727,0.1948,0.3542,1,1,0,0,0,0,none,3,2450.0
d1f983053a47,AD002600,town_centroid,town,1,-172.75833333333335,-551.7416666666667,0.2727,0.1948,0.3542,1,1,0,0,0,0,none,3,0.0
93d4d54c59f0,AD002601,vendor_pin,locality,1,1172.7,-79.9,0.125,0.1739,0.3729,0,1,0,0,0,0,locality,2,368.7
659d98ce0480,AD002601,town_centroid,town,1,856.3249999999999,109.34166666666668,0.125,0.1739,0.3729,0,1,0,0,0,0,none,2,0.0
8f3db2626c7a,AD002602,vendor_pin,street,1,-919.9,-745.9,0.2857,0.2157,0.3562,1,1,0,0,0,0,street,3,1971.4
6c8d799556f9,AD002602,locality_centroid,locality,1,-533.7,-484.7,0.2857,0.2157,0.3562,1,1,0,0,0,0,none,3,1511.6
bdd31b681eae,AD002602,town_centroid,town,1,856.3249999999999,109.34166666666668,0.2857,0.2157,0.3562,1,1,0,0,0,0,none,3,0.0
15c28d028cd4,AD002603,vendor_pin,pincode,1,2287.4,665.1,0.0,0.069,0.1818,0,1,0,0,0,0,pincode,3,2744.6
1bc21024778c,AD002603,town_centroid,town,1,-172.75833333333335,-551.7416666666667,0.0,0.069,0.1818,0,1,0,0,0,0,none,3,0.0
11bf066e8b78,AD002603,prior_field_cluster,street,1,3732.5,92.6,0.0,0.069,0.1818,0,1,0,0,0,0,none,3,3958.1
bfa5f71a526a,AD002605,vendor_pin,locality,1,-3554.4,-943.4,0.2727,0.2055,0.3696,1,1,0,0,0,0,locality,3,3404.2
ee95c8bfee83,AD002605,locality_centroid,locality,1,-3766.2,-883.9,0.2727,0.2055,0.3696,1,1,0,0,0,0,none,3,3608.8
5d6c64414651,AD002605,town_centroid,town,1,-172.75833333333335,-551.7416666666667,0.2727,0.2055,0.3696,1,1,0,0,0,0,none,3,0.0
331d3bffff94,AD002606,vendor_pin,locality,1,1276.2,-65.6,0.2222,0.2182,0.3889,1,1,0,0,0,0,locality,4,1392.7
24016b9dc687,AD002606,locality_centroid,locality,1,1112.8,-196.7,0.2222,0.2182,0.3889,1,1,0,0,0,0,none,4,1198.7
9f0174fc80e3,AD002606,town_centroid,town,1,-46.70000000000002,-500.9083333333333,0.2222,0.2182,0.3889,1,1,0,0,0,0,none,4,0.0
db69129f6f4f,AD002606,prior_field_cluster,street,1,1224.9,-171.9,0.2222,0.2182,0.3889,1,1,0,0,0,0,none,4,1313.5
742b8e92509f,AD002607,vendor_pin,pincode,1,-1916.0,1020.5,0.0,0.037,0.2045,0,1,0,0,0,0,pincode,2,2410.2
42771be8b8fe,AD002607,town_centroid,town,1,-46.70000000000002,-500.9083333333333,0.0,0.037,0.2045,0,1,0,0,0,0,none,2,0.0
6216b9baa508,AD002608,vendor_pin,locality,1,-493.4,-1259.8,0.25,0.2075,0.3768,1,1,0,0,0,0,locality,3,880.6
053e72e6a194,AD002608,locality_centroid,locality,1,-598.6,-1329.8,0.25,0.2075,0.3768,1,1,0,0,0,0,none,3,995.8
e365f3e6607c,AD002608,town_centroid,town,1,-46.70000000000002,-500.9083333333333,0.25,0.2075,0.3768,1,1,0,0,0,0,none,3,0.0
37d176dfe5e7,AD002609,vendor_pin,pincode,1,2113.4,-2163.2,0.0,0.0851,0.2545,0,1,0,0,0,0,pincode,3,2797.0
df1e3dde3c72,AD002609,town_centroid,town,1,-172.75833333333335,-551.7416666666667,0.0,0.0851,0.2545,0,1,0,0,0,0,none,3,0.0
70b835363112,AD002609,prior_field_cluster,street,1,1671.9,-617.15,0.0,0.0851,0.2545,0,1,0,0,0,0,none,3,1845.8
50070a390367,AD002610,vendor_pin,street,1,3399.1,-2220.0,0.1818,0.1389,0.2759,1,1,0,0,0,0,street,3,3942.2
7da27a5b4975,AD002610,locality_centroid,locality,1,3188.8,-1960.7,0.1818,0.1389,0.2759,1,1,0,0,0,0,none,3,3644.9
05e2e01c8efc,AD002610,town_centroid,town,1,-172.75833333333335,-551.7416666666667,0.1818,0.1389,0.2759,1,1,0,0,0,0,none,3,0.0
cc4803fc346e,AD002611,vendor_pin,locality,1,3116.3,716.0,0.1,0.125,0.3143,0,1,0,0,0,0,locality,2,2340.0
01df21019c32,AD002611,town_centroid,town,1,856.3249999999999,109.34166666666668,0.1,0.125,0.3143,0,1,0,0,0,0,none,2,0.0
5570d3f1b691,AD002612,vendor_pin,locality,1,-1082.4,-3038.7,0.2222,0.1852,0.3478,1,1,0,0,0,0,locality,3,2741.0
18c2a2658a19,AD002612,locality_centroid,locality,1,-1053.3,-3163.0,0.2222,0.1852,0.3478,1,1,0,0,0,0,none,3,2846.0
9c03948a781d,AD002612,town_centroid,town,1,-46.70000000000002,-500.9083333333333,0.2222,0.1852,0.3478,1,1,0,0,0,0,none,3,0.0
80e7d7678bd0,AD002613,vendor_pin,locality,1,686.7,-3122.4,0.25,0.234,0.3662,1,1,0,0,0,0,locality,3,3236.2
cac11407297c,AD002613,locality_centroid,locality,1,688.3,-3007.0,0.25,0.234,0.3662,1,1,0,0,0,0,none,3,3120.9
cc39a289c89d,AD002613,town_centroid,town,1,856.3249999999999,109.34166666666668,0.25,0.234,0.3662,1,1,0,0,0,0,none,3,0.0
63a7de839ec8,AD002614,vendor_pin,locality,1,1047.8,-830.9,0.0833,0.1408,0.3218,0,1,0,0,0,0,locality,3,1252.1
abfc2e6c0c3f,AD002614,town_centroid,town,1,-172.75833333333335,-551.7416666666667,0.0833,0.1408,0.3218,0,1,0,0,0,0,none,3,0.0
7f45d05478da,AD002614,prior_field_cluster,street,1,691.1500000000001,-814.05,0.0833,0.1408,0.3218,0,1,0,0,0,0,none,3,902.9
dfa768291936,AD002615,vendor_pin,locality,1,1133.3,-3768.1,0.1818,0.1452,0.2716,1,1,0,0,0,0,locality,3,3471.4
b153332c8dd4,AD002615,locality_centroid,locality,1,1155.3,-3613.0,0.1818,0.1452,0.2716,1,1,0,0,0,0,none,3,3336.9
5304dd535aec,AD002615,town_centroid,town,1,-172.75833333333335,-551.7416666666667,0.1818,0.1452,0.2716,1,1,0,0,0,0,none,3,0.0
f0bb9dd70fd0,AD002616,vendor_pin,locality,1,-753.4,-1149.8,0.1818,0.1571,0.2921,1,1,0,0,0,0,locality,3,959.4
f88448a91e29,AD002616,locality_centroid,locality,1,-598.6,-1329.8,0.1818,0.1571,0.2921,1,1,0,0,0,0,none,3,995.8
c5b289073c1d,AD002616,town_centroid,town,1,-46.70000000000002,-500.9083333333333,0.1818,0.1571,0.2921,1,1,0,0,0,0,none,3,0.0
c37c383c9a6e,AD002617,vendor_pin,locality,1,-2470.0,1492.3,0.2857,0.24,0.4242,1,1,0,0,0,0,locality,4,3075.0
0dbd77024cb8,AD002617,locality_centroid,locality,1,-2446.2,1613.2,0.2857,0.24,0.4242,1,1,0,0,0,0,none,4,3139.3
9e3a9653817c,AD002617,town_centroid,town,1,-172.75833333333335,-551.7416666666667,0.2857,0.24,0.4242,1,1,0,0,0,0,none,4,0.0
8e9c3f619262,AD002617,prior_field_cluster,street,1,-2175.6,1173.5,0.2857,0.24,0.4242,1,1,0,0,0,0,none,4,2643.5
830f350bfe03,AD002618,vendor_pin,locality,1,2555.1,-1287.0,0.0833,0.125,0.2791,0,1,0,0,0,0,locality,2,2199.0
33eca87fc01d,AD002618,town_centroid,town,1,856.3249999999999,109.34166666666668,0.0833,0.125,0.2791,0,1,0,0,0,0,none,2,0.0
b0914c3be234,AD002619,vendor_pin,locality,1,1031.9,1274.6,0.3333,0.2273,0.3934,1,1,0,0,0,0,locality,3,1178.4
6b38a7f98b6e,AD002619,locality_centroid,locality,1,987.4,1270.5,0.3333,0.2273,0.3934,1,1,0,0,0,0,none,3,1168.5
c13f4390fe8b,AD002619,town_centroid,town,1,856.3249999999999,109.34166666666668,0.3333,0.2273,0.3934,1,1,0,0,0,0,none,3,0.0
5724a81e5343,AD002620,vendor_pin,locality,1,-705.3,-705.6,0.1111,0.1,0.3051,0,1,0,0,0,0,locality,2,554.3
f02e4b05aae1,AD002620,town_centroid,town,1,-172.75833333333335,-551.7416666666667,0.1111,0.1,0.3051,0,1,0,0,0,0,none,2,0.0
5171213a2329,AD002621,vendor_pin,street,1,811.2,-3155.1,0.1818,0.1493,0.2759,1,1,0,0,0,0,street,4,2789.4
c2b94e9ae11d,AD002621,locality_centroid,locality,1,665.2,-3094.2,0.1818,0.1493,0.2759,1,1,0,0,0,0,none,4,2689.2
269d9751b31c,AD002621,town_centroid,town,1,-46.70000000000002,-500.9083333333333,0.1818,0.1493,0.2759,1,1,0,0,0,0,none,4,0.0
e8c3b6f022b2,AD002621,prior_field_cluster,street,1,832.4,-3131.7,0.1818,0.1493,0.2759,1,1,0,0,0,0,none,4,2773.8
aa77d9765171,AD002622,vendor_pin,locality,1,-437.3,-290.4,0.3333,0.275,0.4194,1,0,0,0,0,0,locality,3,1354.0
b9ba5d74acb4,AD002622,locality_centroid,locality,1,-533.7,-484.7,0.3333,0.275,0.4194,1,0,0,0,0,0,none,3,1511.6
e4d13c17cd74,AD002622,town_centroid,town,1,856.3249999999999,109.34166666666668,0.3333,0.275,0.4194,1,0,0,0,0,0,none,3,0.0
eb1489ebe216,AD002623,vendor_pin,pincode,1,1653.1,-1438.3,0.0,0.0189,0.1695,0,1,0,0,0,0,pincode,3,1941.1
7548be3b682f,AD002623,town_centroid,town,1,-46.70000000000002,-500.9083333333333,0.0,0.0189,0.1695,0,1,0,0,0,0,none,3,0.0
11890290c89e,AD002623,prior_field_cluster,street,1,2921.0,-1817.6,0.0,0.0189,0.1695,0,1,0,0,0,0,none,3,3246.7
2d7c8e8e994f,AD002624,vendor_pin,locality,1,699.1,-2768.7,0.1667,0.1333,0.2697,1,1,0,0,0,0,locality,4,2387.3
40583ea842a1,AD002624,locality_centroid,locality,1,665.2,-3094.2,0.1667,0.1333,0.2697,1,1,0,0,0,0,none,4,2689.2
c0a320b7500e,AD002624,town_centroid,town,1,-46.70000000000002,-500.9083333333333,0.1667,0.1333,0.2697,1,1,0,0,0,0,none,4,0.0
7047b3f19ada,AD002624,prior_field_cluster,street,1,537.05,-3487.8,0.1667,0.1333,0.2697,1,1,0,0,0,0,none,4,3043.4
8951e27a9bc5,AD002626,vendor_pin,locality,1,3098.5,528.1,0.1,0.1228,0.3099,0,1,0,0,0,0,locality,3,2280.9
9feb8aad85bd,AD002626,town_centroid,town,1,856.3249999999999,109.34166666666668,0.1,0.1228,0.3099,0,1,0,0,0,0,none,3,0.0
51c65ea70217,AD002626,prior_field_cluster,street,1,3139.45,458.85,0.1,0.1228,0.3099,0,1,0,0,0,0,none,3,2309.7
dc439ac19866,AD002627,vendor_pin,pincode,1,395.1,-103.4,0.0,0.0952,0.28,0,0,0,0,0,0,pincode,2,723.5
45a4349f629f,AD002627,town_centroid,town,1,-172.75833333333335,-551.7416666666667,0.0,0.0952,0.28,0,0,0,0,0,0,none,2,0.0
24abe9b32699,AD002628,vendor_pin,locality,1,729.5,-2968.7,0.2222,0.1746,0.3059,1,1,0,0,0,0,locality,3,3080.7
d586dfbbb47b,AD002628,locality_centroid,locality,1,688.3,-3007.0,0.2222,0.1746,0.3059,1,1,0,0,0,0,none,3,3120.9
1344fa1e2e0f,AD002628,town_centroid,town,1,856.3249999999999,109.34166666666668,0.2222,0.1746,0.3059,1,1,0,0,0,0,none,3,0.0
6c5e4acaa59a,AD002629,vendor_pin,locality,1,1225.1,-3495.3,0.1818,0.1324,0.2558,1,1,0,0,0,0,locality,3,3258.6
8a21656c8354,AD002629,locality_centroid,locality,1,1155.3,-3613.0,0.1818,0.1324,0.2558,1,1,0,0,0,0,none,3,3336.9
58626a39b6bb,AD002629,town_centroid,town,1,-172.75833333333335,-551.7416666666667,0.1818,0.1324,0.2558,1,1,0,0,0,0,none,3,0.0
a85f97a71966,AD002631,vendor_pin,street,1,425.3,-3107.3,0.1667,0.1282,0.2553,1,1,0,0,0,0,street,3,2648.8
a2e784157826,AD002631,locality_centroid,locality,1,665.2,-3094.2,0.1667,0.1282,0.2553,1,1,0,0,0,0,none,3,2689.2
ffa5cf3403fd,AD002631,town_centroid,town,1,-46.70000000000002,-500.9083333333333,0.1667,0.1282,0.2553,1,1,0,0,0,0,none,3,0.0
01e3117b86da,AD002632,vendor_pin,locality,1,738.8,-879.1,0.125,0.1887,0.4179,0,1,0,0,0,0,locality,3,968.6
0e57cbad151b,AD002632,town_centroid,town,1,-172.75833333333335,-551.7416666666667,0.125,0.1887,0.4179,0,1,0,0,0,0,none,3,0.0
3ee47c629db5,AD002632,prior_field_cluster,street,1,715.5,-1198.5,0.125,0.1887,0.4179,0,1,0,0,0,0,none,3,1098.8
6929e2245ace,AD002633,vendor_pin,street,1,3207.1,831.0,0.0909,0.1111,0.2632,0,1,0,0,0,0,street,3,2459.1
edd66b6122ac,AD002633,town_centroid,town,1,856.3249999999999,109.34166666666668,0.0909,0.1111,0.2632,0,1,0,0,0,0,none,3,0.0
4aad26578812,AD002633,prior_field_cluster,street,1,3180.1,722.8,0.0909,0.1111,0.2632,0,1,0,0,0,0,none,3,2403.4
d247c7ac2a4b,AD002634,vendor_pin,locality,1,555.5,-3029.5,0.2,0.193,0.3333,0,1,0,0,0,0,locality,3,3153.2
752085ffa982,AD002634,town_centroid,town,1,856.3249999999999,109.34166666666668,0.2,0.193,0.3333,0,1,0,0,0,0,none,3,0.0
fe251adc43d6,AD002634,prior_field_cluster,street,1,270.1,-3296.1,0.2,0.193,0.3333,0,1,0,0,0,0,none,3,3455.5
26fab85fb7d3,AD002635,vendor_pin,locality,1,3428.7,-1787.7,0.25,0.2041,0.381,1,0,0,0,0,0,locality,4,3807.6
1da1945a80d2,AD002635,locality_centroid,locality,1,3188.8,-1960.7,0.25,0.2041,0.381,1,0,0,0,0,0,none,4,3644.9
141675fb6dc7,AD002635,town_centroid,town,1,-172.75833333333335,-551.7416666666667,0.25,0.2041,0.381,1,0,0,0,0,0,none,4,0.0
bea9f450a914,AD002635,prior_field_cluster,street,1,3235.7,-2181.3,0.25,0.2041,0.381,1,0,0,0,0,0,none,4,3778.0
f3a3d7c07ea4,AD002636,vendor_pin,street,1,-2384.0,1572.4,0.1667,0.1644,0.3077,1,1,0,0,0,0,street,3,3066.2
36f9309c3099,AD002636,locality_centroid,locality,1,-2446.2,1613.2,0.1667,0.1644,0.3077,1,1,0,0,0,0,none,3,3139.3
772597e29cb8,AD002636,town_centroid,town,1,-172.75833333333335,-551.7416666666667,0.1667,0.1644,0.3077,1,1,0,0,0,0,none,3,0.0
b0bfa28a9970,AD002637,vendor_pin,street,1,-1043.4,-3138.6,0.1111,0.12,0.3607,0,1,0,0,0,0,street,3,2819.7
8d2a18b74701,AD002637,town_centroid,town,1,-46.70000000000002,-500.9083333333333,0.1111,0.12,0.3607,0,1,0,0,0,0,none,3,0.0
5e965ced2ad4,AD002637,prior_field_cluster,street,1,-1188.35,-3349.25,0.1111,0.12,0.3607,0,1,0,0,0,0,none,3,3068.6
ae8d4ad71f58,AD002638,vendor_pin,locality,1,2460.1,-1195.4,0.3333,0.2222,0.4068,1,1,0,0,0,0,locality,3,2067.5
4f2136322d8b,AD002638,locality_centroid,locality,1,2589.2,-1273.1,0.3333,0.2222,0.4068,1,1,0,0,0,0,none,3,2216.8
ac7d5f4a7d70,AD002638,town_centroid,town,1,856.3249999999999,109.34166666666668,0.3333,0.2222,0.4068,1,1,0,0,0,0,none,3,0.0
416221bb845b,AD002639,vendor_pin,locality,1,1007.7,2661.1,0.2222,0.1754,0.338,1,1,0,0,0,0,locality,3,2556.2
1a67d3dde555,AD002639,locality_centroid,locality,1,986.3,2772.6,0.2222,0.1754,0.338,1,1,0,0,0,0,none,3,2666.4
6681b97f24fc,AD002639,town_centroid,town,1,856.3249999999999,109.34166666666668,0.2222,0.1754,0.338,1,1,0,0,0,0,none,3,0.0
1453257aa6b0,AD002640,vendor_pin,street,1,566.8,-2961.3,0.1818,0.1538,0.3,1,1,0,0,0,0,street,3,2535.7
8427f0049756,AD002640,locality_centroid,locality,1,665.2,-3094.2,0.1818,0.1538,0.3,1,1,0,0,0,0,none,3,2689.2
04ad8655da0f,AD002640,town_centroid,town,1,-46.70000000000002,-500.9083333333333,0.1818,0.1538,0.3,1,1,0,0,0,0,none,3,0.0
bf08f5c0479a,AD002641,vendor_pin,locality,1,-3132.1,860.2,0.1818,0.1846,0.3415,1,1,0,0,0,0,locality,4,3372.3
3106f8ee4c88,AD002641,locality_centroid,locality,1,-2863.9,1096.5,0.1818,0.1846,0.3415,1,1,0,0,0,0,none,4,3238.6
989316b29416,AD002641,town_centroid,town,1,-46.70000000000002,-500.9083333333333,0.1818,0.1846,0.3415,1,1,0,0,0,0,none,4,0.0
9b1a9060439a,AD002641,prior_field_cluster,street,1,-2830.6,889.6,0.1818,0.1846,0.3415,1,1,0,0,0,0,none,4,3111.9
d273d08fc9c7,AD002642,vendor_pin,street,1,2744.1,-1552.3,0.25,0.2128,0.3871,1,1,0,0,0,0,street,3,2514.9
f09c9dde6a74,AD002642,locality_centroid,locality,1,2589.2,-1273.1,0.25,0.2128,0.3871,1,1,0,0,0,0,none,3,2216.8
1b751cf16f2a,AD002642,town_centroid,town,1,856.3249999999999,109.34166666666668,0.25,0.2128,0.3871,1,1,0,0,0,0,none,3,0.0
196591908578,AD002643,vendor_pin,locality,1,-1250.1,-1907.3,0.1818,0.1667,0.3182,1,1,0,0,0,0,locality,3,1731.5
0bfd1cb1fd92,AD002643,locality_centroid,locality,1,-1112.2,-1888.2,0.1818,0.1667,0.3182,1,1,0,0,0,0,none,3,1633.6
59dd26439f51,AD002643,town_centroid,town,1,-172.75833333333335,-551.7416666666667,0.1818,0.1667,0.3182,1,1,0,0,0,0,none,3,0.0
f5886b30e4c9,AD002645,vendor_pin,locality,1,2747.7,1179.6,0.2857,0.2045,0.386,1,1,0,0,0,0,locality,4,3260.8
6c8ea7194012,AD002645,locality_centroid,locality,1,2499.2,994.1,0.2857,0.2045,0.386,1,1,0,0,0,0,none,4,2952.4
e3c6e86a36d6,AD002645,town_centroid,town,1,-46.70000000000002,-500.9083333333333,0.2857,0.2045,0.386,1,1,0,0,0,0,none,4,0.0
71ac5d13f924,AD002645,prior_field_cluster,street,1,2832.3,1019.1,0.2857,0.2045,0.386,1,1,0,0,0,0,none,4,3255.6
af4802009fac,AD002647,vendor_pin,pincode,1,1650.6,-2080.7,0.0,0.0667,0.1765,0,1,0,0,0,0,pincode,2,2379.6
bb135fb920be,AD002647,town_centroid,town,1,-172.75833333333335,-551.7416666666667,0.0,0.0667,0.1765,0,1,0,0,0,0,none,2,0.0
0aec558b28dd,AD002648,vendor_pin,locality,1,3208.9,-1986.1,0.2,0.1389,0.2791,1,1,0,0,0,0,locality,3,3673.3
9c565d6d7293,AD002648,locality_centroid,locality,1,3188.8,-1960.7,0.2,0.1389,0.2791,1,1,0,0,0,0,none,3,3644.9
b1f4e13615bc,AD002648,town_centroid,town,1,-172.75833333333335,-551.7416666666667,0.2,0.1389,0.2791,1,1,0,0,0,0,none,3,0.0
25893ad82636,AD002649,vendor_pin,locality,1,-443.7,3167.1,0.2,0.1757,0.3226,1,1,0,0,0,0,locality,3,3728.7
4eab6109acc3,AD002649,locality_centroid,locality,1,-438.3,3208.9,0.2,0.1757,0.3226,1,1,0,0,0,0,none,3,3770.0
9dcb0294277f,AD002649,town_centroid,town,1,-172.75833333333335,-551.7416666666667,0.2,0.1757,0.3226,1,1,0,0,0,0,none,3,0.0
20fbb4049fff,AD002650,vendor_pin,locality,1,1629.1,-1791.2,0.2857,0.2143,0.3607,1,1,0,0,0,0,locality,4,2051.6
3ccc16c0473e,AD002650,locality_centroid,locality,1,1577.4,-2059.5,0.2857,0.2143,0.3607,1,1,0,0,0,0,none,4,2285.6
954b552be288,AD002650,town_centroid,town,1,856.3249999999999,109.34166666666668,0.2857,0.2143,0.3607,1,1,0,0,0,0,none,4,0.0
bb49e75857f9,AD002650,prior_field_cluster,street,1,1740.15,-1711.0,0.2857,0.2143,0.3607,1,1,0,0,0,0,none,4,2023.6
5f5d861a813d,AD002651,vendor_pin,locality,1,-674.2,3210.5,0.1818,0.1806,0.3333,1,1,0,0,0,0,locality,4,3795.5
123e9d992184,AD002651,locality_centroid,locality,1,-438.3,3208.9,0.1818,0.1806,0.3333,1,1,0,0,0,0,none,4,3770.0
986f6d8b7ba6,AD002651,town_centroid,town,1,-172.75833333333335,-551.7416666666667,0.1818,0.1806,0.3333,1,1,0,0,0,0,none,4,0.0
c08ddd7c590c,AD002651,prior_field_cluster,street,1,704.1,1303.95,0.1818,0.1806,0.3333,1,1,0,0,0,0,none,4,2052.4
8c74b6480304,AD002652,vendor_pin,street,1,-1003.0,-930.5,0.0833,0.0725,0.2051,0,1,0,0,0,0,street,3,912.6
8cd5ecc1aa5a,AD002652,town_centroid,town,1,-172.75833333333335,-551.7416666666667,0.0833,0.0725,0.2051,0,1,0,0,0,0,none,3,0.0
75b2befbfc64,AD002652,prior_field_cluster,street,1,-1004.7,-802.6,0.0833,0.0725,0.2051,0,1,0,0,0,0,none,3,868.9
a0ad6a64b7bb,AD002653,vendor_pin,street,1,527.6,1498.2,0.25,0.1887,0.3529,1,0,0,0,0,0,street,3,1427.2
3a86411a68d6,AD002653,locality_centroid,locality,1,987.4,1270.5,0.25,0.1887,0.3529,1,0,0,0,0,0,none,3,1168.5
89c39689543d,AD002653,town_centroid,town,1,856.3249999999999,109.34166666666668,0.25,0.1887,0.3529,1,0,0,0,0,0,none,3,0.0
4666a1d153c5,AD002654,vendor_pin,locality,1,3738.5,629.6,0.1538,0.1867,0.3441,1,1,0,0,0,0,locality,3,4085.8
10aa064ed98a,AD002654,locality_centroid,locality,1,3653.7,367.3,0.1538,0.1867,0.3441,1,1,0,0,0,0,none,3,3935.3
7fec891f513a,AD002654,town_centroid,town,1,-172.75833333333335,-551.7416666666667,0.1538,0.1867,0.3441,1,1,0,0,0,0,none,3,0.0
bc810c3d635f,AD002655,vendor_pin,street,1,-2872.2,-103.7,0.1667,0.1408,0.3182,0,1,0,0,0,0,street,3,2736.4
ef087bc13ec6,AD002655,town_centroid,town,1,-172.75833333333335,-551.7416666666667,0.1667,0.1408,0.3182,0,1,0,0,0,0,none,3,0.0
46e452769eb8,AD002655,prior_field_cluster,street,1,-2990.6,13.75,0.1667,0.1408,0.3182,0,1,0,0,0,0,none,3,2874.0
dcd4e1213af6,AD002656,vendor_pin,locality,1,-2485.8,1795.9,0.0833,0.1304,0.2857,0,1,0,0,0,0,locality,2,3295.7
2cd1d092c4ae,AD002656,town_centroid,town,1,-172.75833333333335,-551.7416666666667,0.0833,0.1304,0.2857,0,1,0,0,0,0,none,2,0.0
194785d4ee5c,AD002657,vendor_pin,locality,1,1421.0,-2053.7,0.2857,0.2093,0.3793,0,1,0,0,0,0,locality,2,2235.5
312772579211,AD002657,town_centroid,town,1,856.3249999999999,109.34166666666668,0.2857,0.2093,0.3793,0,1,0,0,0,0,none,2,0.0
d73667c83bb4,AD002658,vendor_pin,street,1,-1156.0,-798.4,0.2,0.1096,0.2326,1,1,0,0,0,0,street,3,1013.7
31f3dd7925b2,AD002658,locality_centroid,locality,1,-722.6,-522.8,0.2,0.1096,0.2326,1,1,0,0,0,0,none,3,550.6
08db51280e40,AD002658,town_centroid,town,1,-172.75833333333335,-551.7416666666667,0.2,0.1096,0.2326,1,1,0,0,0,0,none,3,0.0
033cbd11491e,AD002659,vendor_pin,locality,1,-813.6,-745.8,0.2,0.129,0.2703,1,1,0,0,0,0,locality,3,669.6
235c2772a83c,AD002659,locality_centroid,locality,1,-722.6,-522.8,0.2,0.129,0.2703,1,1,0,0,0,0,none,3,550.6
a0fd518a7cc3,AD002659,town_centroid,town,1,-172.75833333333335,-551.7416666666667,0.2,0.129,0.2703,1,1,0,0,0,0,none,3,0.0
ba48c74238b8,AD002660,vendor_pin,locality,1,-2227.1,-2292.9,0.2,0.1667,0.321,1,1,0,0,0,0,locality,3,2822.3
70bcf7d3194d,AD002660,locality_centroid,locality,1,-2195.4,-2378.6,0.2,0.1667,0.321,1,1,0,0,0,0,none,3,2853.5
7c196e8fab82,AD002660,town_centroid,town,1,-46.70000000000002,-500.9083333333333,0.2,0.1667,0.321,1,1,0,0,0,0,none,3,0.0
68ff405b9119,AD002661,vendor_pin,pincode,1,1702.3,-1422.6,0.1667,0.125,0.32,0,1,0,0,0,0,pincode,3,1750.0
14545530e649,AD002661,town_centroid,town,1,856.3249999999999,109.34166666666668,0.1667,0.125,0.32,0,1,0,0,0,0,none,3,0.0
d9988e1df15a,AD002661,prior_field_cluster,street,1,1761.5500000000002,-1740.0,0.1667,0.125,0.32,0,1,0,0,0,0,none,3,2059.0
716f786dc674,AD002662,vendor_pin,locality,1,-3880.3,-979.9,0.3,0.2381,0.4146,1,1,0,0,0,0,locality,3,3732.2
97b996e4c469,AD002662,locality_centroid,locality,1,-3766.2,-883.9,0.3,0.2381,0.4146,1,1,0,0,0,0,none,3,3608.8
93af6a2733cd,AD002662,town_centroid,town,1,-172.75833333333335,-551.7416666666667,0.3,0.2381,0.4146,1,1,0,0,0,0,none,3,0.0
0f3a160e56ce,AD002663,vendor_pin,locality,1,866.7,-2995.2,0.2857,0.1864,0.3171,1,1,0,0,0,0,locality,4,3104.6
eba9fea419ae,AD002663,locality_centroid,locality,1,688.3,-3007.0,0.2857,0.1864,0.3171,1,1,0,0,0,0,none,4,3120.9
69c5134db958,AD002663,town_centroid,town,1,856.3249999999999,109.34166666666668,0.2857,0.1864,0.3171,1,1,0,0,0,0,none,4,0.0
0f0aae56f30d,AD002663,prior_field_cluster,street,1,1589.7,-1884.0,0.2857,0.1864,0.3171,1,1,0,0,0,0,none,4,2124.0
4c56e4af72dd,AD002664,vendor_pin,street,1,1269.4,-2524.4,0.3333,0.2308,0.3667,1,1,0,0,0,0,street,4,2665.9
d583820bf2f2,AD002664,locality_centroid,locality,1,1577.4,-2059.5,0.3333,0.2308,0.3667,1,1,0,0,0,0,none,4,2285.6
5c96310934ce,AD002664,town_centroid,town,1,856.3249999999999,109.34166666666668,0.3333,0.2308,0.3667,1,1,0,0,0,0,none,4,0.0
8dd9eb030f06,AD002664,prior_field_cluster,street,1,1221.35,-2398.45,0.3333,0.2308,0.3667,1,1,0,0,0,0,none,4,2534.2
835a53804aaa,AD002665,vendor_pin,locality,1,-189.1,1309.2,0.25,0.1837,0.3188,1,1,0,0,0,0,locality,4,1591.4
57aa9307b9b5,AD002665,locality_centroid,locality,1,-200.6,1476.5,0.25,0.1837,0.3188,1,1,0,0,0,0,none,4,1728.1
041918a39819,AD002665,town_centroid,town,1,856.3249999999999,109.34166666666668,0.25,0.1837,0.3188,1,1,0,0,0,0,none,4,0.0
5056c84fcd59,AD002665,prior_field_cluster,street,1,-137.2,1123.0,0.25,0.1837,0.3188,1,1,0,0,0,0,none,4,1419.4
13276304c0cf,AD002666,vendor_pin,pincode,1,-1384.9,-1815.1,0.0,0.0635,0.1667,0,1,0,0,0,0,pincode,2,1750.8
98ae0857cdb7,AD002666,town_centroid,town,1,-172.75833333333335,-551.7416666666667,0.0,0.0635,0.1667,0,1,0,0,0,0,none,2,0.0
947e22f299e5,AD002667,vendor_pin,locality,1,-712.6,-467.2,0.2,0.1026,0.2222,1,1,0,0,0,0,locality,4,546.4
bcb17c0beb04,AD002667,locality_centroid,locality,1,-722.6,-522.8,0.2,0.1026,0.2222,1,1,0,0,0,0,none,4,550.6
9955f73814ae,AD002667,town_centroid,town,1,-172.75833333333335,-551.7416666666667,0.2,0.1026,0.2222,1,1,0,0,0,0,none,4,0.0
a44cc62264e8,AD002667,prior_field_cluster,street,1,-1281.8000000000002,-684.4,0.2,0.1026,0.2222,1,1,0,0,0,0,none,4,1116.9
a537d1239d70,AD002668,vendor_pin,locality,1,-1505.5,387.7,0.1111,0.0952,0.274,0,1,0,0,0,0,locality,2,1708.1
d2e18eab459d,AD002668,town_centroid,town,1,-46.70000000000002,-500.9083333333333,0.1111,0.0952,0.274,0,1,0,0,0,0,none,2,0.0
e870c7c5ed98,AD002669,vendor_pin,pincode,1,-644.7,237.6,0.3333,0.3125,0.6154,0,0,0,1,1,0,pincode,3,1506.5
f28c2ad5beed,AD002669,town_centroid,town,1,856.3249999999999,109.34166666666668,0.3333,0.3125,0.6154,0,0,0,1,1,0,none,3,0.0
0d77c493469b,AD002669,prior_field_cluster,street,1,704.4,2609.3999999999996,0.3333,0.3125,0.6154,0,0,0,1,1,0,none,3,2504.7
b439d1fff380,AD002670,vendor_pin,locality,1,2333.0,1574.9,0.25,0.1429,0.2857,1,1,0,0,0,0,locality,4,2080.5
3823a37f147d,AD002670,locality_centroid,locality,1,2308.9,1849.5,0.25,0.1429,0.2857,1,1,0,0,0,0,none,4,2266.7
d96804b15bc3,AD002670,town_centroid,town,1,856.3249999999999,109.34166666666668,0.25,0.1429,0.2857,1,1,0,0,0,0,none,4,0.0
786afb3a1207,AD002670,prior_field_cluster,street,1,3149.2,182.1,0.25,0.1429,0.2857,1,1,0,0,0,0,none,4,2294.0
eb48b28f0f1a,AD002671,vendor_pin,street,1,-300.2,1173.6,0.25,0.1875,0.3235,1,1,0,0,0,0,street,3,1571.7
7d53a10b6967,AD002671,locality_centroid,locality,1,-200.6,1476.5,0.25,0.1875,0.3235,1,1,0,0,0,0,none,3,1728.1
3df0e259f9b7,AD002671,town_centroid,town,1,856.3249999999999,109.34166666666668,0.25,0.1875,0.3235,1,1,0,0,0,0,none,3,0.0
df20dd1ea2d2,AD002672,vendor_pin,locality,1,2314.7,1011.9,0.0909,0.127,0.2857,0,1,0,0,0,0,locality,2,2804.4
430094e37ac3,AD002672,town_centroid,town,1,-46.70000000000002,-500.9083333333333,0.0909,0.127,0.2857,0,1,0,0,0,0,none,2,0.0
ed91147e8387,AD002673,vendor_pin,locality,1,2778.0,-2164.2,0.1818,0.1493,0.2927,1,1,0,0,0,0,locality,4,3278.0
e134849d0225,AD002673,locality_centroid,locality,1,2735.1,-2128.6,0.1818,0.1493,0.2927,1,1,0,0,0,0,none,4,3223.0
dbba9c2192ef,AD002673,town_centroid,town,1,-46.70000000000002,-500.9083333333333,0.1818,0.1493,0.2927,1,1,0,0,0,0,none,4,0.0
dabc58242a5d,AD002673,prior_field_cluster,street,1,2611.1,-2323.75,0.1818,0.1493,0.2927,1,1,0,0,0,0,none,4,3222.8
e5a72c841966,AD002674,vendor_pin,pincode,1,-1639.8,-541.6,0.0,0.0588,0.1579,0,1,0,0,0,0,pincode,2,1467.1
bd342d4fc96c,AD002674,town_centroid,town,1,-172.75833333333335,-551.7416666666667,0.0,0.0588,0.1579,0,1,0,0,0,0,none,2,0.0
7f64e79dd105,AD002675,vendor_pin,locality,1,-530.8,3336.5,0.1667,0.1625,0.3061,1,1,0,0,0,0,locality,4,3904.7
bc2b8a5e62f5,AD002675,locality_centroid,locality,1,-438.3,3208.9,0.1667,0.1625,0.3061,1,1,0,0,0,0,none,4,3770.0
f98499f79edc,AD002675,town_centroid,town,1,-172.75833333333335,-551.7416666666667,0.1667,0.1625,0.3061,1,1,0,0,0,0,none,4,0.0
bc6bc347f0da,AD002675,prior_field_cluster,street,1,-672.7,3200.4,0.1667,0.1625,0.3061,1,1,0,0,0,0,none,4,3785.3
066d76948e8b,AD002676,vendor_pin,locality,1,3852.9,417.2,0.1429,0.175,0.32,1,1,0,0,0,0,locality,4,4140.6
3d954c9503d9,AD002676,locality_centroid,locality,1,3653.7,367.3,0.1429,0.175,0.32,1,1,0,0,0,0,none,4,3935.3
a7af70e2d16d,AD002676,town_centroid,town,1,-172.75833333333335,-551.7416666666667,0.1429,0.175,0.32,1,1,0,0,0,0,none,4,0.0
8205e5856448,AD002676,prior_field_cluster,street,1,3671.3,471.6,0.1429,0.175,0.32,1,1,0,0,0,0,none,4,3977.9
b10ee7c1a1a2,AD002678,vendor_pin,locality,1,-3729.3,-765.3,0.1429,0.1412,0.2941,0,1,0,0,0,0,locality,2,3562.9
aebd104f1793,AD002678,town_centroid,town,1,-172.75833333333335,-551.7416666666667,0.1429,0.1412,0.2941,0,1,0,0,0,0,none,2,0.0
e7949119c7ce,AD002680,vendor_pin,pincode,1,-2011.6,-1639.1,0.0,0.0635,0.169,0,1,0,0,0,0,pincode,2,2136.3
0cde420f9d36,AD002680,town_centroid,town,1,-172.75833333333335,-551.7416666666667,0.0,0.0635,0.169,0,1,0,0,0,0,none,2,0.0
687e36b269f9,AD002681,vendor_pin,locality,1,2971.3,-2135.6,0.2222,0.1818,0.3478,1,1,0,0,0,0,locality,3,3432.3
2484b14a1768,AD002681,locality_centroid,locality,1,2735.1,-2128.6,0.2222,0.1818,0.3478,1,1,0,0,0,0,none,3,3223.0
c8fca0b7b0da,AD002681,town_centroid,town,1,-46.70000000000002,-500.9083333333333,0.2222,0.1818,0.3478,1,1,0,0,0,0,none,3,0.0
95352d8dc930,AD002682,vendor_pin,street,1,628.8,2447.7,0.2,0.1667,0.32,1,0,0,0,1,0,street,3,2349.4
1f3e94a6da63,AD002682,locality_centroid,locality,1,986.3,2772.6,0.2,0.1667,0.32,1,0,0,0,1,0,none,3,2666.4
72e97adcf08f,AD002682,town_centroid,town,1,856.3249999999999,109.34166666666668,0.2,0.1667,0.32,1,0,0,0,1,0,none,3,0.0
d907f3594ce2,AD002683,vendor_pin,street,1,1245.4,-2638.1,0.0909,0.1404,0.3099,0,1,0,0,0,0,street,2,2497.4
686da5ebdc92,AD002683,town_centroid,town,1,-46.70000000000002,-500.9083333333333,0.0909,0.1404,0.3099,0,1,0,0,0,0,none,2,0.0
e1790e47c5b6,AD002684,vendor_pin,locality,1,-2640.1,-224.6,0.1429,0.1282,0.3043,0,1,0,0,0,0,locality,2,2488.9
19a7b9034dd2,AD002684,town_centroid,town,1,-172.75833333333335,-551.7416666666667,0.1429,0.1282,0.3043,0,1,0,0,0,0,none,2,0.0
6435b2b4ec60,AD002685,vendor_pin,locality,1,3770.2,527.7,0.1818,0.1972,0.3596,1,1,0,0,0,0,locality,4,4088.0
ec18803f99d5,AD002685,locality_centroid,locality,1,3653.7,367.3,0.1818,0.1972,0.3596,1,1,0,0,0,0,none,4,3935.3
0265aa0676f9,AD002685,town_centroid,town,1,-172.75833333333335,-551.7416666666667,0.1818,0.1972,0.3596,1,1,0,0,0,0,none,4,0.0
7d70586ef98e,AD002685,prior_field_cluster,street,1,211.70000000000005,-145.70000000000002,0.1818,0.1972,0.3596,1,1,0,0,0,0,none,4,559.2
cd7d32442f97,AD002687,vendor_pin,locality,1,119.1,2325.9,0.0714,0.1136,0.3019,0,1,0,0,0,0,locality,2,2831.7
26b1ab683328,AD002687,town_centroid,town,1,-46.70000000000002,-500.9083333333333,0.0714,0.1136,0.3019,0,1,0,0,0,0,none,2,0.0
53ad0e839b1c,AD002688,vendor_pin,locality,1,1684.2,-2222.0,0.2222,0.1429,0.2683,1,1,0,0,0,0,locality,4,2474.0
8113f0550f68,AD002688,locality_centroid,locality,1,1577.4,-2059.5,0.2222,0.1429,0.2683,1,1,0,0,0,0,none,4,2285.6
1b31b48d64e6,AD002688,town_centroid,town,1,856.3249999999999,109.34166666666668,0.2222,0.1429,0.2683,1,1,0,0,0,0,none,4,0.0
610936c8cbdb,AD002688,prior_field_cluster,street,1,1782.2,-2311.2,0.2222,0.1429,0.2683,1,1,0,0,0,0,none,4,2591.6
b45818bff8fc,AD002689,vendor_pin,locality,1,-1503.8,-2731.9,0.125,0.2083,0.3939,0,0,0,0,1,0,locality,2,3693.6
8ebcda32c706,AD002689,town_centroid,town,1,856.3249999999999,109.34166666666668,0.125,0.2083,0.3939,0,0,0,0,1,0,none,2,0.0
e4fedbe8db76,AD002690,vendor_pin,locality,1,1586.3,-2035.8,0.4,0.3,0.449,1,1,0,0,0,0,locality,4,2265.9
0fd8585dd86f,AD002690,locality_centroid,locality,1,1577.4,-2059.5,0.4,0.3,0.449,1,1,0,0,0,0,none,4,2285.6
554a9babd83a,AD002690,town_centroid,town,1,856.3249999999999,109.34166666666668,0.4,0.3,0.449,1,1,0,0,0,0,none,4,0.0
c53ab70ab4c5,AD002690,prior_field_cluster,street,1,1608.9,-2069.7,0.4,0.3,0.449,1,1,0,0,0,0,none,4,2305.3
8f338effc0b6,AD002691,vendor_pin,pincode,1,1530.8,-2072.1,0.0,0.0147,0.1351,0,1,0,0,0,0,pincode,3,2226.5
622dcbd46c70,AD002691,town_centroid,town,1,-46.70000000000002,-500.9083333333333,0.0,0.0147,0.1351,0,1,0,0,0,0,none,3,0.0
5269f0e0eabe,AD002691,prior_field_cluster,street,1,3168.1,-2093.7,0.0,0.0147,0.1351,0,1,0,0,0,0,none,3,3587.7
9db3d717d2d6,AD002692,vendor_pin,locality,1,-449.5,-3593.8,0.2222,0.1791,0.3373,1,0,0,0,0,0,locality,3,3054.6
e4cf2a046672,AD002692,locality_centroid,locality,1,-433.5,-3467.4,0.2222,0.1791,0.3373,1,0,0,0,0,0,none,3,2927.3
58e38c402eeb,AD002692,town_centroid,town,1,-172.75833333333335,-551.7416666666667,0.2222,0.1791,0.3373,1,0,0,0,0,0,none,3,0.0
85875350efec,AD002693,vendor_pin,locality,1,-709.9,-605.1,0.1818,0.1618,0.3023,1,1,0,0,0,0,locality,3,1721.5
9de6d126fde8,AD002693,locality_centroid,locality,1,-533.7,-484.7,0.1818,0.1618,0.3023,1,1,0,0,0,0,none,3,1511.6
9a9c711c6519,AD002693,town_centroid,town,1,856.3249999999999,109.34166666666668,0.1818,0.1618,0.3023,1,1,0,0,0,0,none,3,0.0
92f8f02ac299,AD002694,vendor_pin,pincode,1,2034.3,-1244.0,0.1111,0.0893,0.2424,0,1,0,0,0,0,pincode,2,1794.2
8be96829e66b,AD002694,town_centroid,town,1,856.3249999999999,109.34166666666668,0.1111,0.0893,0.2424,0,1,0,0,0,0,none,2,0.0
a05ab44b058c,AD002695,vendor_pin,street,1,2913.7,798.0,0.2857,0.2174,0.3871,1,1,0,0,0,0,street,3,2169.6
87d668f4ef80,AD002695,locality_centroid,locality,1,3029.6,575.7,0.2857,0.2174,0.3871,1,1,0,0,0,0,none,3,2222.7
4cece5a910e1,AD002695,town_centroid,town,1,856.3249999999999,109.34166666666668,0.2857,0.2174,0.3871,1,1,0,0,0,0,none,3,0.0
e6d021af9148,AD002696,vendor_pin,locality,1,-2450.9,1695.3,0.0,0.0845,0.2963,0,1,0,0,0,0,locality,3,3199.9
cba3dd23a943,AD002696,town_centroid,town,1,-172.75833333333335,-551.7416666666667,0.0,0.0845,0.2963,0,1,0,0,0,0,none,3,0.0
941c71060fd6,AD002696,prior_field_cluster,street,1,-2524.1,1177.55,0.0,0.0845,0.2963,0,1,0,0,0,0,none,3,2918.8
fa5f2f91e8a5,AD002697,vendor_pin,locality,1,329.7,1956.8,0.25,0.2258,0.4146,1,1,0,0,0,0,locality,3,2486.4
46fc6363e8b4,AD002697,locality_centroid,locality,1,290.7,2335.2,0.25,0.2258,0.4146,1,1,0,0,0,0,none,3,2856.1
93d457983786,AD002697,town_centroid,town,1,-46.70000000000002,-500.9083333333333,0.25,0.2258,0.4146,1,1,0,0,0,0,none,3,0.0
4204340a896e,AD002698,vendor_pin,street,1,-1811.8,1977.4,0.0909,0.1525,0.3288,0,1,0,0,0,0,street,2,3042.6
eabce450aac2,AD002698,town_centroid,town,1,-46.70000000000002,-500.9083333333333,0.0909,0.1525,0.3288,0,1,0,0,0,0,none,2,0.0
4972eb1a752a,AD002699,vendor_pin,locality,1,1179.7,-109.2,0.125,0.1538,0.3692,0,1,0,0,0,0,locality,2,390.3
61b055d9a3ca,AD002699,town_centroid,town,1,856.3249999999999,109.34166666666668,0.125,0.1538,0.3692,0,1,0,0,0,0,none,2,0.0
04b46a357778,AD002700,vendor_pin,street,1,-1507.7,-2069.7,0.0667,0.1023,0.2574,0,1,0,0,0,0,street,2,2021.5
6d2280bbfe81,AD002700,town_centroid,town,1,-172.75833333333335,-551.7416666666667,0.0667,0.1023,0.2574,0,1,0,0,0,0,none,2,0.0
41d1b24e82e1,AD002701,vendor_pin,pincode,1,1561.1,1421.1,0.1111,0.0962,0.254,0,1,0,0,0,0,pincode,3,1489.1
49c9004e1186,AD002701,town_centroid,town,1,856.3249999999999,109.34166666666668,0.1111,0.0962,0.254,0,1,0,0,0,0,none,3,0.0
1464c09f42cc,AD002701,prior_field_cluster,street,1,801.5,2952.5,0.1111,0.0962,0.254,0,1,0,0,0,0,none,3,2843.7
e093c34ef20b,AD002702,vendor_pin,locality,1,969.8,-3309.1,0.1667,0.1486,0.2826,1,1,0,0,0,0,locality,3,3420.3
b332f24c83df,AD002702,locality_centroid,locality,1,688.3,-3007.0,0.1667,0.1486,0.2826,1,1,0,0,0,0,none,3,3120.9
4947697c1f7f,AD002702,town_centroid,town,1,856.3249999999999,109.34166666666668,0.1667,0.1486,0.2826,1,1,0,0,0,0,none,3,0.0
0f3019fb224b,AD002703,vendor_pin,street,1,326.1,-3245.2,0.25,0.2,0.3421,1,1,0,0,0,0,street,3,3396.2
e36533f217e2,AD002703,locality_centroid,locality,1,688.3,-3007.0,0.25,0.2,0.3421,1,1,0,0,0,0,none,3,3120.9
cdf94b34863e,AD002703,town_centroid,town,1,856.3249999999999,109.34166666666668,0.25,0.2,0.3421,1,1,0,0,0,0,none,3,0.0
a406f9e681d7,AD002704,vendor_pin,locality,1,1104.7,-145.2,0.1818,0.1392,0.2766,1,1,0,0,0,0,locality,3,355.6
ae4133f8cb36,AD002704,locality_centroid,locality,1,1046.9,-2.6,0.1818,0.1392,0.2766,1,1,0,0,0,0,none,3,221.0
ec01a6a1d3eb,AD002704,town_centroid,town,1,856.3249999999999,109.34166666666668,0.1818,0.1392,0.2766,1,1,0,0,0,0,none,3,0.0
c6197d656a57,AD002705,vendor_pin,locality,1,-517.6,2993.4,0.3333,0.2857,0.4375,1,0,0,0,0,0,locality,3,3194.6
cda14a68343b,AD002705,locality_centroid,locality,1,-603.5,2996.1,0.3333,0.2857,0.4375,1,0,0,0,0,0,none,3,3234.9
2b3c323a26fa,AD002705,town_centroid,town,1,856.3249999999999,109.34166666666668,0.3333,0.2857,0.4375,1,0,0,0,0,0,none,3,0.0
420ccbd4ad51,AD002706,vendor_pin,locality,1,1110.7,-504.3,0.25,0.2222,0.3944,1,1,0,0,0,0,locality,3,1157.4
cea073724570,AD002706,locality_centroid,locality,1,1112.8,-196.7,0.25,0.2222,0.3944,1,1,0,0,0,0,none,3,1198.7
374d53a57972,AD002706,town_centroid,town,1,-46.70000000000002,-500.9083333333333,0.25,0.2222,0.3944,1,1,0,0,0,0,none,3,0.0
cfac07461c12,AD002707,vendor_pin,pincode,1,1828.4,-1468.4,0.0,0.0161,0.1791,0,1,0,0,0,0,pincode,3,2110.0
f80992d370ab,AD002707,town_centroid,town,1,-46.70000000000002,-500.9083333333333,0.0,0.0161,0.1791,0,1,0,0,0,0,none,3,0.0
944a16b7e152,AD002707,prior_field_cluster,street,1,2453.6000000000004,-2349.8500000000004,0.0,0.0161,0.1791,0,1,0,0,0,0,none,3,3109.7
29553b691a78,AD002708,vendor_pin,locality,1,-729.0,-449.6,0.1818,0.1081,0.2326,1,1,0,0,0,0,locality,4,565.5
395b4b3da339,AD002708,locality_centroid,locality,1,-722.6,-522.8,0.1818,0.1081,0.2326,1,1,0,0,0,0,none,4,550.6
279bf97324f8,AD002708,town_centroid,town,1,-172.75833333333335,-551.7416666666667,0.1818,0.1081,0.2326,1,1,0,0,0,0,none,4,0.0
532776e777bc,AD002708,prior_field_cluster,street,1,-1221.5500000000002,-614.1500000000001,0.1818,0.1081,0.2326,1,1,0,0,0,0,none,4,1050.6
867f46e23db2,AD002709,vendor_pin,street,1,2384.7,-2311.3,0.1818,0.1449,0.2857,1,1,0,0,0,0,street,3,3031.4
301c9f5ea418,AD002709,locality_centroid,locality,1,2735.1,-2128.6,0.1818,0.1449,0.2857,1,1,0,0,0,0,none,3,3223.0
b31f4be608fa,AD002709,town_centroid,town,1,-46.70000000000002,-500.9083333333333,0.1818,0.1449,0.2857,1,1,0,0,0,0,none,3,0.0
94e41ace9c08,AD002710,vendor_pin,locality,1,-1244.3,-1839.3,0.1538,0.1481,0.2887,1,1,0,0,0,0,locality,3,1675.1
88721e816644,AD002710,locality_centroid,locality,1,-1112.2,-1888.2,0.1538,0.1481,0.2887,1,1,0,0,0,0,none,3,1633.6
fb5d0a566b78,AD002710,town_centroid,town,1,-172.75833333333335,-551.7416666666667,0.1538,0.1481,0.2887,1,1,0,0,0,0,none,3,0.0
5b932c871761,AD002711,vendor_pin,locality,1,671.8,-3065.4,0.1667,0.1333,0.2609,1,1,0,0,0,0,locality,4,2663.2
db62e50e7b8f,AD002711,locality_centroid,locality,1,665.2,-3094.2,0.1667,0.1333,0.2609,1,1,0,0,0,0,none,4,2689.2
9a26bca252e9,AD002711,town_centroid,town,1,-46.70000000000002,-500.9083333333333,0.1667,0.1333,0.2609,1,1,0,0,0,0,none,4,0.0
318f04ca7773,AD002711,prior_field_cluster,street,1,1301.9,-3248.4,0.1667,0.1333,0.2609,1,1,0,0,0,0,none,4,3060.6
4b3922eeb176,AD002712,vendor_pin,locality,1,-281.3,-3399.6,0.1667,0.1463,0.2828,1,1,0,0,0,0,locality,4,2849.9
65dac6bea791,AD002712,locality_centroid,locality,1,-433.5,-3467.4,0.1667,0.1463,0.2828,1,1,0,0,0,0,none,4,2927.3
bb4f51db1d14,AD002712,town_centroid,town,1,-172.75833333333335,-551.7416666666667,0.1667,0.1463,0.2828,1,1,0,0,0,0,none,4,0.0
c43be9973b27,AD002712,prior_field_cluster,street,1,-745.5,-3732.6,0.1667,0.1463,0.2828,1,1,0,0,0,0,none,4,3232.0
f75571b531f3,AD002713,vendor_pin,locality,1,-2522.1,-154.3,0.25,0.2308,0.4412,0,0,0,0,0,0,locality,2,2382.7
490e1773d084,AD002713,town_centroid,town,1,-172.75833333333335,-551.7416666666667,0.25,0.2308,0.4412,0,0,0,0,0,0,none,2,0.0
1519c2d40aee,AD002714,vendor_pin,locality,1,3095.0,-1966.2,0.25,0.1852,0.3529,1,1,0,0,0,0,locality,3,3560.7
87a24f5405a7,AD002714,locality_centroid,locality,1,3188.8,-1960.7,0.25,0.1852,0.3529,1,1,0,0,0,0,none,3,3644.9
9a9637683cbb,AD002714,town_centroid,town,1,-172.75833333333335,-551.7416666666667,0.25,0.1852,0.3529,1,1,0,0,0,0,none,3,0.0
078196ef8e19,AD002715,vendor_pin,locality,1,587.3,-3000.1,0.1818,0.1587,0.2927,1,0,0,0,0,0,locality,3,2578.4
06ef00885473,AD002715,locality_centroid,locality,1,665.2,-3094.2,0.1818,0.1587,0.2927,1,0,0,0,0,0,none,3,2689.2
66daad710bc0,AD002715,town_centroid,town,1,-46.70000000000002,-500.9083333333333,0.1818,0.1587,0.2927,1,0,0,0,0,0,none,3,0.0
1f8e7687d768,AD002716,vendor_pin,pincode,1,-1166.5,-2153.3,0.125,0.1,0.2667,0,1,0,0,0,0,pincode,2,3035.0
226d94b8f615,AD002716,town_centroid,town,1,856.3249999999999,109.34166666666668,0.125,0.1,0.2667,0,1,0,0,0,0,none,2,0.0
22ccd0b21c6c,AD002717,vendor_pin,locality,1,2512.3,-1035.3,0.125,0.225,0.4074,0,1,0,0,0,0,locality,2,2013.1
67bb967369b9,AD002717,town_centroid,town,1,856.3249999999999,109.34166666666668,0.125,0.225,0.4074,0,1,0,0,0,0,none,2,0.0
baaf079e536c,AD002718,vendor_pin,locality,1,-335.5,3119.5,0.25,0.2281,0.4054,1,1,0,0,0,0,locality,3,3674.8
52f73694156e,AD002718,locality_centroid,locality,1,-438.3,3208.9,0.25,0.2281,0.4054,1,1,0,0,0,0,none,3,3770.0
3c10dc5b1a5a,AD002718,town_centroid,town,1,-172.75833333333335,-551.7416666666667,0.25,0.2281,0.4054,1,1,0,0,0,0,none,3,0.0
37fe3a453e25,AD002719,vendor_pin,locality,1,-730.6,-469.9,0.2,0.1692,0.3095,1,1,0,0,0,0,locality,4,1689.3
ff3bc503dd88,AD002719,locality_centroid,locality,1,-533.7,-484.7,0.2,0.1692,0.3095,1,1,0,0,0,0,none,4,1511.6
825cf7336dc4,AD002719,town_centroid,town,1,856.3249999999999,109.34166666666668,0.2,0.1692,0.3095,1,1,0,0,0,0,none,4,0.0
1760b49e1496,AD002719,prior_field_cluster,street,1,-706.7,-418.6,0.2,0.1692,0.3095,1,1,0,0,0,0,none,4,1649.8
c1dbf3d83ceb,AD002720,vendor_pin,locality,1,-212.0,-3435.4,0.2857,0.2609,0.4444,1,1,0,0,0,0,locality,4,2883.9
6ae36996a8ac,AD002720,locality_centroid,locality,1,-433.5,-3467.4,0.2857,0.2609,0.4444,1,1,0,0,0,0,none,4,2927.3
50c2b33b10d7,AD002720,town_centroid,town,1,-172.75833333333335,-551.7416666666667,0.2857,0.2609,0.4444,1,1,0,0,0,0,none,4,0.0
3d6a0ab343f0,AD002720,prior_field_cluster,street,1,-767.65,-3605.9,0.2857,0.2609,0.4444,1,1,0,0,0,0,none,4,3111.6
87b28558ed5f,AD002721,vendor_pin,locality,1,-1990.6,2387.0,0.1667,0.1507,0.2889,1,1,0,0,0,0,locality,3,3481.2
0dcbaa626a55,AD002721,locality_centroid,locality,1,-1885.4,2441.1,0.1667,0.1507,0.2889,1,1,0,0,0,0,none,3,3469.3
ccc4da8cc5eb,AD002721,town_centroid,town,1,-46.70000000000002,-500.9083333333333,0.1667,0.1507,0.2889,1,1,0,0,0,0,none,3,0.0
1db1e8662f63,AD002722,vendor_pin,pincode,1,-1648.5,-1277.0,0.0,0.0635,0.1972,0,1,0,0,0,0,pincode,3,1644.3
c9785ea7aaa2,AD002722,town_centroid,town,1,-172.75833333333335,-551.7416666666667,0.0,0.0635,0.1972,0,1,0,0,0,0,none,3,0.0
5def159d6935,AD002722,prior_field_cluster,street,1,-730.1,-3768.2,0.0,0.0635,0.1972,0,1,0,0,0,0,none,3,3264.4
3752d4f0697a,AD002723,vendor_pin,locality,1,-1645.4,-2714.3,0.3333,0.2683,0.4062,1,1,0,0,0,0,locality,4,3772.5
3c031bbf92bd,AD002723,locality_centroid,locality,1,-1600.3,-2801.9,0.3333,0.2683,0.4062,1,1,0,0,0,0,none,4,3809.2
e455436f3c9a,AD002723,town_centroid,town,1,856.3249999999999,109.34166666666668,0.3333,0.2683,0.4062,1,1,0,0,0,0,none,4,0.0
019ae8e70901,AD002723,prior_field_cluster,street,1,-1185.5,-2718.2,0.3333,0.2683,0.4062,1,1,0,0,0,0,none,4,3487.7
bcd05e991b60,AD002724,vendor_pin,street,1,-2026.5,-3186.5,0.2,0.1803,0.3095,1,1,0,0,0,0,street,3,4378.7
baebf21cb6e9,AD002724,locality_centroid,locality,1,-1600.3,-2801.9,0.2,0.1803,0.3095,1,1,0,0,0,0,none,3,3809.2
8c6737e15bc3,AD002724,town_centroid,town,1,856.3249999999999,109.34166666666668,0.2,0.1803,0.3095,1,1,0,0,0,0,none,3,0.0
825a16b1678b,AD002725,vendor_pin,locality,1,748.1,2560.2,0.2222,0.1724,0.3288,1,1,0,0,0,0,locality,3,2453.2
cd16136616e7,AD002725,locality_centroid,locality,1,986.3,2772.6,0.2222,0.1724,0.3288,1,1,0,0,0,0,none,3,2666.4
0356b4648a47,AD002725,town_centroid,town,1,856.3249999999999,109.34166666666668,0.2222,0.1724,0.3288,1,1,0,0,0,0,none,3,0.0
30b7941fb878,AD002726,vendor_pin,locality,1,987.2,1171.2,0.2222,0.1786,0.3333,1,1,0,0,0,0,locality,3,1069.9
1cc2701178a2,AD002726,locality_centroid,locality,1,987.4,1270.5,0.2222,0.1786,0.3333,1,1,0,0,0,0,none,3,1168.5
03b898deeeb5,AD002726,town_centroid,town,1,856.3249999999999,109.34166666666668,0.2222,0.1786,0.3333,1,1,0,0,0,0,none,3,0.0
a48dcc7746eb,AD002727,vendor_pin,locality,1,1099.0,-358.9,0.1818,0.1622,0.3111,1,0,0,0,0,0,locality,3,1154.5
c702dcf5d7de,AD002727,locality_centroid,locality,1,1112.8,-196.7,0.1818,0.1622,0.3111,1,0,0,0,0,0,none,3,1198.7
208e98f3a14c,AD002727,town_centroid,town,1,-46.70000000000002,-500.9083333333333,0.1818,0.1622,0.3111,1,0,0,0,0,0,none,3,0.0
04d551f92e24,AD002728,vendor_pin,locality,1,703.2,2447.5,0.2,0.1493,0.2927,1,1,0,0,0,0,locality,4,2343.2
1f60e0b5ccab,AD002728,locality_centroid,locality,1,986.3,2772.6,0.2,0.1493,0.2927,1,1,0,0,0,0,none,4,2666.4
79379f4b543f,AD002728,town_centroid,town,1,856.3249999999999,109.34166666666668,0.2,0.1493,0.2927,1,1,0,0,0,0,none,4,0.0
b9ff5c0561cb,AD002728,prior_field_cluster,street,1,774.9,3034.25,0.2,0.1493,0.2927,1,1,0,0,0,0,none,4,2926.0
ca9f693326b9,AD002729,vendor_pin,locality,1,277.1,2254.7,0.2,0.2414,0.4304,1,1,0,0,0,0,locality,3,2774.6
7c5128d35ecd,AD002729,locality_centroid,locality,1,290.7,2335.2,0.2,0.2414,0.4304,1,1,0,0,0,0,none,3,2856.1
7f9525793e9c,AD002729,town_centroid,town,1,-46.70000000000002,-500.9083333333333,0.2,0.2414,0.4304,1,1,0,0,0,0,none,3,0.0
447362d9ce9b,AD002730,vendor_pin,pincode,1,2532.8,-1783.0,0.0,0.0678,0.209,0,1,0,0,0,0,pincode,3,2972.5
6ec0a28a5258,AD002730,town_centroid,town,1,-172.75833333333335,-551.7416666666667,0.0,0.0678,0.209,0,1,0,0,0,0,none,3,0.0
df260fdfbfed,AD002730,prior_field_cluster,street,1,1286.5,688.5,0.0,0.0678,0.209,0,1,0,0,0,0,none,3,1915.1
f4eb532d0c78,AD002731,vendor_pin,street,1,936.4,1635.1,0.2857,0.234,0.4062,1,1,0,0,0,0,street,4,2452.0
ebf9d8083082,AD002731,locality_centroid,locality,1,524.3,1610.0,0.2857,0.234,0.4062,1,1,0,0,0,0,none,4,2271.3
702111b59422,AD002731,town_centroid,town,1,-172.75833333333335,-551.7416666666667,0.2857,0.234,0.4062,1,1,0,0,0,0,none,4,0.0
8c4592365f20,AD002731,prior_field_cluster,street,1,850.8,1601.3,0.2857,0.234,0.4062,1,1,0,0,0,0,none,4,2384.0
a671a64061cf,AD002732,vendor_pin,locality,1,-155.0,1510.3,0.25,0.1636,0.2933,1,1,0,0,0,0,locality,3,1727.8
efe6c6b71d1c,AD002732,locality_centroid,locality,1,-200.6,1476.5,0.25,0.1636,0.2933,1,1,0,0,0,0,none,3,1728.1
77aefd7852a1,AD002732,town_centroid,town,1,856.3249999999999,109.34166666666668,0.25,0.1636,0.2933,1,1,0,0,0,0,none,3,0.0
ba1dba3b2b6e,AD002733,vendor_pin,locality,1,790.6,2881.0,0.2,0.1724,0.3243,1,1,0,0,0,0,locality,3,2772.4
da34e6d3c7e8,AD002733,locality_centroid,locality,1,986.3,2772.6,0.2,0.1724,0.3243,1,1,0,0,0,0,none,3,2666.4
2cf80f4bd1a6,AD002733,town_centroid,town,1,856.3249999999999,109.34166666666668,0.2,0.1724,0.3243,1,1,0,0,0,0,none,3,0.0
96c3f1883e35,AD002734,vendor_pin,locality,1,1033.1,2638.9,0.2,0.1562,0.3,1,1,1,0,0,0,locality,3,2535.7
5ef866106491,AD002734,locality_centroid,locality,1,986.3,2772.6,0.2,0.1562,0.3,1,1,1,0,0,0,none,3,2666.4
4a6c54dffbad,AD002734,town_centroid,town,1,856.3249999999999,109.34166666666668,0.2,0.1562,0.3,1,1,1,0,0,0,none,3,0.0
6b519193ed45,AD002735,vendor_pin,locality,1,3846.1,241.0,0.2,0.2295,0.4,1,1,0,0,0,0,locality,4,4096.3
4020c1112380,AD002735,locality_centroid,locality,1,3653.7,367.3,0.2,0.2295,0.4,1,1,0,0,0,0,none,4,3935.3
64324cb47924,AD002735,town_centroid,town,1,-172.75833333333335,-551.7416666666667,0.2,0.2295,0.4,1,1,0,0,0,0,none,4,0.0
44e82eb8f742,AD002735,prior_field_cluster,street,1,3620.55,49.75,0.2,0.2295,0.4,1,1,0,0,0,0,none,4,3840.7
36be4cfb048b,AD002736,vendor_pin,locality,1,1105.5,-3758.9,0.2,0.1304,0.2558,1,1,0,0,0,0,locality,3,3452.5
d82abd731b78,AD002736,locality_centroid,locality,1,1155.3,-3613.0,0.2,0.1304,0.2558,1,1,0,0,0,0,none,3,3336.9
60bec671355c,AD002736,town_centroid,town,1,-172.75833333333335,-551.7416666666667,0.2,0.1304,0.2558,1,1,0,0,0,0,none,3,0.0
0668303b8f25,AD002737,vendor_pin,locality,1,3779.9,229.8,0.2222,0.2745,0.4638,1,1,0,0,0,0,locality,4,4029.2
3b9d5e61f844,AD002737,locality_centroid,locality,1,3653.7,367.3,0.2222,0.2745,0.4638,1,1,0,0,0,0,none,4,3935.3
a3cae5eca686,AD002737,town_centroid,town,1,-172.75833333333335,-551.7416666666667,0.2222,0.2745,0.4638,1,1,0,0,0,0,none,4,0.0
aa9e67cccdcf,AD002737,prior_field_cluster,street,1,3599.8,168.64999999999998,0.2222,0.2745,0.4638,1,1,0,0,0,0,none,4,3840.7
9733eaafea0a,AD002738,vendor_pin,locality,1,-1224.4,581.1,0.0769,0.075,0.2174,0,1,0,0,0,0,locality,2,1599.3
f3c70e2fd15f,AD002738,town_centroid,town,1,-46.70000000000002,-500.9083333333333,0.0769,0.075,0.2174,0,1,0,0,0,0,none,2,0.0
16e867c9632b,AD002739,vendor_pin,locality,1,1011.9,-773.8,0.1818,0.1688,0.3158,1,1,0,0,0,0,locality,3,1205.3
24e77465cb1f,AD002739,locality_centroid,locality,1,929.4,-822.2,0.1818,0.1688,0.3158,1,1,0,0,0,0,none,3,1134.9
b250febfcb1f,AD002739,town_centroid,town,1,-172.75833333333335,-551.7416666666667,0.1818,0.1688,0.3158,1,1,0,0,0,0,none,3,0.0
400a8cec564a,AD002740,vendor_pin,locality,1,-3082.3,1063.6,0.1,0.1852,0.3768,0,1,0,0,0,0,locality,2,3415.0
73214bc2ee9c,AD002740,town_centroid,town,1,-46.70000000000002,-500.9083333333333,0.1,0.1852,0.3768,0,1,0,0,0,0,none,2,0.0
c9dab3b6c5e6,AD002741,vendor_pin,locality,1,876.4,-75.0,0.1818,0.1719,0.321,1,1,0,0,0,0,locality,3,185.4
519d881659ea,AD002741,locality_centroid,locality,1,1046.9,-2.6,0.1818,0.1719,0.321,1,1,0,0,0,0,none,3,221.0
ffa6c46a261a,AD002741,town_centroid,town,1,856.3249999999999,109.34166666666668,0.1818,0.1719,0.321,1,1,0,0,0,0,none,3,0.0
824e499c9708,AD002742,vendor_pin,locality,1,484.3,-3012.0,0.2,0.1618,0.2889,1,1,0,0,0,0,locality,3,3143.4
05c30824a291,AD002742,locality_centroid,locality,1,688.3,-3007.0,0.2,0.1618,0.2889,1,1,0,0,0,0,none,3,3120.9
3401ff7171d8,AD002742,town_centroid,town,1,856.3249999999999,109.34166666666668,0.2,0.1618,0.2889,1,1,0,0,0,0,none,3,0.0
b38ad9e06930,AD002743,vendor_pin,locality,1,-1090.1,-1796.0,0.1667,0.16,0.3077,1,1,0,0,0,0,locality,3,1545.9
5f04749a8792,AD002743,locality_centroid,locality,1,-1112.2,-1888.2,0.1667,0.16,0.3077,1,1,0,0,0,0,none,3,1633.6
b6974c212a94,AD002743,town_centroid,town,1,-172.75833333333335,-551.7416666666667,0.1667,0.16,0.3077,1,1,0,0,0,0,none,3,0.0
be1962c9ed92,AD002744,vendor_pin,locality,1,2546.4,1235.3,0.2,0.1636,0.3235,1,1,0,0,0,0,locality,4,3120.7
857ebc91fa3e,AD002744,locality_centroid,locality,1,2499.2,994.1,0.2,0.1636,0.3235,1,1,0,0,0,0,none,4,2952.4
743ab762ceda,AD002744,town_centroid,town,1,-46.70000000000002,-500.9083333333333,0.2,0.1636,0.3235,1,1,0,0,0,0,none,4,0.0
7e43a21ae9af,AD002744,prior_field_cluster,street,1,2155.6,890.5,0.2,0.1636,0.3235,1,1,0,0,0,0,none,4,2605.0
804062fb4ca4,AD002746,vendor_pin,locality,1,2786.2,-2291.9,0.0833,0.1,0.2683,0,1,0,0,0,0,locality,2,3351.6
f6622b961faa,AD002746,town_centroid,town,1,-46.70000000000002,-500.9083333333333,0.0833,0.1,0.2683,0,1,0,0,0,0,none,2,0.0
2734ee50aca7,AD002748,vendor_pin,street,1,1010.4,-1816.5,0.2857,0.2143,0.3607,1,1,0,0,0,0,street,4,1932.0
5bd9bc16bbc3,AD002748,locality_centroid,locality,1,1577.4,-2059.5,0.2857,0.2143,0.3607,1,1,0,0,0,0,none,4,2285.6
588646d71683,AD002748,town_centroid,town,1,856.3249999999999,109.34166666666668,0.2857,0.2143,0.3607,1,1,0,0,0,0,none,4,0.0
7845b91cbb27,AD002748,prior_field_cluster,street,1,1172.2,-1902.1,0.2857,0.2143,0.3607,1,1,0,0,0,0,none,4,2036.1
187b575b09a9,AD002749,vendor_pin,locality,1,-601.3,-307.1,0.2857,0.2075,0.3514,1,1,0,0,0,0,locality,3,1515.9
4b159d5991d9,AD002749,locality_centroid,locality,1,-533.7,-484.7,0.2857,0.2075,0.3514,1,1,0,0,0,0,none,3,1511.6
0011df5826e9,AD002749,town_centroid,town,1,856.3249999999999,109.34166666666668,0.2857,0.2075,0.3514,1,1,0,0,0,0,none,3,0.0
c6f4a1550354,AD002750,vendor_pin,locality,1,1145.3,2709.8,0.2222,0.1724,0.3243,1,1,0,0,0,0,locality,3,2616.5
f46e7c50f8b2,AD002750,locality_centroid,locality,1,986.3,2772.6,0.2222,0.1724,0.3243,1,1,0,0,0,0,none,3,2666.4
6bdf3fa2e6e9,AD002750,town_centroid,town,1,856.3249999999999,109.34166666666668,0.2222,0.1724,0.3243,1,1,0,0,0,0,none,3,0.0
4c05665ec83c,AD002751,vendor_pin,locality,1,2934.1,548.7,0.1,0.1094,0.2632,0,1,0,0,0,0,locality,3,2123.7
da03c5fc747c,AD002751,town_centroid,town,1,856.3249999999999,109.34166666666668,0.1,0.1094,0.2632,0,1,0,0,0,0,none,3,0.0
c9388875ee4d,AD002751,prior_field_cluster,street,1,3087.1,447.0,0.1,0.1094,0.2632,0,1,0,0,0,0,none,3,2256.2
50ccd5594bab,AD002752,vendor_pin,locality,1,1102.7,1334.6,0.1818,0.1449,0.2824,1,1,0,0,0,0,locality,3,1249.8
f16d5ec0b1f7,AD002752,locality_centroid,locality,1,987.4,1270.5,0.1818,0.1449,0.2824,1,1,0,0,0,0,none,3,1168.5
c69e23649200,AD002752,town_centroid,town,1,856.3249999999999,109.34166666666668,0.1818,0.1449,0.2824,1,1,0,0,0,0,none,3,0.0
342878ab0f49,AD002753,vendor_pin,locality,1,3726.0,305.7,0.1667,0.2059,0.3721,1,1,0,0,0,0,locality,3,3991.9
5e25301426b5,AD002753,locality_centroid,locality,1,3653.7,367.3,0.1667,0.2059,0.3721,1,1,0,0,0,0,none,3,3935.3
f15fec1bb0c9,AD002753,town_centroid,town,1,-172.75833333333335,-551.7416666666667,0.1667,0.2059,0.3721,1,1,0,0,0,0,none,3,0.0
949aa2e1992b,AD002754,vendor_pin,locality,1,-580.1,3135.0,0.1667,0.1585,0.3,1,1,0,0,0,0,locality,3,3709.2
b506c9e26f1f,AD002754,locality_centroid,locality,1,-438.3,3208.9,0.1667,0.1585,0.3,1,1,0,0,0,0,none,3,3770.0
b55909b94b73,AD002754,town_centroid,town,1,-172.75833333333335,-551.7416666666667,0.1667,0.1585,0.3,1,1,0,0,0,0,none,3,0.0
f5631084f517,AD002755,vendor_pin,locality,1,-3892.4,-810.0,0.1429,0.1379,0.2885,0,1,0,0,0,0,locality,2,3728.6
dec65e1201e6,AD002755,town_centroid,town,1,-172.75833333333335,-551.7416666666667,0.1429,0.1379,0.2885,0,1,0,0,0,0,none,2,0.0
ac3888c73418,AD002756,vendor_pin,pincode,1,-1965.9,1961.8,0.0,0.0702,0.1846,0,1,0,0,0,0,pincode,3,3087.6
3dbbab1050a4,AD002756,town_centroid,town,1,-172.75833333333335,-551.7416666666667,0.0,0.0702,0.1846,0,1,0,0,0,0,none,3,0.0
877429df52f1,AD002756,prior_field_cluster,street,1,-2570.7,1407.0,0.0,0.0702,0.1846,0,1,0,0,0,0,none,3,3096.3
e931d2849eb8,AD002757,vendor_pin,street,1,2574.4,-2155.1,0.2,0.1852,0.3429,1,0,0,0,0,0,street,4,3099.4
ee838ef5219d,AD002757,locality_centroid,locality,1,2735.1,-2128.6,0.2,0.1852,0.3429,1,0,0,0,0,0,none,4,3223.0
7c5d5d25ebca,AD002757,town_centroid,town,1,-46.70000000000002,-500.9083333333333,0.2,0.1852,0.3429,1,0,0,0,0,0,none,4,0.0
cbd694e0d4e4,AD002757,prior_field_cluster,street,1,2388.5,-2152.05,0.2,0.1852,0.3429,1,0,0,0,0,0,none,4,2942.2
3ca96259ea5a,AD002758,vendor_pin,locality,1,-2657.2,-346.2,0.25,0.1923,0.3434,1,1,0,0,0,0,locality,3,2492.9
6ade63e989c1,AD002758,locality_centroid,locality,1,-2605.6,-262.1,0.25,0.1923,0.3434,1,1,0,0,0,0,none,3,2450.0
f216bfb40352,AD002758,town_centroid,town,1,-172.75833333333335,-551.7416666666667,0.25,0.1923,0.3434,1,1,0,0,0,0,none,3,0.0
a52232cda845,AD002759,vendor_pin,locality,1,1162.0,-3599.7,0.25,0.1915,0.3438,1,1,0,0,0,0,locality,3,3327.4
dc7e35e1f4b7,AD002759,locality_centroid,locality,1,1155.3,-3613.0,0.25,0.1915,0.3438,1,1,0,0,0,0,none,3,3336.9
78a50b3ad270,AD002759,town_centroid,town,1,-172.75833333333335,-551.7416666666667,0.25,0.1915,0.3438,1,1,0,0,0,0,none,3,0.0
afbec07181f0,AD002760,vendor_pin,locality,1,-484.4,-3624.6,0.2222,0.1791,0.3333,1,1,0,0,0,0,locality,3,3088.6
6d128536846a,AD002760,locality_centroid,locality,1,-433.5,-3467.4,0.2222,0.1791,0.3333,1,1,0,0,0,0,none,3,2927.3
657b931355a4,AD002760,town_centroid,town,1,-172.75833333333335,-551.7416666666667,0.2222,0.1791,0.3333,1,1,0,0,0,0,none,3,0.0
46c5c7eaf12a,AD002761,vendor_pin,locality,1,-3570.0,-723.9,0.2727,0.2239,0.3908,1,1,0,0,0,0,locality,3,3401.6
b8ebc00f9d77,AD002761,locality_centroid,locality,1,-3766.2,-883.9,0.2727,0.2239,0.3908,1,1,0,0,0,0,none,3,3608.8
4276cacede77,AD002761,town_centroid,town,1,-172.75833333333335,-551.7416666666667,0.2727,0.2239,0.3908,1,1,0,0,0,0,none,3,0.0
6e606829216d,AD002762,vendor_pin,locality,1,-1264.9,230.8,0.1667,0.1447,0.2857,1,1,0,0,0,0,locality,3,1421.1
8333a5622ca1,AD002762,locality_centroid,locality,1,-1205.8,409.2,0.1667,0.1447,0.2857,1,1,0,0,0,0,none,3,1473.7
94fdf58bedc7,AD002762,town_centroid,town,1,-46.70000000000002,-500.9083333333333,0.1667,0.1447,0.2857,1,1,0,0,0,0,none,3,0.0
cc122518ef0e,AD002763,vendor_pin,locality,1,1676.1,-2086.9,0.3333,0.25,0.4231,1,1,0,0,0,0,locality,4,2344.3
4d630eed8c17,AD002763,locality_centroid,locality,1,1577.4,-2059.5,0.3333,0.25,0.4231,1,1,0,0,0,0,none,4,2285.6
2765f9cc2727,AD002763,town_centroid,town,1,856.3249999999999,109.34166666666668,0.3333,0.25,0.4231,1,1,0,0,0,0,none,4,0.0
4da9eb50c84b,AD002763,prior_field_cluster,street,1,1799.5,-2199.6,0.3333,0.25,0.4231,1,1,0,0,0,0,none,4,2494.2
d73e6971e98c,AD002764,vendor_pin,rooftop,1,494.1,-3311.7,0.1333,0.1111,0.2308,1,1,0,0,0,0,rooftop,4,2862.3
f3e65bcf9329,AD002764,locality_centroid,locality,1,665.2,-3094.2,0.1333,0.1111,0.2308,1,1,0,0,0,0,none,4,2689.2
dd80c02dd779,AD002764,town_centroid,town,1,-46.70000000000002,-500.9083333333333,0.1333,0.1111,0.2308,1,1,0,0,0,0,none,4,0.0
3187fd3833eb,AD002764,prior_field_cluster,street,1,533.8,-3288.3,0.1333,0.1111,0.2308,1,1,0,0,0,0,none,4,2847.2
07814c3a1470,AD002765,vendor_pin,locality,1,993.5,23.2,0.25,0.2353,0.4179,1,1,0,0,0,0,locality,3,1164.8
b3d2b46de681,AD002765,locality_centroid,locality,1,1112.8,-196.7,0.25,0.2353,0.4179,1,1,0,0,0,0,none,3,1198.7
78a70a6f5e5f,AD002765,town_centroid,town,1,-46.70000000000002,-500.9083333333333,0.25,0.2353,0.4179,1,1,0,0,0,0,none,3,0.0
6a560b0ee57f,AD002766,vendor_pin,locality,1,2532.9,-2151.6,0.1818,0.137,0.2727,1,1,0,0,0,0,locality,4,3062.5
17478c409265,AD002766,locality_centroid,locality,1,2735.1,-2128.6,0.1818,0.137,0.2727,1,1,0,0,0,0,none,4,3223.0
33a50f9173cf,AD002766,town_centroid,town,1,-46.70000000000002,-500.9083333333333,0.1818,0.137,0.2727,1,1,0,0,0,0,none,4,0.0
06e7e3b2e3f8,AD002766,prior_field_cluster,street,1,2778.0,-1911.2,0.1818,0.137,0.2727,1,1,0,0,0,0,none,4,3157.2
47aa7fa8df3c,AD002767,vendor_pin,pincode,1,-2341.5,1549.1,0.0,0.0303,0.1944,0,1,0,0,0,0,pincode,2,3077.1
7dec24cdf379,AD002767,town_centroid,town,1,-46.70000000000002,-500.9083333333333,0.0,0.0303,0.1944,0,1,0,0,0,0,none,2,0.0
a88e98d8bcfe,AD002768,vendor_pin,street,1,46.1,-3341.5,0.2,0.16,0.3077,1,1,0,0,0,0,street,3,2798.3
4bf301a9c0f4,AD002768,locality_centroid,locality,1,-433.5,-3467.4,0.2,0.16,0.3077,1,1,0,0,0,0,none,3,2927.3
7c959392a28a,AD002768,town_centroid,town,1,-172.75833333333335,-551.7416666666667,0.2,0.16,0.3077,1,1,0,0,0,0,none,3,0.0
f97ba55f4e76,AD002769,vendor_pin,locality,1,487.1,1792.8,0.25,0.2075,0.3662,1,1,0,0,0,0,locality,3,2435.6
03b1fec8f668,AD002769,locality_centroid,locality,1,524.3,1610.0,0.25,0.2075,0.3662,1,1,0,0,0,0,none,3,2271.3
c563f629d634,AD002769,town_centroid,town,1,-172.75833333333335,-551.7416666666667,0.25,0.2075,0.3662,1,1,0,0,0,0,none,3,0.0
3c72191d097d,AD002770,vendor_pin,locality,1,-1750.0,-2878.3,0.2222,0.2,0.3467,1,0,0,0,0,0,locality,3,3964.7
42044e6e98e9,AD002770,locality_centroid,locality,1,-1600.3,-2801.9,0.2222,0.2,0.3467,1,0,0,0,0,0,none,3,3809.2
27ba7625a0c3,AD002770,town_centroid,town,1,856.3249999999999,109.34166666666668,0.2222,0.2,0.3467,1,0,0,0,0,0,none,3,0.0
294a04b9b8a5,AD002771,vendor_pin,pincode,1,1692.3,-1760.7,0.0,0.0204,0.2593,0,1,0,0,0,0,pincode,3,2147.4
759622486cf8,AD002771,town_centroid,town,1,-46.70000000000002,-500.9083333333333,0.0,0.0204,0.2593,0,1,0,0,0,0,none,3,0.0
4ea12ea108bb,AD002771,prior_field_cluster,street,1,2408.85,-2209.3,0.0,0.0204,0.2593,0,1,0,0,0,0,none,3,2991.4
946db1a27a85,AD002772,vendor_pin,locality,1,2396.7,-1277.7,0.1667,0.1351,0.2609,1,1,0,0,0,0,locality,4,2072.8
5818eb16927d,AD002772,locality_centroid,locality,1,2589.2,-1273.1,0.1667,0.1351,0.2609,1,1,0,0,0,0,none,4,2216.8
d0eb9d610e68,AD002772,town_centroid,town,1,856.3249999999999,109.34166666666668,0.1667,0.1351,0.2609,1,1,0,0,0,0,none,4,0.0
367d0f297394,AD002772,prior_field_cluster,street,1,2540.2,-929.65,0.1667,0.1351,0.2609,1,1,0,0,0,0,none,4,1978.6
3671c7d6541e,AD002773,vendor_pin,locality,1,-978.5,-3155.4,0.4,0.2941,0.5,1,1,0,0,0,0,locality,3,2813.3
06661842cfa7,AD002773,locality_centroid,locality,1,-1053.3,-3163.0,0.4,0.2941,0.5,1,1,0,0,0,0,none,3,2846.0
d3b54f47a653,AD002773,town_centroid,town,1,-46.70000000000002,-500.9083333333333,0.4,0.2941,0.5,1,1,0,0,0,0,none,3,0.0
72f78b95f3bf,AD002774,vendor_pin,locality,1,1155.3,-34.8,0.0,0.1176,0.3548,0,1,0,0,0,0,locality,2,1289.2
a6996af9884e,AD002774,town_centroid,town,1,-46.70000000000002,-500.9083333333333,0.0,0.1176,0.3548,0,1,0,0,0,0,none,2,0.0
c669dfa81426,AD002775,vendor_pin,locality,1,693.3,-2951.2,0.1818,0.1471,0.2857,1,1,0,0,0,0,locality,3,2559.6
74009d8427e5,AD002775,locality_centroid,locality,1,665.2,-3094.2,0.1818,0.1471,0.2857,1,1,0,0,0,0,none,3,2689.2
43e183c9f9bc,AD002775,town_centroid,town,1,-46.70000000000002,-500.9083333333333,0.1818,0.1471,0.2857,1,1,0,0,0,0,none,3,0.0
cb9f3d28c4f9,AD002776,vendor_pin,locality,1,-902.0,-1869.6,0.2857,0.25,0.4375,1,1,0,0,0,0,locality,3,1506.2
0345d9d5ef5d,AD002776,locality_centroid,locality,1,-1112.2,-1888.2,0.2857,0.25,0.4375,1,1,0,0,0,0,none,3,1633.6
b3f48de3a707,AD002776,town_centroid,town,1,-172.75833333333335,-551.7416666666667,0.2857,0.25,0.4375,1,1,0,0,0,0,none,3,0.0
e12c13898cbb,AD002777,vendor_pin,street,1,982.9,751.3,0.25,0.1887,0.3529,1,1,0,0,0,0,street,3,654.3
6e84de6e896b,AD002777,locality_centroid,locality,1,987.4,1270.5,0.25,0.1887,0.3529,1,1,0,0,0,0,none,3,1168.5
633cc493d84c,AD002777,town_centroid,town,1,856.3249999999999,109.34166666666668,0.25,0.1887,0.3529,1,1,0,0,0,0,none,3,0.0
fd85f0042bc4,AD002778,vendor_pin,locality,1,-519.0,3143.3,0.25,0.2364,0.4167,1,1,0,0,0,0,locality,3,3711.2
91bafd5cf9d1,AD002778,locality_centroid,locality,1,-438.3,3208.9,0.25,0.2364,0.4167,1,1,0,0,0,0,none,3,3770.0
6feba9ba88d7,AD002778,town_centroid,town,1,-172.75833333333335,-551.7416666666667,0.25,0.2364,0.4167,1,1,0,0,0,0,none,3,0.0
c71d8b67dc3b,AD002779,vendor_pin,locality,1,-2117.2,-2481.4,0.2222,0.1774,0.3377,1,1,0,0,0,0,locality,3,2865.2
8d9e8f0871ba,AD002779,locality_centroid,locality,1,-2195.4,-2378.6,0.2222,0.1774,0.3377,1,1,0,0,0,0,none,3,2853.5
11515028d899,AD002779,town_centroid,town,1,-46.70000000000002,-500.9083333333333,0.2222,0.1774,0.3377,1,1,0,0,0,0,none,3,0.0
60e399932896,AD002781,vendor_pin,locality,1,2689.0,-2009.5,0.0909,0.1228,0.2647,0,1,0,0,0,0,locality,2,3124.1
b41f7f848cba,AD002781,town_centroid,town,1,-46.70000000000002,-500.9083333333333,0.0909,0.1228,0.2647,0,1,0,0,0,0,none,2,0.0
64b0da62292d,AD002782,vendor_pin,locality,1,1293.0,-3742.6,0.25,0.1731,0.3188,1,1,0,0,0,0,locality,3,3511.4
b7f52ff38e4e,AD002782,locality_centroid,locality,1,1155.3,-3613.0,0.25,0.1731,0.3188,1,1,0,0,0,0,none,3,3336.9
e62dea687dc1,AD002782,town_centroid,town,1,-172.75833333333335,-551.7416666666667,0.25,0.1731,0.3188,1,1,0,0,0,0,none,3,0.0
0143df113e4c,AD002783,vendor_pin,locality,1,2603.1,-2247.7,0.2222,0.1754,0.3333,1,1,0,0,0,0,locality,3,3173.8
6f7569a34a14,AD002783,locality_centroid,locality,1,2735.1,-2128.6,0.2222,0.1754,0.3333,1,1,0,0,0,0,none,3,3223.0
e44405e2e6d3,AD002783,town_centroid,town,1,-46.70000000000002,-500.9083333333333,0.2222,0.1754,0.3333,1,1,0,0,0,0,none,3,0.0
05556225c8e9,AD002784,vendor_pin,locality,1,-520.8,-321.8,0.2222,0.193,0.3467,0,1,0,0,0,0,locality,3,1443.0
ac387aacf319,AD002784,town_centroid,town,1,856.3249999999999,109.34166666666668,0.2222,0.193,0.3467,0,1,0,0,0,0,none,3,0.0
d7e4ed3de8f1,AD002784,prior_field_cluster,street,1,-572.6,-360.3,0.2222,0.193,0.3467,0,1,0,0,0,0,none,3,1504.1
61d20a704e00,AD002785,vendor_pin,locality,1,3262.4,-1994.0,0.2857,0.2083,0.3871,1,1,0,0,0,0,locality,3,3725.6
9b0c3aec4564,AD002785,locality_centroid,locality,1,3188.8,-1960.7,0.2857,0.2083,0.3871,1,1,0,0,0,0,none,3,3644.9
e040708a1bd4,AD002785,town_centroid,town,1,-172.75833333333335,-551.7416666666667,0.2857,0.2083,0.3871,1,1,0,0,0,0,none,3,0.0
23077704f655,AD002786,vendor_pin,locality,1,-2584.8,1428.0,0.2,0.1846,0.3457,1,1,0,0,0,0,locality,3,3120.5
f7a3bc0c22e9,AD002786,locality_centroid,locality,1,-2446.2,1613.2,0.2,0.1846,0.3457,1,1,0,0,0,0,none,3,3139.3
13bd4e2af282,AD002786,town_centroid,town,1,-172.75833333333335,-551.7416666666667,0.2,0.1846,0.3457,1,1,0,0,0,0,none,3,0.0
c42217391403,AD002787,vendor_pin,locality,1,557.0,-3284.0,0.2,0.1594,0.2857,1,1,0,0,0,0,locality,3,3406.5
c7f0fc834991,AD002787,locality_centroid,locality,1,688.3,-3007.0,0.2,0.1594,0.2857,1,1,0,0,0,0,none,3,3120.9
a4595bc0c5f8,AD002787,town_centroid,town,1,856.3249999999999,109.34166666666668,0.2,0.1594,0.2857,1,1,0,0,0,0,none,3,0.0
65f86df24f2f,AD002788,vendor_pin,locality,1,1111.5,2673.3,0.2222,0.1613,0.3158,1,1,0,0,0,0,locality,3,2576.6
85a98fa49549,AD002788,locality_centroid,locality,1,986.3,2772.6,0.2222,0.1613,0.3158,1,1,0,0,0,0,none,3,2666.4
550856f68509,AD002788,town_centroid,town,1,856.3249999999999,109.34166666666668,0.2222,0.1613,0.3158,1,1,0,0,0,0,none,3,0.0
beddaf5907ec,AD002789,vendor_pin,locality,1,-2448.2,1701.0,0.0833,0.1139,0.2826,0,1,0,0,0,0,locality,2,3201.9
ffc5a2292834,AD002789,town_centroid,town,1,-172.75833333333335,-551.7416666666667,0.0833,0.1139,0.2826,0,1,0,0,0,0,none,2,0.0
1df6831ca829,AD002791,vendor_pin,pincode,1,138.9,145.8,0.0,0.0889,0.2642,0,0,0,0,1,0,pincode,3,764.0
9123f9f6427b,AD002791,town_centroid,town,1,-172.75833333333335,-551.7416666666667,0.0,0.0889,0.2642,0,0,0,0,1,0,none,3,0.0
0fc1a98d2e85,AD002791,prior_field_cluster,street,1,2973.6,-2050.6,0.0,0.0889,0.2642,0,0,0,0,1,0,none,3,3485.1
5c88a8a589ac,AD002792,vendor_pin,locality,1,-1201.6,373.3,0.1818,0.1746,0.3291,1,0,0,0,0,0,locality,3,1448.5
389e6ac4a648,AD002792,locality_centroid,locality,1,-1205.8,409.2,0.1818,0.1746,0.3291,1,0,0,0,0,0,none,3,1473.7
98e716e0032b,AD002792,town_centroid,town,1,-46.70000000000002,-500.9083333333333,0.1818,0.1746,0.3291,1,0,0,0,0,0,none,3,0.0
32b5a3ed75ee,AD002793,vendor_pin,pincode,1,-2184.3,1193.8,0.0,0.0123,0.1163,0,1,0,0,0,0,pincode,2,2727.9
9b083ef76979,AD002793,town_centroid,town,1,-46.70000000000002,-500.9083333333333,0.0,0.0123,0.1163,0,1,0,0,0,0,none,2,0.0
59a78acf565f,AD002794,vendor_pin,locality,1,1491.6,-2024.0,0.2222,0.1525,0.2785,1,1,0,0,0,0,locality,4,2225.9
05d247c2255a,AD002794,locality_centroid,locality,1,1577.4,-2059.5,0.2222,0.1525,0.2785,1,1,0,0,0,0,none,4,2285.6
ba7339ded594,AD002794,town_centroid,town,1,856.3249999999999,109.34166666666668,0.2222,0.1525,0.2785,1,1,0,0,0,0,none,4,0.0
97756ec93314,AD002794,prior_field_cluster,street,1,1610.0,-2310.6,0.2222,0.1525,0.2785,1,1,0,0,0,0,none,4,2534.6
9c98dc006885,AD002795,vendor_pin,locality,1,289.0,2439.4,0.1667,0.1818,0.3469,1,1,0,0,0,0,locality,3,2959.4
e9a611ef3602,AD002795,locality_centroid,locality,1,290.7,2335.2,0.1667,0.1818,0.3469,1,1,0,0,0,0,none,3,2856.1
d7897385e7a8,AD002795,town_centroid,town,1,-46.70000000000002,-500.9083333333333,0.1667,0.1818,0.3469,1,1,0,0,0,0,none,3,0.0
122a85a1087f,AD002796,vendor_pin,pincode,1,643.0,204.9,0.25,0.1667,0.4,0,0,0,0,0,0,pincode,3,233.7
885a7d81c8a9,AD002796,town_centroid,town,1,856.3249999999999,109.34166666666668,0.25,0.1667,0.4,0,0,0,0,0,0,none,3,0.0
28d3950e7405,AD002796,prior_field_cluster,street,1,867.05,3157.0,0.25,0.1667,0.4,0,0,0,0,0,0,none,3,3047.7
a193c1814a72,AD002798,vendor_pin,locality,1,957.6,2534.6,0.2857,0.2174,0.4,1,1,0,0,0,0,locality,4,2427.4
23e7f3b65744,AD002798,locality_centroid,locality,1,986.3,2772.6,0.2857,0.2174,0.4,1,1,0,0,0,0,none,4,2666.4
e6977915dde4,AD002798,town_centroid,town,1,856.3249999999999,109.34166666666668,0.2857,0.2174,0.4,1,1,0,0,0,0,none,4,0.0
519567a4c53b,AD002798,prior_field_cluster,street,1,1360.2,2757.6,0.2857,0.2174,0.4,1,1,0,0,0,0,none,4,2695.8
db1cc8833107,AD002799,vendor_pin,street,1,3445.0,-27.3,0.1667,0.1795,0.3299,1,1,0,0,0,0,street,4,3655.6
6c05b4cc4f4b,AD002799,locality_centroid,locality,1,3653.7,367.3,0.1667,0.1795,0.3299,1,1,0,0,0,0,none,4,3935.3
f4bd522a54f3,AD002799,town_centroid,town,1,-172.75833333333335,-551.7416666666667,0.1667,0.1795,0.3299,1,1,0,0,0,0,none,4,0.0
08781fce82a2,AD002799,prior_field_cluster,street,1,3475.6499999999996,-24.75,0.1667,0.1795,0.3299,1,1,0,0,0,0,none,4,3686.3
2e019dd8676c,AD002800,vendor_pin,street,1,-3996.9,-1034.7,0.2308,0.1852,0.3366,1,1,0,0,0,0,street,3,3854.5
3f0413d5b546,AD002800,locality_centroid,locality,1,-3766.2,-883.9,0.2308,0.1852,0.3366,1,1,0,0,0,0,none,3,3608.8
fe34be9257c7,AD002800,town_centroid,town,1,-172.75833333333335,-551.7416666666667,0.2308,0.1852,0.3366,1,1,0,0,0,0,none,3,0.0
0eba742e7a5a,AD002801,vendor_pin,locality,1,-481.6,-1058.8,0.2,0.1719,0.3291,1,1,0,0,0,0,locality,4,707.4
7a392fc92922,AD002801,locality_centroid,locality,1,-598.6,-1329.8,0.2,0.1719,0.3291,1,1,0,0,0,0,none,4,995.8
3bcceedf6616,AD002801,town_centroid,town,1,-46.70000000000002,-500.9083333333333,0.2,0.1719,0.3291,1,1,0,0,0,0,none,4,0.0
b936493b993d,AD002801,prior_field_cluster,street,1,-751.8,-1700.8,0.2,0.1719,0.3291,1,1,0,0,0,0,none,4,1391.7
51ddecd0acf1,AD002802,vendor_pin,locality,1,723.6,-3024.8,0.1818,0.1471,0.2892,1,1,0,0,0,0,locality,4,2638.8
69d6991165a8,AD002802,locality_centroid,locality,1,665.2,-3094.2,0.1818,0.1471,0.2892,1,1,0,0,0,0,none,4,2689.2
5695cc106b9a,AD002802,town_centroid,town,1,-46.70000000000002,-500.9083333333333,0.1818,0.1471,0.2892,1,1,0,0,0,0,none,4,0.0
dd8434f08d08,AD002802,prior_field_cluster,street,1,640.6,-2790.3,0.1818,0.1471,0.2892,1,1,0,0,0,0,none,4,2390.3
244187e750a7,AD002803,vendor_pin,locality,1,-810.7,-1246.5,0.1538,0.1392,0.2766,1,1,0,0,0,0,locality,3,1067.5
ddeef070e059,AD002803,locality_centroid,locality,1,-598.6,-1329.8,0.1538,0.1392,0.2766,1,1,0,0,0,0,none,3,995.8
80eeed89869b,AD002803,town_centroid,town,1,-46.70000000000002,-500.9083333333333,0.1538,0.1392,0.2766,1,1,0,0,0,0,none,3,0.0
c7464a0caea1,AD002804,vendor_pin,locality,1,-572.1,3027.8,0.3333,0.2955,0.4839,1,1,0,0,0,0,locality,3,3601.7
7d4cd526d3ab,AD002804,locality_centroid,locality,1,-438.3,3208.9,0.3333,0.2955,0.4839,1,1,0,0,0,0,none,3,3770.0
4aaac80bcb80,AD002804,town_centroid,town,1,-172.75833333333335,-551.7416666666667,0.3333,0.2955,0.4839,1,1,0,0,0,0,none,3,0.0
003434c7e775,AD002806,vendor_pin,locality,1,2934.2,-2395.7,0.0769,0.0933,0.2558,0,1,0,0,0,0,locality,3,3532.1
d196954ef469,AD002806,town_centroid,town,1,-46.70000000000002,-500.9083333333333,0.0769,0.0933,0.2558,0,1,0,0,0,0,none,3,0.0
64e8481abaee,AD002806,prior_field_cluster,street,1,2847.7,-1786.7,0.0769,0.0933,0.2558,0,1,0,0,0,0,none,3,3167.1
fea61edf71f2,AD002807,vendor_pin,street,1,1474.1,-1119.0,0.1538,0.1905,0.3429,1,1,0,0,0,0,street,3,1641.6
6d2d166071d3,AD002807,locality_centroid,locality,1,1939.0,-996.1,0.1538,0.1905,0.3429,1,1,0,0,0,0,none,3,2046.5
236ff4b4eb31,AD002807,town_centroid,town,1,-46.70000000000002,-500.9083333333333,0.1538,0.1905,0.3429,1,1,0,0,0,0,none,3,0.0
1f6e87794f7c,AD002808,vendor_pin,locality,1,2836.0,-1863.9,0.1,0.125,0.2647,0,1,0,0,0,0,locality,3,3188.7
417c71cf38b0,AD002808,town_centroid,town,1,-46.70000000000002,-500.9083333333333,0.1,0.125,0.2647,0,1,0,0,0,0,none,3,0.0
ef50f3e04579,AD002808,prior_field_cluster,street,1,2624.45,-2288.8,0.1,0.125,0.2647,0,1,0,0,0,0,none,3,3214.3
a9a7c395e3ee,AD002809,vendor_pin,locality,1,2006.2,-823.2,0.125,0.2407,0.4722,0,1,0,0,0,0,locality,3,2078.0
7abd06bd9372,AD002809,town_centroid,town,1,-46.70000000000002,-500.9083333333333,0.125,0.2407,0.4722,0,1,0,0,0,0,none,3,0.0
f5290b07a1a9,AD002809,prior_field_cluster,street,1,2175.8,-927.8,0.125,0.2407,0.4722,0,1,0,0,0,0,none,3,2263.1
4be5f5632d34,AD002811,vendor_pin,locality,1,-505.4,2956.1,0.2857,0.2927,0.459,0,1,0,0,0,0,locality,2,3155.7
3c9695844c1b,AD002811,town_centroid,town,1,856.3249999999999,109.34166666666668,0.2857,0.2927,0.459,0,1,0,0,0,0,none,2,0.0
2755fd680ea5,AD002812,vendor_pin,locality,1,-548.9,-1395.4,0.1818,0.1618,0.3133,1,1,0,0,0,0,locality,4,1025.8
8831135c6d0d,AD002812,locality_centroid,locality,1,-598.6,-1329.8,0.1818,0.1618,0.3133,1,1,0,0,0,0,none,4,995.8
c1f19c2b0dfb,AD002812,town_centroid,town,1,-46.70000000000002,-500.9083333333333,0.1818,0.1618,0.3133,1,1,0,0,0,0,none,4,0.0
0956430c1342,AD002812,prior_field_cluster,street,1,-1046.4,-1002.5,0.1818,0.1618,0.3133,1,1,0,0,0,0,none,4,1118.5
53c5d7296190,AD002813,vendor_pin,locality,1,-1181.8,416.6,0.1538,0.1358,0.2708,1,1,0,0,0,0,locality,3,1459.5
9b6041050d0e,AD002813,locality_centroid,locality,1,-1205.8,409.2,0.1538,0.1358,0.2708,1,1,0,0,0,0,none,3,1473.7
98a0c3109262,AD002813,town_centroid,town,1,-46.70000000000002,-500.9083333333333,0.1538,0.1358,0.2708,1,1,0,0,0,0,none,3,0.0
603b0676804c,AD002814,vendor_pin,rooftop,1,-888.5,-3561.2,0.1667,0.1351,0.2697,1,1,0,0,0,0,rooftop,4,3174.0
34e74da7784a,AD002814,locality_centroid,locality,1,-1053.3,-3163.0,0.1667,0.1351,0.2697,1,1,0,0,0,0,none,4,2846.0
b14e7698d8f9,AD002814,town_centroid,town,1,-46.70000000000002,-500.9083333333333,0.1667,0.1351,0.2697,1,1,0,0,0,0,none,4,0.0
e64469fcd3ad,AD002814,prior_field_cluster,street,1,-851.4,-3516.2,0.1667,0.1351,0.2697,1,1,0,0,0,0,none,4,3120.8
272bf90bfd70,AD002815,vendor_pin,pincode,1,1681.8,-2023.3,0.0,0.0139,0.2051,0,1,0,0,0,0,pincode,2,2303.3
758cded24010,AD002815,town_centroid,town,1,-46.70000000000002,-500.9083333333333,0.0,0.0139,0.2051,0,1,0,0,0,0,none,2,0.0
3f1c6605aba0,AD002816,vendor_pin,pincode,1,-1400.0,2521.1,0.0,0.0769,0.2,0,1,0,0,0,0,pincode,2,3308.8
88b430f52494,AD002816,town_centroid,town,1,-172.75833333333335,-551.7416666666667,0.0,0.0769,0.2,0,1,0,0,0,0,none,2,0.0
2c85c9bb2eb3,AD002817,vendor_pin,locality,1,871.8,-795.5,0.2857,0.2407,0.4225,1,1,0,0,0,0,locality,3,1072.6
1f68ec8d3219,AD002817,locality_centroid,locality,1,929.4,-822.2,0.2857,0.2407,0.4225,1,1,0,0,0,0,none,3,1134.9
1030293237e2,AD002817,town_centroid,town,1,-172.75833333333335,-551.7416666666667,0.2857,0.2407,0.4225,1,1,0,0,0,0,none,3,0.0
54e438a10ead,AD002818,vendor_pin,locality,1,425.4,2348.2,0.2222,0.2295,0.4198,1,1,0,0,0,0,locality,4,2888.0
6a2dbae96e3b,AD002818,locality_centroid,locality,1,290.7,2335.2,0.2222,0.2295,0.4198,1,1,0,0,0,0,none,4,2856.1
86d132526947,AD002818,town_centroid,town,1,-46.70000000000002,-500.9083333333333,0.2222,0.2295,0.4198,1,1,0,0,0,0,none,4,0.0
bc66ebf5a408,AD002818,prior_field_cluster,street,1,689.1,2363.1,0.2222,0.2295,0.4198,1,1,0,0,0,0,none,4,2957.0
6361b6295a22,AD002819,vendor_pin,pincode,1,1711.1,-1938.1,0.0,0.0606,0.1892,0,1,0,0,0,0,pincode,3,2339.0
428efcdda853,AD002819,town_centroid,town,1,-172.75833333333335,-551.7416666666667,0.0,0.0606,0.1892,0,1,0,0,0,0,none,3,0.0
17956c43edf2,AD002819,prior_field_cluster,street,1,1332.3,-909.1,0.0,0.0606,0.1892,0,1,0,0,0,0,none,3,1546.9
0204db1b0f9b,AD002820,vendor_pin,locality,1,1365.1,-2037.0,0.1818,0.1304,0.25,1,1,0,0,0,0,locality,4,2205.8
37c814898b7c,AD002820,locality_centroid,locality,1,1577.4,-2059.5,0.1818,0.1304,0.25,1,1,0,0,0,0,none,4,2285.6
bce01cbc2a03,AD002820,town_centroid,town,1,856.3249999999999,109.34166666666668,0.1818,0.1304,0.25,1,1,0,0,0,0,none,4,0.0
204a4fd29281,AD002820,prior_field_cluster,street,1,1895.45,-1894.9499999999998,0.1818,0.1304,0.25,1,1,0,0,0,0,none,4,2257.6
3961eff6da43,AD002821,vendor_pin,locality,1,1493.1,-2120.0,0.2,0.1406,0.2683,1,1,0,0,0,0,locality,4,2318.5
abe15b2cda15,AD002821,locality_centroid,locality,1,1577.4,-2059.5,0.2,0.1406,0.2683,1,1,0,0,0,0,none,4,2285.6
af62db5d8fc2,AD002821,town_centroid,town,1,856.3249999999999,109.34166666666668,0.2,0.1406,0.2683,1,1,0,0,0,0,none,4,0.0
d20d297ed442,AD002821,prior_field_cluster,street,1,1305.7,-2225.0,0.2,0.1406,0.2683,1,1,0,0,0,0,none,4,2377.2
c0235512cd85,AD002822,vendor_pin,street,1,958.5,-475.7,0.1111,0.1724,0.3611,0,1,0,0,0,0,street,2,1133.8
7ae9b6ece9fc,AD002822,town_centroid,town,1,-172.75833333333335,-551.7416666666667,0.1111,0.1724,0.3611,0,1,0,0,0,0,none,2,0.0
a9d07f9d35b5,AD002823,vendor_pin,locality,1,-1505.6,-2989.9,0.3333,0.2558,0.4,1,1,0,0,0,0,locality,3,3896.7
aaed901ebd20,AD002823,locality_centroid,locality,1,-1600.3,-2801.9,0.3333,0.2558,0.4,1,1,0,0,0,0,none,3,3809.2
eb4804340baa,AD002823,town_centroid,town,1,856.3249999999999,109.34166666666668,0.3333,0.2558,0.4,1,1,0,0,0,0,none,3,0.0
e22ba8c1decb,AD002824,vendor_pin,locality,1,882.0,2729.9,0.2,0.1695,0.3243,1,1,0,0,0,0,locality,3,2620.7
3f942e3c6bd9,AD002824,locality_centroid,locality,1,986.3,2772.6,0.2,0.1695,0.3243,1,1,0,0,0,0,none,3,2666.4
306f0fe76551,AD002824,town_centroid,town,1,856.3249999999999,109.34166666666668,0.2,0.1695,0.3243,1,1,0,0,0,0,none,3,0.0
ced601e7f298,AD002825,vendor_pin,locality,1,672.8,-2970.1,0.1333,0.1136,0.2308,1,1,0,0,0,0,locality,4,2571.9
c65540f92fcc,AD002825,locality_centroid,locality,1,665.2,-3094.2,0.1333,0.1136,0.2308,1,1,0,0,0,0,none,4,2689.2
d5547dbf8e6f,AD002825,town_centroid,town,1,-46.70000000000002,-500.9083333333333,0.1333,0.1136,0.2308,1,1,0,0,0,0,none,4,0.0
a4d1b65157f6,AD002825,prior_field_cluster,street,1,708.4,-3098.0,0.1333,0.1136,0.2308,1,1,0,0,0,0,none,4,2704.6
faa4c9cfa430,AD002826,vendor_pin,locality,1,33.6,1599.8,0.25,0.18,0.3143,1,0,0,0,0,0,locality,3,1702.5
4dd26a0d9453,AD002826,locality_centroid,locality,1,-200.6,1476.5,0.25,0.18,0.3143,1,0,0,0,0,0,none,3,1728.1
d5b5a9ff2531,AD002826,town_centroid,town,1,856.3249999999999,109.34166666666668,0.25,0.18,0.3143,1,0,0,0,0,0,none,3,0.0
b73127162da2,AD002827,vendor_pin,locality,1,-980.0,311.6,0.2,0.1618,0.3059,1,1,0,0,0,0,locality,3,1237.4
7c1114c35d72,AD002827,locality_centroid,locality,1,-1205.8,409.2,0.2,0.1618,0.3059,1,1,0,0,0,0,none,3,1473.7
6e289d64505d,AD002827,town_centroid,town,1,-46.70000000000002,-500.9083333333333,0.2,0.1618,0.3059,1,1,0,0,0,0,none,3,0.0
07d1d3befa9e,AD002828,vendor_pin,pincode,1,-1187.7,1245.6,0.0,0.0308,0.2535,0,1,0,0,0,0,pincode,2,2086.2
7cebc18a2e11,AD002828,town_centroid,town,1,-46.70000000000002,-500.9083333333333,0.0,0.0308,0.2535,0,1,0,0,0,0,none,2,0.0
4f97b373fdf0,AD002829,vendor_pin,locality,1,-2482.1,42.4,0.1818,0.1935,0.3846,0,1,0,0,0,0,locality,2,2384.5
2be1431890ba,AD002829,town_centroid,town,1,-172.75833333333335,-551.7416666666667,0.1818,0.1935,0.3846,0,1,0,0,0,0,none,2,0.0
40cb3bb43e2c,AD002830,vendor_pin,locality,1,3287.7,-2198.5,0.1818,0.1316,0.2667,1,0,0,0,0,0,locality,3,3832.3
6b221f6b01b2,AD002830,locality_centroid,locality,1,3188.8,-1960.7,0.1818,0.1316,0.2667,1,0,0,0,0,0,none,3,3644.9
de664fa6cc9a,AD002830,town_centroid,town,1,-172.75833333333335,-551.7416666666667,0.1818,0.1316,0.2667,1,0,0,0,0,0,none,3,0.0
e38f1f685846,AD002831,vendor_pin,locality,1,919.6,2584.5,0.2,0.1562,0.3,1,1,0,0,0,0,locality,3,2476.0
dca0384c8a2f,AD002831,locality_centroid,locality,1,986.3,2772.6,0.2,0.1562,0.3,1,1,0,0,0,0,none,3,2666.4
fc2ee44986c1,AD002831,town_centroid,town,1,856.3249999999999,109.34166666666668,0.2,0.1562,0.3,1,1,0,0,0,0,none,3,0.0
a37390757da5,AD002832,vendor_pin,locality,1,2515.9,-1026.7,0.2222,0.1562,0.2963,1,1,0,0,0,0,locality,4,2011.2
04183d546f85,AD002832,locality_centroid,locality,1,2589.2,-1273.1,0.2222,0.1562,0.2963,1,1,0,0,0,0,none,4,2216.8
e1e97d8cff88,AD002832,town_centroid,town,1,856.3249999999999,109.34166666666668,0.2222,0.1562,0.2963,1,1,0,0,0,0,none,4,0.0
93287083a434,AD002832,prior_field_cluster,street,1,2701.3999999999996,-1027.3,0.2222,0.1562,0.2963,1,1,0,0,0,0,none,4,2167.1
c37c894f8680,AD002833,vendor_pin,locality,1,-308.2,1324.3,0.2222,0.1837,0.3385,0,1,0,0,0,0,locality,2,1682.9
bf8062493729,AD002833,town_centroid,town,1,856.3249999999999,109.34166666666668,0.2222,0.1837,0.3385,0,1,0,0,0,0,none,2,0.0
9f7eacf8faf7,AD002834,vendor_pin,pincode,1,1504.4,1737.4,0.1,0.0968,0.3014,0,1,0,0,0,0,pincode,2,1752.3
c09a6802d00c,AD002834,town_centroid,town,1,856.3249999999999,109.34166666666668,0.1,0.0968,0.3014,0,1,0,0,0,0,none,2,0.0
3ea267d3b959,AD002835,vendor_pin,locality,1,2757.5,-2266.5,0.25,0.2,0.3692,1,1,0,0,0,0,locality,3,3313.7
8912023cb0fe,AD002835,locality_centroid,locality,1,2735.1,-2128.6,0.25,0.2,0.3692,1,1,0,0,0,0,none,3,3223.0
1eded02df96d,AD002835,town_centroid,town,1,-46.70000000000002,-500.9083333333333,0.25,0.2,0.3692,1,1,0,0,0,0,none,3,0.0
24d229e0b2da,AD002836,vendor_pin,pincode,1,1514.7,-1545.0,0.0,0.0164,0.1493,0,1,0,0,0,0,pincode,2,1878.3
788e289f2b5d,AD002836,town_centroid,town,1,-46.70000000000002,-500.9083333333333,0.0,0.0164,0.1493,0,1,0,0,0,0,none,2,0.0
7990db1e01e7,AD002837,vendor_pin,locality,1,590.4,-3213.1,0.0833,0.1212,0.2821,0,1,0,0,0,0,locality,2,2786.0
5b640cf92dd7,AD002837,town_centroid,town,1,-46.70000000000002,-500.9083333333333,0.0833,0.1212,0.2821,0,1,0,0,0,0,none,2,0.0
e6a65271cf3d,AD002838,vendor_pin,street,1,2783.3,-1094.2,0.2,0.1538,0.2927,1,1,0,0,0,0,street,3,2271.9
3f8230c77e06,AD002838,locality_centroid,locality,1,2589.2,-1273.1,0.2,0.1538,0.2927,1,1,0,0,0,0,none,3,2216.8
c6f525f8abd2,AD002838,town_centroid,town,1,856.3249999999999,109.34166666666668,0.2,0.1538,0.2927,1,1,0,0,0,0,none,3,0.0
6cdf0aaec5dc,AD002839,vendor_pin,locality,1,-353.8,-431.3,0.2222,0.1719,0.2955,1,1,0,0,0,0,locality,3,1325.4
4482ccc175d3,AD002839,locality_centroid,locality,1,-533.7,-484.7,0.2222,0.1719,0.2955,1,1,0,0,0,0,none,3,1511.6
3231b9ab0964,AD002839,town_centroid,town,1,856.3249999999999,109.34166666666668,0.2222,0.1719,0.2955,1,1,0,0,0,0,none,3,0.0
8037b3ad0dcb,AD002840,vendor_pin,locality,1,1037.0,-227.0,0.2,0.2069,0.3784,1,1,0,0,0,0,locality,3,1117.8
cd11a9efba07,AD002840,locality_centroid,locality,1,1112.8,-196.7,0.2,0.2069,0.3784,1,1,0,0,0,0,none,3,1198.7
ad61883931e5,AD002840,town_centroid,town,1,-46.70000000000002,-500.9083333333333,0.2,0.2069,0.3784,1,1,0,0,0,0,none,3,0.0
64e2964b7acd,AD002841,vendor_pin,locality,1,2019.3,-1038.5,0.1667,0.2025,0.3564,1,1,0,0,0,0,locality,4,2134.8
43b386934a21,AD002841,locality_centroid,locality,1,1939.0,-996.1,0.1667,0.2025,0.3564,1,1,0,0,0,0,none,4,2046.5
420bfecea032,AD002841,town_centroid,town,1,-46.70000000000002,-500.9083333333333,0.1667,0.2025,0.3564,1,1,0,0,0,0,none,4,0.0
5752b36f2a3c,AD002841,prior_field_cluster,street,1,2379.6,-621.7,0.1667,0.2025,0.3564,1,1,0,0,0,0,none,4,2429.3
6b8ec9fc45e0,AD002842,vendor_pin,locality,1,-663.7,-213.6,0.2222,0.1642,0.2921,1,1,0,0,0,0,locality,4,1554.0
94f3adf82b00,AD002842,locality_centroid,locality,1,-533.7,-484.7,0.2222,0.1642,0.2921,1,1,0,0,0,0,none,4,1511.6
ffd13bdfa78f,AD002842,town_centroid,town,1,856.3249999999999,109.34166666666668,0.2222,0.1642,0.2921,1,1,0,0,0,0,none,4,0.0
55784cdd52b5,AD002842,prior_field_cluster,street,1,-897.0,27.2,0.2222,0.1642,0.2921,1,1,0,0,0,0,none,4,1755.2
3190dc17f2bf,AD002843,vendor_pin,street,1,-125.2,-570.8,0.3333,0.2683,0.4127,1,1,0,0,0,0,street,3,1194.1
bee1e6f4310e,AD002843,locality_centroid,locality,1,-533.7,-484.7,0.3333,0.2683,0.4127,1,1,0,0,0,0,none,3,1511.6
455395b17955,AD002843,town_centroid,town,1,856.3249999999999,109.34166666666668,0.3333,0.2683,0.4127,1,1,0,0,0,0,none,3,0.0
23f273a9d2a3,AD002844,vendor_pin,locality,1,675.0,-3131.9,0.5,0.4231,0.5532,1,1,0,0,0,0,locality,3,3246.3
89210b86a2ad,AD002844,locality_centroid,locality,1,688.3,-3007.0,0.5,0.4231,0.5532,1,1,0,0,0,0,none,3,3120.9
5d9fa8e4e45b,AD002844,town_centroid,town,1,856.3249999999999,109.34166666666668,0.5,0.4231,0.5532,1,1,0,0,0,0,none,3,0.0
b57426d142b0,AD002845,vendor_pin,street,1,-2278.0,-2775.7,0.25,0.22,0.4,1,1,0,0,0,0,street,3,3186.4
4fb59961576b,AD002845,locality_centroid,locality,1,-2195.4,-2378.6,0.25,0.22,0.4,1,1,0,0,0,0,none,3,2853.5
9e5febf1ae33,AD002845,town_centroid,town,1,-46.70000000000002,-500.9083333333333,0.25,0.22,0.4,1,1,0,0,0,0,none,3,0.0
547edb2f0081,AD002846,vendor_pin,locality,1,2543.2,1074.8,0.2857,0.2,0.3793,1,1,0,0,0,0,locality,3,3031.6
dfe23a3f4a97,AD002846,locality_centroid,locality,1,2499.2,994.1,0.2857,0.2,0.3793,1,1,0,0,0,0,none,3,2952.4
f3624798ad9c,AD002846,town_centroid,town,1,-46.70000000000002,-500.9083333333333,0.2857,0.2,0.3793,1,1,0,0,0,0,none,3,0.0
630228c12410,AD002847,vendor_pin,locality,1,918.5,-634.9,0.1818,0.1711,0.3191,1,1,0,0,0,0,locality,3,1094.4
67dc0b4a094a,AD002847,locality_centroid,locality,1,929.4,-822.2,0.1818,0.1711,0.3191,1,1,0,0,0,0,none,3,1134.9
b5bace22d77d,AD002847,town_centroid,town,1,-172.75833333333335,-551.7416666666667,0.1818,0.1711,0.3191,1,1,0,0,0,0,none,3,0.0
86db19bec56f,AD002848,vendor_pin,locality,1,944.4,-744.1,0.1818,0.1667,0.3158,1,1,0,0,0,0,locality,4,1133.6
cd149f339118,AD002848,locality_centroid,locality,1,929.4,-822.2,0.1818,0.1667,0.3158,1,1,0,0,0,0,none,4,1134.9
a01c8b4d74f6,AD002848,town_centroid,town,1,-172.75833333333335,-551.7416666666667,0.1818,0.1667,0.3158,1,1,0,0,0,0,none,4,0.0
d338c1ee674e,AD002848,prior_field_cluster,street,1,976.0,-776.2,0.1818,0.1667,0.3158,1,1,0,0,0,0,none,4,1170.5
557d0edfb053,AD002849,vendor_pin,locality,1,1341.5,-2040.7,0.1818,0.1154,0.2268,1,1,0,0,0,0,locality,4,2204.1
a13bf7bd2550,AD002849,locality_centroid,locality,1,1577.4,-2059.5,0.1818,0.1154,0.2268,1,1,0,0,0,0,none,4,2285.6
467859093eb1,AD002849,town_centroid,town,1,856.3249999999999,109.34166666666668,0.1818,0.1154,0.2268,1,1,0,0,0,0,none,4,0.0
55fe05a7c581,AD002849,prior_field_cluster,street,1,1716.65,-2354.55,0.1818,0.1154,0.2268,1,1,0,0,0,0,none,4,2609.8
b904765cf29a,AD002850,vendor_pin,street,1,665.4,2976.9,0.25,0.2745,0.4722,1,1,0,0,0,0,street,3,3550.0
5f7098441db2,AD002850,locality_centroid,locality,1,290.7,2335.2,0.25,0.2745,0.4722,1,1,0,0,0,0,none,3,2856.1
dc2d04c0602e,AD002850,town_centroid,town,1,-46.70000000000002,-500.9083333333333,0.25,0.2745,0.4722,1,1,0,0,0,0,none,3,0.0
42f3b8aeef4f,AD002851,vendor_pin,street,1,-569.8,-390.2,0.0909,0.1143,0.2824,0,1,0,0,0,0,street,2,1511.1
81ac143165c4,AD002851,town_centroid,town,1,856.3249999999999,109.34166666666668,0.0909,0.1143,0.2824,0,1,0,0,0,0,none,2,0.0
e559f6087322,AD002852,vendor_pin,street,1,-342.3,2735.4,0.1667,0.1605,0.3,1,1,0,0,0,0,street,3,3291.5
bc502cd40019,AD002852,locality_centroid,locality,1,-438.3,3208.9,0.1667,0.1605,0.3,1,1,0,0,0,0,none,3,3770.0
22e596571f86,AD002852,town_centroid,town,1,-172.75833333333335,-551.7416666666667,0.1667,0.1605,0.3,1,1,0,0,0,0,none,3,0.0
57f33c8fa37a,AD002853,vendor_pin,locality,1,-72.9,1583.9,0.2857,0.1957,0.3385,1,1,0,0,0,0,locality,3,1742.9
974fe9230507,AD002853,locality_centroid,locality,1,-200.6,1476.5,0.2857,0.1957,0.3385,1,1,0,0,0,0,none,3,1728.1
56c1f25ab3b1,AD002853,town_centroid,town,1,856.3249999999999,109.34166666666668,0.2857,0.1957,0.3385,1,1,0,0,0,0,none,3,0.0
f07a07210d34,AD002854,vendor_pin,locality,1,1466.7,-2055.2,0.2,0.1385,0.2558,1,1,0,0,0,0,locality,3,2249.0
4052b908b40a,AD002854,locality_centroid,locality,1,1577.4,-2059.5,0.2,0.1385,0.2558,1,1,0,0,0,0,none,3,2285.6
3cb11b4d0bde,AD002854,town_centroid,town,1,856.3249999999999,109.34166666666668,0.2,0.1385,0.2558,1,1,0,0,0,0,none,3,0.0
f610b54829b6,AD002855,vendor_pin,locality,1,2515.1,1203.1,0.2,0.1552,0.3056,1,1,0,0,0,0,locality,3,3076.8
9c271ec8f84c,AD002855,locality_centroid,locality,1,2499.2,994.1,0.2,0.1552,0.3056,1,1,0,0,0,0,none,3,2952.4
65e094cc2993,AD002855,town_centroid,town,1,-46.70000000000002,-500.9083333333333,0.2,0.1552,0.3056,1,1,0,0,0,0,none,3,0.0
6a96d69f3f18,AD002856,vendor_pin,pincode,1,1713.9,-1796.4,0.0,0.0189,0.2069,0,1,0,0,0,0,pincode,2,2185.9
02647dc4feac,AD002856,town_centroid,town,1,-46.70000000000002,-500.9083333333333,0.0,0.0189,0.2069,0,1,0,0,0,0,none,2,0.0
a41acdfb97a7,AD002857,vendor_pin,locality,1,1010.0,-874.3,0.1818,0.1831,0.3371,1,1,0,0,0,0,locality,3,1226.0
7c3db12e765e,AD002857,locality_centroid,locality,1,929.4,-822.2,0.1818,0.1831,0.3371,1,1,0,0,0,0,none,3,1134.9
a6a1286715f5,AD002857,town_centroid,town,1,-172.75833333333335,-551.7416666666667,0.1818,0.1831,0.3371,1,1,0,0,0,0,none,3,0.0
504243846b4a,AD002858,vendor_pin,locality,1,688.1,-3098.8,0.2,0.1695,0.3158,1,1,0,0,0,0,locality,4,2699.8
44ed9ed34b4c,AD002858,locality_centroid,locality,1,665.2,-3094.2,0.2,0.1695,0.3158,1,1,0,0,0,0,none,4,2689.2
13bff1982478,AD002858,town_centroid,town,1,-46.70000000000002,-500.9083333333333,0.2,0.1695,0.3158,1,1,0,0,0,0,none,4,0.0
dd7ab20fe6c4,AD002858,prior_field_cluster,street,1,1154.6,-2864.25,0.2,0.1695,0.3158,1,1,0,0,0,0,none,4,2651.1
8b45ab2e1179,AD002859,vendor_pin,locality,1,947.7,2897.3,0.2857,0.25,0.4364,1,1,0,0,0,0,locality,3,2789.5
b8da4bcdcf1b,AD002859,locality_centroid,locality,1,986.3,2772.6,0.2857,0.25,0.4364,1,1,0,0,0,0,none,3,2666.4
466da7956e41,AD002859,town_centroid,town,1,856.3249999999999,109.34166666666668,0.2857,0.25,0.4364,1,1,0,0,0,0,none,3,0.0
b5c6fbfdf755,AD002860,vendor_pin,locality,1,3771.7,597.6,0.1667,0.1972,0.3596,1,1,0,0,0,0,locality,3,4108.5
50c23d1e971f,AD002860,locality_centroid,locality,1,3653.7,367.3,0.1667,0.1972,0.3596,1,1,0,0,0,0,none,3,3935.3
585cfc62630d,AD002860,town_centroid,town,1,-172.75833333333335,-551.7416666666667,0.1667,0.1972,0.3596,1,1,0,0,0,0,none,3,0.0
01d618a03b9b,AD002861,vendor_pin,locality,1,268.8,2361.5,0.1667,0.1687,0.3269,1,1,0,0,0,0,locality,3,2879.7
5ab19d84b753,AD002861,locality_centroid,locality,1,290.7,2335.2,0.1667,0.1687,0.3269,1,1,0,0,0,0,none,3,2856.1
8258b0418ada,AD002861,town_centroid,town,1,-46.70000000000002,-500.9083333333333,0.1667,0.1687,0.3269,1,1,0,0,0,0,none,3,0.0
3e42b1999115,AD002862,vendor_pin,street,1,3238.0,-1882.5,0.1818,0.1429,0.2857,1,1,0,0,0,0,street,4,3661.2
2782b5526445,AD002862,locality_centroid,locality,1,3188.8,-1960.7,0.1818,0.1429,0.2857,1,1,0,0,0,0,none,4,3644.9
529240348a37,AD002862,town_centroid,town,1,-172.75833333333335,-551.7416666666667,0.1818,0.1429,0.2857,1,1,0,0,0,0,none,4,0.0
73efffea99e4,AD002862,prior_field_cluster,street,1,3385.6,-1890.4,0.1818,0.1429,0.2857,1,1,0,0,0,0,none,4,3801.8
182e66b34c62,AD002863,vendor_pin,locality,1,-409.1,-3408.0,0.2,0.1622,0.3111,1,1,0,0,0,0,locality,3,2866.0
28758ec96bf4,AD002863,locality_centroid,locality,1,-433.5,-3467.4,0.2,0.1622,0.3111,1,1,0,0,0,0,none,3,2927.3
cfb80ef3e88d,AD002863,town_centroid,town,1,-172.75833333333335,-551.7416666666667,0.2,0.1622,0.3111,1,1,0,0,0,0,none,3,0.0
f930985761e4,AD002864,vendor_pin,pincode,1,-1634.0,-1898.8,0.0,0.04,0.1687,0,1,0,0,0,0,pincode,2,1987.4
1651b375ff5b,AD002864,town_centroid,town,1,-172.75833333333335,-551.7416666666667,0.0,0.04,0.1687,0,1,0,0,0,0,none,2,0.0
b4a9b32b3a93,AD002865,vendor_pin,street,1,-2959.4,-248.8,0.25,0.1948,0.3505,1,1,0,0,0,0,street,3,2803.1
2e96511b1a15,AD002865,locality_centroid,locality,1,-2605.6,-262.1,0.25,0.1948,0.3505,1,1,0,0,0,0,none,3,2450.0
da78aff9e827,AD002865,town_centroid,town,1,-172.75833333333335,-551.7416666666667,0.25,0.1948,0.3505,1,1,0,0,0,0,none,3,0.0
3a7dd800fb58,AD002866,vendor_pin,locality,1,3586.9,478.6,0.1538,0.175,0.32,1,1,0,0,0,0,locality,3,3898.3
6072ea3f61fc,AD002866,locality_centroid,locality,1,3653.7,367.3,0.1538,0.175,0.32,1,1,0,0,0,0,none,3,3935.3
d65252117954,AD002866,town_centroid,town,1,-172.75833333333335,-551.7416666666667,0.1538,0.175,0.32,1,1,0,0,0,0,none,3,0.0
3933e77a1d52,AD002867,vendor_pin,locality,1,-2760.5,1514.0,0.2222,0.1967,0.359,1,1,0,0,0,0,locality,4,3311.1
1d389c25b487,AD002867,locality_centroid,locality,1,-2446.2,1613.2,0.2222,0.1967,0.359,1,1,0,0,0,0,none,4,3139.3
38a39d4d4157,AD002867,town_centroid,town,1,-172.75833333333335,-551.7416666666667,0.2222,0.1967,0.359,1,1,0,0,0,0,none,4,0.0
27456b0b70e8,AD002867,prior_field_cluster,street,1,-2340.7,1721.4,0.2222,0.1967,0.359,1,1,0,0,0,0,none,4,3141.2
311bec59e635,AD002868,vendor_pin,locality,1,-640.3,-1408.3,0.1667,0.1486,0.2857,1,1,0,0,0,0,locality,3,1084.3
628c2eb4afb9,AD002868,locality_centroid,locality,1,-598.6,-1329.8,0.1667,0.1486,0.2857,1,1,0,0,0,0,none,3,995.8
9d4a01bd877f,AD002868,town_centroid,town,1,-46.70000000000002,-500.9083333333333,0.1667,0.1486,0.2857,1,1,0,0,0,0,none,3,0.0
bc6c9712119e,AD002869,vendor_pin,locality,1,-840.4,-398.7,0.1538,0.1013,0.2174,1,1,0,0,0,0,locality,3,685.0
33fa9b2479a0,AD002869,locality_centroid,locality,1,-722.6,-522.8,0.1538,0.1013,0.2174,1,1,0,0,0,0,none,3,550.6
d0966729753b,AD002869,town_centroid,town,1,-172.75833333333335,-551.7416666666667,0.1538,0.1013,0.2174,1,1,0,0,0,0,none,3,0.0
7ffb6a4c120c,AD002870,vendor_pin,locality,1,1650.9,-2047.4,0.3333,0.2143,0.3607,1,1,0,0,0,0,locality,4,2298.5
19fd945571f6,AD002870,locality_centroid,locality,1,1577.4,-2059.5,0.3333,0.2143,0.3607,1,1,0,0,0,0,none,4,2285.6
a2e7318e6368,AD002870,town_centroid,town,1,856.3249999999999,109.34166666666668,0.3333,0.2143,0.3607,1,1,0,0,0,0,none,4,0.0
52860f444908,AD002870,prior_field_cluster,street,1,1489.65,-2267.1499999999996,0.3333,0.2143,0.3607,1,1,0,0,0,0,none,4,2459.4
f862e147982e,AD002871,vendor_pin,street,1,913.8,-1116.8,0.25,0.2453,0.4286,1,1,0,0,0,0,street,3,1224.7
77f5318e9a49,AD002871,locality_centroid,locality,1,929.4,-822.2,0.25,0.2453,0.4286,1,1,0,0,0,0,none,3,1134.9
83426c817678,AD002871,town_centroid,town,1,-172.75833333333335,-551.7416666666667,0.25,0.2453,0.4286,1,1,0,0,0,0,none,3,0.0
a5fcd48f014f,AD002872,vendor_pin,locality,1,2914.3,633.3,0.1818,0.1449,0.2824,1,1,0,0,0,0,locality,4,2123.6
2c2365a0b50a,AD002872,locality_centroid,locality,1,3029.6,575.7,0.1818,0.1449,0.2824,1,1,0,0,0,0,none,4,2222.7
871dc1e0e6f8,AD002872,town_centroid,town,1,856.3249999999999,109.34166666666668,0.1818,0.1449,0.2824,1,1,0,0,0,0,none,4,0.0
e27128d38454,AD002872,prior_field_cluster,street,1,3254.0,284.6,0.1818,0.1449,0.2824,1,1,0,0,0,0,none,4,2404.1
63c755a2a258,AD002873,vendor_pin,locality,1,-2558.1,-248.5,0.1538,0.1728,0.34,0,1,0,0,0,0,locality,2,2404.5
4e4b17d4f133,AD002873,town_centroid,town,1,-172.75833333333335,-551.7416666666667,0.1538,0.1728,0.34,0,1,0,0,0,0,none,2,0.0
99d425fc01ca,AD002874,vendor_pin,locality,1,3716.2,548.1,0.2222,0.2545,0.4324,1,1,0,0,0,0,locality,3,4041.5
d407d26a9b33,AD002874,locality_centroid,locality,1,3653.7,367.3,0.2222,0.2545,0.4324,1,1,0,0,0,0,none,3,3935.3
8ed2a9fe0b28,AD002874,town_centroid,town,1,-172.75833333333335,-551.7416666666667,0.2222,0.2545,0.4324,1,1,0,0,0,0,none,3,0.0
0399795e0de0,AD002875,vendor_pin,street,1,1486.4,308.1,0.0714,0.1139,0.2553,0,0,0,0,0,0,street,3,1733.5
0a22b9d4fa11,AD002875,town_centroid,town,1,-46.70000000000002,-500.9083333333333,0.0714,0.1139,0.2553,0,0,0,0,0,0,none,3,0.0
45773e28fbe9,AD002875,prior_field_cluster,street,1,1328.55,235.75,0.0714,0.1139,0.2553,0,0,0,0,0,0,none,3,1560.1
a79dd471c6f3,AD002876,vendor_pin,locality,1,423.4,-2920.7,0.2,0.1515,0.2824,1,1,0,0,0,0,locality,3,2465.0
794f5ad7bfe0,AD002876,locality_centroid,locality,1,665.2,-3094.2,0.2,0.1515,0.2824,1,1,0,0,0,0,none,3,2689.2
d7a628bf71b9,AD002876,town_centroid,town,1,-46.70000000000002,-500.9083333333333,0.2,0.1515,0.2824,1,1,0,0,0,0,none,3,0.0
ed1d023f698a,AD002877,vendor_pin,locality,1,-553.9,-765.2,0.0714,0.0532,0.1698,0,1,0,0,0,0,locality,2,436.8
7b8df264946d,AD002877,town_centroid,town,1,-172.75833333333335,-551.7416666666667,0.0714,0.0532,0.1698,0,1,0,0,0,0,none,2,0.0
65d4fa298ab9,AD002878,vendor_pin,locality,1,2804.6,-1429.0,0.2857,0.2381,0.4211,1,1,0,0,0,0,locality,4,2482.4
1565a8d326f1,AD002878,locality_centroid,locality,1,2589.2,-1273.1,0.2857,0.2381,0.4211,1,1,0,0,0,0,none,4,2216.8
9937f4e59721,AD002878,town_centroid,town,1,856.3249999999999,109.34166666666668,0.2857,0.2381,0.4211,1,1,0,0,0,0,none,4,0.0
727a054a130f,AD002878,prior_field_cluster,street,1,2465.9,-711.5999999999999,0.2857,0.2381,0.4211,1,1,0,0,0,0,none,4,1806.8
33754f932c7d,AD002879,vendor_pin,locality,1,2512.4,-1304.3,0.2222,0.1818,0.3429,1,1,0,0,0,0,locality,3,2177.4
8141d9bcfed5,AD002879,locality_centroid,locality,1,2589.2,-1273.1,0.2222,0.1818,0.3429,1,1,0,0,0,0,none,3,2216.8
4bc158fb5e10,AD002879,town_centroid,town,1,856.3249999999999,109.34166666666668,0.2222,0.1818,0.3429,1,1,0,0,0,0,none,3,0.0
2f0861c69c2e,AD002880,vendor_pin,locality,1,-492.3,3164.6,0.2222,0.2167,0.3846,1,1,0,0,0,0,locality,4,3730.1
2a56e84c7a51,AD002880,locality_centroid,locality,1,-438.3,3208.9,0.2222,0.2167,0.3846,1,1,0,0,0,0,none,4,3770.0
8518e0217dbb,AD002880,town_centroid,town,1,-172.75833333333335,-551.7416666666667,0.2222,0.2167,0.3846,1,1,0,0,0,0,none,4,0.0
1a0459a41372,AD002880,prior_field_cluster,street,1,-439.54999999999995,2931.1000000000004,0.2222,0.2167,0.3846,1,1,0,0,0,0,none,4,3493.0
7cb3e90873bd,AD002881,vendor_pin,pincode,1,1983.5,1458.4,0.0,0.0147,0.1892,0,1,0,0,0,0,pincode,2,2821.5
5e96adea751a,AD002881,town_centroid,town,1,-46.70000000000002,-500.9083333333333,0.0,0.0147,0.1892,0,1,0,0,0,0,none,2,0.0
54063f3494aa,AD002882,vendor_pin,pincode,1,1501.5,-1933.2,0.0,0.0152,0.137,0,1,0,0,0,0,pincode,3,2109.1
48d843871a9b,AD002882,town_centroid,town,1,-46.70000000000002,-500.9083333333333,0.0,0.0152,0.137,0,1,0,0,0,0,none,3,0.0
d08481eaaaa7,AD002882,prior_field_cluster,street,1,1202.9,-308.0,0.0,0.0152,0.137,0,1,0,0,0,0,none,3,1264.4
7ce8368e68ba,AD002883,vendor_pin,locality,1,686.8,-2860.7,0.0667,0.092,0.2075,0,1,0,0,0,0,locality,2,2471.2
c134d2d52acb,AD002883,town_centroid,town,1,-46.70000000000002,-500.9083333333333,0.0667,0.092,0.2075,0,1,0,0,0,0,none,2,0.0
4acdb4d26ddd,AD002884,vendor_pin,rooftop,1,-377.3,-3300.4,0.25,0.2143,0.3889,1,1,0,0,0,0,rooftop,3,2756.3
3a0e39b9c00b,AD002884,locality_centroid,locality,1,-433.5,-3467.4,0.25,0.2143,0.3889,1,1,0,0,0,0,none,3,2927.3
8084144ffa75,AD002884,town_centroid,town,1,-172.75833333333335,-551.7416666666667,0.25,0.2143,0.3889,1,1,0,0,0,0,none,3,0.0
7f8a65f3d237,AD002886,vendor_pin,locality,1,508.5,-3008.0,0.1667,0.1351,0.2609,1,1,0,0,0,0,locality,3,2567.8
9a6bed63d14e,AD002886,locality_centroid,locality,1,665.2,-3094.2,0.1667,0.1351,0.2609,1,1,0,0,0,0,none,3,2689.2
662b24d8d301,AD002886,town_centroid,town,1,-46.70000000000002,-500.9083333333333,0.1667,0.1351,0.2609,1,1,0,0,0,0,none,3,0.0
161e5b108a26,AD002887,vendor_pin,locality,1,2449.0,1054.7,0.1429,0.1778,0.386,0,1,0,0,0,0,locality,2,2940.8
8dede6959266,AD002887,town_centroid,town,1,-46.70000000000002,-500.9083333333333,0.1429,0.1778,0.386,0,1,0,0,0,0,none,2,0.0
0707dff47e4f,AD002888,vendor_pin,locality,1,3003.7,432.1,0.0909,0.1014,0.25,0,1,0,0,0,0,locality,2,2171.5
6a66aabf3dd8,AD002888,town_centroid,town,1,856.3249999999999,109.34166666666668,0.0909,0.1014,0.25,0,1,0,0,0,0,none,2,0.0
0d88444b7ece,AD002889,vendor_pin,locality,1,3679.3,284.6,0.1818,0.1972,0.3556,1,1,0,0,0,0,locality,4,3941.8
e076e2f3cd8a,AD002889,locality_centroid,locality,1,3653.7,367.3,0.1818,0.1972,0.3556,1,1,0,0,0,0,none,4,3935.3
cfa032e3b29d,AD002889,town_centroid,town,1,-172.75833333333335,-551.7416666666667,0.1818,0.1972,0.3556,1,1,0,0,0,0,none,4,0.0
520a8e4b0fb6,AD002889,prior_field_cluster,street,1,4055.9,110.3,0.1818,0.1972,0.3556,1,1,0,0,0,0,none,4,4280.2
e866a08aba3e,AD002890,vendor_pin,pincode,1,-1467.5,2822.8,0.0,0.0615,0.1644,0,1,0,0,0,0,pincode,2,3614.4
41a7c4c981c2,AD002890,town_centroid,town,1,-172.75833333333335,-551.7416666666667,0.0,0.0615,0.1644,0,1,0,0,0,0,none,2,0.0
c81f1c0968d8,AD002891,vendor_pin,street,1,502.5,-927.0,0.1667,0.1781,0.3333,1,1,0,0,0,0,street,4,772.5
cd371d4047c6,AD002891,locality_centroid,locality,1,929.4,-822.2,0.1667,0.1781,0.3333,1,1,0,0,0,0,none,4,1134.9
c84321006f88,AD002891,town_centroid,town,1,-172.75833333333335,-551.7416666666667,0.1667,0.1781,0.3333,1,1,0,0,0,0,none,4,0.0
7124c745683f,AD002891,prior_field_cluster,street,1,526.1,-937.1,0.1667,0.1781,0.3333,1,1,0,0,0,0,none,4,798.1
57ed637f7448,AD002892,vendor_pin,locality,1,-2359.3,1492.0,0.1538,0.1558,0.2979,1,1,0,0,0,0,locality,3,2993.0
07ae67b10d2d,AD002892,locality_centroid,locality,1,-2446.2,1613.2,0.1538,0.1558,0.2979,1,1,0,0,0,0,none,3,3139.3
42b118b9f9a5,AD002892,town_centroid,town,1,-172.75833333333335,-551.7416666666667,0.1538,0.1558,0.2979,1,1,0,0,0,0,none,3,0.0
8ac930a6bd03,AD002893,vendor_pin,locality,1,1658.7,-2263.3,0.2222,0.1406,0.2651,1,1,0,0,0,0,locality,3,2504.6
6a843a1a2781,AD002893,locality_centroid,locality,1,1577.4,-2059.5,0.2222,0.1406,0.2651,1,1,0,0,0,0,none,3,2285.6
40b6b901d879,AD002893,town_centroid,town,1,856.3249999999999,109.34166666666668,0.2222,0.1406,0.2651,1,1,0,0,0,0,none,3,0.0
8085099b80dc,AD002894,vendor_pin,locality,1,532.1,1543.0,0.1818,0.1528,0.2921,1,1,0,0,0,0,locality,3,2210.2
b9d3124eae1d,AD002894,locality_centroid,locality,1,524.3,1610.0,0.1818,0.1528,0.2921,1,1,0,0,0,0,none,3,2271.3
3bb237658886,AD002894,town_centroid,town,1,-172.75833333333335,-551.7416666666667,0.1818,0.1528,0.2921,1,1,0,0,0,0,none,3,0.0
3bda7513875c,AD002896,vendor_pin,locality,1,829.6,-766.5,0.1,0.1515,0.35,0,0,0,0,0,0,locality,3,1025.1
b3678628f9bc,AD002896,town_centroid,town,1,-172.75833333333335,-551.7416666666667,0.1,0.1515,0.35,0,0,0,0,0,0,none,3,0.0
4d3922161669,AD002896,prior_field_cluster,street,1,1066.6,-481.5,0.1,0.1515,0.35,0,0,0,0,0,0,none,3,1241.3
31c396ef54b1,AD002898,vendor_pin,locality,1,-408.9,-3529.5,0.2857,0.2182,0.3944,1,1,0,0,0,0,locality,3,2987.1
d869d248da03,AD002898,locality_centroid,locality,1,-433.5,-3467.4,0.2857,0.2182,0.3944,1,1,0,0,0,0,none,3,2927.3
14df62aad4df,AD002898,town_centroid,town,1,-172.75833333333335,-551.7416666666667,0.2857,0.2182,0.3944,1,1,0,0,0,0,none,3,0.0
5bf4619985da,AD002899,vendor_pin,locality,1,3064.9,575.3,0.2,0.1562,0.3038,1,1,0,0,0,0,locality,3,2257.2
16434d975ddb,AD002899,locality_centroid,locality,1,3029.6,575.7,0.2,0.1562,0.3038,1,1,0,0,0,0,none,3,2222.7
fbbffc09f21c,AD002899,town_centroid,town,1,856.3249999999999,109.34166666666668,0.2,0.1562,0.3038,1,1,0,0,0,0,none,3,0.0
d263b4dcefd3,AD002900,vendor_pin,locality,1,3238.8,-2095.0,0.2857,0.2083,0.3871,1,1,0,0,0,0,locality,3,3744.4
f32a7c3595ae,AD002900,locality_centroid,locality,1,3188.8,-1960.7,0.2857,0.2083,0.3871,1,1,0,0,0,0,none,3,3644.9
6cbacc4a7387,AD002900,town_centroid,town,1,-172.75833333333335,-551.7416666666667,0.2857,0.2083,0.3871,1,1,0,0,0,0,none,3,0.0
fcdfdd0aee26,AD002901,vendor_pin,street,1,870.3,-1304.3,0.2,0.2,0.3659,1,1,0,0,0,0,street,4,1286.2
882aef9d9b63,AD002901,locality_centroid,locality,1,929.4,-822.2,0.2,0.2,0.3659,1,1,0,0,0,0,none,4,1134.9
a5f49c2b878d,AD002901,town_centroid,town,1,-172.75833333333335,-551.7416666666667,0.2,0.2,0.3659,1,1,0,0,0,0,none,4,0.0
a0e62a188a9e,AD002901,prior_field_cluster,street,1,863.95,-1264.4,0.2,0.2,0.3659,1,1,0,0,0,0,none,4,1258.0
f62850eacd3d,AD002902,vendor_pin,locality,1,-283.8,3266.7,0.2857,0.26,0.4478,1,0,0,0,0,0,locality,3,3820.1
1ba2ca5e9a41,AD002902,locality_centroid,locality,1,-438.3,3208.9,0.2857,0.26,0.4478,1,0,0,0,0,0,none,3,3770.0
cf60ae8652b9,AD002902,town_centroid,town,1,-172.75833333333335,-551.7416666666667,0.2857,0.26,0.4478,1,0,0,0,0,0,none,3,0.0
41050b25bd2f,AD002903,vendor_pin,street,1,-2286.2,1608.0,0.25,0.2182,0.3889,1,1,0,0,0,0,street,4,3021.8
a178a5595249,AD002903,locality_centroid,locality,1,-2446.2,1613.2,0.25,0.2182,0.3889,1,1,0,0,0,0,none,4,3139.3
0c70db52dbb8,AD002903,town_centroid,town,1,-172.75833333333335,-551.7416666666667,0.25,0.2182,0.3889,1,1,0,0,0,0,none,4,0.0
c47e3c6be8f1,AD002903,prior_field_cluster,street,1,-2248.95,1646.6,0.25,0.2182,0.3889,1,1,0,0,0,0,none,4,3023.8
fcac0f4bce17,AD002904,vendor_pin,locality,1,2840.0,-2034.1,0.25,0.2,0.3692,1,1,0,0,0,0,locality,4,3268.6
eb984a80622d,AD002904,locality_centroid,locality,1,2735.1,-2128.6,0.25,0.2,0.3692,1,1,0,0,0,0,none,4,3223.0
5d0c7c6be2d7,AD002904,town_centroid,town,1,-46.70000000000002,-500.9083333333333,0.25,0.2,0.3692,1,1,0,0,0,0,none,4,0.0
4a36ea873467,AD002904,prior_field_cluster,street,1,2716.35,-1953.0,0.25,0.2,0.3692,1,1,0,0,0,0,none,4,3121.4
560eb52e99e1,AD002905,vendor_pin,locality,1,802.7,-800.0,0.1,0.1493,0.3457,0,1,0,0,0,0,locality,2,1006.6
e77baf7d644f,AD002905,town_centroid,town,1,-172.75833333333335,-551.7416666666667,0.1,0.1493,0.3457,0,1,0,0,0,0,none,2,0.0
e792418d1d73,AD002906,vendor_pin,locality,1,-546.7,-562.8,0.2,0.1618,0.2889,1,1,0,0,0,0,locality,4,1555.7
69a2620f765c,AD002906,locality_centroid,locality,1,-533.7,-484.7,0.2,0.1618,0.2889,1,1,0,0,0,0,none,4,1511.6
ff25d6496750,AD002906,town_centroid,town,1,856.3249999999999,109.34166666666668,0.2,0.1618,0.2889,1,1,0,0,0,0,none,4,0.0
e82e6af8c186,AD002906,prior_field_cluster,street,1,-346.6,-661.3,0.2,0.1618,0.2889,1,1,0,0,0,0,none,4,1428.6
020806e71b35,AD002907,vendor_pin,locality,1,979.7,2696.2,0.25,0.1961,0.3636,1,1,0,0,0,0,locality,4,2589.8
a1c0404af604,AD002907,locality_centroid,locality,1,986.3,2772.6,0.25,0.1961,0.3636,1,1,0,0,0,0,none,4,2666.4
6514f8380e2f,AD002907,town_centroid,town,1,856.3249999999999,109.34166666666668,0.25,0.1961,0.3636,1,1,0,0,0,0,none,4,0.0
6d0761dff190,AD002907,prior_field_cluster,street,1,1115.5,2703.0,0.25,0.1961,0.3636,1,1,0,0,0,0,none,4,2606.6
fe799c903905,AD002908,vendor_pin,street,1,2637.8,-2240.0,0.1818,0.1389,0.2759,1,1,0,0,0,0,street,3,3198.6
425c9d4aa988,AD002908,locality_centroid,locality,1,2735.1,-2128.6,0.1818,0.1389,0.2759,1,1,0,0,0,0,none,3,3223.0
42b473e04d4f,AD002908,town_centroid,town,1,-46.70000000000002,-500.9083333333333,0.1818,0.1389,0.2759,1,1,0,0,0,0,none,3,0.0
54a002c53942,AD002910,vendor_pin,locality,1,-622.1,-1083.7,0.0769,0.12,0.2889,0,1,0,0,0,0,locality,2,819.0
a56a8a3fdc93,AD002910,town_centroid,town,1,-46.70000000000002,-500.9083333333333,0.0769,0.12,0.2889,0,1,0,0,0,0,none,2,0.0
1749c5a96434,AD002911,vendor_pin,locality,1,3116.5,-2190.1,0.0769,0.0921,0.2444,0,1,0,0,0,0,locality,3,3586.0
540b3b67410b,AD002911,town_centroid,town,1,-46.70000000000002,-500.9083333333333,0.0769,0.0921,0.2444,0,1,0,0,0,0,none,3,0.0
24cbebc946cc,AD002911,prior_field_cluster,street,1,2900.2,-2205.0,0.0769,0.0921,0.2444,0,1,0,0,0,0,none,3,3404.1
c65eb60f48bc,AD002912,vendor_pin,pincode,1,1990.5,1558.6,0.0909,0.0735,0.2278,0,1,0,0,0,0,pincode,3,1840.3
23397c4ce7e1,AD002912,town_centroid,town,1,856.3249999999999,109.34166666666668,0.0909,0.0735,0.2278,0,1,0,0,0,0,none,3,0.0
360aa2989f4a,AD002912,prior_field_cluster,street,1,2340.3,423.9,0.0909,0.0735,0.2278,0,1,0,0,0,0,none,3,1516.9
f28f2e892559,AD002913,vendor_pin,locality,1,-326.2,1122.0,0.25,0.1915,0.3492,1,1,0,0,0,0,locality,3,1556.9
2278a024f777,AD002913,locality_centroid,locality,1,-200.6,1476.5,0.25,0.1915,0.3492,1,1,0,0,0,0,none,3,1728.1
ab6f27e4ca16,AD002913,town_centroid,town,1,856.3249999999999,109.34166666666668,0.25,0.1915,0.3492,1,1,0,0,0,0,none,3,0.0
26079c22e607,AD002914,vendor_pin,locality,1,-1367.7,338.6,0.0769,0.0789,0.2326,0,1,0,0,0,0,locality,2,1565.2
cde090fd4e73,AD002914,town_centroid,town,1,-46.70000000000002,-500.9083333333333,0.0769,0.0789,0.2326,0,1,0,0,0,0,none,2,0.0
ea30517e0cd1,AD002915,vendor_pin,locality,1,-516.0,-363.8,0.3333,0.275,0.4262,1,1,0,0,0,0,locality,3,1451.6
5ee6f2536da8,AD002915,locality_centroid,locality,1,-533.7,-484.7,0.3333,0.275,0.4262,1,1,0,0,0,0,none,3,1511.6
c6dc894592c4,AD002915,town_centroid,town,1,856.3249999999999,109.34166666666668,0.3333,0.275,0.4262,1,1,0,0,0,0,none,3,0.0
3c7279b7d623,AD002916,vendor_pin,locality,1,-268.9,-3469.0,0.1818,0.169,0.3218,1,1,0,0,0,0,locality,4,2918.8
d733ce7bce79,AD002916,locality_centroid,locality,1,-433.5,-3467.4,0.1818,0.169,0.3218,1,1,0,0,0,0,none,4,2927.3
48e380d1bf3d,AD002916,town_centroid,town,1,-172.75833333333335,-551.7416666666667,0.1818,0.169,0.3218,1,1,0,0,0,0,none,4,0.0
46f76f7af1c1,AD002916,prior_field_cluster,street,1,993.8000000000001,-2237.3,0.1818,0.169,0.3218,1,1,0,0,0,0,none,4,2049.9
32b5ab31ded5,AD002917,vendor_pin,locality,1,-811.2,-3096.7,0.0769,0.1096,0.2529,0,1,0,0,0,0,locality,2,2706.0
fed415c090d0,AD002917,town_centroid,town,1,-46.70000000000002,-500.9083333333333,0.0769,0.1096,0.2529,0,1,0,0,0,0,none,2,0.0
0b98f30a0708,AD002918,vendor_pin,locality,1,2611.1,-2304.1,0.2222,0.1818,0.338,1,1,0,0,0,0,locality,3,3211.8
4765129263b3,AD002918,locality_centroid,locality,1,2735.1,-2128.6,0.2222,0.1818,0.338,1,1,0,0,0,0,none,3,3223.0
0dca8f73e055,AD002918,town_centroid,town,1,-46.70000000000002,-500.9083333333333,0.2222,0.1818,0.338,1,1,0,0,0,0,none,3,0.0
983f3dcc3db1,AD002920,vendor_pin,locality,1,2742.9,-2030.6,0.25,0.2128,0.3934,1,1,0,0,0,0,locality,4,3181.5
e4d13f03aaa2,AD002920,locality_centroid,locality,1,2735.1,-2128.6,0.25,0.2128,0.3934,1,1,0,0,0,0,none,4,3223.0
0b067f5384ae,AD002920,town_centroid,town,1,-46.70000000000002,-500.9083333333333,0.25,0.2128,0.3934,1,1,0,0,0,0,none,4,0.0
aab30a1eab7d,AD002920,prior_field_cluster,street,1,2745.4,-2558.5,0.25,0.2128,0.3934,1,1,0,0,0,0,none,4,3468.4
94e57ad32b6e,AD002921,vendor_pin,locality,1,-2569.0,1614.1,0.25,0.2034,0.3733,1,1,0,0,0,0,locality,3,3230.0
ba9cf3998eb7,AD002921,locality_centroid,locality,1,-2446.2,1613.2,0.25,0.2034,0.3733,1,1,0,0,0,0,none,3,3139.3
d415a774bcb1,AD002921,town_centroid,town,1,-172.75833333333335,-551.7416666666667,0.25,0.2034,0.3733,1,1,0,0,0,0,none,3,0.0
4fae45770e42,AD002922,vendor_pin,locality,1,776.5,-2994.2,0.1818,0.1515,0.2963,1,1,0,0,0,0,locality,4,2625.7
83bd3d6d594a,AD002922,locality_centroid,locality,1,665.2,-3094.2,0.1818,0.1515,0.2963,1,1,0,0,0,0,none,4,2689.2
d7331cd7ecc2,AD002922,town_centroid,town,1,-46.70000000000002,-500.9083333333333,0.1818,0.1515,0.2963,1,1,0,0,0,0,none,4,0.0
951ded87ac7f,AD002922,prior_field_cluster,street,1,762.5999999999999,-2683.65,0.1818,0.1515,0.2963,1,1,0,0,0,0,none,4,2327.9
5abd77ea285b,AD002923,vendor_pin,locality,1,2742.8,-2135.6,0.2857,0.2326,0.4211,1,0,0,0,0,0,locality,3,3233.2
06a40a5b346c,AD002923,locality_centroid,locality,1,2735.1,-2128.6,0.2857,0.2326,0.4211,1,0,0,0,0,0,none,3,3223.0
0148855dd499,AD002923,town_centroid,town,1,-46.70000000000002,-500.9083333333333,0.2857,0.2326,0.4211,1,0,0,0,0,0,none,3,0.0
13db6c8c4292,AD002924,vendor_pin,locality,1,1722.7,-1104.1,0.1538,0.2105,0.3711,1,1,0,0,0,0,locality,3,1869.4
6ee6217e5a90,AD002924,locality_centroid,locality,1,1939.0,-996.1,0.1538,0.2105,0.3711,1,1,0,0,0,0,none,3,2046.5
626f2c3d0db6,AD002924,town_centroid,town,1,-46.70000000000002,-500.9083333333333,0.1538,0.2105,0.3711,1,1,0,0,0,0,none,3,0.0
e5704fd35f99,AD002925,vendor_pin,locality,1,2697.3,-2314.2,0.1818,0.137,0.2727,1,1,0,0,0,0,locality,4,3289.0
a2c2f3115bb5,AD002925,locality_centroid,locality,1,2735.1,-2128.6,0.1818,0.137,0.2727,1,1,0,0,0,0,none,4,3223.0
537dfa5731e9,AD002925,town_centroid,town,1,-46.70000000000002,-500.9083333333333,0.1818,0.137,0.2727,1,1,0,0,0,0,none,4,0.0
85071f004a2a,AD002925,prior_field_cluster,street,1,2580.85,-1967.4,0.1818,0.137,0.2727,1,1,0,0,0,0,none,4,3009.1
3893247ede57,AD002926,vendor_pin,locality,1,-3529.2,-882.9,0.2,0.2,0.3947,0,1,0,0,0,0,locality,2,3372.7
9a4b6dbcd71e,AD002926,town_centroid,town,1,-172.75833333333335,-551.7416666666667,0.2,0.2,0.3947,0,1,0,0,0,0,none,2,0.0
9f4b828c8c3e,AD002927,vendor_pin,pincode,1,-2185.5,-662.3,0.0,0.0851,0.2909,0,1,0,0,0,0,pincode,2,2015.8
cd8dd6c0bdcd,AD002927,town_centroid,town,1,-172.75833333333335,-551.7416666666667,0.0,0.0851,0.2909,0,1,0,0,0,0,none,2,0.0
a1bb48026526,AD002928,vendor_pin,locality,1,797.4,-3142.7,0.1818,0.1613,0.3,1,1,0,0,0,0,locality,4,2773.4
b82ad74490dc,AD002928,locality_centroid,locality,1,665.2,-3094.2,0.1818,0.1613,0.3,1,1,0,0,0,0,none,4,2689.2
7902c9628ef2,AD002928,town_centroid,town,1,-46.70000000000002,-500.9083333333333,0.1818,0.1613,0.3,1,1,0,0,0,0,none,4,0.0
d3d5a285975b,AD002928,prior_field_cluster,street,1,1168.8,-3171.8,0.1818,0.1613,0.3,1,1,0,0,0,0,none,4,2934.5
9d46195bd929,AD002929,vendor_pin,locality,1,911.3,-5.3,0.1538,0.1463,0.2857,1,1,0,0,0,0,locality,3,1078.6
5695a731e273,AD002929,locality_centroid,locality,1,1112.8,-196.7,0.1538,0.1463,0.2857,1,1,0,0,0,0,none,3,1198.7
83f6af1158f8,AD002929,town_centroid,town,1,-46.70000000000002,-500.9083333333333,0.1538,0.1463,0.2857,1,1,0,0,0,0,none,3,0.0
b3f7b6171da6,AD002930,vendor_pin,locality,1,-570.9,3061.4,0.2,0.1818,0.3146,1,1,0,0,0,0,locality,3,3279.0
d61e5cc21e6f,AD002930,locality_centroid,locality,1,-603.5,2996.1,0.2,0.1818,0.3146,1,1,0,0,0,0,none,3,3234.9
4c9655a6f3ae,AD002930,town_centroid,town,1,856.3249999999999,109.34166666666668,0.2,0.1818,0.3146,1,1,0,0,0,0,none,3,0.0
0b99c77b225d,AD002931,vendor_pin,locality,1,2587.3,-1334.5,0.1667,0.1266,0.25,1,1,0,0,0,0,locality,3,2254.1
9af70ff3e74c,AD002931,locality_centroid,locality,1,2589.2,-1273.1,0.1667,0.1266,0.25,1,1,0,0,0,0,none,3,2216.8
289e116a3ba6,AD002931,town_centroid,town,1,856.3249999999999,109.34166666666668,0.1667,0.1266,0.25,1,1,0,0,0,0,none,3,0.0
a2b7d45db1b9,AD002932,vendor_pin,locality,1,-234.8,-3530.5,0.2,0.15,0.2887,1,1,0,0,0,0,locality,4,2979.4
56ca0b7f7d1d,AD002932,locality_centroid,locality,1,-433.5,-3467.4,0.2,0.15,0.2887,1,1,0,0,0,0,none,4,2927.3
41b6fd14faf9,AD002932,town_centroid,town,1,-172.75833333333335,-551.7416666666667,0.2,0.15,0.2887,1,1,0,0,0,0,none,4,0.0
eb320123d1d7,AD002932,prior_field_cluster,street,1,-622.4,-3449.25,0.2,0.15,0.2887,1,1,0,0,0,0,none,4,2932.2
4630e315679f,AD002933,vendor_pin,locality,1,854.9,-1009.1,0.2,0.1757,0.3226,1,1,0,0,0,0,locality,4,1124.8
826ca6157f10,AD002933,locality_centroid,locality,1,929.4,-822.2,0.2,0.1757,0.3226,1,1,0,0,0,0,none,4,1134.9
51fbc5e0cbe9,AD002933,town_centroid,town,1,-172.75833333333335,-551.7416666666667,0.2,0.1757,0.3226,1,1,0,0,0,0,none,4,0.0
31ccba41099c,AD002933,prior_field_cluster,street,1,912.7,-720.4,0.2,0.1757,0.3226,1,1,0,0,0,0,none,4,1098.5
df21837dffc3,AD002934,vendor_pin,pincode,1,1516.3,-2047.5,0.0,0.0976,0.2449,0,1,0,0,0,0,pincode,2,2256.1
6f6be79ccb73,AD002934,town_centroid,town,1,-172.75833333333335,-551.7416666666667,0.0,0.0976,0.2449,0,1,0,0,0,0,none,2,0.0
e2a7a60ac8cb,AD002935,vendor_pin,locality,1,-268.3,-3571.6,0.125,0.1923,0.3939,0,1,0,0,0,0,locality,2,3021.4
fe029aeded67,AD002935,town_centroid,town,1,-172.75833333333335,-551.7416666666667,0.125,0.1923,0.3939,0,1,0,0,0,0,none,2,0.0
692beffd4684,AD002936,vendor_pin,locality,1,828.3,2849.6,0.3333,0.2439,0.4286,1,1,0,0,0,0,locality,4,2740.4
591f845aa2b6,AD002936,locality_centroid,locality,1,986.3,2772.6,0.3333,0.2439,0.4286,1,1,0,0,0,0,none,4,2666.4
de0723516936,AD002936,town_centroid,town,1,856.3249999999999,109.34166666666668,0.3333,0.2439,0.4286,1,1,0,0,0,0,none,4,0.0
519ab918f149,AD002936,prior_field_cluster,street,1,1122.1,2977.6,0.3333,0.2439,0.4286,1,1,0,0,0,0,none,4,2880.5
c133c7dc3b2d,AD002938,vendor_pin,locality,1,2530.7,940.4,0.3333,0.2368,0.4231,1,0,0,0,0,0,locality,4,2953.0
614ee1dc726e,AD002938,locality_centroid,locality,1,2499.2,994.1,0.3333,0.2368,0.4231,1,0,0,0,0,0,none,4,2952.4
380bd05c4024,AD002938,town_centroid,town,1,-46.70000000000002,-500.9083333333333,0.3333,0.2368,0.4231,1,0,0,0,0,0,none,4,0.0
4710df486f1c,AD002938,prior_field_cluster,street,1,2127.4,986.7,0.3333,0.2368,0.4231,1,0,0,0,0,0,none,4,2634.3
561d814b653e,AD002939,vendor_pin,locality,1,-2240.9,1633.7,0.4,0.3429,0.549,1,1,0,0,0,0,locality,3,3008.9
74aee08a96f8,AD002939,locality_centroid,locality,1,-2446.2,1613.2,0.4,0.3429,0.549,1,1,0,0,0,0,none,3,3139.3
2683a0a37cdb,AD002939,town_centroid,town,1,-172.75833333333335,-551.7416666666667,0.4,0.3429,0.549,1,1,0,0,0,0,none,3,0.0
105ff3c0db8f,AD002940,vendor_pin,locality,1,-519.4,-1252.3,0.25,0.22,0.3939,1,1,0,0,0,0,locality,3,887.7
b19cf0c7f237,AD002940,locality_centroid,locality,1,-598.6,-1329.8,0.25,0.22,0.3939,1,1,0,0,0,0,none,3,995.8
10813bb52982,AD002940,town_centroid,town,1,-46.70000000000002,-500.9083333333333,0.25,0.22,0.3939,1,1,0,0,0,0,none,3,0.0
510fb5659476,AD002941,vendor_pin,locality,1,560.3,-2950.9,0.1538,0.1333,0.2667,1,0,0,0,0,0,locality,3,2524.1
d54c5765d347,AD002941,locality_centroid,locality,1,665.2,-3094.2,0.1538,0.1333,0.2667,1,0,0,0,0,0,none,3,2689.2
db6c9d400d0e,AD002941,town_centroid,town,1,-46.70000000000002,-500.9083333333333,0.1538,0.1333,0.2667,1,0,0,0,0,0,none,3,0.0
62b8b6b82e55,AD002942,vendor_pin,street,1,1273.7,1633.5,0.3333,0.25,0.4364,1,1,0,0,0,0,street,3,1580.3
cbacd9eaf853,AD002942,locality_centroid,locality,1,987.4,1270.5,0.3333,0.25,0.4364,1,1,0,0,0,0,none,3,1168.5
3c9cbd0afdd2,AD002942,town_centroid,town,1,856.3249999999999,109.34166666666668,0.3333,0.25,0.4364,1,1,0,0,0,0,none,3,0.0
bf7b8ca0c18a,AD002943,vendor_pin,locality,1,-2569.3,-263.9,0.3333,0.2727,0.4595,1,1,0,0,0,0,locality,3,2413.8
18b92e2de46f,AD002943,locality_centroid,locality,1,-2605.6,-262.1,0.3333,0.2727,0.4595,1,1,0,0,0,0,none,3,2450.0
0d6c6de074f0,AD002943,town_centroid,town,1,-172.75833333333335,-551.7416666666667,0.3333,0.2727,0.4595,1,1,0,0,0,0,none,3,0.0
ed5166e73ba5,AD002944,vendor_pin,locality,1,-2429.0,-265.2,0.2,0.2143,0.4167,0,1,0,0,0,0,locality,2,2274.4
a3ebcfc1eff2,AD002944,town_centroid,town,1,-172.75833333333335,-551.7416666666667,0.2,0.2143,0.4167,0,1,0,0,0,0,none,2,0.0
62ef5a6026f4,AD002945,vendor_pin,locality,1,2989.3,539.5,0.25,0.1852,0.338,1,0,0,0,0,0,locality,3,2175.9
bc0ad150376f,AD002945,locality_centroid,locality,1,3029.6,575.7,0.25,0.1852,0.338,1,0,0,0,0,0,none,3,2222.7
aecd247a5f2d,AD002945,town_centroid,town,1,856.3249999999999,109.34166666666668,0.25,0.1852,0.338,1,0,0,0,0,0,none,3,0.0
d6820abf8ebe,AD002947,vendor_pin,locality,1,1096.1,137.7,0.2,0.1642,0.3095,1,0,0,0,0,0,locality,3,241.4
12c18bd9a484,AD002947,locality_centroid,locality,1,1046.9,-2.6,0.2,0.1642,0.3095,1,0,0,0,0,0,none,3,221.0
fe1f8422bde9,AD002947,town_centroid,town,1,856.3249999999999,109.34166666666668,0.2,0.1642,0.3095,1,0,0,0,0,0,none,3,0.0
66584ff08b56,AD002948,vendor_pin,locality,1,2430.7,-1073.0,0.2222,0.1818,0.3429,1,1,0,0,0,0,locality,3,1968.9
2f39207a3f03,AD002948,locality_centroid,locality,1,2589.2,-1273.1,0.2222,0.1818,0.3429,1,1,0,0,0,0,none,3,2216.8
9a0b9d046b47,AD002948,town_centroid,town,1,856.3249999999999,109.34166666666668,0.2222,0.1818,0.3429,1,1,0,0,0,0,none,3,0.0
debbebc76e36,AD002949,vendor_pin,locality,1,1126.2,-65.1,0.1667,0.2581,0.5,0,1,0,0,0,0,locality,2,321.3
20dcd08ae405,AD002949,town_centroid,town,1,856.3249999999999,109.34166666666668,0.1667,0.2581,0.5,0,1,0,0,0,0,none,2,0.0
a8a9038a891a,AD002950,vendor_pin,locality,1,-1008.5,-3226.7,0.2857,0.2174,0.3934,1,1,1,0,0,0,locality,3,2890.5
8e664b1ec42a,AD002950,locality_centroid,locality,1,-1053.3,-3163.0,0.2857,0.2174,0.3934,1,1,1,0,0,0,none,3,2846.0
0964bbb40ea8,AD002950,town_centroid,town,1,-46.70000000000002,-500.9083333333333,0.2857,0.2174,0.3934,1,1,1,0,0,0,none,3,0.0
d77590d4f068,AD002952,vendor_pin,locality,1,1861.3,-1157.4,0.4,0.381,0.5806,1,0,0,1,0,0,locality,3,2017.8
e83d2f5c33ed,AD002952,locality_centroid,locality,1,1939.0,-996.1,0.4,0.381,0.5806,1,0,0,1,0,0,none,3,2046.5
110feeb85cbe,AD002952,town_centroid,town,1,-46.70000000000002,-500.9083333333333,0.4,0.381,0.5806,1,0,0,1,0,0,none,3,0.0
3812bc74c109,AD002953,vendor_pin,pincode,1,772.0,-1622.7,0.1111,0.0806,0.2162,0,1,0,0,0,0,pincode,3,1734.1
897103a859ea,AD002953,town_centroid,town,1,856.3249999999999,109.34166666666668,0.1111,0.0806,0.2162,0,1,0,0,0,0,none,3,0.0
3ba1b8247424,AD002953,prior_field_cluster,street,1,2414.95,-1688.65,0.1111,0.0806,0.2162,0,1,0,0,0,0,none,3,2379.5
ea8f4a9584f9,AD002954,vendor_pin,locality,1,-1121.2,-3036.6,0.2,0.1754,0.3333,1,1,0,0,0,0,locality,3,2754.0
53e7b0f16b48,AD002954,locality_centroid,locality,1,-1053.3,-3163.0,0.2,0.1754,0.3333,1,1,0,0,0,0,none,3,2846.0
c82792881795,AD002954,town_centroid,town,1,-46.70000000000002,-500.9083333333333,0.2,0.1754,0.3333,1,1,0,0,0,0,none,3,0.0
460d07ccb165,AD002955,vendor_pin,pincode,1,1954.8,-1804.7,0.0,0.0156,0.2,0,1,0,0,0,0,pincode,2,2388.7
3513820b0b7a,AD002955,town_centroid,town,1,-46.70000000000002,-500.9083333333333,0.0,0.0156,0.2,0,1,0,0,0,0,none,2,0.0
9d95cd06499c,AD002956,vendor_pin,locality,1,-2565.6,-256.4,0.2727,0.1974,0.3542,1,1,0,0,0,0,locality,4,2411.0
09a5619697b4,AD002956,locality_centroid,locality,1,-2605.6,-262.1,0.2727,0.1974,0.3542,1,1,0,0,0,0,none,4,2450.0
16879d0d8c61,AD002956,town_centroid,town,1,-172.75833333333335,-551.7416666666667,0.2727,0.1974,0.3542,1,1,0,0,0,0,none,4,0.0
ba7705549f7d,AD002956,prior_field_cluster,street,1,-371.29999999999995,-449.40000000000003,0.2727,0.1974,0.3542,1,1,0,0,0,0,none,4,223.4
d834365cb301,AD002957,vendor_pin,locality,1,528.6,-2959.5,0.25,0.22,0.3768,1,0,0,0,0,0,locality,3,3086.3
f9a7c88bc2c2,AD002957,locality_centroid,locality,1,688.3,-3007.0,0.25,0.22,0.3768,1,0,0,0,0,0,none,3,3120.9
e399cd55ca01,AD002957,town_centroid,town,1,856.3249999999999,109.34166666666668,0.25,0.22,0.3768,1,0,0,0,0,0,none,3,0.0
353031596477,AD002958,vendor_pin,pincode,1,1758.6,1911.0,0.0,0.0678,0.2388,0,1,0,0,0,0,pincode,2,2015.0
6248da08e70b,AD002958,town_centroid,town,1,856.3249999999999,109.34166666666668,0.0,0.0678,0.2388,0,1,0,0,0,0,none,2,0.0
42711211dc76,AD002959,vendor_pin,street,1,-2503.7,-530.5,0.3,0.2027,0.3656,1,1,0,0,0,0,street,4,2331.0
f283cf07f4c0,AD002959,locality_centroid,locality,1,-2605.6,-262.1,0.3,0.2027,0.3656,1,1,0,0,0,0,none,4,2450.0
bf458c11b83c,AD002959,town_centroid,town,1,-172.75833333333335,-551.7416666666667,0.3,0.2027,0.3656,1,1,0,0,0,0,none,4,0.0
0472b9f38298,AD002959,prior_field_cluster,street,1,-2446.3,-543.1,0.3,0.2027,0.3656,1,1,0,0,0,0,none,4,2273.6
ec8dd15970cb,AD002960,vendor_pin,street,1,-432.7,-3506.1,0.1818,0.1765,0.3333,1,1,0,0,0,0,street,3,2965.8
a9293587ef2d,AD002960,locality_centroid,locality,1,-433.5,-3467.4,0.1818,0.1765,0.3333,1,1,0,0,0,0,none,3,2927.3
7f6ebf063a3e,AD002960,town_centroid,town,1,-172.75833333333335,-551.7416666666667,0.1818,0.1765,0.3333,1,1,0,0,0,0,none,3,0.0
933fa8b805e7,AD002961,vendor_pin,locality,1,1002.9,2713.9,0.25,0.1786,0.338,1,1,0,0,0,0,locality,3,2608.7
8ea814efe04a,AD002961,locality_centroid,locality,1,986.3,2772.6,0.25,0.1786,0.338,1,1,0,0,0,0,none,3,2666.4
33450c59cf3e,AD002961,town_centroid,town,1,856.3249999999999,109.34166666666668,0.25,0.1786,0.338,1,1,0,0,0,0,none,3,0.0
7cec05ee70ad,AD002962,vendor_pin,locality,1,828.4,2678.3,0.25,0.1818,0.338,1,1,0,0,0,0,locality,4,2569.1
ebd1e039fb3b,AD002962,locality_centroid,locality,1,986.3,2772.6,0.25,0.1818,0.338,1,1,0,0,0,0,none,4,2666.4
e25a4fa8f535,AD002962,town_centroid,town,1,856.3249999999999,109.34166666666668,0.25,0.1818,0.338,1,1,0,0,0,0,none,4,0.0
c0aac2bac536,AD002962,prior_field_cluster,street,1,978.9,3134.5,0.25,0.1818,0.338,1,1,0,0,0,0,none,4,3027.6
4ede96db0228,AD002964,vendor_pin,locality,1,-2447.8,1636.6,0.125,0.1731,0.4,0,1,0,0,0,0,locality,3,3156.7
9c297f82c91c,AD002964,town_centroid,town,1,-172.75833333333335,-551.7416666666667,0.125,0.1731,0.4,0,1,0,0,0,0,none,3,0.0
fb6391ce3df4,AD002964,prior_field_cluster,street,1,-2764.3,1949.5,0.125,0.1731,0.4,0,1,0,0,0,0,none,3,3601.7
4fecd9fb7f83,AD002965,vendor_pin,locality,1,-700.0,-1242.5,0.1667,0.1528,0.2955,1,1,0,0,0,0,locality,3,988.3
2697db0da54b,AD002965,locality_centroid,locality,1,-598.6,-1329.8,0.1667,0.1528,0.2955,1,1,0,0,0,0,none,3,995.8
f5eabbb0ee50,AD002965,town_centroid,town,1,-46.70000000000002,-500.9083333333333,0.1667,0.1528,0.2955,1,1,0,0,0,0,none,3,0.0
aa542fb4272d,AD002966,vendor_pin,locality,1,614.3,3084.0,0.1818,0.1351,0.2697,1,1,0,0,0,0,locality,4,2984.5
a9be97a031fe,AD002966,locality_centroid,locality,1,986.3,2772.6,0.1818,0.1351,0.2697,1,1,0,0,0,0,none,4,2666.4
46fc9ef9e317,AD002966,town_centroid,town,1,856.3249999999999,109.34166666666668,0.1818,0.1351,0.2697,1,1,0,0,0,0,none,4,0.0
3ca29e5b0bd5,AD002966,prior_field_cluster,street,1,417.35,2579.6,0.1818,0.1351,0.2697,1,1,0,0,0,0,none,4,2509.0
2fb9fcd74747,AD002967,vendor_pin,locality,1,-1311.9,391.9,0.2222,0.1803,0.3291,1,1,0,0,0,0,locality,4,1548.5
e50234d0ce0e,AD002967,locality_centroid,locality,1,-1205.8,409.2,0.2222,0.1803,0.3291,1,1,0,0,0,0,none,4,1473.7
91a29f8f114c,AD002967,town_centroid,town,1,-46.70000000000002,-500.9083333333333,0.2222,0.1803,0.3291,1,1,0,0,0,0,none,4,0.0
80fddedfe1fb,AD002967,prior_field_cluster,street,1,-1255.75,95.8,0.2222,0.1803,0.3291,1,1,0,0,0,0,none,4,1348.3
4cf1ad8006e2,AD002968,vendor_pin,locality,1,3615.6,468.1,0.1538,0.1728,0.32,1,1,0,0,0,0,locality,4,3923.2
c432742ba076,AD002968,locality_centroid,locality,1,3653.7,367.3,0.1538,0.1728,0.32,1,1,0,0,0,0,none,4,3935.3
108f2b7f53a4,AD002968,town_centroid,town,1,-172.75833333333335,-551.7416666666667,0.1538,0.1728,0.32,1,1,0,0,0,0,none,4,0.0
2ba27d3b36f8,AD002968,prior_field_cluster,street,1,3937.3,724.0,0.1538,0.1728,0.32,1,1,0,0,0,0,none,4,4303.5
5264229792c3,AD002969,vendor_pin,locality,1,1007.5,-3914.8,0.4,0.3214,0.4889,1,1,0,0,0,0,locality,3,3564.2
baf0f7a7d140,AD002969,locality_centroid,locality,1,1155.3,-3613.0,0.4,0.3214,0.4889,1,1,0,0,0,0,none,3,3336.9
03ded3138edb,AD002969,town_centroid,town,1,-172.75833333333335,-551.7416666666667,0.4,0.3214,0.4889,1,1,0,0,0,0,none,3,0.0
1cd96f38bde3,AD002970,vendor_pin,locality,1,-1060.6,-1950.8,0.2,0.1739,0.3294,1,1,0,0,0,0,locality,3,1657.0
cceeb3cb1b61,AD002970,locality_centroid,locality,1,-1112.2,-1888.2,0.2,0.1739,0.3294,1,1,0,0,0,0,none,3,1633.6
cbf590652bef,AD002970,town_centroid,town,1,-172.75833333333335,-551.7416666666667,0.2,0.1739,0.3294,1,1,0,0,0,0,none,3,0.0
e776198726cd,AD002971,vendor_pin,locality,1,2600.3,-1336.5,0.2857,0.2222,0.4068,1,1,0,0,0,0,locality,3,2265.4
11161799bb8d,AD002971,locality_centroid,locality,1,2589.2,-1273.1,0.2857,0.2222,0.4068,1,1,0,0,0,0,none,3,2216.8
258211cc1bb7,AD002971,town_centroid,town,1,856.3249999999999,109.34166666666668,0.2857,0.2222,0.4068,1,1,0,0,0,0,none,3,0.0
071a8e0864bf,AD002972,vendor_pin,locality,1,2214.9,1608.4,0.2222,0.1148,0.2308,1,1,0,0,0,0,locality,3,2023.1
33316f9cbf0b,AD002972,locality_centroid,locality,1,2308.9,1849.5,0.2222,0.1148,0.2308,1,1,0,0,0,0,none,3,2266.7
47ab67786979,AD002972,town_centroid,town,1,856.3249999999999,109.34166666666668,0.2222,0.1148,0.2308,1,1,0,0,0,0,none,3,0.0
a5a6421225ec,AD002973,vendor_pin,pincode,1,1722.2,-1241.4,0.1111,0.0725,0.2,0,1,0,0,0,0,pincode,3,1604.4
2c56b94739af,AD002973,town_centroid,town,1,856.3249999999999,109.34166666666668,0.1111,0.0725,0.2,0,1,0,0,0,0,none,3,0.0
e3b9e757f90e,AD002973,prior_field_cluster,street,1,1048.7,-2247.05,0.1111,0.0725,0.2,0,1,0,0,0,0,none,3,2364.2
216c69c8181c,AD002974,vendor_pin,locality,1,1595.0,-2359.2,0.125,0.125,0.3125,0,1,0,0,0,0,locality,2,2576.7
43b75f3445ac,AD002974,town_centroid,town,1,856.3249999999999,109.34166666666668,0.125,0.125,0.3125,0,1,0,0,0,0,none,2,0.0
07b546171c72,AD002975,vendor_pin,locality,1,2343.2,1984.5,0.4,0.2188,0.3673,1,1,0,0,0,0,locality,3,2393.1
c2729ffe0b12,AD002975,locality_centroid,locality,1,2308.9,1849.5,0.4,0.2188,0.3673,1,1,0,0,0,0,none,3,2266.7
cdf17dedfd5d,AD002975,town_centroid,town,1,856.3249999999999,109.34166666666668,0.4,0.2188,0.3673,1,1,0,0,0,0,none,3,0.0
3986c3f0e8ca,AD002976,vendor_pin,locality,1,1581.0,-2043.5,0.2,0.1385,0.2683,0,1,0,0,0,0,locality,2,2271.5
1620bdd7f13f,AD002976,town_centroid,town,1,856.3249999999999,109.34166666666668,0.2,0.1385,0.2683,0,1,0,0,0,0,none,2,0.0
b7063212fdd8,AD002977,vendor_pin,locality,1,-3706.2,-832.2,0.2727,0.2344,0.4096,1,1,0,0,0,0,locality,4,3544.6
6ddb953dea5a,AD002977,locality_centroid,locality,1,-3766.2,-883.9,0.2727,0.2344,0.4096,1,1,0,0,0,0,none,4,3608.8
2d46acf5a1a9,AD002977,town_centroid,town,1,-172.75833333333335,-551.7416666666667,0.2727,0.2344,0.4096,1,1,0,0,0,0,none,4,0.0
a01775bddf6b,AD002977,prior_field_cluster,street,1,-2665.4,-495.1,0.2727,0.2344,0.4096,1,1,0,0,0,0,none,4,2493.3
6b882089f16c,AD002978,vendor_pin,locality,1,2745.1,-2121.1,0.2857,0.1852,0.3529,1,1,0,0,0,0,locality,4,3227.9
e208a6537e6b,AD002978,locality_centroid,locality,1,2735.1,-2128.6,0.2857,0.1852,0.3529,1,1,0,0,0,0,none,4,3223.0
5b8d12ded2a9,AD002978,town_centroid,town,1,-46.70000000000002,-500.9083333333333,0.2857,0.1852,0.3529,1,1,0,0,0,0,none,4,0.0
b58b5a17ea24,AD002978,prior_field_cluster,street,1,2783.5,-2388.3,0.2857,0.1852,0.3529,1,1,0,0,0,0,none,4,3401.8
6a49a748000c,AD002979,vendor_pin,pincode,1,86.2,-53.7,0.0,0.0,0.16,0,0,0,0,0,0,pincode,3,466.5
aba1ec937d8c,AD002979,town_centroid,town,1,-46.70000000000002,-500.9083333333333,0.0,0.0,0.16,0,0,0,0,0,0,none,3,0.0
55b69db3a8eb,AD002979,prior_field_cluster,street,1,1363.15,173.85000000000002,0.0,0.0,0.16,0,0,0,0,0,0,none,3,1563.0
ab18efb5303e,AD002980,vendor_pin,locality,1,671.1,-3184.1,0.2,0.1695,0.3288,1,1,0,0,0,0,locality,3,2777.5
7eeedd84011b,AD002980,locality_centroid,locality,1,665.2,-3094.2,0.2,0.1695,0.3288,1,1,0,0,0,0,none,3,2689.2
6b394107d272,AD002980,town_centroid,town,1,-46.70000000000002,-500.9083333333333,0.2,0.1695,0.3288,1,1,0,0,0,0,none,3,0.0
51e5988551a3,AD002981,vendor_pin,locality,1,3698.2,601.8,0.1538,0.1728,0.3137,1,1,0,0,0,0,locality,4,4039.2
167ae331fe5e,AD002981,locality_centroid,locality,1,3653.7,367.3,0.1538,0.1728,0.3137,1,1,0,0,0,0,none,4,3935.3
27fd9dfbbe4e,AD002981,town_centroid,town,1,-172.75833333333335,-551.7416666666667,0.1538,0.1728,0.3137,1,1,0,0,0,0,none,4,0.0
c789fa3a8036,AD002981,prior_field_cluster,street,1,3930.4,533.2,0.1538,0.1728,0.3137,1,1,0,0,0,0,none,4,4244.2
7c11f065869f,AD002982,vendor_pin,street,1,3035.1,-2447.9,0.2,0.1471,0.2927,1,1,0,0,0,0,street,4,3726.4
31c9097f89b9,AD002982,locality_centroid,locality,1,3188.8,-1960.7,0.2,0.1471,0.2927,1,1,0,0,0,0,none,4,3644.9
70d96265bd6f,AD002982,town_centroid,town,1,-172.75833333333335,-551.7416666666667,0.2,0.1471,0.2927,1,1,0,0,0,0,none,4,0.0
28e26696d783,AD002982,prior_field_cluster,street,1,3049.95,-2332.1,0.2,0.1471,0.2927,1,1,0,0,0,0,none,4,3681.8
a82dc36067c2,AD002983,vendor_pin,pincode,1,-1735.0,838.8,0.0,0.0137,0.1795,0,1,0,0,0,0,pincode,3,2155.3
04f3bfdb73d8,AD002983,town_centroid,town,1,-46.70000000000002,-500.9083333333333,0.0,0.0137,0.1795,0,1,0,0,0,0,none,3,0.0
a752391b23e6,AD002983,prior_field_cluster,street,1,-2772.5,847.1,0.0,0.0137,0.1795,0,1,0,0,0,0,none,3,3040.9
949b9e1fa8c1,AD002984,vendor_pin,locality,1,823.3,2671.5,0.3333,0.25,0.4364,1,1,0,0,0,0,locality,3,2562.4
1641b683207b,AD002984,locality_centroid,locality,1,986.3,2772.6,0.3333,0.25,0.4364,1,1,0,0,0,0,none,3,2666.4
154ef98ebaa7,AD002984,town_centroid,town,1,856.3249999999999,109.34166666666668,0.3333,0.25,0.4364,1,1,0,0,0,0,none,3,0.0
a55334f0180e,AD002986,vendor_pin,locality,1,3847.3,389.8,0.2,0.2414,0.4211,1,1,0,0,0,0,locality,3,4128.8
0d2247f386ea,AD002986,locality_centroid,locality,1,3653.7,367.3,0.2,0.2414,0.4211,1,1,0,0,0,0,none,3,3935.3
70ccd87ef88e,AD002986,town_centroid,town,1,-172.75833333333335,-551.7416666666667,0.2,0.2414,0.4211,1,1,0,0,0,0,none,3,0.0
f225b1e03e6a,AD002987,vendor_pin,locality,1,563.6,-3058.8,0.0909,0.1176,0.2683,0,1,0,0,0,0,locality,2,2629.7
26383a277bb1,AD002987,town_centroid,town,1,-46.70000000000002,-500.9083333333333,0.0909,0.1176,0.2683,0,1,0,0,0,0,none,2,0.0
f8e57d0b5b6c,AD002988,vendor_pin,locality,1,3246.0,-1798.0,0.2857,0.2041,0.381,1,1,0,0,0,0,locality,4,3638.8
bb990943786a,AD002988,locality_centroid,locality,1,3188.8,-1960.7,0.2857,0.2041,0.381,1,1,0,0,0,0,none,4,3644.9
9ac86cd231c8,AD002988,town_centroid,town,1,-172.75833333333335,-551.7416666666667,0.2857,0.2041,0.381,1,1,0,0,0,0,none,4,0.0
c29f75f264e8,AD002988,prior_field_cluster,street,1,3078.15,-2196.35,0.2857,0.2041,0.381,1,1,0,0,0,0,none,4,3643.2
f87e97d49456,AD002989,vendor_pin,street,1,-2612.2,1855.5,0.25,0.2034,0.3733,1,1,0,0,0,0,street,3,3427.2
59be1228e1c9,AD002989,locality_centroid,locality,1,-2446.2,1613.2,0.25,0.2034,0.3733,1,1,0,0,0,0,none,3,3139.3
4834423179a4,AD002989,town_centroid,town,1,-172.75833333333335,-551.7416666666667,0.25,0.2034,0.3733,1,1,0,0,0,0,none,3,0.0
a58b1493f61d,AD002990,vendor_pin,locality,1,-820.7,-470.4,0.25,0.1702,0.339,1,1,0,0,0,0,locality,3,653.0
09528688d4e9,AD002990,locality_centroid,locality,1,-722.6,-522.8,0.25,0.1702,0.339,1,1,0,0,0,0,none,3,550.6
92c6630fb1b5,AD002990,town_centroid,town,1,-172.75833333333335,-551.7416666666667,0.25,0.1702,0.339,1,1,0,0,0,0,none,3,0.0
e0a4f1f85054,AD002991,vendor_pin,locality,1,2729.8,-2063.7,0.1538,0.1266,0.2526,1,1,0,0,0,0,locality,4,3186.1
95106f3da1b1,AD002991,locality_centroid,locality,1,2735.1,-2128.6,0.1538,0.1266,0.2526,1,1,0,0,0,0,none,4,3223.0
dadadfeabafb,AD002991,town_centroid,town,1,-46.70000000000002,-500.9083333333333,0.1538,0.1266,0.2526,1,1,0,0,0,0,none,4,0.0
280a35ffa116,AD002991,prior_field_cluster,street,1,2540.9,-2207.9,0.1538,0.1266,0.2526,1,1,0,0,0,0,none,4,3099.9
2dbfdfdee456,AD002992,vendor_pin,locality,1,-575.7,-361.1,0.2222,0.1667,0.2955,1,1,0,0,0,0,locality,3,1507.3
c41907aa0a95,AD002992,locality_centroid,locality,1,-533.7,-484.7,0.2222,0.1667,0.2955,1,1,0,0,0,0,none,3,1511.6
91d9f996a8ad,AD002992,town_centroid,town,1,856.3249999999999,109.34166666666668,0.2222,0.1667,0.2955,1,1,0,0,0,0,none,3,0.0
2d07f104df7a,AD002993,vendor_pin,locality,1,544.4,-3164.7,0.1538,0.125,0.2553,1,1,0,0,0,0,locality,4,2728.6
c886184ffe5a,AD002993,locality_centroid,locality,1,665.2,-3094.2,0.1538,0.125,0.2553,1,1,0,0,0,0,none,4,2689.2
016180283b94,AD002993,town_centroid,town,1,-46.70000000000002,-500.9083333333333,0.1538,0.125,0.2553,1,1,0,0,0,0,none,4,0.0
dec6299ad3d1,AD002993,prior_field_cluster,street,1,293.9,-2746.9,0.1538,0.125,0.2553,1,1,0,0,0,0,none,4,2271.7
0a332d539112,AD002994,vendor_pin,locality,1,-2085.5,-2388.9,0.25,0.2,0.3714,1,1,0,0,0,0,locality,3,2778.7
9a097a80488b,AD002994,locality_centroid,locality,1,-2195.4,-2378.6,0.25,0.2,0.3714,1,1,0,0,0,0,none,3,2853.5
7a90d93c12e0,AD002994,town_centroid,town,1,-46.70000000000002,-500.9083333333333,0.25,0.2,0.3714,1,1,0,0,0,0,none,3,0.0
e79ebb932c0c,AD002995,vendor_pin,locality,1,939.6,-140.4,0.2,0.2034,0.3684,1,1,0,0,0,0,locality,4,1050.1
0f999ead6af9,AD002995,locality_centroid,locality,1,1112.8,-196.7,0.2,0.2034,0.3684,1,1,0,0,0,0,none,4,1198.7
f075d6105b11,AD002995,town_centroid,town,1,-46.70000000000002,-500.9083333333333,0.2,0.2034,0.3684,1,1,0,0,0,0,none,4,0.0
595ec753d286,AD002995,prior_field_cluster,street,1,1011.3,240.1,0.2,0.2034,0.3684,1,1,0,0,0,0,none,4,1291.7
a2a0e5b21bc0,AD002996,vendor_pin,locality,1,-662.8,-1366.2,0.1818,0.1571,0.3023,1,1,0,0,0,0,locality,4,1062.2
b6a633cedc5d,AD002996,locality_centroid,locality,1,-598.6,-1329.8,0.1818,0.1571,0.3023,1,1,0,0,0,0,none,4,995.8
59cdea832601,AD002996,town_centroid,town,1,-46.70000000000002,-500.9083333333333,0.1818,0.1571,0.3023,1,1,0,0,0,0,none,4,0.0
a9a172e9d500,AD002996,prior_field_cluster,street,1,-754.3,-1528.7,0.1818,0.1571,0.3023,1,1,0,0,0,0,none,4,1247.8
22119f950bd3,AD002997,vendor_pin,locality,1,3309.2,-2090.0,0.25,0.1887,0.3582,1,1,0,0,0,0,locality,4,3806.6
aeae7e44b147,AD002997,locality_centroid,locality,1,3188.8,-1960.7,0.25,0.1887,0.3582,1,1,0,0,0,0,none,4,3644.9
299343880953,AD002997,town_centroid,town,1,-172.75833333333335,-551.7416666666667,0.25,0.1887,0.3582,1,1,0,0,0,0,none,4,0.0
d43d33d99935,AD002997,prior_field_cluster,street,1,2889.8,-2018.45,0.25,0.1887,0.3582,1,1,0,0,0,0,none,4,3395.7
9656de95b68d,AD002999,vendor_pin,street,1,-1168.0,3189.9,0.3333,0.3243,0.4746,1,0,0,0,0,0,street,3,3686.2
6d5b893aa144,AD002999,locality_centroid,locality,1,-603.5,2996.1,0.3333,0.3243,0.4746,1,0,0,0,0,0,none,3,3234.9
35bfd5389ef5,AD002999,town_centroid,town,1,856.3249999999999,109.34166666666668,0.3333,0.3243,0.4746,1,0,0,0,0,0,none,3,0.0
85ebf5c08306,AD003000,vendor_pin,locality,1,1089.4,-153.9,0.1818,0.1667,0.3182,1,1,0,0,0,0,locality,3,1187.9
55f4a5f266d9,AD003000,locality_centroid,locality,1,1112.8,-196.7,0.1818,0.1667,0.3182,1,1,0,0,0,0,none,3,1198.7
ed19b925c77f,AD003000,town_centroid,town,1,-46.70000000000002,-500.9083333333333,0.1818,0.1667,0.3182,1,1,0,0,0,0,none,3,0.0
3b1145b3b1ea,AD003002,vendor_pin,locality,1,1639.3,-2157.1,0.25,0.1837,0.3235,1,1,0,0,0,0,locality,3,2397.9
fedbd5ac2543,AD003002,locality_centroid,locality,1,1577.4,-2059.5,0.25,0.1837,0.3235,1,1,0,0,0,0,none,3,2285.6
b15343e4ee9c,AD003002,town_centroid,town,1,856.3249999999999,109.34166666666668,0.25,0.1837,0.3235,1,1,0,0,0,0,none,3,0.0
634cff994c35,AD003003,vendor_pin,pincode,1,1508.7,-1034.7,0.2,0.1724,0.4103,0,1,0,0,0,0,pincode,2,1317.0
784b3ced60e7,AD003003,town_centroid,town,1,856.3249999999999,109.34166666666668,0.2,0.1724,0.4103,0,1,0,0,0,0,none,2,0.0
646331e4f51a,AD003004,vendor_pin,locality,1,2831.6,-2228.5,0.2857,0.2174,0.3934,1,1,0,0,0,0,locality,4,3357.0
1bca54afd321,AD003004,locality_centroid,locality,1,2735.1,-2128.6,0.2857,0.2174,0.3934,1,1,0,0,0,0,none,4,3223.0
f3006aa982ca,AD003004,town_centroid,town,1,-46.70000000000002,-500.9083333333333,0.2857,0.2174,0.3934,1,1,0,0,0,0,none,4,0.0
2c3ddaee570f,AD003004,prior_field_cluster,street,1,2992.2,-2512.6,0.2857,0.2174,0.3934,1,1,0,0,0,0,none,4,3644.4
74143f6bfd38,AD003005,vendor_pin,pincode,1,-1401.7,-2364.6,0.0,0.0208,0.1509,0,1,0,0,0,0,pincode,3,2304.2
4122493861f0,AD003005,town_centroid,town,1,-46.70000000000002,-500.9083333333333,0.0,0.0208,0.1509,0,1,0,0,0,0,none,3,0.0
9cf292542515,AD003005,prior_field_cluster,street,1,-2076.0,-2216.0,0.0,0.0208,0.1509,0,1,0,0,0,0,none,3,2657.0
7556ad756acb,AD003006,vendor_pin,locality,1,490.6,-3208.3,0.2857,0.2,0.375,1,1,1,0,0,0,locality,3,2760.2
815c510ae8f3,AD003006,locality_centroid,locality,1,665.2,-3094.2,0.2857,0.2,0.375,1,1,1,0,0,0,none,3,2689.2
6342132a49dc,AD003006,town_centroid,town,1,-46.70000000000002,-500.9083333333333,0.2857,0.2,0.375,1,1,1,0,0,0,none,3,0.0
fb4f58fea712,AD003007,vendor_pin,locality,1,809.9,2607.6,0.25,0.1887,0.3529,1,1,0,0,0,0,locality,4,2498.7
3967a9c194aa,AD003007,locality_centroid,locality,1,986.3,2772.6,0.25,0.1887,0.3529,1,1,0,0,0,0,none,4,2666.4
a88108a93c5d,AD003007,town_centroid,town,1,856.3249999999999,109.34166666666668,0.25,0.1887,0.3529,1,1,0,0,0,0,none,4,0.0
15e953efb347,AD003007,prior_field_cluster,street,1,894.0,2754.0,0.25,0.1887,0.3529,1,1,0,0,0,0,none,4,2644.9
384b6ba3c889,AD003008,vendor_pin,locality,1,1129.9,27.1,0.3333,0.2683,0.4561,1,1,0,0,0,0,locality,4,285.7
4302d950ef26,AD003008,locality_centroid,locality,1,1046.9,-2.6,0.3333,0.2683,0.4561,1,1,0,0,0,0,none,4,221.0
b39948f6efce,AD003008,town_centroid,town,1,856.3249999999999,109.34166666666668,0.3333,0.2683,0.4561,1,1,0,0,0,0,none,4,0.0
35ed11cc0319,AD003008,prior_field_cluster,street,1,1397.8,-82.2,0.3333,0.2683,0.4561,1,1,0,0,0,0,none,4,574.4
5a9d1dfbdda2,AD003009,vendor_pin,street,1,-261.0,3381.3,0.1818,0.1757,0.3261,1,0,0,0,0,0,street,3,3934.0
29ad89016e57,AD003009,locality_centroid,locality,1,-438.3,3208.9,0.1818,0.1757,0.3261,1,0,0,0,0,0,none,3,3770.0
2855f86fdb8c,AD003009,town_centroid,town,1,-172.75833333333335,-551.7416666666667,0.1818,0.1757,0.3261,1,0,0,0,0,0,none,3,0.0
0a47234741ae,AD003010,vendor_pin,locality,1,-1121.4,-2998.6,0.25,0.2174,0.3934,1,1,0,0,0,0,locality,4,2719.1
c9097d453e69,AD003010,locality_centroid,locality,1,-1053.3,-3163.0,0.25,0.2174,0.3934,1,1,0,0,0,0,none,4,2846.0
11baa4533daf,AD003010,town_centroid,town,1,-46.70000000000002,-500.9083333333333,0.25,0.2174,0.3934,1,1,0,0,0,0,none,4,0.0
121f82be486a,AD003010,prior_field_cluster,street,1,-1120.2,-3088.2,0.25,0.2174,0.3934,1,1,0,0,0,0,none,4,2801.2
be7124bd4486,AD003011,vendor_pin,locality,1,2199.1,-1029.2,0.1818,0.2254,0.3913,1,1,0,0,0,0,locality,4,2307.1
27d5db9c2ebe,AD003011,locality_centroid,locality,1,1939.0,-996.1,0.1818,0.2254,0.3913,1,1,0,0,0,0,none,4,2046.5
60bf6d762add,AD003011,town_centroid,town,1,-46.70000000000002,-500.9083333333333,0.1818,0.2254,0.3913,1,1,0,0,0,0,none,4,0.0
616f1edef716,AD003011,prior_field_cluster,street,1,1737.7,-649.3,0.1818,0.2254,0.3913,1,1,0,0,0,0,none,4,1790.6
8e9859579eed,AD003012,vendor_pin,locality,1,-200.7,-3580.2,0.2,0.1935,0.359,1,1,0,0,0,0,locality,4,3028.6
19e899f85888,AD003012,locality_centroid,locality,1,-433.5,-3467.4,0.2,0.1935,0.359,1,1,0,0,0,0,none,4,2927.3
7b85f713cf75,AD003012,town_centroid,town,1,-172.75833333333335,-551.7416666666667,0.2,0.1935,0.359,1,1,0,0,0,0,none,4,0.0
9811d3193769,AD003012,prior_field_cluster,street,1,-650.25,-3827.1,0.2,0.1935,0.359,1,1,0,0,0,0,none,4,3310.0
53adf7ff1fd8,AD003013,vendor_pin,locality,1,1374.4,-2105.0,0.2,0.1343,0.2529,1,1,0,0,0,0,locality,4,2274.1
c2e68bc79598,AD003013,locality_centroid,locality,1,1577.4,-2059.5,0.2,0.1343,0.2529,1,1,0,0,0,0,none,4,2285.6
c2dcc713f444,AD003013,town_centroid,town,1,856.3249999999999,109.34166666666668,0.2,0.1343,0.2529,1,1,0,0,0,0,none,4,0.0
ff854255cee3,AD003013,prior_field_cluster,street,1,1527.8,-2474.8,0.2,0.1343,0.2529,1,1,0,0,0,0,none,4,2670.0
5f77f098d614,AD003014,vendor_pin,street,1,3436.2,645.8,0.2,0.1493,0.2857,1,1,0,0,0,0,street,4,2635.1
76dd91a85e76,AD003014,locality_centroid,locality,1,3029.6,575.7,0.2,0.1493,0.2857,1,1,0,0,0,0,none,4,2222.7
84a848cff58f,AD003014,town_centroid,town,1,856.3249999999999,109.34166666666668,0.2,0.1493,0.2857,1,1,0,0,0,0,none,4,0.0
c2c45b3958f5,AD003014,prior_field_cluster,street,1,3211.2,842.7,0.2,0.1493,0.2857,1,1,0,0,0,0,none,4,2466.4
d648be8b278e,AD003015,vendor_pin,locality,1,1015.8,2859.6,0.2,0.1538,0.2963,1,1,0,0,0,0,locality,4,2754.9
e2a4dba48877,AD003015,locality_centroid,locality,1,986.3,2772.6,0.2,0.1538,0.2963,1,1,0,0,0,0,none,4,2666.4
187f1193028e,AD003015,town_centroid,town,1,856.3249999999999,109.34166666666668,0.2,0.1538,0.2963,1,1,0,0,0,0,none,4,0.0
24155e0692ef,AD003015,prior_field_cluster,street,1,972.7,2452.0,0.2,0.1538,0.2963,1,1,0,0,0,0,none,4,2345.5
3ba95e065708,AD003016,vendor_pin,locality,1,2576.5,1243.7,0.1818,0.1324,0.2716,1,1,0,0,0,0,locality,4,3150.4
f9798baabd58,AD003016,locality_centroid,locality,1,2499.2,994.1,0.1818,0.1324,0.2716,1,1,0,0,0,0,none,4,2952.4
a8d907f38201,AD003016,town_centroid,town,1,-46.70000000000002,-500.9083333333333,0.1818,0.1324,0.2716,1,1,0,0,0,0,none,4,0.0
1f94ab80bd42,AD003016,prior_field_cluster,street,1,2472.6,620.2,0.1818,0.1324,0.2716,1,1,0,0,0,0,none,4,2757.5
ebc06c110f4d,AD003017,vendor_pin,locality,1,2578.6,-1291.4,0.4,0.3333,0.5333,1,1,0,0,0,0,locality,3,2220.0
7802aa56d387,AD003017,locality_centroid,locality,1,2589.2,-1273.1,0.4,0.3333,0.5333,1,1,0,0,0,0,none,3,2216.8
fdfed7ec0a0f,AD003017,town_centroid,town,1,856.3249999999999,109.34166666666668,0.4,0.3333,0.5333,1,1,0,0,0,0,none,3,0.0
56d27d5f51af,AD003018,vendor_pin,locality,1,715.7,2487.0,0.2222,0.1695,0.3288,1,1,0,0,0,0,locality,3,2381.8
5d86d9304371,AD003018,locality_centroid,locality,1,986.3,2772.6,0.2222,0.1695,0.3288,1,1,0,0,0,0,none,3,2666.4
0303a921d163,AD003018,town_centroid,town,1,856.3249999999999,109.34166666666668,0.2222,0.1695,0.3288,1,1,0,0,0,0,none,3,0.0
f62e3e280a50,AD003019,vendor_pin,locality,1,780.0,2752.6,0.25,0.2128,0.3871,1,1,0,0,0,0,locality,4,2644.4
e1e16a286f18,AD003019,locality_centroid,locality,1,986.3,2772.6,0.25,0.2128,0.3871,1,1,0,0,0,0,none,4,2666.4
8701850f187b,AD003019,town_centroid,town,1,856.3249999999999,109.34166666666668,0.25,0.2128,0.3871,1,1,0,0,0,0,none,4,0.0
b3c2ffb5c572,AD003019,prior_field_cluster,street,1,668.6,2760.4,0.25,0.2128,0.3871,1,1,0,0,0,0,none,4,2657.7
95f2284eda55,AD003020,vendor_pin,locality,1,-269.4,-1500.9,0.1538,0.1358,0.2653,1,1,0,0,0,0,locality,3,1024.5
41ce2c4aeb51,AD003020,locality_centroid,locality,1,-598.6,-1329.8,0.1538,0.1358,0.2653,1,1,0,0,0,0,none,3,995.8
0d59957f85a8,AD003020,town_centroid,town,1,-46.70000000000002,-500.9083333333333,0.1538,0.1358,0.2653,1,1,0,0,0,0,none,3,0.0
2ee586e3c95d,AD003022,vendor_pin,locality,1,1060.1,-1007.5,0.25,0.2167,0.3896,1,0,0,0,0,0,locality,3,1314.4
9709a0fe8d2d,AD003022,locality_centroid,locality,1,929.4,-822.2,0.25,0.2167,0.3896,1,0,0,0,0,0,none,3,1134.9
04ce1f17bc01,AD003022,town_centroid,town,1,-172.75833333333335,-551.7416666666667,0.25,0.2167,0.3896,1,0,0,0,0,0,none,3,0.0
7d44d47548c8,AD003024,vendor_pin,locality,1,815.7,2749.5,0.3333,0.25,0.4364,1,1,0,0,0,0,locality,3,2640.5
25e77f745581,AD003024,locality_centroid,locality,1,986.3,2772.6,0.3333,0.25,0.4364,1,1,0,0,0,0,none,3,2666.4
6419d17705bc,AD003024,town_centroid,town,1,856.3249999999999,109.34166666666668,0.3333,0.25,0.4364,1,1,0,0,0,0,none,3,0.0
c96f03cebeb5,AD003025,vendor_pin,street,1,1252.3,-2490.2,0.3333,0.2308,0.3793,1,1,0,0,0,0,street,3,2629.5
cfbbc8b48951,AD003025,locality_centroid,locality,1,1577.4,-2059.5,0.3333,0.2308,0.3793,1,1,0,0,0,0,none,3,2285.6
8c71e547a976,AD003025,town_centroid,town,1,856.3249999999999,109.34166666666668,0.3333,0.2308,0.3793,1,1,0,0,0,0,none,3,0.0
0ef3a96a05e8,AD003026,vendor_pin,locality,1,2644.5,-2157.5,0.0769,0.1129,0.24,0,1,0,0,0,0,locality,3,3160.2
4ea5ddbbae04,AD003026,town_centroid,town,1,-46.70000000000002,-500.9083333333333,0.0769,0.1129,0.24,0,1,0,0,0,0,none,3,0.0
1ec3b07164b5,AD003026,prior_field_cluster,street,1,2897.35,-2467.05,0.0769,0.1129,0.24,0,1,0,0,0,0,none,3,3540.2
edcccf6d0acb,AD003027,vendor_pin,locality,1,2363.1,1191.9,0.25,0.1667,0.3235,1,1,0,0,0,0,locality,4,2945.0
6ffe52a53e5c,AD003027,locality_centroid,locality,1,2499.2,994.1,0.25,0.1667,0.3235,1,1,0,0,0,0,none,4,2952.4
be3fe8642313,AD003027,town_centroid,town,1,-46.70000000000002,-500.9083333333333,0.25,0.1667,0.3235,1,1,0,0,0,0,none,4,0.0
77ecd1c893b1,AD003027,prior_field_cluster,street,1,2109.4,1079.1,0.25,0.1667,0.3235,1,1,0,0,0,0,none,4,2673.0
f759c8422452,AD003028,vendor_pin,locality,1,-1273.9,334.2,0.0833,0.0845,0.2353,0,1,0,0,0,0,locality,2,1484.4
0becc2123c6c,AD003028,town_centroid,town,1,-46.70000000000002,-500.9083333333333,0.0833,0.0845,0.2353,0,1,0,0,0,0,none,2,0.0
e9c3cf95c78c,AD003029,vendor_pin,locality,1,-467.1,-3563.6,0.2,0.1714,0.3218,1,1,0,0,0,0,locality,3,3026.2
be5910b75d60,AD003029,locality_centroid,locality,1,-433.5,-3467.4,0.2,0.1714,0.3218,1,1,0,0,0,0,none,3,2927.3
09ca1560269d,AD003029,town_centroid,town,1,-172.75833333333335,-551.7416666666667,0.2,0.1714,0.3218,1,1,0,0,0,0,none,3,0.0
6a8064911bc9,AD003030,vendor_pin,locality,1,2714.7,-2146.8,0.1818,0.1389,0.2759,1,1,0,0,0,0,locality,3,3214.7
c227a008f468,AD003030,locality_centroid,locality,1,2735.1,-2128.6,0.1818,0.1389,0.2759,1,1,0,0,0,0,none,3,3223.0
7c3638b06f84,AD003030,town_centroid,town,1,-46.70000000000002,-500.9083333333333,0.1818,0.1389,0.2759,1,1,0,0,0,0,none,3,0.0
16580da04a64,AD003031,vendor_pin,rooftop,1,-523.1,-1063.1,0.0,0.0156,0.1714,0,1,0,0,0,0,rooftop,2,736.9
302ed10ad86f,AD003031,town_centroid,town,1,-46.70000000000002,-500.9083333333333,0.0,0.0156,0.1714,0,1,0,0,0,0,none,2,0.0
652c5b33341a,AD003032,vendor_pin,locality,1,2514.5,-1277.5,0.2222,0.1667,0.32,1,1,0,0,0,0,locality,3,2161.7
ff3709001215,AD003032,locality_centroid,locality,1,2589.2,-1273.1,0.2222,0.1667,0.32,1,1,0,0,0,0,none,3,2216.8
a226714e0ceb,AD003032,town_centroid,town,1,856.3249999999999,109.34166666666668,0.2222,0.1667,0.32,1,1,0,0,0,0,none,3,0.0
2f5a30026e45,AD003034,vendor_pin,locality,1,919.4,-866.2,0.0769,0.1519,0.3158,0,1,0,0,0,0,locality,2,1136.5
02d0cadc4da8,AD003034,town_centroid,town,1,-172.75833333333335,-551.7416666666667,0.0769,0.1519,0.3158,0,1,0,0,0,0,none,2,0.0
8966e163abf7,AD003035,vendor_pin,locality,1,2574.0,1046.5,0.2857,0.2195,0.4,1,1,0,0,0,0,locality,4,3043.4
e2feaa7d3180,AD003035,locality_centroid,locality,1,2499.2,994.1,0.2857,0.2195,0.4,1,1,0,0,0,0,none,4,2952.4
f0e282e67680,AD003035,town_centroid,town,1,-46.70000000000002,-500.9083333333333,0.2857,0.2195,0.4,1,1,0,0,0,0,none,4,0.0
e1beb5191f04,AD003035,prior_field_cluster,street,1,2322.5,1437.9,0.2857,0.2195,0.4,1,1,0,0,0,0,none,4,3061.4
b5102b1163ac,AD003036,vendor_pin,street,1,2467.9,1182.6,0.2,0.1452,0.2857,1,1,0,0,0,0,street,3,3026.1
05d9895448c5,AD003036,locality_centroid,locality,1,2499.2,994.1,0.2,0.1452,0.2857,1,1,0,0,0,0,none,3,2952.4
1f3946e4ceb9,AD003036,town_centroid,town,1,-46.70000000000002,-500.9083333333333,0.2,0.1452,0.2857,1,1,0,0,0,0,none,3,0.0
010b65b0cfab,AD003037,vendor_pin,street,1,2529.2,509.4,0.2,0.1786,0.3288,1,1,0,0,0,0,street,3,1720.0
2c10415c6ad7,AD003037,locality_centroid,locality,1,3029.6,575.7,0.2,0.1786,0.3288,1,1,0,0,0,0,none,3,2222.7
210e4ff684b4,AD003037,town_centroid,town,1,856.3249999999999,109.34166666666668,0.2,0.1786,0.3288,1,1,0,0,0,0,none,3,0.0
7d5a6e5d1525,AD003038,vendor_pin,street,1,3357.4,902.1,0.25,0.1961,0.3636,1,1,0,0,0,0,street,3,2623.7
54c8d8307bfc,AD003038,locality_centroid,locality,1,3029.6,575.7,0.25,0.1961,0.3636,1,1,0,0,0,0,none,3,2222.7
158eafcec43c,AD003038,town_centroid,town,1,856.3249999999999,109.34166666666668,0.25,0.1961,0.3636,1,1,0,0,0,0,none,3,0.0
1ef8068b1c8c,AD003039,vendor_pin,locality,1,-2676.5,1609.6,0.4,0.3429,0.549,1,0,0,0,0,0,locality,3,3307.6
73bcf33bb42d,AD003039,locality_centroid,locality,1,-2446.2,1613.2,0.4,0.3429,0.549,1,0,0,0,0,0,none,3,3139.3
7665e010054f,AD003039,town_centroid,town,1,-172.75833333333335,-551.7416666666667,0.4,0.3429,0.549,1,0,0,0,0,0,none,3,0.0
d051159f819f,AD003040,vendor_pin,locality,1,-1740.4,-2787.2,0.2222,0.1897,0.321,1,1,0,0,0,0,locality,4,3890.1
02f009f54398,AD003040,locality_centroid,locality,1,-1600.3,-2801.9,0.2222,0.1897,0.321,1,1,0,0,0,0,none,4,3809.2
1ca15a48ae54,AD003040,town_centroid,town,1,856.3249999999999,109.34166666666668,0.2222,0.1897,0.321,1,1,0,0,0,0,none,4,0.0
a8102dd1071e,AD003040,prior_field_cluster,street,1,-1747.65,-2914.0,0.2222,0.1897,0.321,1,1,0,0,0,0,none,4,3990.1
8fa8e9854775,AD003041,vendor_pin,street,1,788.4,-125.1,0.1667,0.1558,0.2979,1,1,0,0,0,0,street,4,915.8
b936b75c003c,AD003041,locality_centroid,locality,1,1112.8,-196.7,0.1667,0.1558,0.2979,1,1,0,0,0,0,none,4,1198.7
f694e8fa5dfc,AD003041,town_centroid,town,1,-46.70000000000002,-500.9083333333333,0.1667,0.1558,0.2979,1,1,0,0,0,0,none,4,0.0
0a7b4c99e6b1,AD003041,prior_field_cluster,street,1,731.9,-224.8,0.1667,0.1558,0.2979,1,1,0,0,0,0,none,4,826.1
32ba734e8cd8,AD003042,vendor_pin,locality,1,990.6,19.4,0.2857,0.2667,0.4516,1,1,0,0,0,0,locality,3,1160.5
ba350b3d0323,AD003042,locality_centroid,locality,1,1112.8,-196.7,0.2857,0.2667,0.4516,1,1,0,0,0,0,none,3,1198.7
f83483610ea2,AD003042,town_centroid,town,1,-46.70000000000002,-500.9083333333333,0.2857,0.2667,0.4516,1,1,0,0,0,0,none,3,0.0
6dc827c06090,AD003043,vendor_pin,locality,1,428.7,2225.7,0.2,0.2188,0.4,1,1,0,0,0,0,locality,3,2767.7
ba07dda63a8f,AD003043,locality_centroid,locality,1,290.7,2335.2,0.2,0.2188,0.4,1,1,0,0,0,0,none,3,2856.1
7db684d9eb44,AD003043,town_centroid,town,1,-46.70000000000002,-500.9083333333333,0.2,0.2188,0.4,1,1,0,0,0,0,none,3,0.0
72f8e88273c8,AD003044,vendor_pin,rooftop,1,1224.8,-2554.8,0.2,0.1324,0.2529,1,1,0,0,0,0,rooftop,4,2689.5
0108e6738b4a,AD003044,locality_centroid,locality,1,1577.4,-2059.5,0.2,0.1324,0.2529,1,1,0,0,0,0,none,4,2285.6
d8660838e14d,AD003044,town_centroid,town,1,856.3249999999999,109.34166666666668,0.2,0.1324,0.2529,1,1,0,0,0,0,none,4,0.0
4d69ab83191e,AD003044,prior_field_cluster,street,1,1248.35,-2628.7,0.2,0.1324,0.2529,1,1,0,0,0,0,none,4,2766.0
431d0b673621,AD003045,vendor_pin,locality,1,2619.2,-1278.3,0.2,0.1515,0.2927,1,1,0,0,0,0,locality,4,2243.5
b848a004c6b8,AD003045,locality_centroid,locality,1,2589.2,-1273.1,0.2,0.1515,0.2927,1,1,0,0,0,0,none,4,2216.8
26537691cd06,AD003045,town_centroid,town,1,856.3249999999999,109.34166666666668,0.2,0.1515,0.2927,1,1,0,0,0,0,none,4,0.0
a261a5e18c4b,AD003045,prior_field_cluster,street,1,2937.15,-1270.15,0.2,0.1515,0.2927,1,1,0,0,0,0,none,4,2496.6
caad6a2ca14c,AD003046,vendor_pin,locality,1,-3593.9,-849.1,0.1818,0.2059,0.3953,0,0,0,0,1,0,locality,2,3434.0
0d608a088d7f,AD003046,town_centroid,town,1,-172.75833333333335,-551.7416666666667,0.1818,0.2059,0.3953,0,0,0,0,1,0,none,2,0.0
a21d562718bc,AD003047,vendor_pin,locality,1,-3974.0,-1113.7,0.3333,0.2727,0.4595,1,1,0,0,0,0,locality,3,3842.6
41495ce1ea87,AD003047,locality_centroid,locality,1,-3766.2,-883.9,0.3333,0.2727,0.4595,1,1,0,0,0,0,none,3,3608.8
255084873574,AD003047,town_centroid,town,1,-172.75833333333335,-551.7416666666667,0.3333,0.2727,0.4595,1,1,0,0,0,0,none,3,0.0
1f27a0a98a72,AD003048,vendor_pin,locality,1,-2418.9,-2368.6,0.25,0.22,0.4,1,0,0,0,0,0,locality,3,3019.2
50a302d5366c,AD003048,locality_centroid,locality,1,-2195.4,-2378.6,0.25,0.22,0.4,1,0,0,0,0,0,none,3,2853.5
d29aa512a41a,AD003048,town_centroid,town,1,-46.70000000000002,-500.9083333333333,0.25,0.22,0.4,1,0,0,0,0,0,none,3,0.0
dbafa51da315,AD003049,vendor_pin,street,1,-2508.2,-2473.3,0.1818,0.1549,0.2955,1,1,0,0,0,0,street,3,3154.3
45f767076ad9,AD003049,locality_centroid,locality,1,-2195.4,-2378.6,0.1818,0.1549,0.2955,1,1,0,0,0,0,none,3,2853.5
fea20ea0893b,AD003049,town_centroid,town,1,-46.70000000000002,-500.9083333333333,0.1818,0.1549,0.2955,1,1,0,0,0,0,none,3,0.0
07ee61152184,AD003050,vendor_pin,locality,1,976.6,2707.4,0.25,0.2,0.3692,1,1,0,0,0,0,locality,4,2600.8
206de83aca29,AD003050,locality_centroid,locality,1,986.3,2772.6,0.25,0.2,0.3692,1,1,0,0,0,0,none,4,2666.4
0565def32e9a,AD003050,town_centroid,town,1,856.3249999999999,109.34166666666668,0.25,0.2,0.3692,1,1,0,0,0,0,none,4,0.0
db26dfa224c2,AD003050,prior_field_cluster,street,1,788.1,2619.2,0.25,0.2,0.3692,1,1,0,0,0,0,none,4,2510.8
a0395f5ff0d6,AD003051,vendor_pin,locality,1,2689.6,-2270.1,0.2,0.1493,0.2857,1,1,0,0,0,0,locality,3,3258.4
b49df927eabd,AD003051,locality_centroid,locality,1,2735.1,-2128.6,0.2,0.1493,0.2857,1,1,0,0,0,0,none,3,3223.0
b97ac9bce342,AD003051,town_centroid,town,1,-46.70000000000002,-500.9083333333333,0.2,0.1493,0.2857,1,1,0,0,0,0,none,3,0.0
34039f276829,AD003052,vendor_pin,locality,1,611.9,-2869.8,0.4,0.3333,0.4815,1,1,0,0,0,0,locality,3,2989.2
5167d2e3a868,AD003052,locality_centroid,locality,1,688.3,-3007.0,0.4,0.3333,0.4815,1,1,0,0,0,0,none,3,3120.9
dc587942907f,AD003052,town_centroid,town,1,856.3249999999999,109.34166666666668,0.4,0.3333,0.4815,1,1,0,0,0,0,none,3,0.0
b469c8cc2598,AD003053,vendor_pin,street,1,3309.7,-2356.8,0.0667,0.0769,0.2115,0,1,0,0,0,0,street,2,3835.3
5956b43253ae,AD003053,town_centroid,town,1,-46.70000000000002,-500.9083333333333,0.0667,0.0769,0.2115,0,1,0,0,0,0,none,2,0.0
5a363cc59d39,AD003054,vendor_pin,locality,1,-2784.3,1198.3,0.2,0.2034,0.3684,1,1,0,0,0,0,locality,3,3222.1
1db83d12da5e,AD003054,locality_centroid,locality,1,-2863.9,1096.5,0.2,0.2034,0.3684,1,1,0,0,0,0,none,3,3238.6
6183acd6b55e,AD003054,town_centroid,town,1,-46.70000000000002,-500.9083333333333,0.2,0.2034,0.3684,1,1,0,0,0,0,none,3,0.0
3835961c1f92,AD003055,vendor_pin,locality,1,3659.2,480.8,0.2,0.2295,0.4051,1,1,0,0,0,0,locality,4,3968.6
dfabed15e49c,AD003055,locality_centroid,locality,1,3653.7,367.3,0.2,0.2295,0.4051,1,1,0,0,0,0,none,4,3935.3
d7f9a16152ee,AD003055,town_centroid,town,1,-172.75833333333335,-551.7416666666667,0.2,0.2295,0.4051,1,1,0,0,0,0,none,4,0.0
d53a4c3d8a4c,AD003055,prior_field_cluster,street,1,3850.7,702.4,0.2,0.2295,0.4051,1,1,0,0,0,0,none,4,4214.4
d2e1bff085d9,AD003056,vendor_pin,pincode,1,-2496.9,-2499.0,0.0,0.0182,0.1587,0,1,0,0,0,0,pincode,2,3161.6
d87966a509a9,AD003056,town_centroid,town,1,-46.70000000000002,-500.9083333333333,0.0,0.0182,0.1587,0,1,0,0,0,0,none,2,0.0
44ba3da54287,AD003057,vendor_pin,locality,1,-52.1,1434.1,0.2857,0.2,0.3385,1,1,0,0,0,0,locality,3,1606.3
9e77d21aeffe,AD003057,locality_centroid,locality,1,-200.6,1476.5,0.2857,0.2,0.3385,1,1,0,0,0,0,none,3,1728.1
a9abf12df76f,AD003057,town_centroid,town,1,856.3249999999999,109.34166666666668,0.2857,0.2,0.3385,1,1,0,0,0,0,none,3,0.0
3abcbb55d1ee,AD003058,vendor_pin,locality,1,-11.9,1292.8,0.2222,0.1475,0.275,1,1,0,0,0,0,locality,3,1467.8
833f5e40cc05,AD003058,locality_centroid,locality,1,-200.6,1476.5,0.2222,0.1475,0.275,1,1,0,0,0,0,none,3,1728.1
6643b01fcd4e,AD003058,town_centroid,town,1,856.3249999999999,109.34166666666668,0.2222,0.1475,0.275,1,1,0,0,0,0,none,3,0.0
872f736bedb3,AD003059,vendor_pin,locality,1,2707.6,-2262.6,0.1667,0.1449,0.2824,1,1,0,0,0,0,locality,3,3269.5
847b6691bc7f,AD003059,locality_centroid,locality,1,2735.1,-2128.6,0.1667,0.1449,0.2824,1,1,0,0,0,0,none,3,3223.0
ad16cf47add1,AD003059,town_centroid,town,1,-46.70000000000002,-500.9083333333333,0.1667,0.1449,0.2824,1,1,0,0,0,0,none,3,0.0
5b807c23de9c,AD003060,vendor_pin,locality,1,924.7,2574.4,0.1538,0.1333,0.2697,1,1,0,0,0,0,locality,4,2466.0
a47e0b0d5b0d,AD003060,locality_centroid,locality,1,986.3,2772.6,0.1538,0.1333,0.2697,1,1,0,0,0,0,none,4,2666.4
6b85c8689c49,AD003060,town_centroid,town,1,856.3249999999999,109.34166666666668,0.1538,0.1333,0.2697,1,1,0,0,0,0,none,4,0.0
f46032c57b6c,AD003060,prior_field_cluster,street,1,850.8499999999999,2777.95,0.1538,0.1333,0.2697,1,1,0,0,0,0,none,4,2668.6
5cdcec46c6e0,AD003062,vendor_pin,street,1,1219.0,-157.6,0.2,0.1833,0.3377,1,1,0,0,0,0,street,3,450.3
d0c51f7d5f44,AD003062,locality_centroid,locality,1,1046.9,-2.6,0.2,0.1833,0.3377,1,1,0,0,0,0,none,3,221.0
2d3959e30a33,AD003062,town_centroid,town,1,856.3249999999999,109.34166666666668,0.2,0.1833,0.3377,1,1,0,0,0,0,none,3,0.0
3e59d3b734c6,AD003063,vendor_pin,street,1,748.3,-746.9,0.125,0.1961,0.4,0,1,0,0,0,0,street,2,941.5
6dbceba6b3d7,AD003063,town_centroid,town,1,-172.75833333333335,-551.7416666666667,0.125,0.1961,0.4,0,1,0,0,0,0,none,2,0.0
7c4d2d00ec7f,AD003064,vendor_pin,locality,1,3212.6,-1932.2,0.1818,0.1493,0.2963,1,1,0,0,0,0,locality,3,3656.0
a6aa65c25322,AD003064,locality_centroid,locality,1,3188.8,-1960.7,0.1818,0.1493,0.2963,1,1,0,0,0,0,none,3,3644.9
d75fea81cee9,AD003064,town_centroid,town,1,-172.75833333333335,-551.7416666666667,0.1818,0.1493,0.2963,1,1,0,0,0,0,none,3,0.0
72a02b68870b,AD003065,vendor_pin,locality,1,1021.7,2567.7,0.2857,0.2564,0.4364,1,1,0,0,0,0,locality,4,2463.9
fda4feaa6d48,AD003065,locality_centroid,locality,1,986.3,2772.6,0.2857,0.2564,0.4364,1,1,0,0,0,0,none,4,2666.4
e830537b7394,AD003065,town_centroid,town,1,856.3249999999999,109.34166666666668,0.2857,0.2564,0.4364,1,1,0,0,0,0,none,4,0.0
be699ce59cd4,AD003065,prior_field_cluster,street,1,701.55,2846.8,0.2857,0.2564,0.4364,1,1,0,0,0,0,none,4,2741.8
8aef29f79428,AD003066,vendor_pin,locality,1,2587.2,-1162.9,0.2222,0.1538,0.2963,1,1,0,0,0,0,locality,4,2148.1
512d62f0e2c8,AD003066,locality_centroid,locality,1,2589.2,-1273.1,0.2222,0.1538,0.2963,1,1,0,0,0,0,none,4,2216.8
af2648e9c403,AD003066,town_centroid,town,1,856.3249999999999,109.34166666666668,0.2222,0.1538,0.2963,1,1,0,0,0,0,none,4,0.0
9540d2697017,AD003066,prior_field_cluster,street,1,2362.45,-1191.75,0.2222,0.1538,0.2963,1,1,0,0,0,0,none,4,1990.3
930a3e4baef8,AD003067,vendor_pin,locality,1,1666.4,-1939.4,0.2222,0.1636,0.2973,1,0,0,0,0,0,locality,4,2203.1
8985c0481b95,AD003067,locality_centroid,locality,1,1577.4,-2059.5,0.2222,0.1636,0.2973,1,0,0,0,0,0,none,4,2285.6
0cc184ccdc64,AD003067,town_centroid,town,1,856.3249999999999,109.34166666666668,0.2222,0.1636,0.2973,1,0,0,0,0,0,none,4,0.0
8bf59585bdc9,AD003067,prior_field_cluster,street,1,1393.5,-1825.55,0.2222,0.1636,0.2973,1,0,0,0,0,0,none,4,2008.1
6d78787b1f34,AD003068,vendor_pin,locality,1,-618.6,-758.5,0.2857,0.2292,0.3768,1,1,0,0,0,0,locality,3,1711.3
3dd4d074fa0a,AD003068,locality_centroid,locality,1,-533.7,-484.7,0.2857,0.2292,0.3768,1,1,0,0,0,0,none,3,1511.6
2afc4a95d9e9,AD003068,town_centroid,town,1,856.3249999999999,109.34166666666668,0.2857,0.2292,0.3768,1,1,0,0,0,0,none,3,0.0
d7ebaf68821d,AD003069,vendor_pin,locality,1,1072.8,1320.5,0.2,0.1754,0.3243,1,1,0,0,0,0,locality,3,1230.4
f444f8922883,AD003069,locality_centroid,locality,1,987.4,1270.5,0.2,0.1754,0.3243,1,1,0,0,0,0,none,3,1168.5
994d8d8e4988,AD003069,town_centroid,town,1,856.3249999999999,109.34166666666668,0.2,0.1754,0.3243,1,1,0,0,0,0,none,3,0.0
31938bd5eb08,AD003070,vendor_pin,locality,1,2262.5,1762.7,0.2222,0.1167,0.2278,1,1,0,0,0,0,locality,3,2170.5
0d4cbec846b5,AD003070,locality_centroid,locality,1,2308.9,1849.5,0.2222,0.1167,0.2278,1,1,0,0,0,0,none,3,2266.7
0677a966b638,AD003070,town_centroid,town,1,856.3249999999999,109.34166666666668,0.2222,0.1167,0.2278,1,1,0,0,0,0,none,3,0.0
ad08a5164a02,AD003071,vendor_pin,street,1,-668.5,-3901.1,0.0909,0.12,0.2921,0,1,1,0,0,0,street,2,3385.8
1cdd63cfd0bb,AD003071,town_centroid,town,1,-172.75833333333335,-551.7416666666667,0.0909,0.12,0.2921,0,1,1,0,0,0,none,2,0.0
465cc4f7fe05,AD003072,vendor_pin,street,1,-871.8,-783.0,0.1111,0.1,0.3051,0,1,1,0,0,0,street,2,736.3
dd6d60aeab98,AD003072,town_centroid,town,1,-172.75833333333335,-551.7416666666667,0.1111,0.1,0.3051,0,1,1,0,0,0,none,2,0.0
bad809466cc3,AD003073,vendor_pin,pincode,1,1137.8,-1134.5,0.0,0.0159,0.1449,0,1,0,0,0,0,pincode,2,1343.3
d5ff0faa9374,AD003073,town_centroid,town,1,-46.70000000000002,-500.9083333333333,0.0,0.0159,0.1449,0,1,0,0,0,0,none,2,0.0
c0cb52fe0d31,AD003074,vendor_pin,pincode,1,2182.0,-1667.7,0.2,0.1852,0.4324,0,1,0,0,0,0,pincode,3,2217.0
068b6468ee2f,AD003074,town_centroid,town,1,856.3249999999999,109.34166666666668,0.2,0.1852,0.4324,0,1,0,0,0,0,none,3,0.0
06519a8be635,AD003074,prior_field_cluster,street,1,1508.6,-2121.3,0.2,0.1852,0.4324,0,1,0,0,0,0,none,3,2324.1
9d01fb296d1a,AD003075,vendor_pin,locality,1,-629.8,-575.4,0.0909,0.0769,0.2432,0,1,0,0,0,0,locality,2,457.7
63b916f73ed9,AD003075,town_centroid,town,1,-172.75833333333335,-551.7416666666667,0.0909,0.0769,0.2432,0,1,0,0,0,0,none,2,0.0
3840ee231a9d,AD003076,vendor_pin,locality,1,-815.5,-589.5,0.1818,0.1111,0.2353,1,1,0,0,0,0,locality,3,643.8
bee5dbd661fe,AD003076,locality_centroid,locality,1,-722.6,-522.8,0.1818,0.1111,0.2353,1,1,0,0,0,0,none,3,550.6
64242985113c,AD003076,town_centroid,town,1,-172.75833333333335,-551.7416666666667,0.1818,0.1111,0.2353,1,1,0,0,0,0,none,3,0.0
f41481c09d8e,AD003077,vendor_pin,locality,1,2657.9,-1353.5,0.2857,0.2273,0.4068,1,1,0,0,0,0,locality,4,2320.7
89ec9b0dc2f7,AD003077,locality_centroid,locality,1,2589.2,-1273.1,0.2857,0.2273,0.4068,1,1,0,0,0,0,none,4,2216.8
48ddaafdecd5,AD003077,town_centroid,town,1,856.3249999999999,109.34166666666668,0.2857,0.2273,0.4068,1,1,0,0,0,0,none,4,0.0
fb4291f054bd,AD003077,prior_field_cluster,street,1,2935.75,-1514.5500000000002,0.2857,0.2273,0.4068,1,1,0,0,0,0,none,4,2638.4
9c182c025e56,AD003078,vendor_pin,locality,1,3029.8,683.6,0.25,0.2083,0.375,1,1,0,0,0,0,locality,3,2248.1
1a25103e19fa,AD003078,locality_centroid,locality,1,3029.6,575.7,0.25,0.2083,0.375,1,1,0,0,0,0,none,3,2222.7
bbceeb57e246,AD003078,town_centroid,town,1,856.3249999999999,109.34166666666668,0.25,0.2083,0.375,1,1,0,0,0,0,none,3,0.0
72e50266bf9c,AD003080,vendor_pin,locality,1,766.3,-646.2,0.1667,0.1646,0.3061,1,1,0,0,0,0,locality,3,943.8
3a7594c2d58e,AD003080,locality_centroid,locality,1,929.4,-822.2,0.1667,0.1646,0.3061,1,1,0,0,0,0,none,3,1134.9
c1a8af5a02ca,AD003080,town_centroid,town,1,-172.75833333333335,-551.7416666666667,0.1667,0.1646,0.3061,1,1,0,0,0,0,none,3,0.0
38bfe12c3c9b,AD003081,vendor_pin,locality,1,624.1,-2928.1,0.2857,0.2245,0.3611,1,1,0,0,0,0,locality,3,3046.3
2e70c9dfbd5c,AD003081,locality_centroid,locality,1,688.3,-3007.0,0.2857,0.2245,0.3611,1,1,0,0,0,0,none,3,3120.9
2a2583b6305d,AD003081,town_centroid,town,1,856.3249999999999,109.34166666666668,0.2857,0.2245,0.3611,1,1,0,0,0,0,none,3,0.0
b3b27b525523,AD003082,vendor_pin,locality,1,3071.4,663.7,0.0769,0.0972,0.2588,0,1,0,0,0,0,locality,2,2283.4
213735a94100,AD003082,town_centroid,town,1,856.3249999999999,109.34166666666668,0.0769,0.0972,0.2588,0,1,0,0,0,0,none,2,0.0
76c108437f0b,AD003083,vendor_pin,locality,1,-1113.7,-3050.9,0.4,0.2857,0.4898,1,1,0,0,0,0,locality,4,2764.2
6091f6716a0b,AD003083,locality_centroid,locality,1,-1053.3,-3163.0,0.4,0.2857,0.4898,1,1,0,0,0,0,none,4,2846.0
a74111114281,AD003083,town_centroid,town,1,-46.70000000000002,-500.9083333333333,0.4,0.2857,0.4898,1,1,0,0,0,0,none,4,0.0
9dbb16ce4ab4,AD003083,prior_field_cluster,street,1,-1380.1,-2720.5,0.4,0.2857,0.4898,1,1,0,0,0,0,none,4,2589.3
3864d55b0110,AD003084,vendor_pin,locality,1,-2950.8,1344.1,0.2,0.2034,0.3733,1,1,0,0,0,0,locality,3,3440.6
8b717fd515fb,AD003084,locality_centroid,locality,1,-2863.9,1096.5,0.2,0.2034,0.3733,1,1,0,0,0,0,none,3,3238.6
b6d765b757f8,AD003084,town_centroid,town,1,-46.70000000000002,-500.9083333333333,0.2,0.2034,0.3733,1,1,0,0,0,0,none,3,0.0
55a3704a5f01,AD003085,vendor_pin,rooftop,1,3342.7,-2080.8,0.2,0.1471,0.2857,1,1,0,0,0,0,rooftop,4,3739.5
46c018471c01,AD003085,locality_centroid,locality,1,2735.1,-2128.6,0.2,0.1471,0.2857,1,1,0,0,0,0,none,4,3223.0
b6f64e5a126b,AD003085,town_centroid,town,1,-46.70000000000002,-500.9083333333333,0.2,0.1471,0.2857,1,1,0,0,0,0,none,4,0.0
679d3d1b2552,AD003085,prior_field_cluster,street,1,3343.6,-2066.5,0.2,0.1471,0.2857,1,1,0,0,0,0,none,4,3734.3
085f7894ca56,AD003086,vendor_pin,locality,1,946.4,-900.0,0.2222,0.2203,0.3947,1,1,0,0,0,0,locality,3,1172.1
0b6a0220022c,AD003086,locality_centroid,locality,1,929.4,-822.2,0.2222,0.2203,0.3947,1,1,0,0,0,0,none,3,1134.9
cbd1bd532aae,AD003086,town_centroid,town,1,-172.75833333333335,-551.7416666666667,0.2222,0.2203,0.3947,1,1,0,0,0,0,none,3,0.0
689282b7f4ee,AD003087,vendor_pin,locality,1,2465.9,-1212.3,0.2857,0.2222,0.4068,1,1,0,0,0,0,locality,4,2082.7
8c39cdd738a3,AD003087,locality_centroid,locality,1,2589.2,-1273.1,0.2857,0.2222,0.4068,1,1,0,0,0,0,none,4,2216.8
8a2e5d8e6f74,AD003087,town_centroid,town,1,856.3249999999999,109.34166666666668,0.2857,0.2222,0.4068,1,1,0,0,0,0,none,4,0.0
1ca03ed52669,AD003087,prior_field_cluster,street,1,2670.6,-1343.4,0.2857,0.2222,0.4068,1,1,0,0,0,0,none,4,2324.2
c71b1d137d09,AD003088,vendor_pin,locality,1,3327.9,-2012.0,0.1667,0.1389,0.2791,1,1,0,0,0,0,locality,3,3793.0
52fb42047920,AD003088,locality_centroid,locality,1,3188.8,-1960.7,0.1667,0.1389,0.2791,1,1,0,0,0,0,none,3,3644.9
2ffc101f8f95,AD003088,town_centroid,town,1,-172.75833333333335,-551.7416666666667,0.1667,0.1389,0.2791,1,1,0,0,0,0,none,3,0.0
1e3881abc132,AD003090,vendor_pin,locality,1,843.7,-2989.9,0.0833,0.1127,0.2588,0,1,0,0,0,0,locality,3,2643.5
98e04a866701,AD003090,town_centroid,town,1,-46.70000000000002,-500.9083333333333,0.0833,0.1127,0.2588,0,1,0,0,0,0,none,3,0.0
f6fe4fb8203a,AD003090,prior_field_cluster,street,1,982.2,-2913.5,0.0833,0.1127,0.2588,0,1,0,0,0,0,none,3,2622.8
03e1805f3691,AD003092,vendor_pin,locality,1,2129.1,1820.0,0.25,0.1321,0.2571,1,1,0,0,0,0,locality,3,2132.2
2f265b64312a,AD003092,locality_centroid,locality,1,2308.9,1849.5,0.25,0.1321,0.2571,1,1,0,0,0,0,none,3,2266.7
7c25fce7e412,AD003092,town_centroid,town,1,856.3249999999999,109.34166666666668,0.25,0.1321,0.2571,1,1,0,0,0,0,none,3,0.0
67f610089490,AD003094,vendor_pin,locality,1,959.6,-108.5,0.1818,0.1791,0.3333,1,1,0,0,0,0,locality,4,1080.1
45ef6ac59395,AD003094,locality_centroid,locality,1,1112.8,-196.7,0.1818,0.1791,0.3333,1,1,0,0,0,0,none,4,1198.7
f32e7bc357ca,AD003094,town_centroid,town,1,-46.70000000000002,-500.9083333333333,0.1818,0.1791,0.3333,1,1,0,0,0,0,none,4,0.0
86e3d02b2919,AD003094,prior_field_cluster,street,1,890.9,-178.9,0.1818,0.1791,0.3333,1,1,0,0,0,0,none,4,991.4
20ca9be4a19f,AD003096,vendor_pin,locality,1,-1724.4,2563.0,0.2222,0.2115,0.3824,1,1,0,0,0,0,locality,3,3493.2
a1324b84b1be,AD003096,locality_centroid,locality,1,-1885.4,2441.1,0.2222,0.2115,0.3824,1,1,0,0,0,0,none,3,3469.3
11f06d0474f7,AD003096,town_centroid,town,1,-46.70000000000002,-500.9083333333333,0.2222,0.2115,0.3824,1,1,0,0,0,0,none,3,0.0
3e6f26d4d8a7,AD003098,vendor_pin,locality,1,885.9,2515.0,0.1667,0.1471,0.2857,1,1,0,0,0,0,locality,4,2405.8
da390401be87,AD003098,locality_centroid,locality,1,986.3,2772.6,0.1667,0.1471,0.2857,1,1,0,0,0,0,none,4,2666.4
d5325915f9a9,AD003098,town_centroid,town,1,856.3249999999999,109.34166666666668,0.1667,0.1471,0.2857,1,1,0,0,0,0,none,4,0.0
a94e2105d4b7,AD003098,prior_field_cluster,street,1,780.2,3078.5,0.1667,0.1471,0.2857,1,1,0,0,0,0,none,4,2970.1
956b6d045e57,AD003099,vendor_pin,locality,1,2861.1,-2160.1,0.1818,0.1449,0.2857,1,1,0,0,0,0,locality,4,3347.9
01448986cea4,AD003099,locality_centroid,locality,1,2735.1,-2128.6,0.1818,0.1449,0.2857,1,1,0,0,0,0,none,4,3223.0
a47d17aa7860,AD003099,town_centroid,town,1,-46.70000000000002,-500.9083333333333,0.1818,0.1449,0.2857,1,1,0,0,0,0,none,4,0.0
10f934d8c74f,AD003099,prior_field_cluster,street,1,2724.6499999999996,-2273.45,0.1818,0.1449,0.2857,1,1,0,0,0,0,none,4,3289.7
bcf957d2f55a,AD003100,vendor_pin,locality,1,1064.0,-5.7,0.0769,0.0909,0.25,0,1,0,0,0,0,locality,3,1216.1
14d119a11339,AD003100,town_centroid,town,1,-46.70000000000002,-500.9083333333333,0.0769,0.0909,0.25,0,1,0,0,0,0,none,3,0.0
303000b53fbe,AD003100,prior_field_cluster,street,1,1011.8,237.3,0.0769,0.0909,0.25,0,1,0,0,0,0,none,3,1290.5
2f998a165c2a,AD003102,vendor_pin,locality,1,898.1,-3139.9,0.3333,0.2703,0.4615,1,0,0,0,0,0,locality,4,2803.0
0c76fbd530fa,AD003102,locality_centroid,locality,1,665.2,-3094.2,0.3333,0.2703,0.4615,1,0,0,0,0,0,none,4,2689.2
d536677173f0,AD003102,town_centroid,town,1,-46.70000000000002,-500.9083333333333,0.3333,0.2703,0.4615,1,0,0,0,0,0,none,4,0.0
44c1c89cf909,AD003102,prior_field_cluster,street,1,1014.5,-3120.8,0.3333,0.2703,0.4615,1,0,0,0,0,0,none,4,2826.7
f728546ede22,AD003104,vendor_pin,locality,1,-237.2,1390.2,0.1818,0.1385,0.2716,1,1,0,0,0,0,locality,3,1684.2
11fcdd59f82a,AD003104,locality_centroid,locality,1,-200.6,1476.5,0.1818,0.1385,0.2716,1,1,0,0,0,0,none,3,1728.1
0dd6f17855ac,AD003104,town_centroid,town,1,856.3249999999999,109.34166666666668,0.1818,0.1385,0.2716,1,1,0,0,0,0,none,3,0.0
0227cbe62f0d,AD003105,vendor_pin,locality,1,-575.4,3247.6,0.1818,0.1711,0.3191,1,1,0,0,0,0,locality,4,3820.6
c7d9ebc0faaf,AD003105,locality_centroid,locality,1,-438.3,3208.9,0.1818,0.1711,0.3191,1,1,0,0,0,0,none,4,3770.0
04f49e0c1ef3,AD003105,town_centroid,town,1,-172.75833333333335,-551.7416666666667,0.1818,0.1711,0.3191,1,1,0,0,0,0,none,4,0.0
a75d3e7866c4,AD003105,prior_field_cluster,street,1,-117.3,3050.8,0.1818,0.1711,0.3191,1,1,0,0,0,0,none,4,3603.0
6d8596205098,AD003106,vendor_pin,street,1,1313.0,111.7,0.1111,0.1509,0.3385,0,1,0,0,0,0,street,3,456.7
d399768e4a3a,AD003106,town_centroid,town,1,856.3249999999999,109.34166666666668,0.1111,0.1509,0.3385,0,1,0,0,0,0,none,3,0.0
ea03f10acf8a,AD003106,prior_field_cluster,street,1,1368.3,219.3,0.1111,0.1509,0.3385,0,1,0,0,0,0,none,3,523.6
3351d70c439d,AD003107,vendor_pin,pincode,1,1029.2,-1109.4,0.0,0.0159,0.1449,0,1,0,0,0,0,pincode,2,1236.1
7d47f987fa37,AD003107,town_centroid,town,1,-46.70000000000002,-500.9083333333333,0.0,0.0159,0.1449,0,1,0,0,0,0,none,2,0.0
4a944f5e6789,AD003110,vendor_pin,locality,1,-533.9,-1247.6,0.2,0.1864,0.3467,1,1,0,0,0,0,locality,3,891.6
dcdfb01e2caf,AD003110,locality_centroid,locality,1,-598.6,-1329.8,0.2,0.1864,0.3467,1,1,0,0,0,0,none,3,995.8
5dcce7282b06,AD003110,town_centroid,town,1,-46.70000000000002,-500.9083333333333,0.2,0.1864,0.3467,1,1,0,0,0,0,none,3,0.0
47ceaf740aca,AD003111,vendor_pin,locality,1,-384.0,3088.1,0.1818,0.1733,0.3191,1,1,0,0,0,0,locality,3,3646.0
e330b0523051,AD003111,locality_centroid,locality,1,-438.3,3208.9,0.1818,0.1733,0.3191,1,1,0,0,0,0,none,3,3770.0
9a6354c3e544,AD003111,town_centroid,town,1,-172.75833333333335,-551.7416666666667,0.1818,0.1733,0.3191,1,1,0,0,0,0,none,3,0.0
6e6ff1ef5cc5,AD003113,vendor_pin,locality,1,-1092.0,280.9,0.1818,0.1549,0.3023,1,1,0,0,0,0,locality,3,1305.3
c0e08bceeda9,AD003113,locality_centroid,locality,1,-1205.8,409.2,0.1818,0.1549,0.3023,1,1,0,0,0,0,none,3,1473.7
561bf05386cc,AD003113,town_centroid,town,1,-46.70000000000002,-500.9083333333333,0.1818,0.1549,0.3023,1,1,0,0,0,0,none,3,0.0
61acbe3b9089,AD003115,vendor_pin,locality,1,723.9,-3348.4,0.125,0.1923,0.3611,0,1,0,0,0,0,locality,2,3460.3
e7ce35bc983a,AD003115,town_centroid,town,1,856.3249999999999,109.34166666666668,0.125,0.1923,0.3611,0,1,0,0,0,0,none,2,0.0
9b503850b817,AD003117,vendor_pin,pincode,1,566.7,-1323.1,0.0,0.0179,0.2295,0,1,0,0,0,0,pincode,2,1025.8
6bc7a7a15457,AD003117,town_centroid,town,1,-46.70000000000002,-500.9083333333333,0.0,0.0179,0.2295,0,1,0,0,0,0,none,2,0.0
