address_id,account_id,town_id,split,block_id,fold,size,span_m,n_splits
AD000001,AC000001,T1,train,AD000001,0,2,28.649626718530016,2
AD002125,AC001647,T1,test,AD000001,0,2,28.649626718530016,2
AD000003,AC000002,T3,train,AD000003,0,1,,1
AD000005,AC000004,T2,train,AD000005,0,1,,1
AD000006,AC000004,OUT,train,AD000006,0,1,,1
AD000007,AC000005,T2,train,AD000007,0,1,,1
AD000019,AC000016,T3,train,AD000019,0,1,0.0,1
AD000033,AC000029,T1,train,AD000033,0,1,,1
AD000043,AC000036,T3,validation,AD000043,0,1,,1
AD000045,AC000037,T3,train,AD000045,0,1,,1
AD000046,AC000037,T3,train,AD000046,0,1,,1
AD000049,AC000040,T2,train,AD000049,0,1,0.0,1
AD000050,AC000041,T1,validation,AD000050,0,1,,1
AD000054,AC000043,T1,train,AD000054,0,1,,1
AD000060,AC000048,T3,train,AD000060,0,1,0.0,1
AD000067,AC000054,T3,train,AD000067,0,1,,1
AD000068,AC000055,T2,train,AD000068,0,2,27.080181867926918,1
AD001122,AC000869,T3,train,AD000068,0,2,27.080181867926918,1
AD000077,AC000062,T3,train,AD000077,0,1,,1
AD000082,AC000066,T3,train,AD000082,0,1,,1
AD000088,AC000070,T2,validation,AD000088,0,2,28.226594286240044,2
AD000198,AC000159,T2,train,AD000088,0,2,28.226594286240044,2
AD000095,AC000074,OUT,train,AD000095,0,1,,1
AD000101,AC000080,T3,train,AD000101,0,1,,1
AD000107,AC000086,T3,train,AD000107,0,1,,1
AD000108,AC000087,T3,test,AD000108,0,1,,1
AD000119,AC000095,T1,train,AD000119,0,1,,1
AD000125,AC000099,T3,train,AD000125,0,1,,1
AD000129,AC000103,T1,train,AD000129,0,1,0.0,1
AD000147,AC000117,T2,test,AD000147,0,1,0.0,1
AD000153,AC000122,T3,test,AD000153,0,1,0.0,1
AD000154,AC000122,T3,test,AD000154,0,1,0.0,1
AD000158,AC000125,OUT,train,AD000158,0,1,,1
AD000166,AC000132,T2,validation,AD000166,0,1,0.0,1
AD000177,AC000141,T3,validation,AD000177,0,1,0.0,1
AD000180,AC000144,T1,train,AD000180,0,1,,1
AD000191,AC000152,T3,train,AD000191,0,1,,1
AD000195,AC000156,T1,train,AD000195,0,1,,1
AD000197,AC000158,T3,validation,AD000197,0,1,0.0,1
AD000202,AC000162,T3,train,AD000202,0,1,,1
AD000203,AC000163,T1,validation,AD000203,0,1,0.0,1
AD000211,AC000169,T3,test,AD000211,0,1,,1
AD000219,AC000175,T3,validation,AD000219,0,1,,1
AD000228,AC000183,T3,train,AD000228,0,1,0.0,1
AD000231,AC000186,T1,train,AD000231,0,1,,1
AD000237,AC000189,T1,train,AD000237,0,1,,1
AD000238,AC000190,T1,train,AD000238,0,3,25.72059270096374,1
AD000307,AC000244,T1,train,AD000238,0,3,25.72059270096374,1
AD002378,AC001845,T1,train,AD000238,0,3,25.72059270096374,1
AD000242,AC000193,T2,validation,AD000242,0,1,,1
AD000263,AC000209,T2,train,AD000263,0,1,,1
AD000264,AC000209,T2,train,AD000264,0,1,,1
AD000266,AC000211,T2,train,AD000266,0,1,,1
AD000271,AC000215,OUT,train,AD000271,0,1,,1
AD000274,AC000217,T1,validation,AD000274,0,1,,1
AD000278,AC000220,T2,train,AD000278,0,1,,1
AD000280,AC000221,T3,train,AD000280,0,1,0.0,1
AD000281,AC000222,T1,train,AD000281,0,1,0.0,1
AD000286,AC000226,T1,test,AD000286,0,1,0.0,1
AD000297,AC000235,T1,train,AD000297,0,1,,1
AD000300,AC000237,T3,validation,AD000300,0,1,,1
AD000308,AC000245,T3,train,AD000308,0,1,,1
AD000309,AC000246,T1,test,AD000309,0,1,0.0,1
AD000311,AC000248,T2,train,AD000311,0,1,,1
AD000313,AC000249,T3,test,AD000313,0,1,,1
AD000317,AC000251,T1,train,AD000317,0,1,,1
AD000326,AC000258,T3,train,AD000326,0,1,,1
AD000331,AC000261,T2,train,AD000331,0,1,,1
AD000339,AC000268,T2,train,AD000339,0,1,,1
AD000345,AC000274,T1,train,AD000345,0,1,,1
AD000346,AC000275,T1,train,AD000346,0,1,,1
AD000352,AC000280,T2,validation,AD000352,0,1,,1
AD000361,AC000288,T1,validation,AD000361,0,1,,1
AD000366,AC000292,T1,train,AD000366,0,1,,1
AD000371,AC000295,T1,train,AD000371,0,1,,1
AD000372,AC000296,T1,train,AD000372,0,1,,1
AD000374,AC000297,T3,train,AD000374,0,1,,1
AD000393,AC000313,T3,train,AD000393,0,1,,1
AD000394,AC000314,T2,train,AD000394,0,1,,1
AD000399,AC000317,T3,train,AD000399,0,1,,1
AD000402,AC000320,T3,train,AD000402,0,1,,1
AD000407,AC000324,T2,train,AD000407,0,1,,1
AD000409,AC000325,T3,train,AD000409,0,1,,1
AD000413,AC000327,OUT,validation,AD000413,0,1,,1
AD000421,AC000334,T3,train,AD000421,0,1,,1
AD000428,AC000338,T1,train,AD000428,0,1,,1
AD000435,AC000343,T1,train,AD000435,0,1,,1
AD000437,AC000345,T2,train,AD000437,0,1,,1
AD000439,AC000346,T2,train,AD000439,0,1,,1
AD000447,AC000352,T1,train,AD000447,0,1,,1
AD000459,AC000363,T2,test,AD000459,0,1,,1
AD000460,AC000364,T2,train,AD000460,0,1,0.0,1
AD000461,AC000364,T2,train,AD000461,0,1,,1
AD000462,AC000365,T1,train,AD000462,0,1,,1
AD000463,AC000365,OUT,train,AD000463,0,1,,1
AD000466,AC000368,T1,validation,AD000466,0,1,,1
AD000471,AC000372,T3,train,AD000471,0,1,,1
AD000477,AC000376,T1,validation,AD000477,0,2,11.901680553602596,2
AD001420,AC001093,T1,train,AD000477,0,2,11.901680553602596,2
AD000479,AC000377,T2,train,AD000479,0,1,,1
AD000484,AC000381,T3,test,AD000484,0,1,0.0,1
AD000491,AC000386,T2,train,AD000491,0,1,,1
AD000492,AC000386,T2,train,AD000492,0,1,,1
AD000494,AC000387,OUT,train,AD000494,0,1,,1
AD000500,AC000391,T3,train,AD000500,0,1,,1
AD000508,AC000398,T3,train,AD000508,0,1,0.0,1
AD000513,AC000402,T1,train,AD000513,0,1,0.0,1
AD000528,AC000412,T3,train,AD000528,0,1,,1
AD000531,AC000414,T2,train,AD000531,0,3,25.635058026070173,1
AD000560,AC000435,T2,train,AD000531,0,3,25.635058026070173,1
AD000854,AC000662,T2,train,AD000531,0,3,25.635058026070173,1
AD000537,AC000417,T1,train,AD000537,0,1,,1
AD000538,AC000418,T2,train,AD000538,0,3,44.26188930044027,2
AD001495,AC001151,T2,train,AD000538,0,3,44.26188930044027,2
AD002244,AC001736,T2,validation,AD000538,0,3,44.26188930044027,2
AD000545,AC000424,T3,train,AD000545,0,1,,1
AD000546,AC000424,OUT,train,AD000546,0,1,,1
AD000554,AC000431,T3,train,AD000554,0,1,,1
AD000555,AC000431,T3,train,AD000555,0,1,,1
AD000557,AC000433,T1,test,AD000557,0,1,,1
AD000573,AC000445,T2,test,AD000573,0,1,,1
AD000585,AC000454,T2,train,AD000585,0,1,,1
AD000589,AC000458,T1,test,AD000589,0,1,0.0,1
AD000591,AC000459,T3,train,AD000591,0,1,,1
AD000593,AC000461,T1,train,AD000593,0,1,,1
AD000597,AC000464,T3,train,AD000597,0,1,,1
AD000598,AC000465,T2,validation,AD000598,0,1,,1
AD000600,AC000467,T2,validation,AD000600,0,1,0.0,1
AD000608,AC000475,T1,train,AD000608,0,1,0.0,1
AD000613,AC000478,T2,train,AD000613,0,1,0.0,1
AD000618,AC000481,OUT,train,AD000618,0,1,,1
AD000619,AC000482,T1,test,AD000619,0,1,,1
AD000622,AC000484,T1,test,AD000622,0,1,0.0,1
AD000623,AC000484,T1,test,AD000623,0,1,0.0,1
AD000624,AC000485,T2,test,AD000624,0,1,0.0,1
AD000629,AC000488,T3,train,AD000629,0,1,,1
AD000630,AC000489,T1,validation,AD000630,0,1,0.0,1
AD000633,AC000492,T2,train,AD000633,0,1,,1
AD000637,AC000495,T1,train,AD000637,0,1,,1
AD000638,AC000496,T1,test,AD000638,0,1,0.0,1
AD000644,AC000500,T3,train,AD000644,0,1,,1
AD000646,AC000502,T1,train,AD000646,0,2,25.039219237028682,1
AD001702,AC001311,T1,train,AD000646,0,2,25.039219237028682,1
AD000650,AC000505,T3,train,AD000650,0,1,,1
AD000660,AC000512,T2,train,AD000660,0,1,,1
AD000665,AC000515,T1,test,AD000665,0,1,,1
AD000670,AC000519,OUT,train,AD000670,0,1,,1
AD000671,AC000520,T3,train,AD000671,0,1,0.0,1
AD000676,AC000524,T2,train,AD000676,0,1,,1
AD000681,AC000528,T3,validation,AD000681,0,1,,1
AD000684,AC000529,T1,train,AD000684,0,1,,1
AD000693,AC000537,T1,train,AD000693,0,1,,1
AD000694,AC000538,T2,train,AD000694,0,1,,1
AD000703,AC000545,T2,train,AD000703,0,1,,1
AD000704,AC000546,T2,train,AD000704,0,1,,1
AD000707,AC000548,T2,train,AD000707,0,1,,1
AD000711,AC000551,T2,train,AD000711,0,1,0.0,1
AD000712,AC000552,T2,train,AD000712,0,1,,1
AD000717,AC000555,T3,train,AD000717,0,1,,1
AD000718,AC000556,T2,train,AD000718,0,1,,1
AD000722,AC000560,T3,test,AD000722,0,1,0.0,1
AD000726,AC000562,OUT,test,AD000726,0,1,,1
AD000733,AC000568,T1,test,AD000733,0,1,0.0,1
AD000735,AC000570,T1,validation,AD000735,0,2,22.541697473792897,2
AD002537,AC001963,T1,train,AD000735,0,2,22.541697473792897,2
AD000736,AC000571,T1,train,AD000736,0,1,,1
AD000756,AC000586,T2,train,AD000756,0,1,0.0,1
AD000762,AC000591,T3,train,AD000762,0,1,,1
AD000763,AC000591,T3,train,AD000763,0,1,,1
AD000765,AC000593,T3,test,AD000765,0,1,,1
AD000769,AC000596,T2,train,AD000769,0,1,,1
AD000770,AC000597,T2,train,AD000770,0,1,,1
AD000775,AC000601,T3,train,AD000775,0,1,0.0,1
AD000782,AC000606,T1,train,AD000782,0,1,0.0,1
AD000790,AC000612,T2,validation,AD000790,0,1,,1
AD000791,AC000613,T1,train,AD000791,0,1,,1
AD000795,AC000616,T3,train,AD000795,0,1,0.0,1
AD000796,AC000616,OUT,train,AD000796,0,1,,1
AD000798,AC000618,T2,train,AD000798,0,1,,1
AD000799,AC000618,T2,train,AD000799,0,1,,1
AD000800,AC000619,T1,train,AD000800,0,1,,1
AD000806,AC000623,T2,train,AD000806,0,1,,1
AD000815,AC000631,T3,train,AD000815,0,3,32.12641912127109,1
AD000919,AC000712,T1,train,AD000815,0,3,32.12641912127109,1
AD002038,AC001581,T1,train,AD000815,0,3,32.12641912127109,1
AD000816,AC000632,T2,train,AD000816,0,1,,1
AD000823,AC000637,T1,train,AD000823,0,1,,1
AD000825,AC000639,T3,train,AD000825,0,1,0.0,1
AD000827,AC000641,T3,train,AD000827,0,2,19.536177267372988,1
AD001760,AC001359,T1,train,AD000827,0,2,19.536177267372988,1
AD000830,AC000643,T1,train,AD000830,0,1,0.0,1
AD000832,AC000645,T1,train,AD000832,0,1,0.0,1
AD000834,AC000647,T3,train,AD000834,0,1,,1
AD000840,AC000652,T1,train,AD000840,0,1,0.0,1
AD000843,AC000654,T1,train,AD000843,0,1,,1
AD000847,AC000657,T1,train,AD000847,0,1,,1
AD000851,AC000660,T2,train,AD000851,0,1,,1
AD000862,AC000668,T1,validation,AD000862,0,1,,1
AD000863,AC000669,T2,validation,AD000863,0,1,,1
AD000872,AC000677,T2,train,AD000872,0,1,,1
AD000879,AC000684,T3,train,AD000879,0,1,,1
AD000891,AC000692,T2,train,AD000891,0,1,,1
AD000896,AC000695,OUT,train,AD000896,0,1,,1
AD000921,AC000713,T2,train,AD000921,0,1,,1
AD000927,AC000718,T2,train,AD000927,0,1,,1
AD000930,AC000721,T1,train,AD000930,0,1,,1
AD000936,AC000726,T1,train,AD000936,0,1,0.0,1
AD000945,AC000733,T1,test,AD000945,0,1,,1
AD000960,AC000743,OUT,train,AD000960,0,1,,1
AD000982,AC000762,T3,train,AD000982,0,1,0.0,1
AD000994,AC000771,T2,validation,AD000994,0,1,,1
AD000996,AC000772,T2,train,AD000996,0,1,,1
AD000999,AC000774,T3,train,AD000999,0,1,,1
AD001003,AC000777,T2,train,AD001003,0,1,,1
AD001015,AC000788,T3,train,AD001015,0,1,,1
AD001022,AC000793,T1,train,AD001022,0,1,,1
AD001025,AC000796,T2,test,AD001025,0,1,,1
AD001030,AC000799,OUT,test,AD001030,0,1,,1
AD001035,AC000804,T1,train,AD001035,0,1,0.0,1
AD001039,AC000807,T3,train,AD001039,0,1,0.0,1
AD001041,AC000809,T1,train,AD001041,0,1,,1
AD001047,AC000814,T1,validation,AD001047,0,1,,1
AD001048,AC000814,T1,validation,AD001048,0,1,,1
AD001058,AC000821,T1,train,AD001058,0,1,,1
AD001063,AC000825,T1,train,AD001063,0,1,,1
AD001069,AC000830,T3,train,AD001069,0,1,,1
AD001070,AC000831,T1,train,AD001070,0,1,,1
AD001071,AC000832,T3,train,AD001071,0,2,18.979265001574642,1
AD002045,AC001587,T2,train,AD001071,0,2,18.979265001574642,1
AD001072,AC000832,OUT,train,AD001072,0,1,,1
AD001096,AC000850,T1,train,AD001096,0,1,0.0,1
AD001097,AC000850,T1,train,AD001097,0,1,,1
AD001103,AC000856,T1,test,AD001103,0,1,,1
AD001106,AC000857,OUT,test,AD001106,0,1,,1
AD001126,AC000872,T2,validation,AD001126,0,1,,1
AD001128,AC000874,T3,train,AD001128,0,1,0.0,1
AD001134,AC000878,T2,train,AD001134,0,1,,1
AD001136,AC000880,T2,test,AD001136,0,1,0.0,1
AD001144,AC000885,T1,train,AD001144,0,1,,1
AD001152,AC000892,T2,test,AD001152,0,1,0.0,1
AD001153,AC000892,T2,test,AD001153,0,1,,1
AD001158,AC000896,T2,validation,AD001158,0,1,0.0,1
AD001160,AC000897,T1,validation,AD001160,0,1,0.0,1
AD001175,AC000910,T3,train,AD001175,0,1,,1
AD001177,AC000912,T2,validation,AD001177,0,1,,1
AD001183,AC000916,T3,test,AD001183,0,1,,1
AD001185,AC000917,OUT,validation,AD001185,0,1,,1
AD001194,AC000924,T2,test,AD001194,0,1,,1
AD001196,AC000925,T1,train,AD001196,0,1,,1
AD001197,AC000926,T3,train,AD001197,0,1,0.0,1
AD001203,AC000931,T3,train,AD001203,0,1,,1
AD001208,AC000934,T1,train,AD001208,0,1,,1
AD001209,AC000935,T2,train,AD001209,0,1,,1
AD001215,AC000938,T2,train,AD001215,0,1,,1
AD001218,AC000940,T1,validation,AD001218,0,1,,1
AD001223,AC000944,T1,test,AD001223,0,2,6.863854602189868,2
AD001882,AC001458,T1,train,AD001223,0,2,6.863854602189868,2
AD001226,AC000947,T2,test,AD001226,0,1,,1
AD001227,AC000948,T3,train,AD001227,0,1,,1
AD001230,AC000950,T2,train,AD001230,0,1,,1
AD001234,AC000954,T3,train,AD001234,0,1,,1
AD001239,AC000957,T1,train,AD001239,0,1,0.0,1
AD001241,AC000958,OUT,train,AD001241,0,1,,1
AD001250,AC000966,T1,train,AD001250,0,1,,1
AD001252,AC000967,T2,train,AD001252,0,1,,1
AD001257,AC000972,T1,test,AD001257,0,1,0.0,1
AD001259,AC000973,T3,test,AD001259,0,1,,1
AD001261,AC000975,T1,validation,AD001261,0,1,,1
AD001270,AC000982,T1,train,AD001270,0,1,,1
AD001276,AC000987,T1,test,AD001276,0,1,0.0,1
AD001279,AC000990,T2,train,AD001279,0,1,,1
AD001280,AC000991,T2,train,AD001280,0,1,,1
AD001282,AC000993,T3,train,AD001282,0,1,,1
AD001284,AC000995,T2,validation,AD001284,0,1,,1
AD001285,AC000995,T2,validation,AD001285,0,1,,1
AD001287,AC000996,T3,train,AD001287,0,1,,1
AD001288,AC000997,T1,train,AD001288,0,1,,1
AD001295,AC001003,T1,validation,AD001295,0,1,,1
AD001304,AC001010,T1,validation,AD001304,0,1,,1
AD001306,AC001012,T1,train,AD001306,0,1,,1
AD001308,AC001013,T1,train,AD001308,0,1,,1
AD001310,AC001014,T2,train,AD001310,0,1,,1
AD001315,AC001018,T1,validation,AD001315,0,1,,1
AD001317,AC001019,T1,train,AD001317,0,1,,1
AD001318,AC001020,T2,train,AD001318,0,1,,1
AD001322,AC001023,T1,validation,AD001322,0,1,0.0,1
AD001323,AC001024,T1,train,AD001323,0,1,,1
AD001326,AC001026,T2,train,AD001326,0,1,,1
AD001332,AC001030,T3,test,AD001332,0,1,,1
AD001345,AC001041,OUT,validation,AD001345,0,1,,1
AD001350,AC001045,T2,train,AD001350,0,1,,1
AD001356,AC001049,T1,train,AD001356,0,1,,1
AD001359,AC001051,T2,train,AD001359,0,1,,1
AD001362,AC001054,T1,train,AD001362,0,2,21.455302374937396,1
AD002468,AC001909,T1,train,AD001362,0,2,21.455302374937396,1
AD001364,AC001056,T1,train,AD001364,0,1,0.0,1
AD001366,AC001058,T1,train,AD001366,0,1,,1
AD001370,AC001061,T1,validation,AD001370,0,1,,1
AD001373,AC001064,T2,train,AD001373,0,1,,1
AD001391,AC001076,T3,train,AD001391,0,1,0.0,1
AD001392,AC001076,T3,train,AD001392,0,1,,1
AD001393,AC001077,T1,validation,AD001393,0,1,,1
AD001397,AC001080,T2,train,AD001397,0,1,0.0,1
AD001400,AC001081,OUT,train,AD001400,0,1,,1
AD001401,AC001082,T1,train,AD001401,0,1,,1
AD001403,AC001083,T2,train,AD001403,0,1,,1
AD001408,AC001086,T1,train,AD001408,0,1,0.0,1
AD001414,AC001090,T1,train,AD001414,0,1,,1
AD001417,AC001092,T2,train,AD001417,0,1,0.0,1
AD001419,AC001093,T1,train,AD001419,0,1,,1
AD001421,AC001094,T3,train,AD001421,0,1,,1
AD001427,AC001098,T3,test,AD001427,0,1,,1
AD001440,AC001108,T3,validation,AD001440,0,1,,1
AD001442,AC001110,T1,train,AD001442,0,1,,1
AD001443,AC001111,T3,train,AD001443,0,1,0.0,1
AD001446,AC001113,T2,train,AD001446,0,1,,1
AD001451,AC001118,T2,validation,AD001451,0,1,,1
AD001453,AC001119,T3,train,AD001453,0,1,,1
AD001455,AC001121,T2,test,AD001455,0,1,,1
AD001456,AC001121,T2,test,AD001456,0,1,,1
AD001457,AC001122,T2,test,AD001457,0,1,,1
AD001459,AC001123,OUT,validation,AD001459,0,1,,1
AD001469,AC001132,T3,train,AD001469,0,1,0.0,1
AD001473,AC001134,T3,train,AD001473,0,1,0.0,1
AD001476,AC001136,T3,train,AD001476,0,1,,1
AD001480,AC001140,T3,test,AD001480,0,1,,1
AD001484,AC001144,T1,validation,AD001484,0,1,,1
AD001486,AC001145,T3,test,AD001486,0,1,,1
AD001497,AC001153,T2,train,AD001497,0,1,,1
AD001499,AC001155,T3,train,AD001499,0,1,0.0,1
AD001507,AC001161,T3,train,AD001507,0,1,,1
AD001513,AC001166,T3,test,AD001513,0,1,,1
AD001514,AC001167,T1,train,AD001514,0,1,,1
AD001526,AC001176,T2,train,AD001526,0,1,0.0,1
AD001527,AC001176,OUT,train,AD001527,0,1,,1
AD001532,AC001179,T1,test,AD001532,0,1,,1
AD001537,AC001183,T2,train,AD001537,0,1,,1
AD001540,AC001185,T3,train,AD001540,0,1,0.0,1
AD001542,AC001187,T3,train,AD001542,0,1,,1
AD001544,AC001189,T3,validation,AD001544,0,1,,1
AD001552,AC001194,T1,test,AD001552,0,1,,1
AD001553,AC001195,T2,validation,AD001553,0,1,,1
AD001556,AC001198,T2,train,AD001556,0,2,21.831738364134058,1
AD002218,AC001716,T2,train,AD001556,0,2,21.831738364134058,1
AD001557,AC001199,T2,validation,AD001557,0,1,,1
AD001565,AC001204,T3,train,AD001565,0,1,,1
AD001571,AC001210,T1,validation,AD001571,0,1,,1
AD001572,AC001211,T3,train,AD001572,0,1,,1
AD001576,AC001214,T1,train,AD001576,0,1,,1
AD001580,AC001217,OUT,validation,AD001580,0,1,,1
AD001588,AC001225,T1,train,AD001588,0,1,,1
AD001597,AC001233,T2,train,AD001597,0,1,,1
AD001604,AC001238,T1,train,AD001604,0,1,,1
AD001606,AC001240,T3,train,AD001606,0,1,,1
AD001611,AC001244,T2,train,AD001611,0,1,,1
AD001627,AC001256,T2,test,AD001627,0,1,0.0,1
AD001628,AC001257,T2,train,AD001628,0,1,,1
AD001641,AC001267,T3,train,AD001641,0,1,,1
AD001642,AC001268,T1,validation,AD001642,0,1,,1
AD001648,AC001272,OUT,train,AD001648,0,1,,1
AD001660,AC001281,T2,train,AD001660,0,1,0.0,1
AD001669,AC001286,T1,train,AD001669,0,1,,1
AD001672,AC001287,OUT,validation,AD001672,0,1,,1
AD001676,AC001290,T1,train,AD001676,0,1,0.0,1
AD001682,AC001295,T2,test,AD001682,0,1,,1
AD001685,AC001297,T3,test,AD001685,0,1,,1
AD001696,AC001306,T3,train,AD001696,0,1,,1
AD001704,AC001312,T2,train,AD001704,0,1,,1
AD001709,AC001316,T1,train,AD001709,0,1,,1
AD001719,AC001324,T3,train,AD001719,0,1,,1
AD001722,AC001327,T3,test,AD001722,0,1,0.0,1
AD001736,AC001340,T1,test,AD001736,0,1,,1
AD001737,AC001340,OUT,test,AD001737,0,1,,1
AD001738,AC001341,T1,train,AD001738,0,1,0.0,1
AD001747,AC001349,T3,validation,AD001747,0,1,,1
AD001754,AC001355,T3,train,AD001754,0,1,,1
AD001758,AC001358,T1,train,AD001758,0,1,,1
AD001759,AC001358,T1,train,AD001759,0,1,,1
AD001763,AC001361,T3,train,AD001763,0,1,,1
AD001775,AC001372,T1,train,AD001775,0,1,0.0,1
AD001789,AC001384,T1,train,AD001789,0,1,,1
AD001790,AC001385,T1,train,AD001790,0,1,0.0,1
AD001801,AC001394,T3,validation,AD001801,0,1,,1
AD001802,AC001395,T3,validation,AD001802,0,1,0.0,1
AD001803,AC001396,T1,train,AD001803,0,1,,1
AD001808,AC001400,T1,train,AD001808,0,1,0.0,1
AD001810,AC001402,T2,train,AD001810,0,1,,1
AD001811,AC001403,T2,train,AD001811,0,1,0.0,1
AD001813,AC001405,T3,train,AD001813,0,1,,1
AD001815,AC001406,T1,train,AD001815,0,1,0.0,1
AD001819,AC001409,OUT,train,AD001819,0,1,,1
AD001827,AC001416,T3,train,AD001827,0,1,,1
AD001835,AC001423,T2,test,AD001835,0,1,,1
AD001839,AC001426,T2,train,AD001839,0,1,,1
AD001848,AC001431,T3,train,AD001848,0,1,,1
AD001849,AC001432,T1,validation,AD001849,0,1,0.0,1
AD001850,AC001433,T1,train,AD001850,0,1,,1
AD001851,AC001434,T2,train,AD001851,0,1,,1
AD001865,AC001445,T3,train,AD001865,0,1,,1
AD001871,AC001450,T1,train,AD001871,0,1,,1
AD001872,AC001451,T3,train,AD001872,0,1,,1
AD001877,AC001454,T2,validation,AD001877,0,1,,1
AD001880,AC001457,T3,train,AD001880,0,1,0.0,1
AD001884,AC001460,T3,train,AD001884,0,1,,1
AD001887,AC001462,OUT,train,AD001887,0,1,,1
AD001894,AC001468,T2,train,AD001894,0,1,,1
AD001902,AC001474,T3,train,AD001902,0,1,,1
AD001905,AC001477,T2,test,AD001905,0,1,,1
AD001919,AC001487,T3,train,AD001919,0,1,,1
AD001925,AC001492,T3,train,AD001925,0,1,,1
AD001932,AC001497,T3,train,AD001932,0,1,,1
AD001940,AC001503,T1,test,AD001940,0,1,,1
AD001941,AC001503,T1,test,AD001941,0,1,,1
AD001946,AC001508,T3,train,AD001946,0,1,,1
AD001949,AC001511,T1,train,AD001949,0,1,,1
AD001957,AC001518,T3,validation,AD001957,0,1,,1
AD001960,AC001521,T1,validation,AD001960,0,1,0.0,1
AD001966,AC001526,T2,validation,AD001966,0,1,,1
AD001974,AC001534,T2,test,AD001974,0,1,,1
AD001979,AC001537,OUT,train,AD001979,0,1,,1
AD001984,AC001540,T3,train,AD001984,0,1,,1
AD001987,AC001542,T2,train,AD001987,0,1,,1
AD001992,AC001546,T1,train,AD001992,0,1,,1
AD001996,AC001549,T2,train,AD001996,0,1,0.0,1
AD002008,AC001557,T3,train,AD002008,0,1,,1
AD002012,AC001559,OUT,train,AD002012,0,1,,1
AD002025,AC001569,T3,test,AD002025,0,1,,1
AD002039,AC001582,T1,test,AD002039,0,1,0.0,1
AD002053,AC001593,T2,train,AD002053,0,1,,1
AD002054,AC001594,T2,train,AD002054,0,1,,1
AD002058,AC001596,OUT,train,AD002058,0,1,,1
AD002061,AC001599,T1,train,AD002061,0,1,0.0,1
AD002063,AC001601,T2,train,AD002063,0,1,,1
AD002083,AC001615,T3,train,AD002083,0,1,0.0,1
AD002089,AC001619,T2,validation,AD002089,0,1,0.0,1
AD002090,AC001620,T1,train,AD002090,0,1,0.0,1
AD002105,AC001632,T2,test,AD002105,0,1,,1
AD002118,AC001642,T2,train,AD002118,0,1,0.0,1
AD002135,AC001654,T3,train,AD002135,0,1,,1
AD002137,AC001655,OUT,train,AD002137,0,1,,1
AD002139,AC001656,T3,validation,AD002139,0,1,0.0,1
AD002140,AC001657,T2,train,AD002140,0,1,0.0,1
AD002141,AC001657,T2,train,AD002141,0,1,,1
AD002153,AC001666,T3,train,AD002153,0,1,0.0,1
AD002159,AC001671,T2,test,AD002159,0,1,,1
AD002166,AC001676,T2,train,AD002166,0,1,,1
AD002175,AC001682,T3,test,AD002175,0,1,,1
AD002180,AC001685,T1,train,AD002180,0,1,,1
AD002187,AC001691,T3,train,AD002187,0,1,,1
AD002188,AC001692,T3,test,AD002188,0,1,0.0,1
AD002191,AC001694,T1,test,AD002191,0,1,,1
AD002194,AC001697,T2,train,AD002194,0,1,0.0,1
AD002208,AC001706,OUT,train,AD002208,0,1,,1
AD002211,AC001709,T2,test,AD002211,0,1,,1
AD002212,AC001710,T1,test,AD002212,0,1,,1
AD002214,AC001712,T3,train,AD002214,0,1,,1
AD002217,AC001715,T1,test,AD002217,0,1,0.0,1
AD002224,AC001720,T2,train,AD002224,0,1,,1
AD002237,AC001731,T2,test,AD002237,0,1,0.0,1
AD002242,AC001735,T2,train,AD002242,0,1,,1
AD002247,AC001739,T1,test,AD002247,0,1,0.0,1
AD002250,AC001742,T1,train,AD002250,0,1,,1
AD002254,AC001746,T3,validation,AD002254,0,1,0.0,1
AD002255,AC001747,T2,train,AD002255,0,1,,1
AD002258,AC001749,T3,test,AD002258,0,1,,1
AD002265,AC001756,T1,validation,AD002265,0,1,,1
AD002272,AC001761,T2,train,AD002272,0,1,,1
AD002273,AC001761,T2,train,AD002273,0,1,,1
AD002274,AC001762,T2,train,AD002274,0,1,,1
AD002280,AC001765,T1,train,AD002280,0,1,,1
AD002282,AC001767,T3,test,AD002282,0,1,,1
AD002284,AC001768,T2,validation,AD002284,0,1,0.0,1
AD002288,AC001771,T1,train,AD002288,0,1,,1
AD002300,AC001781,T2,train,AD002300,0,1,,1
AD002313,AC001793,OUT,train,AD002313,0,1,,1
AD002314,AC001794,T1,train,AD002314,0,1,,1
AD002317,AC001796,T1,train,AD002317,0,1,0.0,1
AD002325,AC001802,T2,validation,AD002325,0,1,,1
AD002328,AC001804,T3,train,AD002328,0,1,,1
AD002338,AC001811,OUT,train,AD002338,0,1,,1
AD002341,AC001813,T2,train,AD002341,0,2,17.744611858251357,1
AD002811,AC002177,T2,train,AD002341,0,2,17.744611858251357,1
AD002343,AC001815,T3,train,AD002343,0,1,,1
AD002346,AC001818,T3,test,AD002346,0,1,,1
AD002352,AC001822,T1,train,AD002352,0,1,,1
AD002358,AC001827,T3,train,AD002358,0,1,,1
AD002360,AC001829,T2,train,AD002360,0,1,,1
AD002361,AC001829,T2,train,AD002361,0,1,,1
AD002371,AC001838,T2,train,AD002371,0,1,,1
AD002376,AC001843,T1,validation,AD002376,0,1,,1
AD002377,AC001844,T3,train,AD002377,0,1,,1
AD002402,AC001863,T3,validation,AD002402,0,1,0.0,1
AD002409,AC001868,OUT,validation,AD002409,0,1,,1
AD002444,AC001892,T1,train,AD002444,0,1,,1
AD002445,AC001893,T3,train,AD002445,0,1,,1
AD002455,AC001898,OUT,train,AD002455,0,1,,1
AD002462,AC001904,T1,train,AD002462,0,1,0.0,1
AD002473,AC001914,T2,train,AD002473,0,1,,1
AD002483,AC001921,T2,test,AD002483,0,1,,1
AD002494,AC001930,T1,train,AD002494,0,1,0.0,1
AD002497,AC001932,T3,train,AD002497,0,1,,1
AD002502,AC001936,T1,train,AD002502,0,1,0.0,1
AD002504,AC001937,T3,validation,AD002504,0,1,0.0,1
AD002508,AC001940,T1,validation,AD002508,0,1,,1
AD002518,AC001947,T3,train,AD002518,0,1,,1
AD002519,AC001947,T3,train,AD002519,0,1,,1
AD002526,AC001954,T2,train,AD002526,0,1,0.0,1
AD002529,AC001956,T3,train,AD002529,0,1,,1
AD002531,AC001958,T2,test,AD002531,0,1,0.0,1
AD002532,AC001959,T3,train,AD002532,0,1,0.0,1
AD002543,AC001968,T1,train,AD002543,0,1,,1
AD002545,AC001969,T1,test,AD002545,0,2,25.193142806018475,2
AD002756,AC002136,T3,train,AD002545,0,2,25.193142806018475,2
AD002547,AC001970,T3,validation,AD002547,0,1,0.0,1
AD002554,AC001976,OUT,train,AD002554,0,1,,1
AD002569,AC001990,T1,test,AD002569,0,1,0.0,1
AD002570,AC001991,T2,train,AD002570,0,1,,1
AD002571,AC001992,T1,test,AD002571,0,1,0.0,1
AD002575,AC001996,T2,train,AD002575,0,1,,1
AD002592,AC002007,T3,train,AD002592,0,1,,1
AD002594,AC002009,T3,train,AD002594,0,1,,1
AD002596,AC002011,T3,train,AD002596,0,1,,1
AD002610,AC002020,T3,train,AD002610,0,1,,1
AD002611,AC002021,T2,test,AD002611,0,1,,1
AD002613,AC002023,T2,test,AD002613,0,1,,1
AD002615,AC002025,T3,test,AD002615,0,1,,1
AD002619,AC002029,T2,train,AD002619,0,1,,1
AD002620,AC002030,T3,train,AD002620,0,1,,1
AD002629,AC002038,T3,train,AD002629,0,1,,1
AD002630,AC002038,OUT,train,AD002630,0,1,,1
AD002633,AC002041,T2,validation,AD002633,0,1,0.0,1
AD002636,AC002042,T3,train,AD002636,0,1,,1
AD002642,AC002047,T2,train,AD002642,0,1,,1
AD002645,AC002049,T1,train,AD002645,0,1,,1
AD002647,AC002050,T3,train,AD002647,0,1,,1
AD002649,AC002051,T3,validation,AD002649,0,1,,1
AD002655,AC002056,T3,train,AD002655,0,1,0.0,1
AD002662,AC002063,T3,train,AD002662,0,1,,1
AD002664,AC002065,T2,train,AD002664,0,1,0.0,1
AD002671,AC002070,T2,train,AD002671,0,1,0.0,1
AD002674,AC002073,T3,train,AD002674,0,1,,1
AD002686,AC002082,OUT,train,AD002686,0,1,,1
AD002689,AC002084,T2,train,AD002689,0,1,,1
AD002696,AC002090,T3,validation,AD002696,0,1,0.0,1
AD002699,AC002092,T2,train,AD002699,0,1,,1
AD002703,AC002095,T2,train,AD002703,0,1,,1
AD002705,AC002096,T2,train,AD002705,0,1,,1
AD002712,AC002103,T3,test,AD002712,0,1,0.0,1
AD002714,AC002104,T3,train,AD002714,0,1,,1
AD002716,AC002106,T2,validation,AD002716,0,1,,1
AD002717,AC002106,T2,validation,AD002717,0,1,,1
AD002718,AC002107,T3,train,AD002718,0,1,,1
AD002722,AC002111,T3,train,AD002722,0,1,0.0,1
AD002727,AC002115,T1,train,AD002727,0,1,0.0,1
AD002730,AC002118,T3,train,AD002730,0,1,,1
AD002744,AC002129,T1,test,AD002744,0,1,0.0,1
AD002750,AC002132,T2,test,AD002750,0,1,0.0,1
AD002759,AC002138,T3,validation,AD002759,0,1,,1
AD002761,AC002139,T3,test,AD002761,0,1,,1
AD002769,AC002145,T3,train,AD002769,0,1,,1
AD002777,AC002152,T2,train,AD002777,0,1,,1
AD002789,AC002161,T3,train,AD002789,0,1,,1
AD002797,AC002167,OUT,test,AD002797,0,1,,1
AD002799,AC002169,T3,train,AD002799,0,1,0.0,1
AD002804,AC002173,T3,test,AD002804,0,1,,1
AD002816,AC002181,T3,train,AD002816,0,1,,1
AD002821,AC002185,T2,validation,AD002821,0,1,0.0,1
AD002822,AC002186,T3,train,AD002822,0,1,,1
AD002828,AC002191,T1,train,AD002828,0,1,,1
AD002832,AC002195,T2,validation,AD002832,0,1,0.0,1
AD002834,AC002196,T2,train,AD002834,0,1,,1
AD002838,AC002199,T2,validation,AD002838,0,1,,1
AD002840,AC002200,T1,train,AD002840,0,1,,1
AD002842,AC002202,T2,test,AD002842,0,1,0.0,1
AD002843,AC002203,T2,test,AD002843,0,1,,1
AD002851,AC002209,T2,train,AD002851,0,1,,1
AD002853,AC002211,T2,train,AD002853,0,1,,1
AD002856,AC002214,T1,train,AD002856,0,1,,1
AD002862,AC002220,T3,validation,AD002862,0,1,,1
AD002864,AC002221,T3,validation,AD002864,0,1,0.0,1
AD002866,AC002223,T3,test,AD002866,0,1,,1
AD002868,AC002225,T1,test,AD002868,0,1,,1
AD002871,AC002228,T3,train,AD002871,0,1,,1
AD002876,AC002232,T1,train,AD002876,0,1,,1
AD002881,AC002237,T1,train,AD002881,0,1,,1
AD002883,AC002239,T1,train,AD002883,0,1,,1
AD002886,AC002241,T1,train,AD002886,0,1,,1
AD002893,AC002246,T2,train,AD002893,0,1,,1
AD002897,AC002248,OUT,train,AD002897,0,1,,1
AD002899,AC002250,T2,train,AD002899,0,1,,1
AD002901,AC002252,T3,train,AD002901,0,1,0.0,1
AD002904,AC002255,T1,train,AD002904,0,1,,1
AD002908,AC002258,T1,train,AD002908,0,1,,1
AD002921,AC002268,T3,train,AD002921,0,1,,1
AD002926,AC002273,T3,train,AD002926,0,1,,1
AD002931,AC002277,T2,train,AD002931,0,1,,1
AD002936,AC002282,T2,train,AD002936,0,1,0.0,1
AD002942,AC002286,T2,train,AD002942,0,1,,1
AD002947,AC002289,T2,train,AD002947,0,1,,1
AD002951,AC002291,OUT,validation,AD002951,0,1,,1
AD002957,AC002296,T2,train,AD002957,0,1,,1
AD002976,AC002311,T2,train,AD002976,0,1,,1
AD002981,AC002316,T3,train,AD002981,0,1,0.0,1
AD002991,AC002325,T1,train,AD002991,0,1,0.0,1
AD002994,AC002328,T1,train,AD002994,0,1,,1
AD003002,AC002334,T2,test,AD003002,0,1,0.0,1
AD003009,AC002339,T3,train,AD003009,0,1,,1
AD003014,AC002342,T2,train,AD003014,0,1,0.0,1
AD003021,AC002347,OUT,test,AD003021,0,1,,1
AD003027,AC002351,T1,validation,AD003027,0,1,0.0,1
AD003028,AC002352,T1,test,AD003028,0,1,,1
AD003039,AC002360,T3,train,AD003039,0,1,,1
AD003056,AC002374,T1,test,AD003056,0,1,,1
AD003063,AC002380,T3,validation,AD003063,0,1,,1
AD003072,AC002385,T3,train,AD003072,0,1,,1
AD003073,AC002386,T1,train,AD003073,0,1,,1
AD003074,AC002387,T2,train,AD003074,0,1,0.0,1
AD003075,AC002388,T3,train,AD003075,0,1,,1
AD003089,AC002399,OUT,train,AD003089,0,1,,1
AD003101,AC000232,OUT,train,AD003101,0,1,,1
AD003102,AC001232,T1,test,AD003102,0,1,0.0,1
AD003105,AC001373,T3,validation,AD003105,0,1,0.0,1
AD003114,AC000505,OUT,train,AD003114,0,1,,1
AD000002,AC000001,T1,train,AD000002,1,1,,1
AD000008,AC000006,T1,train,AD000008,1,1,,1
AD000015,AC000012,T1,train,AD000015,1,1,0.0,1
AD000017,AC000014,T2,train,AD000017,1,1,,1
AD000018,AC000015,T1,train,AD000018,1,1,0.0,1
AD000032,AC000028,T2,train,AD000032,1,1,0.0,1
AD000038,AC000032,OUT,train,AD000038,1,1,,1
AD000041,AC000034,T1,train,AD000041,1,1,0.0,1
AD000042,AC000035,T3,train,AD000042,1,1,,1
AD000047,AC000038,T1,train,AD000047,1,1,0.0,1
AD000063,AC000051,T2,test,AD000063,1,1,,1
AD000064,AC000051,T2,test,AD000064,1,1,,1
AD000065,AC000052,T3,train,AD000065,1,1,,1
AD000076,AC000061,T2,validation,AD000076,1,1,0.0,1
AD000080,AC000064,T3,test,AD000080,1,1,,1
AD000091,AC000072,T2,train,AD000091,1,1,,1
AD000096,AC000075,T3,train,AD000096,1,2,2.4590253263344675,1
AD002583,AC002002,T2,train,AD000096,1,2,2.4590253263344675,1
AD000102,AC000081,T1,test,AD000102,1,1,,1
AD000104,AC000083,T1,train,AD000104,1,1,,1
AD000106,AC000085,T1,validation,AD000106,1,1,0.0,1
AD000110,AC000088,OUT,train,AD000110,1,1,,1
AD000117,AC000094,T3,validation,AD000117,1,1,,1
AD000122,AC000097,T3,train,AD000122,1,1,,1
AD000130,AC000104,T1,train,AD000130,1,1,0.0,1
AD000132,AC000105,T3,train,AD000132,1,1,,1
AD000134,AC000106,T2,train,AD000134,1,1,,1
AD000140,AC000111,T2,train,AD000140,1,1,,1
AD000142,AC000113,T3,train,AD000142,1,1,0.0,1
AD000144,AC000114,T3,train,AD000144,1,1,,1
AD000149,AC000119,T2,validation,AD000149,1,1,,1
AD000151,AC000120,T2,train,AD000151,1,1,0.0,1
AD000159,AC000126,T3,train,AD000159,1,1,,1
AD000167,AC000132,T2,validation,AD000167,1,1,,1
AD000182,AC000146,T2,test,AD000182,1,1,,1
AD000183,AC000146,OUT,test,AD000183,1,1,,1
AD000185,AC000147,T3,train,AD000185,1,1,,1
AD000190,AC000151,T3,train,AD000190,1,1,,1
AD000193,AC000154,T1,train,AD000193,1,1,,1
AD000194,AC000155,T2,train,AD000194,1,1,,1
AD000196,AC000157,T2,train,AD000196,1,1,,1
AD000201,AC000161,T1,train,AD000201,1,1,0.0,1
AD000207,AC000166,T1,validation,AD000207,1,1,,1
AD000212,AC000170,T1,train,AD000212,1,1,,1
AD000214,AC000172,T1,train,AD000214,1,1,,1
AD000217,AC000174,T2,train,AD000217,1,1,,1
AD000221,AC000177,T3,train,AD000221,1,1,,1
AD000226,AC000181,T1,validation,AD000226,1,1,,1
AD000236,AC000189,T1,train,AD000236,1,1,0.0,1
AD000247,AC000196,T1,validation,AD000247,1,1,,1
AD000251,AC000200,T1,train,AD000251,1,1,0.0,1
AD000252,AC000201,T3,validation,AD000252,1,1,,1
AD000253,AC000202,T1,validation,AD000253,1,1,0.0,1
AD000259,AC000206,T1,train,AD000259,1,1,,1
AD000268,AC000213,T2,train,AD000268,1,1,0.0,1
AD000275,AC000218,T2,train,AD000275,1,1,,1
AD000276,AC000219,T1,train,AD000276,1,1,,1
AD000283,AC000223,OUT,train,AD000283,1,1,,1
AD000285,AC000225,T1,validation,AD000285,1,2,22.318154045529997,2
AD001191,AC000922,T1,train,AD000285,1,2,22.318154045529997,2
AD000288,AC000228,T3,train,AD000288,1,1,0.0,1
AD000298,AC000235,T1,train,AD000298,1,1,,1
AD000304,AC000241,T2,train,AD000304,1,1,,1
AD000322,AC000255,T1,train,AD000322,1,1,0.0,1
AD000325,AC000257,T3,train,AD000325,1,1,,1
AD000344,AC000273,T1,train,AD000344,1,1,,1
AD000347,AC000276,T3,validation,AD000347,1,1,,1
AD000351,AC000279,T3,train,AD000351,1,1,,1
AD000353,AC000280,T2,validation,AD000353,1,1,,1
AD000358,AC000285,T2,validation,AD000358,1,1,,1
AD000360,AC000287,T1,test,AD000360,1,1,0.0,1
AD000362,AC000288,T1,validation,AD000362,1,1,,1
AD000364,AC000290,T2,train,AD000364,1,1,0.0,1
AD000365,AC000291,T2,train,AD000365,1,1,0.0,1
AD000383,AC000305,T2,train,AD000383,1,1,,1
AD000389,AC000310,T1,train,AD000389,1,1,0.0,1
AD000390,AC000311,T1,train,AD000390,1,1,,1
AD000392,AC000312,T2,train,AD000392,1,1,,1
AD000395,AC000315,T3,train,AD000395,1,1,,1
AD000397,AC000316,T3,test,AD000397,1,1,0.0,1
AD000401,AC000319,T3,train,AD000401,1,1,,1
AD000412,AC000327,T2,validation,AD000412,1,1,0.0,1
AD000415,AC000328,OUT,train,AD000415,1,1,,1
AD000418,AC000331,T2,validation,AD000418,1,1,,1
AD000419,AC000332,T2,validation,AD000419,1,1,,1
AD000424,AC000336,T2,train,AD000424,1,1,0.0,1
AD000434,AC000342,T3,train,AD000434,1,1,,1
AD000436,AC000344,T3,train,AD000436,1,1,,1
AD000438,AC000346,T2,train,AD000438,1,1,,1
AD000443,AC000349,T2,train,AD000443,1,1,0.0,1
AD000452,AC000357,T3,train,AD000452,1,1,,1
AD000453,AC000358,T3,train,AD000453,1,1,,1
AD000457,AC000361,T3,test,AD000457,1,1,,1
AD000465,AC000367,T3,train,AD000465,1,1,,1
AD000468,AC000370,T3,test,AD000468,1,1,,1
AD000470,AC000371,OUT,train,AD000470,1,1,,1
AD000472,AC000373,T2,train,AD000472,1,1,0.0,1
AD000483,AC000380,T3,test,AD000483,1,1,,1
AD000488,AC000384,T1,train,AD000488,1,1,,1
AD000495,AC000388,T2,train,AD000495,1,1,0.0,1
AD000496,AC000388,OUT,train,AD000496,1,1,,1
AD000502,AC000393,T2,train,AD000502,1,1,,1
AD000519,AC000405,T3,test,AD000519,1,1,,1
AD000524,AC000408,T1,validation,AD000524,1,1,0.0,1
AD000525,AC000409,T3,validation,AD000525,1,1,,1
AD000526,AC000410,T3,train,AD000526,1,1,0.0,1
AD000532,AC000415,T3,train,AD000532,1,1,,1
AD000533,AC000415,T3,train,AD000533,1,2,12.246045280007705,1
AD001534,AC001181,T3,train,AD000533,1,2,12.246045280007705,1
AD000534,AC000416,T3,train,AD000534,1,3,36.49287601710774,2
AD002336,AC001810,T3,train,AD000534,1,3,36.49287601710774,2
AD002968,AC002305,T3,validation,AD000534,1,3,36.49287601710774,2
AD000535,AC000416,T3,train,AD000535,1,1,0.0,1
AD000539,AC000418,T2,train,AD000539,1,1,,1
AD000543,AC000422,T1,train,AD000543,1,1,,1
AD000548,AC000426,T2,train,AD000548,1,1,,1
AD000558,AC000434,T2,train,AD000558,1,1,,1
AD000559,AC000434,OUT,train,AD000559,1,1,,1
AD000562,AC000436,T1,validation,AD000562,1,1,0.0,1
AD000579,AC000449,T2,train,AD000579,1,1,,1
AD000580,AC000450,T3,train,AD000580,1,1,,1
AD000583,AC000452,T3,validation,AD000583,1,1,,1
AD000594,AC000462,T1,train,AD000594,1,1,,1
AD000617,AC000481,T3,train,AD000617,1,1,0.0,1
AD000625,AC000486,T2,train,AD000625,1,1,,1
AD000628,AC000488,T3,train,AD000628,1,1,,1
AD000634,AC000493,T2,train,AD000634,1,1,0.0,1
AD000635,AC000494,T1,train,AD000635,1,1,0.0,1
AD000640,AC000497,OUT,train,AD000640,1,1,,1
AD000647,AC000503,T3,train,AD000647,1,1,,1
AD000648,AC000503,T3,train,AD000648,1,1,,1
AD000651,AC000505,T3,train,AD000651,1,1,,1
AD000656,AC000510,T1,train,AD000656,1,1,,1
AD000675,AC000523,T2,train,AD000675,1,1,0.0,1
AD000683,AC000529,T1,train,AD000683,1,1,,1
AD000686,AC000531,T2,validation,AD000686,1,1,0.0,1
AD000688,AC000533,T1,validation,AD000688,1,1,,1
AD000689,AC000534,T1,test,AD000689,1,1,,1
AD000691,AC000535,OUT,train,AD000691,1,1,,1
AD000697,AC000540,T2,test,AD000697,1,1,,1
AD000708,AC000549,T2,train,AD000708,1,1,,1
AD000729,AC000564,OUT,train,AD000729,1,1,,1
AD000730,AC000565,T2,test,AD000730,1,1,,1
AD000732,AC000567,T3,train,AD000732,1,1,,1
AD000737,AC000571,T1,train,AD000737,1,1,,1
AD000738,AC000572,T1,train,AD000738,1,1,,1
AD000741,AC000574,T3,test,AD000741,1,1,0.0,1
AD000746,AC000579,T2,train,AD000746,1,1,,1
AD000755,AC000585,T2,train,AD000755,1,1,,1
AD000768,AC000595,T2,test,AD000768,1,1,0.0,1
AD000771,AC000598,T3,train,AD000771,1,1,0.0,1
AD000776,AC000602,T3,train,AD000776,1,1,,1
AD000783,AC000606,T1,train,AD000783,1,1,,1
AD000789,AC000611,T3,train,AD000789,1,1,,1
AD000803,AC000621,T1,train,AD000803,1,1,0.0,1
AD000804,AC000622,T3,train,AD000804,1,1,,1
AD000805,AC000622,T3,train,AD000805,1,1,,1
AD000811,AC000627,OUT,train,AD000811,1,1,,1
AD000819,AC000634,T2,validation,AD000819,1,1,,1
AD000837,AC000650,T1,train,AD000837,1,1,,1
AD000838,AC000650,T1,train,AD000838,1,1,,1
AD000842,AC000653,T2,train,AD000842,1,1,0.0,1
AD000846,AC000656,T2,train,AD000846,1,1,0.0,1
AD000852,AC000661,T3,test,AD000852,1,1,0.0,1
AD000853,AC000661,T3,test,AD000853,1,1,,1
AD000858,AC000665,T3,train,AD000858,1,1,,1
AD000864,AC000670,T2,train,AD000864,1,1,,1
AD000865,AC000671,T3,train,AD000865,1,1,,1
AD000866,AC000672,T2,train,AD000866,1,1,0.0,1
AD000871,AC000677,T2,train,AD000871,1,1,,1
AD000875,AC000680,T3,train,AD000875,1,1,,1
AD000885,AC000689,T3,train,AD000885,1,1,0.0,1
AD000886,AC000690,T2,train,AD000886,1,1,0.0,1
AD000892,AC000693,T3,train,AD000892,1,1,,1
AD000897,AC000696,T2,train,AD000897,1,1,0.0,1
AD000900,AC000698,T3,train,AD000900,1,1,,1
AD000902,AC000700,T2,train,AD000902,1,1,0.0,1
AD000904,AC000701,T1,train,AD000904,1,1,0.0,1
AD000907,AC000703,T3,test,AD000907,1,1,,1
AD000909,AC000704,OUT,test,AD000909,1,1,,1
AD000913,AC000707,T3,train,AD000913,1,3,41.215682694819044,1
AD001755,AC001356,T3,train,AD000913,1,3,41.215682694819044,1
AD002520,AC001948,T3,train,AD000913,1,3,41.215682694819044,1
AD000916,AC000710,T1,train,AD000916,1,1,,1
AD000922,AC000713,T2,train,AD000922,1,1,,1
AD000940,AC000729,T1,train,AD000940,1,1,,1
AD000955,AC000741,T1,train,AD000955,1,1,,1
AD000965,AC000748,T1,test,AD000965,1,1,,1
AD000966,AC000748,OUT,test,AD000966,1,1,,1
AD000967,AC000749,T3,train,AD000967,1,1,,1
AD000968,AC000750,T3,validation,AD000968,1,1,,1
AD000970,AC000751,T1,train,AD000970,1,2,8.36301381082205,1
AD002029,AC001573,T1,train,AD000970,1,2,8.36301381082205,1
AD000971,AC000752,T1,train,AD000971,1,1,0.0,1
AD000973,AC000754,T3,validation,AD000973,1,1,,1
AD000975,AC000756,T2,train,AD000975,1,1,,1
AD000976,AC000757,T1,test,AD000976,1,1,,1
AD000978,AC000758,T3,train,AD000978,1,1,,1
AD000991,AC000769,T2,train,AD000991,1,1,,1
AD001000,AC000775,T1,train,AD001000,1,1,,1
AD001007,AC000781,T1,test,AD001007,1,1,,1
AD001010,AC000784,T2,validation,AD001010,1,1,,1
AD001012,AC000786,T1,validation,AD001012,1,1,,1
AD001020,AC000792,T1,validation,AD001020,1,1,,1
AD001023,AC000794,T3,train,AD001023,1,1,,1
AD001028,AC000798,T2,test,AD001028,1,1,,1
AD001031,AC000800,T2,validation,AD001031,1,1,0.0,1
AD001037,AC000806,T3,train,AD001037,1,1,,1
AD001038,AC000806,OUT,train,AD001038,1,1,,1
AD001046,AC000813,T3,train,AD001046,1,1,,1
AD001049,AC000815,T3,train,AD001049,1,1,,1
AD001057,AC000821,T1,train,AD001057,1,1,0.0,1
AD001067,AC000829,T1,train,AD001067,1,1,,1
AD001073,AC000833,T3,test,AD001073,1,1,,1
AD001077,AC000836,OUT,train,AD001077,1,1,,1
AD001100,AC000853,T1,train,AD001100,1,1,0.0,1
AD001101,AC000854,T1,train,AD001101,1,1,,1
AD001102,AC000855,T2,test,AD001102,1,1,,1
AD001111,AC000860,OUT,train,AD001111,1,1,,1
AD001114,AC000862,T2,train,AD001114,1,1,,1
AD001116,AC000864,T3,train,AD001116,1,1,0.0,1
AD001120,AC000867,T3,test,AD001120,1,1,,1
AD001121,AC000868,T3,test,AD001121,1,1,0.0,1
AD001124,AC000871,T2,train,AD001124,1,1,0.0,1
AD001125,AC000872,T2,validation,AD001125,1,1,,1
AD001127,AC000873,T2,test,AD001127,1,1,0.0,1
AD001140,AC000882,T1,train,AD001140,1,1,,1
AD001141,AC000883,T3,train,AD001141,1,1,,1
AD001143,AC000884,T3,train,AD001143,1,1,,1
AD001145,AC000886,T1,train,AD001145,1,1,0.0,1
AD001146,AC000887,T3,test,AD001146,1,1,,1
AD001150,AC000890,T2,train,AD001150,1,1,,1
AD001151,AC000891,T1,train,AD001151,1,1,0.0,1
AD001155,AC000894,T2,test,AD001155,1,1,,1
AD001167,AC000904,T1,train,AD001167,1,1,,1
AD001168,AC000905,T2,validation,AD001168,1,1,,1
AD001184,AC000917,T3,validation,AD001184,1,1,,1
AD001192,AC000922,T1,train,AD001192,1,1,,1
AD001202,AC000930,T2,train,AD001202,1,1,,1
AD001205,AC000932,OUT,validation,AD001205,1,1,,1
AD001211,AC000936,T2,train,AD001211,1,1,,1
AD001212,AC000937,T3,test,AD001212,1,1,0.0,1
AD001213,AC000937,T3,test,AD001213,1,1,,1
AD001224,AC000945,T1,train,AD001224,1,1,,1
AD001232,AC000952,T2,train,AD001232,1,1,0.0,1
AD001243,AC000960,T1,train,AD001243,1,1,,1
AD001244,AC000960,OUT,train,AD001244,1,1,,1
AD001246,AC000962,T1,train,AD001246,1,1,,1
AD001249,AC000965,T3,train,AD001249,1,1,,1
AD001251,AC000966,T1,train,AD001251,1,1,,1
AD001253,AC000968,T1,train,AD001253,1,1,,1
AD001255,AC000970,T3,train,AD001255,1,1,,1
AD001266,AC000979,T1,train,AD001266,1,1,,1
AD001269,AC000981,T3,train,AD001269,1,1,0.0,1
AD001274,AC000985,T3,train,AD001274,1,2,8.579627031520674,1
AD002398,AC001859,T3,train,AD001274,1,2,8.579627031520674,1
AD001277,AC000988,T2,train,AD001277,1,1,,1
AD001278,AC000989,T1,train,AD001278,1,1,,1
AD001281,AC000992,T2,test,AD001281,1,1,0.0,1
AD001296,AC001004,T2,test,AD001296,1,1,,1
AD001300,AC001006,T2,train,AD001300,1,1,,1
AD001302,AC001008,T3,train,AD001302,1,1,,1
AD001324,AC001025,T1,train,AD001324,1,1,0.0,1
AD001335,AC001032,T1,train,AD001335,1,1,,1
AD001336,AC001033,T1,train,AD001336,1,1,0.0,1
AD001337,AC001034,T2,validation,AD001337,1,1,,1
AD001339,AC001036,T2,train,AD001339,1,1,0.0,1
AD001340,AC001037,T2,train,AD001340,1,1,,1
AD001341,AC001038,T3,train,AD001341,1,1,,1
AD001344,AC001041,T3,validation,AD001344,1,1,,1
AD001347,AC001042,OUT,test,AD001347,1,1,,1
AD001349,AC001044,T1,train,AD001349,1,1,,1
AD001353,AC001047,T3,train,AD001353,1,1,,1
AD001357,AC001050,T3,train,AD001357,1,1,0.0,1
AD001360,AC001052,T3,train,AD001360,1,2,28.740138405295607,1
AD001436,AC001105,T3,train,AD001360,1,2,28.740138405295607,1
AD001375,AC001065,T1,train,AD001375,1,1,,1
AD001385,AC001071,T3,train,AD001385,1,1,,1
AD001386,AC001072,T3,train,AD001386,1,1,,1
AD001390,AC001075,T3,test,AD001390,1,1,,1
AD001402,AC001082,T1,train,AD001402,1,1,,1
AD001406,AC001084,T3,train,AD001406,1,1,,1
AD001407,AC001085,T3,train,AD001407,1,1,,1
AD001409,AC001087,T2,train,AD001409,1,1,,1
AD001412,AC001089,T1,train,AD001412,1,1,,1
AD001418,AC001092,OUT,train,AD001418,1,1,,1
AD001424,AC001096,T2,train,AD001424,1,1,0.0,1
AD001425,AC001096,T2,train,AD001425,1,1,,1
AD001432,AC001102,T3,train,AD001432,1,1,,1
AD001434,AC001104,T3,train,AD001434,1,2,11.693160394008121,2
AD003086,AC002397,T3,test,AD001434,1,2,11.693160394008121,2
AD001448,AC001115,T3,train,AD001448,1,1,,1
AD001464,AC001127,OUT,test,AD001464,1,1,,1
AD001467,AC001130,T3,train,AD001467,1,1,,1
AD001468,AC001131,T1,train,AD001468,1,1,,1
AD001475,AC001135,T2,train,AD001475,1,1,,1
AD001478,AC001138,T2,train,AD001478,1,1,,1
AD001493,AC001150,T2,train,AD001493,1,2,9.92785083601801,1
AD002270,AC001759,T1,train,AD001493,1,2,9.92785083601801,1
AD001500,AC001156,T3,train,AD001500,1,1,,1
AD001517,AC001170,T1,train,AD001517,1,1,,1
AD001529,AC001177,OUT,validation,AD001529,1,1,,1
AD001536,AC001182,T3,train,AD001536,1,1,,1
AD001538,AC001183,T2,train,AD001538,1,1,,1
AD001541,AC001186,T1,train,AD001541,1,1,,1
AD001549,AC001192,T2,validation,AD001549,1,1,0.0,1
AD001554,AC001196,T1,train,AD001554,1,1,0.0,1
AD001555,AC001197,T3,train,AD001555,1,1,0.0,1
AD001564,AC001204,T3,train,AD001564,1,1,,1
AD001568,AC001207,T1,validation,AD001568,1,1,,1
AD001574,AC001212,T3,train,AD001574,1,1,,1
AD001584,AC001221,T2,test,AD001584,1,1,,1
AD001589,AC001226,T2,train,AD001589,1,1,,1
AD001590,AC001227,T3,validation,AD001590,1,1,,1
AD001591,AC001228,T2,train,AD001591,1,1,0.0,1
AD001594,AC001231,T2,train,AD001594,1,1,,1
AD001595,AC001231,OUT,train,AD001595,1,1,,1
AD001602,AC001237,T1,validation,AD001602,1,1,,1
AD001603,AC001237,T1,validation,AD001603,1,1,,1
AD001609,AC001242,T2,train,AD001609,1,1,,1
AD001610,AC001243,T1,train,AD001610,1,1,,1
AD001612,AC001245,T2,test,AD001612,1,1,,1
AD001621,AC001252,T3,test,AD001621,1,1,0.0,1
AD001633,AC001260,T1,train,AD001633,1,1,0.0,1
AD001643,AC001269,T2,train,AD001643,1,1,,1
AD001645,AC001271,T1,test,AD001645,1,1,,1
AD001650,AC001273,OUT,train,AD001650,1,1,,1
AD001651,AC001274,T1,train,AD001651,1,1,,1
AD001662,AC001282,T2,validation,AD001662,1,1,0.0,1
AD001664,AC001283,T2,train,AD001664,1,1,0.0,1
AD001671,AC001287,T1,validation,AD001671,1,1,,1
AD001673,AC001288,T2,train,AD001673,1,1,,1
AD001675,AC001289,OUT,train,AD001675,1,1,,1
AD001683,AC001296,T2,validation,AD001683,1,1,0.0,1
AD001690,AC001300,T2,test,AD001690,1,1,,1
AD001691,AC001301,T3,train,AD001691,1,1,,1
AD001700,AC001309,T2,train,AD001700,1,1,0.0,1
AD001703,AC001312,T2,train,AD001703,1,1,,1
AD001707,AC001315,T2,validation,AD001707,1,1,,1
AD001710,AC001317,T2,train,AD001710,1,1,,1
AD001713,AC001320,T2,train,AD001713,1,1,0.0,1
AD001725,AC001330,T1,train,AD001725,1,1,0.0,1
AD001733,AC001337,T2,test,AD001733,1,1,,1
AD001734,AC001338,T3,validation,AD001734,1,1,0.0,1
AD001735,AC001339,T1,train,AD001735,1,1,,1
AD001742,AC001344,T1,train,AD001742,1,1,0.0,1
AD001744,AC001346,T3,test,AD001744,1,1,,1
AD001745,AC001347,T3,validation,AD001745,1,1,,1
AD001749,AC001350,T3,train,AD001749,1,1,,1
AD001762,AC001360,OUT,train,AD001762,1,1,,1
AD001764,AC001362,T1,test,AD001764,1,1,,1
AD001769,AC001367,T2,train,AD001769,1,1,,1
AD001783,AC001378,T1,validation,AD001783,1,1,,1
AD001784,AC001379,T2,train,AD001784,1,1,,1
AD001791,AC001386,T1,validation,AD001791,1,1,,1
AD001795,AC001389,T2,train,AD001795,1,1,,1
AD001797,AC001390,T1,train,AD001797,1,1,,1
AD001799,AC001392,T1,train,AD001799,1,1,0.0,1
AD001809,AC001401,T2,train,AD001809,1,1,,1
AD001822,AC001412,T3,validation,AD001822,1,1,0.0,1
AD001824,AC001414,T3,train,AD001824,1,1,,1
AD001826,AC001415,OUT,train,AD001826,1,1,,1
AD001829,AC001417,T2,train,AD001829,1,1,,1
AD001836,AC001424,T1,train,AD001836,1,1,0.0,1
AD001837,AC001424,T1,train,AD001837,1,1,0.0,1
AD001838,AC001425,T3,train,AD001838,1,1,,1
AD001842,AC001428,T3,test,AD001842,1,1,,1
AD001853,AC001435,T2,train,AD001853,1,1,,1
AD001854,AC001436,T3,train,AD001854,1,1,0.0,1
AD001856,AC001438,T3,train,AD001856,1,1,0.0,1
AD001860,AC001442,T3,train,AD001860,1,1,,1
AD001863,AC001444,T2,test,AD001863,1,1,,1
AD001875,AC001453,T2,train,AD001875,1,1,,1
AD001881,AC001458,T1,train,AD001881,1,1,,1
AD001886,AC001462,T3,train,AD001886,1,1,,1
AD001888,AC001463,T1,train,AD001888,1,1,,1
AD001889,AC001464,T1,train,AD001889,1,1,,1
AD001893,AC001467,OUT,test,AD001893,1,1,,1
AD001897,AC001470,T3,train,AD001897,1,1,,1
AD001908,AC001480,T3,test,AD001908,1,1,,1
AD001911,AC001482,T2,train,AD001911,1,1,,1
AD001914,AC001484,T2,train,AD001914,1,1,0.0,1
AD001922,AC001490,T3,train,AD001922,1,1,0.0,1
AD001930,AC001495,T1,validation,AD001930,1,1,,1
AD001934,AC001498,T3,train,AD001934,1,1,,1
AD001935,AC001499,T1,validation,AD001935,1,1,,1
AD001939,AC001502,T3,train,AD001939,1,1,,1
AD001942,AC001504,T2,train,AD001942,1,1,,1
AD001943,AC001505,T3,train,AD001943,1,1,,1
AD001945,AC001507,T1,train,AD001945,1,1,,1
AD001965,AC001526,T2,validation,AD001965,1,1,,1
AD001967,AC001527,T1,train,AD001967,1,1,,1
AD001969,AC001529,T2,train,AD001969,1,1,,1
AD001972,AC001532,T1,validation,AD001972,1,1,0.0,1
AD001973,AC001533,T1,train,AD001973,1,1,0.0,1
AD001981,AC001538,OUT,train,AD001981,1,1,,1
AD001982,AC001539,T3,train,AD001982,1,1,,1
AD001995,AC001548,T3,train,AD001995,1,1,0.0,1
AD002007,AC001556,T2,train,AD002007,1,1,0.0,1
AD002011,AC001559,T1,train,AD002011,1,1,,1
AD002013,AC001560,T1,validation,AD002013,1,1,,1
AD002017,AC001562,OUT,train,AD002017,1,1,,1
AD002019,AC001564,T2,train,AD002019,1,1,,1
AD002021,AC001565,T1,train,AD002021,1,1,,1
AD002035,AC001578,T3,train,AD002035,1,1,,1
AD002036,AC001579,T3,train,AD002036,1,1,,1
AD002037,AC001580,T3,train,AD002037,1,1,,1
AD002043,AC001585,T2,train,AD002043,1,1,,1
AD002048,AC001590,T3,validation,AD002048,1,1,,1
AD002049,AC001590,T3,validation,AD002049,1,1,0.0,1
AD002050,AC001591,T2,train,AD002050,1,1,,1
AD002051,AC001592,T3,train,AD002051,1,1,,1
AD002065,AC001603,T2,train,AD002065,1,1,,1
AD002071,AC001608,T3,train,AD002071,1,1,,1
AD002072,AC001608,T3,train,AD002072,1,1,,1
AD002076,AC001611,OUT,train,AD002076,1,1,,1
AD002077,AC001612,T3,test,AD002077,1,1,,1
AD002081,AC001614,T3,train,AD002081,1,1,,1
AD002082,AC001614,T3,train,AD002082,1,1,,1
AD002086,AC001616,T3,train,AD002086,1,1,,1
AD002098,AC001627,T3,validation,AD002098,1,1,,1
AD002107,AC001633,T1,test,AD002107,1,1,,1
AD002122,AC001645,T3,train,AD002122,1,1,,1
AD002134,AC001653,T3,test,AD002134,1,1,0.0,1
AD002144,AC001659,OUT,train,AD002144,1,1,,1
AD002146,AC001660,T3,validation,AD002146,1,1,,1
AD002152,AC001665,T1,test,AD002152,1,1,,1
AD002154,AC001667,T1,train,AD002154,1,1,0.0,1
AD002157,AC001669,T3,train,AD002157,1,1,0.0,1
AD002164,AC001675,T3,train,AD002164,1,1,,1
AD002185,AC001689,T3,train,AD002185,1,1,,1
AD002186,AC001690,T2,train,AD002186,1,1,,1
AD002192,AC001695,T2,train,AD002192,1,1,,1
AD002198,AC001701,T1,train,AD002198,1,1,,1
AD002199,AC001701,T1,train,AD002199,1,1,,1
AD002202,AC001703,T1,train,AD002202,1,1,,1
AD002207,AC001706,T1,train,AD002207,1,1,,1
AD002216,AC001714,T2,test,AD002216,1,1,,1
AD002219,AC001716,OUT,train,AD002219,1,1,,1
AD002221,AC001718,T1,train,AD002221,1,1,,1
AD002225,AC001720,T2,train,AD002225,1,1,,1
AD002226,AC001721,T2,train,AD002226,1,1,,1
AD002239,AC001733,T1,train,AD002239,1,1,,1
AD002248,AC001740,T3,train,AD002248,1,1,,1
AD002256,AC001748,T1,train,AD002256,1,1,,1
AD002278,AC001764,T2,validation,AD002278,1,1,,1
AD002283,AC001767,T3,test,AD002283,1,1,,1
AD002292,AC001774,T3,train,AD002292,1,1,,1
AD002304,AC001785,T1,train,AD002304,1,1,,1
AD002306,AC001787,T1,train,AD002306,1,1,0.0,1
AD002309,AC001790,T3,train,AD002309,1,1,,1
AD002315,AC001794,T1,train,AD002315,1,1,,1
AD002320,AC001798,OUT,train,AD002320,1,1,,1
AD002321,AC001799,T3,train,AD002321,1,1,0.0,1
AD002323,AC001801,T2,train,AD002323,1,1,,1
AD002327,AC001803,T2,train,AD002327,1,1,,1
AD002330,AC001805,T2,validation,AD002330,1,1,,1
AD002333,AC001807,T3,validation,AD002333,1,1,0.0,1
AD002347,AC001818,T3,test,AD002347,1,1,,1
AD002348,AC001819,T1,train,AD002348,1,1,,1
AD002349,AC001820,T2,train,AD002349,1,1,,1
AD002357,AC001826,T2,test,AD002357,1,1,0.0,1
AD002359,AC001828,T2,train,AD002359,1,1,,1
AD002362,AC001830,T1,train,AD002362,1,1,0.0,1
AD002364,AC001832,T2,test,AD002364,1,1,,1
AD002366,AC001833,T3,train,AD002366,1,1,,1
AD002367,AC001834,T1,train,AD002367,1,1,0.0,1
AD002374,AC001841,T1,train,AD002374,1,1,,1
AD002379,AC001845,OUT,train,AD002379,1,1,,1
AD002381,AC001847,T2,train,AD002381,1,1,,1
AD002384,AC001850,T2,test,AD002384,1,1,,1
AD002385,AC001851,T2,train,AD002385,1,1,,1
AD002391,AC001854,T3,train,AD002391,1,1,,1
AD002392,AC001855,T1,train,AD002392,1,1,,1
AD002394,AC001856,T1,train,AD002394,1,1,,1
AD002395,AC001857,T3,test,AD002395,1,1,,1
AD002404,AC001865,T1,train,AD002404,1,1,,1
AD002420,AC001875,OUT,train,AD002420,1,1,,1
AD002429,AC001883,T1,train,AD002429,1,1,,1
AD002439,AC001889,T1,test,AD002439,1,1,,1
AD002450,AC001895,T2,test,AD002450,1,1,,1
AD002454,AC001898,T3,train,AD002454,1,1,,1
AD002460,AC001902,OUT,test,AD002460,1,1,,1
AD002463,AC001905,T2,test,AD002463,1,1,,1
AD002464,AC001906,T2,train,AD002464,1,1,,1
AD002474,AC001915,T2,train,AD002474,1,1,0.0,1
AD002476,AC001916,T2,train,AD002476,1,1,,1
AD002477,AC001917,T3,train,AD002477,1,1,,1
AD002478,AC001917,T3,train,AD002478,1,1,,1
AD002479,AC001918,T1,train,AD002479,1,1,0.0,1
AD002490,AC001927,T1,validation,AD002490,1,1,0.0,1
AD002498,AC001932,T3,train,AD002498,1,1,,1
AD002499,AC001933,T2,train,AD002499,1,2,10.637866327417223,1
AD003060,AC002378,T2,train,AD002499,1,2,10.637866327417223,1
AD002505,AC001938,T1,validation,AD002505,1,1,0.0,1
AD002510,AC001942,T1,train,AD002510,1,1,0.0,1
AD002521,AC001949,T2,train,AD002521,1,1,0.0,1
AD002522,AC001950,T3,test,AD002522,1,1,,1
AD002530,AC001957,T1,train,AD002530,1,1,,1
AD002533,AC001960,T2,train,AD002533,1,1,,1
AD002542,AC001967,T3,train,AD002542,1,1,,1
AD002552,AC001975,T3,train,AD002552,1,1,,1
AD002555,AC001977,T2,train,AD002555,1,1,0.0,1
AD002559,AC001980,T1,train,AD002559,1,1,,1
AD002567,AC001988,T3,train,AD002567,1,1,,1
AD002568,AC001989,T2,validation,AD002568,1,1,,1
AD002572,AC001993,T2,test,AD002572,1,1,,1
AD002581,AC002001,T3,validation,AD002581,1,1,,1
AD002584,AC002002,T2,train,AD002584,1,1,,1
AD002585,AC002003,T2,train,AD002585,1,1,,1
AD002589,AC002005,OUT,validation,AD002589,1,1,,1
AD002591,AC002006,T3,train,AD002591,1,1,,1
AD002598,AC002012,T2,train,AD002598,1,1,,1
AD002603,AC002016,T3,train,AD002603,1,1,,1
AD002609,AC002020,T3,train,AD002609,1,1,,1
AD002612,AC002022,T1,train,AD002612,1,1,,1
AD002622,AC002032,T2,train,AD002622,1,1,,1
AD002627,AC002036,T3,test,AD002627,1,1,,1
AD002628,AC002037,T2,validation,AD002628,1,1,,1
AD002631,AC002039,T1,validation,AD002631,1,1,,1
AD002643,AC002048,T3,test,AD002643,1,1,,1
AD002644,AC002048,OUT,test,AD002644,1,1,,1
AD002666,AC002066,T3,test,AD002666,1,1,,1
AD002675,AC002074,T3,train,AD002675,1,1,0.0,1
AD002676,AC002075,T3,train,AD002676,1,1,0.0,1
AD002678,AC002076,T3,validation,AD002678,1,1,,1
AD002680,AC002077,T3,validation,AD002680,1,1,,1
AD002690,AC002085,T2,train,AD002690,1,1,,1
AD002692,AC002087,T3,test,AD002692,1,1,,1
AD002706,AC002097,T1,train,AD002706,1,1,,1
AD002711,AC002102,T1,train,AD002711,1,1,0.0,1
AD002715,AC002105,T1,train,AD002715,1,1,,1
AD002724,AC002113,T2,train,AD002724,1,1,,1
AD002729,AC002117,T1,train,AD002729,1,1,,1
AD002734,AC002120,T2,train,AD002734,1,1,,1
AD002736,AC002122,T3,train,AD002736,1,1,,1
AD002741,AC002127,T2,train,AD002741,1,1,,1
AD002742,AC002127,T2,train,AD002742,1,1,,1
AD002745,AC002129,OUT,test,AD002745,1,1,,1
AD002746,AC002130,T1,train,AD002746,1,1,,1
AD002752,AC002133,T2,train,AD002752,1,1,,1
AD002753,AC002134,T3,train,AD002753,1,1,,1
AD002754,AC002134,T3,train,AD002754,1,1,,1
AD002762,AC002140,T1,test,AD002762,1,1,0.0,1
AD002763,AC002141,T2,validation,AD002763,1,1,0.0,1
AD002765,AC002142,T1,train,AD002765,1,1,,1
AD002767,AC002144,T1,validation,AD002767,1,1,,1
AD002771,AC002147,T1,train,AD002771,1,1,0.0,1
AD002772,AC002148,T2,train,AD002772,1,1,0.0,1
AD002782,AC002156,T3,train,AD002782,1,1,,1
AD002788,AC002160,T2,test,AD002788,1,1,,1
AD002792,AC002163,T1,train,AD002792,1,1,0.0,1
AD002800,AC002170,T3,validation,AD002800,1,1,,1
AD002802,AC002172,T1,train,AD002802,1,1,0.0,1
AD002805,AC002173,OUT,test,AD002805,1,1,,1
AD002812,AC002178,T1,train,AD002812,1,1,0.0,1
AD002826,AC002189,T2,train,AD002826,1,1,,1
AD002841,AC002201,T1,train,AD002841,1,1,0.0,1
AD002844,AC002203,T2,test,AD002844,1,1,,1
AD002846,AC002204,T1,validation,AD002846,1,1,,1
AD002858,AC002216,T1,train,AD002858,1,1,0.0,1
AD002861,AC002219,T1,test,AD002861,1,1,0.0,1
AD002863,AC002221,T3,validation,AD002863,1,1,,1
AD002870,AC002227,T2,train,AD002870,1,1,0.0,1
AD002879,AC002235,T2,train,AD002879,1,1,,1
AD002887,AC002241,T1,train,AD002887,1,1,,1
AD002890,AC002243,T3,test,AD002890,1,1,,1
AD002894,AC002247,T3,train,AD002894,1,1,,1
AD002900,AC002251,T3,validation,AD002900,1,1,,1
AD002909,AC002258,OUT,train,AD002909,1,1,,1
AD002913,AC002261,T2,train,AD002913,1,1,,1
AD002914,AC002262,T1,train,AD002914,1,1,,1
AD002917,AC002265,T1,train,AD002917,1,1,,1
AD002923,AC002270,T1,train,AD002923,1,1,,1
AD002924,AC002271,T1,train,AD002924,1,1,,1
AD002927,AC002274,T3,train,AD002927,1,1,,1
AD002939,AC002284,T3,train,AD002939,1,1,,1
AD002945,AC002288,T2,train,AD002945,1,1,,1
AD002963,AC002300,OUT,train,AD002963,1,1,,1
AD002965,AC002302,T1,train,AD002965,1,1,,1
AD002969,AC002306,T3,train,AD002969,1,1,,1
AD002971,AC002307,T2,train,AD002971,1,1,,1
AD002973,AC002308,T2,train,AD002973,1,1,0.0,1
AD002979,AC002314,T1,train,AD002979,1,1,0.0,1
AD002982,AC002317,T3,train,AD002982,1,1,0.0,1
AD002987,AC002321,T1,test,AD002987,1,1,0.0,1
AD002990,AC002324,T3,train,AD002990,1,1,0.0,1
AD002993,AC002327,T1,train,AD002993,1,1,,1
AD002995,AC002329,T1,train,AD002995,1,1,,1
AD003003,AC002335,T2,train,AD003003,1,1,,1
AD003005,AC002336,T1,train,AD003005,1,1,0.0,1
AD003008,AC002338,T2,train,AD003008,1,1,,1
AD003017,AC002345,T2,train,AD003017,1,1,,1
AD003018,AC002345,T2,train,AD003018,1,1,,1
AD003022,AC002348,T3,validation,AD003022,1,1,,1
AD003023,AC002348,OUT,validation,AD003023,1,1,,1
AD003026,AC002350,T1,test,AD003026,1,1,0.0,1
AD003035,AC002357,T1,train,AD003035,1,1,0.0,1
AD003036,AC002357,T1,train,AD003036,1,1,,1
AD003037,AC002358,T2,train,AD003037,1,1,,1
AD003038,AC002359,T2,train,AD003038,1,1,,1
AD003040,AC002361,T2,train,AD003040,1,1,,1
AD003048,AC002367,T1,test,AD003048,1,1,,1
AD003052,AC002371,T2,test,AD003052,1,1,,1
AD003057,AC002375,T2,train,AD003057,1,1,,1
AD003082,AC002393,T2,test,AD003082,1,1,,1
AD003088,AC002399,T3,train,AD003088,1,1,,1
AD003090,AC002400,T1,test,AD003090,1,1,0.0,1
AD003091,AC001083,OUT,train,AD003091,1,1,,1
AD003092,AC001768,T2,validation,AD003092,1,1,,1
AD003094,AC002225,T1,test,AD003094,1,1,0.0,1
AD003103,AC001162,OUT,train,AD003103,1,1,,1
AD003106,AC002288,T2,train,AD003106,1,1,0.0,1
AD003116,AC002060,OUT,train,AD003116,1,1,,1
AD003117,AC000977,T1,train,AD003117,1,1,,1
AD000011,AC000008,T3,train,AD000011,2,1,,1
AD000014,AC000011,T2,validation,AD000014,2,1,,1
AD000020,AC000017,T1,validation,AD000020,2,1,,1
AD000021,AC000018,T3,test,AD000021,2,1,,1
AD000025,AC000021,T3,train,AD000025,2,1,,1
AD000026,AC000022,T1,test,AD000026,2,1,,1
AD000027,AC000023,T2,validation,AD000027,2,1,0.0,1
AD000031,AC000027,T3,train,AD000031,2,2,29.584023466128443,2
AD002178,AC001684,T3,test,AD000031,2,2,29.584023466128443,2
AD000036,AC000031,T3,validation,AD000036,2,1,,1
AD000037,AC000032,T1,train,AD000037,2,1,0.0,1
AD000039,AC000033,T2,train,AD000039,2,1,0.0,1
AD000044,AC000036,OUT,validation,AD000044,2,1,,1
AD000058,AC000046,T3,train,AD000058,2,1,,1
AD000074,AC000059,T2,train,AD000074,2,1,,1
AD000078,AC000063,T3,train,AD000078,2,1,,1
AD000083,AC000066,T3,train,AD000083,2,1,,1
AD000085,AC000068,T1,train,AD000085,2,1,0.0,1
AD000087,AC000069,T2,validation,AD000087,2,1,,1
AD000092,AC000073,T3,validation,AD000092,2,1,,1
AD000109,AC000088,T1,train,AD000109,2,1,,1
AD000111,AC000089,T1,train,AD000111,2,1,,1
AD000112,AC000089,T1,train,AD000112,2,1,,1
AD000118,AC000094,OUT,validation,AD000118,2,1,,1
AD000123,AC000098,T2,train,AD000123,2,1,,1
AD000135,AC000107,T1,train,AD000135,2,1,,1
AD000141,AC000112,T2,train,AD000141,2,1,,1
AD000146,AC000116,T1,train,AD000146,2,1,0.0,1
AD000148,AC000118,T1,train,AD000148,2,1,,1
AD000152,AC000121,T2,validation,AD000152,2,1,,1
AD000157,AC000125,T3,train,AD000157,2,1,,1
AD000161,AC000128,T1,train,AD000161,2,1,,1
AD000162,AC000129,T2,train,AD000162,2,1,,1
AD000168,AC000133,T1,train,AD000168,2,1,,1
AD000169,AC000134,T1,test,AD000169,2,2,25.139311844201217,2
AD003053,AC002372,T1,train,AD000169,2,2,25.139311844201217,2
AD000173,AC000138,T2,train,AD000173,2,1,0.0,1
AD000174,AC000138,T2,train,AD000174,2,1,,1
AD000176,AC000140,T2,train,AD000176,2,1,0.0,1
AD000189,AC000151,T3,train,AD000189,2,1,,1
AD000204,AC000164,T2,validation,AD000204,2,3,27.168466198068028,3
AD000672,AC000521,T2,train,AD000204,2,3,27.168466198068028,3
AD003015,AC002343,T2,test,AD000204,2,3,27.168466198068028,3
AD000215,AC000172,OUT,train,AD000215,2,1,,1
AD000216,AC000173,T3,train,AD000216,2,1,0.0,1
AD000220,AC000176,T2,train,AD000220,2,1,,1
AD000223,AC000179,T2,validation,AD000223,2,2,13.09474025027707,1
AD002277,AC001764,T2,validation,AD000223,2,2,13.09474025027707,1
AD000235,AC000188,T3,train,AD000235,2,1,,1
AD000240,AC000192,T2,train,AD000240,2,1,,1
AD000243,AC000194,T3,train,AD000243,2,1,,1
AD000250,AC000199,T2,test,AD000250,2,1,,1
AD000255,AC000203,T1,train,AD000255,2,1,0.0,1
AD000256,AC000203,T1,train,AD000256,2,1,,1
AD000258,AC000205,T3,train,AD000258,2,3,52.0406091432449,1
AD001396,AC001079,T3,train,AD000258,2,3,52.0406091432449,1
AD002234,AC001728,T3,train,AD000258,2,3,52.0406091432449,1
AD000260,AC000207,T1,train,AD000260,2,1,0.0,1
AD000261,AC000208,T2,train,AD000261,2,1,,1
AD000270,AC000215,T3,train,AD000270,2,1,,1
AD000282,AC000223,T3,train,AD000282,2,1,,1
AD000289,AC000228,OUT,train,AD000289,2,1,,1
AD000299,AC000236,T1,train,AD000299,2,1,,1
AD000303,AC000240,T3,train,AD000303,2,1,0.0,1
AD000312,AC000249,T3,test,AD000312,2,1,,1
AD000315,AC000250,T1,validation,AD000315,2,1,,1
AD000318,AC000252,T1,test,AD000318,2,1,,1
AD000319,AC000253,T1,train,AD000319,2,1,,1
AD000321,AC000254,T1,train,AD000321,2,1,,1
AD000323,AC000256,T3,train,AD000323,2,1,0.0,1
AD000328,AC000260,T1,validation,AD000328,2,1,,1
AD000332,AC000262,T2,validation,AD000332,2,1,,1
AD000342,AC000271,T3,validation,AD000342,2,1,0.0,1
AD000356,AC000283,T3,test,AD000356,2,1,,1
AD000367,AC000293,T3,train,AD000367,2,1,,1
AD000375,AC000297,T3,train,AD000375,2,1,,1
AD000379,AC000301,T2,train,AD000379,2,1,0.0,1
AD000380,AC000302,T3,validation,AD000380,2,1,,1
AD000381,AC000303,T2,validation,AD000381,2,1,,1
AD000382,AC000304,T2,train,AD000382,2,1,,1
AD000391,AC000311,T1,train,AD000391,2,1,,1
AD000398,AC000317,T3,train,AD000398,2,1,,1
AD000406,AC000323,T1,validation,AD000406,2,1,,1
AD000408,AC000324,T2,train,AD000408,2,1,,1
AD000411,AC000326,T3,train,AD000411,2,1,,1
AD000420,AC000333,T2,train,AD000420,2,1,0.0,1
AD000422,AC000334,T3,train,AD000422,2,1,,1
AD000425,AC000336,OUT,train,AD000425,2,1,,1
AD000441,AC000348,T1,train,AD000441,2,1,0.0,1
AD000442,AC000348,T1,train,AD000442,2,1,,1
AD000446,AC000351,T3,train,AD000446,2,1,0.0,1
AD000451,AC000356,T3,validation,AD000451,2,2,29.661734140508745,2
AD002067,AC001605,T1,train,AD000451,2,2,29.661734140508745,2
AD000474,AC000374,OUT,train,AD000474,2,1,,1
AD000489,AC000385,T3,validation,AD000489,2,1,,1
AD000493,AC000387,T3,train,AD000493,2,1,,1
AD000499,AC000391,T3,train,AD000499,2,1,,1
AD000501,AC000392,T3,train,AD000501,2,1,,1
AD000505,AC000396,T3,train,AD000505,2,1,,1
AD000509,AC000399,T2,train,AD000509,2,1,,1
AD000511,AC000401,T3,test,AD000511,2,1,,1
AD000514,AC000402,OUT,train,AD000514,2,1,,1
AD000515,AC000403,T2,test,AD000515,2,1,,1
AD000518,AC000404,T1,train,AD000518,2,1,,1
AD000521,AC000406,T3,train,AD000521,2,1,,1
AD000522,AC000407,T2,test,AD000522,2,1,,1
AD000530,AC000413,T1,test,AD000530,2,2,27.2237029075767,2
AD003010,AC002340,T1,train,AD000530,2,2,27.2237029075767,2
AD000536,AC000417,T1,train,AD000536,2,1,,1
AD000547,AC000425,T1,train,AD000547,2,1,,1
AD000550,AC000427,T2,train,AD000550,2,1,,1
AD000556,AC000432,T3,train,AD000556,2,2,18.038015411901668,2
AD002654,AC002055,T3,test,AD000556,2,2,18.038015411901668,2
AD000564,AC000437,OUT,test,AD000564,2,1,,1
AD000578,AC000448,T1,train,AD000578,2,1,,1
AD000581,AC000451,T2,test,AD000581,2,1,0.0,1
AD000587,AC000456,T3,train,AD000587,2,1,,1
AD000588,AC000457,T2,train,AD000588,2,1,,1
AD000595,AC000463,T3,train,AD000595,2,1,,1
AD000596,AC000464,T3,train,AD000596,2,1,0.0,1
AD000599,AC000466,T1,train,AD000599,2,1,,1
AD000604,AC000471,T1,validation,AD000604,2,1,,1
AD000606,AC000473,T3,train,AD000606,2,1,0.0,1
AD000607,AC000474,T3,train,AD000607,2,1,,1
AD000610,AC000476,T2,train,AD000610,2,1,,1
AD000615,AC000479,T3,train,AD000615,2,1,,1
AD000641,AC000498,T1,train,AD000641,2,1,0.0,1
AD000643,AC000499,OUT,train,AD000643,2,1,,1
AD000649,AC000504,T1,validation,AD000649,2,1,,1
AD000654,AC000508,T3,train,AD000654,2,1,,1
AD000664,AC000514,T1,train,AD000664,2,1,,1
AD000668,AC000518,T1,train,AD000668,2,2,17.71031337949742,1
AD002403,AC001864,T1,train,AD000668,2,2,17.71031337949742,1
AD000669,AC000519,T1,train,AD000669,2,1,0.0,1
AD000680,AC000527,T2,test,AD000680,2,1,0.0,1
AD000682,AC000528,T3,validation,AD000682,2,1,,1
AD000685,AC000530,T2,train,AD000685,2,1,,1
AD000695,AC000538,T2,train,AD000695,2,1,,1
AD000696,AC000539,T1,train,AD000696,2,1,,1
AD000700,AC000542,T1,train,AD000700,2,1,,1
AD000701,AC000543,T2,train,AD000701,2,1,,1
AD000706,AC000547,T3,validation,AD000706,2,1,,1
AD000713,AC000553,T2,test,AD000713,2,1,,1
AD000714,AC000553,OUT,test,AD000714,2,1,,1
AD000715,AC000554,T2,validation,AD000715,2,1,,1
AD000719,AC000557,T1,train,AD000719,2,1,,1
AD000720,AC000558,T2,test,AD000720,2,1,,1
AD000725,AC000562,T2,test,AD000725,2,1,,1
AD000728,AC000564,T1,train,AD000728,2,1,,1
AD000747,AC000579,OUT,train,AD000747,2,1,,1
AD000751,AC000582,T2,train,AD000751,2,1,,1
AD000752,AC000582,T2,train,AD000752,2,1,,1
AD000757,AC000587,T2,train,AD000757,2,1,,1
AD000758,AC000588,T2,train,AD000758,2,1,,1
AD000760,AC000590,T1,test,AD000760,2,1,,1
AD000764,AC000592,T1,test,AD000764,2,1,,1
AD000772,AC000598,T3,train,AD000772,2,1,,1
AD000773,AC000599,T2,train,AD000773,2,1,,1
AD000792,AC000614,T2,train,AD000792,2,1,0.0,1
AD000808,AC000625,T3,test,AD000808,2,2,26.950356882815594,2
AD001521,AC001173,T3,validation,AD000808,2,2,26.950356882815594,2
AD000809,AC000626,T1,train,AD000809,2,1,0.0,1
AD000810,AC000627,T1,train,AD000810,2,2,29.772657105322992,1
AD002928,AC002275,T1,train,AD000810,2,2,29.772657105322992,1
AD000821,AC000636,T2,validation,AD000821,2,1,,1
AD000824,AC000638,T3,test,AD000824,2,1,,1
AD000826,AC000640,T1,train,AD000826,2,1,,1
AD000828,AC000641,T3,train,AD000828,2,1,,1
AD000831,AC000644,T1,test,AD000831,2,1,,1
AD000833,AC000646,T3,test,AD000833,2,1,,1
AD000844,AC000655,T1,train,AD000844,2,1,,1
AD000845,AC000655,T1,train,AD000845,2,1,,1
AD000850,AC000659,T3,train,AD000850,2,1,0.0,1
AD000859,AC000665,OUT,train,AD000859,2,1,,1
AD000867,AC000673,T1,train,AD000867,2,4,67.94435018617976,2
AD001372,AC001063,T1,train,AD000867,2,4,67.94435018617976,2
AD001479,AC001139,T1,test,AD000867,2,4,67.94435018617976,2
AD002308,AC001789,T1,train,AD000867,2,4,67.94435018617976,2
AD000868,AC000674,T2,train,AD000868,2,1,0.0,1
AD000874,AC000679,T3,train,AD000874,2,1,0.0,1
AD000880,AC000685,T1,train,AD000880,2,1,,1
AD000881,AC000686,T1,test,AD000881,2,1,,1
AD000894,AC000694,T3,train,AD000894,2,1,,1
AD000895,AC000695,T1,train,AD000895,2,2,6.4845971347493006,1
AD001108,AC000858,T1,train,AD000895,2,2,6.4845971347493006,1
AD000899,AC000698,T3,train,AD000899,2,1,,1
AD000906,AC000702,T3,test,AD000906,2,1,,1
AD000908,AC000704,T2,test,AD000908,2,1,,1
AD000912,AC000706,T2,train,AD000912,2,1,0.0,1
AD000915,AC000709,T3,train,AD000915,2,1,,1
AD000917,AC000711,T2,validation,AD000917,2,2,14.856984889270255,2
AD001927,AC001493,T2,train,AD000917,2,2,14.856984889270255,2
AD000923,AC000714,T1,train,AD000923,2,1,0.0,1
AD000925,AC000716,T2,train,AD000925,2,1,,1
AD000931,AC000721,OUT,train,AD000931,2,1,,1
AD000934,AC000724,T2,validation,AD000934,2,1,,1
AD000937,AC000727,T2,test,AD000937,2,1,,1
AD000939,AC000728,T1,train,AD000939,2,1,,1
AD000944,AC000732,T3,train,AD000944,2,1,0.0,1
AD000946,AC000733,T1,test,AD000946,2,1,,1
AD000949,AC000736,T3,validation,AD000949,2,1,,1
AD000954,AC000740,T3,validation,AD000954,2,1,0.0,1
AD000958,AC000742,T2,validation,AD000958,2,1,,1
AD000959,AC000743,T1,train,AD000959,2,1,,1
AD000961,AC000744,T2,test,AD000961,2,1,,1
AD000962,AC000745,T2,validation,AD000962,2,1,0.0,1
AD000963,AC000746,T1,validation,AD000963,2,1,,1
AD000974,AC000755,T3,test,AD000974,2,1,,1
AD000977,AC000757,OUT,test,AD000977,2,1,,1
AD000981,AC000761,T3,train,AD000981,2,1,0.0,1
AD000985,AC000764,T3,validation,AD000985,2,1,,1
AD000986,AC000765,T2,train,AD000986,2,1,0.0,1
AD000989,AC000768,T2,validation,AD000989,2,1,,1
AD000997,AC000773,T2,train,AD000997,2,1,,1
AD001001,AC000776,T3,train,AD001001,2,1,,1
AD001004,AC000778,T1,test,AD001004,2,1,,1
AD001005,AC000779,T1,test,AD001005,2,1,,1
AD001013,AC000787,T2,train,AD001013,2,1,,1
AD001016,AC000788,T3,train,AD001016,2,1,,1
AD001019,AC000791,T2,train,AD001019,2,1,,1
AD001027,AC000797,T2,train,AD001027,2,1,,1
AD001033,AC000802,T1,train,AD001033,2,1,,1
AD001051,AC000816,OUT,train,AD001051,2,1,,1
AD001052,AC000817,T1,validation,AD001052,2,1,,1
AD001055,AC000820,T2,train,AD001055,2,2,24.31903689613474,1
AD001991,AC001545,T1,train,AD001055,2,2,24.31903689613474,1
AD001078,AC000837,T3,train,AD001078,2,2,17.918364260662035,1
AD001354,AC001048,T1,train,AD001078,2,2,17.918364260662035,1
AD001079,AC000838,T3,test,AD001079,2,1,0.0,1
AD001085,AC000841,OUT,validation,AD001085,2,1,,1
AD001086,AC000842,T3,train,AD001086,2,1,,1
AD001091,AC000846,T3,validation,AD001091,2,1,0.0,1
AD001104,AC000856,T1,test,AD001104,2,1,,1
AD001107,AC000858,T1,train,AD001107,2,1,,1
AD001109,AC000859,T3,test,AD001109,2,1,,1
AD001112,AC000861,T3,train,AD001112,2,1,,1
AD001113,AC000861,T3,train,AD001113,2,1,,1
AD001117,AC000865,T2,train,AD001117,2,1,,1
AD001118,AC000866,T3,train,AD001118,2,1,,1
AD001123,AC000870,T3,validation,AD001123,2,1,,1
AD001132,AC000877,T2,train,AD001132,2,1,,1
AD001137,AC000880,T2,test,AD001137,2,1,,1
AD001139,AC000882,T1,train,AD001139,2,1,,1
AD001154,AC000893,T1,test,AD001154,2,1,0.0,1
AD001157,AC000895,T2,train,AD001157,2,1,,1
AD001159,AC000896,OUT,validation,AD001159,2,1,,1
AD001161,AC000898,T3,train,AD001161,2,1,,1
AD001162,AC000899,T3,train,AD001162,2,1,0.0,1
AD001163,AC000900,T2,train,AD001163,2,1,,1
AD001164,AC000901,T3,train,AD001164,2,1,,1
AD001171,AC000907,T3,train,AD001171,2,1,0.0,1
AD001174,AC000909,T1,test,AD001174,2,1,,1
AD001176,AC000911,T3,train,AD001176,2,1,0.0,1
AD001182,AC000915,T2,train,AD001182,2,1,,1
AD001187,AC000919,T1,train,AD001187,2,1,,1
AD001189,AC000921,T2,train,AD001189,2,1,,1
AD001193,AC000923,T2,train,AD001193,2,1,,1
AD001195,AC000924,T2,test,AD001195,2,1,,1
AD001204,AC000932,T2,validation,AD001204,2,1,,1
AD001207,AC000934,T1,train,AD001207,2,1,,1
AD001214,AC000938,T2,train,AD001214,2,1,,1
AD001219,AC000941,T3,train,AD001219,2,1,0.0,1
AD001220,AC000942,T3,train,AD001220,2,1,0.0,1
AD001221,AC000942,OUT,train,AD001221,2,1,,1
AD001225,AC000946,T2,test,AD001225,2,1,,1
AD001237,AC000956,T2,train,AD001237,2,1,0.0,1
AD001268,AC000980,T3,validation,AD001268,2,1,0.0,1
AD001275,AC000986,T3,train,AD001275,2,1,,1
AD001292,AC001000,OUT,train,AD001292,2,1,,1
AD001293,AC001001,T3,train,AD001293,2,1,0.0,1
AD001298,AC001005,T1,train,AD001298,2,1,0.0,1
AD001305,AC001011,T3,validation,AD001305,2,1,,1
AD001307,AC001012,T1,train,AD001307,2,1,0.0,1
AD001309,AC001013,T1,train,AD001309,2,1,,1
AD001314,AC001017,T1,train,AD001314,2,1,0.0,1
AD001319,AC001021,T3,validation,AD001319,2,1,,1
AD001320,AC001022,T1,train,AD001320,2,1,,1
AD001328,AC001027,T2,test,AD001328,2,1,,1
AD001346,AC001042,T2,test,AD001346,2,2,26.89958694437114,2
AD001465,AC001128,T2,train,AD001346,2,2,26.89958694437114,2
AD001351,AC001045,T2,train,AD001351,2,1,0.0,1
AD001352,AC001046,T3,validation,AD001352,2,1,0.0,1
AD001358,AC001050,OUT,train,AD001358,2,1,,1
AD001363,AC001055,T1,train,AD001363,2,1,0.0,1
AD001365,AC001057,T2,train,AD001365,2,1,,1
AD001367,AC001058,T1,train,AD001367,2,1,,1
AD001368,AC001059,T2,validation,AD001368,2,1,,1
AD001369,AC001060,T3,train,AD001369,2,1,,1
AD001371,AC001062,T3,train,AD001371,2,1,0.0,1
AD001374,AC001065,T1,train,AD001374,2,1,,1
AD001378,AC001067,T1,validation,AD001378,2,1,,1
AD001383,AC001070,T1,validation,AD001383,2,1,,1
AD001399,AC001081,T3,train,AD001399,2,1,,1
AD001422,AC001095,T3,train,AD001422,2,1,0.0,1
AD001423,AC001095,OUT,train,AD001423,2,1,,1
AD001426,AC001097,T1,train,AD001426,2,1,,1
AD001430,AC001100,T2,validation,AD001430,2,1,0.0,1
AD001437,AC001106,T3,train,AD001437,2,1,0.0,1
AD001438,AC001107,T3,train,AD001438,2,1,,1
AD001441,AC001109,T3,train,AD001441,2,1,0.0,1
AD001445,AC001113,T2,train,AD001445,2,1,,1
AD001449,AC001116,T1,test,AD001449,2,1,,1
AD001471,AC001133,T1,train,AD001471,2,1,,1
AD001474,AC001135,T2,train,AD001474,2,1,,1
AD001477,AC001137,T1,train,AD001477,2,1,,1
AD001481,AC001141,T3,train,AD001481,2,1,0.0,1
AD001482,AC001142,T3,test,AD001482,2,1,,1
AD001487,AC001146,T2,train,AD001487,2,1,,1
AD001489,AC001147,T2,test,AD001489,2,1,,1
AD001491,AC001149,T3,train,AD001491,2,1,,1
AD001492,AC001149,OUT,train,AD001492,2,1,,1
AD001498,AC001154,T1,train,AD001498,2,1,,1
AD001505,AC001160,T2,validation,AD001505,2,1,0.0,1
AD001506,AC001160,T2,validation,AD001506,2,1,,1
AD001509,AC001163,T1,train,AD001509,2,1,0.0,1
AD001515,AC001168,T2,train,AD001515,2,1,,1
AD001519,AC001171,T3,train,AD001519,2,1,,1
AD001524,AC001175,T3,train,AD001524,2,1,,1
AD001525,AC001175,T3,train,AD001525,2,1,,1
AD001528,AC001177,T2,validation,AD001528,2,1,0.0,1
AD001530,AC001178,T1,validation,AD001530,2,1,,1
AD001531,AC001178,T1,validation,AD001531,2,1,,1
AD001533,AC001180,T1,train,AD001533,2,1,,1
AD001535,AC001181,T3,train,AD001535,2,1,,1
AD001546,AC001190,T1,train,AD001546,2,1,0.0,1
AD001547,AC001190,OUT,train,AD001547,2,1,,1
AD001551,AC001193,T2,train,AD001551,2,1,0.0,1
AD001563,AC001203,T3,train,AD001563,2,1,,1
AD001567,AC001206,T1,validation,AD001567,2,1,,1
AD001569,AC001208,T3,train,AD001569,2,1,0.0,1
AD001573,AC001211,T3,train,AD001573,2,1,,1
AD001577,AC001215,T2,train,AD001577,2,1,,1
AD001578,AC001216,T3,train,AD001578,2,1,0.0,1
AD001581,AC001218,T1,train,AD001581,2,2,19.490818351213537,1
AD002457,AC001900,T1,train,AD001581,2,2,19.490818351213537,1
AD001585,AC001222,T3,train,AD001585,2,1,,1
AD001586,AC001223,T2,validation,AD001586,2,1,0.0,1
AD001599,AC001234,OUT,test,AD001599,2,1,,1
AD001600,AC001235,T2,train,AD001600,2,1,,1
AD001601,AC001236,T2,validation,AD001601,2,1,,1
AD001607,AC001240,T3,train,AD001607,2,1,,1
AD001623,AC001254,T1,validation,AD001623,2,1,,1
AD001630,AC001258,T1,train,AD001630,2,1,0.0,1
AD001638,AC001264,T1,validation,AD001638,2,1,0.0,1
AD001646,AC001271,T1,test,AD001646,2,1,,1
AD001652,AC001275,T2,train,AD001652,2,1,,1
AD001656,AC001279,T2,train,AD001656,2,1,,1
AD001658,AC001280,T3,train,AD001658,2,1,,1
AD001661,AC001281,OUT,train,AD001661,2,1,,1
AD001674,AC001289,T3,train,AD001674,2,1,,1
AD001677,AC001290,T1,train,AD001677,2,1,0.0,1
AD001679,AC001292,T2,train,AD001679,2,1,,1
AD001681,AC001294,T3,test,AD001681,2,1,,1
AD001684,AC001296,T2,validation,AD001684,2,1,,1
AD001686,AC001297,T3,test,AD001686,2,1,,1
AD001687,AC001298,T3,train,AD001687,2,1,0.0,1
AD001688,AC001298,OUT,train,AD001688,2,1,,1
AD001692,AC001302,T3,train,AD001692,2,1,,1
AD001693,AC001303,T2,train,AD001693,2,1,0.0,1
AD001694,AC001304,T2,test,AD001694,2,1,0.0,1
AD001701,AC001310,T3,train,AD001701,2,1,,1
AD001706,AC001314,T3,validation,AD001706,2,1,,1
AD001714,AC001320,T2,train,AD001714,2,1,,1
AD001721,AC001326,T1,train,AD001721,2,1,,1
AD001723,AC001328,T3,train,AD001723,2,1,,1
AD001724,AC001329,T1,validation,AD001724,2,1,,1
AD001729,AC001333,T3,test,AD001729,2,1,,1
AD001730,AC001334,T1,train,AD001730,2,1,,1
AD001739,AC001342,T1,validation,AD001739,2,1,,1
AD001753,AC001354,T1,validation,AD001753,2,1,0.0,1
AD001756,AC001356,T3,train,AD001756,2,1,,1
AD001768,AC001366,T2,validation,AD001768,2,1,,1
AD001771,AC001369,T2,validation,AD001771,2,1,,1
AD001773,AC001370,T1,train,AD001773,2,1,,1
AD001778,AC001375,T3,train,AD001778,2,1,,1
AD001782,AC001378,T1,validation,AD001782,2,1,,1
AD001785,AC001380,T3,validation,AD001785,2,1,,1
AD001786,AC001381,T3,train,AD001786,2,1,,1
AD001787,AC001382,T3,train,AD001787,2,1,,1
AD001793,AC001387,OUT,train,AD001793,2,1,,1
AD001800,AC001393,T1,train,AD001800,2,1,0.0,1
AD001806,AC001398,T2,validation,AD001806,2,1,,1
AD001823,AC001413,T3,train,AD001823,2,1,,1
AD001828,AC001416,OUT,train,AD001828,2,1,,1
AD001833,AC001421,T2,test,AD001833,2,1,,1
AD001846,AC001430,T3,test,AD001846,2,1,,1
AD001847,AC001431,T3,train,AD001847,2,1,0.0,1
AD001862,AC001443,T1,train,AD001862,2,1,0.0,1
AD001868,AC001448,T3,train,AD001868,2,1,0.0,1
AD001876,AC001453,T2,train,AD001876,2,1,,1
AD001895,AC001469,T3,train,AD001895,2,1,,1
AD001896,AC001470,T3,train,AD001896,2,1,0.0,1
AD001898,AC001471,T2,train,AD001898,2,1,,1
AD001901,AC001474,T3,train,AD001901,2,1,0.0,1
AD001904,AC001476,T1,train,AD001904,2,1,,1
AD001909,AC001481,T1,test,AD001909,2,1,,1
AD001910,AC001481,T1,test,AD001910,2,1,,1
AD001912,AC001483,T2,train,AD001912,2,1,,1
AD001913,AC001483,T2,train,AD001913,2,1,,1
AD001915,AC001484,OUT,train,AD001915,2,1,,1
AD001916,AC001485,T2,validation,AD001916,2,1,,1
AD001921,AC001489,T3,train,AD001921,2,1,,1
AD001928,AC001493,T2,train,AD001928,2,1,,1
AD001933,AC001498,T3,train,AD001933,2,1,,1
AD001938,AC001501,T2,train,AD001938,2,1,,1
AD001947,AC001509,T3,train,AD001947,2,1,,1
AD001950,AC001512,T2,train,AD001950,2,1,,1
AD001951,AC001513,T2,test,AD001951,2,1,,1
AD001961,AC001522,T1,train,AD001961,2,1,,1
AD001964,AC001525,T3,validation,AD001964,2,1,,1
AD001968,AC001528,T2,validation,AD001968,2,1,,1
AD001970,AC001530,T1,train,AD001970,2,1,,1
AD001977,AC001536,T3,test,AD001977,2,1,0.0,1
AD001980,AC001538,T2,train,AD001980,2,1,,1
AD001986,AC001541,T3,validation,AD001986,2,1,,1
AD001990,AC001544,T3,train,AD001990,2,1,0.0,1
AD001997,AC001549,OUT,train,AD001997,2,1,,1
AD001998,AC001550,T2,test,AD001998,2,1,,1
AD002001,AC001552,T3,train,AD002001,2,1,,1
AD002005,AC001555,T2,train,AD002005,2,1,0.0,1
AD002014,AC001560,T1,validation,AD002014,2,1,,1
AD002016,AC001562,T1,train,AD002016,2,1,,1
AD002020,AC001564,OUT,train,AD002020,2,1,,1
AD002022,AC001566,T3,train,AD002022,2,1,,1
AD002023,AC001567,T3,train,AD002023,2,2,17.016495265216,1
AD002334,AC001808,T3,train,AD002023,2,2,17.016495265216,1
AD002026,AC001570,T2,test,AD002026,2,1,,1
AD002027,AC001571,T2,test,AD002027,2,1,0.0,1
AD002040,AC001583,T3,train,AD002040,2,1,,1
AD002055,AC001594,T2,train,AD002055,2,1,,1
AD002057,AC001596,T2,train,AD002057,2,1,0.0,1
AD002060,AC001598,T1,test,AD002060,2,1,0.0,1
AD002062,AC001600,T1,validation,AD002062,2,1,0.0,1
AD002064,AC001602,T2,train,AD002064,2,1,,1
AD002070,AC001607,T3,validation,AD002070,2,1,0.0,1
AD002073,AC001609,T1,train,AD002073,2,1,,1
AD002084,AC001615,OUT,train,AD002084,2,1,,1
AD002095,AC001624,T3,train,AD002095,2,1,,1
AD002097,AC001626,T1,train,AD002097,2,1,,1
AD002108,AC001634,T1,train,AD002108,2,1,,1
AD002113,AC001638,T1,train,AD002113,2,1,,1
AD002117,AC001641,T2,test,AD002117,2,1,,1
AD002120,AC001643,T2,test,AD002120,2,1,0.0,1
AD002121,AC001644,T1,test,AD002121,2,1,,1
AD002126,AC001648,T2,validation,AD002126,2,1,,1
AD002128,AC001649,T1,train,AD002128,2,1,,1
AD002130,AC001650,T3,train,AD002130,2,1,,1
AD002131,AC001651,T2,validation,AD002131,2,1,0.0,1
AD002132,AC001651,T2,validation,AD002132,2,1,,1
AD002133,AC001652,T1,train,AD002133,2,1,,1
AD002149,AC001663,T2,train,AD002149,2,1,,1
AD002156,AC001668,OUT,test,AD002156,2,1,,1
AD002171,AC001679,T1,train,AD002171,2,1,0.0,1
AD002176,AC001683,T2,train,AD002176,2,1,0.0,1
AD002177,AC001683,T2,train,AD002177,2,1,,1
AD002183,AC001688,T1,test,AD002183,2,1,,1
AD002184,AC001688,T1,test,AD002184,2,1,,1
AD002189,AC001693,T1,train,AD002189,2,1,0.0,1
AD002193,AC001696,T2,train,AD002193,2,1,,1
AD002195,AC001698,T1,train,AD002195,2,1,,1
AD002200,AC001702,T2,train,AD002200,2,1,,1
AD002201,AC001702,T2,train,AD002201,2,1,,1
AD002209,AC001707,T3,train,AD002209,2,1,0.0,1
AD002222,AC001719,T1,train,AD002222,2,1,,1
AD002233,AC001727,T3,train,AD002233,2,1,,1
AD002235,AC001729,T2,test,AD002235,2,1,,1
AD002245,AC001737,T1,test,AD002245,2,1,0.0,1
AD002252,AC001744,T3,validation,AD002252,2,1,0.0,1
AD002257,AC001748,T1,train,AD002257,2,1,,1
AD002259,AC001750,T3,validation,AD002259,2,1,,1
AD002263,AC001754,T2,train,AD002263,2,1,0.0,1
AD002268,AC001757,OUT,train,AD002268,2,1,,1
AD002271,AC001760,T2,train,AD002271,2,1,,1
AD002286,AC001769,T2,train,AD002286,2,1,,1
AD002291,AC001773,T2,train,AD002291,2,1,,1
AD002293,AC001774,T3,train,AD002293,2,1,0.0,1
AD002303,AC001784,T1,train,AD002303,2,1,,1
AD002310,AC001791,T1,train,AD002310,2,1,,1
AD002319,AC001798,T1,train,AD002319,2,1,,1
AD002324,AC001801,T2,train,AD002324,2,1,,1
AD002326,AC001802,OUT,validation,AD002326,2,1,,1
AD002339,AC001812,T2,test,AD002339,2,2,11.862229975851786,2
AD002525,AC001953,T2,validation,AD002339,2,2,11.862229975851786,2
AD002350,AC001821,T3,train,AD002350,2,1,,1
AD002355,AC001825,T1,train,AD002355,2,1,,1
AD002375,AC001842,T3,train,AD002375,2,1,,1
AD002380,AC001846,T3,test,AD002380,2,1,0.0,1
AD002386,AC001851,OUT,train,AD002386,2,1,,1
AD002388,AC001852,T2,train,AD002388,2,1,,1
AD002389,AC001853,T2,train,AD002389,2,1,,1
AD002399,AC001860,T3,train,AD002399,2,1,,1
AD002400,AC001861,T3,train,AD002400,2,1,,1
AD002401,AC001862,T2,validation,AD002401,2,1,0.0,1
AD002407,AC001867,T3,test,AD002407,2,1,,1
AD002415,AC001873,T3,train,AD002415,2,1,0.0,1
AD002416,AC001873,T3,train,AD002416,2,1,0.0,1
AD002417,AC001874,T1,train,AD002417,2,1,,1
AD002419,AC001875,T1,train,AD002419,2,1,0.0,1
AD002425,AC001880,T3,validation,AD002425,2,1,,1
AD002426,AC001880,OUT,validation,AD002426,2,1,,1
AD002430,AC001883,T1,train,AD002430,2,1,,1
AD002431,AC001884,T2,test,AD002431,2,1,,1
AD002432,AC001884,T2,test,AD002432,2,1,,1
AD002440,AC001890,T2,train,AD002440,2,1,0.0,1
AD002449,AC001895,T2,test,AD002449,2,1,,1
AD002456,AC001899,T1,train,AD002456,2,1,,1
AD002466,AC001907,T2,train,AD002466,2,1,0.0,1
AD002472,AC001913,T3,train,AD002472,2,1,,1
AD002482,AC001920,T3,validation,AD002482,2,1,,1
AD002484,AC001922,T1,train,AD002484,2,1,,1
AD002503,AC001936,OUT,train,AD002503,2,1,,1
AD002506,AC001939,T3,validation,AD002506,2,1,0.0,1
AD002511,AC001943,T3,validation,AD002511,2,1,,1
AD002513,AC001944,T3,train,AD002513,2,1,,1
AD002514,AC001945,T1,train,AD002514,2,1,0.0,1
AD002515,AC001945,T1,train,AD002515,2,1,0.0,1
AD002524,AC001952,T3,train,AD002524,2,1,,1
AD002535,AC001961,T2,validation,AD002535,2,1,0.0,1
AD002540,AC001965,T2,train,AD002540,2,1,0.0,1
AD002553,AC001976,T3,train,AD002553,2,1,,1
AD002563,AC001984,T3,train,AD002563,2,1,,1
AD002565,AC001986,T1,train,AD002565,2,1,,1
AD002573,AC001994,T1,train,AD002573,2,1,,1
AD002574,AC001995,T2,train,AD002574,2,1,,1
AD002576,AC001997,T2,train,AD002576,2,1,0.0,1
AD002578,AC001998,T3,validation,AD002578,2,1,,1
AD002586,AC002004,T3,test,AD002586,2,1,,1
AD002593,AC002008,T1,train,AD002593,2,1,,1
AD002597,AC002011,OUT,train,AD002597,2,1,,1
AD002601,AC002014,T2,train,AD002601,2,1,,1
AD002605,AC002017,T3,test,AD002605,2,1,,1
AD002606,AC002018,T1,train,AD002606,2,1,0.0,1
AD002607,AC002019,T1,train,AD002607,2,1,,1
AD002608,AC002019,T1,train,AD002608,2,1,,1
AD002623,AC002033,T1,test,AD002623,2,1,,1
AD002626,AC002035,T2,train,AD002626,2,1,0.0,1
AD002637,AC002043,T1,train,AD002637,2,1,0.0,1
AD002638,AC002044,T2,train,AD002638,2,1,,1
AD002640,AC002045,T1,test,AD002640,2,1,,1
AD002646,AC002049,OUT,train,AD002646,2,1,,1
AD002661,AC002062,T2,train,AD002661,2,1,0.0,1
AD002672,AC002071,T1,train,AD002672,2,1,,1
AD002681,AC002078,T1,train,AD002681,2,1,0.0,1
AD002682,AC002079,T2,train,AD002682,2,1,,1
AD002693,AC002088,T2,train,AD002693,2,1,,1
AD002694,AC002089,T2,validation,AD002694,2,1,,1
AD002695,AC002089,T2,validation,AD002695,2,1,,1
AD002697,AC002091,T1,train,AD002697,2,1,0.0,1
AD002701,AC002094,T2,validation,AD002701,2,1,,1
AD002710,AC002101,T3,train,AD002710,2,1,,1
AD002719,AC002108,T2,train,AD002719,2,1,,1
AD002721,AC002110,T1,test,AD002721,2,1,,1
AD002723,AC002112,T2,train,AD002723,2,1,0.0,1
AD002725,AC002114,T2,test,AD002725,2,1,,1
AD002726,AC002114,T2,test,AD002726,2,1,,1
AD002731,AC002118,T3,train,AD002731,2,1,,1
AD002732,AC002119,T2,train,AD002732,2,1,,1
AD002737,AC002123,T3,train,AD002737,2,1,0.0,1
AD002738,AC002124,T1,train,AD002738,2,1,,1
AD002743,AC002128,T3,test,AD002743,2,1,,1
AD002747,AC002130,OUT,train,AD002747,2,1,,1
AD002751,AC002133,T2,train,AD002751,2,1,0.0,1
AD002758,AC002138,T3,validation,AD002758,2,1,,1
AD002766,AC002143,T1,test,AD002766,2,1,,1
AD002779,AC002154,T1,train,AD002779,2,1,,1
AD002781,AC002155,T1,train,AD002781,2,1,,1
AD002803,AC002172,T1,train,AD002803,2,1,,1
AD002809,AC002176,T1,train,AD002809,2,1,0.0,1
AD002810,AC002176,OUT,train,AD002810,2,1,,1
AD002813,AC002178,T1,train,AD002813,2,1,,1
AD002815,AC002180,T1,train,AD002815,2,1,,1
AD002818,AC002182,T1,train,AD002818,2,1,,1
AD002831,AC002194,T2,test,AD002831,2,1,,1
AD002833,AC002195,T2,validation,AD002833,2,1,0.0,1
AD002836,AC002197,T1,train,AD002836,2,1,,1
AD002837,AC002198,T1,train,AD002837,2,1,,1
AD002845,AC002204,T1,validation,AD002845,2,1,,1
AD002847,AC002205,T3,train,AD002847,2,1,,1
AD002854,AC002212,T2,test,AD002854,2,1,,1
AD002855,AC002213,T1,train,AD002855,2,1,,1
AD002857,AC002215,T3,validation,AD002857,2,1,,1
AD002872,AC002229,T2,test,AD002872,2,1,0.0,1
AD002878,AC002234,T2,train,AD002878,2,1,,1
AD002880,AC002236,T3,train,AD002880,2,1,0.0,1
AD002892,AC002245,T3,train,AD002892,2,1,,1
AD002898,AC002249,T3,train,AD002898,2,1,,1
AD002905,AC002256,T3,train,AD002905,2,1,,1
AD002906,AC002257,T2,validation,AD002906,2,1,0.0,1
AD002910,AC002259,T1,train,AD002910,2,1,,1
AD002911,AC002260,T1,train,AD002911,2,1,0.0,1
AD002915,AC002263,T2,train,AD002915,2,1,,1
AD002918,AC002266,T1,train,AD002918,2,1,,1
AD002919,AC002266,OUT,train,AD002919,2,1,,1
AD002920,AC002267,T1,test,AD002920,2,1,0.0,1
AD002934,AC002280,T3,train,AD002934,2,1,,1
AD002938,AC002283,T1,validation,AD002938,2,1,0.0,1
AD002944,AC002287,T3,validation,AD002944,2,1,,1
AD002953,AC002293,T2,train,AD002953,2,1,,1
AD002956,AC002295,T3,validation,AD002956,2,1,0.0,1
AD002960,AC002298,T3,train,AD002960,2,1,,1
AD002966,AC002303,T2,train,AD002966,2,1,0.0,1
AD002980,AC002315,T1,train,AD002980,2,1,,1
AD002983,AC002318,T1,train,AD002983,2,1,0.0,1
AD002985,AC002319,OUT,test,AD002985,2,1,,1
AD002986,AC002320,T3,test,AD002986,2,1,0.0,1
AD002992,AC002326,T2,train,AD002992,2,1,,1
AD002996,AC002330,T1,train,AD002996,2,1,0.0,1
AD003000,AC002333,T1,train,AD003000,2,1,,1
AD003025,AC002349,T2,train,AD003025,2,1,,1
AD003029,AC002353,T3,train,AD003029,2,1,,1
AD003033,AC002355,OUT,validation,AD003033,2,1,,1
AD003062,AC002379,T2,train,AD003062,2,1,,1
AD003065,AC002381,T2,train,AD003065,2,1,0.0,1
AD003071,AC002385,T3,train,AD003071,2,1,,1
AD003076,AC002388,T3,train,AD003076,2,1,,1
AD003078,AC002390,T2,train,AD003078,2,1,,1
AD003080,AC002391,T3,train,AD003080,2,1,,1
AD003083,AC002394,T1,train,AD003083,2,1,,1
AD003084,AC002395,T1,train,AD003084,2,1,,1
AD003087,AC002398,T2,train,AD003087,2,1,0.0,1
AD003093,AC000317,OUT,train,AD003093,2,1,,1
AD003099,AC001408,T1,train,AD003099,2,1,0.0,1
AD003100,AC001748,T1,train,AD003100,2,1,0.0,1
AD003108,AC002174,OUT,train,AD003108,2,1,,1
AD003111,AC000602,T3,train,AD003111,2,1,,1
AD000009,AC000007,T1,train,AD000009,3,1,,1
AD000010,AC000007,T1,train,AD000010,3,1,,1
AD000012,AC000009,T2,train,AD000012,3,1,0.0,1
AD000016,AC000013,T2,validation,AD000016,3,1,,1
AD000022,AC000019,T1,test,AD000022,3,1,,1
AD000024,AC000021,T3,train,AD000024,3,1,,1
AD000028,AC000024,T3,train,AD000028,3,1,,1
AD000029,AC000025,T2,train,AD000029,3,1,,1
AD000030,AC000026,T1,test,AD000030,3,1,0.0,1
AD000040,AC000034,T1,train,AD000040,3,1,0.0,1
AD000048,AC000039,T1,validation,AD000048,3,1,,1
AD000051,AC000041,OUT,validation,AD000051,3,1,,1
AD000053,AC000043,T1,train,AD000053,3,1,,1
AD000056,AC000044,T3,train,AD000056,3,1,,1
AD000059,AC000047,T1,train,AD000059,3,1,,1
AD000069,AC000056,T2,train,AD000069,3,1,0.0,1
AD000072,AC000058,T3,train,AD000072,3,1,,1
AD000073,AC000059,T2,train,AD000073,3,1,,1
AD000075,AC000060,T1,train,AD000075,3,1,0.0,1
AD000084,AC000067,T3,train,AD000084,3,1,,1
AD000086,AC000069,T2,validation,AD000086,3,1,0.0,1
AD000089,AC000071,T2,test,AD000089,3,1,,1
AD000090,AC000071,T2,test,AD000090,3,1,,1
AD000094,AC000074,T3,train,AD000094,3,1,0.0,1
AD000097,AC000076,T3,train,AD000097,3,1,,1
AD000098,AC000077,T3,train,AD000098,3,1,,1
AD000099,AC000078,T3,train,AD000099,3,1,0.0,1
AD000103,AC000082,T3,train,AD000103,3,1,,1
AD000105,AC000084,T2,test,AD000105,3,1,0.0,1
AD000114,AC000091,T1,train,AD000114,3,2,22.568906831203726,1
AD001746,AC001348,T1,train,AD000114,3,2,22.568906831203726,1
AD000116,AC000093,T3,train,AD000116,3,1,,1
AD000124,AC000099,T3,train,AD000124,3,1,,1
AD000126,AC000100,T1,train,AD000126,3,1,,1
AD000127,AC000101,T3,train,AD000127,3,1,,1
AD000131,AC000104,OUT,train,AD000131,3,1,,1
AD000133,AC000105,T3,train,AD000133,3,1,,1
AD000136,AC000108,T1,test,AD000136,3,1,,1
AD000145,AC000115,T3,validation,AD000145,3,1,,1
AD000150,AC000120,T2,train,AD000150,3,1,,1
AD000155,AC000123,T3,train,AD000155,3,1,0.0,1
AD000160,AC000127,T3,train,AD000160,3,1,,1
AD000164,AC000130,T2,train,AD000164,3,1,,1
AD000165,AC000131,T2,train,AD000165,3,1,,1
AD000170,AC000135,T3,train,AD000170,3,1,0.0,1
AD000178,AC000142,T2,validation,AD000178,3,1,,1
AD000184,AC000147,T3,train,AD000184,3,1,,1
AD000186,AC000148,T2,train,AD000186,3,1,,1
AD000187,AC000149,T2,train,AD000187,3,1,0.0,1
AD000199,AC000160,T1,train,AD000199,3,1,0.0,1
AD000208,AC000167,T3,train,AD000208,3,1,,1
AD000209,AC000168,T1,test,AD000209,3,1,,1
AD000218,AC000174,OUT,train,AD000218,3,1,,1
AD000224,AC000180,T2,train,AD000224,3,1,,1
AD000227,AC000182,T3,train,AD000227,3,1,0.0,1
AD000232,AC000186,T1,train,AD000232,3,1,,1
AD000233,AC000187,T3,train,AD000233,3,1,0.0,1
AD000239,AC000191,T3,train,AD000239,3,1,,1
AD000245,AC000195,T1,train,AD000245,3,1,,1
AD000248,AC000197,T3,train,AD000248,3,1,,1
AD000249,AC000198,T3,train,AD000249,3,1,,1
AD000257,AC000204,T1,train,AD000257,3,3,29.584741750511323,1
AD002332,AC001806,T1,train,AD000257,3,3,29.584741750511323,1
AD002691,AC002086,T1,train,AD000257,3,3,29.584741750511323,1
AD000265,AC000210,T1,test,AD000265,3,1,,1
AD000273,AC000216,T3,train,AD000273,3,1,,1
AD000277,AC000219,T1,train,AD000277,3,1,,1
AD000295,AC000234,T2,train,AD000295,3,1,,1
AD000296,AC000234,T2,train,AD000296,3,1,,1
AD000302,AC000239,T1,train,AD000302,3,1,,1
AD000310,AC000247,T1,train,AD000310,3,1,,1
AD000316,AC000251,T1,train,AD000316,3,1,0.0,1
AD000320,AC000253,T1,train,AD000320,3,1,0.0,1
AD000327,AC000259,T1,validation,AD000327,3,1,,1
AD000329,AC000260,OUT,validation,AD000329,3,1,,1
AD000330,AC000261,T2,train,AD000330,3,1,0.0,1
AD000337,AC000266,T2,train,AD000337,3,1,0.0,1
AD000338,AC000267,T2,train,AD000338,3,1,0.0,1
AD000341,AC000270,T1,train,AD000341,3,1,,1
AD000343,AC000272,T2,train,AD000343,3,1,,1
AD000350,AC000278,T2,train,AD000350,3,1,,1
AD000359,AC000286,T1,test,AD000359,3,1,0.0,1
AD000363,AC000289,T1,train,AD000363,3,1,0.0,1
AD000368,AC000293,T3,train,AD000368,3,1,,1
AD000369,AC000294,T1,validation,AD000369,3,1,0.0,1
AD000377,AC000299,T1,test,AD000377,3,1,,1
AD000378,AC000300,T1,train,AD000378,3,1,,1
AD000385,AC000307,T2,train,AD000385,3,1,0.0,1
AD000387,AC000308,T2,train,AD000387,3,1,0.0,1
AD000388,AC000309,T3,train,AD000388,3,1,,1
AD000396,AC000315,T3,train,AD000396,3,1,,1
AD000403,AC000320,T3,train,AD000403,3,1,,1
AD000416,AC000329,T1,train,AD000416,3,1,,1
AD000423,AC000335,T1,validation,AD000423,3,1,,1
AD000427,AC000337,T3,train,AD000427,3,1,0.0,1
AD000429,AC000338,T1,train,AD000429,3,1,,1
AD000430,AC000339,T2,test,AD000430,3,1,0.0,1
AD000431,AC000339,OUT,test,AD000431,3,1,,1
AD000445,AC000350,T1,train,AD000445,3,1,,1
AD000448,AC000353,T3,test,AD000448,3,1,,1
AD000449,AC000354,T3,train,AD000449,3,1,,1
AD000458,AC000362,T3,train,AD000458,3,1,,1
AD000464,AC000366,T3,train,AD000464,3,1,,1
AD000467,AC000369,T1,train,AD000467,3,1,0.0,1
AD000475,AC000375,T1,train,AD000475,3,3,33.30400843408765,1
AD002673,AC002072,T1,train,AD000475,3,3,33.30400843408765,1
AD002808,AC002175,T1,train,AD000475,3,3,33.30400843408765,1
AD000476,AC000375,OUT,train,AD000476,3,1,,1
AD000478,AC000376,T1,validation,AD000478,3,1,,1
AD000480,AC000378,T2,test,AD000480,3,1,,1
AD000481,AC000379,T3,train,AD000481,3,1,,1
AD000482,AC000379,T3,train,AD000482,3,1,,1
AD000485,AC000382,T2,test,AD000485,3,1,,1
AD000486,AC000382,T2,test,AD000486,3,1,,1
AD000504,AC000395,T1,validation,AD000504,3,1,,1
AD000507,AC000397,T2,train,AD000507,3,1,,1
AD000516,AC000403,OUT,test,AD000516,3,1,,1
AD000529,AC000413,T1,test,AD000529,3,1,0.0,1
AD000540,AC000419,T2,train,AD000540,3,1,,1
AD000542,AC000421,T3,validation,AD000542,3,1,,1
AD000551,AC000428,T1,train,AD000551,3,1,,1
AD000552,AC000429,T2,train,AD000552,3,1,,1
AD000553,AC000430,T2,train,AD000553,3,3,27.057808484797878,1
AD001149,AC000890,T2,train,AD000553,3,3,27.057808484797878,1
AD002210,AC001708,T2,train,AD000553,3,3,27.057808484797878,1
AD000565,AC000438,T2,train,AD000565,3,1,0.0,1
AD000569,AC000442,T1,test,AD000569,3,1,0.0,1
AD000571,AC000443,OUT,train,AD000571,3,1,,1
AD000590,AC000459,T3,train,AD000590,3,1,,1
AD000592,AC000460,T3,test,AD000592,3,1,,1
AD000601,AC000468,T2,train,AD000601,3,1,,1
AD000602,AC000469,T1,train,AD000602,3,1,0.0,1
AD000603,AC000470,T2,train,AD000603,3,1,,1
AD000609,AC000476,T2,train,AD000609,3,1,,1
AD000620,AC000483,T2,validation,AD000620,3,1,,1
AD000631,AC000490,T3,train,AD000631,3,1,0.0,1
AD000642,AC000499,T2,train,AD000642,3,1,0.0,1
AD000645,AC000501,T3,train,AD000645,3,1,,1
AD000653,AC000507,T1,train,AD000653,3,1,,1
AD000658,AC000511,T1,train,AD000658,3,1,0.0,1
AD000659,AC000511,OUT,train,AD000659,3,1,,1
AD000663,AC000514,T1,train,AD000663,3,1,,1
AD000666,AC000516,T3,test,AD000666,3,2,21.820606978013025,2
AD002977,AC002312,T3,train,AD000666,3,2,21.820606978013025,2
AD000667,AC000517,T1,test,AD000667,3,1,0.0,1
AD000678,AC000525,T3,validation,AD000678,3,1,,1
AD000687,AC000532,T1,validation,AD000687,3,1,,1
AD000692,AC000536,T3,train,AD000692,3,1,,1
AD000702,AC000544,T1,train,AD000702,3,1,,1
AD000716,AC000554,OUT,validation,AD000716,3,1,,1
AD000721,AC000559,T3,validation,AD000721,3,1,0.0,1
AD000723,AC000561,T1,train,AD000723,3,1,,1
AD000727,AC000563,T3,train,AD000727,3,1,0.0,1
AD000734,AC000569,T3,train,AD000734,3,1,,1
AD000742,AC000575,T1,train,AD000742,3,1,,1
AD000743,AC000576,T1,test,AD000743,3,1,,1
AD000759,AC000589,T2,train,AD000759,3,1,0.0,1
AD000766,AC000593,T3,test,AD000766,3,1,,1
AD000767,AC000594,T1,validation,AD000767,3,1,,1
AD000777,AC000602,OUT,train,AD000777,3,1,,1
AD000780,AC000604,T1,train,AD000780,3,1,,1
AD000787,AC000609,T3,train,AD000787,3,1,0.0,1
AD000788,AC000610,T1,train,AD000788,3,1,,1
AD000801,AC000620,T3,train,AD000801,3,1,0.0,1
AD000802,AC000621,T1,train,AD000802,3,1,0.0,1
AD000807,AC000624,T3,validation,AD000807,3,1,,1
AD000820,AC000635,T1,train,AD000820,3,1,,1
AD000829,AC000642,T2,train,AD000829,3,1,,1
AD000835,AC000648,T2,train,AD000835,3,1,,1
AD000836,AC000649,T1,train,AD000836,3,1,0.0,1
AD000839,AC000651,T2,train,AD000839,3,1,,1
AD000841,AC000653,T2,train,AD000841,3,1,0.0,1
AD000860,AC000666,T2,train,AD000860,3,1,,1
AD000861,AC000667,T2,test,AD000861,3,1,,1
AD000869,AC000675,T3,train,AD000869,3,1,0.0,1
AD000870,AC000676,T3,train,AD000870,3,1,0.0,1
AD000877,AC000682,T3,validation,AD000877,3,1,,1
AD000882,AC000686,T1,test,AD000882,3,1,,1
AD000887,AC000690,OUT,train,AD000887,3,1,,1
AD000888,AC000691,T1,validation,AD000888,3,1,,1
AD000898,AC000697,T1,train,AD000898,3,1,0.0,1
AD000901,AC000699,T2,train,AD000901,3,1,,1
AD000903,AC000701,T1,train,AD000903,3,2,28.819352342557213,1
AD001236,AC000955,T1,train,AD000903,3,2,28.819352342557213,1
AD000905,AC000702,T3,test,AD000905,3,1,,1
AD000910,AC000705,T1,train,AD000910,3,1,,1
AD000911,AC000705,T1,train,AD000911,3,1,,1
AD000914,AC000708,T2,test,AD000914,3,1,,1
AD000918,AC000711,T2,validation,AD000918,3,1,0.0,1
AD000920,AC000712,T1,train,AD000920,3,1,0.0,1
AD000924,AC000715,T2,train,AD000924,3,1,0.0,1
AD000928,AC000719,T1,train,AD000928,3,1,,1
AD000929,AC000720,T1,train,AD000929,3,1,,1
AD000932,AC000722,T3,train,AD000932,3,1,,1
AD000938,AC000728,T1,train,AD000938,3,1,,1
AD000941,AC000729,OUT,train,AD000941,3,1,,1
AD000942,AC000730,T2,train,AD000942,3,1,0.0,1
AD000948,AC000735,T3,train,AD000948,3,1,0.0,1
AD000950,AC000737,T3,validation,AD000950,3,2,13.166933014183654,2
AD002865,AC002222,T3,train,AD000950,3,2,13.166933014183654,2
AD000951,AC000738,T2,train,AD000951,3,1,,1
AD000952,AC000738,T2,train,AD000952,3,1,,1
AD000953,AC000739,T2,validation,AD000953,3,1,0.0,1
AD000964,AC000747,T2,validation,AD000964,3,1,,1
AD000980,AC000760,T2,validation,AD000980,3,1,0.0,1
AD000983,AC000762,OUT,train,AD000983,3,1,,1
AD000984,AC000763,T1,train,AD000984,3,1,0.0,1
AD000998,AC000773,T2,train,AD000998,3,1,,1
AD001002,AC000776,T3,train,AD001002,3,1,,1
AD001006,AC000780,T3,validation,AD001006,3,1,,1
AD001008,AC000782,T1,validation,AD001008,3,1,,1
AD001009,AC000783,T2,test,AD001009,3,2,17.635333849972714,2
AD002794,AC002165,T2,validation,AD001009,3,2,17.635333849972714,2
AD001017,AC000789,T3,train,AD001017,3,1,,1
AD001018,AC000790,T3,train,AD001018,3,1,,1
AD001021,AC000793,T1,train,AD001021,3,1,0.0,1
AD001032,AC000801,T2,train,AD001032,3,1,,1
AD001040,AC000808,T3,train,AD001040,3,1,0.0,1
AD001042,AC000810,T1,train,AD001042,3,1,0.0,1
AD001043,AC000810,T1,train,AD001043,3,1,0.0,1
AD001044,AC000811,T1,train,AD001044,3,1,,1
AD001054,AC000819,T3,test,AD001054,3,1,0.0,1
AD001056,AC000820,OUT,train,AD001056,3,1,,1
AD001059,AC000822,T2,validation,AD001059,3,1,,1
AD001060,AC000823,T2,train,AD001060,3,1,0.0,1
AD001065,AC000827,T1,validation,AD001065,3,1,,1
AD001068,AC000830,T3,train,AD001068,3,1,,1
AD001075,AC000835,T1,train,AD001075,3,1,,1
AD001076,AC000836,T3,train,AD001076,3,1,,1
AD001080,AC000838,T3,test,AD001080,3,1,0.0,1
AD001082,AC000839,T2,train,AD001082,3,1,,1
AD001083,AC000840,T1,train,AD001083,3,1,,1
AD001088,AC000844,T1,test,AD001088,3,1,0.0,1
AD001090,AC000845,OUT,train,AD001090,3,1,,1
AD001092,AC000847,T3,train,AD001092,3,1,,1
AD001095,AC000849,T2,train,AD001095,3,1,,1
AD001098,AC000851,T3,train,AD001098,3,1,,1
AD001119,AC000866,T3,train,AD001119,3,1,,1
AD001129,AC000875,T2,train,AD001129,3,1,,1
AD001130,AC000876,T1,test,AD001130,3,1,0.0,1
AD001147,AC000888,T3,validation,AD001147,3,1,,1
AD001156,AC000895,T2,train,AD001156,3,1,0.0,1
AD001165,AC000902,T3,train,AD001165,3,1,,1
AD001169,AC000905,OUT,validation,AD001169,3,1,,1
AD001170,AC000906,T3,validation,AD001170,3,1,0.0,1
AD001178,AC000913,T2,train,AD001178,3,1,0.0,1
AD001186,AC000918,T1,train,AD001186,3,1,0.0,1
AD001190,AC000921,T2,train,AD001190,3,1,,1
AD001198,AC000927,T1,train,AD001198,3,1,0.0,1
AD001199,AC000928,T1,test,AD001199,3,1,,1
AD001200,AC000929,T1,train,AD001200,3,1,0.0,1
AD001201,AC000929,T1,train,AD001201,3,2,22.42699266508995,1
AD001355,AC001049,T1,train,AD001201,3,2,22.42699266508995,1
AD001206,AC000933,T3,train,AD001206,3,1,,1
AD001216,AC000939,T3,train,AD001216,3,1,,1
AD001222,AC000943,T3,test,AD001222,3,1,,1
AD001229,AC000949,OUT,train,AD001229,3,1,,1
AD001231,AC000951,T1,test,AD001231,3,1,,1
AD001256,AC000971,T1,train,AD001256,3,1,0.0,1
AD001260,AC000974,T2,validation,AD001260,3,1,,1
AD001262,AC000976,T3,train,AD001262,3,6,52.92352973867098,3
AD001343,AC001040,T3,train,AD001262,3,6,52.92352973867098,3
AD001766,AC001364,T3,train,AD001262,3,6,52.92352973867098,3
AD001805,AC001398,T2,validation,AD001262,3,6,52.92352973867098,3
AD002009,AC001558,T3,train,AD001262,3,6,52.92352973867098,3
AD002651,AC002053,T3,test,AD001262,3,6,52.92352973867098,3
AD001265,AC000978,T3,train,AD001265,3,1,,1
AD001273,AC000984,T1,train,AD001273,3,1,,1
AD001283,AC000994,T3,train,AD001283,3,1,,1
AD001289,AC000998,T3,train,AD001289,3,1,,1
AD001291,AC001000,T3,train,AD001291,3,1,0.0,1
AD001294,AC001002,T1,test,AD001294,3,2,21.54290937743669,2
AD001433,AC001103,T1,train,AD001294,3,2,21.54290937743669,2
AD001297,AC001004,T2,test,AD001297,3,1,,1
AD001299,AC001005,T1,train,AD001299,3,1,,1
AD001301,AC001007,T2,train,AD001301,3,1,,1
AD001303,AC001009,T2,train,AD001303,3,1,,1
AD001312,AC001016,T1,validation,AD001312,3,1,,1
AD001313,AC001016,OUT,validation,AD001313,3,1,,1
AD001316,AC001018,T1,validation,AD001316,3,1,,1
AD001325,AC001026,T2,train,AD001325,3,1,,1
AD001327,AC001027,T2,test,AD001327,3,1,,1
AD001330,AC001029,T3,test,AD001330,3,1,,1
AD001331,AC001030,T3,test,AD001331,3,1,0.0,1
AD001333,AC001031,T3,train,AD001333,3,1,,1
AD001361,AC001053,T1,train,AD001361,3,1,,1
AD001377,AC001066,T3,train,AD001377,3,1,,1
AD001379,AC001067,OUT,validation,AD001379,3,1,,1
AD001381,AC001068,T2,test,AD001381,3,1,,1
AD001382,AC001069,T3,validation,AD001382,3,1,0.0,1
AD001384,AC001071,T3,train,AD001384,3,1,,1
AD001394,AC001078,T3,train,AD001394,3,1,,1
AD001404,AC001083,T2,train,AD001404,3,1,,1
AD001405,AC001084,T3,train,AD001405,3,1,,1
AD001415,AC001090,T1,train,AD001415,3,1,,1
AD001416,AC001091,T1,test,AD001416,3,1,0.0,1
AD001429,AC001099,OUT,train,AD001429,3,1,,1
AD001435,AC001104,T3,train,AD001435,3,1,,1
AD001439,AC001108,T3,validation,AD001439,3,1,,1
AD001450,AC001117,T2,test,AD001450,3,1,,1
AD001454,AC001120,T1,train,AD001454,3,1,,1
AD001460,AC001124,T3,train,AD001460,3,1,,1
AD001462,AC001126,T1,validation,AD001462,3,1,0.0,1
AD001466,AC001129,T3,train,AD001466,3,1,0.0,1
AD001470,AC001132,T3,train,AD001470,3,1,,1
AD001472,AC001134,T3,train,AD001472,3,1,0.0,1
AD001483,AC001143,T3,train,AD001483,3,1,,1
AD001488,AC001146,T2,train,AD001488,3,1,0.0,1
AD001494,AC001150,T2,train,AD001494,3,1,0.0,1
AD001496,AC001152,T1,validation,AD001496,3,1,,1
AD001502,AC001157,T3,train,AD001502,3,1,,1
AD001503,AC001158,T2,train,AD001503,3,1,,1
AD001504,AC001159,T2,train,AD001504,3,1,,1
AD001508,AC001162,T1,train,AD001508,3,1,,1
AD001511,AC001165,T2,train,AD001511,3,1,,1
AD001512,AC001166,T3,test,AD001512,3,1,,1
AD001518,AC001170,OUT,train,AD001518,3,1,,1
AD001520,AC001172,T3,train,AD001520,3,2,13.530253327341708,2
AD002932,AC002278,T3,test,AD001520,3,2,13.530253327341708,2
AD001523,AC001174,T2,train,AD001523,3,1,0.0,1
AD001539,AC001184,T1,train,AD001539,3,1,0.0,1
AD001545,AC001189,T3,validation,AD001545,3,1,,1
AD001550,AC001192,OUT,validation,AD001550,3,1,,1
AD001559,AC001200,T2,train,AD001559,3,1,,1
AD001560,AC001201,T3,train,AD001560,3,1,,1
AD001566,AC001205,T2,train,AD001566,3,1,,1
AD001579,AC001217,T1,validation,AD001579,3,1,,1
AD001583,AC001220,T3,train,AD001583,3,1,,1
AD001587,AC001224,T3,train,AD001587,3,1,0.0,1
AD001608,AC001241,T2,train,AD001608,3,1,,1
AD001613,AC001245,T2,test,AD001613,3,1,,1
AD001617,AC001248,T1,train,AD001617,3,1,,1
AD001618,AC001249,T3,train,AD001618,3,1,0.0,1
AD001620,AC001251,T3,train,AD001620,3,1,0.0,1
AD001624,AC001254,T1,validation,AD001624,3,1,,1
AD001626,AC001255,T1,validation,AD001626,3,1,,1
AD001629,AC001258,T1,train,AD001629,3,1,,1
AD001631,AC001259,T2,validation,AD001631,3,1,,1
AD001632,AC001259,OUT,validation,AD001632,3,1,,1
AD001635,AC001262,T3,train,AD001635,3,1,,1
AD001637,AC001263,T2,train,AD001637,3,1,,1
AD001639,AC001265,T1,train,AD001639,3,1,,1
AD001640,AC001266,T3,train,AD001640,3,1,,1
AD001647,AC001272,T2,train,AD001647,3,1,0.0,1
AD001653,AC001276,T1,validation,AD001653,3,1,0.0,1
AD001654,AC001277,T2,train,AD001654,3,1,,1
AD001655,AC001278,T1,test,AD001655,3,1,,1
AD001657,AC001279,T2,train,AD001657,3,1,,1
AD001659,AC001280,T3,train,AD001659,3,1,,1
AD001666,AC001284,T3,train,AD001666,3,1,,1
AD001668,AC001285,OUT,train,AD001668,3,1,,1
AD001678,AC001291,T2,test,AD001678,3,1,,1
AD001680,AC001293,T2,validation,AD001680,3,1,0.0,1
AD001705,AC001313,T3,train,AD001705,3,1,,1
AD001708,AC001315,OUT,validation,AD001708,3,1,,1
AD001716,AC001322,T2,train,AD001716,3,1,,1
AD001740,AC001342,T1,validation,AD001740,3,1,,1
AD001751,AC001352,T3,train,AD001751,3,1,,1
AD001757,AC001357,T1,validation,AD001757,3,1,,1
AD001761,AC001360,T2,train,AD001761,3,1,0.0,1
AD001765,AC001363,T2,train,AD001765,3,1,0.0,1
AD001772,AC001370,T1,train,AD001772,3,1,,1
AD001776,AC001373,T3,validation,AD001776,3,1,,1
AD001779,AC001376,T3,train,AD001779,3,1,0.0,1
AD001781,AC001377,T3,train,AD001781,3,1,,1
AD001788,AC001383,T1,train,AD001788,3,1,0.0,1
AD001792,AC001387,T3,train,AD001792,3,1,0.0,1
AD001796,AC001389,OUT,train,AD001796,3,1,,1
AD001804,AC001397,T1,train,AD001804,3,1,,1
AD001816,AC001407,T1,train,AD001816,3,1,,1
AD001821,AC001411,T1,train,AD001821,3,1,0.0,1
AD001831,AC001419,T1,validation,AD001831,3,1,,1
AD001834,AC001422,T1,train,AD001834,3,1,,1
AD001840,AC001427,T3,train,AD001840,3,1,,1
AD001841,AC001427,T3,train,AD001841,3,1,,1
AD001843,AC001428,OUT,test,AD001843,3,1,,1
AD001852,AC001435,T2,train,AD001852,3,1,,1
AD001858,AC001440,T2,train,AD001858,3,1,,1
AD001859,AC001441,T3,train,AD001859,3,1,,1
AD001861,AC001442,T3,train,AD001861,3,1,,1
AD001870,AC001449,T1,test,AD001870,3,1,,1
AD001874,AC001452,T2,train,AD001874,3,1,,1
AD001878,AC001455,T1,train,AD001878,3,1,,1
AD001879,AC001456,T1,train,AD001879,3,1,0.0,1
AD001890,AC001465,T3,train,AD001890,3,1,,1
AD001899,AC001472,T1,train,AD001899,3,1,,1
AD001900,AC001473,T1,train,AD001900,3,1,,1
AD001903,AC001475,T1,test,AD001903,3,1,,1
AD001907,AC001479,T2,test,AD001907,3,1,,1
AD001920,AC001488,T3,train,AD001920,3,2,29.246057644665566,2
AD002096,AC001625,T3,validation,AD001920,3,2,29.246057644665566,2
AD001923,AC001491,T2,train,AD001923,3,1,0.0,1
AD001926,AC001492,T3,train,AD001926,3,1,,1
AD001929,AC001494,T2,validation,AD001929,3,1,0.0,1
AD001931,AC001496,T2,validation,AD001931,3,1,,1
AD001936,AC001499,OUT,validation,AD001936,3,1,,1
AD001937,AC001500,T2,test,AD001937,3,2,25.928085640864502,2
AD003098,AC001529,T2,train,AD001937,3,2,25.928085640864502,2
AD001944,AC001506,T2,train,AD001944,3,1,0.0,1
AD001952,AC001514,T2,train,AD001952,3,1,,1
AD001954,AC001516,T2,validation,AD001954,3,1,0.0,1
AD001956,AC001517,T3,train,AD001956,3,1,,1
AD001959,AC001520,T1,train,AD001959,3,1,,1
AD001963,AC001524,T2,validation,AD001963,3,1,0.0,1
AD001971,AC001531,T2,train,AD001971,3,1,0.0,1
AD001978,AC001537,T1,train,AD001978,3,1,,1
AD001983,AC001540,T3,train,AD001983,3,1,,1
AD001988,AC001543,T3,train,AD001988,3,1,,1
AD001989,AC001543,T3,train,AD001989,3,1,,1
AD002000,AC001552,T3,train,AD002000,3,1,,1
AD002002,AC001553,T2,train,AD002002,3,1,,1
AD002006,AC001555,OUT,train,AD002006,3,1,,1
AD002018,AC001563,T2,train,AD002018,3,1,,1
AD002031,AC001575,T3,test,AD002031,3,1,,1
AD002032,AC001575,OUT,test,AD002032,3,1,,1
AD002034,AC001577,T2,train,AD002034,3,1,0.0,1
AD002044,AC001586,T3,train,AD002044,3,1,0.0,1
AD002047,AC001589,T3,test,AD002047,3,1,,1
AD002056,AC001595,T2,test,AD002056,3,1,,1
AD002066,AC001604,T2,train,AD002066,3,1,,1
AD002075,AC001611,T2,train,AD002075,3,1,,1
AD002087,AC001617,T3,train,AD002087,3,1,,1
AD002091,AC001621,T2,test,AD002091,3,1,0.0,1
AD002093,AC001622,OUT,train,AD002093,3,1,,1
AD002094,AC001623,T3,train,AD002094,3,1,,1
AD002100,AC001628,T3,train,AD002100,3,1,,1
AD002101,AC001628,T3,train,AD002101,3,1,,1
AD002102,AC001629,T3,train,AD002102,3,1,0.0,1
AD002106,AC001632,T2,test,AD002106,3,1,,1
AD002110,AC001635,T1,train,AD002110,3,1,0.0,1
AD002112,AC001637,T2,test,AD002112,3,1,0.0,1
AD002115,AC001639,T3,test,AD002115,3,1,,1
AD002116,AC001640,T1,train,AD002116,3,1,,1
AD002119,AC001643,T2,test,AD002119,3,1,,1
AD002123,AC001646,T2,test,AD002123,3,1,0.0,1
AD002124,AC001647,T1,test,AD002124,3,1,0.0,1
AD002127,AC001648,T2,validation,AD002127,3,1,,1
AD002129,AC001649,T1,train,AD002129,3,1,,1
AD002138,AC001656,T3,validation,AD002138,3,1,0.0,1
AD002143,AC001659,T3,train,AD002143,3,1,0.0,1
AD002145,AC001660,T3,validation,AD002145,3,1,,1
AD002147,AC001661,T1,train,AD002147,3,1,,1
AD002148,AC001662,T1,train,AD002148,3,1,,1
AD002150,AC001664,T3,validation,AD002150,3,1,0.0,1
AD002151,AC001665,T1,test,AD002151,3,1,0.0,1
AD002160,AC001671,T2,test,AD002160,3,1,,1
AD002163,AC001674,T2,train,AD002163,3,1,,1
AD002167,AC001677,T2,train,AD002167,3,1,,1
AD002168,AC001677,OUT,train,AD002168,3,1,,1
AD002169,AC001678,T1,train,AD002169,3,1,,1
AD002170,AC001678,T1,train,AD002170,3,1,,1
AD002174,AC001681,T3,train,AD002174,3,1,,1
AD002181,AC001686,T3,train,AD002181,3,1,0.0,1
AD002182,AC001687,T1,train,AD002182,3,1,,1
AD002196,AC001699,T1,train,AD002196,3,1,0.0,1
AD002197,AC001700,T2,validation,AD002197,3,1,0.0,1
AD002205,AC001704,T3,train,AD002205,3,1,,1
AD002220,AC001717,T2,train,AD002220,3,1,0.0,1
AD002227,AC001722,T3,validation,AD002227,3,1,,1
AD002228,AC001723,T3,test,AD002228,3,1,,1
AD002230,AC001725,T3,train,AD002230,3,1,0.0,1
AD002232,AC001726,T1,train,AD002232,3,1,,1
AD002236,AC001730,T2,train,AD002236,3,1,,1
AD002238,AC001732,T1,train,AD002238,3,1,,1
AD002241,AC001734,T1,test,AD002241,3,1,,1
AD002251,AC001743,T3,train,AD002251,3,1,0.0,1
AD002253,AC001745,T3,train,AD002253,3,1,0.0,1
AD002260,AC001751,T1,test,AD002260,3,1,,1
AD002262,AC001753,T2,validation,AD002262,3,1,0.0,1
AD002267,AC001757,T2,train,AD002267,3,1,,1
AD002269,AC001758,T1,train,AD002269,3,1,,1
AD002276,AC001763,T1,test,AD002276,3,1,,1
AD002281,AC001766,T1,train,AD002281,3,1,0.0,1
AD002285,AC001768,OUT,validation,AD002285,3,1,,1
AD002287,AC001770,T2,train,AD002287,3,1,0.0,1
AD002299,AC001780,T2,train,AD002299,3,1,0.0,1
AD002301,AC001782,T2,train,AD002301,3,1,,1
AD002302,AC001783,T2,train,AD002302,3,1,,1
AD002305,AC001786,T1,test,AD002305,3,1,0.0,1
AD002316,AC001795,T1,train,AD002316,3,1,,1
AD002329,AC001804,OUT,train,AD002329,3,1,,1
AD002335,AC001809,T3,validation,AD002335,3,1,,1
AD002342,AC001814,T2,train,AD002342,3,1,,1
AD002344,AC001816,T2,train,AD002344,3,1,,1
AD002345,AC001817,T2,train,AD002345,3,1,,1
AD002353,AC001823,T1,train,AD002353,3,1,0.0,1
AD002356,AC001825,T1,train,AD002356,3,1,,1
AD002365,AC001833,T3,train,AD002365,3,1,,1
AD002369,AC001836,T2,train,AD002369,3,1,,1
AD002370,AC001837,T3,validation,AD002370,3,1,,1
AD002373,AC001840,T2,validation,AD002373,3,1,,1
AD002382,AC001848,T2,train,AD002382,3,1,,1
AD002383,AC001849,T3,train,AD002383,3,1,,1
AD002387,AC001852,T2,train,AD002387,3,1,,1
AD002390,AC001853,OUT,train,AD002390,3,1,,1
AD002396,AC001858,T2,test,AD002396,3,1,,1
AD002397,AC001859,T3,train,AD002397,3,1,,1
AD002408,AC001868,T1,validation,AD002408,3,1,,1
AD002410,AC001869,T3,train,AD002410,3,1,,1
AD002423,AC001878,T3,train,AD002423,3,1,0.0,1
AD002424,AC001879,T3,test,AD002424,3,1,0.0,1
AD002427,AC001881,T3,test,AD002427,3,1,,1
AD002428,AC001882,T2,train,AD002428,3,1,,1
AD002434,AC001886,T1,train,AD002434,3,1,,1
AD002436,AC001887,T2,train,AD002436,3,1,,1
AD002437,AC001887,T2,train,AD002437,3,1,,1
AD002438,AC001888,T1,validation,AD002438,3,1,,1
AD002441,AC001890,T2,train,AD002441,3,1,0.0,1
AD002442,AC001891,T1,train,AD002442,3,1,,1
AD002443,AC001891,OUT,train,AD002443,3,1,,1
AD002447,AC001894,T3,test,AD002447,3,1,,1
AD002453,AC001897,T2,train,AD002453,3,1,0.0,1
AD002458,AC001901,T2,test,AD002458,3,1,0.0,1
AD002471,AC001912,T3,validation,AD002471,3,1,,1
AD002486,AC001924,T3,train,AD002486,3,1,,1
AD002488,AC001925,T2,validation,AD002488,3,1,0.0,1
AD002495,AC001931,T1,train,AD002495,3,1,,1
AD002500,AC001934,T3,train,AD002500,3,1,,1
AD002501,AC001935,T2,test,AD002501,3,1,0.0,1
AD002507,AC001939,OUT,validation,AD002507,3,1,,1
AD002509,AC001941,T3,test,AD002509,3,1,0.0,1
AD002512,AC001943,T3,validation,AD002512,3,1,,1
AD002516,AC001946,T2,train,AD002516,3,1,,1
AD002523,AC001951,T3,train,AD002523,3,1,,1
AD002534,AC001960,T2,train,AD002534,3,1,,1
AD002536,AC001962,T1,validation,AD002536,3,1,,1
AD002544,AC001969,T1,test,AD002544,3,1,0.0,1
AD002549,AC001972,T3,train,AD002549,3,1,,1
AD002558,AC001980,T1,train,AD002558,3,1,,1
AD002560,AC001981,T2,train,AD002560,3,1,0.0,1
AD002561,AC001982,T2,train,AD002561,3,1,,1
AD002564,AC001985,T3,train,AD002564,3,1,0.0,1
AD002566,AC001987,T3,train,AD002566,3,1,0.0,1
AD002577,AC001998,T3,validation,AD002577,3,1,,1
AD002579,AC001999,T1,train,AD002579,3,1,0.0,1
AD002587,AC002004,T3,test,AD002587,3,1,,1
AD002588,AC002005,T2,validation,AD002588,3,1,,1
AD002590,AC002006,T3,train,AD002590,3,1,,1
AD002602,AC002015,T2,train,AD002602,3,1,,1
AD002604,AC002016,OUT,train,AD002604,3,1,,1
AD002617,AC002027,T3,train,AD002617,3,1,0.0,1
AD002618,AC002028,T2,train,AD002618,3,1,0.0,1
AD002632,AC002040,T3,train,AD002632,3,1,0.0,1
AD002648,AC002051,T3,validation,AD002648,3,1,,1
AD002652,AC002053,T3,test,AD002652,3,1,0.0,1
AD002657,AC002058,T2,train,AD002657,3,1,,1
AD002660,AC002061,T1,train,AD002660,3,1,,1
AD002663,AC002064,T2,train,AD002663,3,1,0.0,1
AD002665,AC002065,T2,train,AD002665,3,1,,1
AD002667,AC002067,T3,train,AD002667,3,1,0.0,1
AD002668,AC002068,T1,train,AD002668,3,1,,1
AD002677,AC002075,OUT,train,AD002677,3,1,,1
AD002687,AC002083,T1,train,AD002687,3,1,0.0,1
AD002698,AC002091,T1,train,AD002698,3,1,,1
AD002702,AC002094,T2,validation,AD002702,3,1,0.0,1
AD002704,AC002096,T2,train,AD002704,3,1,,1
AD002720,AC002109,T3,train,AD002720,3,1,,1
AD002728,AC002116,T2,train,AD002728,3,1,0.0,1
AD002733,AC002120,T2,train,AD002733,3,1,,1
AD002735,AC002121,T3,train,AD002735,3,1,0.0,1
AD002740,AC002126,T1,train,AD002740,3,1,,1
AD002749,AC002131,T2,validation,AD002749,3,1,,1
AD002755,AC002135,T3,train,AD002755,3,1,,1
AD002768,AC002145,T3,train,AD002768,3,1,,1
AD002774,AC002150,T1,train,AD002774,3,1,,1
AD002780,AC002154,OUT,train,AD002780,3,1,,1
AD002785,AC002159,T3,train,AD002785,3,1,,1
AD002786,AC002159,T3,train,AD002786,3,1,,1
AD002793,AC002164,T1,train,AD002793,3,1,0.0,1
AD002801,AC002171,T1,train,AD002801,3,1,,1
AD002817,AC002181,T3,train,AD002817,3,1,,1
AD002820,AC002184,T2,train,AD002820,3,1,0.0,1
AD002824,AC002187,T2,train,AD002824,3,1,,1
AD002827,AC002190,T1,train,AD002827,3,1,,1
AD002835,AC002197,T1,train,AD002835,3,1,,1
AD002850,AC002208,T1,validation,AD002850,3,1,,1
AD002859,AC002217,T2,train,AD002859,3,1,,1
AD002860,AC002218,T3,train,AD002860,3,1,,1
AD002882,AC002238,T1,train,AD002882,3,1,0.0,1
AD002884,AC002240,T3,test,AD002884,3,1,,1
AD002885,AC002240,OUT,test,AD002885,3,1,,1
AD002888,AC002242,T2,test,AD002888,3,1,,1
AD002891,AC002244,T3,train,AD002891,3,1,0.0,1
AD002896,AC002248,T3,train,AD002896,3,1,0.0,1
AD002903,AC002254,T3,train,AD002903,3,1,,1
AD002907,AC002257,T2,validation,AD002907,3,1,,1
AD002925,AC002272,T1,train,AD002925,3,1,0.0,1
AD002929,AC002275,T1,train,AD002929,3,1,,1
AD002935,AC002281,T3,train,AD002935,3,1,,1
AD002937,AC002282,OUT,train,AD002937,3,1,,1
AD002948,AC002290,T2,train,AD002948,3,1,,1
AD002952,AC002292,T1,train,AD002952,3,1,,1
AD002954,AC002294,T1,train,AD002954,3,1,,1
AD002958,AC002296,T2,train,AD002958,3,1,,1
AD002974,AC002309,T2,train,AD002974,3,1,,1
AD002975,AC002310,T2,train,AD002975,3,1,,1
AD002978,AC002313,T1,train,AD002978,3,1,,1
AD002998,AC002331,OUT,train,AD002998,3,1,,1
AD003006,AC002337,T1,train,AD003006,3,1,,1
AD003007,AC002338,T2,train,AD003007,3,1,0.0,1
AD003016,AC002344,T1,test,AD003016,3,1,0.0,1
AD003024,AC002349,T2,train,AD003024,3,1,,1
AD003030,AC002354,T1,train,AD003030,3,1,0.0,1
AD003031,AC002354,T1,train,AD003031,3,1,,1
AD003032,AC002355,T2,validation,AD003032,3,1,,1
AD003034,AC002356,T3,train,AD003034,3,1,,1
AD003041,AC002362,T1,test,AD003041,3,1,0.0,1
AD003043,AC002363,T1,train,AD003043,3,1,,1
AD003045,AC002365,T2,train,AD003045,3,1,,1
AD003050,AC002369,T2,train,AD003050,3,1,0.0,1
AD003051,AC002370,T1,train,AD003051,3,1,,1
AD003058,AC002376,T2,train,AD003058,3,1,,1
AD003061,AC002378,OUT,train,AD003061,3,1,,1
AD003066,AC002381,T2,train,AD003066,3,1,0.0,1
AD003067,AC002382,T2,validation,AD003067,3,1,0.0,1
AD003068,AC002382,T2,validation,AD003068,3,1,,1
AD003081,AC002392,T2,train,AD003081,3,1,,1
AD003095,AC002341,OUT,validation,AD003095,3,1,,1
AD003096,AC001013,T1,train,AD003096,3,1,,1
AD003104,AC001882,T2,train,AD003104,3,1,,1
AD003107,AC001202,T1,test,AD003107,3,1,,1
AD003109,AC000775,OUT,train,AD003109,3,1,,1
AD000004,AC000003,T2,train,AD000004,4,1,,1
AD000013,AC000010,T2,train,AD000013,4,1,,1
AD000023,AC000020,T3,test,AD000023,4,1,0.0,1
AD000034,AC000029,T1,train,AD000034,4,1,,1
AD000035,AC000030,T3,validation,AD000035,4,1,,1
AD000052,AC000042,T1,test,AD000052,4,1,,1
AD000055,AC000044,T3,train,AD000055,4,1,,1
AD000057,AC000045,T3,validation,AD000057,4,1,,1
AD000061,AC000049,T2,test,AD000061,4,1,,1
AD000062,AC000050,T1,test,AD000062,4,1,0.0,1
AD000066,AC000053,T1,validation,AD000066,4,1,0.0,1
AD000070,AC000056,OUT,train,AD000070,4,1,,1
AD000071,AC000057,T3,train,AD000071,4,1,,1
AD000079,AC000064,T3,test,AD000079,4,1,0.0,1
AD000081,AC000065,T3,train,AD000081,4,1,0.0,1
AD000093,AC000073,T3,validation,AD000093,4,1,,1
AD000100,AC000079,T1,train,AD000100,4,1,,1
AD000113,AC000090,T3,train,AD000113,4,1,,1
AD000115,AC000092,T3,train,AD000115,4,1,,1
AD000120,AC000096,T3,train,AD000120,4,1,,1
AD000121,AC000096,T3,train,AD000121,4,1,,1
AD000128,AC000102,T1,train,AD000128,4,1,,1
AD000137,AC000109,T3,train,AD000137,4,1,0.0,1
AD000138,AC000110,T1,train,AD000138,4,2,14.51166771945948,1
AD002393,AC001856,T1,train,AD000138,4,2,14.51166771945948,1
AD000139,AC000111,T2,train,AD000139,4,1,,1
AD000143,AC000113,OUT,train,AD000143,4,1,,1
AD000156,AC000124,T1,train,AD000156,4,1,,1
AD000163,AC000130,T2,train,AD000163,4,1,,1
AD000171,AC000136,T1,train,AD000171,4,1,,1
AD000172,AC000137,T1,train,AD000172,4,1,0.0,1
AD000175,AC000139,T2,validation,AD000175,4,1,0.0,1
AD000179,AC000143,T1,train,AD000179,4,1,,1
AD000181,AC000145,T2,test,AD000181,4,1,0.0,1
AD000188,AC000150,T3,train,AD000188,4,1,,1
AD000192,AC000153,T2,train,AD000192,4,1,0.0,1
AD000200,AC000161,T1,train,AD000200,4,1,0.0,1
AD000205,AC000165,T3,train,AD000205,4,1,,1
AD000206,AC000166,T1,validation,AD000206,4,1,,1
AD000210,AC000169,T3,test,AD000210,4,1,,1
AD000213,AC000171,T1,train,AD000213,4,1,,1
AD000222,AC000178,T2,train,AD000222,4,1,,1
AD000225,AC000181,T1,validation,AD000225,4,1,,1
AD000229,AC000184,T1,validation,AD000229,4,1,,1
AD000230,AC000185,T3,validation,AD000230,4,1,,1
AD000234,AC000187,T3,train,AD000234,4,1,,1
AD000241,AC000193,T2,validation,AD000241,4,1,,1
AD000244,AC000194,T3,train,AD000244,4,1,,1
AD000246,AC000195,T1,train,AD000246,4,1,,1
AD000254,AC000202,T1,validation,AD000254,4,1,,1
AD000262,AC000208,OUT,train,AD000262,4,1,,1
AD000267,AC000212,T2,validation,AD000267,4,1,0.0,1
AD000269,AC000214,T1,validation,AD000269,4,1,,1
AD000272,AC000216,T3,train,AD000272,4,1,,1
AD000279,AC000221,T3,train,AD000279,4,1,0.0,1
AD000284,AC000224,T2,train,AD000284,4,1,,1
AD000287,AC000227,T1,test,AD000287,4,1,0.0,1
AD000290,AC000229,T2,train,AD000290,4,1,,1
AD000291,AC000230,T3,validation,AD000291,4,6,55.124041941788064,3
AD000570,AC000443,T3,train,AD000291,4,6,55.124041941788064,3
AD001582,AC001219,T3,train,AD000291,4,6,55.124041941788064,3
AD002311,AC001792,T3,test,AD000291,4,6,55.124041941788064,3
AD002546,AC001970,T3,validation,AD000291,4,6,55.124041941788064,3
AD002889,AC002243,T3,test,AD000291,4,6,55.124041941788064,3
AD000292,AC000231,T1,test,AD000292,4,1,,1
AD000293,AC000232,T1,train,AD000293,4,1,,1
AD000294,AC000233,T2,train,AD000294,4,1,,1
AD000301,AC000238,T2,train,AD000301,4,1,,1
AD000305,AC000242,T3,validation,AD000305,4,1,,1
AD000306,AC000243,T3,train,AD000306,4,1,,1
AD000314,AC000250,T1,validation,AD000314,4,1,,1
AD000324,AC000257,T3,train,AD000324,4,3,43.87625354334611,2
AD000774,AC000600,T3,validation,AD000324,4,3,43.87625354334611,2
AD002989,AC002323,T3,train,AD000324,4,3,43.87625354334611,2
AD000333,AC000263,T2,train,AD000333,4,1,,1
AD000334,AC000264,T1,train,AD000334,4,1,,1
AD000335,AC000265,T3,train,AD000335,4,1,,1
AD000336,AC000266,T2,train,AD000336,4,2,27.755449915286906,1
AD002059,AC001597,T2,train,AD000336,4,2,27.755449915286906,1
AD000340,AC000269,T1,train,AD000340,4,1,,1
AD000348,AC000277,T3,train,AD000348,4,1,,1
AD000349,AC000278,T2,train,AD000349,4,1,,1
AD000354,AC000281,T3,train,AD000354,4,1,0.0,1
AD000355,AC000282,T2,train,AD000355,4,2,21.98548612153,1
AD000739,AC000573,T1,train,AD000355,4,2,21.98548612153,1
AD000357,AC000284,T3,train,AD000357,4,1,,1
AD000370,AC000294,T1,validation,AD000370,4,1,,1
AD000373,AC000296,OUT,train,AD000373,4,1,,1
AD000376,AC000298,T2,train,AD000376,4,1,,1
AD000384,AC000306,T1,train,AD000384,4,1,,1
AD000386,AC000308,T2,train,AD000386,4,2,10.651616987314515,1
AD002541,AC001966,T2,train,AD000386,4,2,10.651616987314515,1
AD000400,AC000318,T2,train,AD000400,4,1,,1
AD000404,AC000321,T2,train,AD000404,4,1,0.0,1
AD000405,AC000322,T2,test,AD000405,4,1,,1
AD000410,AC000325,T3,train,AD000410,4,1,,1
AD000414,AC000328,T3,train,AD000414,4,1,,1
AD000417,AC000330,T3,train,AD000417,4,1,,1
AD000426,AC000337,T3,train,AD000426,4,1,0.0,1
AD000432,AC000340,T2,train,AD000432,4,1,,1
AD000433,AC000341,T3,train,AD000433,4,1,0.0,1
AD000440,AC000347,T1,train,AD000440,4,1,,1
AD000444,AC000349,T2,train,AD000444,4,1,,1
AD000450,AC000355,T2,train,AD000450,4,1,,1
AD000454,AC000358,OUT,train,AD000454,4,1,,1
AD000455,AC000359,T2,validation,AD000455,4,1,,1
AD000456,AC000360,T2,train,AD000456,4,1,,1
AD000469,AC000371,T1,train,AD000469,4,1,0.0,1
AD000473,AC000374,T2,train,AD000473,4,3,26.733380091396967,2
AD001380,AC001068,T2,test,AD000473,4,3,26.733380091396967,2
AD001962,AC001523,T2,train,AD000473,4,3,26.733380091396967,2
AD000487,AC000383,T2,train,AD000487,4,1,,1
AD000490,AC000385,OUT,validation,AD000490,4,1,,1
AD000497,AC000389,T1,train,AD000497,4,1,0.0,1
AD000498,AC000390,T2,train,AD000498,4,1,,1
AD000503,AC000394,T2,train,AD000503,4,1,,1
AD000506,AC000397,T2,train,AD000506,4,1,,1
AD000510,AC000400,T3,train,AD000510,4,1,,1
AD000512,AC000401,T3,test,AD000512,4,1,,1
AD000517,AC000404,T1,train,AD000517,4,1,0.0,1
AD000520,AC000405,OUT,test,AD000520,4,1,,1
AD000523,AC000407,T2,test,AD000523,4,1,,1
AD000527,AC000411,T2,test,AD000527,4,1,,1
AD000541,AC000420,T1,train,AD000541,4,1,0.0,1
AD000544,AC000423,T1,train,AD000544,4,1,,1
AD000549,AC000426,T2,train,AD000549,4,1,,1
AD000561,AC000436,T1,validation,AD000561,4,1,,1
AD000563,AC000437,T1,test,AD000563,4,1,,1
AD000566,AC000439,T2,train,AD000566,4,1,,1
AD000567,AC000440,T3,train,AD000567,4,1,,1
AD000568,AC000441,T1,validation,AD000568,4,1,,1
AD000572,AC000444,T3,train,AD000572,4,1,,1
AD000574,AC000446,T3,train,AD000574,4,1,,1
AD000575,AC000446,T3,train,AD000575,4,1,,1
AD000576,AC000447,T3,train,AD000576,4,1,0.0,1
AD000577,AC000447,T3,train,AD000577,4,1,,1
AD000582,AC000451,OUT,test,AD000582,4,1,,1
AD000584,AC000453,T3,test,AD000584,4,1,,1
AD000586,AC000455,T1,train,AD000586,4,1,0.0,1
AD000605,AC000472,T3,train,AD000605,4,2,15.417522498767399,2
AD000943,AC000731,T3,test,AD000605,4,2,15.417522498767399,2
AD000611,AC000477,T2,validation,AD000611,4,1,,1
AD000612,AC000477,T2,validation,AD000612,4,1,,1
AD000614,AC000479,T3,train,AD000614,4,1,0.0,1
AD000616,AC000480,T3,train,AD000616,4,1,,1
AD000621,AC000483,T2,validation,AD000621,4,1,,1
AD000626,AC000486,T2,train,AD000626,4,1,,1
AD000627,AC000487,T3,train,AD000627,4,1,,1
AD000632,AC000491,T3,train,AD000632,4,1,0.0,1
AD000636,AC000494,T1,train,AD000636,4,1,,1
AD000639,AC000497,T3,train,AD000639,4,1,0.0,1
AD000652,AC000506,T1,train,AD000652,4,1,0.0,1
AD000655,AC000509,T1,train,AD000655,4,1,,1
AD000657,AC000510,T1,train,AD000657,4,1,,1
AD000661,AC000512,OUT,train,AD000661,4,1,,1
AD000662,AC000513,T3,validation,AD000662,4,1,0.0,1
AD000673,AC000522,T2,train,AD000673,4,1,,1
AD000674,AC000523,T2,train,AD000674,4,1,,1
AD000677,AC000524,T2,train,AD000677,4,1,,1
AD000679,AC000526,T3,train,AD000679,4,1,,1
AD000690,AC000535,T1,train,AD000690,4,1,,1
AD000698,AC000540,T2,test,AD000698,4,1,,1
AD000699,AC000541,T1,train,AD000699,4,1,0.0,1
AD000705,AC000547,T3,validation,AD000705,4,1,0.0,1
AD000709,AC000549,T2,train,AD000709,4,1,,1
AD000710,AC000550,T2,test,AD000710,4,1,0.0,1
AD000724,AC000561,OUT,train,AD000724,4,1,,1
AD000731,AC000566,T1,train,AD000731,4,1,,1
AD000740,AC000573,T1,train,AD000740,4,1,,1
AD000744,AC000577,T3,validation,AD000744,4,1,0.0,1
AD000745,AC000578,T2,train,AD000745,4,1,,1
AD000748,AC000580,T1,train,AD000748,4,1,,1
AD000749,AC000581,T3,validation,AD000749,4,1,0.0,1
AD000750,AC000581,T3,validation,AD000750,4,1,,1
AD000753,AC000583,T1,validation,AD000753,4,1,0.0,1
AD000754,AC000584,T2,train,AD000754,4,1,,1
AD000761,AC000590,T1,test,AD000761,4,1,0.0,1
AD000778,AC000603,T1,validation,AD000778,4,1,,1
AD000779,AC000604,T1,train,AD000779,4,1,0.0,1
AD000781,AC000605,T3,train,AD000781,4,2,2.277989488806068,2
AD001812,AC001404,T3,test,AD000781,4,2,2.277989488806068,2
AD000784,AC000607,T3,test,AD000784,4,1,,1
AD000785,AC000608,T1,test,AD000785,4,1,0.0,1
AD000786,AC000608,OUT,test,AD000786,4,1,,1
AD000793,AC000614,T2,train,AD000793,4,1,,1
AD000794,AC000615,T2,train,AD000794,4,1,,1
AD000797,AC000617,T2,validation,AD000797,4,1,,1
AD000812,AC000628,T1,train,AD000812,4,1,0.0,1
AD000813,AC000629,T1,train,AD000813,4,1,,1
AD000814,AC000630,T1,train,AD000814,4,1,,1
AD000817,AC000633,T2,test,AD000817,4,1,0.0,1
AD000818,AC000634,T2,validation,AD000818,4,1,,1
AD000822,AC000637,T1,train,AD000822,4,1,0.0,1
AD000848,AC000658,T3,train,AD000848,4,1,,1
AD000849,AC000658,T3,train,AD000849,4,1,,1
AD000855,AC000662,T2,train,AD000855,4,1,,1
AD000856,AC000663,T3,train,AD000856,4,1,0.0,1
AD000857,AC000664,T2,train,AD000857,4,1,,1
AD000873,AC000678,T1,test,AD000873,4,1,,1
AD000876,AC000681,T3,train,AD000876,4,1,,1
AD000878,AC000683,T1,train,AD000878,4,1,,1
AD000883,AC000687,T2,train,AD000883,4,1,,1
AD000884,AC000688,T2,train,AD000884,4,1,,1
AD000889,AC000691,T1,validation,AD000889,4,1,,1
AD000890,AC000692,T2,train,AD000890,4,1,,1
AD000893,AC000693,OUT,train,AD000893,4,1,,1
AD000926,AC000717,T3,test,AD000926,4,1,,1
AD000933,AC000723,T2,test,AD000933,4,1,,1
AD000935,AC000725,T3,validation,AD000935,4,1,,1
AD000947,AC000734,T2,train,AD000947,4,1,,1
AD000956,AC000741,OUT,train,AD000956,4,1,,1
AD000957,AC000742,T2,validation,AD000957,4,1,0.0,1
AD000969,AC000751,T1,train,AD000969,4,1,0.0,1
AD000972,AC000753,T3,train,AD000972,4,1,,1
AD000979,AC000759,T2,test,AD000979,4,1,,1
AD000987,AC000766,T1,train,AD000987,4,1,0.0,1
AD000988,AC000767,T1,validation,AD000988,4,1,,1
AD000990,AC000768,T2,validation,AD000990,4,1,,1
AD000992,AC000769,T2,train,AD000992,4,1,,1
AD000993,AC000770,T1,train,AD000993,4,1,,1
AD000995,AC000771,T2,validation,AD000995,4,1,,1
AD001011,AC000785,T2,test,AD001011,4,1,,1
AD001014,AC000787,OUT,train,AD001014,4,1,,1
AD001024,AC000795,T3,train,AD001024,4,1,,1
AD001026,AC000797,T2,train,AD001026,4,1,,1
AD001029,AC000799,T2,test,AD001029,4,1,,1
AD001034,AC000803,T1,train,AD001034,4,1,,1
AD001036,AC000805,T3,train,AD001036,4,1,,1
AD001045,AC000812,T1,train,AD001045,4,2,9.554710879979744,1
AD002231,AC001726,T1,train,AD001045,4,2,9.554710879979744,1
AD001050,AC000816,T2,train,AD001050,4,1,,1
AD001053,AC000818,T3,train,AD001053,4,1,0.0,1
AD001061,AC000823,OUT,train,AD001061,4,1,,1
AD001062,AC000824,T3,train,AD001062,4,1,,1
AD001064,AC000826,T3,train,AD001064,4,1,0.0,1
AD001066,AC000828,T3,test,AD001066,4,1,,1
AD001074,AC000834,T1,test,AD001074,4,1,,1
AD001081,AC000839,T2,train,AD001081,4,1,,1
AD001084,AC000841,T2,validation,AD001084,4,1,,1
AD001087,AC000843,T1,train,AD001087,4,1,0.0,1
AD001089,AC000845,T3,train,AD001089,4,1,,1
AD001093,AC000847,OUT,train,AD001093,4,1,,1
AD001094,AC000848,T3,train,AD001094,4,1,0.0,1
AD001099,AC000852,T3,train,AD001099,4,1,,1
AD001105,AC000857,T1,test,AD001105,4,1,0.0,1
AD001110,AC000860,T1,train,AD001110,4,1,,1
AD001115,AC000863,T2,validation,AD001115,4,1,,1
AD001131,AC000877,T2,train,AD001131,4,1,0.0,1
AD001133,AC000878,T2,train,AD001133,4,2,21.91136006732591,1
AD001855,AC001437,T2,train,AD001133,4,2,21.91136006732591,1
AD001135,AC000879,T2,test,AD001135,4,1,0.0,1
AD001138,AC000881,T3,validation,AD001138,4,1,,1
AD001142,AC000883,T3,train,AD001142,4,1,,1
AD001148,AC000889,T1,train,AD001148,4,1,,1
AD001166,AC000903,T1,train,AD001166,4,1,,1
AD001172,AC000908,T1,train,AD001172,4,1,,1
AD001173,AC000908,T1,train,AD001173,4,1,,1
AD001179,AC000913,OUT,train,AD001179,4,1,,1
AD001180,AC000914,T3,validation,AD001180,4,1,,1
AD001181,AC000914,T3,validation,AD001181,4,1,,1
AD001188,AC000920,T3,validation,AD001188,4,1,,1
AD001210,AC000936,T2,train,AD001210,4,1,,1
AD001217,AC000939,T3,train,AD001217,4,1,,1
AD001228,AC000949,T1,train,AD001228,4,1,,1
AD001233,AC000953,T1,test,AD001233,4,7,77.67811789686994,3
AD001770,AC001368,T1,train,AD001233,4,7,77.67811789686994,3
AD002246,AC001738,T1,validation,AD001233,4,7,77.67811789686994,3
AD002307,AC001788,T1,train,AD001233,4,7,77.67811789686994,3
AD002461,AC001903,T1,train,AD001233,4,7,77.67811789686994,3
AD002707,AC002098,T1,train,AD001233,4,7,77.67811789686994,3
AD002709,AC002100,T1,train,AD001233,4,7,77.67811789686994,3
AD001235,AC000954,OUT,train,AD001235,4,1,,1
AD001238,AC000956,T2,train,AD001238,4,1,,1
AD001240,AC000958,T1,train,AD001240,4,1,,1
AD001242,AC000959,T2,train,AD001242,4,1,,1
AD001245,AC000961,T2,train,AD001245,4,1,,1
AD001247,AC000963,T3,test,AD001247,4,1,0.0,1
AD001248,AC000964,T3,train,AD001248,4,1,0.0,1
AD001254,AC000969,T2,train,AD001254,4,1,0.0,1
AD001258,AC000972,T1,test,AD001258,4,1,0.0,1
AD001263,AC000977,T1,train,AD001263,4,1,,1
AD001264,AC000978,T3,train,AD001264,4,1,,1
AD001267,AC000979,T1,train,AD001267,4,1,0.0,1
AD001271,AC000982,T1,train,AD001271,4,1,,1
AD001272,AC000983,T3,train,AD001272,4,1,0.0,1
AD001286,AC000996,T3,train,AD001286,4,1,,1
AD001290,AC000999,T3,train,AD001290,4,1,0.0,1
AD001311,AC001015,T1,train,AD001311,4,1,,1
AD001321,AC001022,T1,train,AD001321,4,1,,1
AD001329,AC001028,T3,test,AD001329,4,1,,1
AD001334,AC001031,OUT,train,AD001334,4,1,,1
AD001338,AC001035,T2,validation,AD001338,4,2,23.02578868235477,2
AD002213,AC001711,T2,train,AD001338,4,2,23.02578868235477,2
AD001342,AC001039,T2,test,AD001342,4,1,,1
AD001348,AC001043,T1,train,AD001348,4,1,,1
AD001376,AC001066,T3,train,AD001376,4,1,,1
AD001387,AC001073,T1,train,AD001387,4,1,,1
AD001388,AC001073,T1,train,AD001388,4,1,,1
AD001389,AC001074,T1,train,AD001389,4,1,0.0,1
AD001395,AC001079,T3,train,AD001395,4,1,,1
AD001398,AC001080,OUT,train,AD001398,4,1,,1
AD001410,AC001087,T2,train,AD001410,4,1,,1
AD001411,AC001088,T1,train,AD001411,4,1,,1
AD001413,AC001089,T1,train,AD001413,4,1,,1
AD001428,AC001099,T1,train,AD001428,4,1,,1
AD001431,AC001101,T1,train,AD001431,4,1,,1
AD001444,AC001112,T1,validation,AD001444,4,1,0.0,1
AD001447,AC001114,T2,validation,AD001447,4,1,0.0,1
AD001452,AC001118,OUT,validation,AD001452,4,1,,1
AD001458,AC001123,T3,validation,AD001458,4,1,0.0,1
AD001461,AC001125,T1,validation,AD001461,4,1,,1
AD001463,AC001127,T3,test,AD001463,4,1,,1
AD001485,AC001144,T1,validation,AD001485,4,1,,1
AD001490,AC001148,T1,train,AD001490,4,1,0.0,1
AD001501,AC001156,T3,train,AD001501,4,1,,1
AD001510,AC001164,T2,test,AD001510,4,1,,1
AD001516,AC001169,T1,train,AD001516,4,1,,1
AD001522,AC001173,OUT,validation,AD001522,4,1,,1
AD001543,AC001188,T2,train,AD001543,4,1,,1
AD001548,AC001191,T1,validation,AD001548,4,1,,1
AD001558,AC001199,T2,validation,AD001558,4,1,,1
AD001561,AC001202,T1,test,AD001561,4,1,,1
AD001562,AC001202,OUT,test,AD001562,4,1,,1
AD001570,AC001209,T1,validation,AD001570,4,1,0.0,1
AD001575,AC001213,T2,train,AD001575,4,1,0.0,1
AD001592,AC001229,T2,train,AD001592,4,1,0.0,1
AD001593,AC001230,T3,train,AD001593,4,1,,1
AD001596,AC001232,T1,test,AD001596,4,1,0.0,1
AD001598,AC001234,T3,test,AD001598,4,1,,1
AD001605,AC001239,T3,train,AD001605,4,1,0.0,1
AD001614,AC001246,T2,test,AD001614,4,1,,1
AD001615,AC001247,T1,test,AD001615,4,1,,1
AD001616,AC001248,T1,train,AD001616,4,1,,1
AD001619,AC001250,T2,validation,AD001619,4,1,0.0,1
AD001622,AC001253,T3,train,AD001622,4,1,0.0,1
AD001625,AC001255,T1,validation,AD001625,4,1,,1
AD001634,AC001261,T1,test,AD001634,4,1,,1
AD001636,AC001262,OUT,train,AD001636,4,1,,1
AD001644,AC001270,T2,train,AD001644,4,1,,1
AD001649,AC001273,T1,train,AD001649,4,1,0.0,1
AD001663,AC001282,T2,validation,AD001663,4,1,,1
AD001665,AC001284,T3,train,AD001665,4,1,,1
AD001667,AC001285,T3,train,AD001667,4,1,,1
AD001670,AC001286,OUT,train,AD001670,4,1,,1
AD001689,AC001299,T2,test,AD001689,4,1,0.0,1
AD001695,AC001305,T1,train,AD001695,4,1,0.0,1
AD001697,AC001307,T2,train,AD001697,4,2,29.300836687921198,2
AD002796,AC002167,T2,test,AD001697,4,2,29.300836687921198,2
AD001698,AC001308,T1,train,AD001698,4,1,,1
AD001699,AC001308,T1,train,AD001699,4,1,,1
AD001711,AC001318,T1,train,AD001711,4,1,,1
AD001712,AC001319,T2,train,AD001712,4,1,,1
AD001715,AC001321,T3,train,AD001715,4,1,0.0,1
AD001717,AC001322,T2,train,AD001717,4,1,,1
AD001718,AC001323,T3,train,AD001718,4,1,,1
AD001720,AC001325,T2,train,AD001720,4,1,0.0,1
AD001726,AC001331,T2,validation,AD001726,4,1,0.0,1
AD001727,AC001332,T1,validation,AD001727,4,1,,1
AD001728,AC001332,OUT,validation,AD001728,4,1,,1
AD001731,AC001335,T2,train,AD001731,4,1,0.0,1
AD001732,AC001336,T1,test,AD001732,4,1,0.0,1
AD001741,AC001343,T2,validation,AD001741,4,1,0.0,1
AD001743,AC001345,T2,train,AD001743,4,1,0.0,1
AD001748,AC001350,T3,train,AD001748,4,1,0.0,1
AD001750,AC001351,T2,train,AD001750,4,1,,1
AD001752,AC001353,T2,train,AD001752,4,1,,1
AD001767,AC001365,T2,train,AD001767,4,2,28.866936103438583,1
AD002264,AC001755,T2,train,AD001767,4,2,28.866936103438583,1
AD001774,AC001371,T3,train,AD001774,4,1,,1
AD001777,AC001374,T2,train,AD001777,4,1,,1
AD001780,AC001377,T3,train,AD001780,4,1,,1
AD001794,AC001388,T2,train,AD001794,4,1,0.0,1
AD001798,AC001391,T3,train,AD001798,4,1,,1
AD001807,AC001399,T2,train,AD001807,4,1,0.0,1
AD001814,AC001405,OUT,train,AD001814,4,1,,1
AD001817,AC001408,T1,train,AD001817,4,1,,1
AD001818,AC001409,T1,train,AD001818,4,1,,1
AD001820,AC001410,T1,train,AD001820,4,1,,1
AD001825,AC001415,T2,train,AD001825,4,1,,1
AD001830,AC001418,T2,validation,AD001830,4,2,14.031624994988984,2
AD002206,AC001705,T2,train,AD001830,4,2,14.031624994988984,2
AD001832,AC001420,T3,train,AD001832,4,1,0.0,1
AD001844,AC001429,T2,train,AD001844,4,1,0.0,1
AD001845,AC001430,T3,test,AD001845,4,1,0.0,1
AD001857,AC001439,T2,validation,AD001857,4,1,0.0,1
AD001864,AC001445,T3,train,AD001864,4,1,0.0,1
AD001866,AC001446,T2,train,AD001866,4,1,,1
AD001867,AC001447,T1,validation,AD001867,4,1,,1
AD001869,AC001448,OUT,train,AD001869,4,1,,1
AD001873,AC001451,T3,train,AD001873,4,1,0.0,1
AD001883,AC001459,T1,train,AD001883,4,1,,1
AD001885,AC001461,T3,train,AD001885,4,1,,1
AD001891,AC001466,T3,train,AD001891,4,1,0.0,1
AD001892,AC001467,T3,test,AD001892,4,1,,1
AD001906,AC001478,T3,test,AD001906,4,1,,1
AD001917,AC001485,T2,validation,AD001917,4,1,,1
AD001918,AC001486,T2,train,AD001918,4,1,,1
AD001924,AC001491,T2,train,AD001924,4,1,,1
AD001948,AC001510,T2,train,AD001948,4,1,,1
AD001953,AC001515,T2,train,AD001953,4,1,,1
AD001955,AC001516,T2,validation,AD001955,4,1,,1
AD001958,AC001519,T3,train,AD001958,4,1,,1
AD001975,AC001534,OUT,test,AD001975,4,1,,1
AD001976,AC001535,T3,train,AD001976,4,1,0.0,1
AD001985,AC001541,T3,validation,AD001985,4,1,,1
AD001993,AC001546,T1,train,AD001993,4,1,0.0,1
AD001994,AC001547,T3,train,AD001994,4,1,,1
AD001999,AC001551,T1,train,AD001999,4,1,,1
AD002003,AC001554,T2,validation,AD002003,4,1,,1
AD002004,AC001554,T2,validation,AD002004,4,1,,1
AD002010,AC001558,OUT,train,AD002010,4,1,,1
AD002015,AC001561,T1,train,AD002015,4,1,0.0,1
AD002024,AC001568,T1,train,AD002024,4,1,,1
AD002028,AC001572,T2,test,AD002028,4,1,,1
AD002030,AC001574,T2,train,AD002030,4,1,,1
AD002033,AC001576,T3,train,AD002033,4,1,,1
AD002041,AC001583,OUT,train,AD002041,4,1,,1
AD002042,AC001584,T3,train,AD002042,4,1,,1
AD002046,AC001588,T1,train,AD002046,4,1,0.0,1
AD002052,AC001593,T2,train,AD002052,4,1,,1
AD002068,AC001606,T3,train,AD002068,4,1,0.0,1
AD002069,AC001607,T3,validation,AD002069,4,1,0.0,1
AD002074,AC001610,T2,train,AD002074,4,1,0.0,1
AD002078,AC001612,T3,test,AD002078,4,1,,1
AD002079,AC001613,T1,validation,AD002079,4,1,,1
AD002080,AC001613,T1,validation,AD002080,4,1,,1
AD002085,AC001616,T3,train,AD002085,4,1,,1
AD002088,AC001618,T1,test,AD002088,4,1,,1
AD002092,AC001622,T3,train,AD002092,4,1,,1
AD002099,AC001627,T3,validation,AD002099,4,1,,1
AD002103,AC001630,T1,test,AD002103,4,1,0.0,1
AD002104,AC001631,T1,train,AD002104,4,1,,1
AD002109,AC001634,OUT,train,AD002109,4,1,,1
AD002111,AC001636,T2,train,AD002111,4,1,0.0,1
AD002114,AC001639,T3,test,AD002114,4,1,,1
AD002136,AC001655,T2,train,AD002136,4,1,,1
AD002142,AC001658,T1,train,AD002142,4,1,0.0,1
AD002155,AC001668,T3,test,AD002155,4,1,,1
AD002158,AC001670,T1,train,AD002158,4,1,,1
AD002161,AC001672,T1,validation,AD002161,4,1,,1
AD002162,AC001673,T2,train,AD002162,4,1,,1
AD002165,AC001675,T3,train,AD002165,4,1,,1
AD002172,AC001680,T2,validation,AD002172,4,1,,1
AD002173,AC001681,T3,train,AD002173,4,1,,1
AD002179,AC001685,T1,train,AD002179,4,1,,1
AD002190,AC001694,T1,test,AD002190,4,1,,1
AD002203,AC001703,OUT,train,AD002203,4,1,,1
AD002204,AC001704,T3,train,AD002204,4,1,,1
AD002215,AC001713,T1,train,AD002215,4,1,,1
AD002223,AC001719,T1,train,AD002223,4,1,,1
AD002229,AC001724,T3,train,AD002229,4,1,,1
AD002240,AC001733,T1,train,AD002240,4,1,,1
AD002243,AC001735,T2,train,AD002243,4,1,,1
AD002249,AC001741,T3,train,AD002249,4,1,,1
AD002261,AC001752,T2,train,AD002261,4,1,,1
AD002266,AC001756,T1,validation,AD002266,4,1,,1
AD002275,AC001762,T2,train,AD002275,4,1,,1
AD002279,AC001765,T1,train,AD002279,4,1,,1
AD002289,AC001772,T1,train,AD002289,4,1,,1
AD002290,AC001772,OUT,train,AD002290,4,1,,1
AD002294,AC001775,T2,validation,AD002294,4,2,25.992137272644648,1
AD002748,AC002131,T2,validation,AD002294,4,2,25.992137272644648,1
AD002295,AC001776,T3,train,AD002295,4,1,,1
AD002296,AC001777,T3,test,AD002296,4,1,,1
AD002297,AC001778,T1,test,AD002297,4,1,,1
AD002298,AC001779,T3,validation,AD002298,4,3,22.40825740659026,3
AD002467,AC001908,T3,test,AD002298,4,3,22.40825740659026,3
AD002791,AC002162,T3,train,AD002298,4,3,22.40825740659026,3
AD002312,AC001793,T2,train,AD002312,4,1,,1
AD002318,AC001797,T2,train,AD002318,4,1,,1
AD002322,AC001800,T2,train,AD002322,4,1,,1
AD002331,AC001805,OUT,validation,AD002331,4,1,,1
AD002337,AC001811,T2,train,AD002337,4,1,,1
AD002340,AC001812,T2,test,AD002340,4,1,,1
AD002351,AC001821,T3,train,AD002351,4,1,,1
AD002354,AC001824,T1,train,AD002354,4,1,,1
AD002363,AC001831,T3,train,AD002363,4,1,,1
AD002368,AC001835,T3,train,AD002368,4,1,,1
AD002372,AC001839,T3,train,AD002372,4,1,,1
AD002405,AC001866,T3,train,AD002405,4,1,,1
AD002406,AC001866,OUT,train,AD002406,4,1,,1
AD002411,AC001869,T3,train,AD002411,4,1,0.0,1
AD002412,AC001870,T3,train,AD002412,4,2,5.506012874828287,1
AD002485,AC001923,T3,train,AD002412,4,2,5.506012874828287,1
AD002413,AC001871,T1,validation,AD002413,4,1,0.0,1
AD002414,AC001872,T1,train,AD002414,4,1,0.0,1
AD002418,AC001874,T1,train,AD002418,4,1,,1
AD002421,AC001876,T2,test,AD002421,4,1,,1
AD002422,AC001877,T3,train,AD002422,4,1,,1
AD002433,AC001885,T2,train,AD002433,4,1,,1
AD002435,AC001886,T1,train,AD002435,4,1,,1
AD002446,AC001893,OUT,train,AD002446,4,1,,1
AD002448,AC001894,T3,test,AD002448,4,1,,1
AD002451,AC001896,T1,test,AD002451,4,1,,1
AD002452,AC001896,T1,test,AD002452,4,1,,1
AD002459,AC001902,T2,test,AD002459,4,1,0.0,1
AD002465,AC001906,T2,train,AD002465,4,1,,1
AD002469,AC001910,T3,train,AD002469,4,1,,1
AD002470,AC001911,T2,train,AD002470,4,1,,1
AD002475,AC001916,T2,train,AD002475,4,1,,1
AD002480,AC001919,T2,validation,AD002480,4,1,,1
AD002481,AC001920,T3,validation,AD002481,4,1,,1
AD002487,AC001925,T2,validation,AD002487,4,1,,1
AD002489,AC001926,T2,train,AD002489,4,1,,1
AD002491,AC001927,T1,validation,AD002491,4,1,,1
AD002492,AC001928,T2,train,AD002492,4,1,0.0,1
AD002493,AC001929,T3,train,AD002493,4,1,,1
AD002496,AC001931,T1,train,AD002496,4,1,,1
AD002517,AC001946,T2,train,AD002517,4,1,,1
AD002527,AC001954,T2,train,AD002527,4,1,,1
AD002528,AC001955,T3,train,AD002528,4,1,,1
AD002538,AC001963,OUT,train,AD002538,4,1,,1
AD002539,AC001964,T1,train,AD002539,4,1,,1
AD002548,AC001971,T1,train,AD002548,4,1,0.0,1
AD002550,AC001973,T2,train,AD002550,4,1,,1
AD002551,AC001974,T3,train,AD002551,4,1,,1
AD002556,AC001978,T1,train,AD002556,4,1,,1
AD002557,AC001979,T3,train,AD002557,4,1,,1
AD002562,AC001983,T3,train,AD002562,4,1,0.0,1
AD002580,AC002000,T2,train,AD002580,4,1,,1
AD002582,AC002001,T3,validation,AD002582,4,1,,1
AD002595,AC002010,T2,train,AD002595,4,1,,1
AD002599,AC002013,T3,train,AD002599,4,1,,1
AD002600,AC002013,T3,train,AD002600,4,1,,1
AD002614,AC002024,T3,validation,AD002614,4,1,,1
AD002616,AC002026,T1,validation,AD002616,4,1,,1
AD002621,AC002031,T1,train,AD002621,4,1,0.0,1
AD002624,AC002034,T1,validation,AD002624,4,1,0.0,1
AD002625,AC002034,OUT,validation,AD002625,4,1,,1
AD002634,AC002041,T2,validation,AD002634,4,1,0.0,1
AD002635,AC002042,T3,train,AD002635,4,1,0.0,1
AD002639,AC002044,T2,train,AD002639,4,1,,1
AD002641,AC002046,T1,train,AD002641,4,1,,1
AD002650,AC002052,T2,train,AD002650,4,1,0.0,1
AD002653,AC002054,T2,train,AD002653,4,1,,1
AD002656,AC002057,T3,train,AD002656,4,1,0.0,1
AD002658,AC002059,T3,validation,AD002658,4,1,,1
AD002659,AC002060,T3,train,AD002659,4,1,,1
AD002669,AC002069,T2,train,AD002669,4,1,0.0,1
AD002670,AC002070,T2,train,AD002670,4,1,,1
AD002679,AC002076,OUT,validation,AD002679,4,1,,1
AD002683,AC002080,T1,validation,AD002683,4,1,,1
AD002684,AC002081,T3,train,AD002684,4,1,,1
AD002685,AC002082,T3,train,AD002685,4,1,0.0,1
AD002688,AC002084,T2,train,AD002688,4,1,,1
AD002700,AC002093,T3,train,AD002700,4,1,,1
AD002708,AC002099,T3,train,AD002708,4,1,0.0,1
AD002713,AC002103,T3,test,AD002713,4,1,,1
AD002739,AC002125,T3,train,AD002739,4,1,,1
AD002757,AC002137,T1,train,AD002757,4,1,,1
AD002760,AC002139,T3,test,AD002760,4,1,,1
AD002764,AC002142,T1,train,AD002764,4,1,0.0,1
AD002770,AC002146,T2,train,AD002770,4,1,,1
AD002773,AC002149,T1,train,AD002773,4,1,,1
AD002775,AC002150,T1,train,AD002775,4,1,,1
AD002776,AC002151,T3,test,AD002776,4,1,,1
AD002778,AC002153,T3,train,AD002778,4,1,,1
AD002783,AC002157,T1,train,AD002783,4,1,,1
AD002784,AC002158,T2,test,AD002784,4,1,,1
AD002787,AC002160,T2,test,AD002787,4,1,,1
AD002790,AC002161,OUT,train,AD002790,4,1,,1
AD002795,AC002166,T1,train,AD002795,4,1,,1
AD002798,AC002168,T2,train,AD002798,4,1,0.0,1
AD002806,AC002174,T1,train,AD002806,4,1,,1
AD002807,AC002174,T1,train,AD002807,4,1,,1
AD002814,AC002179,T1,train,AD002814,4,1,,1
AD002819,AC002183,T3,train,AD002819,4,1,0.0,1
AD002823,AC002187,T2,train,AD002823,4,1,,1
AD002825,AC002188,T1,validation,AD002825,4,1,,1
AD002829,AC002192,T3,train,AD002829,4,1,0.0,1
AD002830,AC002193,T3,train,AD002830,4,1,,1
AD002839,AC002199,T2,validation,AD002839,4,1,,1
AD002848,AC002206,T3,train,AD002848,4,1,,1
AD002849,AC002207,T2,validation,AD002849,4,1,0.0,1
AD002852,AC002210,T3,train,AD002852,4,1,0.0,1
AD002867,AC002224,T3,train,AD002867,4,1,,1
AD002869,AC002226,T3,train,AD002869,4,1,,1
AD002873,AC002230,T3,train,AD002873,4,1,,1
AD002874,AC002230,T3,train,AD002874,4,1,,1
AD002875,AC002231,T1,train,AD002875,4,1,0.0,1
AD002877,AC002233,T3,train,AD002877,4,1,0.0,1
AD002895,AC002247,OUT,train,AD002895,4,1,,1
AD002902,AC002253,T3,train,AD002902,4,1,,1
AD002912,AC002261,T2,train,AD002912,4,1,0.0,1
AD002916,AC002264,T3,train,AD002916,4,1,0.0,1
AD002922,AC002269,T1,train,AD002922,4,1,0.0,1
AD002930,AC002276,T2,validation,AD002930,4,1,,1
AD002933,AC002279,T3,train,AD002933,4,1,0.0,1
AD002940,AC002285,T1,train,AD002940,4,1,,1
AD002941,AC002285,T1,train,AD002941,4,1,,1
AD002943,AC002287,T3,validation,AD002943,4,1,,1
AD002946,AC002288,OUT,train,AD002946,4,1,,1
AD002949,AC002290,T2,train,AD002949,4,1,,1
AD002950,AC002291,T1,validation,AD002950,4,1,,1
AD002955,AC002294,T1,train,AD002955,4,1,,1
AD002959,AC002297,T3,train,AD002959,4,1,0.0,1
AD002961,AC002299,T2,train,AD002961,4,1,,1
AD002962,AC002300,T2,train,AD002962,4,1,0.0,1
AD002964,AC002301,T3,train,AD002964,4,1,0.0,1
AD002967,AC002304,T1,train,AD002967,4,1,0.0,1
AD002970,AC002306,T3,train,AD002970,4,1,,1
AD002972,AC002307,T2,train,AD002972,4,1,,1
AD002984,AC002319,T2,test,AD002984,4,1,,1
AD002988,AC002322,T3,validation,AD002988,4,1,0.0,1
AD002997,AC002331,T3,train,AD002997,4,1,0.0,1
AD002999,AC002332,T2,validation,AD002999,4,1,,1
AD003001,AC002333,OUT,train,AD003001,4,1,,1
AD003004,AC002336,T1,train,AD003004,4,1,0.0,1
AD003011,AC002340,T1,train,AD003011,4,1,,1
AD003012,AC002341,T3,validation,AD003012,4,1,0.0,1
AD003013,AC002342,T2,train,AD003013,4,1,,1
AD003019,AC002346,T2,train,AD003019,4,1,0.0,1
AD003020,AC002347,T1,test,AD003020,4,1,,1
AD003042,AC002362,T1,test,AD003042,4,1,,1
AD003044,AC002364,T2,train,AD003044,4,1,,1
AD003046,AC002366,T3,train,AD003046,4,1,,1
AD003047,AC002366,T3,train,AD003047,4,1,,1
AD003049,AC002368,T1,test,AD003049,4,1,,1
AD003054,AC002372,T1,train,AD003054,4,1,,1
AD003055,AC002373,T3,validation,AD003055,4,1,,1
AD003059,AC002377,T1,train,AD003059,4,1,,1
AD003064,AC002380,T3,validation,AD003064,4,1,,1
AD003069,AC002383,T2,train,AD003069,4,1,,1
AD003070,AC002384,T2,test,AD003070,4,1,,1
AD003077,AC002389,T2,train,AD003077,4,1,0.0,1
AD003079,AC002390,OUT,train,AD003079,4,1,,1
AD003085,AC002396,T1,train,AD003085,4,1,0.0,1
AD003097,AC001191,OUT,validation,AD003097,4,1,,1
AD003110,AC000542,T1,train,AD003110,4,1,,1
AD003112,AC000523,OUT,train,AD003112,4,1,,1
AD003113,AC002368,T1,test,AD003113,4,1,,1
AD003115,AC001755,T2,train,AD003115,4,1,,1
