address_id,account_id,place_block_id,split,as_of,source_observation_ids,eligible_for_training,exclusion_reason,outer_fold,inner_fold,firewalled
AD000001,AC000001,AD000001,S-TRAIN,2026-06-01T00:00:00Z,obs-VS000515;obs-VS001846;obs-VS002797,True,none,0,2,False
AD000002,AC000001,AD000002,POOL_UNSUPERVISED,2026-06-01T00:00:00Z,,False,pool_address_without_promotion_grade_confirmation,1,2,False
AD000003,AC000002,AD000003,POOL_UNSUPERVISED,2026-06-01T00:00:00Z,,False,pool_address_without_promotion_grade_confirmation,0,1,False
AD000004,AC000003,AD000004,POOL_UNSUPERVISED,2026-06-01T00:00:00Z,,False,pool_address_without_promotion_grade_confirmation,4,3,False
AD000005,AC000004,AD000005,POOL_UNSUPERVISED,2026-06-01T00:00:00Z,,False,pool_address_without_promotion_grade_confirmation,0,0,False
AD000006,AC000004,AD000006,POOL_UNSUPERVISED,2026-06-01T00:00:00Z,,False,pool_address_without_promotion_grade_confirmation,0,0,False
AD000007,AC000005,AD000007,POOL_UNSUPERVISED,2026-06-01T00:00:00Z,,False,pool_address_without_promotion_grade_confirmation,0,2,False
AD000008,AC000006,AD000008,POOL_UNSUPERVISED,2026-06-01T00:00:00Z,,False,pool_address_without_promotion_grade_confirmation,1,2,False
AD000009,AC000007,AD000009,POOL_UNSUPERVISED,2026-06-01T00:00:00Z,,False,pool_address_without_promotion_grade_confirmation,3,0,False
AD000010,AC000007,AD000010,POOL_UNSUPERVISED,2026-06-01T00:00:00Z,,False,pool_address_without_promotion_grade_confirmation,3,0,False
AD000011,AC000008,AD000011,POOL_UNSUPERVISED,2026-06-01T00:00:00Z,,False,pool_address_without_promotion_grade_confirmation,2,4,False
AD000012,AC000009,AD000012,S-TRAIN,2026-06-01T00:00:00Z,obs-VS001570;obs-VS003025,True,none,3,1,False
AD000013,AC000010,AD000013,POOL_UNSUPERVISED,2026-06-01T00:00:00Z,,False,pool_address_without_promotion_grade_confirmation,4,2,False
AD000014,AC000011,AD000014,POOL_UNSUPERVISED,2026-06-01T00:00:00Z,,False,pool_address_without_promotion_grade_confirmation,2,4,False
AD000015,AC000012,AD000015,POOL_UNSUPERVISED,2026-06-01T00:00:00Z,,False,pool_address_without_promotion_grade_confirmation,1,0,False
AD000016,AC000013,AD000016,POOL_UNSUPERVISED,2026-06-01T00:00:00Z,,False,pool_address_without_promotion_grade_confirmation,3,3,False
AD000017,AC000014,AD000017,POOL_UNSUPERVISED,2026-06-01T00:00:00Z,,False,pool_address_without_promotion_grade_confirmation,1,3,False
AD000018,AC000015,AD000018,POOL_UNSUPERVISED,2026-06-01T00:00:00Z,,False,pool_address_without_promotion_grade_confirmation,1,1,False
AD000019,AC000016,AD000019,POOL_UNSUPERVISED,2026-06-01T00:00:00Z,,False,pool_address_without_promotion_grade_confirmation,0,2,False
AD000020,AC000017,AD000020,POOL_UNSUPERVISED,2026-06-01T00:00:00Z,,False,pool_address_without_promotion_grade_confirmation,2,0,False
AD000021,AC000018,AD000021,POOL_UNSUPERVISED,2026-06-01T00:00:00Z,,False,pool_address_without_promotion_grade_confirmation,2,2,False
AD000022,AC000019,AD000022,POOL_UNSUPERVISED,2026-06-01T00:00:00Z,,False,pool_address_without_promotion_grade_confirmation,3,1,False
AD000023,AC000020,AD000023,S-TRAIN,2026-06-01T00:00:00Z,obs-VS000786;obs-VS002774;obs-VS003577,True,none,4,3,False
AD000024,AC000021,AD000024,POOL_UNSUPERVISED,2026-06-01T00:00:00Z,,False,pool_address_without_promotion_grade_confirmation,3,4,False
AD000025,AC000021,AD000025,POOL_UNSUPERVISED,2026-06-01T00:00:00Z,,False,pool_address_without_promotion_grade_confirmation,2,4,False
AD000026,AC000022,AD000026,POOL_UNSUPERVISED,2026-06-01T00:00:00Z,,False,pool_address_without_promotion_grade_confirmation,2,4,False
AD000027,AC000023,AD000027,S-TRAIN,2026-06-01T00:00:00Z,obs-VS000049;obs-VS002807,True,none,2,4,False
AD000028,AC000024,AD000028,POOL_UNSUPERVISED,2026-06-01T00:00:00Z,,False,pool_address_without_promotion_grade_confirmation,3,3,False
AD000029,AC000025,AD000029,POOL_UNSUPERVISED,2026-06-01T00:00:00Z,,False,pool_address_without_promotion_grade_confirmation,3,4,False
AD000030,AC000026,AD000030,POOL_UNSUPERVISED,2026-06-01T00:00:00Z,,False,pool_address_without_promotion_grade_confirmation,3,0,False
AD000031,AC000027,AD000031,POOL_UNSUPERVISED,2026-06-01T00:00:00Z,,False,pool_address_without_promotion_grade_confirmation,2,3,False
AD000032,AC000028,AD000032,S-VAL,2026-06-01T00:00:00Z,obs-VS001494;obs-VS002144;obs-VS002821;obs-VS003393,True,none,1,1,False
AD000033,AC000029,AD000033,POOL_UNSUPERVISED,2026-06-01T00:00:00Z,,False,pool_address_without_promotion_grade_confirmation,0,1,False
AD000034,AC000029,AD000034,POOL_UNSUPERVISED,2026-06-01T00:00:00Z,,False,pool_address_without_promotion_grade_confirmation,4,1,False
AD000035,AC000030,AD000035,POOL_UNSUPERVISED,2026-06-01T00:00:00Z,,False,pool_address_without_promotion_grade_confirmation,4,1,False
AD000036,AC000031,AD000036,POOL_UNSUPERVISED,2026-06-01T00:00:00Z,,False,pool_address_without_promotion_grade_confirmation,2,0,False
AD000037,AC000032,AD000037,S-VAL,2026-06-01T00:00:00Z,obs-VS000225;obs-VS002120,True,none,2,2,False
AD000038,AC000032,AD000038,POOL_UNSUPERVISED,2026-06-01T00:00:00Z,,False,pool_address_without_promotion_grade_confirmation,1,2,False
AD000039,AC000033,AD000039,POOL_UNSUPERVISED,2026-06-01T00:00:00Z,,False,pool_address_without_promotion_grade_confirmation,2,0,False
AD000040,AC000034,AD000040,POOL_UNSUPERVISED,2026-06-01T00:00:00Z,,False,pool_address_without_promotion_grade_confirmation,3,0,False
AD000041,AC000034,AD000041,POOL_UNSUPERVISED,2026-06-01T00:00:00Z,,False,pool_address_without_promotion_grade_confirmation,1,0,False
AD000042,AC000035,AD000042,POOL_UNSUPERVISED,2026-06-01T00:00:00Z,,False,pool_address_without_promotion_grade_confirmation,1,2,False
AD000043,AC000036,AD000043,POOL_UNSUPERVISED,2026-06-01T00:00:00Z,,False,pool_address_without_promotion_grade_confirmation,0,1,False
AD000044,AC000036,AD000044,POOL_UNSUPERVISED,2026-06-01T00:00:00Z,,False,pool_address_without_promotion_grade_confirmation,2,1,False
AD000045,AC000037,AD000045,POOL_UNSUPERVISED,2026-06-01T00:00:00Z,,False,pool_address_without_promotion_grade_confirmation,0,4,False
AD000046,AC000037,AD000046,POOL_UNSUPERVISED,2026-06-01T00:00:00Z,,False,pool_address_without_promotion_grade_confirmation,0,4,False
AD000047,AC000038,AD000047,S-TRAIN,2026-06-01T00:00:00Z,obs-VS001261;obs-VS002634,True,none,1,0,False
AD000048,AC000039,AD000048,POOL_UNSUPERVISED,2026-06-01T00:00:00Z,,False,pool_address_without_promotion_grade_confirmation,3,4,False
AD000049,AC000040,AD000049,S-TRAIN,2026-06-01T00:00:00Z,obs-VS001485;obs-VS003402,True,none,0,1,False
AD000050,AC000041,AD000050,POOL_UNSUPERVISED,2026-06-01T00:00:00Z,,False,pool_address_without_promotion_grade_confirmation,0,0,False
AD000051,AC000041,AD000051,POOL_UNSUPERVISED,2026-06-01T00:00:00Z,,False,pool_address_without_promotion_grade_confirmation,3,0,False
AD000052,AC000042,AD000052,POOL_UNSUPERVISED,2026-06-01T00:00:00Z,,False,pool_address_without_promotion_grade_confirmation,4,2,False
AD000053,AC000043,AD000053,POOL_UNSUPERVISED,2026-06-01T00:00:00Z,,False,pool_address_without_promotion_grade_confirmation,3,2,False
AD000054,AC000043,AD000054,POOL_UNSUPERVISED,2026-06-01T00:00:00Z,,False,pool_address_without_promotion_grade_confirmation,0,2,False
AD000055,AC000044,AD000055,POOL_UNSUPERVISED,2026-06-01T00:00:00Z,,False,pool_address_without_promotion_grade_confirmation,4,3,False
AD000056,AC000044,AD000056,POOL_UNSUPERVISED,2026-06-01T00:00:00Z,,False,pool_address_without_promotion_grade_confirmation,3,3,False
AD000057,AC000045,AD000057,POOL_UNSUPERVISED,2026-06-01T00:00:00Z,,False,pool_address_without_promotion_grade_confirmation,4,4,False
AD000058,AC000046,AD000058,POOL_UNSUPERVISED,2026-06-01T00:00:00Z,,False,pool_address_without_promotion_grade_confirmation,2,4,False
AD000059,AC000047,AD000059,POOL_UNSUPERVISED,2026-06-01T00:00:00Z,,False,pool_address_without_promotion_grade_confirmation,3,1,False
AD000060,AC000048,AD000060,POOL_UNSUPERVISED,2026-06-01T00:00:00Z,,False,pool_address_without_promotion_grade_confirmation,0,0,False
AD000061,AC000049,AD000061,POOL_UNSUPERVISED,2026-06-01T00:00:00Z,,False,pool_address_without_promotion_grade_confirmation,4,0,False
AD000062,AC000050,AD000062,S-TRAIN,2026-06-01T00:00:00Z,obs-VS000375;obs-VS003001,True,none,4,0,False
AD000063,AC000051,AD000063,POOL_UNSUPERVISED,2026-06-01T00:00:00Z,,False,pool_address_without_promotion_grade_confirmation,1,2,False
AD000064,AC000051,AD000064,POOL_UNSUPERVISED,2026-06-01T00:00:00Z,,False,pool_address_without_promotion_grade_confirmation,1,2,False
AD000065,AC000052,AD000065,POOL_UNSUPERVISED,2026-06-01T00:00:00Z,,False,pool_address_without_promotion_grade_confirmation,1,2,False
AD000066,AC000053,AD000066,S-VAL,2026-06-01T00:00:00Z,obs-VS003076;obs-VS003731,True,none,4,4,False
AD000067,AC000054,AD000067,POOL_UNSUPERVISED,2026-06-01T00:00:00Z,,False,pool_address_without_promotion_grade_confirmation,0,2,False
AD000068,AC000055,AD000068,S-TRAIN,2026-06-01T00:00:00Z,obs-VS000774;obs-VS002451,True,none,0,4,False
AD000069,AC000056,AD000069,S-TRAIN,2026-06-01T00:00:00Z,obs-VS000843;obs-VS001578;obs-VS002442,True,none,3,2,False
AD000070,AC000056,AD000070,POOL_UNSUPERVISED,2026-06-01T00:00:00Z,,False,pool_address_without_promotion_grade_confirmation,4,2,False
AD000071,AC000057,AD000071,S-EVAL,2026-06-01T00:00:00Z,,False,surveyed_s_eval+account_of_surveyed+block_of_surveyed,4,1,True
AD000072,AC000058,AD000072,POOL_UNSUPERVISED,2026-06-01T00:00:00Z,,False,pool_address_without_promotion_grade_confirmation,3,0,False
AD000073,AC000059,AD000073,POOL_UNSUPERVISED,2026-06-01T00:00:00Z,,False,pool_address_without_promotion_grade_confirmation,3,3,False
AD000074,AC000059,AD000074,POOL_UNSUPERVISED,2026-06-01T00:00:00Z,,False,pool_address_without_promotion_grade_confirmation,2,3,False
AD000075,AC000060,AD000075,POOL_UNSUPERVISED,2026-06-01T00:00:00Z,,False,pool_address_without_promotion_grade_confirmation,3,4,False
AD000076,AC000061,AD000076,POOL_UNSUPERVISED,2026-06-01T00:00:00Z,,False,pool_address_without_promotion_grade_confirmation,1,4,False
AD000077,AC000062,AD000077,POOL_UNSUPERVISED,2026-06-01T00:00:00Z,,False,pool_address_without_promotion_grade_confirmation,0,1,False
AD000078,AC000063,AD000078,POOL_UNSUPERVISED,2026-06-01T00:00:00Z,,False,pool_address_without_promotion_grade_confirmation,2,0,False
AD000079,AC000064,AD000079,S-VAL,2026-06-01T00:00:00Z,obs-VS000122;obs-VS001448;obs-VS002835,True,none,4,4,False
AD000080,AC000064,AD000080,POOL_UNSUPERVISED,2026-06-01T00:00:00Z,,False,pool_address_without_promotion_grade_confirmation,1,4,False
AD000081,AC000065,AD000081,POOL_UNSUPERVISED,2026-06-01T00:00:00Z,,False,pool_address_without_promotion_grade_confirmation,4,4,False
AD000082,AC000066,AD000082,POOL_UNSUPERVISED,2026-06-01T00:00:00Z,,False,pool_address_without_promotion_grade_confirmation,0,4,False
AD000083,AC000066,AD000083,POOL_UNSUPERVISED,2026-06-01T00:00:00Z,,False,pool_address_without_promotion_grade_confirmation,2,4,False
AD000084,AC000067,AD000084,POOL_UNSUPERVISED,2026-06-01T00:00:00Z,,False,pool_address_without_promotion_grade_confirmation,3,0,False
AD000085,AC000068,AD000085,POOL_UNSUPERVISED,2026-06-01T00:00:00Z,,False,pool_address_without_promotion_grade_confirmation,2,2,False
AD000086,AC000069,AD000086,POOL_UNSUPERVISED,2026-06-01T00:00:00Z,,False,pool_address_without_promotion_grade_confirmation,3,0,False
AD000087,AC000069,AD000087,POOL_UNSUPERVISED,2026-06-01T00:00:00Z,,False,pool_address_without_promotion_grade_confirmation,2,0,False
AD000088,AC000070,AD000088,S-TRAIN,2026-06-01T00:00:00Z,obs-VS000548;obs-VS001280,True,none,0,1,False
AD000089,AC000071,AD000089,POOL_UNSUPERVISED,2026-06-01T00:00:00Z,,False,pool_address_without_promotion_grade_confirmation,3,3,False
AD000090,AC000071,AD000090,POOL_UNSUPERVISED,2026-06-01T00:00:00Z,,False,pool_address_without_promotion_grade_confirmation,3,3,False
AD000091,AC000072,AD000091,POOL_UNSUPERVISED,2026-06-01T00:00:00Z,,False,pool_address_without_promotion_grade_confirmation,1,4,False
AD000092,AC000073,AD000092,POOL_UNSUPERVISED,2026-06-01T00:00:00Z,,False,pool_address_without_promotion_grade_confirmation,2,2,False
AD000093,AC000073,AD000093,POOL_UNSUPERVISED,2026-06-01T00:00:00Z,,False,pool_address_without_promotion_grade_confirmation,4,2,False
AD000094,AC000074,AD000094,S-TRAIN,2026-06-01T00:00:00Z,obs-VS001454;obs-VS002095,True,none,3,4,False
AD000095,AC000074,AD000095,POOL_UNSUPERVISED,2026-06-01T00:00:00Z,,False,pool_address_without_promotion_grade_confirmation,0,4,False
AD000096,AC000075,AD000096,S-TRAIN,2026-06-01T00:00:00Z,obs-VS002312;obs-VS003043;obs-VS003710,True,none,1,0,False
AD000097,AC000076,AD000097,POOL_UNSUPERVISED,2026-06-01T00:00:00Z,,False,pool_address_without_promotion_grade_confirmation,3,4,False
AD000098,AC000077,AD000098,POOL_UNSUPERVISED,2026-06-01T00:00:00Z,,False,pool_address_without_promotion_grade_confirmation,3,4,False
AD000099,AC000078,AD000099,POOL_UNSUPERVISED,2026-06-01T00:00:00Z,,False,pool_address_without_promotion_grade_confirmation,3,0,False
AD000100,AC000079,AD000100,POOL_UNSUPERVISED,2026-06-01T00:00:00Z,,False,pool_address_without_promotion_grade_confirmation,4,4,False
AD000101,AC000080,AD000101,POOL_UNSUPERVISED,2026-06-01T00:00:00Z,,False,pool_address_without_promotion_grade_confirmation,0,2,False
AD000102,AC000081,AD000102,POOL_UNSUPERVISED,2026-06-01T00:00:00Z,,False,pool_address_without_promotion_grade_confirmation,1,0,False
AD000103,AC000082,AD000103,POOL_UNSUPERVISED,2026-06-01T00:00:00Z,,False,pool_address_without_promotion_grade_confirmation,3,4,False
AD000104,AC000083,AD000104,POOL_UNSUPERVISED,2026-06-01T00:00:00Z,,False,pool_address_without_promotion_grade_confirmation,1,2,False
AD000105,AC000084,AD000105,S-TRAIN,2026-06-01T00:00:00Z,obs-VS001572;obs-VS003035,True,none,3,4,False
AD000106,AC000085,AD000106,POOL_UNSUPERVISED,2026-06-01T00:00:00Z,,False,pool_address_without_promotion_grade_confirmation,1,4,False
AD000107,AC000086,AD000107,POOL_UNSUPERVISED,2026-06-01T00:00:00Z,,False,pool_address_without_promotion_grade_confirmation,0,0,False
AD000108,AC000087,AD000108,POOL_UNSUPERVISED,2026-06-01T00:00:00Z,,False,pool_address_without_promotion_grade_confirmation,0,4,False
AD000109,AC000088,AD000109,POOL_UNSUPERVISED,2026-06-01T00:00:00Z,,False,pool_address_without_promotion_grade_confirmation,2,1,False
AD000110,AC000088,AD000110,POOL_UNSUPERVISED,2026-06-01T00:00:00Z,,False,pool_address_without_promotion_grade_confirmation,1,1,False
AD000111,AC000089,AD000111,POOL_UNSUPERVISED,2026-06-01T00:00:00Z,,False,pool_address_without_promotion_grade_confirmation,2,2,False
AD000112,AC000089,AD000112,POOL_UNSUPERVISED,2026-06-01T00:00:00Z,,False,pool_address_without_promotion_grade_confirmation,2,2,False
AD000113,AC000090,AD000113,POOL_UNSUPERVISED,2026-06-01T00:00:00Z,,False,pool_address_without_promotion_grade_confirmation,4,2,False
AD000114,AC000091,AD000114,S-TRAIN,2026-06-01T00:00:00Z,obs-VS001914;obs-VS002564;obs-VS003216,True,none,3,1,False
AD000115,AC000092,AD000115,POOL_UNSUPERVISED,2026-06-01T00:00:00Z,,False,pool_address_without_promotion_grade_confirmation,4,1,False
AD000116,AC000093,AD000116,POOL_UNSUPERVISED,2026-06-01T00:00:00Z,,False,pool_address_without_promotion_grade_confirmation,3,2,False
AD000117,AC000094,AD000117,POOL_UNSUPERVISED,2026-06-01T00:00:00Z,,False,pool_address_without_promotion_grade_confirmation,1,2,False
AD000118,AC000094,AD000118,POOL_UNSUPERVISED,2026-06-01T00:00:00Z,,False,pool_address_without_promotion_grade_confirmation,2,2,False
AD000119,AC000095,AD000119,POOL_UNSUPERVISED,2026-06-01T00:00:00Z,,False,pool_address_without_promotion_grade_confirmation,0,2,False
AD000120,AC000096,AD000120,POOL_UNSUPERVISED,2026-06-01T00:00:00Z,,False,pool_address_without_promotion_grade_confirmation,4,2,False
AD000121,AC000096,AD000121,POOL_UNSUPERVISED,2026-06-01T00:00:00Z,,False,pool_address_without_promotion_grade_confirmation,4,2,False
AD000122,AC000097,AD000122,POOL_UNSUPERVISED,2026-06-01T00:00:00Z,,False,pool_address_without_promotion_grade_confirmation,1,4,False
AD000123,AC000098,AD000123,POOL_UNSUPERVISED,2026-06-01T00:00:00Z,,False,pool_address_without_promotion_grade_confirmation,2,3,False
AD000124,AC000099,AD000124,POOL_UNSUPERVISED,2026-06-01T00:00:00Z,,False,pool_address_without_promotion_grade_confirmation,3,1,False
AD000125,AC000099,AD000125,POOL_UNSUPERVISED,2026-06-01T00:00:00Z,,False,pool_address_without_promotion_grade_confirmation,0,1,False
AD000126,AC000100,AD000126,POOL_UNSUPERVISED,2026-06-01T00:00:00Z,,False,pool_address_without_promotion_grade_confirmation,3,1,False
AD000127,AC000101,AD000127,POOL_UNSUPERVISED,2026-06-01T00:00:00Z,,False,pool_address_without_promotion_grade_confirmation,3,4,False
AD000128,AC000102,AD000128,POOL_UNSUPERVISED,2026-06-01T00:00:00Z,,False,pool_address_without_promotion_grade_confirmation,4,4,False
AD000129,AC000103,AD000129,S-TRAIN,2026-06-01T00:00:00Z,obs-VS000743;obs-VS002857;obs-VS003437,True,none,0,2,False
AD000130,AC000104,AD000130,POOL_UNSUPERVISED,2026-06-01T00:00:00Z,,False,pool_address_without_promotion_grade_confirmation,1,3,False
AD000131,AC000104,AD000131,POOL_UNSUPERVISED,2026-06-01T00:00:00Z,,False,pool_address_without_promotion_grade_confirmation,3,3,False
AD000132,AC000105,AD000132,POOL_UNSUPERVISED,2026-06-01T00:00:00Z,,False,pool_address_without_promotion_grade_confirmation,1,3,False
AD000133,AC000105,AD000133,POOL_UNSUPERVISED,2026-06-01T00:00:00Z,,False,pool_address_without_promotion_grade_confirmation,3,3,False
AD000134,AC000106,AD000134,POOL_UNSUPERVISED,2026-06-01T00:00:00Z,,False,pool_address_without_promotion_grade_confirmation,1,1,False
AD000135,AC000107,AD000135,POOL_UNSUPERVISED,2026-06-01T00:00:00Z,,False,pool_address_without_promotion_grade_confirmation,2,2,False
AD000136,AC000108,AD000136,POOL_UNSUPERVISED,2026-06-01T00:00:00Z,,False,pool_address_without_promotion_grade_confirmation,3,4,False
AD000137,AC000109,AD000137,POOL_UNSUPERVISED,2026-06-01T00:00:00Z,,False,pool_address_without_promotion_grade_confirmation,4,1,False
AD000138,AC000110,AD000138,S-TRAIN,2026-06-01T00:00:00Z,obs-VS000093;obs-VS003367,True,none,4,0,False
AD000139,AC000111,AD000139,POOL_UNSUPERVISED,2026-06-01T00:00:00Z,,False,pool_address_without_promotion_grade_confirmation,4,0,False
AD000140,AC000111,AD000140,POOL_UNSUPERVISED,2026-06-01T00:00:00Z,,False,pool_address_without_promotion_grade_confirmation,1,0,False
AD000141,AC000112,AD000141,S-EVAL,2026-06-01T00:00:00Z,,False,surveyed_s_eval+account_of_surveyed+block_of_surveyed,2,1,True
AD000142,AC000113,AD000142,S-TRAIN,2026-06-01T00:00:00Z,obs-VS000650;obs-VS001889;obs-VS003190,True,none,1,2,False
AD000143,AC000113,AD000143,POOL_UNSUPERVISED,2026-06-01T00:00:00Z,,False,pool_address_without_promotion_grade_confirmation,4,2,False
AD000144,AC000114,AD000144,POOL_UNSUPERVISED,2026-06-01T00:00:00Z,,False,pool_address_without_promotion_grade_confirmation,1,2,False
AD000145,AC000115,AD000145,POOL_UNSUPERVISED,2026-06-01T00:00:00Z,,False,pool_address_without_promotion_grade_confirmation,3,0,False
AD000146,AC000116,AD000146,POOL_UNSUPERVISED,2026-06-01T00:00:00Z,,False,pool_address_without_promotion_grade_confirmation,2,2,False
AD000147,AC000117,AD000147,POOL_UNSUPERVISED,2026-06-01T00:00:00Z,,False,pool_address_without_promotion_grade_confirmation,0,4,False
AD000148,AC000118,AD000148,POOL_UNSUPERVISED,2026-06-01T00:00:00Z,,False,pool_address_without_promotion_grade_confirmation,2,2,False
AD000149,AC000119,AD000149,POOL_UNSUPERVISED,2026-06-01T00:00:00Z,,False,pool_address_without_promotion_grade_confirmation,1,1,False
AD000150,AC000120,AD000150,POOL_UNSUPERVISED,2026-06-01T00:00:00Z,,False,pool_address_without_promotion_grade_confirmation,3,2,False
AD000151,AC000120,AD000151,POOL_UNSUPERVISED,2026-06-01T00:00:00Z,,False,pool_address_without_promotion_grade_confirmation,1,2,False
AD000152,AC000121,AD000152,POOL_UNSUPERVISED,2026-06-01T00:00:00Z,,False,pool_address_without_promotion_grade_confirmation,2,4,False
AD000153,AC000122,AD000153,POOL_UNSUPERVISED,2026-06-01T00:00:00Z,,False,pool_address_without_promotion_grade_confirmation,0,1,False
AD000154,AC000122,AD000154,POOL_UNSUPERVISED,2026-06-01T00:00:00Z,,False,pool_address_without_promotion_grade_confirmation,0,1,False
AD000155,AC000123,AD000155,S-TRAIN,2026-06-01T00:00:00Z,obs-VS000274;obs-VS001586;obs-VS002169,True,none,3,4,False
AD000156,AC000124,AD000156,POOL_UNSUPERVISED,2026-06-01T00:00:00Z,,False,pool_address_without_promotion_grade_confirmation,4,0,False
AD000157,AC000125,AD000157,POOL_UNSUPERVISED,2026-06-01T00:00:00Z,,False,pool_address_without_promotion_grade_confirmation,2,4,False
AD000158,AC000125,AD000158,POOL_UNSUPERVISED,2026-06-01T00:00:00Z,,False,pool_address_without_promotion_grade_confirmation,0,4,False
AD000159,AC000126,AD000159,POOL_UNSUPERVISED,2026-06-01T00:00:00Z,,False,pool_address_without_promotion_grade_confirmation,1,2,False
AD000160,AC000127,AD000160,POOL_UNSUPERVISED,2026-06-01T00:00:00Z,,False,pool_address_without_promotion_grade_confirmation,3,4,False
AD000161,AC000128,AD000161,POOL_UNSUPERVISED,2026-06-01T00:00:00Z,,False,pool_address_without_promotion_grade_confirmation,2,3,False
AD000162,AC000129,AD000162,POOL_UNSUPERVISED,2026-06-01T00:00:00Z,,False,pool_address_without_promotion_grade_confirmation,2,3,False
AD000163,AC000130,AD000163,POOL_UNSUPERVISED,2026-06-01T00:00:00Z,,False,pool_address_without_promotion_grade_confirmation,4,2,False
AD000164,AC000130,AD000164,POOL_UNSUPERVISED,2026-06-01T00:00:00Z,,False,pool_address_without_promotion_grade_confirmation,3,2,False
AD000165,AC000131,AD000165,POOL_UNSUPERVISED,2026-06-01T00:00:00Z,,False,pool_address_without_promotion_grade_confirmation,3,1,False
AD000166,AC000132,AD000166,POOL_UNSUPERVISED,2026-06-01T00:00:00Z,,False,pool_address_without_promotion_grade_confirmation,0,4,False
AD000167,AC000132,AD000167,POOL_UNSUPERVISED,2026-06-01T00:00:00Z,,False,pool_address_without_promotion_grade_confirmation,1,4,False
AD000168,AC000133,AD000168,POOL_UNSUPERVISED,2026-06-01T00:00:00Z,,False,pool_address_without_promotion_grade_confirmation,2,0,False
AD000169,AC000134,AD000169,POOL_UNSUPERVISED,2026-06-01T00:00:00Z,,False,pool_address_without_promotion_grade_confirmation,2,3,False
AD000170,AC000135,AD000170,S-EVAL,2026-06-01T00:00:00Z,,False,surveyed_s_eval+account_of_surveyed+block_of_surveyed,3,4,True
AD000171,AC000136,AD000171,POOL_UNSUPERVISED,2026-06-01T00:00:00Z,,False,pool_address_without_promotion_grade_confirmation,4,3,False
AD000172,AC000137,AD000172,S-TRAIN,2026-06-01T00:00:00Z,obs-VS001179;obs-VS003221,True,none,4,1,False
AD000173,AC000138,AD000173,S-VAL,2026-06-01T00:00:00Z,obs-VS000752;obs-VS002084;obs-VS002738;obs-VS003387,True,none,2,2,False
AD000174,AC000138,AD000174,POOL_UNSUPERVISED,2026-06-01T00:00:00Z,,False,pool_address_without_promotion_grade_confirmation,2,2,False
AD000175,AC000139,AD000175,POOL_UNSUPERVISED,2026-06-01T00:00:00Z,,False,pool_address_without_promotion_grade_confirmation,4,2,False
AD000176,AC000140,AD000176,S-TRAIN,2026-06-01T00:00:00Z,obs-VS000259;obs-VS001141,True,none,2,3,False
AD000177,AC000141,AD000177,POOL_UNSUPERVISED,2026-06-01T00:00:00Z,,False,pool_address_without_promotion_grade_confirmation,0,0,False
AD000178,AC000142,AD000178,POOL_UNSUPERVISED,2026-06-01T00:00:00Z,,False,pool_address_without_promotion_grade_confirmation,3,0,False
AD000179,AC000143,AD000179,POOL_UNSUPERVISED,2026-06-01T00:00:00Z,,False,pool_address_without_promotion_grade_confirmation,4,4,False
AD000180,AC000144,AD000180,POOL_UNSUPERVISED,2026-06-01T00:00:00Z,,False,pool_address_without_promotion_grade_confirmation,0,0,False
AD000181,AC000145,AD000181,POOL_UNSUPERVISED,2026-06-01T00:00:00Z,,False,pool_address_without_promotion_grade_confirmation,4,4,False
AD000182,AC000146,AD000182,POOL_UNSUPERVISED,2026-06-01T00:00:00Z,,False,pool_address_without_promotion_grade_confirmation,1,0,False
AD000183,AC000146,AD000183,POOL_UNSUPERVISED,2026-06-01T00:00:00Z,,False,pool_address_without_promotion_grade_confirmation,1,0,False
AD000184,AC000147,AD000184,POOL_UNSUPERVISED,2026-06-01T00:00:00Z,,False,pool_address_without_promotion_grade_confirmation,3,2,False
AD000185,AC000147,AD000185,POOL_UNSUPERVISED,2026-06-01T00:00:00Z,,False,pool_address_without_promotion_grade_confirmation,1,2,False
AD000186,AC000148,AD000186,POOL_UNSUPERVISED,2026-06-01T00:00:00Z,,False,pool_address_without_promotion_grade_confirmation,3,0,False
AD000187,AC000149,AD000187,POOL_UNSUPERVISED,2026-06-01T00:00:00Z,,False,pool_address_without_promotion_grade_confirmation,3,3,False
AD000188,AC000150,AD000188,POOL_UNSUPERVISED,2026-06-01T00:00:00Z,,False,pool_address_without_promotion_grade_confirmation,4,1,False
AD000189,AC000151,AD000189,POOL_UNSUPERVISED,2026-06-01T00:00:00Z,,False,pool_address_without_promotion_grade_confirmation,2,3,False
AD000190,AC000151,AD000190,POOL_UNSUPERVISED,2026-06-01T00:00:00Z,,False,pool_address_without_promotion_grade_confirmation,1,3,False
AD000191,AC000152,AD000191,POOL_UNSUPERVISED,2026-06-01T00:00:00Z,,False,pool_address_without_promotion_grade_confirmation,0,0,False
AD000192,AC000153,AD000192,POOL_UNSUPERVISED,2026-06-01T00:00:00Z,,False,pool_address_without_promotion_grade_confirmation,4,2,False
AD000193,AC000154,AD000193,POOL_UNSUPERVISED,2026-06-01T00:00:00Z,,False,pool_address_without_promotion_grade_confirmation,1,4,False
AD000194,AC000155,AD000194,POOL_UNSUPERVISED,2026-06-01T00:00:00Z,,False,pool_address_without_promotion_grade_confirmation,1,0,False
AD000195,AC000156,AD000195,POOL_UNSUPERVISED,2026-06-01T00:00:00Z,,False,pool_address_without_promotion_grade_confirmation,0,3,False
AD000196,AC000157,AD000196,POOL_UNSUPERVISED,2026-06-01T00:00:00Z,,False,pool_address_without_promotion_grade_confirmation,1,3,False
AD000197,AC000158,AD000197,S-VAL,2026-06-01T00:00:00Z,obs-VS000052;obs-VS001286,True,none,0,0,False
AD000198,AC000159,AD000088,S-TRAIN,2026-06-01T00:00:00Z,obs-VS001200;obs-VS002664;obs-VS003331,True,none,0,4,False
AD000199,AC000160,AD000199,POOL_UNSUPERVISED,2026-06-01T00:00:00Z,,False,pool_address_without_promotion_grade_confirmation,3,2,False
AD000200,AC000161,AD000200,POOL_UNSUPERVISED,2026-06-01T00:00:00Z,,False,pool_address_without_promotion_grade_confirmation,4,2,False
AD000201,AC000161,AD000201,POOL_UNSUPERVISED,2026-06-01T00:00:00Z,,False,pool_address_without_promotion_grade_confirmation,1,2,False
AD000202,AC000162,AD000202,POOL_UNSUPERVISED,2026-06-01T00:00:00Z,,False,pool_address_without_promotion_grade_confirmation,0,1,False
AD000203,AC000163,AD000203,POOL_UNSUPERVISED,2026-06-01T00:00:00Z,,False,pool_address_without_promotion_grade_confirmation,0,0,False
AD000204,AC000164,AD000204,S-TRAIN,2026-06-01T00:00:00Z,obs-VS000473;obs-VS002389;obs-VS003316,True,none,2,1,False
AD000205,AC000165,AD000205,POOL_UNSUPERVISED,2026-06-01T00:00:00Z,,False,pool_address_without_promotion_grade_confirmation,4,2,False
AD000206,AC000166,AD000206,POOL_UNSUPERVISED,2026-06-01T00:00:00Z,,False,pool_address_without_promotion_grade_confirmation,4,2,False
AD000207,AC000166,AD000207,POOL_UNSUPERVISED,2026-06-01T00:00:00Z,,False,pool_address_without_promotion_grade_confirmation,1,2,False
AD000208,AC000167,AD000208,POOL_UNSUPERVISED,2026-06-01T00:00:00Z,,False,pool_address_without_promotion_grade_confirmation,3,0,False
AD000209,AC000168,AD000209,POOL_UNSUPERVISED,2026-06-01T00:00:00Z,,False,pool_address_without_promotion_grade_confirmation,3,4,False
AD000210,AC000169,AD000210,POOL_UNSUPERVISED,2026-06-01T00:00:00Z,,False,pool_address_without_promotion_grade_confirmation,4,3,False
AD000211,AC000169,AD000211,POOL_UNSUPERVISED,2026-06-01T00:00:00Z,,False,pool_address_without_promotion_grade_confirmation,0,3,False
AD000212,AC000170,AD000212,POOL_UNSUPERVISED,2026-06-01T00:00:00Z,,False,pool_address_without_promotion_grade_confirmation,1,4,False
AD000213,AC000171,AD000213,POOL_UNSUPERVISED,2026-06-01T00:00:00Z,,False,pool_address_without_promotion_grade_confirmation,4,2,False
AD000214,AC000172,AD000214,POOL_UNSUPERVISED,2026-06-01T00:00:00Z,,False,pool_address_without_promotion_grade_confirmation,1,2,False
AD000215,AC000172,AD000215,POOL_UNSUPERVISED,2026-06-01T00:00:00Z,,False,pool_address_without_promotion_grade_confirmation,2,2,False
AD000216,AC000173,AD000216,POOL_UNSUPERVISED,2026-06-01T00:00:00Z,,False,pool_address_without_promotion_grade_confirmation,2,4,False
AD000217,AC000174,AD000217,S-EVAL,2026-06-01T00:00:00Z,,False,surveyed_s_eval+account_of_surveyed+block_of_surveyed,1,3,True
AD000218,AC000174,AD000218,EXCLUDED,2026-06-01T00:00:00Z,,False,account_of_surveyed,3,3,True
AD000219,AC000175,AD000219,POOL_UNSUPERVISED,2026-06-01T00:00:00Z,,False,pool_address_without_promotion_grade_confirmation,0,0,False
AD000220,AC000176,AD000220,POOL_UNSUPERVISED,2026-06-01T00:00:00Z,,False,pool_address_without_promotion_grade_confirmation,2,1,False
AD000221,AC000177,AD000221,POOL_UNSUPERVISED,2026-06-01T00:00:00Z,,False,pool_address_without_promotion_grade_confirmation,1,1,False
AD000222,AC000178,AD000222,POOL_UNSUPERVISED,2026-06-01T00:00:00Z,,False,pool_address_without_promotion_grade_confirmation,4,0,False
AD000223,AC000179,AD000223,S-TRAIN,2026-06-01T00:00:00Z,obs-VS000266;obs-VS000826;obs-VS001495;obs-VS002741;obs-VS003475,True,none,2,4,False
AD000224,AC000180,AD000224,S-EVAL,2026-06-01T00:00:00Z,,False,surveyed_s_eval+account_of_surveyed+block_of_surveyed,3,1,True
AD000225,AC000181,AD000225,POOL_UNSUPERVISED,2026-06-01T00:00:00Z,,False,pool_address_without_promotion_grade_confirmation,4,3,False
AD000226,AC000181,AD000226,POOL_UNSUPERVISED,2026-06-01T00:00:00Z,,False,pool_address_without_promotion_grade_confirmation,1,3,False
AD000227,AC000182,AD000227,POOL_UNSUPERVISED,2026-06-01T00:00:00Z,,False,pool_address_without_promotion_grade_confirmation,3,4,False
AD000228,AC000183,AD000228,POOL_UNSUPERVISED,2026-06-01T00:00:00Z,,False,pool_address_without_promotion_grade_confirmation,0,1,False
AD000229,AC000184,AD000229,POOL_UNSUPERVISED,2026-06-01T00:00:00Z,,False,pool_address_without_promotion_grade_confirmation,4,1,False
AD000230,AC000185,AD000230,POOL_UNSUPERVISED,2026-06-01T00:00:00Z,,False,pool_address_without_promotion_grade_confirmation,4,3,False
AD000231,AC000186,AD000231,POOL_UNSUPERVISED,2026-06-01T00:00:00Z,,False,pool_address_without_promotion_grade_confirmation,0,4,False
AD000232,AC000186,AD000232,POOL_UNSUPERVISED,2026-06-01T00:00:00Z,,False,pool_address_without_promotion_grade_confirmation,3,4,False
AD000233,AC000187,AD000233,POOL_UNSUPERVISED,2026-06-01T00:00:00Z,,False,pool_address_without_promotion_grade_confirmation,3,1,False
AD000234,AC000187,AD000234,POOL_UNSUPERVISED,2026-06-01T00:00:00Z,,False,pool_address_without_promotion_grade_confirmation,4,1,False
AD000235,AC000188,AD000235,POOL_UNSUPERVISED,2026-06-01T00:00:00Z,,False,pool_address_without_promotion_grade_confirmation,2,0,False
AD000236,AC000189,AD000236,S-EVAL,2026-06-01T00:00:00Z,,False,surveyed_s_eval+account_of_surveyed+block_of_surveyed,1,4,True
AD000237,AC000189,AD000237,EXCLUDED,2026-06-01T00:00:00Z,,False,account_of_surveyed,0,4,True
AD000238,AC000190,AD000238,S-VAL,2026-06-01T00:00:00Z,obs-VS000388;obs-VS001020;obs-VS001706;obs-VS003724,True,none,0,0,False
AD000239,AC000191,AD000239,POOL_UNSUPERVISED,2026-06-01T00:00:00Z,,False,pool_address_without_promotion_grade_confirmation,3,3,False
AD000240,AC000192,AD000240,POOL_UNSUPERVISED,2026-06-01T00:00:00Z,,False,pool_address_without_promotion_grade_confirmation,2,4,False
AD000241,AC000193,AD000241,POOL_UNSUPERVISED,2026-06-01T00:00:00Z,,False,pool_address_without_promotion_grade_confirmation,4,1,False
AD000242,AC000193,AD000242,POOL_UNSUPERVISED,2026-06-01T00:00:00Z,,False,pool_address_without_promotion_grade_confirmation,0,1,False
AD000243,AC000194,AD000243,POOL_UNSUPERVISED,2026-06-01T00:00:00Z,,False,pool_address_without_promotion_grade_confirmation,2,2,False
AD000244,AC000194,AD000244,POOL_UNSUPERVISED,2026-06-01T00:00:00Z,,False,pool_address_without_promotion_grade_confirmation,4,2,False
AD000245,AC000195,AD000245,POOL_UNSUPERVISED,2026-06-01T00:00:00Z,,False,pool_address_without_promotion_grade_confirmation,3,4,False
AD000246,AC000195,AD000246,POOL_UNSUPERVISED,2026-06-01T00:00:00Z,,False,pool_address_without_promotion_grade_confirmation,4,4,False
AD000247,AC000196,AD000247,POOL_UNSUPERVISED,2026-06-01T00:00:00Z,,False,pool_address_without_promotion_grade_confirmation,1,1,False
AD000248,AC000197,AD000248,POOL_UNSUPERVISED,2026-06-01T00:00:00Z,,False,pool_address_without_promotion_grade_confirmation,3,0,False
AD000249,AC000198,AD000249,POOL_UNSUPERVISED,2026-06-01T00:00:00Z,,False,pool_address_without_promotion_grade_confirmation,3,1,False
AD000250,AC000199,AD000250,POOL_UNSUPERVISED,2026-06-01T00:00:00Z,,False,pool_address_without_promotion_grade_confirmation,2,1,False
AD000251,AC000200,AD000251,S-EVAL,2026-06-01T00:00:00Z,,False,surveyed_s_eval+account_of_surveyed+block_of_surveyed,1,4,True
AD000252,AC000201,AD000252,POOL_UNSUPERVISED,2026-06-01T00:00:00Z,,False,pool_address_without_promotion_grade_confirmation,1,4,False
AD000253,AC000202,AD000253,S-TRAIN,2026-06-01T00:00:00Z,obs-VS001411;obs-VS002135,True,none,1,0,False
AD000254,AC000202,AD000254,POOL_UNSUPERVISED,2026-06-01T00:00:00Z,,False,pool_address_without_promotion_grade_confirmation,4,0,False
AD000255,AC000203,AD000255,POOL_UNSUPERVISED,2026-06-01T00:00:00Z,,False,pool_address_without_promotion_grade_confirmation,2,2,False
AD000256,AC000203,AD000256,POOL_UNSUPERVISED,2026-06-01T00:00:00Z,,False,pool_address_without_promotion_grade_confirmation,2,2,False
AD000257,AC000204,AD000257,POOL_UNSUPERVISED,2026-06-01T00:00:00Z,,False,pool_address_without_promotion_grade_confirmation,3,3,False
AD000258,AC000205,AD000258,S-VAL,2026-06-01T00:00:00Z,obs-VS001085;obs-VS001757,True,none,2,2,False
AD000259,AC000206,AD000259,POOL_UNSUPERVISED,2026-06-01T00:00:00Z,,False,pool_address_without_promotion_grade_confirmation,1,0,False
AD000260,AC000207,AD000260,S-TRAIN,2026-06-01T00:00:00Z,obs-VS001852;obs-VS002799;obs-VS003739,True,none,2,3,False
AD000261,AC000208,AD000261,POOL_UNSUPERVISED,2026-06-01T00:00:00Z,,False,pool_address_without_promotion_grade_confirmation,2,4,False
AD000262,AC000208,AD000262,POOL_UNSUPERVISED,2026-06-01T00:00:00Z,,False,pool_address_without_promotion_grade_confirmation,4,4,False
AD000263,AC000209,AD000263,POOL_UNSUPERVISED,2026-06-01T00:00:00Z,,False,pool_address_without_promotion_grade_confirmation,0,1,False
AD000264,AC000209,AD000264,POOL_UNSUPERVISED,2026-06-01T00:00:00Z,,False,pool_address_without_promotion_grade_confirmation,0,1,False
AD000265,AC000210,AD000265,POOL_UNSUPERVISED,2026-06-01T00:00:00Z,,False,pool_address_without_promotion_grade_confirmation,3,3,False
AD000266,AC000211,AD000266,POOL_UNSUPERVISED,2026-06-01T00:00:00Z,,False,pool_address_without_promotion_grade_confirmation,0,4,False
AD000267,AC000212,AD000267,S-EVAL,2026-06-01T00:00:00Z,,False,surveyed_s_eval+account_of_surveyed+block_of_surveyed,4,3,True
AD000268,AC000213,AD000268,POOL_UNSUPERVISED,2026-06-01T00:00:00Z,,False,pool_address_without_promotion_grade_confirmation,1,2,False
AD000269,AC000214,AD000269,POOL_UNSUPERVISED,2026-06-01T00:00:00Z,,False,pool_address_without_promotion_grade_confirmation,4,2,False
AD000270,AC000215,AD000270,POOL_UNSUPERVISED,2026-06-01T00:00:00Z,,False,pool_address_without_promotion_grade_confirmation,2,0,False
AD000271,AC000215,AD000271,POOL_UNSUPERVISED,2026-06-01T00:00:00Z,,False,pool_address_without_promotion_grade_confirmation,0,0,False
AD000272,AC000216,AD000272,POOL_UNSUPERVISED,2026-06-01T00:00:00Z,,False,pool_address_without_promotion_grade_confirmation,4,4,False
AD000273,AC000216,AD000273,POOL_UNSUPERVISED,2026-06-01T00:00:00Z,,False,pool_address_without_promotion_grade_confirmation,3,4,False
AD000274,AC000217,AD000274,POOL_UNSUPERVISED,2026-06-01T00:00:00Z,,False,pool_address_without_promotion_grade_confirmation,0,4,False
AD000275,AC000218,AD000275,POOL_UNSUPERVISED,2026-06-01T00:00:00Z,,False,pool_address_without_promotion_grade_confirmation,1,4,False
AD000276,AC000219,AD000276,POOL_UNSUPERVISED,2026-06-01T00:00:00Z,,False,pool_address_without_promotion_grade_confirmation,1,0,False
AD000277,AC000219,AD000277,POOL_UNSUPERVISED,2026-06-01T00:00:00Z,,False,pool_address_without_promotion_grade_confirmation,3,0,False
AD000278,AC000220,AD000278,POOL_UNSUPERVISED,2026-06-01T00:00:00Z,,False,pool_address_without_promotion_grade_confirmation,0,3,False
AD000279,AC000221,AD000279,POOL_UNSUPERVISED,2026-06-01T00:00:00Z,,False,pool_address_without_promotion_grade_confirmation,4,4,False
AD000280,AC000221,AD000280,POOL_UNSUPERVISED,2026-06-01T00:00:00Z,,False,pool_address_without_promotion_grade_confirmation,0,4,False
AD000281,AC000222,AD000281,POOL_UNSUPERVISED,2026-06-01T00:00:00Z,,False,pool_address_without_promotion_grade_confirmation,0,0,False
AD000282,AC000223,AD000282,POOL_UNSUPERVISED,2026-06-01T00:00:00Z,,False,pool_address_without_promotion_grade_confirmation,2,4,False
AD000283,AC000223,AD000283,POOL_UNSUPERVISED,2026-06-01T00:00:00Z,,False,pool_address_without_promotion_grade_confirmation,1,4,False
AD000284,AC000224,AD000284,POOL_UNSUPERVISED,2026-06-01T00:00:00Z,,False,pool_address_without_promotion_grade_confirmation,4,3,False
AD000285,AC000225,AD000285,POOL_UNSUPERVISED,2026-06-01T00:00:00Z,,False,pool_address_without_promotion_grade_confirmation,1,0,False
AD000286,AC000226,AD000286,POOL_UNSUPERVISED,2026-06-01T00:00:00Z,,False,pool_address_without_promotion_grade_confirmation,0,1,False
AD000287,AC000227,AD000287,POOL_UNSUPERVISED,2026-06-01T00:00:00Z,,False,pool_address_without_promotion_grade_confirmation,4,4,False
AD000288,AC000228,AD000288,POOL_UNSUPERVISED,2026-06-01T00:00:00Z,,False,pool_address_without_promotion_grade_confirmation,1,0,False
AD000289,AC000228,AD000289,POOL_UNSUPERVISED,2026-06-01T00:00:00Z,,False,pool_address_without_promotion_grade_confirmation,2,0,False
AD000290,AC000229,AD000290,POOL_UNSUPERVISED,2026-06-01T00:00:00Z,,False,pool_address_without_promotion_grade_confirmation,4,4,False
AD000291,AC000230,AD000291,S-EVAL,2026-06-01T00:00:00Z,,False,surveyed_s_eval+account_of_surveyed+block_of_surveyed,4,3,True
AD000292,AC000231,AD000292,POOL_UNSUPERVISED,2026-06-01T00:00:00Z,,False,pool_address_without_promotion_grade_confirmation,4,0,False
AD000293,AC000232,AD000293,POOL_UNSUPERVISED,2026-06-01T00:00:00Z,,False,pool_address_without_promotion_grade_confirmation,4,2,False
AD000294,AC000233,AD000294,POOL_UNSUPERVISED,2026-06-01T00:00:00Z,,False,pool_address_without_promotion_grade_confirmation,4,3,False
AD000295,AC000234,AD000295,POOL_UNSUPERVISED,2026-06-01T00:00:00Z,,False,pool_address_without_promotion_grade_confirmation,3,0,False
AD000296,AC000234,AD000296,POOL_UNSUPERVISED,2026-06-01T00:00:00Z,,False,pool_address_without_promotion_grade_confirmation,3,0,False
AD000297,AC000235,AD000297,POOL_UNSUPERVISED,2026-06-01T00:00:00Z,,False,pool_address_without_promotion_grade_confirmation,0,1,False
AD000298,AC000235,AD000298,POOL_UNSUPERVISED,2026-06-01T00:00:00Z,,False,pool_address_without_promotion_grade_confirmation,1,1,False
AD000299,AC000236,AD000299,POOL_UNSUPERVISED,2026-06-01T00:00:00Z,,False,pool_address_without_promotion_grade_confirmation,2,2,False
AD000300,AC000237,AD000300,POOL_UNSUPERVISED,2026-06-01T00:00:00Z,,False,pool_address_without_promotion_grade_confirmation,0,4,False
AD000301,AC000238,AD000301,POOL_UNSUPERVISED,2026-06-01T00:00:00Z,,False,pool_address_without_promotion_grade_confirmation,4,1,False
AD000302,AC000239,AD000302,POOL_UNSUPERVISED,2026-06-01T00:00:00Z,,False,pool_address_without_promotion_grade_confirmation,3,0,False
AD000303,AC000240,AD000303,POOL_UNSUPERVISED,2026-06-01T00:00:00Z,,False,pool_address_without_promotion_grade_confirmation,2,4,False
AD000304,AC000241,AD000304,POOL_UNSUPERVISED,2026-06-01T00:00:00Z,,False,pool_address_without_promotion_grade_confirmation,1,3,False
AD000305,AC000242,AD000305,POOL_UNSUPERVISED,2026-06-01T00:00:00Z,,False,pool_address_without_promotion_grade_confirmation,4,1,False
AD000306,AC000243,AD000306,POOL_UNSUPERVISED,2026-06-01T00:00:00Z,,False,pool_address_without_promotion_grade_confirmation,4,2,False
AD000307,AC000244,AD000238,POOL_UNSUPERVISED,2026-06-01T00:00:00Z,,False,pool_address_without_promotion_grade_confirmation,0,1,False
AD000308,AC000245,AD000308,POOL_UNSUPERVISED,2026-06-01T00:00:00Z,,False,pool_address_without_promotion_grade_confirmation,0,2,False
AD000309,AC000246,AD000309,S-TRAIN,2026-06-01T00:00:00Z,obs-VS000745;obs-VS003379,True,none,0,1,False
AD000310,AC000247,AD000310,POOL_UNSUPERVISED,2026-06-01T00:00:00Z,,False,pool_address_without_promotion_grade_confirmation,3,2,False
AD000311,AC000248,AD000311,POOL_UNSUPERVISED,2026-06-01T00:00:00Z,,False,pool_address_without_promotion_grade_confirmation,0,0,False
AD000312,AC000249,AD000312,POOL_UNSUPERVISED,2026-06-01T00:00:00Z,,False,pool_address_without_promotion_grade_confirmation,2,3,False
AD000313,AC000249,AD000313,POOL_UNSUPERVISED,2026-06-01T00:00:00Z,,False,pool_address_without_promotion_grade_confirmation,0,3,False
AD000314,AC000250,AD000314,POOL_UNSUPERVISED,2026-06-01T00:00:00Z,,False,pool_address_without_promotion_grade_confirmation,4,2,False
AD000315,AC000250,AD000315,POOL_UNSUPERVISED,2026-06-01T00:00:00Z,,False,pool_address_without_promotion_grade_confirmation,2,2,False
AD000316,AC000251,AD000316,S-TRAIN,2026-06-01T00:00:00Z,obs-VS001322;obs-VS001971;obs-VS003678,True,none,3,0,False
AD000317,AC000251,AD000317,POOL_UNSUPERVISED,2026-06-01T00:00:00Z,,False,pool_address_without_promotion_grade_confirmation,0,0,False
AD000318,AC000252,AD000318,POOL_UNSUPERVISED,2026-06-01T00:00:00Z,,False,pool_address_without_promotion_grade_confirmation,2,2,False
AD000319,AC000253,AD000319,POOL_UNSUPERVISED,2026-06-01T00:00:00Z,,False,pool_address_without_promotion_grade_confirmation,2,2,False
AD000320,AC000253,AD000320,POOL_UNSUPERVISED,2026-06-01T00:00:00Z,,False,pool_address_without_promotion_grade_confirmation,3,2,False
AD000321,AC000254,AD000321,POOL_UNSUPERVISED,2026-06-01T00:00:00Z,,False,pool_address_without_promotion_grade_confirmation,2,4,False
AD000322,AC000255,AD000322,S-EVAL,2026-06-01T00:00:00Z,,False,surveyed_s_eval+account_of_surveyed+block_of_surveyed,1,1,True
AD000323,AC000256,AD000323,S-TRAIN,2026-06-01T00:00:00Z,obs-VS000367;obs-VS002023;obs-VS002694,True,none,2,3,False
AD000324,AC000257,AD000324,EXCLUDED,2026-06-01T00:00:00Z,,False,block_of_surveyed,4,0,True
AD000325,AC000257,AD000325,POOL_UNSUPERVISED,2026-06-01T00:00:00Z,,False,pool_address_without_promotion_grade_confirmation,1,0,False
AD000326,AC000258,AD000326,POOL_UNSUPERVISED,2026-06-01T00:00:00Z,,False,pool_address_without_promotion_grade_confirmation,0,1,False
AD000327,AC000259,AD000327,POOL_UNSUPERVISED,2026-06-01T00:00:00Z,,False,pool_address_without_promotion_grade_confirmation,3,1,False
AD000328,AC000260,AD000328,S-EVAL,2026-06-01T00:00:00Z,,False,surveyed_s_eval+account_of_surveyed+block_of_surveyed,2,2,True
AD000329,AC000260,AD000329,EXCLUDED,2026-06-01T00:00:00Z,,False,account_of_surveyed,3,2,True
AD000330,AC000261,AD000330,POOL_UNSUPERVISED,2026-06-01T00:00:00Z,,False,pool_address_without_promotion_grade_confirmation,3,2,False
AD000331,AC000261,AD000331,POOL_UNSUPERVISED,2026-06-01T00:00:00Z,,False,pool_address_without_promotion_grade_confirmation,0,2,False
AD000332,AC000262,AD000332,POOL_UNSUPERVISED,2026-06-01T00:00:00Z,,False,pool_address_without_promotion_grade_confirmation,2,3,False
AD000333,AC000263,AD000333,POOL_UNSUPERVISED,2026-06-01T00:00:00Z,,False,pool_address_without_promotion_grade_confirmation,4,1,False
AD000334,AC000264,AD000334,POOL_UNSUPERVISED,2026-06-01T00:00:00Z,,False,pool_address_without_promotion_grade_confirmation,4,0,False
AD000335,AC000265,AD000335,POOL_UNSUPERVISED,2026-06-01T00:00:00Z,,False,pool_address_without_promotion_grade_confirmation,4,2,False
AD000336,AC000266,AD000336,POOL_UNSUPERVISED,2026-06-01T00:00:00Z,,False,pool_address_without_promotion_grade_confirmation,4,1,False
AD000337,AC000266,AD000337,S-TRAIN,2026-06-01T00:00:00Z,obs-VS002212;obs-VS003243,True,none,3,1,False
AD000338,AC000267,AD000338,S-TRAIN,2026-06-01T00:00:00Z,obs-VS002011;obs-VS003476,True,none,3,1,False
AD000339,AC000268,AD000339,POOL_UNSUPERVISED,2026-06-01T00:00:00Z,,False,pool_address_without_promotion_grade_confirmation,0,2,False
AD000340,AC000269,AD000340,POOL_UNSUPERVISED,2026-06-01T00:00:00Z,,False,pool_address_without_promotion_grade_confirmation,4,1,False
AD000341,AC000270,AD000341,POOL_UNSUPERVISED,2026-06-01T00:00:00Z,,False,pool_address_without_promotion_grade_confirmation,3,3,False
AD000342,AC000271,AD000342,POOL_UNSUPERVISED,2026-06-01T00:00:00Z,,False,pool_address_without_promotion_grade_confirmation,2,2,False
AD000343,AC000272,AD000343,POOL_UNSUPERVISED,2026-06-01T00:00:00Z,,False,pool_address_without_promotion_grade_confirmation,3,2,False
AD000344,AC000273,AD000344,POOL_UNSUPERVISED,2026-06-01T00:00:00Z,,False,pool_address_without_promotion_grade_confirmation,1,3,False
AD000345,AC000274,AD000345,POOL_UNSUPERVISED,2026-06-01T00:00:00Z,,False,pool_address_without_promotion_grade_confirmation,0,3,False
AD000346,AC000275,AD000346,POOL_UNSUPERVISED,2026-06-01T00:00:00Z,,False,pool_address_without_promotion_grade_confirmation,0,0,False
AD000347,AC000276,AD000347,POOL_UNSUPERVISED,2026-06-01T00:00:00Z,,False,pool_address_without_promotion_grade_confirmation,1,1,False
AD000348,AC000277,AD000348,POOL_UNSUPERVISED,2026-06-01T00:00:00Z,,False,pool_address_without_promotion_grade_confirmation,4,4,False
AD000349,AC000278,AD000349,POOL_UNSUPERVISED,2026-06-01T00:00:00Z,,False,pool_address_without_promotion_grade_confirmation,4,4,False
AD000350,AC000278,AD000350,POOL_UNSUPERVISED,2026-06-01T00:00:00Z,,False,pool_address_without_promotion_grade_confirmation,3,4,False
AD000351,AC000279,AD000351,POOL_UNSUPERVISED,2026-06-01T00:00:00Z,,False,pool_address_without_promotion_grade_confirmation,1,1,False
AD000352,AC000280,AD000352,POOL_UNSUPERVISED,2026-06-01T00:00:00Z,,False,pool_address_without_promotion_grade_confirmation,0,3,False
AD000353,AC000280,AD000353,POOL_UNSUPERVISED,2026-06-01T00:00:00Z,,False,pool_address_without_promotion_grade_confirmation,1,3,False
AD000354,AC000281,AD000354,S-TRAIN,2026-06-01T00:00:00Z,obs-VS000276;obs-VS001584,True,none,4,1,False
AD000355,AC000282,AD000355,S-VAL,2026-06-01T00:00:00Z,obs-VS000842;obs-VS002440;obs-VS003177,True,none,4,4,False
AD000356,AC000283,AD000356,POOL_UNSUPERVISED,2026-06-01T00:00:00Z,,False,pool_address_without_promotion_grade_confirmation,2,0,False
AD000357,AC000284,AD000357,POOL_UNSUPERVISED,2026-06-01T00:00:00Z,,False,pool_address_without_promotion_grade_confirmation,4,0,False
AD000358,AC000285,AD000358,POOL_UNSUPERVISED,2026-06-01T00:00:00Z,,False,pool_address_without_promotion_grade_confirmation,1,4,False
AD000359,AC000286,AD000359,POOL_UNSUPERVISED,2026-06-01T00:00:00Z,,False,pool_address_without_promotion_grade_confirmation,3,2,False
AD000360,AC000287,AD000360,S-TRAIN,2026-06-01T00:00:00Z,obs-VS001970;obs-VS002867;obs-VS003461,True,none,1,4,False
AD000361,AC000288,AD000361,POOL_UNSUPERVISED,2026-06-01T00:00:00Z,,False,pool_address_without_promotion_grade_confirmation,0,4,False
AD000362,AC000288,AD000362,POOL_UNSUPERVISED,2026-06-01T00:00:00Z,,False,pool_address_without_promotion_grade_confirmation,1,4,False
AD000363,AC000289,AD000363,POOL_UNSUPERVISED,2026-06-01T00:00:00Z,,False,pool_address_without_promotion_grade_confirmation,3,3,False
AD000364,AC000290,AD000364,POOL_UNSUPERVISED,2026-06-01T00:00:00Z,,False,pool_address_without_promotion_grade_confirmation,1,2,False
AD000365,AC000291,AD000365,POOL_UNSUPERVISED,2026-06-01T00:00:00Z,,False,pool_address_without_promotion_grade_confirmation,1,3,False
AD000366,AC000292,AD000366,POOL_UNSUPERVISED,2026-06-01T00:00:00Z,,False,pool_address_without_promotion_grade_confirmation,0,4,False
AD000367,AC000293,AD000367,POOL_UNSUPERVISED,2026-06-01T00:00:00Z,,False,pool_address_without_promotion_grade_confirmation,2,1,False
AD000368,AC000293,AD000368,POOL_UNSUPERVISED,2026-06-01T00:00:00Z,,False,pool_address_without_promotion_grade_confirmation,3,1,False
AD000369,AC000294,AD000369,S-TRAIN,2026-06-01T00:00:00Z,obs-VS000875;obs-VS001760,True,none,3,4,False
AD000370,AC000294,AD000370,POOL_UNSUPERVISED,2026-06-01T00:00:00Z,,False,pool_address_without_promotion_grade_confirmation,4,4,False
AD000371,AC000295,AD000371,POOL_UNSUPERVISED,2026-06-01T00:00:00Z,,False,pool_address_without_promotion_grade_confirmation,0,2,False
AD000372,AC000296,AD000372,POOL_UNSUPERVISED,2026-06-01T00:00:00Z,,False,pool_address_without_promotion_grade_confirmation,0,0,False
AD000373,AC000296,AD000373,POOL_UNSUPERVISED,2026-06-01T00:00:00Z,,False,pool_address_without_promotion_grade_confirmation,4,0,False
AD000374,AC000297,AD000374,POOL_UNSUPERVISED,2026-06-01T00:00:00Z,,False,pool_address_without_promotion_grade_confirmation,0,3,False
AD000375,AC000297,AD000375,POOL_UNSUPERVISED,2026-06-01T00:00:00Z,,False,pool_address_without_promotion_grade_confirmation,2,3,False
AD000376,AC000298,AD000376,POOL_UNSUPERVISED,2026-06-01T00:00:00Z,,False,pool_address_without_promotion_grade_confirmation,4,2,False
AD000377,AC000299,AD000377,POOL_UNSUPERVISED,2026-06-01T00:00:00Z,,False,pool_address_without_promotion_grade_confirmation,3,4,False
AD000378,AC000300,AD000378,POOL_UNSUPERVISED,2026-06-01T00:00:00Z,,False,pool_address_without_promotion_grade_confirmation,3,1,False
AD000379,AC000301,AD000379,S-VAL,2026-06-01T00:00:00Z,obs-VS001798;obs-VS002655;obs-VS003408,True,none,2,2,False
AD000380,AC000302,AD000380,POOL_UNSUPERVISED,2026-06-01T00:00:00Z,,False,pool_address_without_promotion_grade_confirmation,2,3,False
AD000381,AC000303,AD000381,POOL_UNSUPERVISED,2026-06-01T00:00:00Z,,False,pool_address_without_promotion_grade_confirmation,2,1,False
AD000382,AC000304,AD000382,POOL_UNSUPERVISED,2026-06-01T00:00:00Z,,False,pool_address_without_promotion_grade_confirmation,2,2,False
AD000383,AC000305,AD000383,POOL_UNSUPERVISED,2026-06-01T00:00:00Z,,False,pool_address_without_promotion_grade_confirmation,1,0,False
AD000384,AC000306,AD000384,POOL_UNSUPERVISED,2026-06-01T00:00:00Z,,False,pool_address_without_promotion_grade_confirmation,4,3,False
AD000385,AC000307,AD000385,POOL_UNSUPERVISED,2026-06-01T00:00:00Z,,False,pool_address_without_promotion_grade_confirmation,3,4,False
AD000386,AC000308,AD000386,POOL_UNSUPERVISED,2026-06-01T00:00:00Z,,False,pool_address_without_promotion_grade_confirmation,4,2,False
AD000387,AC000308,AD000387,S-TRAIN,2026-06-01T00:00:00Z,obs-VS001562;obs-VS002876,True,none,3,2,False
AD000388,AC000309,AD000388,POOL_UNSUPERVISED,2026-06-01T00:00:00Z,,False,pool_address_without_promotion_grade_confirmation,3,1,False
AD000389,AC000310,AD000389,POOL_UNSUPERVISED,2026-06-01T00:00:00Z,,False,pool_address_without_promotion_grade_confirmation,1,2,False
AD000390,AC000311,AD000390,POOL_UNSUPERVISED,2026-06-01T00:00:00Z,,False,pool_address_without_promotion_grade_confirmation,1,2,False
AD000391,AC000311,AD000391,POOL_UNSUPERVISED,2026-06-01T00:00:00Z,,False,pool_address_without_promotion_grade_confirmation,2,2,False
AD000392,AC000312,AD000392,POOL_UNSUPERVISED,2026-06-01T00:00:00Z,,False,pool_address_without_promotion_grade_confirmation,1,3,False
AD000393,AC000313,AD000393,POOL_UNSUPERVISED,2026-06-01T00:00:00Z,,False,pool_address_without_promotion_grade_confirmation,0,0,False
AD000394,AC000314,AD000394,POOL_UNSUPERVISED,2026-06-01T00:00:00Z,,False,pool_address_without_promotion_grade_confirmation,0,1,False
AD000395,AC000315,AD000395,POOL_UNSUPERVISED,2026-06-01T00:00:00Z,,False,pool_address_without_promotion_grade_confirmation,1,3,False
AD000396,AC000315,AD000396,POOL_UNSUPERVISED,2026-06-01T00:00:00Z,,False,pool_address_without_promotion_grade_confirmation,3,3,False
AD000397,AC000316,AD000397,S-TRAIN,2026-06-01T00:00:00Z,obs-VS001442;obs-VS003640,True,none,1,4,False
AD000398,AC000317,AD000398,POOL_UNSUPERVISED,2026-06-01T00:00:00Z,,False,pool_address_without_promotion_grade_confirmation,2,3,False
AD000399,AC000317,AD000399,POOL_UNSUPERVISED,2026-06-01T00:00:00Z,,False,pool_address_without_promotion_grade_confirmation,0,3,False
AD000400,AC000318,AD000400,POOL_UNSUPERVISED,2026-06-01T00:00:00Z,,False,pool_address_without_promotion_grade_confirmation,4,1,False
AD000401,AC000319,AD000401,POOL_UNSUPERVISED,2026-06-01T00:00:00Z,,False,pool_address_without_promotion_grade_confirmation,1,3,False
AD000402,AC000320,AD000402,POOL_UNSUPERVISED,2026-06-01T00:00:00Z,,False,pool_address_without_promotion_grade_confirmation,0,4,False
AD000403,AC000320,AD000403,POOL_UNSUPERVISED,2026-06-01T00:00:00Z,,False,pool_address_without_promotion_grade_confirmation,3,4,False
AD000404,AC000321,AD000404,POOL_UNSUPERVISED,2026-06-01T00:00:00Z,,False,pool_address_without_promotion_grade_confirmation,4,2,False
AD000405,AC000322,AD000405,POOL_UNSUPERVISED,2026-06-01T00:00:00Z,,False,pool_address_without_promotion_grade_confirmation,4,3,False
AD000406,AC000323,AD000406,POOL_UNSUPERVISED,2026-06-01T00:00:00Z,,False,pool_address_without_promotion_grade_confirmation,2,3,False
AD000407,AC000324,AD000407,POOL_UNSUPERVISED,2026-06-01T00:00:00Z,,False,pool_address_without_promotion_grade_confirmation,0,2,False
AD000408,AC000324,AD000408,POOL_UNSUPERVISED,2026-06-01T00:00:00Z,,False,pool_address_without_promotion_grade_confirmation,2,2,False
AD000409,AC000325,AD000409,POOL_UNSUPERVISED,2026-06-01T00:00:00Z,,False,pool_address_without_promotion_grade_confirmation,0,2,False
AD000410,AC000325,AD000410,POOL_UNSUPERVISED,2026-06-01T00:00:00Z,,False,pool_address_without_promotion_grade_confirmation,4,2,False
AD000411,AC000326,AD000411,POOL_UNSUPERVISED,2026-06-01T00:00:00Z,,False,pool_address_without_promotion_grade_confirmation,2,3,False
AD000412,AC000327,AD000412,S-TRAIN,2026-06-01T00:00:00Z,obs-VS000687;obs-VS001276;obs-VS002003,True,none,1,3,False
AD000413,AC000327,AD000413,POOL_UNSUPERVISED,2026-06-01T00:00:00Z,,False,pool_address_without_promotion_grade_confirmation,0,3,False
AD000414,AC000328,AD000414,POOL_UNSUPERVISED,2026-06-01T00:00:00Z,,False,pool_address_without_promotion_grade_confirmation,4,1,False
AD000415,AC000328,AD000415,POOL_UNSUPERVISED,2026-06-01T00:00:00Z,,False,pool_address_without_promotion_grade_confirmation,1,1,False
AD000416,AC000329,AD000416,POOL_UNSUPERVISED,2026-06-01T00:00:00Z,,False,pool_address_without_promotion_grade_confirmation,3,1,False
AD000417,AC000330,AD000417,POOL_UNSUPERVISED,2026-06-01T00:00:00Z,,False,pool_address_without_promotion_grade_confirmation,4,1,False
AD000418,AC000331,AD000418,POOL_UNSUPERVISED,2026-06-01T00:00:00Z,,False,pool_address_without_promotion_grade_confirmation,1,2,False
AD000419,AC000332,AD000419,POOL_UNSUPERVISED,2026-06-01T00:00:00Z,,False,pool_address_without_promotion_grade_confirmation,1,1,False
AD000420,AC000333,AD000420,POOL_UNSUPERVISED,2026-06-01T00:00:00Z,,False,pool_address_without_promotion_grade_confirmation,2,0,False
AD000421,AC000334,AD000421,POOL_UNSUPERVISED,2026-06-01T00:00:00Z,,False,pool_address_without_promotion_grade_confirmation,0,0,False
AD000422,AC000334,AD000422,POOL_UNSUPERVISED,2026-06-01T00:00:00Z,,False,pool_address_without_promotion_grade_confirmation,2,0,False
AD000423,AC000335,AD000423,POOL_UNSUPERVISED,2026-06-01T00:00:00Z,,False,pool_address_without_promotion_grade_confirmation,3,0,False
AD000424,AC000336,AD000424,S-TRAIN,2026-06-01T00:00:00Z,obs-VS000113;obs-VS000768;obs-VS001500;obs-VS002219;obs-VS002890;obs-VS003463,True,none,1,0,False
AD000425,AC000336,AD000425,POOL_UNSUPERVISED,2026-06-01T00:00:00Z,,False,pool_address_without_promotion_grade_confirmation,2,0,False
AD000426,AC000337,AD000426,POOL_UNSUPERVISED,2026-06-01T00:00:00Z,,False,pool_address_without_promotion_grade_confirmation,4,3,False
AD000427,AC000337,AD000427,POOL_UNSUPERVISED,2026-06-01T00:00:00Z,,False,pool_address_without_promotion_grade_confirmation,3,3,False
AD000428,AC000338,AD000428,POOL_UNSUPERVISED,2026-06-01T00:00:00Z,,False,pool_address_without_promotion_grade_confirmation,0,3,False
AD000429,AC000338,AD000429,POOL_UNSUPERVISED,2026-06-01T00:00:00Z,,False,pool_address_without_promotion_grade_confirmation,3,3,False
AD000430,AC000339,AD000430,S-TRAIN,2026-06-01T00:00:00Z,obs-VS002214;obs-VS003539,True,none,3,4,False
AD000431,AC000339,AD000431,POOL_UNSUPERVISED,2026-06-01T00:00:00Z,,False,pool_address_without_promotion_grade_confirmation,3,4,False
AD000432,AC000340,AD000432,POOL_UNSUPERVISED,2026-06-01T00:00:00Z,,False,pool_address_without_promotion_grade_confirmation,4,0,False
AD000433,AC000341,AD000433,S-TRAIN,2026-06-01T00:00:00Z,obs-VS000651;obs-VS002919,True,none,4,1,False
AD000434,AC000342,AD000434,POOL_UNSUPERVISED,2026-06-01T00:00:00Z,,False,pool_address_without_promotion_grade_confirmation,1,3,False
AD000435,AC000343,AD000435,POOL_UNSUPERVISED,2026-06-01T00:00:00Z,,False,pool_address_without_promotion_grade_confirmation,0,3,False
AD000436,AC000344,AD000436,POOL_UNSUPERVISED,2026-06-01T00:00:00Z,,False,pool_address_without_promotion_grade_confirmation,1,3,False
AD000437,AC000345,AD000437,POOL_UNSUPERVISED,2026-06-01T00:00:00Z,,False,pool_address_without_promotion_grade_confirmation,0,1,False
AD000438,AC000346,AD000438,POOL_UNSUPERVISED,2026-06-01T00:00:00Z,,False,pool_address_without_promotion_grade_confirmation,1,3,False
AD000439,AC000346,AD000439,POOL_UNSUPERVISED,2026-06-01T00:00:00Z,,False,pool_address_without_promotion_grade_confirmation,0,3,False
AD000440,AC000347,AD000440,POOL_UNSUPERVISED,2026-06-01T00:00:00Z,,False,pool_address_without_promotion_grade_confirmation,4,3,False
AD000441,AC000348,AD000441,POOL_UNSUPERVISED,2026-06-01T00:00:00Z,,False,pool_address_without_promotion_grade_confirmation,2,2,False
AD000442,AC000348,AD000442,POOL_UNSUPERVISED,2026-06-01T00:00:00Z,,False,pool_address_without_promotion_grade_confirmation,2,2,False
AD000443,AC000349,AD000443,POOL_UNSUPERVISED,2026-06-01T00:00:00Z,,False,pool_address_without_promotion_grade_confirmation,1,2,False
AD000444,AC000349,AD000444,POOL_UNSUPERVISED,2026-06-01T00:00:00Z,,False,pool_address_without_promotion_grade_confirmation,4,2,False
AD000445,AC000350,AD000445,POOL_UNSUPERVISED,2026-06-01T00:00:00Z,,False,pool_address_without_promotion_grade_confirmation,3,0,False
AD000446,AC000351,AD000446,POOL_UNSUPERVISED,2026-06-01T00:00:00Z,,False,pool_address_without_promotion_grade_confirmation,2,0,False
AD000447,AC000352,AD000447,POOL_UNSUPERVISED,2026-06-01T00:00:00Z,,False,pool_address_without_promotion_grade_confirmation,0,2,False
AD000448,AC000353,AD000448,POOL_UNSUPERVISED,2026-06-01T00:00:00Z,,False,pool_address_without_promotion_grade_confirmation,3,0,False
AD000449,AC000354,AD000449,POOL_UNSUPERVISED,2026-06-01T00:00:00Z,,False,pool_address_without_promotion_grade_confirmation,3,1,False
AD000450,AC000355,AD000450,POOL_UNSUPERVISED,2026-06-01T00:00:00Z,,False,pool_address_without_promotion_grade_confirmation,4,2,False
AD000451,AC000356,AD000451,S-TRAIN,2026-06-01T00:00:00Z,obs-VS001301;obs-VS002675,True,none,2,3,False
AD000452,AC000357,AD000452,POOL_UNSUPERVISED,2026-06-01T00:00:00Z,,False,pool_address_without_promotion_grade_confirmation,1,1,False
AD000453,AC000358,AD000453,POOL_UNSUPERVISED,2026-06-01T00:00:00Z,,False,pool_address_without_promotion_grade_confirmation,1,1,False
AD000454,AC000358,AD000454,POOL_UNSUPERVISED,2026-06-01T00:00:00Z,,False,pool_address_without_promotion_grade_confirmation,4,1,False
AD000455,AC000359,AD000455,POOL_UNSUPERVISED,2026-06-01T00:00:00Z,,False,pool_address_without_promotion_grade_confirmation,4,2,False
AD000456,AC000360,AD000456,POOL_UNSUPERVISED,2026-06-01T00:00:00Z,,False,pool_address_without_promotion_grade_confirmation,4,1,False
AD000457,AC000361,AD000457,POOL_UNSUPERVISED,2026-06-01T00:00:00Z,,False,pool_address_without_promotion_grade_confirmation,1,1,False
AD000458,AC000362,AD000458,POOL_UNSUPERVISED,2026-06-01T00:00:00Z,,False,pool_address_without_promotion_grade_confirmation,3,3,False
AD000459,AC000363,AD000459,POOL_UNSUPERVISED,2026-06-01T00:00:00Z,,False,pool_address_without_promotion_grade_confirmation,0,0,False
AD000460,AC000364,AD000460,S-VAL,2026-06-01T00:00:00Z,obs-VS000613;obs-VS003542,True,none,0,0,False
AD000461,AC000364,AD000461,POOL_UNSUPERVISED,2026-06-01T00:00:00Z,,False,pool_address_without_promotion_grade_confirmation,0,0,False
AD000462,AC000365,AD000462,POOL_UNSUPERVISED,2026-06-01T00:00:00Z,,False,pool_address_without_promotion_grade_confirmation,0,3,False
AD000463,AC000365,AD000463,POOL_UNSUPERVISED,2026-06-01T00:00:00Z,,False,pool_address_without_promotion_grade_confirmation,0,3,False
AD000464,AC000366,AD000464,POOL_UNSUPERVISED,2026-06-01T00:00:00Z,,False,pool_address_without_promotion_grade_confirmation,3,0,False
AD000465,AC000367,AD000465,POOL_UNSUPERVISED,2026-06-01T00:00:00Z,,False,pool_address_without_promotion_grade_confirmation,1,3,False
AD000466,AC000368,AD000466,POOL_UNSUPERVISED,2026-06-01T00:00:00Z,,False,pool_address_without_promotion_grade_confirmation,0,2,False
AD000467,AC000369,AD000467,POOL_UNSUPERVISED,2026-06-01T00:00:00Z,,False,pool_address_without_promotion_grade_confirmation,3,2,False
AD000468,AC000370,AD000468,POOL_UNSUPERVISED,2026-06-01T00:00:00Z,,False,pool_address_without_promotion_grade_confirmation,1,1,False
AD000469,AC000371,AD000469,POOL_UNSUPERVISED,2026-06-01T00:00:00Z,,False,pool_address_without_promotion_grade_confirmation,4,3,False
AD000470,AC000371,AD000470,POOL_UNSUPERVISED,2026-06-01T00:00:00Z,,False,pool_address_without_promotion_grade_confirmation,1,3,False
AD000471,AC000372,AD000471,POOL_UNSUPERVISED,2026-06-01T00:00:00Z,,False,pool_address_without_promotion_grade_confirmation,0,2,False
AD000472,AC000373,AD000472,POOL_UNSUPERVISED,2026-06-01T00:00:00Z,,False,pool_address_without_promotion_grade_confirmation,1,3,False
AD000473,AC000374,AD000473,POOL_UNSUPERVISED,2026-06-01T00:00:00Z,,False,pool_address_without_promotion_grade_confirmation,4,1,False
AD000474,AC000374,AD000474,POOL_UNSUPERVISED,2026-06-01T00:00:00Z,,False,pool_address_without_promotion_grade_confirmation,2,1,False
AD000475,AC000375,AD000475,S-TRAIN,2026-06-01T00:00:00Z,obs-VS001770;obs-VS003152,True,none,3,0,False
AD000476,AC000375,AD000476,POOL_UNSUPERVISED,2026-06-01T00:00:00Z,,False,pool_address_without_promotion_grade_confirmation,3,0,False
AD000477,AC000376,AD000477,POOL_UNSUPERVISED,2026-06-01T00:00:00Z,,False,pool_address_without_promotion_grade_confirmation,0,2,False
AD000478,AC000376,AD000478,POOL_UNSUPERVISED,2026-06-01T00:00:00Z,,False,pool_address_without_promotion_grade_confirmation,3,2,False
AD000479,AC000377,AD000479,POOL_UNSUPERVISED,2026-06-01T00:00:00Z,,False,pool_address_without_promotion_grade_confirmation,0,1,False
AD000480,AC000378,AD000480,POOL_UNSUPERVISED,2026-06-01T00:00:00Z,,False,pool_address_without_promotion_grade_confirmation,3,2,False
AD000481,AC000379,AD000481,POOL_UNSUPERVISED,2026-06-01T00:00:00Z,,False,pool_address_without_promotion_grade_confirmation,3,0,False
AD000482,AC000379,AD000482,POOL_UNSUPERVISED,2026-06-01T00:00:00Z,,False,pool_address_without_promotion_grade_confirmation,3,0,False
AD000483,AC000380,AD000483,POOL_UNSUPERVISED,2026-06-01T00:00:00Z,,False,pool_address_without_promotion_grade_confirmation,1,1,False
AD000484,AC000381,AD000484,POOL_UNSUPERVISED,2026-06-01T00:00:00Z,,False,pool_address_without_promotion_grade_confirmation,0,2,False
AD000485,AC000382,AD000485,POOL_UNSUPERVISED,2026-06-01T00:00:00Z,,False,pool_address_without_promotion_grade_confirmation,3,1,False
AD000486,AC000382,AD000486,POOL_UNSUPERVISED,2026-06-01T00:00:00Z,,False,pool_address_without_promotion_grade_confirmation,3,1,False
AD000487,AC000383,AD000487,POOL_UNSUPERVISED,2026-06-01T00:00:00Z,,False,pool_address_without_promotion_grade_confirmation,4,2,False
AD000488,AC000384,AD000488,POOL_UNSUPERVISED,2026-06-01T00:00:00Z,,False,pool_address_without_promotion_grade_confirmation,1,4,False
AD000489,AC000385,AD000489,POOL_UNSUPERVISED,2026-06-01T00:00:00Z,,False,pool_address_without_promotion_grade_confirmation,2,3,False
AD000490,AC000385,AD000490,POOL_UNSUPERVISED,2026-06-01T00:00:00Z,,False,pool_address_without_promotion_grade_confirmation,4,3,False
AD000491,AC000386,AD000491,POOL_UNSUPERVISED,2026-06-01T00:00:00Z,,False,pool_address_without_promotion_grade_confirmation,0,4,False
AD000492,AC000386,AD000492,POOL_UNSUPERVISED,2026-06-01T00:00:00Z,,False,pool_address_without_promotion_grade_confirmation,0,4,False
AD000493,AC000387,AD000493,POOL_UNSUPERVISED,2026-06-01T00:00:00Z,,False,pool_address_without_promotion_grade_confirmation,2,1,False
AD000494,AC000387,AD000494,POOL_UNSUPERVISED,2026-06-01T00:00:00Z,,False,pool_address_without_promotion_grade_confirmation,0,1,False
AD000495,AC000388,AD000495,POOL_UNSUPERVISED,2026-06-01T00:00:00Z,,False,pool_address_without_promotion_grade_confirmation,1,2,False
AD000496,AC000388,AD000496,POOL_UNSUPERVISED,2026-06-01T00:00:00Z,,False,pool_address_without_promotion_grade_confirmation,1,2,False
AD000497,AC000389,AD000497,POOL_UNSUPERVISED,2026-06-01T00:00:00Z,,False,pool_address_without_promotion_grade_confirmation,4,2,False
AD000498,AC000390,AD000498,POOL_UNSUPERVISED,2026-06-01T00:00:00Z,,False,pool_address_without_promotion_grade_confirmation,4,2,False
AD000499,AC000391,AD000499,POOL_UNSUPERVISED,2026-06-01T00:00:00Z,,False,pool_address_without_promotion_grade_confirmation,2,1,False
AD000500,AC000391,AD000500,POOL_UNSUPERVISED,2026-06-01T00:00:00Z,,False,pool_address_without_promotion_grade_confirmation,0,1,False
AD000501,AC000392,AD000501,POOL_UNSUPERVISED,2026-06-01T00:00:00Z,,False,pool_address_without_promotion_grade_confirmation,2,1,False
AD000502,AC000393,AD000502,POOL_UNSUPERVISED,2026-06-01T00:00:00Z,,False,pool_address_without_promotion_grade_confirmation,1,0,False
AD000503,AC000394,AD000503,POOL_UNSUPERVISED,2026-06-01T00:00:00Z,,False,pool_address_without_promotion_grade_confirmation,4,1,False
AD000504,AC000395,AD000504,POOL_UNSUPERVISED,2026-06-01T00:00:00Z,,False,pool_address_without_promotion_grade_confirmation,3,3,False
AD000505,AC000396,AD000505,POOL_UNSUPERVISED,2026-06-01T00:00:00Z,,False,pool_address_without_promotion_grade_confirmation,2,2,False
AD000506,AC000397,AD000506,POOL_UNSUPERVISED,2026-06-01T00:00:00Z,,False,pool_address_without_promotion_grade_confirmation,4,1,False
AD000507,AC000397,AD000507,POOL_UNSUPERVISED,2026-06-01T00:00:00Z,,False,pool_address_without_promotion_grade_confirmation,3,1,False
AD000508,AC000398,AD000508,POOL_UNSUPERVISED,2026-06-01T00:00:00Z,,False,pool_address_without_promotion_grade_confirmation,0,3,False
AD000509,AC000399,AD000509,POOL_UNSUPERVISED,2026-06-01T00:00:00Z,,False,pool_address_without_promotion_grade_confirmation,2,3,False
AD000510,AC000400,AD000510,POOL_UNSUPERVISED,2026-06-01T00:00:00Z,,False,pool_address_without_promotion_grade_confirmation,4,3,False
AD000511,AC000401,AD000511,POOL_UNSUPERVISED,2026-06-01T00:00:00Z,,False,pool_address_without_promotion_grade_confirmation,2,4,False
AD000512,AC000401,AD000512,POOL_UNSUPERVISED,2026-06-01T00:00:00Z,,False,pool_address_without_promotion_grade_confirmation,4,4,False
AD000513,AC000402,AD000513,POOL_UNSUPERVISED,2026-06-01T00:00:00Z,,False,pool_address_without_promotion_grade_confirmation,0,1,False
AD000514,AC000402,AD000514,POOL_UNSUPERVISED,2026-06-01T00:00:00Z,,False,pool_address_without_promotion_grade_confirmation,2,1,False
AD000515,AC000403,AD000515,POOL_UNSUPERVISED,2026-06-01T00:00:00Z,,False,pool_address_without_promotion_grade_confirmation,2,0,False
AD000516,AC000403,AD000516,POOL_UNSUPERVISED,2026-06-01T00:00:00Z,,False,pool_address_without_promotion_grade_confirmation,3,0,False
AD000517,AC000404,AD000517,S-VAL,2026-06-01T00:00:00Z,obs-VS001192;obs-VS001834;obs-VS002500,True,none,4,4,False
AD000518,AC000404,AD000518,POOL_UNSUPERVISED,2026-06-01T00:00:00Z,,False,pool_address_without_promotion_grade_confirmation,2,4,False
AD000519,AC000405,AD000519,POOL_UNSUPERVISED,2026-06-01T00:00:00Z,,False,pool_address_without_promotion_grade_confirmation,1,3,False
AD000520,AC000405,AD000520,POOL_UNSUPERVISED,2026-06-01T00:00:00Z,,False,pool_address_without_promotion_grade_confirmation,4,3,False
AD000521,AC000406,AD000521,POOL_UNSUPERVISED,2026-06-01T00:00:00Z,,False,pool_address_without_promotion_grade_confirmation,2,3,False
AD000522,AC000407,AD000522,POOL_UNSUPERVISED,2026-06-01T00:00:00Z,,False,pool_address_without_promotion_grade_confirmation,2,3,False
AD000523,AC000407,AD000523,POOL_UNSUPERVISED,2026-06-01T00:00:00Z,,False,pool_address_without_promotion_grade_confirmation,4,3,False
AD000524,AC000408,AD000524,S-TRAIN,2026-06-01T00:00:00Z,obs-VS000089;obs-VS000730;obs-VS001396,True,none,1,4,False
AD000525,AC000409,AD000525,S-EVAL,2026-06-01T00:00:00Z,,False,surveyed_s_eval+account_of_surveyed+block_of_surveyed,1,0,True
AD000526,AC000410,AD000526,S-TRAIN,2026-06-01T00:00:00Z,obs-VS001748;obs-VS003130,True,none,1,4,False
AD000527,AC000411,AD000527,S-EVAL,2026-06-01T00:00:00Z,,False,surveyed_s_eval+account_of_surveyed+block_of_surveyed,4,2,True
AD000528,AC000412,AD000528,POOL_UNSUPERVISED,2026-06-01T00:00:00Z,,False,pool_address_without_promotion_grade_confirmation,0,3,False
AD000529,AC000413,AD000529,S-VAL,2026-06-01T00:00:00Z,obs-VS002573;obs-VS003214,True,none,3,3,False
AD000530,AC000413,AD000530,POOL_UNSUPERVISED,2026-06-01T00:00:00Z,,False,pool_address_without_promotion_grade_confirmation,2,3,False
AD000531,AC000414,AD000531,POOL_UNSUPERVISED,2026-06-01T00:00:00Z,,False,pool_address_without_promotion_grade_confirmation,0,3,False
AD000532,AC000415,AD000532,POOL_UNSUPERVISED,2026-06-01T00:00:00Z,,False,pool_address_without_promotion_grade_confirmation,1,0,False
AD000533,AC000415,AD000533,POOL_UNSUPERVISED,2026-06-01T00:00:00Z,,False,pool_address_without_promotion_grade_confirmation,1,0,False
AD000534,AC000416,AD000534,POOL_UNSUPERVISED,2026-06-01T00:00:00Z,,False,pool_address_without_promotion_grade_confirmation,1,0,False
AD000535,AC000416,AD000535,POOL_UNSUPERVISED,2026-06-01T00:00:00Z,,False,pool_address_without_promotion_grade_confirmation,1,0,False
AD000536,AC000417,AD000536,POOL_UNSUPERVISED,2026-06-01T00:00:00Z,,False,pool_address_without_promotion_grade_confirmation,2,2,False
AD000537,AC000417,AD000537,POOL_UNSUPERVISED,2026-06-01T00:00:00Z,,False,pool_address_without_promotion_grade_confirmation,0,2,False
AD000538,AC000418,AD000538,POOL_UNSUPERVISED,2026-06-01T00:00:00Z,,False,pool_address_without_promotion_grade_confirmation,0,0,False
AD000539,AC000418,AD000539,POOL_UNSUPERVISED,2026-06-01T00:00:00Z,,False,pool_address_without_promotion_grade_confirmation,1,0,False
AD000540,AC000419,AD000540,POOL_UNSUPERVISED,2026-06-01T00:00:00Z,,False,pool_address_without_promotion_grade_confirmation,3,2,False
AD000541,AC000420,AD000541,S-TRAIN,2026-06-01T00:00:00Z,obs-VS000739;obs-VS001399;obs-VS002704,True,none,4,1,False
AD000542,AC000421,AD000542,POOL_UNSUPERVISED,2026-06-01T00:00:00Z,,False,pool_address_without_promotion_grade_confirmation,3,4,False
AD000543,AC000422,AD000543,POOL_UNSUPERVISED,2026-06-01T00:00:00Z,,False,pool_address_without_promotion_grade_confirmation,1,2,False
AD000544,AC000423,AD000544,POOL_UNSUPERVISED,2026-06-01T00:00:00Z,,False,pool_address_without_promotion_grade_confirmation,4,2,False
AD000545,AC000424,AD000545,POOL_UNSUPERVISED,2026-06-01T00:00:00Z,,False,pool_address_without_promotion_grade_confirmation,0,3,False
AD000546,AC000424,AD000546,POOL_UNSUPERVISED,2026-06-01T00:00:00Z,,False,pool_address_without_promotion_grade_confirmation,0,3,False
AD000547,AC000425,AD000547,POOL_UNSUPERVISED,2026-06-01T00:00:00Z,,False,pool_address_without_promotion_grade_confirmation,2,2,False
AD000548,AC000426,AD000548,POOL_UNSUPERVISED,2026-06-01T00:00:00Z,,False,pool_address_without_promotion_grade_confirmation,1,1,False
AD000549,AC000426,AD000549,POOL_UNSUPERVISED,2026-06-01T00:00:00Z,,False,pool_address_without_promotion_grade_confirmation,4,1,False
AD000550,AC000427,AD000550,POOL_UNSUPERVISED,2026-06-01T00:00:00Z,,False,pool_address_without_promotion_grade_confirmation,2,3,False
AD000551,AC000428,AD000551,POOL_UNSUPERVISED,2026-06-01T00:00:00Z,,False,pool_address_without_promotion_grade_confirmation,3,0,False
AD000552,AC000429,AD000552,POOL_UNSUPERVISED,2026-06-01T00:00:00Z,,False,pool_address_without_promotion_grade_confirmation,3,4,False
AD000553,AC000430,AD000553,POOL_UNSUPERVISED,2026-06-01T00:00:00Z,,False,pool_address_without_promotion_grade_confirmation,3,2,False
AD000554,AC000431,AD000554,POOL_UNSUPERVISED,2026-06-01T00:00:00Z,,False,pool_address_without_promotion_grade_confirmation,0,3,False
AD000555,AC000431,AD000555,POOL_UNSUPERVISED,2026-06-01T00:00:00Z,,False,pool_address_without_promotion_grade_confirmation,0,3,False
AD000556,AC000432,AD000556,POOL_UNSUPERVISED,2026-06-01T00:00:00Z,,False,pool_address_without_promotion_grade_confirmation,2,4,False
AD000557,AC000433,AD000557,POOL_UNSUPERVISED,2026-06-01T00:00:00Z,,False,pool_address_without_promotion_grade_confirmation,0,3,False
AD000558,AC000434,AD000558,POOL_UNSUPERVISED,2026-06-01T00:00:00Z,,False,pool_address_without_promotion_grade_confirmation,1,2,False
AD000559,AC000434,AD000559,POOL_UNSUPERVISED,2026-06-01T00:00:00Z,,False,pool_address_without_promotion_grade_confirmation,1,2,False
AD000560,AC000435,AD000531,S-TRAIN,2026-06-01T00:00:00Z,obs-VS000183;obs-VS002073;obs-VS003392,True,none,0,2,False
AD000561,AC000436,AD000561,S-EVAL,2026-06-01T00:00:00Z,,False,surveyed_s_eval+account_of_surveyed+block_of_surveyed,4,1,True
AD000562,AC000436,AD000562,EXCLUDED,2026-06-01T00:00:00Z,,False,account_of_surveyed,1,1,True
AD000563,AC000437,AD000563,POOL_UNSUPERVISED,2026-06-01T00:00:00Z,,False,pool_address_without_promotion_grade_confirmation,4,4,False
AD000564,AC000437,AD000564,POOL_UNSUPERVISED,2026-06-01T00:00:00Z,,False,pool_address_without_promotion_grade_confirmation,2,4,False
AD000565,AC000438,AD000565,POOL_UNSUPERVISED,2026-06-01T00:00:00Z,,False,pool_address_without_promotion_grade_confirmation,3,4,False
AD000566,AC000439,AD000566,POOL_UNSUPERVISED,2026-06-01T00:00:00Z,,False,pool_address_without_promotion_grade_confirmation,4,0,False
AD000567,AC000440,AD000567,POOL_UNSUPERVISED,2026-06-01T00:00:00Z,,False,pool_address_without_promotion_grade_confirmation,4,3,False
AD000568,AC000441,AD000568,POOL_UNSUPERVISED,2026-06-01T00:00:00Z,,False,pool_address_without_promotion_grade_confirmation,4,1,False
AD000569,AC000442,AD000569,POOL_UNSUPERVISED,2026-06-01T00:00:00Z,,False,pool_address_without_promotion_grade_confirmation,3,4,False
AD000570,AC000443,AD000291,EXCLUDED,2026-06-01T00:00:00Z,,False,block_of_surveyed,4,0,True
AD000571,AC000443,AD000571,POOL_UNSUPERVISED,2026-06-01T00:00:00Z,,False,pool_address_without_promotion_grade_confirmation,3,0,False
AD000572,AC000444,AD000572,S-EVAL,2026-06-01T00:00:00Z,,False,surveyed_s_eval+account_of_surveyed+block_of_surveyed,4,0,True
AD000573,AC000445,AD000573,POOL_UNSUPERVISED,2026-06-01T00:00:00Z,,False,pool_address_without_promotion_grade_confirmation,0,4,False
AD000574,AC000446,AD000574,S-EVAL,2026-06-01T00:00:00Z,,False,surveyed_s_eval+account_of_surveyed+block_of_surveyed,4,2,True
AD000575,AC000446,AD000575,EXCLUDED,2026-06-01T00:00:00Z,,False,account_of_surveyed,4,2,True
AD000576,AC000447,AD000576,POOL_UNSUPERVISED,2026-06-01T00:00:00Z,,False,pool_address_without_promotion_grade_confirmation,4,4,False
AD000577,AC000447,AD000577,POOL_UNSUPERVISED,2026-06-01T00:00:00Z,,False,pool_address_without_promotion_grade_confirmation,4,4,False
AD000578,AC000448,AD000578,POOL_UNSUPERVISED,2026-06-01T00:00:00Z,,False,pool_address_without_promotion_grade_confirmation,2,2,False
AD000579,AC000449,AD000579,POOL_UNSUPERVISED,2026-06-01T00:00:00Z,,False,pool_address_without_promotion_grade_confirmation,1,4,False
AD000580,AC000450,AD000580,POOL_UNSUPERVISED,2026-06-01T00:00:00Z,,False,pool_address_without_promotion_grade_confirmation,1,0,False
AD000581,AC000451,AD000581,POOL_UNSUPERVISED,2026-06-01T00:00:00Z,,False,pool_address_without_promotion_grade_confirmation,2,0,False
AD000582,AC000451,AD000582,POOL_UNSUPERVISED,2026-06-01T00:00:00Z,,False,pool_address_without_promotion_grade_confirmation,4,0,False
AD000583,AC000452,AD000583,POOL_UNSUPERVISED,2026-06-01T00:00:00Z,,False,pool_address_without_promotion_grade_confirmation,1,3,False
AD000584,AC000453,AD000584,POOL_UNSUPERVISED,2026-06-01T00:00:00Z,,False,pool_address_without_promotion_grade_confirmation,4,3,False
AD000585,AC000454,AD000585,POOL_UNSUPERVISED,2026-06-01T00:00:00Z,,False,pool_address_without_promotion_grade_confirmation,0,3,False
AD000586,AC000455,AD000586,POOL_UNSUPERVISED,2026-06-01T00:00:00Z,,False,pool_address_without_promotion_grade_confirmation,4,3,False
AD000587,AC000456,AD000587,POOL_UNSUPERVISED,2026-06-01T00:00:00Z,,False,pool_address_without_promotion_grade_confirmation,2,0,False
AD000588,AC000457,AD000588,POOL_UNSUPERVISED,2026-06-01T00:00:00Z,,False,pool_address_without_promotion_grade_confirmation,2,1,False
AD000589,AC000458,AD000589,S-TRAIN,2026-06-01T00:00:00Z,obs-VS000301;obs-VS000947;obs-VS001614;obs-VS002263;obs-VS002929;obs-VS003587,True,none,0,4,False
AD000590,AC000459,AD000590,POOL_UNSUPERVISED,2026-06-01T00:00:00Z,,False,pool_address_without_promotion_grade_confirmation,3,0,False
AD000591,AC000459,AD000591,POOL_UNSUPERVISED,2026-06-01T00:00:00Z,,False,pool_address_without_promotion_grade_confirmation,0,0,False
AD000592,AC000460,AD000592,POOL_UNSUPERVISED,2026-06-01T00:00:00Z,,False,pool_address_without_promotion_grade_confirmation,3,2,False
AD000593,AC000461,AD000593,POOL_UNSUPERVISED,2026-06-01T00:00:00Z,,False,pool_address_without_promotion_grade_confirmation,0,3,False
AD000594,AC000462,AD000594,POOL_UNSUPERVISED,2026-06-01T00:00:00Z,,False,pool_address_without_promotion_grade_confirmation,1,3,False
AD000595,AC000463,AD000595,POOL_UNSUPERVISED,2026-06-01T00:00:00Z,,False,pool_address_without_promotion_grade_confirmation,2,3,False
AD000596,AC000464,AD000596,POOL_UNSUPERVISED,2026-06-01T00:00:00Z,,False,pool_address_without_promotion_grade_confirmation,2,3,False
AD000597,AC000464,AD000597,POOL_UNSUPERVISED,2026-06-01T00:00:00Z,,False,pool_address_without_promotion_grade_confirmation,0,3,False
AD000598,AC000465,AD000598,POOL_UNSUPERVISED,2026-06-01T00:00:00Z,,False,pool_address_without_promotion_grade_confirmation,0,3,False
AD000599,AC000466,AD000599,POOL_UNSUPERVISED,2026-06-01T00:00:00Z,,False,pool_address_without_promotion_grade_confirmation,2,3,False
AD000600,AC000467,AD000600,POOL_UNSUPERVISED,2026-06-01T00:00:00Z,,False,pool_address_without_promotion_grade_confirmation,0,1,False
AD000601,AC000468,AD000601,POOL_UNSUPERVISED,2026-06-01T00:00:00Z,,False,pool_address_without_promotion_grade_confirmation,3,3,False
AD000602,AC000469,AD000602,S-TRAIN,2026-06-01T00:00:00Z,obs-VS000295;obs-VS000941;obs-VS002341;obs-VS002927,True,none,3,1,False
AD000603,AC000470,AD000603,POOL_UNSUPERVISED,2026-06-01T00:00:00Z,,False,pool_address_without_promotion_grade_confirmation,3,0,False
AD000604,AC000471,AD000604,POOL_UNSUPERVISED,2026-06-01T00:00:00Z,,False,pool_address_without_promotion_grade_confirmation,2,2,False
AD000605,AC000472,AD000605,S-EVAL,2026-06-01T00:00:00Z,,False,surveyed_s_eval+account_of_surveyed+block_of_surveyed,4,0,True
AD000606,AC000473,AD000606,POOL_UNSUPERVISED,2026-06-01T00:00:00Z,,False,pool_address_without_promotion_grade_confirmation,2,1,False
AD000607,AC000474,AD000607,POOL_UNSUPERVISED,2026-06-01T00:00:00Z,,False,pool_address_without_promotion_grade_confirmation,2,3,False
AD000608,AC000475,AD000608,S-TRAIN,2026-06-01T00:00:00Z,obs-VS000154;obs-VS000806;obs-VS001475;obs-VS003369,True,none,0,1,False
AD000609,AC000476,AD000609,POOL_UNSUPERVISED,2026-06-01T00:00:00Z,,False,pool_address_without_promotion_grade_confirmation,3,3,False
AD000610,AC000476,AD000610,POOL_UNSUPERVISED,2026-06-01T00:00:00Z,,False,pool_address_without_promotion_grade_confirmation,2,3,False
AD000611,AC000477,AD000611,POOL_UNSUPERVISED,2026-06-01T00:00:00Z,,False,pool_address_without_promotion_grade_confirmation,4,4,False
AD000612,AC000477,AD000612,POOL_UNSUPERVISED,2026-06-01T00:00:00Z,,False,pool_address_without_promotion_grade_confirmation,4,4,False
AD000613,AC000478,AD000613,S-TRAIN,2026-06-01T00:00:00Z,obs-VS000118;obs-VS002222;obs-VS002892,True,none,0,3,False
AD000614,AC000479,AD000614,POOL_UNSUPERVISED,2026-06-01T00:00:00Z,,False,pool_address_without_promotion_grade_confirmation,4,4,False
AD000615,AC000479,AD000615,POOL_UNSUPERVISED,2026-06-01T00:00:00Z,,False,pool_address_without_promotion_grade_confirmation,2,4,False
AD000616,AC000480,AD000616,POOL_UNSUPERVISED,2026-06-01T00:00:00Z,,False,pool_address_without_promotion_grade_confirmation,4,0,False
AD000617,AC000481,AD000617,POOL_UNSUPERVISED,2026-06-01T00:00:00Z,,False,pool_address_without_promotion_grade_confirmation,1,2,False
AD000618,AC000481,AD000618,POOL_UNSUPERVISED,2026-06-01T00:00:00Z,,False,pool_address_without_promotion_grade_confirmation,0,2,False
AD000619,AC000482,AD000619,POOL_UNSUPERVISED,2026-06-01T00:00:00Z,,False,pool_address_without_promotion_grade_confirmation,0,4,False
AD000620,AC000483,AD000620,POOL_UNSUPERVISED,2026-06-01T00:00:00Z,,False,pool_address_without_promotion_grade_confirmation,3,0,False
AD000621,AC000483,AD000621,POOL_UNSUPERVISED,2026-06-01T00:00:00Z,,False,pool_address_without_promotion_grade_confirmation,4,0,False
AD000622,AC000484,AD000622,POOL_UNSUPERVISED,2026-06-01T00:00:00Z,,False,pool_address_without_promotion_grade_confirmation,0,0,False
AD000623,AC000484,AD000623,POOL_UNSUPERVISED,2026-06-01T00:00:00Z,,False,pool_address_without_promotion_grade_confirmation,0,0,False
AD000624,AC000485,AD000624,S-VAL,2026-06-01T00:00:00Z,obs-VS000905;obs-VS003039,True,none,0,0,False
AD000625,AC000486,AD000625,POOL_UNSUPERVISED,2026-06-01T00:00:00Z,,False,pool_address_without_promotion_grade_confirmation,1,1,False
AD000626,AC000486,AD000626,POOL_UNSUPERVISED,2026-06-01T00:00:00Z,,False,pool_address_without_promotion_grade_confirmation,4,1,False
AD000627,AC000487,AD000627,S-EVAL,2026-06-01T00:00:00Z,,False,surveyed_s_eval+account_of_surveyed+block_of_surveyed,4,4,True
AD000628,AC000488,AD000628,POOL_UNSUPERVISED,2026-06-01T00:00:00Z,,False,pool_address_without_promotion_grade_confirmation,1,2,False
AD000629,AC000488,AD000629,POOL_UNSUPERVISED,2026-06-01T00:00:00Z,,False,pool_address_without_promotion_grade_confirmation,0,2,False
AD000630,AC000489,AD000630,S-TRAIN,2026-06-01T00:00:00Z,obs-VS000165;obs-VS000817,True,none,0,4,False
AD000631,AC000490,AD000631,S-TRAIN,2026-06-01T00:00:00Z,obs-VS000707;obs-VS002407;obs-VS002987;obs-VS003645,True,none,3,1,False
AD000632,AC000491,AD000632,POOL_UNSUPERVISED,2026-06-01T00:00:00Z,,False,pool_address_without_promotion_grade_confirmation,4,3,False
AD000633,AC000492,AD000633,POOL_UNSUPERVISED,2026-06-01T00:00:00Z,,False,pool_address_without_promotion_grade_confirmation,0,0,False
AD000634,AC000493,AD000634,S-TRAIN,2026-06-01T00:00:00Z,obs-VS001496;obs-VS002149,True,none,1,4,False
AD000635,AC000494,AD000635,POOL_UNSUPERVISED,2026-06-01T00:00:00Z,,False,pool_address_without_promotion_grade_confirmation,1,2,False
AD000636,AC000494,AD000636,POOL_UNSUPERVISED,2026-06-01T00:00:00Z,,False,pool_address_without_promotion_grade_confirmation,4,2,False
AD000637,AC000495,AD000637,POOL_UNSUPERVISED,2026-06-01T00:00:00Z,,False,pool_address_without_promotion_grade_confirmation,0,3,False
AD000638,AC000496,AD000638,POOL_UNSUPERVISED,2026-06-01T00:00:00Z,,False,pool_address_without_promotion_grade_confirmation,0,1,False
AD000639,AC000497,AD000639,S-TRAIN,2026-06-01T00:00:00Z,obs-VS001450;obs-VS002164,True,none,4,1,False
AD000640,AC000497,AD000640,POOL_UNSUPERVISED,2026-06-01T00:00:00Z,,False,pool_address_without_promotion_grade_confirmation,1,1,False
AD000641,AC000498,AD000641,POOL_UNSUPERVISED,2026-06-01T00:00:00Z,,False,pool_address_without_promotion_grade_confirmation,2,3,False
AD000642,AC000499,AD000642,POOL_UNSUPERVISED,2026-06-01T00:00:00Z,,False,pool_address_without_promotion_grade_confirmation,3,0,False
AD000643,AC000499,AD000643,POOL_UNSUPERVISED,2026-06-01T00:00:00Z,,False,pool_address_without_promotion_grade_confirmation,2,0,False
AD000644,AC000500,AD000644,POOL_UNSUPERVISED,2026-06-01T00:00:00Z,,False,pool_address_without_promotion_grade_confirmation,0,2,False
AD000645,AC000501,AD000645,POOL_UNSUPERVISED,2026-06-01T00:00:00Z,,False,pool_address_without_promotion_grade_confirmation,3,0,False
AD000646,AC000502,AD000646,POOL_UNSUPERVISED,2026-06-01T00:00:00Z,,False,pool_address_without_promotion_grade_confirmation,0,0,False
AD000647,AC000503,AD000647,POOL_UNSUPERVISED,2026-06-01T00:00:00Z,,False,pool_address_without_promotion_grade_confirmation,1,1,False
AD000648,AC000503,AD000648,POOL_UNSUPERVISED,2026-06-01T00:00:00Z,,False,pool_address_without_promotion_grade_confirmation,1,1,False
AD000649,AC000504,AD000649,POOL_UNSUPERVISED,2026-06-01T00:00:00Z,,False,pool_address_without_promotion_grade_confirmation,2,2,False
AD000650,AC000505,AD000650,POOL_UNSUPERVISED,2026-06-01T00:00:00Z,,False,pool_address_without_promotion_grade_confirmation,0,4,False
AD000651,AC000505,AD000651,POOL_UNSUPERVISED,2026-06-01T00:00:00Z,,False,pool_address_without_promotion_grade_confirmation,1,4,False
AD000652,AC000506,AD000652,S-TRAIN,2026-06-01T00:00:00Z,obs-VS001902;obs-VS003361,True,none,4,3,False
AD000653,AC000507,AD000653,POOL_UNSUPERVISED,2026-06-01T00:00:00Z,,False,pool_address_without_promotion_grade_confirmation,3,1,False
AD000654,AC000508,AD000654,POOL_UNSUPERVISED,2026-06-01T00:00:00Z,,False,pool_address_without_promotion_grade_confirmation,2,1,False
AD000655,AC000509,AD000655,POOL_UNSUPERVISED,2026-06-01T00:00:00Z,,False,pool_address_without_promotion_grade_confirmation,4,2,False
AD000656,AC000510,AD000656,S-EVAL,2026-06-01T00:00:00Z,,False,surveyed_s_eval+account_of_surveyed+block_of_surveyed,1,0,True
AD000657,AC000510,AD000657,EXCLUDED,2026-06-01T00:00:00Z,,False,account_of_surveyed,4,0,True
AD000658,AC000511,AD000658,S-TRAIN,2026-06-01T00:00:00Z,obs-VS000150;obs-VS000945;obs-VS001698;obs-VS002339;obs-VS003006;obs-VS003672,True,none,3,4,False
AD000659,AC000511,AD000659,POOL_UNSUPERVISED,2026-06-01T00:00:00Z,,False,pool_address_without_promotion_grade_confirmation,3,4,False
AD000660,AC000512,AD000660,POOL_UNSUPERVISED,2026-06-01T00:00:00Z,,False,pool_address_without_promotion_grade_confirmation,0,0,False
AD000661,AC000512,AD000661,POOL_UNSUPERVISED,2026-06-01T00:00:00Z,,False,pool_address_without_promotion_grade_confirmation,4,0,False
AD000662,AC000513,AD000662,POOL_UNSUPERVISED,2026-06-01T00:00:00Z,,False,pool_address_without_promotion_grade_confirmation,4,2,False
AD000663,AC000514,AD000663,POOL_UNSUPERVISED,2026-06-01T00:00:00Z,,False,pool_address_without_promotion_grade_confirmation,3,0,False
AD000664,AC000514,AD000664,POOL_UNSUPERVISED,2026-06-01T00:00:00Z,,False,pool_address_without_promotion_grade_confirmation,2,0,False
AD000665,AC000515,AD000665,POOL_UNSUPERVISED,2026-06-01T00:00:00Z,,False,pool_address_without_promotion_grade_confirmation,0,4,False
AD000666,AC000516,AD000666,POOL_UNSUPERVISED,2026-06-01T00:00:00Z,,False,pool_address_without_promotion_grade_confirmation,3,3,False
AD000667,AC000517,AD000667,S-TRAIN,2026-06-01T00:00:00Z,obs-VS000724;obs-VS001389,True,none,3,4,False
AD000668,AC000518,AD000668,S-TRAIN,2026-06-01T00:00:00Z,obs-VS001780;obs-VS002425;obs-VS003017,True,none,2,4,False
AD000669,AC000519,AD000669,POOL_UNSUPERVISED,2026-06-01T00:00:00Z,,False,pool_address_without_promotion_grade_confirmation,2,4,False
AD000670,AC000519,AD000670,POOL_UNSUPERVISED,2026-06-01T00:00:00Z,,False,pool_address_without_promotion_grade_confirmation,0,4,False
AD000671,AC000520,AD000671,POOL_UNSUPERVISED,2026-06-01T00:00:00Z,,False,pool_address_without_promotion_grade_confirmation,0,1,False
AD000672,AC000521,AD000204,S-VAL,2026-06-01T00:00:00Z,obs-VS002813;obs-VS003478,True,none,2,2,False
AD000673,AC000522,AD000673,POOL_UNSUPERVISED,2026-06-01T00:00:00Z,,False,pool_address_without_promotion_grade_confirmation,4,2,False
AD000674,AC000523,AD000674,POOL_UNSUPERVISED,2026-06-01T00:00:00Z,,False,pool_address_without_promotion_grade_confirmation,4,0,False
AD000675,AC000523,AD000675,POOL_UNSUPERVISED,2026-06-01T00:00:00Z,,False,pool_address_without_promotion_grade_confirmation,1,0,False
AD000676,AC000524,AD000676,POOL_UNSUPERVISED,2026-06-01T00:00:00Z,,False,pool_address_without_promotion_grade_confirmation,0,4,False
AD000677,AC000524,AD000677,POOL_UNSUPERVISED,2026-06-01T00:00:00Z,,False,pool_address_without_promotion_grade_confirmation,4,4,False
AD000678,AC000525,AD000678,POOL_UNSUPERVISED,2026-06-01T00:00:00Z,,False,pool_address_without_promotion_grade_confirmation,3,1,False
AD000679,AC000526,AD000679,POOL_UNSUPERVISED,2026-06-01T00:00:00Z,,False,pool_address_without_promotion_grade_confirmation,4,0,False
AD000680,AC000527,AD000680,POOL_UNSUPERVISED,2026-06-01T00:00:00Z,,False,pool_address_without_promotion_grade_confirmation,2,4,False
AD000681,AC000528,AD000681,S-EVAL,2026-06-01T00:00:00Z,,False,surveyed_s_eval+account_of_surveyed+block_of_surveyed,0,1,True
AD000682,AC000528,AD000682,EXCLUDED,2026-06-01T00:00:00Z,,False,account_of_surveyed,2,1,True
AD000683,AC000529,AD000683,S-EVAL,2026-06-01T00:00:00Z,,False,surveyed_s_eval+account_of_surveyed+block_of_surveyed,1,0,True
AD000684,AC000529,AD000684,EXCLUDED,2026-06-01T00:00:00Z,,False,account_of_surveyed,0,0,True
AD000685,AC000530,AD000685,POOL_UNSUPERVISED,2026-06-01T00:00:00Z,,False,pool_address_without_promotion_grade_confirmation,2,2,False
AD000686,AC000531,AD000686,POOL_UNSUPERVISED,2026-06-01T00:00:00Z,,False,pool_address_without_promotion_grade_confirmation,1,4,False
AD000687,AC000532,AD000687,POOL_UNSUPERVISED,2026-06-01T00:00:00Z,,False,pool_address_without_promotion_grade_confirmation,3,1,False
AD000688,AC000533,AD000688,POOL_UNSUPERVISED,2026-06-01T00:00:00Z,,False,pool_address_without_promotion_grade_confirmation,1,2,False
AD000689,AC000534,AD000689,POOL_UNSUPERVISED,2026-06-01T00:00:00Z,,False,pool_address_without_promotion_grade_confirmation,1,3,False
AD000690,AC000535,AD000690,POOL_UNSUPERVISED,2026-06-01T00:00:00Z,,False,pool_address_without_promotion_grade_confirmation,4,3,False
AD000691,AC000535,AD000691,POOL_UNSUPERVISED,2026-06-01T00:00:00Z,,False,pool_address_without_promotion_grade_confirmation,1,3,False
AD000692,AC000536,AD000692,POOL_UNSUPERVISED,2026-06-01T00:00:00Z,,False,pool_address_without_promotion_grade_confirmation,3,4,False
AD000693,AC000537,AD000693,POOL_UNSUPERVISED,2026-06-01T00:00:00Z,,False,pool_address_without_promotion_grade_confirmation,0,4,False
AD000694,AC000538,AD000694,POOL_UNSUPERVISED,2026-06-01T00:00:00Z,,False,pool_address_without_promotion_grade_confirmation,0,0,False
AD000695,AC000538,AD000695,POOL_UNSUPERVISED,2026-06-01T00:00:00Z,,False,pool_address_without_promotion_grade_confirmation,2,0,False
AD000696,AC000539,AD000696,POOL_UNSUPERVISED,2026-06-01T00:00:00Z,,False,pool_address_without_promotion_grade_confirmation,2,4,False
AD000697,AC000540,AD000697,POOL_UNSUPERVISED,2026-06-01T00:00:00Z,,False,pool_address_without_promotion_grade_confirmation,1,1,False
AD000698,AC000540,AD000698,POOL_UNSUPERVISED,2026-06-01T00:00:00Z,,False,pool_address_without_promotion_grade_confirmation,4,1,False
AD000699,AC000541,AD000699,POOL_UNSUPERVISED,2026-06-01T00:00:00Z,,False,pool_address_without_promotion_grade_confirmation,4,3,False
AD000700,AC000542,AD000700,POOL_UNSUPERVISED,2026-06-01T00:00:00Z,,False,pool_address_without_promotion_grade_confirmation,2,1,False
AD000701,AC000543,AD000701,POOL_UNSUPERVISED,2026-06-01T00:00:00Z,,False,pool_address_without_promotion_grade_confirmation,2,3,False
AD000702,AC000544,AD000702,POOL_UNSUPERVISED,2026-06-01T00:00:00Z,,False,pool_address_without_promotion_grade_confirmation,3,3,False
AD000703,AC000545,AD000703,POOL_UNSUPERVISED,2026-06-01T00:00:00Z,,False,pool_address_without_promotion_grade_confirmation,0,1,False
AD000704,AC000546,AD000704,POOL_UNSUPERVISED,2026-06-01T00:00:00Z,,False,pool_address_without_promotion_grade_confirmation,0,0,False
AD000705,AC000547,AD000705,POOL_UNSUPERVISED,2026-06-01T00:00:00Z,,False,pool_address_without_promotion_grade_confirmation,4,0,False
AD000706,AC000547,AD000706,POOL_UNSUPERVISED,2026-06-01T00:00:00Z,,False,pool_address_without_promotion_grade_confirmation,2,0,False
AD000707,AC000548,AD000707,POOL_UNSUPERVISED,2026-06-01T00:00:00Z,,False,pool_address_without_promotion_grade_confirmation,0,2,False
AD000708,AC000549,AD000708,POOL_UNSUPERVISED,2026-06-01T00:00:00Z,,False,pool_address_without_promotion_grade_confirmation,1,2,False
AD000709,AC000549,AD000709,POOL_UNSUPERVISED,2026-06-01T00:00:00Z,,False,pool_address_without_promotion_grade_confirmation,4,2,False
AD000710,AC000550,AD000710,S-TRAIN,2026-06-01T00:00:00Z,obs-VS000624;obs-VS001358,True,none,4,2,False
AD000711,AC000551,AD000711,S-VAL,2026-06-01T00:00:00Z,obs-VS000341;obs-VS001654;obs-VS002384;obs-VS002969;obs-VS003753,True,none,0,0,False
AD000712,AC000552,AD000712,POOL_UNSUPERVISED,2026-06-01T00:00:00Z,,False,pool_address_without_promotion_grade_confirmation,0,2,False
AD000713,AC000553,AD000713,POOL_UNSUPERVISED,2026-06-01T00:00:00Z,,False,pool_address_without_promotion_grade_confirmation,2,0,False
AD000714,AC000553,AD000714,POOL_UNSUPERVISED,2026-06-01T00:00:00Z,,False,pool_address_without_promotion_grade_confirmation,2,0,False
AD000715,AC000554,AD000715,POOL_UNSUPERVISED,2026-06-01T00:00:00Z,,False,pool_address_without_promotion_grade_confirmation,2,0,False
AD000716,AC000554,AD000716,POOL_UNSUPERVISED,2026-06-01T00:00:00Z,,False,pool_address_without_promotion_grade_confirmation,3,0,False
AD000717,AC000555,AD000717,POOL_UNSUPERVISED,2026-06-01T00:00:00Z,,False,pool_address_without_promotion_grade_confirmation,0,4,False
AD000718,AC000556,AD000718,POOL_UNSUPERVISED,2026-06-01T00:00:00Z,,False,pool_address_without_promotion_grade_confirmation,0,2,False
AD000719,AC000557,AD000719,POOL_UNSUPERVISED,2026-06-01T00:00:00Z,,False,pool_address_without_promotion_grade_confirmation,2,0,False
AD000720,AC000558,AD000720,POOL_UNSUPERVISED,2026-06-01T00:00:00Z,,False,pool_address_without_promotion_grade_confirmation,2,3,False
AD000721,AC000559,AD000721,POOL_UNSUPERVISED,2026-06-01T00:00:00Z,,False,pool_address_without_promotion_grade_confirmation,3,3,False
AD000722,AC000560,AD000722,S-TRAIN,2026-06-01T00:00:00Z,obs-VS001677;obs-VS002466;obs-VS003052;obs-VS003714,True,none,0,2,False
AD000723,AC000561,AD000723,POOL_UNSUPERVISED,2026-06-01T00:00:00Z,,False,pool_address_without_promotion_grade_confirmation,3,3,False
AD000724,AC000561,AD000724,POOL_UNSUPERVISED,2026-06-01T00:00:00Z,,False,pool_address_without_promotion_grade_confirmation,4,3,False
AD000725,AC000562,AD000725,POOL_UNSUPERVISED,2026-06-01T00:00:00Z,,False,pool_address_without_promotion_grade_confirmation,2,2,False
AD000726,AC000562,AD000726,POOL_UNSUPERVISED,2026-06-01T00:00:00Z,,False,pool_address_without_promotion_grade_confirmation,0,2,False
AD000727,AC000563,AD000727,S-VAL,2026-06-01T00:00:00Z,obs-VS000134;obs-VS000787;obs-VS001457;obs-VS002775;obs-VS003578,True,none,3,3,False
AD000728,AC000564,AD000728,POOL_UNSUPERVISED,2026-06-01T00:00:00Z,,False,pool_address_without_promotion_grade_confirmation,2,3,False
AD000729,AC000564,AD000729,POOL_UNSUPERVISED,2026-06-01T00:00:00Z,,False,pool_address_without_promotion_grade_confirmation,1,3,False
AD000730,AC000565,AD000730,POOL_UNSUPERVISED,2026-06-01T00:00:00Z,,False,pool_address_without_promotion_grade_confirmation,1,2,False
AD000731,AC000566,AD000731,POOL_UNSUPERVISED,2026-06-01T00:00:00Z,,False,pool_address_without_promotion_grade_confirmation,4,2,False
AD000732,AC000567,AD000732,POOL_UNSUPERVISED,2026-06-01T00:00:00Z,,False,pool_address_without_promotion_grade_confirmation,1,4,False
AD000733,AC000568,AD000733,S-TRAIN,2026-06-01T00:00:00Z,obs-VS001103;obs-VS002338;obs-VS003590,True,none,0,1,False
AD000734,AC000569,AD000734,POOL_UNSUPERVISED,2026-06-01T00:00:00Z,,False,pool_address_without_promotion_grade_confirmation,3,2,False
AD000735,AC000570,AD000735,S-VAL,2026-06-01T00:00:00Z,obs-VS000163;obs-VS001029;obs-VS002926,True,none,0,0,False
AD000736,AC000571,AD000736,POOL_UNSUPERVISED,2026-06-01T00:00:00Z,,False,pool_address_without_promotion_grade_confirmation,0,3,False
AD000737,AC000571,AD000737,POOL_UNSUPERVISED,2026-06-01T00:00:00Z,,False,pool_address_without_promotion_grade_confirmation,1,3,False
AD000738,AC000572,AD000738,POOL_UNSUPERVISED,2026-06-01T00:00:00Z,,False,pool_address_without_promotion_grade_confirmation,1,4,False
AD000739,AC000573,AD000355,POOL_UNSUPERVISED,2026-06-01T00:00:00Z,,False,pool_address_without_promotion_grade_confirmation,4,1,False
AD000740,AC000573,AD000740,POOL_UNSUPERVISED,2026-06-01T00:00:00Z,,False,pool_address_without_promotion_grade_confirmation,4,1,False
AD000741,AC000574,AD000741,S-TRAIN,2026-06-01T00:00:00Z,obs-VS000492;obs-VS002254,True,none,1,0,False
AD000742,AC000575,AD000742,POOL_UNSUPERVISED,2026-06-01T00:00:00Z,,False,pool_address_without_promotion_grade_confirmation,3,1,False
AD000743,AC000576,AD000743,POOL_UNSUPERVISED,2026-06-01T00:00:00Z,,False,pool_address_without_promotion_grade_confirmation,3,4,False
AD000744,AC000577,AD000744,POOL_UNSUPERVISED,2026-06-01T00:00:00Z,,False,pool_address_without_promotion_grade_confirmation,4,4,False
AD000745,AC000578,AD000745,POOL_UNSUPERVISED,2026-06-01T00:00:00Z,,False,pool_address_without_promotion_grade_confirmation,4,0,False
AD000746,AC000579,AD000746,POOL_UNSUPERVISED,2026-06-01T00:00:00Z,,False,pool_address_without_promotion_grade_confirmation,1,3,False
AD000747,AC000579,AD000747,POOL_UNSUPERVISED,2026-06-01T00:00:00Z,,False,pool_address_without_promotion_grade_confirmation,2,3,False
AD000748,AC000580,AD000748,POOL_UNSUPERVISED,2026-06-01T00:00:00Z,,False,pool_address_without_promotion_grade_confirmation,4,0,False
AD000749,AC000581,AD000749,POOL_UNSUPERVISED,2026-06-01T00:00:00Z,,False,pool_address_without_promotion_grade_confirmation,4,3,False
AD000750,AC000581,AD000750,POOL_UNSUPERVISED,2026-06-01T00:00:00Z,,False,pool_address_without_promotion_grade_confirmation,4,3,False
AD000751,AC000582,AD000751,POOL_UNSUPERVISED,2026-06-01T00:00:00Z,,False,pool_address_without_promotion_grade_confirmation,2,2,False
AD000752,AC000582,AD000752,POOL_UNSUPERVISED,2026-06-01T00:00:00Z,,False,pool_address_without_promotion_grade_confirmation,2,2,False
AD000753,AC000583,AD000753,S-TRAIN,2026-06-01T00:00:00Z,obs-VS001319;obs-VS003007,True,none,4,1,False
AD000754,AC000584,AD000754,POOL_UNSUPERVISED,2026-06-01T00:00:00Z,,False,pool_address_without_promotion_grade_confirmation,4,1,False
AD000755,AC000585,AD000755,POOL_UNSUPERVISED,2026-06-01T00:00:00Z,,False,pool_address_without_promotion_grade_confirmation,1,4,False
AD000756,AC000586,AD000756,S-TRAIN,2026-06-01T00:00:00Z,obs-VS000463;obs-VS001718;obs-VS002375;obs-VS003536,True,none,0,2,False
AD000757,AC000587,AD000757,POOL_UNSUPERVISED,2026-06-01T00:00:00Z,,False,pool_address_without_promotion_grade_confirmation,2,4,False
AD000758,AC000588,AD000758,POOL_UNSUPERVISED,2026-06-01T00:00:00Z,,False,pool_address_without_promotion_grade_confirmation,2,1,False
AD000759,AC000589,AD000759,S-VAL,2026-06-01T00:00:00Z,obs-VS000606;obs-VS002447,True,none,3,3,False
AD000760,AC000590,AD000760,POOL_UNSUPERVISED,2026-06-01T00:00:00Z,,False,pool_address_without_promotion_grade_confirmation,2,1,False
AD000761,AC000590,AD000761,POOL_UNSUPERVISED,2026-06-01T00:00:00Z,,False,pool_address_without_promotion_grade_confirmation,4,1,False
AD000762,AC000591,AD000762,POOL_UNSUPERVISED,2026-06-01T00:00:00Z,,False,pool_address_without_promotion_grade_confirmation,0,3,False
AD000763,AC000591,AD000763,POOL_UNSUPERVISED,2026-06-01T00:00:00Z,,False,pool_address_without_promotion_grade_confirmation,0,3,False
AD000764,AC000592,AD000764,POOL_UNSUPERVISED,2026-06-01T00:00:00Z,,False,pool_address_without_promotion_grade_confirmation,2,4,False
AD000765,AC000593,AD000765,POOL_UNSUPERVISED,2026-06-01T00:00:00Z,,False,pool_address_without_promotion_grade_confirmation,0,1,False
AD000766,AC000593,AD000766,POOL_UNSUPERVISED,2026-06-01T00:00:00Z,,False,pool_address_without_promotion_grade_confirmation,3,1,False
AD000767,AC000594,AD000767,POOL_UNSUPERVISED,2026-06-01T00:00:00Z,,False,pool_address_without_promotion_grade_confirmation,3,1,False
AD000768,AC000595,AD000768,POOL_UNSUPERVISED,2026-06-01T00:00:00Z,,False,pool_address_without_promotion_grade_confirmation,1,2,False
AD000769,AC000596,AD000769,POOL_UNSUPERVISED,2026-06-01T00:00:00Z,,False,pool_address_without_promotion_grade_confirmation,0,0,False
AD000770,AC000597,AD000770,POOL_UNSUPERVISED,2026-06-01T00:00:00Z,,False,pool_address_without_promotion_grade_confirmation,0,0,False
AD000771,AC000598,AD000771,POOL_UNSUPERVISED,2026-06-01T00:00:00Z,,False,pool_address_without_promotion_grade_confirmation,1,1,False
AD000772,AC000598,AD000772,POOL_UNSUPERVISED,2026-06-01T00:00:00Z,,False,pool_address_without_promotion_grade_confirmation,2,1,False
AD000773,AC000599,AD000773,POOL_UNSUPERVISED,2026-06-01T00:00:00Z,,False,pool_address_without_promotion_grade_confirmation,2,2,False
AD000774,AC000600,AD000324,S-EVAL,2026-06-01T00:00:00Z,,False,surveyed_s_eval+account_of_surveyed+block_of_surveyed,4,3,True
AD000775,AC000601,AD000775,POOL_UNSUPERVISED,2026-06-01T00:00:00Z,,False,pool_address_without_promotion_grade_confirmation,0,0,False
AD000776,AC000602,AD000776,POOL_UNSUPERVISED,2026-06-01T00:00:00Z,,False,pool_address_without_promotion_grade_confirmation,1,3,False
AD000777,AC000602,AD000777,POOL_UNSUPERVISED,2026-06-01T00:00:00Z,,False,pool_address_without_promotion_grade_confirmation,3,3,False
AD000778,AC000603,AD000778,POOL_UNSUPERVISED,2026-06-01T00:00:00Z,,False,pool_address_without_promotion_grade_confirmation,4,0,False
AD000779,AC000604,AD000779,S-TRAIN,2026-06-01T00:00:00Z,obs-VS001774;obs-VS002421,True,none,4,1,False
AD000780,AC000604,AD000780,POOL_UNSUPERVISED,2026-06-01T00:00:00Z,,False,pool_address_without_promotion_grade_confirmation,3,1,False
AD000781,AC000605,AD000781,S-VAL,2026-06-01T00:00:00Z,obs-VS002104;obs-VS002756;obs-VS003567,True,none,4,4,False
AD000782,AC000606,AD000782,S-VAL,2026-06-01T00:00:00Z,obs-VS001764;obs-VS003449,True,none,0,0,False
AD000783,AC000606,AD000783,POOL_UNSUPERVISED,2026-06-01T00:00:00Z,,False,pool_address_without_promotion_grade_confirmation,1,0,False
AD000784,AC000607,AD000784,POOL_UNSUPERVISED,2026-06-01T00:00:00Z,,False,pool_address_without_promotion_grade_confirmation,4,1,False
AD000785,AC000608,AD000785,S-TRAIN,2026-06-01T00:00:00Z,obs-VS001244;obs-VS001903,True,none,4,2,False
AD000786,AC000608,AD000786,POOL_UNSUPERVISED,2026-06-01T00:00:00Z,,False,pool_address_without_promotion_grade_confirmation,4,2,False
AD000787,AC000609,AD000787,S-TRAIN,2026-06-01T00:00:00Z,obs-VS000433;obs-VS001954,True,none,3,1,False
AD000788,AC000610,AD000788,POOL_UNSUPERVISED,2026-06-01T00:00:00Z,,False,pool_address_without_promotion_grade_confirmation,3,2,False
AD000789,AC000611,AD000789,POOL_UNSUPERVISED,2026-06-01T00:00:00Z,,False,pool_address_without_promotion_grade_confirmation,1,1,False
AD000790,AC000612,AD000790,POOL_UNSUPERVISED,2026-06-01T00:00:00Z,,False,pool_address_without_promotion_grade_confirmation,0,2,False
AD000791,AC000613,AD000791,POOL_UNSUPERVISED,2026-06-01T00:00:00Z,,False,pool_address_without_promotion_grade_confirmation,0,0,False
AD000792,AC000614,AD000792,POOL_UNSUPERVISED,2026-06-01T00:00:00Z,,False,pool_address_without_promotion_grade_confirmation,2,4,False
AD000793,AC000614,AD000793,POOL_UNSUPERVISED,2026-06-01T00:00:00Z,,False,pool_address_without_promotion_grade_confirmation,4,4,False
AD000794,AC000615,AD000794,POOL_UNSUPERVISED,2026-06-01T00:00:00Z,,False,pool_address_without_promotion_grade_confirmation,4,0,False
AD000795,AC000616,AD000795,POOL_UNSUPERVISED,2026-06-01T00:00:00Z,,False,pool_address_without_promotion_grade_confirmation,0,2,False
AD000796,AC000616,AD000796,POOL_UNSUPERVISED,2026-06-01T00:00:00Z,,False,pool_address_without_promotion_grade_confirmation,0,2,False
AD000797,AC000617,AD000797,POOL_UNSUPERVISED,2026-06-01T00:00:00Z,,False,pool_address_without_promotion_grade_confirmation,4,4,False
AD000798,AC000618,AD000798,POOL_UNSUPERVISED,2026-06-01T00:00:00Z,,False,pool_address_without_promotion_grade_confirmation,0,1,False
AD000799,AC000618,AD000799,POOL_UNSUPERVISED,2026-06-01T00:00:00Z,,False,pool_address_without_promotion_grade_confirmation,0,1,False
AD000800,AC000619,AD000800,S-EVAL,2026-06-01T00:00:00Z,,False,surveyed_s_eval+account_of_surveyed+block_of_surveyed,0,0,True
AD000801,AC000620,AD000801,POOL_UNSUPERVISED,2026-06-01T00:00:00Z,,False,pool_address_without_promotion_grade_confirmation,3,1,False
AD000802,AC000621,AD000802,POOL_UNSUPERVISED,2026-06-01T00:00:00Z,,False,pool_address_without_promotion_grade_confirmation,3,0,False
AD000803,AC000621,AD000803,POOL_UNSUPERVISED,2026-06-01T00:00:00Z,,False,pool_address_without_promotion_grade_confirmation,1,0,False
AD000804,AC000622,AD000804,S-EVAL,2026-06-01T00:00:00Z,,False,surveyed_s_eval+account_of_surveyed+block_of_surveyed,1,1,True
AD000805,AC000622,AD000805,EXCLUDED,2026-06-01T00:00:00Z,,False,account_of_surveyed,1,1,True
AD000806,AC000623,AD000806,POOL_UNSUPERVISED,2026-06-01T00:00:00Z,,False,pool_address_without_promotion_grade_confirmation,0,4,False
AD000807,AC000624,AD000807,POOL_UNSUPERVISED,2026-06-01T00:00:00Z,,False,pool_address_without_promotion_grade_confirmation,3,4,False
AD000808,AC000625,AD000808,S-TRAIN,2026-06-01T00:00:00Z,obs-VS001738;obs-VS002901,True,none,2,0,False
AD000809,AC000626,AD000809,S-TRAIN,2026-06-01T00:00:00Z,obs-VS000304;obs-VS000951;obs-VS003077,True,none,2,0,False
AD000810,AC000627,AD000810,S-VAL,2026-06-01T00:00:00Z,obs-VS000810;obs-VS002713,True,none,2,2,False
AD000811,AC000627,AD000811,POOL_UNSUPERVISED,2026-06-01T00:00:00Z,,False,pool_address_without_promotion_grade_confirmation,1,2,False
AD000812,AC000628,AD000812,POOL_UNSUPERVISED,2026-06-01T00:00:00Z,,False,pool_address_without_promotion_grade_confirmation,4,3,False
AD000813,AC000629,AD000813,POOL_UNSUPERVISED,2026-06-01T00:00:00Z,,False,pool_address_without_promotion_grade_confirmation,4,3,False
AD000814,AC000630,AD000814,POOL_UNSUPERVISED,2026-06-01T00:00:00Z,,False,pool_address_without_promotion_grade_confirmation,4,0,False
AD000815,AC000631,AD000815,S-EVAL,2026-06-01T00:00:00Z,,False,surveyed_s_eval+account_of_surveyed+block_of_surveyed,0,0,True
AD000816,AC000632,AD000816,POOL_UNSUPERVISED,2026-06-01T00:00:00Z,,False,pool_address_without_promotion_grade_confirmation,0,0,False
AD000817,AC000633,AD000817,S-TRAIN,2026-06-01T00:00:00Z,obs-VS001132;obs-VS002963;obs-VS003610,True,none,4,0,False
AD000818,AC000634,AD000818,POOL_UNSUPERVISED,2026-06-01T00:00:00Z,,False,pool_address_without_promotion_grade_confirmation,4,3,False
AD000819,AC000634,AD000819,POOL_UNSUPERVISED,2026-06-01T00:00:00Z,,False,pool_address_without_promotion_grade_confirmation,1,3,False
AD000820,AC000635,AD000820,POOL_UNSUPERVISED,2026-06-01T00:00:00Z,,False,pool_address_without_promotion_grade_confirmation,3,1,False
AD000821,AC000636,AD000821,POOL_UNSUPERVISED,2026-06-01T00:00:00Z,,False,pool_address_without_promotion_grade_confirmation,2,0,False
AD000822,AC000637,AD000822,POOL_UNSUPERVISED,2026-06-01T00:00:00Z,,False,pool_address_without_promotion_grade_confirmation,4,3,False
AD000823,AC000637,AD000823,POOL_UNSUPERVISED,2026-06-01T00:00:00Z,,False,pool_address_without_promotion_grade_confirmation,0,3,False
AD000824,AC000638,AD000824,POOL_UNSUPERVISED,2026-06-01T00:00:00Z,,False,pool_address_without_promotion_grade_confirmation,2,4,False
AD000825,AC000639,AD000825,S-TRAIN,2026-06-01T00:00:00Z,obs-VS003058;obs-VS003707,True,none,0,3,False
AD000826,AC000640,AD000826,POOL_UNSUPERVISED,2026-06-01T00:00:00Z,,False,pool_address_without_promotion_grade_confirmation,2,4,False
AD000827,AC000641,AD000827,POOL_UNSUPERVISED,2026-06-01T00:00:00Z,,False,pool_address_without_promotion_grade_confirmation,0,1,False
AD000828,AC000641,AD000828,POOL_UNSUPERVISED,2026-06-01T00:00:00Z,,False,pool_address_without_promotion_grade_confirmation,2,1,False
AD000829,AC000642,AD000829,POOL_UNSUPERVISED,2026-06-01T00:00:00Z,,False,pool_address_without_promotion_grade_confirmation,3,2,False
AD000830,AC000643,AD000830,S-EVAL,2026-06-01T00:00:00Z,,False,surveyed_s_eval+account_of_surveyed+block_of_surveyed,0,0,True
AD000831,AC000644,AD000831,S-EVAL,2026-06-01T00:00:00Z,,False,surveyed_s_eval+account_of_surveyed+block_of_surveyed,2,2,True
AD000832,AC000645,AD000832,POOL_UNSUPERVISED,2026-06-01T00:00:00Z,,False,pool_address_without_promotion_grade_confirmation,0,4,False
AD000833,AC000646,AD000833,POOL_UNSUPERVISED,2026-06-01T00:00:00Z,,False,pool_address_without_promotion_grade_confirmation,2,2,False
AD000834,AC000647,AD000834,POOL_UNSUPERVISED,2026-06-01T00:00:00Z,,False,pool_address_without_promotion_grade_confirmation,0,1,False
AD000835,AC000648,AD000835,POOL_UNSUPERVISED,2026-06-01T00:00:00Z,,False,pool_address_without_promotion_grade_confirmation,3,3,False
AD000836,AC000649,AD000836,S-TRAIN,2026-06-01T00:00:00Z,obs-VS001625;obs-VS003733,True,none,3,1,False
AD000837,AC000650,AD000837,POOL_UNSUPERVISED,2026-06-01T00:00:00Z,,False,pool_address_without_promotion_grade_confirmation,1,4,False
AD000838,AC000650,AD000838,POOL_UNSUPERVISED,2026-06-01T00:00:00Z,,False,pool_address_without_promotion_grade_confirmation,1,4,False
AD000839,AC000651,AD000839,POOL_UNSUPERVISED,2026-06-01T00:00:00Z,,False,pool_address_without_promotion_grade_confirmation,3,2,False
AD000840,AC000652,AD000840,POOL_UNSUPERVISED,2026-06-01T00:00:00Z,,False,pool_address_without_promotion_grade_confirmation,0,0,False
AD000841,AC000653,AD000841,S-VAL,2026-06-01T00:00:00Z,obs-VS001436;obs-VS002825,True,none,3,3,False
AD000842,AC000653,AD000842,POOL_UNSUPERVISED,2026-06-01T00:00:00Z,,False,pool_address_without_promotion_grade_confirmation,1,3,False
AD000843,AC000654,AD000843,POOL_UNSUPERVISED,2026-06-01T00:00:00Z,,False,pool_address_without_promotion_grade_confirmation,0,3,False
AD000844,AC000655,AD000844,POOL_UNSUPERVISED,2026-06-01T00:00:00Z,,False,pool_address_without_promotion_grade_confirmation,2,0,False
AD000845,AC000655,AD000845,POOL_UNSUPERVISED,2026-06-01T00:00:00Z,,False,pool_address_without_promotion_grade_confirmation,2,0,False
AD000846,AC000656,AD000846,POOL_UNSUPERVISED,2026-06-01T00:00:00Z,,False,pool_address_without_promotion_grade_confirmation,1,2,False
AD000847,AC000657,AD000847,POOL_UNSUPERVISED,2026-06-01T00:00:00Z,,False,pool_address_without_promotion_grade_confirmation,0,4,False
AD000848,AC000658,AD000848,POOL_UNSUPERVISED,2026-06-01T00:00:00Z,,False,pool_address_without_promotion_grade_confirmation,4,2,False
AD000849,AC000658,AD000849,POOL_UNSUPERVISED,2026-06-01T00:00:00Z,,False,pool_address_without_promotion_grade_confirmation,4,2,False
AD000850,AC000659,AD000850,S-TRAIN,2026-06-01T00:00:00Z,obs-VS001890;obs-VS002540,True,none,2,4,False
AD000851,AC000660,AD000851,POOL_UNSUPERVISED,2026-06-01T00:00:00Z,,False,pool_address_without_promotion_grade_confirmation,0,0,False
AD000852,AC000661,AD000852,POOL_UNSUPERVISED,2026-06-01T00:00:00Z,,False,pool_address_without_promotion_grade_confirmation,1,4,False
AD000853,AC000661,AD000853,POOL_UNSUPERVISED,2026-06-01T00:00:00Z,,False,pool_address_without_promotion_grade_confirmation,1,4,False
AD000854,AC000662,AD000531,S-TRAIN,2026-06-01T00:00:00Z,obs-VS001434;obs-VS002147;obs-VS002823,True,none,0,2,False
AD000855,AC000662,AD000855,POOL_UNSUPERVISED,2026-06-01T00:00:00Z,,False,pool_address_without_promotion_grade_confirmation,4,2,False
AD000856,AC000663,AD000856,POOL_UNSUPERVISED,2026-06-01T00:00:00Z,,False,pool_address_without_promotion_grade_confirmation,4,0,False
AD000857,AC000664,AD000857,POOL_UNSUPERVISED,2026-06-01T00:00:00Z,,False,pool_address_without_promotion_grade_confirmation,4,1,False
AD000858,AC000665,AD000858,POOL_UNSUPERVISED,2026-06-01T00:00:00Z,,False,pool_address_without_promotion_grade_confirmation,1,0,False
AD000859,AC000665,AD000859,POOL_UNSUPERVISED,2026-06-01T00:00:00Z,,False,pool_address_without_promotion_grade_confirmation,2,0,False
AD000860,AC000666,AD000860,POOL_UNSUPERVISED,2026-06-01T00:00:00Z,,False,pool_address_without_promotion_grade_confirmation,3,4,False
AD000861,AC000667,AD000861,POOL_UNSUPERVISED,2026-06-01T00:00:00Z,,False,pool_address_without_promotion_grade_confirmation,3,3,False
AD000862,AC000668,AD000862,POOL_UNSUPERVISED,2026-06-01T00:00:00Z,,False,pool_address_without_promotion_grade_confirmation,0,4,False
AD000863,AC000669,AD000863,POOL_UNSUPERVISED,2026-06-01T00:00:00Z,,False,pool_address_without_promotion_grade_confirmation,0,0,False
AD000864,AC000670,AD000864,POOL_UNSUPERVISED,2026-06-01T00:00:00Z,,False,pool_address_without_promotion_grade_confirmation,1,1,False
AD000865,AC000671,AD000865,POOL_UNSUPERVISED,2026-06-01T00:00:00Z,,False,pool_address_without_promotion_grade_confirmation,1,2,False
AD000866,AC000672,AD000866,POOL_UNSUPERVISED,2026-06-01T00:00:00Z,,False,pool_address_without_promotion_grade_confirmation,1,1,False
AD000867,AC000673,AD000867,POOL_UNSUPERVISED,2026-06-01T00:00:00Z,,False,pool_address_without_promotion_grade_confirmation,2,4,False
AD000868,AC000674,AD000868,POOL_UNSUPERVISED,2026-06-01T00:00:00Z,,False,pool_address_without_promotion_grade_confirmation,2,4,False
AD000869,AC000675,AD000869,S-TRAIN,2026-06-01T00:00:00Z,obs-VS000926;obs-VS002830;obs-VS003561,True,none,3,2,False
AD000870,AC000676,AD000870,POOL_UNSUPERVISED,2026-06-01T00:00:00Z,,False,pool_address_without_promotion_grade_confirmation,3,2,False
AD000871,AC000677,AD000871,POOL_UNSUPERVISED,2026-06-01T00:00:00Z,,False,pool_address_without_promotion_grade_confirmation,1,2,False
AD000872,AC000677,AD000872,POOL_UNSUPERVISED,2026-06-01T00:00:00Z,,False,pool_address_without_promotion_grade_confirmation,0,2,False
AD000873,AC000678,AD000873,POOL_UNSUPERVISED,2026-06-01T00:00:00Z,,False,pool_address_without_promotion_grade_confirmation,4,0,False
AD000874,AC000679,AD000874,POOL_UNSUPERVISED,2026-06-01T00:00:00Z,,False,pool_address_without_promotion_grade_confirmation,2,3,False
AD000875,AC000680,AD000875,S-EVAL,2026-06-01T00:00:00Z,,False,surveyed_s_eval+account_of_surveyed+block_of_surveyed,1,3,True
AD000876,AC000681,AD000876,POOL_UNSUPERVISED,2026-06-01T00:00:00Z,,False,pool_address_without_promotion_grade_confirmation,4,0,False
AD000877,AC000682,AD000877,POOL_UNSUPERVISED,2026-06-01T00:00:00Z,,False,pool_address_without_promotion_grade_confirmation,3,4,False
AD000878,AC000683,AD000878,POOL_UNSUPERVISED,2026-06-01T00:00:00Z,,False,pool_address_without_promotion_grade_confirmation,4,1,False
AD000879,AC000684,AD000879,POOL_UNSUPERVISED,2026-06-01T00:00:00Z,,False,pool_address_without_promotion_grade_confirmation,0,3,False
AD000880,AC000685,AD000880,POOL_UNSUPERVISED,2026-06-01T00:00:00Z,,False,pool_address_without_promotion_grade_confirmation,2,0,False
AD000881,AC000686,AD000881,POOL_UNSUPERVISED,2026-06-01T00:00:00Z,,False,pool_address_without_promotion_grade_confirmation,2,1,False
AD000882,AC000686,AD000882,POOL_UNSUPERVISED,2026-06-01T00:00:00Z,,False,pool_address_without_promotion_grade_confirmation,3,1,False
AD000883,AC000687,AD000883,POOL_UNSUPERVISED,2026-06-01T00:00:00Z,,False,pool_address_without_promotion_grade_confirmation,4,0,False
AD000884,AC000688,AD000884,POOL_UNSUPERVISED,2026-06-01T00:00:00Z,,False,pool_address_without_promotion_grade_confirmation,4,3,False
AD000885,AC000689,AD000885,POOL_UNSUPERVISED,2026-06-01T00:00:00Z,,False,pool_address_without_promotion_grade_confirmation,1,0,False
AD000886,AC000690,AD000886,POOL_UNSUPERVISED,2026-06-01T00:00:00Z,,False,pool_address_without_promotion_grade_confirmation,1,4,False
AD000887,AC000690,AD000887,POOL_UNSUPERVISED,2026-06-01T00:00:00Z,,False,pool_address_without_promotion_grade_confirmation,3,4,False
AD000888,AC000691,AD000888,POOL_UNSUPERVISED,2026-06-01T00:00:00Z,,False,pool_address_without_promotion_grade_confirmation,3,1,False
AD000889,AC000691,AD000889,POOL_UNSUPERVISED,2026-06-01T00:00:00Z,,False,pool_address_without_promotion_grade_confirmation,4,1,False
AD000890,AC000692,AD000890,POOL_UNSUPERVISED,2026-06-01T00:00:00Z,,False,pool_address_without_promotion_grade_confirmation,4,3,False
AD000891,AC000692,AD000891,POOL_UNSUPERVISED,2026-06-01T00:00:00Z,,False,pool_address_without_promotion_grade_confirmation,0,3,False
AD000892,AC000693,AD000892,POOL_UNSUPERVISED,2026-06-01T00:00:00Z,,False,pool_address_without_promotion_grade_confirmation,1,2,False
AD000893,AC000693,AD000893,POOL_UNSUPERVISED,2026-06-01T00:00:00Z,,False,pool_address_without_promotion_grade_confirmation,4,2,False
AD000894,AC000694,AD000894,POOL_UNSUPERVISED,2026-06-01T00:00:00Z,,False,pool_address_without_promotion_grade_confirmation,2,4,False
AD000895,AC000695,AD000895,POOL_UNSUPERVISED,2026-06-01T00:00:00Z,,False,pool_address_without_promotion_grade_confirmation,2,2,False
AD000896,AC000695,AD000896,POOL_UNSUPERVISED,2026-06-01T00:00:00Z,,False,pool_address_without_promotion_grade_confirmation,0,2,False
AD000897,AC000696,AD000897,POOL_UNSUPERVISED,2026-06-01T00:00:00Z,,False,pool_address_without_promotion_grade_confirmation,1,1,False
AD000898,AC000697,AD000898,POOL_UNSUPERVISED,2026-06-01T00:00:00Z,,False,pool_address_without_promotion_grade_confirmation,3,1,False
AD000899,AC000698,AD000899,POOL_UNSUPERVISED,2026-06-01T00:00:00Z,,False,pool_address_without_promotion_grade_confirmation,2,0,False
AD000900,AC000698,AD000900,POOL_UNSUPERVISED,2026-06-01T00:00:00Z,,False,pool_address_without_promotion_grade_confirmation,1,0,False
AD000901,AC000699,AD000901,POOL_UNSUPERVISED,2026-06-01T00:00:00Z,,False,pool_address_without_promotion_grade_confirmation,3,2,False
AD000902,AC000700,AD000902,POOL_UNSUPERVISED,2026-06-01T00:00:00Z,,False,pool_address_without_promotion_grade_confirmation,1,1,False
AD000903,AC000701,AD000903,POOL_UNSUPERVISED,2026-06-01T00:00:00Z,,False,pool_address_without_promotion_grade_confirmation,3,2,False
AD000904,AC000701,AD000904,S-TRAIN,2026-06-01T00:00:00Z,obs-VS000024;obs-VS001910,True,none,1,2,False
AD000905,AC000702,AD000905,POOL_UNSUPERVISED,2026-06-01T00:00:00Z,,False,pool_address_without_promotion_grade_confirmation,3,4,False
AD000906,AC000702,AD000906,POOL_UNSUPERVISED,2026-06-01T00:00:00Z,,False,pool_address_without_promotion_grade_confirmation,2,4,False
AD000907,AC000703,AD000907,POOL_UNSUPERVISED,2026-06-01T00:00:00Z,,False,pool_address_without_promotion_grade_confirmation,1,1,False
AD000908,AC000704,AD000908,POOL_UNSUPERVISED,2026-06-01T00:00:00Z,,False,pool_address_without_promotion_grade_confirmation,2,3,False
AD000909,AC000704,AD000909,POOL_UNSUPERVISED,2026-06-01T00:00:00Z,,False,pool_address_without_promotion_grade_confirmation,1,3,False
AD000910,AC000705,AD000910,POOL_UNSUPERVISED,2026-06-01T00:00:00Z,,False,pool_address_without_promotion_grade_confirmation,3,0,False
AD000911,AC000705,AD000911,POOL_UNSUPERVISED,2026-06-01T00:00:00Z,,False,pool_address_without_promotion_grade_confirmation,3,0,False
AD000912,AC000706,AD000912,POOL_UNSUPERVISED,2026-06-01T00:00:00Z,,False,pool_address_without_promotion_grade_confirmation,2,1,False
AD000913,AC000707,AD000913,POOL_UNSUPERVISED,2026-06-01T00:00:00Z,,False,pool_address_without_promotion_grade_confirmation,1,3,False
AD000914,AC000708,AD000914,POOL_UNSUPERVISED,2026-06-01T00:00:00Z,,False,pool_address_without_promotion_grade_confirmation,3,4,False
AD000915,AC000709,AD000915,POOL_UNSUPERVISED,2026-06-01T00:00:00Z,,False,pool_address_without_promotion_grade_confirmation,2,4,False
AD000916,AC000710,AD000916,POOL_UNSUPERVISED,2026-06-01T00:00:00Z,,False,pool_address_without_promotion_grade_confirmation,1,4,False
AD000917,AC000711,AD000917,POOL_UNSUPERVISED,2026-06-01T00:00:00Z,,False,pool_address_without_promotion_grade_confirmation,2,3,False
AD000918,AC000711,AD000918,POOL_UNSUPERVISED,2026-06-01T00:00:00Z,,False,pool_address_without_promotion_grade_confirmation,3,3,False
AD000919,AC000712,AD000815,EXCLUDED,2026-06-01T00:00:00Z,,False,block_of_surveyed,0,4,True
AD000920,AC000712,AD000920,POOL_UNSUPERVISED,2026-06-01T00:00:00Z,,False,pool_address_without_promotion_grade_confirmation,3,4,False
AD000921,AC000713,AD000921,POOL_UNSUPERVISED,2026-06-01T00:00:00Z,,False,pool_address_without_promotion_grade_confirmation,0,0,False
AD000922,AC000713,AD000922,POOL_UNSUPERVISED,2026-06-01T00:00:00Z,,False,pool_address_without_promotion_grade_confirmation,1,0,False
AD000923,AC000714,AD000923,POOL_UNSUPERVISED,2026-06-01T00:00:00Z,,False,pool_address_without_promotion_grade_confirmation,2,3,False
AD000924,AC000715,AD000924,S-TRAIN,2026-06-01T00:00:00Z,obs-VS002445;obs-VS003181,True,none,3,1,False
AD000925,AC000716,AD000925,POOL_UNSUPERVISED,2026-06-01T00:00:00Z,,False,pool_address_without_promotion_grade_confirmation,2,1,False
AD000926,AC000717,AD000926,POOL_UNSUPERVISED,2026-06-01T00:00:00Z,,False,pool_address_without_promotion_grade_confirmation,4,2,False
AD000927,AC000718,AD000927,POOL_UNSUPERVISED,2026-06-01T00:00:00Z,,False,pool_address_without_promotion_grade_confirmation,0,4,False
AD000928,AC000719,AD000928,POOL_UNSUPERVISED,2026-06-01T00:00:00Z,,False,pool_address_without_promotion_grade_confirmation,3,0,False
AD000929,AC000720,AD000929,POOL_UNSUPERVISED,2026-06-01T00:00:00Z,,False,pool_address_without_promotion_grade_confirmation,3,3,False
AD000930,AC000721,AD000930,POOL_UNSUPERVISED,2026-06-01T00:00:00Z,,False,pool_address_without_promotion_grade_confirmation,0,1,False
AD000931,AC000721,AD000931,POOL_UNSUPERVISED,2026-06-01T00:00:00Z,,False,pool_address_without_promotion_grade_confirmation,2,1,False
AD000932,AC000722,AD000932,POOL_UNSUPERVISED,2026-06-01T00:00:00Z,,False,pool_address_without_promotion_grade_confirmation,3,4,False
AD000933,AC000723,AD000933,POOL_UNSUPERVISED,2026-06-01T00:00:00Z,,False,pool_address_without_promotion_grade_confirmation,4,1,False
AD000934,AC000724,AD000934,POOL_UNSUPERVISED,2026-06-01T00:00:00Z,,False,pool_address_without_promotion_grade_confirmation,2,1,False
AD000935,AC000725,AD000935,POOL_UNSUPERVISED,2026-06-01T00:00:00Z,,False,pool_address_without_promotion_grade_confirmation,4,1,False
AD000936,AC000726,AD000936,S-TRAIN,2026-06-01T00:00:00Z,obs-VS001544;obs-VS003370,True,none,0,3,False
AD000937,AC000727,AD000937,POOL_UNSUPERVISED,2026-06-01T00:00:00Z,,False,pool_address_without_promotion_grade_confirmation,2,0,False
AD000938,AC000728,AD000938,POOL_UNSUPERVISED,2026-06-01T00:00:00Z,,False,pool_address_without_promotion_grade_confirmation,3,4,False
AD000939,AC000728,AD000939,POOL_UNSUPERVISED,2026-06-01T00:00:00Z,,False,pool_address_without_promotion_grade_confirmation,2,4,False
AD000940,AC000729,AD000940,POOL_UNSUPERVISED,2026-06-01T00:00:00Z,,False,pool_address_without_promotion_grade_confirmation,1,4,False
AD000941,AC000729,AD000941,POOL_UNSUPERVISED,2026-06-01T00:00:00Z,,False,pool_address_without_promotion_grade_confirmation,3,4,False
AD000942,AC000730,AD000942,S-VAL,2026-06-01T00:00:00Z,obs-VS000105;obs-VS000762,True,none,3,3,False
AD000943,AC000731,AD000605,EXCLUDED,2026-06-01T00:00:00Z,,False,block_of_surveyed,4,3,True
AD000944,AC000732,AD000944,POOL_UNSUPERVISED,2026-06-01T00:00:00Z,,False,pool_address_without_promotion_grade_confirmation,2,1,False
AD000945,AC000733,AD000945,POOL_UNSUPERVISED,2026-06-01T00:00:00Z,,False,pool_address_without_promotion_grade_confirmation,0,2,False
AD000946,AC000733,AD000946,POOL_UNSUPERVISED,2026-06-01T00:00:00Z,,False,pool_address_without_promotion_grade_confirmation,2,2,False
AD000947,AC000734,AD000947,POOL_UNSUPERVISED,2026-06-01T00:00:00Z,,False,pool_address_without_promotion_grade_confirmation,4,0,False
AD000948,AC000735,AD000948,S-VAL,2026-06-01T00:00:00Z,obs-VS000431;obs-VS001298;obs-VS002234,True,none,3,3,False
AD000949,AC000736,AD000949,POOL_UNSUPERVISED,2026-06-01T00:00:00Z,,False,pool_address_without_promotion_grade_confirmation,2,1,False
AD000950,AC000737,AD000950,S-TRAIN,2026-06-01T00:00:00Z,obs-VS002483;obs-VS003341,True,none,3,0,False
AD000951,AC000738,AD000951,POOL_UNSUPERVISED,2026-06-01T00:00:00Z,,False,pool_address_without_promotion_grade_confirmation,3,2,False
AD000952,AC000738,AD000952,POOL_UNSUPERVISED,2026-06-01T00:00:00Z,,False,pool_address_without_promotion_grade_confirmation,3,2,False
AD000953,AC000739,AD000953,POOL_UNSUPERVISED,2026-06-01T00:00:00Z,,False,pool_address_without_promotion_grade_confirmation,3,0,False
AD000954,AC000740,AD000954,POOL_UNSUPERVISED,2026-06-01T00:00:00Z,,False,pool_address_without_promotion_grade_confirmation,2,4,False
AD000955,AC000741,AD000955,POOL_UNSUPERVISED,2026-06-01T00:00:00Z,,False,pool_address_without_promotion_grade_confirmation,1,3,False
AD000956,AC000741,AD000956,POOL_UNSUPERVISED,2026-06-01T00:00:00Z,,False,pool_address_without_promotion_grade_confirmation,4,3,False
AD000957,AC000742,AD000957,POOL_UNSUPERVISED,2026-06-01T00:00:00Z,,False,pool_address_without_promotion_grade_confirmation,4,0,False
AD000958,AC000742,AD000958,POOL_UNSUPERVISED,2026-06-01T00:00:00Z,,False,pool_address_without_promotion_grade_confirmation,2,0,False
AD000959,AC000743,AD000959,POOL_UNSUPERVISED,2026-06-01T00:00:00Z,,False,pool_address_without_promotion_grade_confirmation,2,2,False
AD000960,AC000743,AD000960,POOL_UNSUPERVISED,2026-06-01T00:00:00Z,,False,pool_address_without_promotion_grade_confirmation,0,2,False
AD000961,AC000744,AD000961,POOL_UNSUPERVISED,2026-06-01T00:00:00Z,,False,pool_address_without_promotion_grade_confirmation,2,4,False
AD000962,AC000745,AD000962,S-EVAL,2026-06-01T00:00:00Z,,False,surveyed_s_eval+account_of_surveyed+block_of_surveyed,2,4,True
AD000963,AC000746,AD000963,POOL_UNSUPERVISED,2026-06-01T00:00:00Z,,False,pool_address_without_promotion_grade_confirmation,2,1,False
AD000964,AC000747,AD000964,POOL_UNSUPERVISED,2026-06-01T00:00:00Z,,False,pool_address_without_promotion_grade_confirmation,3,1,False
AD000965,AC000748,AD000965,POOL_UNSUPERVISED,2026-06-01T00:00:00Z,,False,pool_address_without_promotion_grade_confirmation,1,0,False
AD000966,AC000748,AD000966,POOL_UNSUPERVISED,2026-06-01T00:00:00Z,,False,pool_address_without_promotion_grade_confirmation,1,0,False
AD000967,AC000749,AD000967,POOL_UNSUPERVISED,2026-06-01T00:00:00Z,,False,pool_address_without_promotion_grade_confirmation,1,3,False
AD000968,AC000750,AD000968,POOL_UNSUPERVISED,2026-06-01T00:00:00Z,,False,pool_address_without_promotion_grade_confirmation,1,2,False
AD000969,AC000751,AD000969,S-VAL,2026-06-01T00:00:00Z,obs-VS001185;obs-VS001836,True,none,4,4,False
AD000970,AC000751,AD000970,POOL_UNSUPERVISED,2026-06-01T00:00:00Z,,False,pool_address_without_promotion_grade_confirmation,1,4,False
AD000971,AC000752,AD000971,POOL_UNSUPERVISED,2026-06-01T00:00:00Z,,False,pool_address_without_promotion_grade_confirmation,1,3,False
AD000972,AC000753,AD000972,POOL_UNSUPERVISED,2026-06-01T00:00:00Z,,False,pool_address_without_promotion_grade_confirmation,4,1,False
AD000973,AC000754,AD000973,POOL_UNSUPERVISED,2026-06-01T00:00:00Z,,False,pool_address_without_promotion_grade_confirmation,1,1,False
AD000974,AC000755,AD000974,POOL_UNSUPERVISED,2026-06-01T00:00:00Z,,False,pool_address_without_promotion_grade_confirmation,2,0,False
AD000975,AC000756,AD000975,POOL_UNSUPERVISED,2026-06-01T00:00:00Z,,False,pool_address_without_promotion_grade_confirmation,1,2,False
AD000976,AC000757,AD000976,POOL_UNSUPERVISED,2026-06-01T00:00:00Z,,False,pool_address_without_promotion_grade_confirmation,1,0,False
AD000977,AC000757,AD000977,POOL_UNSUPERVISED,2026-06-01T00:00:00Z,,False,pool_address_without_promotion_grade_confirmation,2,0,False
AD000978,AC000758,AD000978,POOL_UNSUPERVISED,2026-06-01T00:00:00Z,,False,pool_address_without_promotion_grade_confirmation,1,0,False
AD000979,AC000759,AD000979,POOL_UNSUPERVISED,2026-06-01T00:00:00Z,,False,pool_address_without_promotion_grade_confirmation,4,0,False
AD000980,AC000760,AD000980,POOL_UNSUPERVISED,2026-06-01T00:00:00Z,,False,pool_address_without_promotion_grade_confirmation,3,2,False
AD000981,AC000761,AD000981,POOL_UNSUPERVISED,2026-06-01T00:00:00Z,,False,pool_address_without_promotion_grade_confirmation,2,0,False
AD000982,AC000762,AD000982,POOL_UNSUPERVISED,2026-06-01T00:00:00Z,,False,pool_address_without_promotion_grade_confirmation,0,3,False
AD000983,AC000762,AD000983,POOL_UNSUPERVISED,2026-06-01T00:00:00Z,,False,pool_address_without_promotion_grade_confirmation,3,3,False
AD000984,AC000763,AD000984,POOL_UNSUPERVISED,2026-06-01T00:00:00Z,,False,pool_address_without_promotion_grade_confirmation,3,1,False
AD000985,AC000764,AD000985,POOL_UNSUPERVISED,2026-06-01T00:00:00Z,,False,pool_address_without_promotion_grade_confirmation,2,3,False
AD000986,AC000765,AD000986,S-VAL,2026-06-01T00:00:00Z,obs-VS000837;obs-VS002140;obs-VS002814,True,none,2,2,False
AD000987,AC000766,AD000987,POOL_UNSUPERVISED,2026-06-01T00:00:00Z,,False,pool_address_without_promotion_grade_confirmation,4,3,False
AD000988,AC000767,AD000988,POOL_UNSUPERVISED,2026-06-01T00:00:00Z,,False,pool_address_without_promotion_grade_confirmation,4,2,False
AD000989,AC000768,AD000989,POOL_UNSUPERVISED,2026-06-01T00:00:00Z,,False,pool_address_without_promotion_grade_confirmation,2,1,False
AD000990,AC000768,AD000990,POOL_UNSUPERVISED,2026-06-01T00:00:00Z,,False,pool_address_without_promotion_grade_confirmation,4,1,False
AD000991,AC000769,AD000991,POOL_UNSUPERVISED,2026-06-01T00:00:00Z,,False,pool_address_without_promotion_grade_confirmation,1,2,False
AD000992,AC000769,AD000992,POOL_UNSUPERVISED,2026-06-01T00:00:00Z,,False,pool_address_without_promotion_grade_confirmation,4,2,False
AD000993,AC000770,AD000993,POOL_UNSUPERVISED,2026-06-01T00:00:00Z,,False,pool_address_without_promotion_grade_confirmation,4,2,False
AD000994,AC000771,AD000994,POOL_UNSUPERVISED,2026-06-01T00:00:00Z,,False,pool_address_without_promotion_grade_confirmation,0,0,False
AD000995,AC000771,AD000995,POOL_UNSUPERVISED,2026-06-01T00:00:00Z,,False,pool_address_without_promotion_grade_confirmation,4,0,False
AD000996,AC000772,AD000996,POOL_UNSUPERVISED,2026-06-01T00:00:00Z,,False,pool_address_without_promotion_grade_confirmation,0,1,False
AD000997,AC000773,AD000997,POOL_UNSUPERVISED,2026-06-01T00:00:00Z,,False,pool_address_without_promotion_grade_confirmation,2,1,False
AD000998,AC000773,AD000998,POOL_UNSUPERVISED,2026-06-01T00:00:00Z,,False,pool_address_without_promotion_grade_confirmation,3,1,False
AD000999,AC000774,AD000999,POOL_UNSUPERVISED,2026-06-01T00:00:00Z,,False,pool_address_without_promotion_grade_confirmation,0,0,False
AD001000,AC000775,AD001000,POOL_UNSUPERVISED,2026-06-01T00:00:00Z,,False,pool_address_without_promotion_grade_confirmation,1,0,False
AD001001,AC000776,AD001001,POOL_UNSUPERVISED,2026-06-01T00:00:00Z,,False,pool_address_without_promotion_grade_confirmation,2,1,False
AD001002,AC000776,AD001002,POOL_UNSUPERVISED,2026-06-01T00:00:00Z,,False,pool_address_without_promotion_grade_confirmation,3,1,False
AD001003,AC000777,AD001003,POOL_UNSUPERVISED,2026-06-01T00:00:00Z,,False,pool_address_without_promotion_grade_confirmation,0,4,False
AD001004,AC000778,AD001004,POOL_UNSUPERVISED,2026-06-01T00:00:00Z,,False,pool_address_without_promotion_grade_confirmation,2,0,False
AD001005,AC000779,AD001005,POOL_UNSUPERVISED,2026-06-01T00:00:00Z,,False,pool_address_without_promotion_grade_confirmation,2,1,False
AD001006,AC000780,AD001006,POOL_UNSUPERVISED,2026-06-01T00:00:00Z,,False,pool_address_without_promotion_grade_confirmation,3,4,False
AD001007,AC000781,AD001007,POOL_UNSUPERVISED,2026-06-01T00:00:00Z,,False,pool_address_without_promotion_grade_confirmation,1,4,False
AD001008,AC000782,AD001008,POOL_UNSUPERVISED,2026-06-01T00:00:00Z,,False,pool_address_without_promotion_grade_confirmation,3,4,False
AD001009,AC000783,AD001009,S-EVAL,2026-06-01T00:00:00Z,,False,surveyed_s_eval+account_of_surveyed+block_of_surveyed,3,2,True
AD001010,AC000784,AD001010,POOL_UNSUPERVISED,2026-06-01T00:00:00Z,,False,pool_address_without_promotion_grade_confirmation,1,2,False
AD001011,AC000785,AD001011,POOL_UNSUPERVISED,2026-06-01T00:00:00Z,,False,pool_address_without_promotion_grade_confirmation,4,2,False
AD001012,AC000786,AD001012,S-EVAL,2026-06-01T00:00:00Z,,False,surveyed_s_eval+account_of_surveyed+block_of_surveyed,1,2,True
AD001013,AC000787,AD001013,POOL_UNSUPERVISED,2026-06-01T00:00:00Z,,False,pool_address_without_promotion_grade_confirmation,2,1,False
AD001014,AC000787,AD001014,POOL_UNSUPERVISED,2026-06-01T00:00:00Z,,False,pool_address_without_promotion_grade_confirmation,4,1,False
AD001015,AC000788,AD001015,POOL_UNSUPERVISED,2026-06-01T00:00:00Z,,False,pool_address_without_promotion_grade_confirmation,0,1,False
AD001016,AC000788,AD001016,POOL_UNSUPERVISED,2026-06-01T00:00:00Z,,False,pool_address_without_promotion_grade_confirmation,2,1,False
AD001017,AC000789,AD001017,POOL_UNSUPERVISED,2026-06-01T00:00:00Z,,False,pool_address_without_promotion_grade_confirmation,3,1,False
AD001018,AC000790,AD001018,POOL_UNSUPERVISED,2026-06-01T00:00:00Z,,False,pool_address_without_promotion_grade_confirmation,3,4,False
AD001019,AC000791,AD001019,POOL_UNSUPERVISED,2026-06-01T00:00:00Z,,False,pool_address_without_promotion_grade_confirmation,2,3,False
AD001020,AC000792,AD001020,POOL_UNSUPERVISED,2026-06-01T00:00:00Z,,False,pool_address_without_promotion_grade_confirmation,1,1,False
AD001021,AC000793,AD001021,POOL_UNSUPERVISED,2026-06-01T00:00:00Z,,False,pool_address_without_promotion_grade_confirmation,3,1,False
AD001022,AC000793,AD001022,POOL_UNSUPERVISED,2026-06-01T00:00:00Z,,False,pool_address_without_promotion_grade_confirmation,0,1,False
AD001023,AC000794,AD001023,POOL_UNSUPERVISED,2026-06-01T00:00:00Z,,False,pool_address_without_promotion_grade_confirmation,1,1,False
AD001024,AC000795,AD001024,POOL_UNSUPERVISED,2026-06-01T00:00:00Z,,False,pool_address_without_promotion_grade_confirmation,4,4,False
AD001025,AC000796,AD001025,POOL_UNSUPERVISED,2026-06-01T00:00:00Z,,False,pool_address_without_promotion_grade_confirmation,0,4,False
AD001026,AC000797,AD001026,POOL_UNSUPERVISED,2026-06-01T00:00:00Z,,False,pool_address_without_promotion_grade_confirmation,4,1,False
AD001027,AC000797,AD001027,POOL_UNSUPERVISED,2026-06-01T00:00:00Z,,False,pool_address_without_promotion_grade_confirmation,2,1,False
AD001028,AC000798,AD001028,POOL_UNSUPERVISED,2026-06-01T00:00:00Z,,False,pool_address_without_promotion_grade_confirmation,1,4,False
AD001029,AC000799,AD001029,POOL_UNSUPERVISED,2026-06-01T00:00:00Z,,False,pool_address_without_promotion_grade_confirmation,4,3,False
AD001030,AC000799,AD001030,POOL_UNSUPERVISED,2026-06-01T00:00:00Z,,False,pool_address_without_promotion_grade_confirmation,0,3,False
AD001031,AC000800,AD001031,S-TRAIN,2026-06-01T00:00:00Z,obs-VS000269;obs-VS000824,True,none,1,3,False
AD001032,AC000801,AD001032,POOL_UNSUPERVISED,2026-06-01T00:00:00Z,,False,pool_address_without_promotion_grade_confirmation,3,4,False
AD001033,AC000802,AD001033,POOL_UNSUPERVISED,2026-06-01T00:00:00Z,,False,pool_address_without_promotion_grade_confirmation,2,3,False
AD001034,AC000803,AD001034,POOL_UNSUPERVISED,2026-06-01T00:00:00Z,,False,pool_address_without_promotion_grade_confirmation,4,1,False
AD001035,AC000804,AD001035,S-TRAIN,2026-06-01T00:00:00Z,obs-VS001843;obs-VS003232,True,none,0,1,False
AD001036,AC000805,AD001036,POOL_UNSUPERVISED,2026-06-01T00:00:00Z,,False,pool_address_without_promotion_grade_confirmation,4,0,False
AD001037,AC000806,AD001037,POOL_UNSUPERVISED,2026-06-01T00:00:00Z,,False,pool_address_without_promotion_grade_confirmation,1,1,False
AD001038,AC000806,AD001038,POOL_UNSUPERVISED,2026-06-01T00:00:00Z,,False,pool_address_without_promotion_grade_confirmation,1,1,False
AD001039,AC000807,AD001039,POOL_UNSUPERVISED,2026-06-01T00:00:00Z,,False,pool_address_without_promotion_grade_confirmation,0,3,False
AD001040,AC000808,AD001040,S-TRAIN,2026-06-01T00:00:00Z,obs-VS000060;obs-VS000709;obs-VS002541;obs-VS003202,True,none,3,4,False
AD001041,AC000809,AD001041,POOL_UNSUPERVISED,2026-06-01T00:00:00Z,,False,pool_address_without_promotion_grade_confirmation,0,3,False
AD001042,AC000810,AD001042,S-TRAIN,2026-06-01T00:00:00Z,obs-VS000389;obs-VS001023;obs-VS001708,True,none,3,2,False
AD001043,AC000810,AD001043,POOL_UNSUPERVISED,2026-06-01T00:00:00Z,,False,pool_address_without_promotion_grade_confirmation,3,2,False
AD001044,AC000811,AD001044,POOL_UNSUPERVISED,2026-06-01T00:00:00Z,,False,pool_address_without_promotion_grade_confirmation,3,2,False
AD001045,AC000812,AD001045,S-TRAIN,2026-06-01T00:00:00Z,obs-VS002870;obs-VS003510,True,none,4,0,False
AD001046,AC000813,AD001046,POOL_UNSUPERVISED,2026-06-01T00:00:00Z,,False,pool_address_without_promotion_grade_confirmation,1,3,False
AD001047,AC000814,AD001047,POOL_UNSUPERVISED,2026-06-01T00:00:00Z,,False,pool_address_without_promotion_grade_confirmation,0,1,False
AD001048,AC000814,AD001048,POOL_UNSUPERVISED,2026-06-01T00:00:00Z,,False,pool_address_without_promotion_grade_confirmation,0,1,False
AD001049,AC000815,AD001049,POOL_UNSUPERVISED,2026-06-01T00:00:00Z,,False,pool_address_without_promotion_grade_confirmation,1,0,False
AD001050,AC000816,AD001050,POOL_UNSUPERVISED,2026-06-01T00:00:00Z,,False,pool_address_without_promotion_grade_confirmation,4,2,False
AD001051,AC000816,AD001051,POOL_UNSUPERVISED,2026-06-01T00:00:00Z,,False,pool_address_without_promotion_grade_confirmation,2,2,False
AD001052,AC000817,AD001052,POOL_UNSUPERVISED,2026-06-01T00:00:00Z,,False,pool_address_without_promotion_grade_confirmation,2,1,False
AD001053,AC000818,AD001053,S-VAL,2026-06-01T00:00:00Z,obs-VS000277;obs-VS000916,True,none,4,4,False
AD001054,AC000819,AD001054,POOL_UNSUPERVISED,2026-06-01T00:00:00Z,,False,pool_address_without_promotion_grade_confirmation,3,3,False
AD001055,AC000820,AD001055,POOL_UNSUPERVISED,2026-06-01T00:00:00Z,,False,pool_address_without_promotion_grade_confirmation,2,3,False
AD001056,AC000820,AD001056,POOL_UNSUPERVISED,2026-06-01T00:00:00Z,,False,pool_address_without_promotion_grade_confirmation,3,3,False
AD001057,AC000821,AD001057,POOL_UNSUPERVISED,2026-06-01T00:00:00Z,,False,pool_address_without_promotion_grade_confirmation,1,2,False
AD001058,AC000821,AD001058,POOL_UNSUPERVISED,2026-06-01T00:00:00Z,,False,pool_address_without_promotion_grade_confirmation,0,2,False
AD001059,AC000822,AD001059,POOL_UNSUPERVISED,2026-06-01T00:00:00Z,,False,pool_address_without_promotion_grade_confirmation,3,3,False
AD001060,AC000823,AD001060,POOL_UNSUPERVISED,2026-06-01T00:00:00Z,,False,pool_address_without_promotion_grade_confirmation,3,2,False
AD001061,AC000823,AD001061,POOL_UNSUPERVISED,2026-06-01T00:00:00Z,,False,pool_address_without_promotion_grade_confirmation,4,2,False
AD001062,AC000824,AD001062,POOL_UNSUPERVISED,2026-06-01T00:00:00Z,,False,pool_address_without_promotion_grade_confirmation,4,0,False
AD001063,AC000825,AD001063,POOL_UNSUPERVISED,2026-06-01T00:00:00Z,,False,pool_address_without_promotion_grade_confirmation,0,2,False
AD001064,AC000826,AD001064,POOL_UNSUPERVISED,2026-06-01T00:00:00Z,,False,pool_address_without_promotion_grade_confirmation,4,4,False
AD001065,AC000827,AD001065,POOL_UNSUPERVISED,2026-06-01T00:00:00Z,,False,pool_address_without_promotion_grade_confirmation,3,4,False
AD001066,AC000828,AD001066,POOL_UNSUPERVISED,2026-06-01T00:00:00Z,,False,pool_address_without_promotion_grade_confirmation,4,0,False
AD001067,AC000829,AD001067,POOL_UNSUPERVISED,2026-06-01T00:00:00Z,,False,pool_address_without_promotion_grade_confirmation,1,0,False
AD001068,AC000830,AD001068,POOL_UNSUPERVISED,2026-06-01T00:00:00Z,,False,pool_address_without_promotion_grade_confirmation,3,3,False
AD001069,AC000830,AD001069,POOL_UNSUPERVISED,2026-06-01T00:00:00Z,,False,pool_address_without_promotion_grade_confirmation,0,3,False
AD001070,AC000831,AD001070,POOL_UNSUPERVISED,2026-06-01T00:00:00Z,,False,pool_address_without_promotion_grade_confirmation,0,2,False
AD001071,AC000832,AD001071,POOL_UNSUPERVISED,2026-06-01T00:00:00Z,,False,pool_address_without_promotion_grade_confirmation,0,2,False
AD001072,AC000832,AD001072,POOL_UNSUPERVISED,2026-06-01T00:00:00Z,,False,pool_address_without_promotion_grade_confirmation,0,2,False
AD001073,AC000833,AD001073,POOL_UNSUPERVISED,2026-06-01T00:00:00Z,,False,pool_address_without_promotion_grade_confirmation,1,2,False
AD001074,AC000834,AD001074,POOL_UNSUPERVISED,2026-06-01T00:00:00Z,,False,pool_address_without_promotion_grade_confirmation,4,0,False
AD001075,AC000835,AD001075,POOL_UNSUPERVISED,2026-06-01T00:00:00Z,,False,pool_address_without_promotion_grade_confirmation,3,2,False
AD001076,AC000836,AD001076,POOL_UNSUPERVISED,2026-06-01T00:00:00Z,,False,pool_address_without_promotion_grade_confirmation,3,0,False
AD001077,AC000836,AD001077,POOL_UNSUPERVISED,2026-06-01T00:00:00Z,,False,pool_address_without_promotion_grade_confirmation,1,0,False
AD001078,AC000837,AD001078,S-EVAL,2026-06-01T00:00:00Z,,False,surveyed_s_eval+account_of_surveyed+block_of_surveyed,2,0,True
AD001079,AC000838,AD001079,POOL_UNSUPERVISED,2026-06-01T00:00:00Z,,False,pool_address_without_promotion_grade_confirmation,2,1,False
AD001080,AC000838,AD001080,S-TRAIN,2026-06-01T00:00:00Z,obs-VS000050;obs-VS002032,True,none,3,1,False
AD001081,AC000839,AD001081,POOL_UNSUPERVISED,2026-06-01T00:00:00Z,,False,pool_address_without_promotion_grade_confirmation,4,1,False
AD001082,AC000839,AD001082,POOL_UNSUPERVISED,2026-06-01T00:00:00Z,,False,pool_address_without_promotion_grade_confirmation,3,1,False
AD001083,AC000840,AD001083,POOL_UNSUPERVISED,2026-06-01T00:00:00Z,,False,pool_address_without_promotion_grade_confirmation,3,4,False
AD001084,AC000841,AD001084,POOL_UNSUPERVISED,2026-06-01T00:00:00Z,,False,pool_address_without_promotion_grade_confirmation,4,0,False
AD001085,AC000841,AD001085,POOL_UNSUPERVISED,2026-06-01T00:00:00Z,,False,pool_address_without_promotion_grade_confirmation,2,0,False
AD001086,AC000842,AD001086,POOL_UNSUPERVISED,2026-06-01T00:00:00Z,,False,pool_address_without_promotion_grade_confirmation,2,4,False
AD001087,AC000843,AD001087,POOL_UNSUPERVISED,2026-06-01T00:00:00Z,,False,pool_address_without_promotion_grade_confirmation,4,2,False
AD001088,AC000844,AD001088,POOL_UNSUPERVISED,2026-06-01T00:00:00Z,,False,pool_address_without_promotion_grade_confirmation,3,3,False
AD001089,AC000845,AD001089,POOL_UNSUPERVISED,2026-06-01T00:00:00Z,,False,pool_address_without_promotion_grade_confirmation,4,0,False
AD001090,AC000845,AD001090,POOL_UNSUPERVISED,2026-06-01T00:00:00Z,,False,pool_address_without_promotion_grade_confirmation,3,0,False
AD001091,AC000846,AD001091,S-VAL,2026-06-01T00:00:00Z,obs-VS000938;obs-VS001599,True,none,2,2,False
AD001092,AC000847,AD001092,POOL_UNSUPERVISED,2026-06-01T00:00:00Z,,False,pool_address_without_promotion_grade_confirmation,3,1,False
AD001093,AC000847,AD001093,POOL_UNSUPERVISED,2026-06-01T00:00:00Z,,False,pool_address_without_promotion_grade_confirmation,4,1,False
AD001094,AC000848,AD001094,POOL_UNSUPERVISED,2026-06-01T00:00:00Z,,False,pool_address_without_promotion_grade_confirmation,4,2,False
AD001095,AC000849,AD001095,POOL_UNSUPERVISED,2026-06-01T00:00:00Z,,False,pool_address_without_promotion_grade_confirmation,3,1,False
AD001096,AC000850,AD001096,POOL_UNSUPERVISED,2026-06-01T00:00:00Z,,False,pool_address_without_promotion_grade_confirmation,0,1,False
AD001097,AC000850,AD001097,POOL_UNSUPERVISED,2026-06-01T00:00:00Z,,False,pool_address_without_promotion_grade_confirmation,0,1,False
AD001098,AC000851,AD001098,POOL_UNSUPERVISED,2026-06-01T00:00:00Z,,False,pool_address_without_promotion_grade_confirmation,3,0,False
AD001099,AC000852,AD001099,POOL_UNSUPERVISED,2026-06-01T00:00:00Z,,False,pool_address_without_promotion_grade_confirmation,4,2,False
AD001100,AC000853,AD001100,POOL_UNSUPERVISED,2026-06-01T00:00:00Z,,False,pool_address_without_promotion_grade_confirmation,1,4,False
AD001101,AC000854,AD001101,POOL_UNSUPERVISED,2026-06-01T00:00:00Z,,False,pool_address_without_promotion_grade_confirmation,1,1,False
AD001102,AC000855,AD001102,POOL_UNSUPERVISED,2026-06-01T00:00:00Z,,False,pool_address_without_promotion_grade_confirmation,1,4,False
AD001103,AC000856,AD001103,POOL_UNSUPERVISED,2026-06-01T00:00:00Z,,False,pool_address_without_promotion_grade_confirmation,0,0,False
AD001104,AC000856,AD001104,POOL_UNSUPERVISED,2026-06-01T00:00:00Z,,False,pool_address_without_promotion_grade_confirmation,2,0,False
AD001105,AC000857,AD001105,S-TRAIN,2026-06-01T00:00:00Z,obs-VS000090;obs-VS001321;obs-VS002863,True,none,4,1,False
AD001106,AC000857,AD001106,POOL_UNSUPERVISED,2026-06-01T00:00:00Z,,False,pool_address_without_promotion_grade_confirmation,0,1,False
AD001107,AC000858,AD001107,POOL_UNSUPERVISED,2026-06-01T00:00:00Z,,False,pool_address_without_promotion_grade_confirmation,2,1,False
AD001108,AC000858,AD000895,POOL_UNSUPERVISED,2026-06-01T00:00:00Z,,False,pool_address_without_promotion_grade_confirmation,2,1,False
AD001109,AC000859,AD001109,POOL_UNSUPERVISED,2026-06-01T00:00:00Z,,False,pool_address_without_promotion_grade_confirmation,2,1,False
AD001110,AC000860,AD001110,POOL_UNSUPERVISED,2026-06-01T00:00:00Z,,False,pool_address_without_promotion_grade_confirmation,4,1,False
AD001111,AC000860,AD001111,POOL_UNSUPERVISED,2026-06-01T00:00:00Z,,False,pool_address_without_promotion_grade_confirmation,1,1,False
AD001112,AC000861,AD001112,POOL_UNSUPERVISED,2026-06-01T00:00:00Z,,False,pool_address_without_promotion_grade_confirmation,2,3,False
AD001113,AC000861,AD001113,POOL_UNSUPERVISED,2026-06-01T00:00:00Z,,False,pool_address_without_promotion_grade_confirmation,2,3,False
AD001114,AC000862,AD001114,POOL_UNSUPERVISED,2026-06-01T00:00:00Z,,False,pool_address_without_promotion_grade_confirmation,1,3,False
AD001115,AC000863,AD001115,POOL_UNSUPERVISED,2026-06-01T00:00:00Z,,False,pool_address_without_promotion_grade_confirmation,4,4,False
AD001116,AC000864,AD001116,S-TRAIN,2026-06-01T00:00:00Z,obs-VS002625;obs-VS003285,True,none,1,0,False
AD001117,AC000865,AD001117,POOL_UNSUPERVISED,2026-06-01T00:00:00Z,,False,pool_address_without_promotion_grade_confirmation,2,0,False
AD001118,AC000866,AD001118,POOL_UNSUPERVISED,2026-06-01T00:00:00Z,,False,pool_address_without_promotion_grade_confirmation,2,0,False
AD001119,AC000866,AD001119,POOL_UNSUPERVISED,2026-06-01T00:00:00Z,,False,pool_address_without_promotion_grade_confirmation,3,0,False
AD001120,AC000867,AD001120,POOL_UNSUPERVISED,2026-06-01T00:00:00Z,,False,pool_address_without_promotion_grade_confirmation,1,1,False
AD001121,AC000868,AD001121,S-TRAIN,2026-06-01T00:00:00Z,obs-VS001518;obs-VS002313;obs-VS003044,True,none,1,0,False
AD001122,AC000869,AD000068,S-VAL,2026-06-01T00:00:00Z,obs-VS001237;obs-VS003494,True,none,0,0,False
AD001123,AC000870,AD001123,POOL_UNSUPERVISED,2026-06-01T00:00:00Z,,False,pool_address_without_promotion_grade_confirmation,2,0,False
AD001124,AC000871,AD001124,POOL_UNSUPERVISED,2026-06-01T00:00:00Z,,False,pool_address_without_promotion_grade_confirmation,1,2,False
AD001125,AC000872,AD001125,POOL_UNSUPERVISED,2026-06-01T00:00:00Z,,False,pool_address_without_promotion_grade_confirmation,1,3,False
AD001126,AC000872,AD001126,POOL_UNSUPERVISED,2026-06-01T00:00:00Z,,False,pool_address_without_promotion_grade_confirmation,0,3,False
AD001127,AC000873,AD001127,S-TRAIN,2026-06-01T00:00:00Z,obs-VS001580;obs-VS002882,True,none,1,4,False
AD001128,AC000874,AD001128,S-EVAL,2026-06-01T00:00:00Z,,False,surveyed_s_eval+account_of_surveyed+block_of_surveyed,0,2,True
AD001129,AC000875,AD001129,S-EVAL,2026-06-01T00:00:00Z,,False,surveyed_s_eval+account_of_surveyed+block_of_surveyed,3,3,True
AD001130,AC000876,AD001130,S-TRAIN,2026-06-01T00:00:00Z,obs-VS001043;obs-VS003594,True,none,3,0,False
AD001131,AC000877,AD001131,POOL_UNSUPERVISED,2026-06-01T00:00:00Z,,False,pool_address_without_promotion_grade_confirmation,4,1,False
AD001132,AC000877,AD001132,POOL_UNSUPERVISED,2026-06-01T00:00:00Z,,False,pool_address_without_promotion_grade_confirmation,2,1,False
AD001133,AC000878,AD001133,S-VAL,2026-06-01T00:00:00Z,obs-VS000414;obs-VS002531,True,none,4,4,False
AD001134,AC000878,AD001134,POOL_UNSUPERVISED,2026-06-01T00:00:00Z,,False,pool_address_without_promotion_grade_confirmation,0,4,False
AD001135,AC000879,AD001135,S-VAL,2026-06-01T00:00:00Z,obs-VS000547;obs-VS001282;obs-VS001939;obs-VS002666,True,none,4,4,False
AD001136,AC000880,AD001136,POOL_UNSUPERVISED,2026-06-01T00:00:00Z,,False,pool_address_without_promotion_grade_confirmation,0,2,False
AD001137,AC000880,AD001137,POOL_UNSUPERVISED,2026-06-01T00:00:00Z,,False,pool_address_without_promotion_grade_confirmation,2,2,False
AD001138,AC000881,AD001138,POOL_UNSUPERVISED,2026-06-01T00:00:00Z,,False,pool_address_without_promotion_grade_confirmation,4,4,False
AD001139,AC000882,AD001139,POOL_UNSUPERVISED,2026-06-01T00:00:00Z,,False,pool_address_without_promotion_grade_confirmation,2,0,False
AD001140,AC000882,AD001140,POOL_UNSUPERVISED,2026-06-01T00:00:00Z,,False,pool_address_without_promotion_grade_confirmation,1,0,False
AD001141,AC000883,AD001141,POOL_UNSUPERVISED,2026-06-01T00:00:00Z,,False,pool_address_without_promotion_grade_confirmation,1,2,False
AD001142,AC000883,AD001142,POOL_UNSUPERVISED,2026-06-01T00:00:00Z,,False,pool_address_without_promotion_grade_confirmation,4,2,False
AD001143,AC000884,AD001143,POOL_UNSUPERVISED,2026-06-01T00:00:00Z,,False,pool_address_without_promotion_grade_confirmation,1,4,False
AD001144,AC000885,AD001144,POOL_UNSUPERVISED,2026-06-01T00:00:00Z,,False,pool_address_without_promotion_grade_confirmation,0,3,False
AD001145,AC000886,AD001145,S-TRAIN,2026-06-01T00:00:00Z,obs-VS000320;obs-VS001333;obs-VS002205,True,none,1,2,False
AD001146,AC000887,AD001146,S-EVAL,2026-06-01T00:00:00Z,,False,surveyed_s_eval+account_of_surveyed+block_of_surveyed,1,1,True
AD001147,AC000888,AD001147,POOL_UNSUPERVISED,2026-06-01T00:00:00Z,,False,pool_address_without_promotion_grade_confirmation,3,4,False
AD001148,AC000889,AD001148,POOL_UNSUPERVISED,2026-06-01T00:00:00Z,,False,pool_address_without_promotion_grade_confirmation,4,2,False
AD001149,AC000890,AD000553,POOL_UNSUPERVISED,2026-06-01T00:00:00Z,,False,pool_address_without_promotion_grade_confirmation,3,1,False
AD001150,AC000890,AD001150,POOL_UNSUPERVISED,2026-06-01T00:00:00Z,,False,pool_address_without_promotion_grade_confirmation,1,1,False
AD001151,AC000891,AD001151,POOL_UNSUPERVISED,2026-06-01T00:00:00Z,,False,pool_address_without_promotion_grade_confirmation,1,4,False
AD001152,AC000892,AD001152,S-VAL,2026-06-01T00:00:00Z,obs-VS000198;obs-VS002231;obs-VS003091,True,none,0,0,False
AD001153,AC000892,AD001153,POOL_UNSUPERVISED,2026-06-01T00:00:00Z,,False,pool_address_without_promotion_grade_confirmation,0,0,False
AD001154,AC000893,AD001154,POOL_UNSUPERVISED,2026-06-01T00:00:00Z,,False,pool_address_without_promotion_grade_confirmation,2,4,False
AD001155,AC000894,AD001155,POOL_UNSUPERVISED,2026-06-01T00:00:00Z,,False,pool_address_without_promotion_grade_confirmation,1,3,False
AD001156,AC000895,AD001156,S-TRAIN,2026-06-01T00:00:00Z,obs-VS001064;obs-VS003092,True,none,3,2,False
AD001157,AC000895,AD001157,POOL_UNSUPERVISED,2026-06-01T00:00:00Z,,False,pool_address_without_promotion_grade_confirmation,2,2,False
AD001158,AC000896,AD001158,POOL_UNSUPERVISED,2026-06-01T00:00:00Z,,False,pool_address_without_promotion_grade_confirmation,0,0,False
AD001159,AC000896,AD001159,POOL_UNSUPERVISED,2026-06-01T00:00:00Z,,False,pool_address_without_promotion_grade_confirmation,2,0,False
AD001160,AC000897,AD001160,POOL_UNSUPERVISED,2026-06-01T00:00:00Z,,False,pool_address_without_promotion_grade_confirmation,0,2,False
AD001161,AC000898,AD001161,POOL_UNSUPERVISED,2026-06-01T00:00:00Z,,False,pool_address_without_promotion_grade_confirmation,2,0,False
AD001162,AC000899,AD001162,POOL_UNSUPERVISED,2026-06-01T00:00:00Z,,False,pool_address_without_promotion_grade_confirmation,2,1,False
AD001163,AC000900,AD001163,POOL_UNSUPERVISED,2026-06-01T00:00:00Z,,False,pool_address_without_promotion_grade_confirmation,2,2,False
AD001164,AC000901,AD001164,S-EVAL,2026-06-01T00:00:00Z,,False,surveyed_s_eval+account_of_surveyed+block_of_surveyed,2,2,True
AD001165,AC000902,AD001165,POOL_UNSUPERVISED,2026-06-01T00:00:00Z,,False,pool_address_without_promotion_grade_confirmation,3,0,False
AD001166,AC000903,AD001166,POOL_UNSUPERVISED,2026-06-01T00:00:00Z,,False,pool_address_without_promotion_grade_confirmation,4,4,False
AD001167,AC000904,AD001167,POOL_UNSUPERVISED,2026-06-01T00:00:00Z,,False,pool_address_without_promotion_grade_confirmation,1,0,False
AD001168,AC000905,AD001168,POOL_UNSUPERVISED,2026-06-01T00:00:00Z,,False,pool_address_without_promotion_grade_confirmation,1,2,False
AD001169,AC000905,AD001169,POOL_UNSUPERVISED,2026-06-01T00:00:00Z,,False,pool_address_without_promotion_grade_confirmation,3,2,False
AD001170,AC000906,AD001170,S-TRAIN,2026-06-01T00:00:00Z,obs-VS002245;obs-VS002911,True,none,3,1,False
AD001171,AC000907,AD001171,POOL_UNSUPERVISED,2026-06-01T00:00:00Z,,False,pool_address_without_promotion_grade_confirmation,2,0,False
AD001172,AC000908,AD001172,POOL_UNSUPERVISED,2026-06-01T00:00:00Z,,False,pool_address_without_promotion_grade_confirmation,4,3,False
AD001173,AC000908,AD001173,POOL_UNSUPERVISED,2026-06-01T00:00:00Z,,False,pool_address_without_promotion_grade_confirmation,4,3,False
AD001174,AC000909,AD001174,POOL_UNSUPERVISED,2026-06-01T00:00:00Z,,False,pool_address_without_promotion_grade_confirmation,2,2,False
AD001175,AC000910,AD001175,POOL_UNSUPERVISED,2026-06-01T00:00:00Z,,False,pool_address_without_promotion_grade_confirmation,0,1,False
AD001176,AC000911,AD001176,POOL_UNSUPERVISED,2026-06-01T00:00:00Z,,False,pool_address_without_promotion_grade_confirmation,2,3,False
AD001177,AC000912,AD001177,POOL_UNSUPERVISED,2026-06-01T00:00:00Z,,False,pool_address_without_promotion_grade_confirmation,0,4,False
AD001178,AC000913,AD001178,S-VAL,2026-06-01T00:00:00Z,obs-VS002304;obs-VS003628,True,none,3,3,False
AD001179,AC000913,AD001179,POOL_UNSUPERVISED,2026-06-01T00:00:00Z,,False,pool_address_without_promotion_grade_confirmation,4,3,False
AD001180,AC000914,AD001180,POOL_UNSUPERVISED,2026-06-01T00:00:00Z,,False,pool_address_without_promotion_grade_confirmation,4,1,False
AD001181,AC000914,AD001181,POOL_UNSUPERVISED,2026-06-01T00:00:00Z,,False,pool_address_without_promotion_grade_confirmation,4,1,False
AD001182,AC000915,AD001182,POOL_UNSUPERVISED,2026-06-01T00:00:00Z,,False,pool_address_without_promotion_grade_confirmation,2,1,False
AD001183,AC000916,AD001183,POOL_UNSUPERVISED,2026-06-01T00:00:00Z,,False,pool_address_without_promotion_grade_confirmation,0,2,False
AD001184,AC000917,AD001184,POOL_UNSUPERVISED,2026-06-01T00:00:00Z,,False,pool_address_without_promotion_grade_confirmation,1,3,False
AD001185,AC000917,AD001185,POOL_UNSUPERVISED,2026-06-01T00:00:00Z,,False,pool_address_without_promotion_grade_confirmation,0,3,False
AD001186,AC000918,AD001186,S-VAL,2026-06-01T00:00:00Z,obs-VS000660;obs-VS001255;obs-VS001911;obs-VS003142,True,none,3,3,False
AD001187,AC000919,AD001187,POOL_UNSUPERVISED,2026-06-01T00:00:00Z,,False,pool_address_without_promotion_grade_confirmation,2,3,False
AD001188,AC000920,AD001188,POOL_UNSUPERVISED,2026-06-01T00:00:00Z,,False,pool_address_without_promotion_grade_confirmation,4,3,False
AD001189,AC000921,AD001189,POOL_UNSUPERVISED,2026-06-01T00:00:00Z,,False,pool_address_without_promotion_grade_confirmation,2,0,False
AD001190,AC000921,AD001190,POOL_UNSUPERVISED,2026-06-01T00:00:00Z,,False,pool_address_without_promotion_grade_confirmation,3,0,False
AD001191,AC000922,AD000285,POOL_UNSUPERVISED,2026-06-01T00:00:00Z,,False,pool_address_without_promotion_grade_confirmation,1,2,False
AD001192,AC000922,AD001192,POOL_UNSUPERVISED,2026-06-01T00:00:00Z,,False,pool_address_without_promotion_grade_confirmation,1,2,False
AD001193,AC000923,AD001193,POOL_UNSUPERVISED,2026-06-01T00:00:00Z,,False,pool_address_without_promotion_grade_confirmation,2,4,False
AD001194,AC000924,AD001194,POOL_UNSUPERVISED,2026-06-01T00:00:00Z,,False,pool_address_without_promotion_grade_confirmation,0,1,False
AD001195,AC000924,AD001195,POOL_UNSUPERVISED,2026-06-01T00:00:00Z,,False,pool_address_without_promotion_grade_confirmation,2,1,False
AD001196,AC000925,AD001196,POOL_UNSUPERVISED,2026-06-01T00:00:00Z,,False,pool_address_without_promotion_grade_confirmation,0,0,False
AD001197,AC000926,AD001197,POOL_UNSUPERVISED,2026-06-01T00:00:00Z,,False,pool_address_without_promotion_grade_confirmation,0,4,False
AD001198,AC000927,AD001198,POOL_UNSUPERVISED,2026-06-01T00:00:00Z,,False,pool_address_without_promotion_grade_confirmation,3,3,False
AD001199,AC000928,AD001199,POOL_UNSUPERVISED,2026-06-01T00:00:00Z,,False,pool_address_without_promotion_grade_confirmation,3,1,False
AD001200,AC000929,AD001200,S-VAL,2026-06-01T00:00:00Z,obs-VS001026;obs-VS003071,True,none,3,3,False
AD001201,AC000929,AD001201,POOL_UNSUPERVISED,2026-06-01T00:00:00Z,,False,pool_address_without_promotion_grade_confirmation,3,3,False
AD001202,AC000930,AD001202,POOL_UNSUPERVISED,2026-06-01T00:00:00Z,,False,pool_address_without_promotion_grade_confirmation,1,0,False
AD001203,AC000931,AD001203,POOL_UNSUPERVISED,2026-06-01T00:00:00Z,,False,pool_address_without_promotion_grade_confirmation,0,0,False
AD001204,AC000932,AD001204,POOL_UNSUPERVISED,2026-06-01T00:00:00Z,,False,pool_address_without_promotion_grade_confirmation,2,0,False
AD001205,AC000932,AD001205,POOL_UNSUPERVISED,2026-06-01T00:00:00Z,,False,pool_address_without_promotion_grade_confirmation,1,0,False
AD001206,AC000933,AD001206,POOL_UNSUPERVISED,2026-06-01T00:00:00Z,,False,pool_address_without_promotion_grade_confirmation,3,1,False
AD001207,AC000934,AD001207,POOL_UNSUPERVISED,2026-06-01T00:00:00Z,,False,pool_address_without_promotion_grade_confirmation,2,3,False
AD001208,AC000934,AD001208,POOL_UNSUPERVISED,2026-06-01T00:00:00Z,,False,pool_address_without_promotion_grade_confirmation,0,3,False
AD001209,AC000935,AD001209,POOL_UNSUPERVISED,2026-06-01T00:00:00Z,,False,pool_address_without_promotion_grade_confirmation,0,1,False
AD001210,AC000936,AD001210,POOL_UNSUPERVISED,2026-06-01T00:00:00Z,,False,pool_address_without_promotion_grade_confirmation,4,4,False
AD001211,AC000936,AD001211,POOL_UNSUPERVISED,2026-06-01T00:00:00Z,,False,pool_address_without_promotion_grade_confirmation,1,4,False
AD001212,AC000937,AD001212,S-VAL,2026-06-01T00:00:00Z,obs-VS001010;obs-VS002028,True,none,1,1,False
AD001213,AC000937,AD001213,POOL_UNSUPERVISED,2026-06-01T00:00:00Z,,False,pool_address_without_promotion_grade_confirmation,1,1,False
AD001214,AC000938,AD001214,POOL_UNSUPERVISED,2026-06-01T00:00:00Z,,False,pool_address_without_promotion_grade_confirmation,2,1,False
AD001215,AC000938,AD001215,POOL_UNSUPERVISED,2026-06-01T00:00:00Z,,False,pool_address_without_promotion_grade_confirmation,0,1,False
AD001216,AC000939,AD001216,POOL_UNSUPERVISED,2026-06-01T00:00:00Z,,False,pool_address_without_promotion_grade_confirmation,3,0,False
AD001217,AC000939,AD001217,POOL_UNSUPERVISED,2026-06-01T00:00:00Z,,False,pool_address_without_promotion_grade_confirmation,4,0,False
AD001218,AC000940,AD001218,POOL_UNSUPERVISED,2026-06-01T00:00:00Z,,False,pool_address_without_promotion_grade_confirmation,0,2,False
AD001219,AC000941,AD001219,POOL_UNSUPERVISED,2026-06-01T00:00:00Z,,False,pool_address_without_promotion_grade_confirmation,2,4,False
AD001220,AC000942,AD001220,POOL_UNSUPERVISED,2026-06-01T00:00:00Z,,False,pool_address_without_promotion_grade_confirmation,2,0,False
AD001221,AC000942,AD001221,POOL_UNSUPERVISED,2026-06-01T00:00:00Z,,False,pool_address_without_promotion_grade_confirmation,2,0,False
AD001222,AC000943,AD001222,POOL_UNSUPERVISED,2026-06-01T00:00:00Z,,False,pool_address_without_promotion_grade_confirmation,3,3,False
AD001223,AC000944,AD001223,S-VAL,2026-06-01T00:00:00Z,obs-VS002715;obs-VS003453,True,none,0,0,False
AD001224,AC000945,AD001224,POOL_UNSUPERVISED,2026-06-01T00:00:00Z,,False,pool_address_without_promotion_grade_confirmation,1,1,False
AD001225,AC000946,AD001225,POOL_UNSUPERVISED,2026-06-01T00:00:00Z,,False,pool_address_without_promotion_grade_confirmation,2,1,False
AD001226,AC000947,AD001226,POOL_UNSUPERVISED,2026-06-01T00:00:00Z,,False,pool_address_without_promotion_grade_confirmation,0,1,False
AD001227,AC000948,AD001227,POOL_UNSUPERVISED,2026-06-01T00:00:00Z,,False,pool_address_without_promotion_grade_confirmation,0,2,False
AD001228,AC000949,AD001228,POOL_UNSUPERVISED,2026-06-01T00:00:00Z,,False,pool_address_without_promotion_grade_confirmation,4,2,False
AD001229,AC000949,AD001229,POOL_UNSUPERVISED,2026-06-01T00:00:00Z,,False,pool_address_without_promotion_grade_confirmation,3,2,False
AD001230,AC000950,AD001230,POOL_UNSUPERVISED,2026-06-01T00:00:00Z,,False,pool_address_without_promotion_grade_confirmation,0,3,False
AD001231,AC000951,AD001231,POOL_UNSUPERVISED,2026-06-01T00:00:00Z,,False,pool_address_without_promotion_grade_confirmation,3,4,False
AD001232,AC000952,AD001232,S-TRAIN,2026-06-01T00:00:00Z,obs-VS001579;obs-VS002443;obs-VS003179,True,none,1,4,False
AD001233,AC000953,AD001233,EXCLUDED,2026-06-01T00:00:00Z,,False,block_of_surveyed,4,3,True
AD001234,AC000954,AD001234,POOL_UNSUPERVISED,2026-06-01T00:00:00Z,,False,pool_address_without_promotion_grade_confirmation,0,3,False
AD001235,AC000954,AD001235,POOL_UNSUPERVISED,2026-06-01T00:00:00Z,,False,pool_address_without_promotion_grade_confirmation,4,3,False
AD001236,AC000955,AD000903,S-TRAIN,2026-06-01T00:00:00Z,obs-VS000079;obs-VS003364,True,none,3,0,False
AD001237,AC000956,AD001237,POOL_UNSUPERVISED,2026-06-01T00:00:00Z,,False,pool_address_without_promotion_grade_confirmation,2,0,False
AD001238,AC000956,AD001238,POOL_UNSUPERVISED,2026-06-01T00:00:00Z,,False,pool_address_without_promotion_grade_confirmation,4,0,False
AD001239,AC000957,AD001239,POOL_UNSUPERVISED,2026-06-01T00:00:00Z,,False,pool_address_without_promotion_grade_confirmation,0,3,False
AD001240,AC000958,AD001240,POOL_UNSUPERVISED,2026-06-01T00:00:00Z,,False,pool_address_without_promotion_grade_confirmation,4,0,False
AD001241,AC000958,AD001241,POOL_UNSUPERVISED,2026-06-01T00:00:00Z,,False,pool_address_without_promotion_grade_confirmation,0,0,False
AD001242,AC000959,AD001242,POOL_UNSUPERVISED,2026-06-01T00:00:00Z,,False,pool_address_without_promotion_grade_confirmation,4,1,False
AD001243,AC000960,AD001243,POOL_UNSUPERVISED,2026-06-01T00:00:00Z,,False,pool_address_without_promotion_grade_confirmation,1,0,False
AD001244,AC000960,AD001244,POOL_UNSUPERVISED,2026-06-01T00:00:00Z,,False,pool_address_without_promotion_grade_confirmation,1,0,False
AD001245,AC000961,AD001245,POOL_UNSUPERVISED,2026-06-01T00:00:00Z,,False,pool_address_without_promotion_grade_confirmation,4,1,False
AD001246,AC000962,AD001246,POOL_UNSUPERVISED,2026-06-01T00:00:00Z,,False,pool_address_without_promotion_grade_confirmation,1,4,False
AD001247,AC000963,AD001247,POOL_UNSUPERVISED,2026-06-01T00:00:00Z,,False,pool_address_without_promotion_grade_confirmation,4,3,False
AD001248,AC000964,AD001248,POOL_UNSUPERVISED,2026-06-01T00:00:00Z,,False,pool_address_without_promotion_grade_confirmation,4,2,False
AD001249,AC000965,AD001249,S-EVAL,2026-06-01T00:00:00Z,,False,surveyed_s_eval+account_of_surveyed+block_of_surveyed,1,0,True
AD001250,AC000966,AD001250,POOL_UNSUPERVISED,2026-06-01T00:00:00Z,,False,pool_address_without_promotion_grade_confirmation,0,4,False
AD001251,AC000966,AD001251,POOL_UNSUPERVISED,2026-06-01T00:00:00Z,,False,pool_address_without_promotion_grade_confirmation,1,4,False
AD001252,AC000967,AD001252,POOL_UNSUPERVISED,2026-06-01T00:00:00Z,,False,pool_address_without_promotion_grade_confirmation,0,4,False
AD001253,AC000968,AD001253,POOL_UNSUPERVISED,2026-06-01T00:00:00Z,,False,pool_address_without_promotion_grade_confirmation,1,2,False
AD001254,AC000969,AD001254,S-TRAIN,2026-06-01T00:00:00Z,obs-VS000331;obs-VS002584;obs-VS003249,True,none,4,3,False
AD001255,AC000970,AD001255,POOL_UNSUPERVISED,2026-06-01T00:00:00Z,,False,pool_address_without_promotion_grade_confirmation,1,0,False
AD001256,AC000971,AD001256,POOL_UNSUPERVISED,2026-06-01T00:00:00Z,,False,pool_address_without_promotion_grade_confirmation,3,0,False
AD001257,AC000972,AD001257,POOL_UNSUPERVISED,2026-06-01T00:00:00Z,,False,pool_address_without_promotion_grade_confirmation,0,4,False
AD001258,AC000972,AD001258,POOL_UNSUPERVISED,2026-06-01T00:00:00Z,,False,pool_address_without_promotion_grade_confirmation,4,4,False
AD001259,AC000973,AD001259,POOL_UNSUPERVISED,2026-06-01T00:00:00Z,,False,pool_address_without_promotion_grade_confirmation,0,2,False
AD001260,AC000974,AD001260,POOL_UNSUPERVISED,2026-06-01T00:00:00Z,,False,pool_address_without_promotion_grade_confirmation,3,1,False
AD001261,AC000975,AD001261,POOL_UNSUPERVISED,2026-06-01T00:00:00Z,,False,pool_address_without_promotion_grade_confirmation,0,4,False
AD001262,AC000976,AD001262,POOL_UNSUPERVISED,2026-06-01T00:00:00Z,,False,pool_address_without_promotion_grade_confirmation,3,0,False
AD001263,AC000977,AD001263,POOL_UNSUPERVISED,2026-06-01T00:00:00Z,,False,pool_address_without_promotion_grade_confirmation,4,4,False
AD001264,AC000978,AD001264,POOL_UNSUPERVISED,2026-06-01T00:00:00Z,,False,pool_address_without_promotion_grade_confirmation,4,0,False
AD001265,AC000978,AD001265,POOL_UNSUPERVISED,2026-06-01T00:00:00Z,,False,pool_address_without_promotion_grade_confirmation,3,0,False
AD001266,AC000979,AD001266,POOL_UNSUPERVISED,2026-06-01T00:00:00Z,,False,pool_address_without_promotion_grade_confirmation,1,0,False
AD001267,AC000979,AD001267,POOL_UNSUPERVISED,2026-06-01T00:00:00Z,,False,pool_address_without_promotion_grade_confirmation,4,0,False
AD001268,AC000980,AD001268,S-TRAIN,2026-06-01T00:00:00Z,obs-VS001310;obs-VS003264,True,none,2,0,False
AD001269,AC000981,AD001269,POOL_UNSUPERVISED,2026-06-01T00:00:00Z,,False,pool_address_without_promotion_grade_confirmation,1,3,False
AD001270,AC000982,AD001270,POOL_UNSUPERVISED,2026-06-01T00:00:00Z,,False,pool_address_without_promotion_grade_confirmation,0,1,False
AD001271,AC000982,AD001271,POOL_UNSUPERVISED,2026-06-01T00:00:00Z,,False,pool_address_without_promotion_grade_confirmation,4,1,False
AD001272,AC000983,AD001272,S-TRAIN,2026-06-01T00:00:00Z,obs-VS000635;obs-VS001228;obs-VS002628;obs-VS003280,True,none,4,0,False
AD001273,AC000984,AD001273,POOL_UNSUPERVISED,2026-06-01T00:00:00Z,,False,pool_address_without_promotion_grade_confirmation,3,3,False
AD001274,AC000985,AD001274,POOL_UNSUPERVISED,2026-06-01T00:00:00Z,,False,pool_address_without_promotion_grade_confirmation,1,4,False
AD001275,AC000986,AD001275,POOL_UNSUPERVISED,2026-06-01T00:00:00Z,,False,pool_address_without_promotion_grade_confirmation,2,4,False
AD001276,AC000987,AD001276,POOL_UNSUPERVISED,2026-06-01T00:00:00Z,,False,pool_address_without_promotion_grade_confirmation,0,1,False
AD001277,AC000988,AD001277,POOL_UNSUPERVISED,2026-06-01T00:00:00Z,,False,pool_address_without_promotion_grade_confirmation,1,4,False
AD001278,AC000989,AD001278,POOL_UNSUPERVISED,2026-06-01T00:00:00Z,,False,pool_address_without_promotion_grade_confirmation,1,1,False
AD001279,AC000990,AD001279,POOL_UNSUPERVISED,2026-06-01T00:00:00Z,,False,pool_address_without_promotion_grade_confirmation,0,4,False
AD001280,AC000991,AD001280,POOL_UNSUPERVISED,2026-06-01T00:00:00Z,,False,pool_address_without_promotion_grade_confirmation,0,0,False
AD001281,AC000992,AD001281,POOL_UNSUPERVISED,2026-06-01T00:00:00Z,,False,pool_address_without_promotion_grade_confirmation,1,0,False
AD001282,AC000993,AD001282,POOL_UNSUPERVISED,2026-06-01T00:00:00Z,,False,pool_address_without_promotion_grade_confirmation,0,0,False
AD001283,AC000994,AD001283,POOL_UNSUPERVISED,2026-06-01T00:00:00Z,,False,pool_address_without_promotion_grade_confirmation,3,4,False
AD001284,AC000995,AD001284,POOL_UNSUPERVISED,2026-06-01T00:00:00Z,,False,pool_address_without_promotion_grade_confirmation,0,3,False
AD001285,AC000995,AD001285,POOL_UNSUPERVISED,2026-06-01T00:00:00Z,,False,pool_address_without_promotion_grade_confirmation,0,3,False
AD001286,AC000996,AD001286,POOL_UNSUPERVISED,2026-06-01T00:00:00Z,,False,pool_address_without_promotion_grade_confirmation,4,4,False
AD001287,AC000996,AD001287,POOL_UNSUPERVISED,2026-06-01T00:00:00Z,,False,pool_address_without_promotion_grade_confirmation,0,4,False
AD001288,AC000997,AD001288,POOL_UNSUPERVISED,2026-06-01T00:00:00Z,,False,pool_address_without_promotion_grade_confirmation,0,3,False
AD001289,AC000998,AD001289,POOL_UNSUPERVISED,2026-06-01T00:00:00Z,,False,pool_address_without_promotion_grade_confirmation,3,3,False
AD001290,AC000999,AD001290,POOL_UNSUPERVISED,2026-06-01T00:00:00Z,,False,pool_address_without_promotion_grade_confirmation,4,2,False
AD001291,AC001000,AD001291,POOL_UNSUPERVISED,2026-06-01T00:00:00Z,,False,pool_address_without_promotion_grade_confirmation,3,0,False
AD001292,AC001000,AD001292,POOL_UNSUPERVISED,2026-06-01T00:00:00Z,,False,pool_address_without_promotion_grade_confirmation,2,0,False
AD001293,AC001001,AD001293,POOL_UNSUPERVISED,2026-06-01T00:00:00Z,,False,pool_address_without_promotion_grade_confirmation,2,2,False
AD001294,AC001002,AD001294,S-TRAIN,2026-06-01T00:00:00Z,obs-VS000741;obs-VS001462,True,none,3,2,False
AD001295,AC001003,AD001295,POOL_UNSUPERVISED,2026-06-01T00:00:00Z,,False,pool_address_without_promotion_grade_confirmation,0,2,False
AD001296,AC001004,AD001296,POOL_UNSUPERVISED,2026-06-01T00:00:00Z,,False,pool_address_without_promotion_grade_confirmation,1,0,False
AD001297,AC001004,AD001297,POOL_UNSUPERVISED,2026-06-01T00:00:00Z,,False,pool_address_without_promotion_grade_confirmation,3,0,False
AD001298,AC001005,AD001298,POOL_UNSUPERVISED,2026-06-01T00:00:00Z,,False,pool_address_without_promotion_grade_confirmation,2,3,False
AD001299,AC001005,AD001299,POOL_UNSUPERVISED,2026-06-01T00:00:00Z,,False,pool_address_without_promotion_grade_confirmation,3,3,False
AD001300,AC001006,AD001300,POOL_UNSUPERVISED,2026-06-01T00:00:00Z,,False,pool_address_without_promotion_grade_confirmation,1,1,False
AD001301,AC001007,AD001301,POOL_UNSUPERVISED,2026-06-01T00:00:00Z,,False,pool_address_without_promotion_grade_confirmation,3,1,False
AD001302,AC001008,AD001302,POOL_UNSUPERVISED,2026-06-01T00:00:00Z,,False,pool_address_without_promotion_grade_confirmation,1,1,False
AD001303,AC001009,AD001303,POOL_UNSUPERVISED,2026-06-01T00:00:00Z,,False,pool_address_without_promotion_grade_confirmation,3,4,False
AD001304,AC001010,AD001304,POOL_UNSUPERVISED,2026-06-01T00:00:00Z,,False,pool_address_without_promotion_grade_confirmation,0,1,False
AD001305,AC001011,AD001305,POOL_UNSUPERVISED,2026-06-01T00:00:00Z,,False,pool_address_without_promotion_grade_confirmation,2,0,False
AD001306,AC001012,AD001306,POOL_UNSUPERVISED,2026-06-01T00:00:00Z,,False,pool_address_without_promotion_grade_confirmation,0,0,False
AD001307,AC001012,AD001307,POOL_UNSUPERVISED,2026-06-01T00:00:00Z,,False,pool_address_without_promotion_grade_confirmation,2,0,False
AD001308,AC001013,AD001308,EXCLUDED,2026-06-01T00:00:00Z,,False,account_of_surveyed,0,3,True
AD001309,AC001013,AD001309,EXCLUDED,2026-06-01T00:00:00Z,,False,account_of_surveyed,2,3,True
AD001310,AC001014,AD001310,POOL_UNSUPERVISED,2026-06-01T00:00:00Z,,False,pool_address_without_promotion_grade_confirmation,0,4,False
AD001311,AC001015,AD001311,S-EVAL,2026-06-01T00:00:00Z,,False,surveyed_s_eval+account_of_surveyed+block_of_surveyed,4,4,True
AD001312,AC001016,AD001312,POOL_UNSUPERVISED,2026-06-01T00:00:00Z,,False,pool_address_without_promotion_grade_confirmation,3,4,False
AD001313,AC001016,AD001313,POOL_UNSUPERVISED,2026-06-01T00:00:00Z,,False,pool_address_without_promotion_grade_confirmation,3,4,False
AD001314,AC001017,AD001314,S-VAL,2026-06-01T00:00:00Z,obs-VS000390;obs-VS001707;obs-VS002349;obs-VS003067;obs-VS003725,True,none,2,2,False
AD001315,AC001018,AD001315,S-EVAL,2026-06-01T00:00:00Z,,False,surveyed_s_eval+account_of_surveyed+block_of_surveyed,0,4,True
AD001316,AC001018,AD001316,EXCLUDED,2026-06-01T00:00:00Z,,False,account_of_surveyed,3,4,True
AD001317,AC001019,AD001317,POOL_UNSUPERVISED,2026-06-01T00:00:00Z,,False,pool_address_without_promotion_grade_confirmation,0,0,False
AD001318,AC001020,AD001318,POOL_UNSUPERVISED,2026-06-01T00:00:00Z,,False,pool_address_without_promotion_grade_confirmation,0,3,False
AD001319,AC001021,AD001319,POOL_UNSUPERVISED,2026-06-01T00:00:00Z,,False,pool_address_without_promotion_grade_confirmation,2,3,False
AD001320,AC001022,AD001320,POOL_UNSUPERVISED,2026-06-01T00:00:00Z,,False,pool_address_without_promotion_grade_confirmation,2,4,False
AD001321,AC001022,AD001321,POOL_UNSUPERVISED,2026-06-01T00:00:00Z,,False,pool_address_without_promotion_grade_confirmation,4,4,False
AD001322,AC001023,AD001322,POOL_UNSUPERVISED,2026-06-01T00:00:00Z,,False,pool_address_without_promotion_grade_confirmation,0,3,False
AD001323,AC001024,AD001323,POOL_UNSUPERVISED,2026-06-01T00:00:00Z,,False,pool_address_without_promotion_grade_confirmation,0,3,False
AD001324,AC001025,AD001324,S-TRAIN,2026-06-01T00:00:00Z,obs-VS000599;obs-VS001316;obs-VS002563,True,none,1,2,False
AD001325,AC001026,AD001325,POOL_UNSUPERVISED,2026-06-01T00:00:00Z,,False,pool_address_without_promotion_grade_confirmation,3,3,False
AD001326,AC001026,AD001326,POOL_UNSUPERVISED,2026-06-01T00:00:00Z,,False,pool_address_without_promotion_grade_confirmation,0,3,False
AD001327,AC001027,AD001327,POOL_UNSUPERVISED,2026-06-01T00:00:00Z,,False,pool_address_without_promotion_grade_confirmation,3,0,False
AD001328,AC001027,AD001328,POOL_UNSUPERVISED,2026-06-01T00:00:00Z,,False,pool_address_without_promotion_grade_confirmation,2,0,False
AD001329,AC001028,AD001329,POOL_UNSUPERVISED,2026-06-01T00:00:00Z,,False,pool_address_without_promotion_grade_confirmation,4,4,False
AD001330,AC001029,AD001330,POOL_UNSUPERVISED,2026-06-01T00:00:00Z,,False,pool_address_without_promotion_grade_confirmation,3,4,False
AD001331,AC001030,AD001331,POOL_UNSUPERVISED,2026-06-01T00:00:00Z,,False,pool_address_without_promotion_grade_confirmation,3,4,False
AD001332,AC001030,AD001332,POOL_UNSUPERVISED,2026-06-01T00:00:00Z,,False,pool_address_without_promotion_grade_confirmation,0,4,False
AD001333,AC001031,AD001333,POOL_UNSUPERVISED,2026-06-01T00:00:00Z,,False,pool_address_without_promotion_grade_confirmation,3,2,False
AD001334,AC001031,AD001334,POOL_UNSUPERVISED,2026-06-01T00:00:00Z,,False,pool_address_without_promotion_grade_confirmation,4,2,False
AD001335,AC001032,AD001335,POOL_UNSUPERVISED,2026-06-01T00:00:00Z,,False,pool_address_without_promotion_grade_confirmation,1,1,False
AD001336,AC001033,AD001336,POOL_UNSUPERVISED,2026-06-01T00:00:00Z,,False,pool_address_without_promotion_grade_confirmation,1,3,False
AD001337,AC001034,AD001337,POOL_UNSUPERVISED,2026-06-01T00:00:00Z,,False,pool_address_without_promotion_grade_confirmation,1,3,False
AD001338,AC001035,AD001338,POOL_UNSUPERVISED,2026-06-01T00:00:00Z,,False,pool_address_without_promotion_grade_confirmation,4,1,False
AD001339,AC001036,AD001339,S-TRAIN,2026-06-01T00:00:00Z,obs-VS002155;obs-VS003481,True,none,1,4,False
AD001340,AC001037,AD001340,S-EVAL,2026-06-01T00:00:00Z,,False,surveyed_s_eval+account_of_surveyed+block_of_surveyed,1,0,True
AD001341,AC001038,AD001341,POOL_UNSUPERVISED,2026-06-01T00:00:00Z,,False,pool_address_without_promotion_grade_confirmation,1,3,False
AD001342,AC001039,AD001342,POOL_UNSUPERVISED,2026-06-01T00:00:00Z,,False,pool_address_without_promotion_grade_confirmation,4,3,False
AD001343,AC001040,AD001262,POOL_UNSUPERVISED,2026-06-01T00:00:00Z,,False,pool_address_without_promotion_grade_confirmation,3,3,False
AD001344,AC001041,AD001344,POOL_UNSUPERVISED,2026-06-01T00:00:00Z,,False,pool_address_without_promotion_grade_confirmation,1,0,False
AD001345,AC001041,AD001345,POOL_UNSUPERVISED,2026-06-01T00:00:00Z,,False,pool_address_without_promotion_grade_confirmation,0,0,False
AD001346,AC001042,AD001346,POOL_UNSUPERVISED,2026-06-01T00:00:00Z,,False,pool_address_without_promotion_grade_confirmation,2,3,False
AD001347,AC001042,AD001347,POOL_UNSUPERVISED,2026-06-01T00:00:00Z,,False,pool_address_without_promotion_grade_confirmation,1,3,False
AD001348,AC001043,AD001348,POOL_UNSUPERVISED,2026-06-01T00:00:00Z,,False,pool_address_without_promotion_grade_confirmation,4,3,False
AD001349,AC001044,AD001349,POOL_UNSUPERVISED,2026-06-01T00:00:00Z,,False,pool_address_without_promotion_grade_confirmation,1,1,False
AD001350,AC001045,AD001350,POOL_UNSUPERVISED,2026-06-01T00:00:00Z,,False,pool_address_without_promotion_grade_confirmation,0,2,False
AD001351,AC001045,AD001351,POOL_UNSUPERVISED,2026-06-01T00:00:00Z,,False,pool_address_without_promotion_grade_confirmation,2,2,False
AD001352,AC001046,AD001352,S-VAL,2026-06-01T00:00:00Z,obs-VS000070;obs-VS001379;obs-VS002757,True,none,2,2,False
AD001353,AC001047,AD001353,POOL_UNSUPERVISED,2026-06-01T00:00:00Z,,False,pool_address_without_promotion_grade_confirmation,1,1,False
AD001354,AC001048,AD001078,EXCLUDED,2026-06-01T00:00:00Z,,False,block_of_surveyed,2,4,True
AD001355,AC001049,AD001201,POOL_UNSUPERVISED,2026-06-01T00:00:00Z,,False,pool_address_without_promotion_grade_confirmation,3,1,False
AD001356,AC001049,AD001356,POOL_UNSUPERVISED,2026-06-01T00:00:00Z,,False,pool_address_without_promotion_grade_confirmation,0,1,False
AD001357,AC001050,AD001357,S-TRAIN,2026-06-01T00:00:00Z,obs-VS001742;obs-VS003490,True,none,1,2,False
AD001358,AC001050,AD001358,POOL_UNSUPERVISED,2026-06-01T00:00:00Z,,False,pool_address_without_promotion_grade_confirmation,2,2,False
AD001359,AC001051,AD001359,POOL_UNSUPERVISED,2026-06-01T00:00:00Z,,False,pool_address_without_promotion_grade_confirmation,0,2,False
AD001360,AC001052,AD001360,POOL_UNSUPERVISED,2026-06-01T00:00:00Z,,False,pool_address_without_promotion_grade_confirmation,1,1,False
AD001361,AC001053,AD001361,POOL_UNSUPERVISED,2026-06-01T00:00:00Z,,False,pool_address_without_promotion_grade_confirmation,3,0,False
AD001362,AC001054,AD001362,POOL_UNSUPERVISED,2026-06-01T00:00:00Z,,False,pool_address_without_promotion_grade_confirmation,0,1,False
AD001363,AC001055,AD001363,S-VAL,2026-06-01T00:00:00Z,obs-VS002645;obs-VS003604,True,none,2,2,False
AD001364,AC001056,AD001364,S-VAL,2026-06-01T00:00:00Z,obs-VS000880;obs-VS001979,True,none,0,0,False
AD001365,AC001057,AD001365,POOL_UNSUPERVISED,2026-06-01T00:00:00Z,,False,pool_address_without_promotion_grade_confirmation,2,4,False
AD001366,AC001058,AD001366,POOL_UNSUPERVISED,2026-06-01T00:00:00Z,,False,pool_address_without_promotion_grade_confirmation,0,4,False
AD001367,AC001058,AD001367,POOL_UNSUPERVISED,2026-06-01T00:00:00Z,,False,pool_address_without_promotion_grade_confirmation,2,4,False
AD001368,AC001059,AD001368,POOL_UNSUPERVISED,2026-06-01T00:00:00Z,,False,pool_address_without_promotion_grade_confirmation,2,3,False
AD001369,AC001060,AD001369,POOL_UNSUPERVISED,2026-06-01T00:00:00Z,,False,pool_address_without_promotion_grade_confirmation,2,2,False
AD001370,AC001061,AD001370,POOL_UNSUPERVISED,2026-06-01T00:00:00Z,,False,pool_address_without_promotion_grade_confirmation,0,4,False
AD001371,AC001062,AD001371,POOL_UNSUPERVISED,2026-06-01T00:00:00Z,,False,pool_address_without_promotion_grade_confirmation,2,4,False
AD001372,AC001063,AD000867,POOL_UNSUPERVISED,2026-06-01T00:00:00Z,,False,pool_address_without_promotion_grade_confirmation,2,4,False
AD001373,AC001064,AD001373,POOL_UNSUPERVISED,2026-06-01T00:00:00Z,,False,pool_address_without_promotion_grade_confirmation,0,1,False
AD001374,AC001065,AD001374,POOL_UNSUPERVISED,2026-06-01T00:00:00Z,,False,pool_address_without_promotion_grade_confirmation,2,0,False
AD001375,AC001065,AD001375,POOL_UNSUPERVISED,2026-06-01T00:00:00Z,,False,pool_address_without_promotion_grade_confirmation,1,0,False
AD001376,AC001066,AD001376,POOL_UNSUPERVISED,2026-06-01T00:00:00Z,,False,pool_address_without_promotion_grade_confirmation,4,2,False
AD001377,AC001066,AD001377,POOL_UNSUPERVISED,2026-06-01T00:00:00Z,,False,pool_address_without_promotion_grade_confirmation,3,2,False
AD001378,AC001067,AD001378,POOL_UNSUPERVISED,2026-06-01T00:00:00Z,,False,pool_address_without_promotion_grade_confirmation,2,1,False
AD001379,AC001067,AD001379,POOL_UNSUPERVISED,2026-06-01T00:00:00Z,,False,pool_address_without_promotion_grade_confirmation,3,1,False
AD001380,AC001068,AD000473,S-TRAIN,2026-06-01T00:00:00Z,obs-VS000690;obs-VS001415;obs-VS002072,True,none,4,3,False
AD001381,AC001068,AD001381,POOL_UNSUPERVISED,2026-06-01T00:00:00Z,,False,pool_address_without_promotion_grade_confirmation,3,3,False
AD001382,AC001069,AD001382,S-EVAL,2026-06-01T00:00:00Z,,False,surveyed_s_eval+account_of_surveyed+block_of_surveyed,3,0,True
AD001383,AC001070,AD001383,POOL_UNSUPERVISED,2026-06-01T00:00:00Z,,False,pool_address_without_promotion_grade_confirmation,2,0,False
AD001384,AC001071,AD001384,POOL_UNSUPERVISED,2026-06-01T00:00:00Z,,False,pool_address_without_promotion_grade_confirmation,3,2,False
AD001385,AC001071,AD001385,POOL_UNSUPERVISED,2026-06-01T00:00:00Z,,False,pool_address_without_promotion_grade_confirmation,1,2,False
AD001386,AC001072,AD001386,POOL_UNSUPERVISED,2026-06-01T00:00:00Z,,False,pool_address_without_promotion_grade_confirmation,1,2,False
AD001387,AC001073,AD001387,POOL_UNSUPERVISED,2026-06-01T00:00:00Z,,False,pool_address_without_promotion_grade_confirmation,4,0,False
AD001388,AC001073,AD001388,POOL_UNSUPERVISED,2026-06-01T00:00:00Z,,False,pool_address_without_promotion_grade_confirmation,4,0,False
AD001389,AC001074,AD001389,POOL_UNSUPERVISED,2026-06-01T00:00:00Z,,False,pool_address_without_promotion_grade_confirmation,4,3,False
AD001390,AC001075,AD001390,POOL_UNSUPERVISED,2026-06-01T00:00:00Z,,False,pool_address_without_promotion_grade_confirmation,1,1,False
AD001391,AC001076,AD001391,POOL_UNSUPERVISED,2026-06-01T00:00:00Z,,False,pool_address_without_promotion_grade_confirmation,0,0,False
AD001392,AC001076,AD001392,POOL_UNSUPERVISED,2026-06-01T00:00:00Z,,False,pool_address_without_promotion_grade_confirmation,0,0,False
AD001393,AC001077,AD001393,POOL_UNSUPERVISED,2026-06-01T00:00:00Z,,False,pool_address_without_promotion_grade_confirmation,0,2,False
AD001394,AC001078,AD001394,POOL_UNSUPERVISED,2026-06-01T00:00:00Z,,False,pool_address_without_promotion_grade_confirmation,3,1,False
AD001395,AC001079,AD001395,POOL_UNSUPERVISED,2026-06-01T00:00:00Z,,False,pool_address_without_promotion_grade_confirmation,4,0,False
AD001396,AC001079,AD000258,POOL_UNSUPERVISED,2026-06-01T00:00:00Z,,False,pool_address_without_promotion_grade_confirmation,2,0,False
AD001397,AC001080,AD001397,POOL_UNSUPERVISED,2026-06-01T00:00:00Z,,False,pool_address_without_promotion_grade_confirmation,0,3,False
AD001398,AC001080,AD001398,POOL_UNSUPERVISED,2026-06-01T00:00:00Z,,False,pool_address_without_promotion_grade_confirmation,4,3,False
AD001399,AC001081,AD001399,POOL_UNSUPERVISED,2026-06-01T00:00:00Z,,False,pool_address_without_promotion_grade_confirmation,2,4,False
AD001400,AC001081,AD001400,POOL_UNSUPERVISED,2026-06-01T00:00:00Z,,False,pool_address_without_promotion_grade_confirmation,0,4,False
AD001401,AC001082,AD001401,POOL_UNSUPERVISED,2026-06-01T00:00:00Z,,False,pool_address_without_promotion_grade_confirmation,0,4,False
AD001402,AC001082,AD001402,POOL_UNSUPERVISED,2026-06-01T00:00:00Z,,False,pool_address_without_promotion_grade_confirmation,1,4,False
AD001403,AC001083,AD001403,POOL_UNSUPERVISED,2026-06-01T00:00:00Z,,False,pool_address_without_promotion_grade_confirmation,0,1,False
AD001404,AC001083,AD001404,POOL_UNSUPERVISED,2026-06-01T00:00:00Z,,False,pool_address_without_promotion_grade_confirmation,3,1,False
AD001405,AC001084,AD001405,POOL_UNSUPERVISED,2026-06-01T00:00:00Z,,False,pool_address_without_promotion_grade_confirmation,3,2,False
AD001406,AC001084,AD001406,POOL_UNSUPERVISED,2026-06-01T00:00:00Z,,False,pool_address_without_promotion_grade_confirmation,1,2,False
AD001407,AC001085,AD001407,POOL_UNSUPERVISED,2026-06-01T00:00:00Z,,False,pool_address_without_promotion_grade_confirmation,1,4,False
AD001408,AC001086,AD001408,S-TRAIN,2026-06-01T00:00:00Z,obs-VS000442;obs-VS001099;obs-VS002423,True,none,0,1,False
AD001409,AC001087,AD001409,POOL_UNSUPERVISED,2026-06-01T00:00:00Z,,False,pool_address_without_promotion_grade_confirmation,1,4,False
AD001410,AC001087,AD001410,POOL_UNSUPERVISED,2026-06-01T00:00:00Z,,False,pool_address_without_promotion_grade_confirmation,4,4,False
AD001411,AC001088,AD001411,POOL_UNSUPERVISED,2026-06-01T00:00:00Z,,False,pool_address_without_promotion_grade_confirmation,4,0,False
AD001412,AC001089,AD001412,POOL_UNSUPERVISED,2026-06-01T00:00:00Z,,False,pool_address_without_promotion_grade_confirmation,1,1,False
AD001413,AC001089,AD001413,POOL_UNSUPERVISED,2026-06-01T00:00:00Z,,False,pool_address_without_promotion_grade_confirmation,4,1,False
AD001414,AC001090,AD001414,POOL_UNSUPERVISED,2026-06-01T00:00:00Z,,False,pool_address_without_promotion_grade_confirmation,0,3,False
AD001415,AC001090,AD001415,POOL_UNSUPERVISED,2026-06-01T00:00:00Z,,False,pool_address_without_promotion_grade_confirmation,3,3,False
AD001416,AC001091,AD001416,S-TRAIN,2026-06-01T00:00:00Z,obs-VS000673;obs-VS001251;obs-VS001905,True,none,3,2,False
AD001417,AC001092,AD001417,POOL_UNSUPERVISED,2026-06-01T00:00:00Z,,False,pool_address_without_promotion_grade_confirmation,0,0,False
AD001418,AC001092,AD001418,POOL_UNSUPERVISED,2026-06-01T00:00:00Z,,False,pool_address_without_promotion_grade_confirmation,1,0,False
AD001419,AC001093,AD001419,POOL_UNSUPERVISED,2026-06-01T00:00:00Z,,False,pool_address_without_promotion_grade_confirmation,0,4,False
AD001420,AC001093,AD000477,POOL_UNSUPERVISED,2026-06-01T00:00:00Z,,False,pool_address_without_promotion_grade_confirmation,0,4,False
AD001421,AC001094,AD001421,POOL_UNSUPERVISED,2026-06-01T00:00:00Z,,False,pool_address_without_promotion_grade_confirmation,0,4,False
AD001422,AC001095,AD001422,S-TRAIN,2026-06-01T00:00:00Z,obs-VS001674;obs-VS002315;obs-VS003711,True,none,2,1,False
AD001423,AC001095,AD001423,POOL_UNSUPERVISED,2026-06-01T00:00:00Z,,False,pool_address_without_promotion_grade_confirmation,2,1,False
AD001424,AC001096,AD001424,POOL_UNSUPERVISED,2026-06-01T00:00:00Z,,False,pool_address_without_promotion_grade_confirmation,1,0,False
AD001425,AC001096,AD001425,POOL_UNSUPERVISED,2026-06-01T00:00:00Z,,False,pool_address_without_promotion_grade_confirmation,1,0,False
AD001426,AC001097,AD001426,POOL_UNSUPERVISED,2026-06-01T00:00:00Z,,False,pool_address_without_promotion_grade_confirmation,2,4,False
AD001427,AC001098,AD001427,POOL_UNSUPERVISED,2026-06-01T00:00:00Z,,False,pool_address_without_promotion_grade_confirmation,0,1,False
AD001428,AC001099,AD001428,POOL_UNSUPERVISED,2026-06-01T00:00:00Z,,False,pool_address_without_promotion_grade_confirmation,4,4,False
AD001429,AC001099,AD001429,POOL_UNSUPERVISED,2026-06-01T00:00:00Z,,False,pool_address_without_promotion_grade_confirmation,3,4,False
AD001430,AC001100,AD001430,POOL_UNSUPERVISED,2026-06-01T00:00:00Z,,False,pool_address_without_promotion_grade_confirmation,2,2,False
AD001431,AC001101,AD001431,POOL_UNSUPERVISED,2026-06-01T00:00:00Z,,False,pool_address_without_promotion_grade_confirmation,4,3,False
AD001432,AC001102,AD001432,POOL_UNSUPERVISED,2026-06-01T00:00:00Z,,False,pool_address_without_promotion_grade_confirmation,1,2,False
AD001433,AC001103,AD001294,POOL_UNSUPERVISED,2026-06-01T00:00:00Z,,False,pool_address_without_promotion_grade_confirmation,3,2,False
AD001434,AC001104,AD001434,POOL_UNSUPERVISED,2026-06-01T00:00:00Z,,False,pool_address_without_promotion_grade_confirmation,1,2,False
AD001435,AC001104,AD001435,POOL_UNSUPERVISED,2026-06-01T00:00:00Z,,False,pool_address_without_promotion_grade_confirmation,3,2,False
AD001436,AC001105,AD001360,POOL_UNSUPERVISED,2026-06-01T00:00:00Z,,False,pool_address_without_promotion_grade_confirmation,1,2,False
AD001437,AC001106,AD001437,POOL_UNSUPERVISED,2026-06-01T00:00:00Z,,False,pool_address_without_promotion_grade_confirmation,2,2,False
AD001438,AC001107,AD001438,POOL_UNSUPERVISED,2026-06-01T00:00:00Z,,False,pool_address_without_promotion_grade_confirmation,2,0,False
AD001439,AC001108,AD001439,POOL_UNSUPERVISED,2026-06-01T00:00:00Z,,False,pool_address_without_promotion_grade_confirmation,3,3,False
AD001440,AC001108,AD001440,POOL_UNSUPERVISED,2026-06-01T00:00:00Z,,False,pool_address_without_promotion_grade_confirmation,0,3,False
AD001441,AC001109,AD001441,POOL_UNSUPERVISED,2026-06-01T00:00:00Z,,False,pool_address_without_promotion_grade_confirmation,2,0,False
AD001442,AC001110,AD001442,POOL_UNSUPERVISED,2026-06-01T00:00:00Z,,False,pool_address_without_promotion_grade_confirmation,0,4,False
AD001443,AC001111,AD001443,POOL_UNSUPERVISED,2026-06-01T00:00:00Z,,False,pool_address_without_promotion_grade_confirmation,0,2,False
AD001444,AC001112,AD001444,POOL_UNSUPERVISED,2026-06-01T00:00:00Z,,False,pool_address_without_promotion_grade_confirmation,4,1,False
AD001445,AC001113,AD001445,POOL_UNSUPERVISED,2026-06-01T00:00:00Z,,False,pool_address_without_promotion_grade_confirmation,2,2,False
AD001446,AC001113,AD001446,POOL_UNSUPERVISED,2026-06-01T00:00:00Z,,False,pool_address_without_promotion_grade_confirmation,0,2,False
AD001447,AC001114,AD001447,S-VAL,2026-06-01T00:00:00Z,obs-VS000990;obs-VS001796;obs-VS002653,True,none,4,4,False
AD001448,AC001115,AD001448,POOL_UNSUPERVISED,2026-06-01T00:00:00Z,,False,pool_address_without_promotion_grade_confirmation,1,4,False
AD001449,AC001116,AD001449,POOL_UNSUPERVISED,2026-06-01T00:00:00Z,,False,pool_address_without_promotion_grade_confirmation,2,0,False
AD001450,AC001117,AD001450,POOL_UNSUPERVISED,2026-06-01T00:00:00Z,,False,pool_address_without_promotion_grade_confirmation,3,4,False
AD001451,AC001118,AD001451,POOL_UNSUPERVISED,2026-06-01T00:00:00Z,,False,pool_address_without_promotion_grade_confirmation,0,4,False
AD001452,AC001118,AD001452,POOL_UNSUPERVISED,2026-06-01T00:00:00Z,,False,pool_address_without_promotion_grade_confirmation,4,4,False
AD001453,AC001119,AD001453,POOL_UNSUPERVISED,2026-06-01T00:00:00Z,,False,pool_address_without_promotion_grade_confirmation,0,1,False
AD001454,AC001120,AD001454,POOL_UNSUPERVISED,2026-06-01T00:00:00Z,,False,pool_address_without_promotion_grade_confirmation,3,3,False
AD001455,AC001121,AD001455,POOL_UNSUPERVISED,2026-06-01T00:00:00Z,,False,pool_address_without_promotion_grade_confirmation,0,1,False
AD001456,AC001121,AD001456,POOL_UNSUPERVISED,2026-06-01T00:00:00Z,,False,pool_address_without_promotion_grade_confirmation,0,1,False
AD001457,AC001122,AD001457,POOL_UNSUPERVISED,2026-06-01T00:00:00Z,,False,pool_address_without_promotion_grade_confirmation,0,1,False
AD001458,AC001123,AD001458,POOL_UNSUPERVISED,2026-06-01T00:00:00Z,,False,pool_address_without_promotion_grade_confirmation,4,1,False
AD001459,AC001123,AD001459,POOL_UNSUPERVISED,2026-06-01T00:00:00Z,,False,pool_address_without_promotion_grade_confirmation,0,1,False
AD001460,AC001124,AD001460,POOL_UNSUPERVISED,2026-06-01T00:00:00Z,,False,pool_address_without_promotion_grade_confirmation,3,1,False
AD001461,AC001125,AD001461,POOL_UNSUPERVISED,2026-06-01T00:00:00Z,,False,pool_address_without_promotion_grade_confirmation,4,4,False
AD001462,AC001126,AD001462,S-TRAIN,2026-06-01T00:00:00Z,obs-VS001473;obs-VS002055;obs-VS002711;obs-VS003368,True,none,3,4,False
AD001463,AC001127,AD001463,POOL_UNSUPERVISED,2026-06-01T00:00:00Z,,False,pool_address_without_promotion_grade_confirmation,4,2,False
AD001464,AC001127,AD001464,POOL_UNSUPERVISED,2026-06-01T00:00:00Z,,False,pool_address_without_promotion_grade_confirmation,1,2,False
AD001465,AC001128,AD001346,S-TRAIN,2026-06-01T00:00:00Z,obs-VS000404;obs-VS001045;obs-VS002289,True,none,2,4,False
AD001466,AC001129,AD001466,POOL_UNSUPERVISED,2026-06-01T00:00:00Z,,False,pool_address_without_promotion_grade_confirmation,3,1,False
AD001467,AC001130,AD001467,POOL_UNSUPERVISED,2026-06-01T00:00:00Z,,False,pool_address_without_promotion_grade_confirmation,1,2,False
AD001468,AC001131,AD001468,POOL_UNSUPERVISED,2026-06-01T00:00:00Z,,False,pool_address_without_promotion_grade_confirmation,1,0,False
AD001469,AC001132,AD001469,S-EVAL,2026-06-01T00:00:00Z,,False,surveyed_s_eval+account_of_surveyed+block_of_surveyed,0,0,True
AD001470,AC001132,AD001470,EXCLUDED,2026-06-01T00:00:00Z,,False,account_of_surveyed,3,0,True
AD001471,AC001133,AD001471,POOL_UNSUPERVISED,2026-06-01T00:00:00Z,,False,pool_address_without_promotion_grade_confirmation,2,3,False
AD001472,AC001134,AD001472,POOL_UNSUPERVISED,2026-06-01T00:00:00Z,,False,pool_address_without_promotion_grade_confirmation,3,3,False
AD001473,AC001134,AD001473,POOL_UNSUPERVISED,2026-06-01T00:00:00Z,,False,pool_address_without_promotion_grade_confirmation,0,3,False
AD001474,AC001135,AD001474,POOL_UNSUPERVISED,2026-06-01T00:00:00Z,,False,pool_address_without_promotion_grade_confirmation,2,0,False
AD001475,AC001135,AD001475,POOL_UNSUPERVISED,2026-06-01T00:00:00Z,,False,pool_address_without_promotion_grade_confirmation,1,0,False
AD001476,AC001136,AD001476,POOL_UNSUPERVISED,2026-06-01T00:00:00Z,,False,pool_address_without_promotion_grade_confirmation,0,2,False
AD001477,AC001137,AD001477,POOL_UNSUPERVISED,2026-06-01T00:00:00Z,,False,pool_address_without_promotion_grade_confirmation,2,0,False
AD001478,AC001138,AD001478,S-EVAL,2026-06-01T00:00:00Z,,False,surveyed_s_eval+account_of_surveyed+block_of_surveyed,1,1,True
AD001479,AC001139,AD000867,S-TRAIN,2026-06-01T00:00:00Z,obs-VS001468;obs-VS002861;obs-VS003441,True,none,2,4,False
AD001480,AC001140,AD001480,POOL_UNSUPERVISED,2026-06-01T00:00:00Z,,False,pool_address_without_promotion_grade_confirmation,0,1,False
AD001481,AC001141,AD001481,POOL_UNSUPERVISED,2026-06-01T00:00:00Z,,False,pool_address_without_promotion_grade_confirmation,2,0,False
AD001482,AC001142,AD001482,POOL_UNSUPERVISED,2026-06-01T00:00:00Z,,False,pool_address_without_promotion_grade_confirmation,2,4,False
AD001483,AC001143,AD001483,POOL_UNSUPERVISED,2026-06-01T00:00:00Z,,False,pool_address_without_promotion_grade_confirmation,3,0,False
AD001484,AC001144,AD001484,POOL_UNSUPERVISED,2026-06-01T00:00:00Z,,False,pool_address_without_promotion_grade_confirmation,0,4,False
AD001485,AC001144,AD001485,POOL_UNSUPERVISED,2026-06-01T00:00:00Z,,False,pool_address_without_promotion_grade_confirmation,4,4,False
AD001486,AC001145,AD001486,POOL_UNSUPERVISED,2026-06-01T00:00:00Z,,False,pool_address_without_promotion_grade_confirmation,0,4,False
AD001487,AC001146,AD001487,POOL_UNSUPERVISED,2026-06-01T00:00:00Z,,False,pool_address_without_promotion_grade_confirmation,2,2,False
AD001488,AC001146,AD001488,POOL_UNSUPERVISED,2026-06-01T00:00:00Z,,False,pool_address_without_promotion_grade_confirmation,3,2,False
AD001489,AC001147,AD001489,POOL_UNSUPERVISED,2026-06-01T00:00:00Z,,False,pool_address_without_promotion_grade_confirmation,2,2,False
AD001490,AC001148,AD001490,POOL_UNSUPERVISED,2026-06-01T00:00:00Z,,False,pool_address_without_promotion_grade_confirmation,4,1,False
AD001491,AC001149,AD001491,POOL_UNSUPERVISED,2026-06-01T00:00:00Z,,False,pool_address_without_promotion_grade_confirmation,2,0,False
AD001492,AC001149,AD001492,POOL_UNSUPERVISED,2026-06-01T00:00:00Z,,False,pool_address_without_promotion_grade_confirmation,2,0,False
AD001493,AC001150,AD001493,POOL_UNSUPERVISED,2026-06-01T00:00:00Z,,False,pool_address_without_promotion_grade_confirmation,1,1,False
AD001494,AC001150,AD001494,POOL_UNSUPERVISED,2026-06-01T00:00:00Z,,False,pool_address_without_promotion_grade_confirmation,3,1,False
AD001495,AC001151,AD000538,S-TRAIN,2026-06-01T00:00:00Z,obs-VS000684;obs-VS001926;obs-VS003162,True,none,0,3,False
AD001496,AC001152,AD001496,POOL_UNSUPERVISED,2026-06-01T00:00:00Z,,False,pool_address_without_promotion_grade_confirmation,3,0,False
AD001497,AC001153,AD001497,POOL_UNSUPERVISED,2026-06-01T00:00:00Z,,False,pool_address_without_promotion_grade_confirmation,0,3,False
AD001498,AC001154,AD001498,POOL_UNSUPERVISED,2026-06-01T00:00:00Z,,False,pool_address_without_promotion_grade_confirmation,2,0,False
AD001499,AC001155,AD001499,S-TRAIN,2026-06-01T00:00:00Z,obs-VS001678;obs-VS002314,True,none,0,3,False
AD001500,AC001156,AD001500,POOL_UNSUPERVISED,2026-06-01T00:00:00Z,,False,pool_address_without_promotion_grade_confirmation,1,2,False
AD001501,AC001156,AD001501,POOL_UNSUPERVISED,2026-06-01T00:00:00Z,,False,pool_address_without_promotion_grade_confirmation,4,2,False
AD001502,AC001157,AD001502,POOL_UNSUPERVISED,2026-06-01T00:00:00Z,,False,pool_address_without_promotion_grade_confirmation,3,4,False
AD001503,AC001158,AD001503,POOL_UNSUPERVISED,2026-06-01T00:00:00Z,,False,pool_address_without_promotion_grade_confirmation,3,1,False
AD001504,AC001159,AD001504,POOL_UNSUPERVISED,2026-06-01T00:00:00Z,,False,pool_address_without_promotion_grade_confirmation,3,4,False
AD001505,AC001160,AD001505,S-TRAIN,2026-06-01T00:00:00Z,obs-VS000476;obs-VS001120;obs-VS002154,True,none,2,0,False
AD001506,AC001160,AD001506,POOL_UNSUPERVISED,2026-06-01T00:00:00Z,,False,pool_address_without_promotion_grade_confirmation,2,0,False
AD001507,AC001161,AD001507,POOL_UNSUPERVISED,2026-06-01T00:00:00Z,,False,pool_address_without_promotion_grade_confirmation,0,0,False
AD001508,AC001162,AD001508,POOL_UNSUPERVISED,2026-06-01T00:00:00Z,,False,pool_address_without_promotion_grade_confirmation,3,0,False
AD001509,AC001163,AD001509,S-VAL,2026-06-01T00:00:00Z,obs-VS002052;obs-VS003585,True,none,2,2,False
AD001510,AC001164,AD001510,POOL_UNSUPERVISED,2026-06-01T00:00:00Z,,False,pool_address_without_promotion_grade_confirmation,4,0,False
AD001511,AC001165,AD001511,POOL_UNSUPERVISED,2026-06-01T00:00:00Z,,False,pool_address_without_promotion_grade_confirmation,3,3,False
AD001512,AC001166,AD001512,S-EVAL,2026-06-01T00:00:00Z,,False,surveyed_s_eval+account_of_surveyed+block_of_surveyed,3,1,True
AD001513,AC001166,AD001513,EXCLUDED,2026-06-01T00:00:00Z,,False,account_of_surveyed,0,1,True
AD001514,AC001167,AD001514,POOL_UNSUPERVISED,2026-06-01T00:00:00Z,,False,pool_address_without_promotion_grade_confirmation,0,3,False
AD001515,AC001168,AD001515,POOL_UNSUPERVISED,2026-06-01T00:00:00Z,,False,pool_address_without_promotion_grade_confirmation,2,1,False
AD001516,AC001169,AD001516,POOL_UNSUPERVISED,2026-06-01T00:00:00Z,,False,pool_address_without_promotion_grade_confirmation,4,2,False
AD001517,AC001170,AD001517,POOL_UNSUPERVISED,2026-06-01T00:00:00Z,,False,pool_address_without_promotion_grade_confirmation,1,0,False
AD001518,AC001170,AD001518,POOL_UNSUPERVISED,2026-06-01T00:00:00Z,,False,pool_address_without_promotion_grade_confirmation,3,0,False
AD001519,AC001171,AD001519,S-EVAL,2026-06-01T00:00:00Z,,False,surveyed_s_eval+account_of_surveyed+block_of_surveyed,2,2,True
AD001520,AC001172,AD001520,POOL_UNSUPERVISED,2026-06-01T00:00:00Z,,False,pool_address_without_promotion_grade_confirmation,3,4,False
AD001521,AC001173,AD000808,S-TRAIN,2026-06-01T00:00:00Z,obs-VS001158;obs-VS002251,True,none,2,4,False
AD001522,AC001173,AD001522,POOL_UNSUPERVISED,2026-06-01T00:00:00Z,,False,pool_address_without_promotion_grade_confirmation,4,4,False
AD001523,AC001174,AD001523,S-TRAIN,2026-06-01T00:00:00Z,obs-VS001995;obs-VS003467,True,none,3,4,False
AD001524,AC001175,AD001524,POOL_UNSUPERVISED,2026-06-01T00:00:00Z,,False,pool_address_without_promotion_grade_confirmation,2,2,False
AD001525,AC001175,AD001525,POOL_UNSUPERVISED,2026-06-01T00:00:00Z,,False,pool_address_without_promotion_grade_confirmation,2,2,False
AD001526,AC001176,AD001526,S-EVAL,2026-06-01T00:00:00Z,,False,surveyed_s_eval+account_of_surveyed+block_of_surveyed,0,4,True
AD001527,AC001176,AD001527,EXCLUDED,2026-06-01T00:00:00Z,,False,account_of_surveyed,0,4,True
AD001528,AC001177,AD001528,POOL_UNSUPERVISED,2026-06-01T00:00:00Z,,False,pool_address_without_promotion_grade_confirmation,2,2,False
AD001529,AC001177,AD001529,POOL_UNSUPERVISED,2026-06-01T00:00:00Z,,False,pool_address_without_promotion_grade_confirmation,1,2,False
AD001530,AC001178,AD001530,POOL_UNSUPERVISED,2026-06-01T00:00:00Z,,False,pool_address_without_promotion_grade_confirmation,2,1,False
AD001531,AC001178,AD001531,POOL_UNSUPERVISED,2026-06-01T00:00:00Z,,False,pool_address_without_promotion_grade_confirmation,2,1,False
AD001532,AC001179,AD001532,POOL_UNSUPERVISED,2026-06-01T00:00:00Z,,False,pool_address_without_promotion_grade_confirmation,0,0,False
AD001533,AC001180,AD001533,S-EVAL,2026-06-01T00:00:00Z,,False,surveyed_s_eval+account_of_surveyed+block_of_surveyed,2,4,True
AD001534,AC001181,AD000533,POOL_UNSUPERVISED,2026-06-01T00:00:00Z,,False,pool_address_without_promotion_grade_confirmation,1,1,False
AD001535,AC001181,AD001535,POOL_UNSUPERVISED,2026-06-01T00:00:00Z,,False,pool_address_without_promotion_grade_confirmation,2,1,False
AD001536,AC001182,AD001536,S-EVAL,2026-06-01T00:00:00Z,,False,surveyed_s_eval+account_of_surveyed+block_of_surveyed,1,3,True
AD001537,AC001183,AD001537,POOL_UNSUPERVISED,2026-06-01T00:00:00Z,,False,pool_address_without_promotion_grade_confirmation,0,1,False
AD001538,AC001183,AD001538,POOL_UNSUPERVISED,2026-06-01T00:00:00Z,,False,pool_address_without_promotion_grade_confirmation,1,1,False
AD001539,AC001184,AD001539,S-TRAIN,2026-06-01T00:00:00Z,obs-VS000319;obs-VS002206;obs-VS003525,True,none,3,4,False
AD001540,AC001185,AD001540,S-TRAIN,2026-06-01T00:00:00Z,obs-VS002477;obs-VS003358,True,none,0,1,False
AD001541,AC001186,AD001541,POOL_UNSUPERVISED,2026-06-01T00:00:00Z,,False,pool_address_without_promotion_grade_confirmation,1,4,False
AD001542,AC001187,AD001542,POOL_UNSUPERVISED,2026-06-01T00:00:00Z,,False,pool_address_without_promotion_grade_confirmation,0,2,False
AD001543,AC001188,AD001543,POOL_UNSUPERVISED,2026-06-01T00:00:00Z,,False,pool_address_without_promotion_grade_confirmation,4,3,False
AD001544,AC001189,AD001544,POOL_UNSUPERVISED,2026-06-01T00:00:00Z,,False,pool_address_without_promotion_grade_confirmation,0,3,False
AD001545,AC001189,AD001545,POOL_UNSUPERVISED,2026-06-01T00:00:00Z,,False,pool_address_without_promotion_grade_confirmation,3,3,False
AD001546,AC001190,AD001546,POOL_UNSUPERVISED,2026-06-01T00:00:00Z,,False,pool_address_without_promotion_grade_confirmation,2,1,False
AD001547,AC001190,AD001547,POOL_UNSUPERVISED,2026-06-01T00:00:00Z,,False,pool_address_without_promotion_grade_confirmation,2,1,False
AD001548,AC001191,AD001548,POOL_UNSUPERVISED,2026-06-01T00:00:00Z,,False,pool_address_without_promotion_grade_confirmation,4,4,False
AD001549,AC001192,AD001549,POOL_UNSUPERVISED,2026-06-01T00:00:00Z,,False,pool_address_without_promotion_grade_confirmation,1,2,False
AD001550,AC001192,AD001550,POOL_UNSUPERVISED,2026-06-01T00:00:00Z,,False,pool_address_without_promotion_grade_confirmation,3,2,False
AD001551,AC001193,AD001551,S-TRAIN,2026-06-01T00:00:00Z,obs-VS002302;obs-VS003027,True,none,2,3,False
AD001552,AC001194,AD001552,POOL_UNSUPERVISED,2026-06-01T00:00:00Z,,False,pool_address_without_promotion_grade_confirmation,0,1,False
AD001553,AC001195,AD001553,POOL_UNSUPERVISED,2026-06-01T00:00:00Z,,False,pool_address_without_promotion_grade_confirmation,0,3,False
AD001554,AC001196,AD001554,S-TRAIN,2026-06-01T00:00:00Z,obs-VS002342;obs-VS003460,True,none,1,0,False
AD001555,AC001197,AD001555,S-TRAIN,2026-06-01T00:00:00Z,obs-VS000211;obs-VS000928;obs-VS002173;obs-VS002829;obs-VS003560,True,none,1,4,False
AD001556,AC001198,AD001556,POOL_UNSUPERVISED,2026-06-01T00:00:00Z,,False,pool_address_without_promotion_grade_confirmation,0,2,False
AD001557,AC001199,AD001557,POOL_UNSUPERVISED,2026-06-01T00:00:00Z,,False,pool_address_without_promotion_grade_confirmation,0,4,False
AD001558,AC001199,AD001558,POOL_UNSUPERVISED,2026-06-01T00:00:00Z,,False,pool_address_without_promotion_grade_confirmation,4,4,False
AD001559,AC001200,AD001559,POOL_UNSUPERVISED,2026-06-01T00:00:00Z,,False,pool_address_without_promotion_grade_confirmation,3,3,False
AD001560,AC001201,AD001560,POOL_UNSUPERVISED,2026-06-01T00:00:00Z,,False,pool_address_without_promotion_grade_confirmation,3,1,False
AD001561,AC001202,AD001561,POOL_UNSUPERVISED,2026-06-01T00:00:00Z,,False,pool_address_without_promotion_grade_confirmation,4,3,False
AD001562,AC001202,AD001562,POOL_UNSUPERVISED,2026-06-01T00:00:00Z,,False,pool_address_without_promotion_grade_confirmation,4,3,False
AD001563,AC001203,AD001563,POOL_UNSUPERVISED,2026-06-01T00:00:00Z,,False,pool_address_without_promotion_grade_confirmation,2,1,False
AD001564,AC001204,AD001564,POOL_UNSUPERVISED,2026-06-01T00:00:00Z,,False,pool_address_without_promotion_grade_confirmation,1,2,False
AD001565,AC001204,AD001565,POOL_UNSUPERVISED,2026-06-01T00:00:00Z,,False,pool_address_without_promotion_grade_confirmation,0,2,False
AD001566,AC001205,AD001566,POOL_UNSUPERVISED,2026-06-01T00:00:00Z,,False,pool_address_without_promotion_grade_confirmation,3,1,False
AD001567,AC001206,AD001567,POOL_UNSUPERVISED,2026-06-01T00:00:00Z,,False,pool_address_without_promotion_grade_confirmation,2,2,False
AD001568,AC001207,AD001568,POOL_UNSUPERVISED,2026-06-01T00:00:00Z,,False,pool_address_without_promotion_grade_confirmation,1,2,False
AD001569,AC001208,AD001569,POOL_UNSUPERVISED,2026-06-01T00:00:00Z,,False,pool_address_without_promotion_grade_confirmation,2,4,False
AD001570,AC001209,AD001570,POOL_UNSUPERVISED,2026-06-01T00:00:00Z,,False,pool_address_without_promotion_grade_confirmation,4,4,False
AD001571,AC001210,AD001571,POOL_UNSUPERVISED,2026-06-01T00:00:00Z,,False,pool_address_without_promotion_grade_confirmation,0,3,False
AD001572,AC001211,AD001572,POOL_UNSUPERVISED,2026-06-01T00:00:00Z,,False,pool_address_without_promotion_grade_confirmation,0,2,False
AD001573,AC001211,AD001573,POOL_UNSUPERVISED,2026-06-01T00:00:00Z,,False,pool_address_without_promotion_grade_confirmation,2,2,False
AD001574,AC001212,AD001574,S-EVAL,2026-06-01T00:00:00Z,,False,surveyed_s_eval+account_of_surveyed+block_of_surveyed,1,2,True
AD001575,AC001213,AD001575,POOL_UNSUPERVISED,2026-06-01T00:00:00Z,,False,pool_address_without_promotion_grade_confirmation,4,1,False
AD001576,AC001214,AD001576,POOL_UNSUPERVISED,2026-06-01T00:00:00Z,,False,pool_address_without_promotion_grade_confirmation,0,1,False
AD001577,AC001215,AD001577,POOL_UNSUPERVISED,2026-06-01T00:00:00Z,,False,pool_address_without_promotion_grade_confirmation,2,0,False
AD001578,AC001216,AD001578,S-TRAIN,2026-06-01T00:00:00Z,obs-VS002026;obs-VS002695;obs-VS003351,True,none,2,4,False
AD001579,AC001217,AD001579,POOL_UNSUPERVISED,2026-06-01T00:00:00Z,,False,pool_address_without_promotion_grade_confirmation,3,3,False
AD001580,AC001217,AD001580,POOL_UNSUPERVISED,2026-06-01T00:00:00Z,,False,pool_address_without_promotion_grade_confirmation,0,3,False
AD001581,AC001218,AD001581,S-TRAIN,2026-06-01T00:00:00Z,obs-VS000733;obs-VS001403;obs-VS002505;obs-VS003143,True,none,2,4,False
AD001582,AC001219,AD000291,EXCLUDED,2026-06-01T00:00:00Z,,False,block_of_surveyed,4,2,True
AD001583,AC001220,AD001583,POOL_UNSUPERVISED,2026-06-01T00:00:00Z,,False,pool_address_without_promotion_grade_confirmation,3,4,False
AD001584,AC001221,AD001584,POOL_UNSUPERVISED,2026-06-01T00:00:00Z,,False,pool_address_without_promotion_grade_confirmation,1,4,False
AD001585,AC001222,AD001585,POOL_UNSUPERVISED,2026-06-01T00:00:00Z,,False,pool_address_without_promotion_grade_confirmation,2,4,False
AD001586,AC001223,AD001586,S-EVAL,2026-06-01T00:00:00Z,,False,surveyed_s_eval+account_of_surveyed+block_of_surveyed,2,3,True
AD001587,AC001224,AD001587,S-TRAIN,2026-06-01T00:00:00Z,obs-VS001155;obs-VS001736,True,none,3,4,False
AD001588,AC001225,AD001588,POOL_UNSUPERVISED,2026-06-01T00:00:00Z,,False,pool_address_without_promotion_grade_confirmation,0,0,False
AD001589,AC001226,AD001589,POOL_UNSUPERVISED,2026-06-01T00:00:00Z,,False,pool_address_without_promotion_grade_confirmation,1,4,False
AD001590,AC001227,AD001590,POOL_UNSUPERVISED,2026-06-01T00:00:00Z,,False,pool_address_without_promotion_grade_confirmation,1,2,False
AD001591,AC001228,AD001591,POOL_UNSUPERVISED,2026-06-01T00:00:00Z,,False,pool_address_without_promotion_grade_confirmation,1,2,False
AD001592,AC001229,AD001592,POOL_UNSUPERVISED,2026-06-01T00:00:00Z,,False,pool_address_without_promotion_grade_confirmation,4,2,False
AD001593,AC001230,AD001593,POOL_UNSUPERVISED,2026-06-01T00:00:00Z,,False,pool_address_without_promotion_grade_confirmation,4,4,False
AD001594,AC001231,AD001594,POOL_UNSUPERVISED,2026-06-01T00:00:00Z,,False,pool_address_without_promotion_grade_confirmation,1,1,False
AD001595,AC001231,AD001595,POOL_UNSUPERVISED,2026-06-01T00:00:00Z,,False,pool_address_without_promotion_grade_confirmation,1,1,False
AD001596,AC001232,AD001596,POOL_UNSUPERVISED,2026-06-01T00:00:00Z,,False,pool_address_without_promotion_grade_confirmation,4,1,False
AD001597,AC001233,AD001597,POOL_UNSUPERVISED,2026-06-01T00:00:00Z,,False,pool_address_without_promotion_grade_confirmation,0,3,False
AD001598,AC001234,AD001598,POOL_UNSUPERVISED,2026-06-01T00:00:00Z,,False,pool_address_without_promotion_grade_confirmation,4,1,False
AD001599,AC001234,AD001599,POOL_UNSUPERVISED,2026-06-01T00:00:00Z,,False,pool_address_without_promotion_grade_confirmation,2,1,False
AD001600,AC001235,AD001600,POOL_UNSUPERVISED,2026-06-01T00:00:00Z,,False,pool_address_without_promotion_grade_confirmation,2,3,False
AD001601,AC001236,AD001601,POOL_UNSUPERVISED,2026-06-01T00:00:00Z,,False,pool_address_without_promotion_grade_confirmation,2,2,False
AD001602,AC001237,AD001602,POOL_UNSUPERVISED,2026-06-01T00:00:00Z,,False,pool_address_without_promotion_grade_confirmation,1,2,False
AD001603,AC001237,AD001603,POOL_UNSUPERVISED,2026-06-01T00:00:00Z,,False,pool_address_without_promotion_grade_confirmation,1,2,False
AD001604,AC001238,AD001604,POOL_UNSUPERVISED,2026-06-01T00:00:00Z,,False,pool_address_without_promotion_grade_confirmation,0,1,False
AD001605,AC001239,AD001605,POOL_UNSUPERVISED,2026-06-01T00:00:00Z,,False,pool_address_without_promotion_grade_confirmation,4,2,False
AD001606,AC001240,AD001606,POOL_UNSUPERVISED,2026-06-01T00:00:00Z,,False,pool_address_without_promotion_grade_confirmation,0,4,False
AD001607,AC001240,AD001607,POOL_UNSUPERVISED,2026-06-01T00:00:00Z,,False,pool_address_without_promotion_grade_confirmation,2,4,False
AD001608,AC001241,AD001608,POOL_UNSUPERVISED,2026-06-01T00:00:00Z,,False,pool_address_without_promotion_grade_confirmation,3,3,False
AD001609,AC001242,AD001609,POOL_UNSUPERVISED,2026-06-01T00:00:00Z,,False,pool_address_without_promotion_grade_confirmation,1,3,False
AD001610,AC001243,AD001610,POOL_UNSUPERVISED,2026-06-01T00:00:00Z,,False,pool_address_without_promotion_grade_confirmation,1,4,False
AD001611,AC001244,AD001611,POOL_UNSUPERVISED,2026-06-01T00:00:00Z,,False,pool_address_without_promotion_grade_confirmation,0,3,False
AD001612,AC001245,AD001612,POOL_UNSUPERVISED,2026-06-01T00:00:00Z,,False,pool_address_without_promotion_grade_confirmation,1,0,False
AD001613,AC001245,AD001613,POOL_UNSUPERVISED,2026-06-01T00:00:00Z,,False,pool_address_without_promotion_grade_confirmation,3,0,False
AD001614,AC001246,AD001614,POOL_UNSUPERVISED,2026-06-01T00:00:00Z,,False,pool_address_without_promotion_grade_confirmation,4,3,False
AD001615,AC001247,AD001615,POOL_UNSUPERVISED,2026-06-01T00:00:00Z,,False,pool_address_without_promotion_grade_confirmation,4,1,False
AD001616,AC001248,AD001616,POOL_UNSUPERVISED,2026-06-01T00:00:00Z,,False,pool_address_without_promotion_grade_confirmation,4,4,False
AD001617,AC001248,AD001617,POOL_UNSUPERVISED,2026-06-01T00:00:00Z,,False,pool_address_without_promotion_grade_confirmation,3,4,False
AD001618,AC001249,AD001618,POOL_UNSUPERVISED,2026-06-01T00:00:00Z,,False,pool_address_without_promotion_grade_confirmation,3,2,False
AD001619,AC001250,AD001619,S-TRAIN,2026-06-01T00:00:00Z,obs-VS002534;obs-VS003545,True,none,4,3,False
AD001620,AC001251,AD001620,POOL_UNSUPERVISED,2026-06-01T00:00:00Z,,False,pool_address_without_promotion_grade_confirmation,3,2,False
AD001621,AC001252,AD001621,POOL_UNSUPERVISED,2026-06-01T00:00:00Z,,False,pool_address_without_promotion_grade_confirmation,1,2,False
AD001622,AC001253,AD001622,POOL_UNSUPERVISED,2026-06-01T00:00:00Z,,False,pool_address_without_promotion_grade_confirmation,4,1,False
AD001623,AC001254,AD001623,POOL_UNSUPERVISED,2026-06-01T00:00:00Z,,False,pool_address_without_promotion_grade_confirmation,2,2,False
AD001624,AC001254,AD001624,POOL_UNSUPERVISED,2026-06-01T00:00:00Z,,False,pool_address_without_promotion_grade_confirmation,3,2,False
AD001625,AC001255,AD001625,POOL_UNSUPERVISED,2026-06-01T00:00:00Z,,False,pool_address_without_promotion_grade_confirmation,4,4,False
AD001626,AC001255,AD001626,POOL_UNSUPERVISED,2026-06-01T00:00:00Z,,False,pool_address_without_promotion_grade_confirmation,3,4,False
AD001627,AC001256,AD001627,S-VAL,2026-06-01T00:00:00Z,obs-VS001412;obs-VS002297,True,none,0,0,False
AD001628,AC001257,AD001628,POOL_UNSUPERVISED,2026-06-01T00:00:00Z,,False,pool_address_without_promotion_grade_confirmation,0,2,False
AD001629,AC001258,AD001629,POOL_UNSUPERVISED,2026-06-01T00:00:00Z,,False,pool_address_without_promotion_grade_confirmation,3,0,False
AD001630,AC001258,AD001630,POOL_UNSUPERVISED,2026-06-01T00:00:00Z,,False,pool_address_without_promotion_grade_confirmation,2,0,False
AD001631,AC001259,AD001631,POOL_UNSUPERVISED,2026-06-01T00:00:00Z,,False,pool_address_without_promotion_grade_confirmation,3,0,False
AD001632,AC001259,AD001632,POOL_UNSUPERVISED,2026-06-01T00:00:00Z,,False,pool_address_without_promotion_grade_confirmation,3,0,False
AD001633,AC001260,AD001633,POOL_UNSUPERVISED,2026-06-01T00:00:00Z,,False,pool_address_without_promotion_grade_confirmation,1,3,False
AD001634,AC001261,AD001634,POOL_UNSUPERVISED,2026-06-01T00:00:00Z,,False,pool_address_without_promotion_grade_confirmation,4,4,False
AD001635,AC001262,AD001635,POOL_UNSUPERVISED,2026-06-01T00:00:00Z,,False,pool_address_without_promotion_grade_confirmation,3,1,False
AD001636,AC001262,AD001636,POOL_UNSUPERVISED,2026-06-01T00:00:00Z,,False,pool_address_without_promotion_grade_confirmation,4,1,False
AD001637,AC001263,AD001637,POOL_UNSUPERVISED,2026-06-01T00:00:00Z,,False,pool_address_without_promotion_grade_confirmation,3,1,False
AD001638,AC001264,AD001638,S-TRAIN,2026-06-01T00:00:00Z,obs-VS002113;obs-VS002780;obs-VS003447,True,none,2,3,False
AD001639,AC001265,AD001639,POOL_UNSUPERVISED,2026-06-01T00:00:00Z,,False,pool_address_without_promotion_grade_confirmation,3,2,False
AD001640,AC001266,AD001640,POOL_UNSUPERVISED,2026-06-01T00:00:00Z,,False,pool_address_without_promotion_grade_confirmation,3,3,False
AD001641,AC001267,AD001641,POOL_UNSUPERVISED,2026-06-01T00:00:00Z,,False,pool_address_without_promotion_grade_confirmation,0,4,False
AD001642,AC001268,AD001642,POOL_UNSUPERVISED,2026-06-01T00:00:00Z,,False,pool_address_without_promotion_grade_confirmation,0,4,False
AD001643,AC001269,AD001643,POOL_UNSUPERVISED,2026-06-01T00:00:00Z,,False,pool_address_without_promotion_grade_confirmation,1,1,False
AD001644,AC001270,AD001644,POOL_UNSUPERVISED,2026-06-01T00:00:00Z,,False,pool_address_without_promotion_grade_confirmation,4,3,False
AD001645,AC001271,AD001645,POOL_UNSUPERVISED,2026-06-01T00:00:00Z,,False,pool_address_without_promotion_grade_confirmation,1,4,False
AD001646,AC001271,AD001646,POOL_UNSUPERVISED,2026-06-01T00:00:00Z,,False,pool_address_without_promotion_grade_confirmation,2,4,False
AD001647,AC001272,AD001647,S-TRAIN,2026-06-01T00:00:00Z,obs-VS000989;obs-VS001795,True,none,3,2,False
AD001648,AC001272,AD001648,POOL_UNSUPERVISED,2026-06-01T00:00:00Z,,False,pool_address_without_promotion_grade_confirmation,0,2,False
AD001649,AC001273,AD001649,POOL_UNSUPERVISED,2026-06-01T00:00:00Z,,False,pool_address_without_promotion_grade_confirmation,4,3,False
AD001650,AC001273,AD001650,POOL_UNSUPERVISED,2026-06-01T00:00:00Z,,False,pool_address_without_promotion_grade_confirmation,1,3,False
AD001651,AC001274,AD001651,POOL_UNSUPERVISED,2026-06-01T00:00:00Z,,False,pool_address_without_promotion_grade_confirmation,1,2,False
AD001652,AC001275,AD001652,POOL_UNSUPERVISED,2026-06-01T00:00:00Z,,False,pool_address_without_promotion_grade_confirmation,2,1,False
AD001653,AC001276,AD001653,POOL_UNSUPERVISED,2026-06-01T00:00:00Z,,False,pool_address_without_promotion_grade_confirmation,3,3,False
AD001654,AC001277,AD001654,POOL_UNSUPERVISED,2026-06-01T00:00:00Z,,False,pool_address_without_promotion_grade_confirmation,3,4,False
AD001655,AC001278,AD001655,POOL_UNSUPERVISED,2026-06-01T00:00:00Z,,False,pool_address_without_promotion_grade_confirmation,3,3,False
AD001656,AC001279,AD001656,POOL_UNSUPERVISED,2026-06-01T00:00:00Z,,False,pool_address_without_promotion_grade_confirmation,2,3,False
AD001657,AC001279,AD001657,POOL_UNSUPERVISED,2026-06-01T00:00:00Z,,False,pool_address_without_promotion_grade_confirmation,3,3,False
AD001658,AC001280,AD001658,POOL_UNSUPERVISED,2026-06-01T00:00:00Z,,False,pool_address_without_promotion_grade_confirmation,2,0,False
AD001659,AC001280,AD001659,POOL_UNSUPERVISED,2026-06-01T00:00:00Z,,False,pool_address_without_promotion_grade_confirmation,3,0,False
AD001660,AC001281,AD001660,POOL_UNSUPERVISED,2026-06-01T00:00:00Z,,False,pool_address_without_promotion_grade_confirmation,0,1,False
AD001661,AC001281,AD001661,POOL_UNSUPERVISED,2026-06-01T00:00:00Z,,False,pool_address_without_promotion_grade_confirmation,2,1,False
AD001662,AC001282,AD001662,S-VAL,2026-06-01T00:00:00Z,obs-VS000546;obs-VS002662,True,none,1,1,False
AD001663,AC001282,AD001663,POOL_UNSUPERVISED,2026-06-01T00:00:00Z,,False,pool_address_without_promotion_grade_confirmation,4,1,False
AD001664,AC001283,AD001664,POOL_UNSUPERVISED,2026-06-01T00:00:00Z,,False,pool_address_without_promotion_grade_confirmation,1,2,False
AD001665,AC001284,AD001665,POOL_UNSUPERVISED,2026-06-01T00:00:00Z,,False,pool_address_without_promotion_grade_confirmation,4,1,False
AD001666,AC001284,AD001666,POOL_UNSUPERVISED,2026-06-01T00:00:00Z,,False,pool_address_without_promotion_grade_confirmation,3,1,False
AD001667,AC001285,AD001667,POOL_UNSUPERVISED,2026-06-01T00:00:00Z,,False,pool_address_without_promotion_grade_confirmation,4,0,False
AD001668,AC001285,AD001668,POOL_UNSUPERVISED,2026-06-01T00:00:00Z,,False,pool_address_without_promotion_grade_confirmation,3,0,False
AD001669,AC001286,AD001669,POOL_UNSUPERVISED,2026-06-01T00:00:00Z,,False,pool_address_without_promotion_grade_confirmation,0,0,False
AD001670,AC001286,AD001670,POOL_UNSUPERVISED,2026-06-01T00:00:00Z,,False,pool_address_without_promotion_grade_confirmation,4,0,False
AD001671,AC001287,AD001671,POOL_UNSUPERVISED,2026-06-01T00:00:00Z,,False,pool_address_without_promotion_grade_confirmation,1,2,False
AD001672,AC001287,AD001672,POOL_UNSUPERVISED,2026-06-01T00:00:00Z,,False,pool_address_without_promotion_grade_confirmation,0,2,False
AD001673,AC001288,AD001673,POOL_UNSUPERVISED,2026-06-01T00:00:00Z,,False,pool_address_without_promotion_grade_confirmation,1,3,False
AD001674,AC001289,AD001674,POOL_UNSUPERVISED,2026-06-01T00:00:00Z,,False,pool_address_without_promotion_grade_confirmation,2,4,False
AD001675,AC001289,AD001675,POOL_UNSUPERVISED,2026-06-01T00:00:00Z,,False,pool_address_without_promotion_grade_confirmation,1,4,False
AD001676,AC001290,AD001676,POOL_UNSUPERVISED,2026-06-01T00:00:00Z,,False,pool_address_without_promotion_grade_confirmation,0,1,False
AD001677,AC001290,AD001677,POOL_UNSUPERVISED,2026-06-01T00:00:00Z,,False,pool_address_without_promotion_grade_confirmation,2,1,False
AD001678,AC001291,AD001678,POOL_UNSUPERVISED,2026-06-01T00:00:00Z,,False,pool_address_without_promotion_grade_confirmation,3,2,False
AD001679,AC001292,AD001679,POOL_UNSUPERVISED,2026-06-01T00:00:00Z,,False,pool_address_without_promotion_grade_confirmation,2,2,False
AD001680,AC001293,AD001680,POOL_UNSUPERVISED,2026-06-01T00:00:00Z,,False,pool_address_without_promotion_grade_confirmation,3,2,False
AD001681,AC001294,AD001681,POOL_UNSUPERVISED,2026-06-01T00:00:00Z,,False,pool_address_without_promotion_grade_confirmation,2,3,False
AD001682,AC001295,AD001682,POOL_UNSUPERVISED,2026-06-01T00:00:00Z,,False,pool_address_without_promotion_grade_confirmation,0,4,False
AD001683,AC001296,AD001683,POOL_UNSUPERVISED,2026-06-01T00:00:00Z,,False,pool_address_without_promotion_grade_confirmation,1,3,False
AD001684,AC001296,AD001684,POOL_UNSUPERVISED,2026-06-01T00:00:00Z,,False,pool_address_without_promotion_grade_confirmation,2,3,False
AD001685,AC001297,AD001685,POOL_UNSUPERVISED,2026-06-01T00:00:00Z,,False,pool_address_without_promotion_grade_confirmation,0,0,False
AD001686,AC001297,AD001686,POOL_UNSUPERVISED,2026-06-01T00:00:00Z,,False,pool_address_without_promotion_grade_confirmation,2,0,False
AD001687,AC001298,AD001687,POOL_UNSUPERVISED,2026-06-01T00:00:00Z,,False,pool_address_without_promotion_grade_confirmation,2,0,False
AD001688,AC001298,AD001688,POOL_UNSUPERVISED,2026-06-01T00:00:00Z,,False,pool_address_without_promotion_grade_confirmation,2,0,False
AD001689,AC001299,AD001689,S-TRAIN,2026-06-01T00:00:00Z,obs-VS002459;obs-VS003037,True,none,4,2,False
AD001690,AC001300,AD001690,POOL_UNSUPERVISED,2026-06-01T00:00:00Z,,False,pool_address_without_promotion_grade_confirmation,1,0,False
AD001691,AC001301,AD001691,POOL_UNSUPERVISED,2026-06-01T00:00:00Z,,False,pool_address_without_promotion_grade_confirmation,1,2,False
AD001692,AC001302,AD001692,POOL_UNSUPERVISED,2026-06-01T00:00:00Z,,False,pool_address_without_promotion_grade_confirmation,2,3,False
AD001693,AC001303,AD001693,POOL_UNSUPERVISED,2026-06-01T00:00:00Z,,False,pool_address_without_promotion_grade_confirmation,2,0,False
AD001694,AC001304,AD001694,POOL_UNSUPERVISED,2026-06-01T00:00:00Z,,False,pool_address_without_promotion_grade_confirmation,2,4,False
AD001695,AC001305,AD001695,S-EVAL,2026-06-01T00:00:00Z,,False,surveyed_s_eval+account_of_surveyed+block_of_surveyed,4,4,True
AD001696,AC001306,AD001696,POOL_UNSUPERVISED,2026-06-01T00:00:00Z,,False,pool_address_without_promotion_grade_confirmation,0,4,False
AD001697,AC001307,AD001697,S-TRAIN,2026-06-01T00:00:00Z,obs-VS000107;obs-VS000763;obs-VS001424;obs-VS003399,True,none,4,2,False
AD001698,AC001308,AD001698,POOL_UNSUPERVISED,2026-06-01T00:00:00Z,,False,pool_address_without_promotion_grade_confirmation,4,0,False
AD001699,AC001308,AD001699,POOL_UNSUPERVISED,2026-06-01T00:00:00Z,,False,pool_address_without_promotion_grade_confirmation,4,0,False
AD001700,AC001309,AD001700,S-TRAIN,2026-06-01T00:00:00Z,obs-VS001351;obs-VS002455,True,none,1,2,False
AD001701,AC001310,AD001701,POOL_UNSUPERVISED,2026-06-01T00:00:00Z,,False,pool_address_without_promotion_grade_confirmation,2,3,False
AD001702,AC001311,AD000646,POOL_UNSUPERVISED,2026-06-01T00:00:00Z,,False,pool_address_without_promotion_grade_confirmation,0,3,False
AD001703,AC001312,AD001703,POOL_UNSUPERVISED,2026-06-01T00:00:00Z,,False,pool_address_without_promotion_grade_confirmation,1,2,False
AD001704,AC001312,AD001704,POOL_UNSUPERVISED,2026-06-01T00:00:00Z,,False,pool_address_without_promotion_grade_confirmation,0,2,False
AD001705,AC001313,AD001705,POOL_UNSUPERVISED,2026-06-01T00:00:00Z,,False,pool_address_without_promotion_grade_confirmation,3,3,False
AD001706,AC001314,AD001706,POOL_UNSUPERVISED,2026-06-01T00:00:00Z,,False,pool_address_without_promotion_grade_confirmation,2,3,False
AD001707,AC001315,AD001707,POOL_UNSUPERVISED,2026-06-01T00:00:00Z,,False,pool_address_without_promotion_grade_confirmation,1,0,False
AD001708,AC001315,AD001708,POOL_UNSUPERVISED,2026-06-01T00:00:00Z,,False,pool_address_without_promotion_grade_confirmation,3,0,False
AD001709,AC001316,AD001709,POOL_UNSUPERVISED,2026-06-01T00:00:00Z,,False,pool_address_without_promotion_grade_confirmation,0,0,False
AD001710,AC001317,AD001710,POOL_UNSUPERVISED,2026-06-01T00:00:00Z,,False,pool_address_without_promotion_grade_confirmation,1,3,False
AD001711,AC001318,AD001711,S-EVAL,2026-06-01T00:00:00Z,,False,surveyed_s_eval+account_of_surveyed+block_of_surveyed,4,3,True
AD001712,AC001319,AD001712,POOL_UNSUPERVISED,2026-06-01T00:00:00Z,,False,pool_address_without_promotion_grade_confirmation,4,3,False
AD001713,AC001320,AD001713,S-TRAIN,2026-06-01T00:00:00Z,obs-VS000100;obs-VS001430;obs-VS002074;obs-VS002735,True,none,1,0,False
AD001714,AC001320,AD001714,POOL_UNSUPERVISED,2026-06-01T00:00:00Z,,False,pool_address_without_promotion_grade_confirmation,2,0,False
AD001715,AC001321,AD001715,POOL_UNSUPERVISED,2026-06-01T00:00:00Z,,False,pool_address_without_promotion_grade_confirmation,4,0,False
AD001716,AC001322,AD001716,POOL_UNSUPERVISED,2026-06-01T00:00:00Z,,False,pool_address_without_promotion_grade_confirmation,3,0,False
AD001717,AC001322,AD001717,POOL_UNSUPERVISED,2026-06-01T00:00:00Z,,False,pool_address_without_promotion_grade_confirmation,4,0,False
AD001718,AC001323,AD001718,POOL_UNSUPERVISED,2026-06-01T00:00:00Z,,False,pool_address_without_promotion_grade_confirmation,4,2,False
AD001719,AC001324,AD001719,POOL_UNSUPERVISED,2026-06-01T00:00:00Z,,False,pool_address_without_promotion_grade_confirmation,0,4,False
AD001720,AC001325,AD001720,POOL_UNSUPERVISED,2026-06-01T00:00:00Z,,False,pool_address_without_promotion_grade_confirmation,4,2,False
AD001721,AC001326,AD001721,POOL_UNSUPERVISED,2026-06-01T00:00:00Z,,False,pool_address_without_promotion_grade_confirmation,2,1,False
AD001722,AC001327,AD001722,S-TRAIN,2026-06-01T00:00:00Z,obs-VS001822;obs-VS003702,True,none,0,3,False
AD001723,AC001328,AD001723,POOL_UNSUPERVISED,2026-06-01T00:00:00Z,,False,pool_address_without_promotion_grade_confirmation,2,2,False
AD001724,AC001329,AD001724,POOL_UNSUPERVISED,2026-06-01T00:00:00Z,,False,pool_address_without_promotion_grade_confirmation,2,3,False
AD001725,AC001330,AD001725,POOL_UNSUPERVISED,2026-06-01T00:00:00Z,,False,pool_address_without_promotion_grade_confirmation,1,3,False
AD001726,AC001331,AD001726,S-VAL,2026-06-01T00:00:00Z,obs-VS000330;obs-VS002583,True,none,4,4,False
AD001727,AC001332,AD001727,POOL_UNSUPERVISED,2026-06-01T00:00:00Z,,False,pool_address_without_promotion_grade_confirmation,4,1,False
AD001728,AC001332,AD001728,POOL_UNSUPERVISED,2026-06-01T00:00:00Z,,False,pool_address_without_promotion_grade_confirmation,4,1,False
AD001729,AC001333,AD001729,POOL_UNSUPERVISED,2026-06-01T00:00:00Z,,False,pool_address_without_promotion_grade_confirmation,2,4,False
AD001730,AC001334,AD001730,POOL_UNSUPERVISED,2026-06-01T00:00:00Z,,False,pool_address_without_promotion_grade_confirmation,2,2,False
AD001731,AC001335,AD001731,S-TRAIN,2026-06-01T00:00:00Z,obs-VS000982;obs-VS001733;obs-VS003626,True,none,4,3,False
AD001732,AC001336,AD001732,POOL_UNSUPERVISED,2026-06-01T00:00:00Z,,False,pool_address_without_promotion_grade_confirmation,4,4,False
AD001733,AC001337,AD001733,POOL_UNSUPERVISED,2026-06-01T00:00:00Z,,False,pool_address_without_promotion_grade_confirmation,1,2,False
AD001734,AC001338,AD001734,S-EVAL,2026-06-01T00:00:00Z,,False,surveyed_s_eval+account_of_surveyed+block_of_surveyed,1,0,True
AD001735,AC001339,AD001735,POOL_UNSUPERVISED,2026-06-01T00:00:00Z,,False,pool_address_without_promotion_grade_confirmation,1,0,False
AD001736,AC001340,AD001736,POOL_UNSUPERVISED,2026-06-01T00:00:00Z,,False,pool_address_without_promotion_grade_confirmation,0,4,False
AD001737,AC001340,AD001737,POOL_UNSUPERVISED,2026-06-01T00:00:00Z,,False,pool_address_without_promotion_grade_confirmation,0,4,False
AD001738,AC001341,AD001738,S-TRAIN,2026-06-01T00:00:00Z,obs-VS000456;obs-VS002948,True,none,0,1,False
AD001739,AC001342,AD001739,POOL_UNSUPERVISED,2026-06-01T00:00:00Z,,False,pool_address_without_promotion_grade_confirmation,2,2,False
AD001740,AC001342,AD001740,POOL_UNSUPERVISED,2026-06-01T00:00:00Z,,False,pool_address_without_promotion_grade_confirmation,3,2,False
AD001741,AC001343,AD001741,S-TRAIN,2026-06-01T00:00:00Z,obs-VS002085;obs-VS003166,True,none,4,0,False
AD001742,AC001344,AD001742,S-TRAIN,2026-06-01T00:00:00Z,obs-VS001041;obs-VS002942,True,none,1,4,False
AD001743,AC001345,AD001743,S-EVAL,2026-06-01T00:00:00Z,,False,surveyed_s_eval+account_of_surveyed+block_of_surveyed,4,2,True
AD001744,AC001346,AD001744,POOL_UNSUPERVISED,2026-06-01T00:00:00Z,,False,pool_address_without_promotion_grade_confirmation,1,4,False
AD001745,AC001347,AD001745,POOL_UNSUPERVISED,2026-06-01T00:00:00Z,,False,pool_address_without_promotion_grade_confirmation,1,2,False
AD001746,AC001348,AD000114,S-VAL,2026-06-01T00:00:00Z,obs-VS002705;obs-VS003363,True,none,3,3,False
AD001747,AC001349,AD001747,POOL_UNSUPERVISED,2026-06-01T00:00:00Z,,False,pool_address_without_promotion_grade_confirmation,0,2,False
AD001748,AC001350,AD001748,POOL_UNSUPERVISED,2026-06-01T00:00:00Z,,False,pool_address_without_promotion_grade_confirmation,4,0,False
AD001749,AC001350,AD001749,POOL_UNSUPERVISED,2026-06-01T00:00:00Z,,False,pool_address_without_promotion_grade_confirmation,1,0,False
AD001750,AC001351,AD001750,POOL_UNSUPERVISED,2026-06-01T00:00:00Z,,False,pool_address_without_promotion_grade_confirmation,4,1,False
AD001751,AC001352,AD001751,POOL_UNSUPERVISED,2026-06-01T00:00:00Z,,False,pool_address_without_promotion_grade_confirmation,3,0,False
AD001752,AC001353,AD001752,POOL_UNSUPERVISED,2026-06-01T00:00:00Z,,False,pool_address_without_promotion_grade_confirmation,4,2,False
AD001753,AC001354,AD001753,S-VAL,2026-06-01T00:00:00Z,obs-VS001113;obs-VS002414,True,none,2,2,False
AD001754,AC001355,AD001754,POOL_UNSUPERVISED,2026-06-01T00:00:00Z,,False,pool_address_without_promotion_grade_confirmation,0,0,False
AD001755,AC001356,AD000913,POOL_UNSUPERVISED,2026-06-01T00:00:00Z,,False,pool_address_without_promotion_grade_confirmation,1,0,False
AD001756,AC001356,AD001756,POOL_UNSUPERVISED,2026-06-01T00:00:00Z,,False,pool_address_without_promotion_grade_confirmation,2,0,False
AD001757,AC001357,AD001757,POOL_UNSUPERVISED,2026-06-01T00:00:00Z,,False,pool_address_without_promotion_grade_confirmation,3,0,False
AD001758,AC001358,AD001758,POOL_UNSUPERVISED,2026-06-01T00:00:00Z,,False,pool_address_without_promotion_grade_confirmation,0,2,False
AD001759,AC001358,AD001759,POOL_UNSUPERVISED,2026-06-01T00:00:00Z,,False,pool_address_without_promotion_grade_confirmation,0,2,False
AD001760,AC001359,AD000827,S-TRAIN,2026-06-01T00:00:00Z,obs-VS002190;obs-VS003009,True,none,0,2,False
AD001761,AC001360,AD001761,POOL_UNSUPERVISED,2026-06-01T00:00:00Z,,False,pool_address_without_promotion_grade_confirmation,3,3,False
AD001762,AC001360,AD001762,POOL_UNSUPERVISED,2026-06-01T00:00:00Z,,False,pool_address_without_promotion_grade_confirmation,1,3,False
AD001763,AC001361,AD001763,POOL_UNSUPERVISED,2026-06-01T00:00:00Z,,False,pool_address_without_promotion_grade_confirmation,0,2,False
AD001764,AC001362,AD001764,POOL_UNSUPERVISED,2026-06-01T00:00:00Z,,False,pool_address_without_promotion_grade_confirmation,1,0,False
AD001765,AC001363,AD001765,POOL_UNSUPERVISED,2026-06-01T00:00:00Z,,False,pool_address_without_promotion_grade_confirmation,3,1,False
AD001766,AC001364,AD001262,POOL_UNSUPERVISED,2026-06-01T00:00:00Z,,False,pool_address_without_promotion_grade_confirmation,3,1,False
AD001767,AC001365,AD001767,S-TRAIN,2026-06-01T00:00:00Z,obs-VS000839;obs-VS001490,True,none,4,1,False
AD001768,AC001366,AD001768,POOL_UNSUPERVISED,2026-06-01T00:00:00Z,,False,pool_address_without_promotion_grade_confirmation,2,1,False
AD001769,AC001367,AD001769,POOL_UNSUPERVISED,2026-06-01T00:00:00Z,,False,pool_address_without_promotion_grade_confirmation,1,3,False
AD001770,AC001368,AD001233,EXCLUDED,2026-06-01T00:00:00Z,,False,block_of_surveyed,4,3,True
AD001771,AC001369,AD001771,POOL_UNSUPERVISED,2026-06-01T00:00:00Z,,False,pool_address_without_promotion_grade_confirmation,2,3,False
AD001772,AC001370,AD001772,POOL_UNSUPERVISED,2026-06-01T00:00:00Z,,False,pool_address_without_promotion_grade_confirmation,3,4,False
AD001773,AC001370,AD001773,POOL_UNSUPERVISED,2026-06-01T00:00:00Z,,False,pool_address_without_promotion_grade_confirmation,2,4,False
AD001774,AC001371,AD001774,POOL_UNSUPERVISED,2026-06-01T00:00:00Z,,False,pool_address_without_promotion_grade_confirmation,4,0,False
AD001775,AC001372,AD001775,POOL_UNSUPERVISED,2026-06-01T00:00:00Z,,False,pool_address_without_promotion_grade_confirmation,0,0,False
AD001776,AC001373,AD001776,POOL_UNSUPERVISED,2026-06-01T00:00:00Z,,False,pool_address_without_promotion_grade_confirmation,3,0,False
AD001777,AC001374,AD001777,POOL_UNSUPERVISED,2026-06-01T00:00:00Z,,False,pool_address_without_promotion_grade_confirmation,4,2,False
AD001778,AC001375,AD001778,POOL_UNSUPERVISED,2026-06-01T00:00:00Z,,False,pool_address_without_promotion_grade_confirmation,2,0,False
AD001779,AC001376,AD001779,S-TRAIN,2026-06-01T00:00:00Z,obs-VS002337;obs-VS003122,True,none,3,2,False
AD001780,AC001377,AD001780,POOL_UNSUPERVISED,2026-06-01T00:00:00Z,,False,pool_address_without_promotion_grade_confirmation,4,1,False
AD001781,AC001377,AD001781,POOL_UNSUPERVISED,2026-06-01T00:00:00Z,,False,pool_address_without_promotion_grade_confirmation,3,1,False
AD001782,AC001378,AD001782,POOL_UNSUPERVISED,2026-06-01T00:00:00Z,,False,pool_address_without_promotion_grade_confirmation,2,2,False
AD001783,AC001378,AD001783,POOL_UNSUPERVISED,2026-06-01T00:00:00Z,,False,pool_address_without_promotion_grade_confirmation,1,2,False
AD001784,AC001379,AD001784,S-EVAL,2026-06-01T00:00:00Z,,False,surveyed_s_eval+account_of_surveyed+block_of_surveyed,1,3,True
AD001785,AC001380,AD001785,POOL_UNSUPERVISED,2026-06-01T00:00:00Z,,False,pool_address_without_promotion_grade_confirmation,2,1,False
AD001786,AC001381,AD001786,S-EVAL,2026-06-01T00:00:00Z,,False,surveyed_s_eval+account_of_surveyed+block_of_surveyed,2,1,True
AD001787,AC001382,AD001787,POOL_UNSUPERVISED,2026-06-01T00:00:00Z,,False,pool_address_without_promotion_grade_confirmation,2,0,False
AD001788,AC001383,AD001788,S-TRAIN,2026-06-01T00:00:00Z,obs-VS000593;obs-VS001554;obs-VS003521,True,none,3,0,False
AD001789,AC001384,AD001789,POOL_UNSUPERVISED,2026-06-01T00:00:00Z,,False,pool_address_without_promotion_grade_confirmation,0,1,False
AD001790,AC001385,AD001790,POOL_UNSUPERVISED,2026-06-01T00:00:00Z,,False,pool_address_without_promotion_grade_confirmation,0,0,False
AD001791,AC001386,AD001791,S-EVAL,2026-06-01T00:00:00Z,,False,surveyed_s_eval+account_of_surveyed+block_of_surveyed,1,4,True
AD001792,AC001387,AD001792,S-TRAIN,2026-06-01T00:00:00Z,obs-VS000129;obs-VS001455;obs-VS002773;obs-VS003581,True,none,3,1,False
AD001793,AC001387,AD001793,POOL_UNSUPERVISED,2026-06-01T00:00:00Z,,False,pool_address_without_promotion_grade_confirmation,2,1,False
AD001794,AC001388,AD001794,S-TRAIN,2026-06-01T00:00:00Z,obs-VS000261;obs-VS000847;obs-VS002446,True,none,4,3,False
AD001795,AC001389,AD001795,POOL_UNSUPERVISED,2026-06-01T00:00:00Z,,False,pool_address_without_promotion_grade_confirmation,1,2,False
AD001796,AC001389,AD001796,POOL_UNSUPERVISED,2026-06-01T00:00:00Z,,False,pool_address_without_promotion_grade_confirmation,3,2,False
AD001797,AC001390,AD001797,POOL_UNSUPERVISED,2026-06-01T00:00:00Z,,False,pool_address_without_promotion_grade_confirmation,1,4,False
AD001798,AC001391,AD001798,POOL_UNSUPERVISED,2026-06-01T00:00:00Z,,False,pool_address_without_promotion_grade_confirmation,4,1,False
AD001799,AC001392,AD001799,S-EVAL,2026-06-01T00:00:00Z,,False,surveyed_s_eval+account_of_surveyed+block_of_surveyed,1,0,True
AD001800,AC001393,AD001800,POOL_UNSUPERVISED,2026-06-01T00:00:00Z,,False,pool_address_without_promotion_grade_confirmation,2,1,False
AD001801,AC001394,AD001801,POOL_UNSUPERVISED,2026-06-01T00:00:00Z,,False,pool_address_without_promotion_grade_confirmation,0,0,False
AD001802,AC001395,AD001802,S-EVAL,2026-06-01T00:00:00Z,,False,surveyed_s_eval+account_of_surveyed+block_of_surveyed,0,0,True
AD001803,AC001396,AD001803,POOL_UNSUPERVISED,2026-06-01T00:00:00Z,,False,pool_address_without_promotion_grade_confirmation,0,4,False
AD001804,AC001397,AD001804,POOL_UNSUPERVISED,2026-06-01T00:00:00Z,,False,pool_address_without_promotion_grade_confirmation,3,1,False
AD001805,AC001398,AD001262,POOL_UNSUPERVISED,2026-06-01T00:00:00Z,,False,pool_address_without_promotion_grade_confirmation,3,0,False
AD001806,AC001398,AD001806,POOL_UNSUPERVISED,2026-06-01T00:00:00Z,,False,pool_address_without_promotion_grade_confirmation,2,0,False
AD001807,AC001399,AD001807,POOL_UNSUPERVISED,2026-06-01T00:00:00Z,,False,pool_address_without_promotion_grade_confirmation,4,1,False
AD001808,AC001400,AD001808,POOL_UNSUPERVISED,2026-06-01T00:00:00Z,,False,pool_address_without_promotion_grade_confirmation,0,3,False
AD001809,AC001401,AD001809,POOL_UNSUPERVISED,2026-06-01T00:00:00Z,,False,pool_address_without_promotion_grade_confirmation,1,1,False
AD001810,AC001402,AD001810,POOL_UNSUPERVISED,2026-06-01T00:00:00Z,,False,pool_address_without_promotion_grade_confirmation,0,1,False
AD001811,AC001403,AD001811,S-EVAL,2026-06-01T00:00:00Z,,False,surveyed_s_eval+account_of_surveyed+block_of_surveyed,0,2,True
AD001812,AC001404,AD000781,S-TRAIN,2026-06-01T00:00:00Z,obs-VS001234;obs-VS002318,True,none,4,2,False
AD001813,AC001405,AD001813,POOL_UNSUPERVISED,2026-06-01T00:00:00Z,,False,pool_address_without_promotion_grade_confirmation,0,1,False
AD001814,AC001405,AD001814,POOL_UNSUPERVISED,2026-06-01T00:00:00Z,,False,pool_address_without_promotion_grade_confirmation,4,1,False
AD001815,AC001406,AD001815,S-TRAIN,2026-06-01T00:00:00Z,obs-VS002347;obs-VS003070,True,none,0,3,False
AD001816,AC001407,AD001816,POOL_UNSUPERVISED,2026-06-01T00:00:00Z,,False,pool_address_without_promotion_grade_confirmation,3,0,False
AD001817,AC001408,AD001817,POOL_UNSUPERVISED,2026-06-01T00:00:00Z,,False,pool_address_without_promotion_grade_confirmation,4,0,False
AD001818,AC001409,AD001818,POOL_UNSUPERVISED,2026-06-01T00:00:00Z,,False,pool_address_without_promotion_grade_confirmation,4,1,False
AD001819,AC001409,AD001819,POOL_UNSUPERVISED,2026-06-01T00:00:00Z,,False,pool_address_without_promotion_grade_confirmation,0,1,False
AD001820,AC001410,AD001820,POOL_UNSUPERVISED,2026-06-01T00:00:00Z,,False,pool_address_without_promotion_grade_confirmation,4,3,False
AD001821,AC001411,AD001821,S-VAL,2026-06-01T00:00:00Z,obs-VS000076;obs-VS001110;obs-VS002933,True,none,3,3,False
AD001822,AC001412,AD001822,POOL_UNSUPERVISED,2026-06-01T00:00:00Z,,False,pool_address_without_promotion_grade_confirmation,1,3,False
AD001823,AC001413,AD001823,POOL_UNSUPERVISED,2026-06-01T00:00:00Z,,False,pool_address_without_promotion_grade_confirmation,2,1,False
AD001824,AC001414,AD001824,POOL_UNSUPERVISED,2026-06-01T00:00:00Z,,False,pool_address_without_promotion_grade_confirmation,1,2,False
AD001825,AC001415,AD001825,POOL_UNSUPERVISED,2026-06-01T00:00:00Z,,False,pool_address_without_promotion_grade_confirmation,4,1,False
AD001826,AC001415,AD001826,POOL_UNSUPERVISED,2026-06-01T00:00:00Z,,False,pool_address_without_promotion_grade_confirmation,1,1,False
AD001827,AC001416,AD001827,POOL_UNSUPERVISED,2026-06-01T00:00:00Z,,False,pool_address_without_promotion_grade_confirmation,0,0,False
AD001828,AC001416,AD001828,POOL_UNSUPERVISED,2026-06-01T00:00:00Z,,False,pool_address_without_promotion_grade_confirmation,2,0,False
AD001829,AC001417,AD001829,POOL_UNSUPERVISED,2026-06-01T00:00:00Z,,False,pool_address_without_promotion_grade_confirmation,1,2,False
AD001830,AC001418,AD001830,POOL_UNSUPERVISED,2026-06-01T00:00:00Z,,False,pool_address_without_promotion_grade_confirmation,4,0,False
AD001831,AC001419,AD001831,POOL_UNSUPERVISED,2026-06-01T00:00:00Z,,False,pool_address_without_promotion_grade_confirmation,3,2,False
AD001832,AC001420,AD001832,S-EVAL,2026-06-01T00:00:00Z,,False,surveyed_s_eval+account_of_surveyed+block_of_surveyed,4,4,True
AD001833,AC001421,AD001833,POOL_UNSUPERVISED,2026-06-01T00:00:00Z,,False,pool_address_without_promotion_grade_confirmation,2,4,False
AD001834,AC001422,AD001834,POOL_UNSUPERVISED,2026-06-01T00:00:00Z,,False,pool_address_without_promotion_grade_confirmation,3,2,False
AD001835,AC001423,AD001835,POOL_UNSUPERVISED,2026-06-01T00:00:00Z,,False,pool_address_without_promotion_grade_confirmation,0,4,False
AD001836,AC001424,AD001836,POOL_UNSUPERVISED,2026-06-01T00:00:00Z,,False,pool_address_without_promotion_grade_confirmation,1,0,False
AD001837,AC001424,AD001837,POOL_UNSUPERVISED,2026-06-01T00:00:00Z,,False,pool_address_without_promotion_grade_confirmation,1,0,False
AD001838,AC001425,AD001838,POOL_UNSUPERVISED,2026-06-01T00:00:00Z,,False,pool_address_without_promotion_grade_confirmation,1,1,False
AD001839,AC001426,AD001839,POOL_UNSUPERVISED,2026-06-01T00:00:00Z,,False,pool_address_without_promotion_grade_confirmation,0,2,False
AD001840,AC001427,AD001840,POOL_UNSUPERVISED,2026-06-01T00:00:00Z,,False,pool_address_without_promotion_grade_confirmation,3,3,False
AD001841,AC001427,AD001841,POOL_UNSUPERVISED,2026-06-01T00:00:00Z,,False,pool_address_without_promotion_grade_confirmation,3,3,False
AD001842,AC001428,AD001842,POOL_UNSUPERVISED,2026-06-01T00:00:00Z,,False,pool_address_without_promotion_grade_confirmation,1,2,False
AD001843,AC001428,AD001843,POOL_UNSUPERVISED,2026-06-01T00:00:00Z,,False,pool_address_without_promotion_grade_confirmation,3,2,False
AD001844,AC001429,AD001844,POOL_UNSUPERVISED,2026-06-01T00:00:00Z,,False,pool_address_without_promotion_grade_confirmation,4,4,False
AD001845,AC001430,AD001845,POOL_UNSUPERVISED,2026-06-01T00:00:00Z,,False,pool_address_without_promotion_grade_confirmation,4,0,False
AD001846,AC001430,AD001846,POOL_UNSUPERVISED,2026-06-01T00:00:00Z,,False,pool_address_without_promotion_grade_confirmation,2,0,False
AD001847,AC001431,AD001847,POOL_UNSUPERVISED,2026-06-01T00:00:00Z,,False,pool_address_without_promotion_grade_confirmation,2,2,False
AD001848,AC001431,AD001848,POOL_UNSUPERVISED,2026-06-01T00:00:00Z,,False,pool_address_without_promotion_grade_confirmation,0,2,False
AD001849,AC001432,AD001849,POOL_UNSUPERVISED,2026-06-01T00:00:00Z,,False,pool_address_without_promotion_grade_confirmation,0,0,False
AD001850,AC001433,AD001850,POOL_UNSUPERVISED,2026-06-01T00:00:00Z,,False,pool_address_without_promotion_grade_confirmation,0,2,False
AD001851,AC001434,AD001851,POOL_UNSUPERVISED,2026-06-01T00:00:00Z,,False,pool_address_without_promotion_grade_confirmation,0,2,False
AD001852,AC001435,AD001852,POOL_UNSUPERVISED,2026-06-01T00:00:00Z,,False,pool_address_without_promotion_grade_confirmation,3,2,False
AD001853,AC001435,AD001853,POOL_UNSUPERVISED,2026-06-01T00:00:00Z,,False,pool_address_without_promotion_grade_confirmation,1,2,False
AD001854,AC001436,AD001854,POOL_UNSUPERVISED,2026-06-01T00:00:00Z,,False,pool_address_without_promotion_grade_confirmation,1,1,False
AD001855,AC001437,AD001133,POOL_UNSUPERVISED,2026-06-01T00:00:00Z,,False,pool_address_without_promotion_grade_confirmation,4,2,False
AD001856,AC001438,AD001856,POOL_UNSUPERVISED,2026-06-01T00:00:00Z,,False,pool_address_without_promotion_grade_confirmation,1,0,False
AD001857,AC001439,AD001857,POOL_UNSUPERVISED,2026-06-01T00:00:00Z,,False,pool_address_without_promotion_grade_confirmation,4,1,False
AD001858,AC001440,AD001858,POOL_UNSUPERVISED,2026-06-01T00:00:00Z,,False,pool_address_without_promotion_grade_confirmation,3,4,False
AD001859,AC001441,AD001859,POOL_UNSUPERVISED,2026-06-01T00:00:00Z,,False,pool_address_without_promotion_grade_confirmation,3,4,False
AD001860,AC001442,AD001860,POOL_UNSUPERVISED,2026-06-01T00:00:00Z,,False,pool_address_without_promotion_grade_confirmation,1,0,False
AD001861,AC001442,AD001861,POOL_UNSUPERVISED,2026-06-01T00:00:00Z,,False,pool_address_without_promotion_grade_confirmation,3,0,False
AD001862,AC001443,AD001862,POOL_UNSUPERVISED,2026-06-01T00:00:00Z,,False,pool_address_without_promotion_grade_confirmation,2,1,False
AD001863,AC001444,AD001863,POOL_UNSUPERVISED,2026-06-01T00:00:00Z,,False,pool_address_without_promotion_grade_confirmation,1,4,False
AD001864,AC001445,AD001864,POOL_UNSUPERVISED,2026-06-01T00:00:00Z,,False,pool_address_without_promotion_grade_confirmation,4,4,False
AD001865,AC001445,AD001865,POOL_UNSUPERVISED,2026-06-01T00:00:00Z,,False,pool_address_without_promotion_grade_confirmation,0,4,False
AD001866,AC001446,AD001866,POOL_UNSUPERVISED,2026-06-01T00:00:00Z,,False,pool_address_without_promotion_grade_confirmation,4,1,False
AD001867,AC001447,AD001867,POOL_UNSUPERVISED,2026-06-01T00:00:00Z,,False,pool_address_without_promotion_grade_confirmation,4,2,False
AD001868,AC001448,AD001868,POOL_UNSUPERVISED,2026-06-01T00:00:00Z,,False,pool_address_without_promotion_grade_confirmation,2,3,False
AD001869,AC001448,AD001869,POOL_UNSUPERVISED,2026-06-01T00:00:00Z,,False,pool_address_without_promotion_grade_confirmation,4,3,False
AD001870,AC001449,AD001870,POOL_UNSUPERVISED,2026-06-01T00:00:00Z,,False,pool_address_without_promotion_grade_confirmation,3,4,False
AD001871,AC001450,AD001871,POOL_UNSUPERVISED,2026-06-01T00:00:00Z,,False,pool_address_without_promotion_grade_confirmation,0,1,False
AD001872,AC001451,AD001872,POOL_UNSUPERVISED,2026-06-01T00:00:00Z,,False,pool_address_without_promotion_grade_confirmation,0,3,False
AD001873,AC001451,AD001873,POOL_UNSUPERVISED,2026-06-01T00:00:00Z,,False,pool_address_without_promotion_grade_confirmation,4,3,False
AD001874,AC001452,AD001874,POOL_UNSUPERVISED,2026-06-01T00:00:00Z,,False,pool_address_without_promotion_grade_confirmation,3,3,False
AD001875,AC001453,AD001875,POOL_UNSUPERVISED,2026-06-01T00:00:00Z,,False,pool_address_without_promotion_grade_confirmation,1,4,False
AD001876,AC001453,AD001876,POOL_UNSUPERVISED,2026-06-01T00:00:00Z,,False,pool_address_without_promotion_grade_confirmation,2,4,False
AD001877,AC001454,AD001877,POOL_UNSUPERVISED,2026-06-01T00:00:00Z,,False,pool_address_without_promotion_grade_confirmation,0,0,False
AD001878,AC001455,AD001878,POOL_UNSUPERVISED,2026-06-01T00:00:00Z,,False,pool_address_without_promotion_grade_confirmation,3,1,False
AD001879,AC001456,AD001879,S-TRAIN,2026-06-01T00:00:00Z,obs-VS000369;obs-VS001116,True,none,3,4,False
AD001880,AC001457,AD001880,S-VAL,2026-06-01T00:00:00Z,obs-VS000219;obs-VS000857,True,none,0,0,False
AD001881,AC001458,AD001881,POOL_UNSUPERVISED,2026-06-01T00:00:00Z,,False,pool_address_without_promotion_grade_confirmation,1,0,False
AD001882,AC001458,AD001223,POOL_UNSUPERVISED,2026-06-01T00:00:00Z,,False,pool_address_without_promotion_grade_confirmation,0,0,False
AD001883,AC001459,AD001883,POOL_UNSUPERVISED,2026-06-01T00:00:00Z,,False,pool_address_without_promotion_grade_confirmation,4,0,False
AD001884,AC001460,AD001884,POOL_UNSUPERVISED,2026-06-01T00:00:00Z,,False,pool_address_without_promotion_grade_confirmation,0,3,False
AD001885,AC001461,AD001885,POOL_UNSUPERVISED,2026-06-01T00:00:00Z,,False,pool_address_without_promotion_grade_confirmation,4,0,False
AD001886,AC001462,AD001886,POOL_UNSUPERVISED,2026-06-01T00:00:00Z,,False,pool_address_without_promotion_grade_confirmation,1,0,False
AD001887,AC001462,AD001887,POOL_UNSUPERVISED,2026-06-01T00:00:00Z,,False,pool_address_without_promotion_grade_confirmation,0,0,False
AD001888,AC001463,AD001888,POOL_UNSUPERVISED,2026-06-01T00:00:00Z,,False,pool_address_without_promotion_grade_confirmation,1,1,False
AD001889,AC001464,AD001889,POOL_UNSUPERVISED,2026-06-01T00:00:00Z,,False,pool_address_without_promotion_grade_confirmation,1,2,False
AD001890,AC001465,AD001890,POOL_UNSUPERVISED,2026-06-01T00:00:00Z,,False,pool_address_without_promotion_grade_confirmation,3,1,False
AD001891,AC001466,AD001891,S-TRAIN,2026-06-01T00:00:00Z,obs-VS000051;obs-VS001664;obs-VS003773,True,none,4,1,False
AD001892,AC001467,AD001892,POOL_UNSUPERVISED,2026-06-01T00:00:00Z,,False,pool_address_without_promotion_grade_confirmation,4,1,False
AD001893,AC001467,AD001893,POOL_UNSUPERVISED,2026-06-01T00:00:00Z,,False,pool_address_without_promotion_grade_confirmation,1,1,False
AD001894,AC001468,AD001894,POOL_UNSUPERVISED,2026-06-01T00:00:00Z,,False,pool_address_without_promotion_grade_confirmation,0,2,False
AD001895,AC001469,AD001895,POOL_UNSUPERVISED,2026-06-01T00:00:00Z,,False,pool_address_without_promotion_grade_confirmation,2,4,False
AD001896,AC001470,AD001896,POOL_UNSUPERVISED,2026-06-01T00:00:00Z,,False,pool_address_without_promotion_grade_confirmation,2,1,False
AD001897,AC001470,AD001897,POOL_UNSUPERVISED,2026-06-01T00:00:00Z,,False,pool_address_without_promotion_grade_confirmation,1,1,False
AD001898,AC001471,AD001898,POOL_UNSUPERVISED,2026-06-01T00:00:00Z,,False,pool_address_without_promotion_grade_confirmation,2,0,False
AD001899,AC001472,AD001899,POOL_UNSUPERVISED,2026-06-01T00:00:00Z,,False,pool_address_without_promotion_grade_confirmation,3,1,False
AD001900,AC001473,AD001900,S-EVAL,2026-06-01T00:00:00Z,,False,surveyed_s_eval+account_of_surveyed+block_of_surveyed,3,4,True
AD001901,AC001474,AD001901,POOL_UNSUPERVISED,2026-06-01T00:00:00Z,,False,pool_address_without_promotion_grade_confirmation,2,4,False
AD001902,AC001474,AD001902,POOL_UNSUPERVISED,2026-06-01T00:00:00Z,,False,pool_address_without_promotion_grade_confirmation,0,4,False
AD001903,AC001475,AD001903,POOL_UNSUPERVISED,2026-06-01T00:00:00Z,,False,pool_address_without_promotion_grade_confirmation,3,1,False
AD001904,AC001476,AD001904,POOL_UNSUPERVISED,2026-06-01T00:00:00Z,,False,pool_address_without_promotion_grade_confirmation,2,0,False
AD001905,AC001477,AD001905,POOL_UNSUPERVISED,2026-06-01T00:00:00Z,,False,pool_address_without_promotion_grade_confirmation,0,1,False
AD001906,AC001478,AD001906,POOL_UNSUPERVISED,2026-06-01T00:00:00Z,,False,pool_address_without_promotion_grade_confirmation,4,2,False
AD001907,AC001479,AD001907,POOL_UNSUPERVISED,2026-06-01T00:00:00Z,,False,pool_address_without_promotion_grade_confirmation,3,1,False
AD001908,AC001480,AD001908,POOL_UNSUPERVISED,2026-06-01T00:00:00Z,,False,pool_address_without_promotion_grade_confirmation,1,1,False
AD001909,AC001481,AD001909,S-EVAL,2026-06-01T00:00:00Z,,False,surveyed_s_eval+account_of_surveyed+block_of_surveyed,2,4,True
AD001910,AC001481,AD001910,EXCLUDED,2026-06-01T00:00:00Z,,False,account_of_surveyed,2,4,True
AD001911,AC001482,AD001911,POOL_UNSUPERVISED,2026-06-01T00:00:00Z,,False,pool_address_without_promotion_grade_confirmation,1,2,False
AD001912,AC001483,AD001912,POOL_UNSUPERVISED,2026-06-01T00:00:00Z,,False,pool_address_without_promotion_grade_confirmation,2,2,False
AD001913,AC001483,AD001913,POOL_UNSUPERVISED,2026-06-01T00:00:00Z,,False,pool_address_without_promotion_grade_confirmation,2,2,False
AD001914,AC001484,AD001914,POOL_UNSUPERVISED,2026-06-01T00:00:00Z,,False,pool_address_without_promotion_grade_confirmation,1,3,False
AD001915,AC001484,AD001915,POOL_UNSUPERVISED,2026-06-01T00:00:00Z,,False,pool_address_without_promotion_grade_confirmation,2,3,False
AD001916,AC001485,AD001916,POOL_UNSUPERVISED,2026-06-01T00:00:00Z,,False,pool_address_without_promotion_grade_confirmation,2,4,False
AD001917,AC001485,AD001917,POOL_UNSUPERVISED,2026-06-01T00:00:00Z,,False,pool_address_without_promotion_grade_confirmation,4,4,False
AD001918,AC001486,AD001918,POOL_UNSUPERVISED,2026-06-01T00:00:00Z,,False,pool_address_without_promotion_grade_confirmation,4,0,False
AD001919,AC001487,AD001919,POOL_UNSUPERVISED,2026-06-01T00:00:00Z,,False,pool_address_without_promotion_grade_confirmation,0,0,False
AD001920,AC001488,AD001920,POOL_UNSUPERVISED,2026-06-01T00:00:00Z,,False,pool_address_without_promotion_grade_confirmation,3,3,False
AD001921,AC001489,AD001921,POOL_UNSUPERVISED,2026-06-01T00:00:00Z,,False,pool_address_without_promotion_grade_confirmation,2,3,False
AD001922,AC001490,AD001922,POOL_UNSUPERVISED,2026-06-01T00:00:00Z,,False,pool_address_without_promotion_grade_confirmation,1,2,False
AD001923,AC001491,AD001923,S-TRAIN,2026-06-01T00:00:00Z,obs-VS000477;obs-VS002158,True,none,3,0,False
AD001924,AC001491,AD001924,POOL_UNSUPERVISED,2026-06-01T00:00:00Z,,False,pool_address_without_promotion_grade_confirmation,4,0,False
AD001925,AC001492,AD001925,POOL_UNSUPERVISED,2026-06-01T00:00:00Z,,False,pool_address_without_promotion_grade_confirmation,0,0,False
AD001926,AC001492,AD001926,POOL_UNSUPERVISED,2026-06-01T00:00:00Z,,False,pool_address_without_promotion_grade_confirmation,3,0,False
AD001927,AC001493,AD000917,POOL_UNSUPERVISED,2026-06-01T00:00:00Z,,False,pool_address_without_promotion_grade_confirmation,2,4,False
AD001928,AC001493,AD001928,POOL_UNSUPERVISED,2026-06-01T00:00:00Z,,False,pool_address_without_promotion_grade_confirmation,2,4,False
AD001929,AC001494,AD001929,POOL_UNSUPERVISED,2026-06-01T00:00:00Z,,False,pool_address_without_promotion_grade_confirmation,3,0,False
AD001930,AC001495,AD001930,POOL_UNSUPERVISED,2026-06-01T00:00:00Z,,False,pool_address_without_promotion_grade_confirmation,1,0,False
AD001931,AC001496,AD001931,POOL_UNSUPERVISED,2026-06-01T00:00:00Z,,False,pool_address_without_promotion_grade_confirmation,3,3,False
AD001932,AC001497,AD001932,POOL_UNSUPERVISED,2026-06-01T00:00:00Z,,False,pool_address_without_promotion_grade_confirmation,0,2,False
AD001933,AC001498,AD001933,POOL_UNSUPERVISED,2026-06-01T00:00:00Z,,False,pool_address_without_promotion_grade_confirmation,2,3,False
AD001934,AC001498,AD001934,POOL_UNSUPERVISED,2026-06-01T00:00:00Z,,False,pool_address_without_promotion_grade_confirmation,1,3,False
AD001935,AC001499,AD001935,POOL_UNSUPERVISED,2026-06-01T00:00:00Z,,False,pool_address_without_promotion_grade_confirmation,1,2,False
AD001936,AC001499,AD001936,POOL_UNSUPERVISED,2026-06-01T00:00:00Z,,False,pool_address_without_promotion_grade_confirmation,3,2,False
AD001937,AC001500,AD001937,S-TRAIN,2026-06-01T00:00:00Z,obs-VS000338;obs-VS001121,True,none,3,0,False
AD001938,AC001501,AD001938,POOL_UNSUPERVISED,2026-06-01T00:00:00Z,,False,pool_address_without_promotion_grade_confirmation,2,0,False
AD001939,AC001502,AD001939,POOL_UNSUPERVISED,2026-06-01T00:00:00Z,,False,pool_address_without_promotion_grade_confirmation,1,3,False
AD001940,AC001503,AD001940,POOL_UNSUPERVISED,2026-06-01T00:00:00Z,,False,pool_address_without_promotion_grade_confirmation,0,3,False
AD001941,AC001503,AD001941,POOL_UNSUPERVISED,2026-06-01T00:00:00Z,,False,pool_address_without_promotion_grade_confirmation,0,3,False
AD001942,AC001504,AD001942,POOL_UNSUPERVISED,2026-06-01T00:00:00Z,,False,pool_address_without_promotion_grade_confirmation,1,3,False
AD001943,AC001505,AD001943,POOL_UNSUPERVISED,2026-06-01T00:00:00Z,,False,pool_address_without_promotion_grade_confirmation,1,2,False
AD001944,AC001506,AD001944,POOL_UNSUPERVISED,2026-06-01T00:00:00Z,,False,pool_address_without_promotion_grade_confirmation,3,1,False
AD001945,AC001507,AD001945,POOL_UNSUPERVISED,2026-06-01T00:00:00Z,,False,pool_address_without_promotion_grade_confirmation,1,0,False
AD001946,AC001508,AD001946,POOL_UNSUPERVISED,2026-06-01T00:00:00Z,,False,pool_address_without_promotion_grade_confirmation,0,2,False
AD001947,AC001509,AD001947,POOL_UNSUPERVISED,2026-06-01T00:00:00Z,,False,pool_address_without_promotion_grade_confirmation,2,3,False
AD001948,AC001510,AD001948,POOL_UNSUPERVISED,2026-06-01T00:00:00Z,,False,pool_address_without_promotion_grade_confirmation,4,2,False
AD001949,AC001511,AD001949,POOL_UNSUPERVISED,2026-06-01T00:00:00Z,,False,pool_address_without_promotion_grade_confirmation,0,2,False
AD001950,AC001512,AD001950,POOL_UNSUPERVISED,2026-06-01T00:00:00Z,,False,pool_address_without_promotion_grade_confirmation,2,4,False
AD001951,AC001513,AD001951,POOL_UNSUPERVISED,2026-06-01T00:00:00Z,,False,pool_address_without_promotion_grade_confirmation,2,2,False
AD001952,AC001514,AD001952,POOL_UNSUPERVISED,2026-06-01T00:00:00Z,,False,pool_address_without_promotion_grade_confirmation,3,0,False
AD001953,AC001515,AD001953,POOL_UNSUPERVISED,2026-06-01T00:00:00Z,,False,pool_address_without_promotion_grade_confirmation,4,4,False
AD001954,AC001516,AD001954,S-TRAIN,2026-06-01T00:00:00Z,obs-VS001711;obs-VS002954,True,none,3,2,False
AD001955,AC001516,AD001955,POOL_UNSUPERVISED,2026-06-01T00:00:00Z,,False,pool_address_without_promotion_grade_confirmation,4,2,False
AD001956,AC001517,AD001956,POOL_UNSUPERVISED,2026-06-01T00:00:00Z,,False,pool_address_without_promotion_grade_confirmation,3,4,False
AD001957,AC001518,AD001957,POOL_UNSUPERVISED,2026-06-01T00:00:00Z,,False,pool_address_without_promotion_grade_confirmation,0,3,False
AD001958,AC001519,AD001958,POOL_UNSUPERVISED,2026-06-01T00:00:00Z,,False,pool_address_without_promotion_grade_confirmation,4,4,False
AD001959,AC001520,AD001959,POOL_UNSUPERVISED,2026-06-01T00:00:00Z,,False,pool_address_without_promotion_grade_confirmation,3,4,False
AD001960,AC001521,AD001960,POOL_UNSUPERVISED,2026-06-01T00:00:00Z,,False,pool_address_without_promotion_grade_confirmation,0,2,False
AD001961,AC001522,AD001961,POOL_UNSUPERVISED,2026-06-01T00:00:00Z,,False,pool_address_without_promotion_grade_confirmation,2,4,False
AD001962,AC001523,AD000473,POOL_UNSUPERVISED,2026-06-01T00:00:00Z,,False,pool_address_without_promotion_grade_confirmation,4,3,False
AD001963,AC001524,AD001963,S-EVAL,2026-06-01T00:00:00Z,,False,surveyed_s_eval+account_of_surveyed+block_of_surveyed,3,4,True
AD001964,AC001525,AD001964,POOL_UNSUPERVISED,2026-06-01T00:00:00Z,,False,pool_address_without_promotion_grade_confirmation,2,1,False
AD001965,AC001526,AD001965,POOL_UNSUPERVISED,2026-06-01T00:00:00Z,,False,pool_address_without_promotion_grade_confirmation,1,4,False
AD001966,AC001526,AD001966,POOL_UNSUPERVISED,2026-06-01T00:00:00Z,,False,pool_address_without_promotion_grade_confirmation,0,4,False
AD001967,AC001527,AD001967,POOL_UNSUPERVISED,2026-06-01T00:00:00Z,,False,pool_address_without_promotion_grade_confirmation,1,1,False
AD001968,AC001528,AD001968,POOL_UNSUPERVISED,2026-06-01T00:00:00Z,,False,pool_address_without_promotion_grade_confirmation,2,2,False
AD001969,AC001529,AD001969,POOL_UNSUPERVISED,2026-06-01T00:00:00Z,,False,pool_address_without_promotion_grade_confirmation,1,2,False
AD001970,AC001530,AD001970,POOL_UNSUPERVISED,2026-06-01T00:00:00Z,,False,pool_address_without_promotion_grade_confirmation,2,4,False
AD001971,AC001531,AD001971,S-EVAL,2026-06-01T00:00:00Z,,False,surveyed_s_eval+account_of_surveyed+block_of_surveyed,3,0,True
AD001972,AC001532,AD001972,S-TRAIN,2026-06-01T00:00:00Z,obs-VS000221;obs-VS002117;obs-VS002787;obs-VS003371,True,none,1,0,False
AD001973,AC001533,AD001973,S-TRAIN,2026-06-01T00:00:00Z,obs-VS002279;obs-VS003738,True,none,1,4,False
AD001974,AC001534,AD001974,POOL_UNSUPERVISED,2026-06-01T00:00:00Z,,False,pool_address_without_promotion_grade_confirmation,0,1,False
AD001975,AC001534,AD001975,POOL_UNSUPERVISED,2026-06-01T00:00:00Z,,False,pool_address_without_promotion_grade_confirmation,4,1,False
AD001976,AC001535,AD001976,POOL_UNSUPERVISED,2026-06-01T00:00:00Z,,False,pool_address_without_promotion_grade_confirmation,4,0,False
AD001977,AC001536,AD001977,POOL_UNSUPERVISED,2026-06-01T00:00:00Z,,False,pool_address_without_promotion_grade_confirmation,2,0,False
AD001978,AC001537,AD001978,POOL_UNSUPERVISED,2026-06-01T00:00:00Z,,False,pool_address_without_promotion_grade_confirmation,3,0,False
AD001979,AC001537,AD001979,POOL_UNSUPERVISED,2026-06-01T00:00:00Z,,False,pool_address_without_promotion_grade_confirmation,0,0,False
AD001980,AC001538,AD001980,POOL_UNSUPERVISED,2026-06-01T00:00:00Z,,False,pool_address_without_promotion_grade_confirmation,2,3,False
AD001981,AC001538,AD001981,POOL_UNSUPERVISED,2026-06-01T00:00:00Z,,False,pool_address_without_promotion_grade_confirmation,1,3,False
AD001982,AC001539,AD001982,POOL_UNSUPERVISED,2026-06-01T00:00:00Z,,False,pool_address_without_promotion_grade_confirmation,1,2,False
AD001983,AC001540,AD001983,POOL_UNSUPERVISED,2026-06-01T00:00:00Z,,False,pool_address_without_promotion_grade_confirmation,3,2,False
AD001984,AC001540,AD001984,POOL_UNSUPERVISED,2026-06-01T00:00:00Z,,False,pool_address_without_promotion_grade_confirmation,0,2,False
AD001985,AC001541,AD001985,POOL_UNSUPERVISED,2026-06-01T00:00:00Z,,False,pool_address_without_promotion_grade_confirmation,4,0,False
AD001986,AC001541,AD001986,POOL_UNSUPERVISED,2026-06-01T00:00:00Z,,False,pool_address_without_promotion_grade_confirmation,2,0,False
AD001987,AC001542,AD001987,S-EVAL,2026-06-01T00:00:00Z,,False,surveyed_s_eval+account_of_surveyed+block_of_surveyed,0,4,True
AD001988,AC001543,AD001988,POOL_UNSUPERVISED,2026-06-01T00:00:00Z,,False,pool_address_without_promotion_grade_confirmation,3,0,False
AD001989,AC001543,AD001989,POOL_UNSUPERVISED,2026-06-01T00:00:00Z,,False,pool_address_without_promotion_grade_confirmation,3,0,False
AD001990,AC001544,AD001990,POOL_UNSUPERVISED,2026-06-01T00:00:00Z,,False,pool_address_without_promotion_grade_confirmation,2,3,False
AD001991,AC001545,AD001055,POOL_UNSUPERVISED,2026-06-01T00:00:00Z,,False,pool_address_without_promotion_grade_confirmation,2,2,False
AD001992,AC001546,AD001992,POOL_UNSUPERVISED,2026-06-01T00:00:00Z,,False,pool_address_without_promotion_grade_confirmation,0,2,False
AD001993,AC001546,AD001993,POOL_UNSUPERVISED,2026-06-01T00:00:00Z,,False,pool_address_without_promotion_grade_confirmation,4,2,False
AD001994,AC001547,AD001994,POOL_UNSUPERVISED,2026-06-01T00:00:00Z,,False,pool_address_without_promotion_grade_confirmation,4,1,False
AD001995,AC001548,AD001995,S-TRAIN,2026-06-01T00:00:00Z,obs-VS000710;obs-VS001943,True,none,1,2,False
AD001996,AC001549,AD001996,S-VAL,2026-06-01T00:00:00Z,obs-VS001135;obs-VS002150;obs-VS003625,True,none,0,0,False
AD001997,AC001549,AD001997,POOL_UNSUPERVISED,2026-06-01T00:00:00Z,,False,pool_address_without_promotion_grade_confirmation,2,0,False
AD001998,AC001550,AD001998,POOL_UNSUPERVISED,2026-06-01T00:00:00Z,,False,pool_address_without_promotion_grade_confirmation,2,3,False
AD001999,AC001551,AD001999,S-EVAL,2026-06-01T00:00:00Z,,False,surveyed_s_eval+account_of_surveyed+block_of_surveyed,4,1,True
AD002000,AC001552,AD002000,POOL_UNSUPERVISED,2026-06-01T00:00:00Z,,False,pool_address_without_promotion_grade_confirmation,3,0,False
AD002001,AC001552,AD002001,POOL_UNSUPERVISED,2026-06-01T00:00:00Z,,False,pool_address_without_promotion_grade_confirmation,2,0,False
AD002002,AC001553,AD002002,POOL_UNSUPERVISED,2026-06-01T00:00:00Z,,False,pool_address_without_promotion_grade_confirmation,3,0,False
AD002003,AC001554,AD002003,POOL_UNSUPERVISED,2026-06-01T00:00:00Z,,False,pool_address_without_promotion_grade_confirmation,4,2,False
AD002004,AC001554,AD002004,POOL_UNSUPERVISED,2026-06-01T00:00:00Z,,False,pool_address_without_promotion_grade_confirmation,4,2,False
AD002005,AC001555,AD002005,POOL_UNSUPERVISED,2026-06-01T00:00:00Z,,False,pool_address_without_promotion_grade_confirmation,2,1,False
AD002006,AC001555,AD002006,POOL_UNSUPERVISED,2026-06-01T00:00:00Z,,False,pool_address_without_promotion_grade_confirmation,3,1,False
AD002007,AC001556,AD002007,POOL_UNSUPERVISED,2026-06-01T00:00:00Z,,False,pool_address_without_promotion_grade_confirmation,1,2,False
AD002008,AC001557,AD002008,POOL_UNSUPERVISED,2026-06-01T00:00:00Z,,False,pool_address_without_promotion_grade_confirmation,0,0,False
AD002009,AC001558,AD001262,POOL_UNSUPERVISED,2026-06-01T00:00:00Z,,False,pool_address_without_promotion_grade_confirmation,3,1,False
AD002010,AC001558,AD002010,POOL_UNSUPERVISED,2026-06-01T00:00:00Z,,False,pool_address_without_promotion_grade_confirmation,4,1,False
AD002011,AC001559,AD002011,POOL_UNSUPERVISED,2026-06-01T00:00:00Z,,False,pool_address_without_promotion_grade_confirmation,1,0,False
AD002012,AC001559,AD002012,POOL_UNSUPERVISED,2026-06-01T00:00:00Z,,False,pool_address_without_promotion_grade_confirmation,0,0,False
AD002013,AC001560,AD002013,POOL_UNSUPERVISED,2026-06-01T00:00:00Z,,False,pool_address_without_promotion_grade_confirmation,1,1,False
AD002014,AC001560,AD002014,POOL_UNSUPERVISED,2026-06-01T00:00:00Z,,False,pool_address_without_promotion_grade_confirmation,2,1,False
AD002015,AC001561,AD002015,POOL_UNSUPERVISED,2026-06-01T00:00:00Z,,False,pool_address_without_promotion_grade_confirmation,4,3,False
AD002016,AC001562,AD002016,POOL_UNSUPERVISED,2026-06-01T00:00:00Z,,False,pool_address_without_promotion_grade_confirmation,2,0,False
AD002017,AC001562,AD002017,POOL_UNSUPERVISED,2026-06-01T00:00:00Z,,False,pool_address_without_promotion_grade_confirmation,1,0,False
AD002018,AC001563,AD002018,POOL_UNSUPERVISED,2026-06-01T00:00:00Z,,False,pool_address_without_promotion_grade_confirmation,3,0,False
AD002019,AC001564,AD002019,POOL_UNSUPERVISED,2026-06-01T00:00:00Z,,False,pool_address_without_promotion_grade_confirmation,1,3,False
AD002020,AC001564,AD002020,POOL_UNSUPERVISED,2026-06-01T00:00:00Z,,False,pool_address_without_promotion_grade_confirmation,2,3,False
AD002021,AC001565,AD002021,POOL_UNSUPERVISED,2026-06-01T00:00:00Z,,False,pool_address_without_promotion_grade_confirmation,1,3,False
AD002022,AC001566,AD002022,POOL_UNSUPERVISED,2026-06-01T00:00:00Z,,False,pool_address_without_promotion_grade_confirmation,2,1,False
AD002023,AC001567,AD002023,POOL_UNSUPERVISED,2026-06-01T00:00:00Z,,False,pool_address_without_promotion_grade_confirmation,2,4,False
AD002024,AC001568,AD002024,POOL_UNSUPERVISED,2026-06-01T00:00:00Z,,False,pool_address_without_promotion_grade_confirmation,4,1,False
AD002025,AC001569,AD002025,POOL_UNSUPERVISED,2026-06-01T00:00:00Z,,False,pool_address_without_promotion_grade_confirmation,0,0,False
AD002026,AC001570,AD002026,POOL_UNSUPERVISED,2026-06-01T00:00:00Z,,False,pool_address_without_promotion_grade_confirmation,2,2,False
AD002027,AC001571,AD002027,S-TRAIN,2026-06-01T00:00:00Z,obs-VS000405;obs-VS001051,True,none,2,3,False
AD002028,AC001572,AD002028,POOL_UNSUPERVISED,2026-06-01T00:00:00Z,,False,pool_address_without_promotion_grade_confirmation,4,2,False
AD002029,AC001573,AD000970,POOL_UNSUPERVISED,2026-06-01T00:00:00Z,,False,pool_address_without_promotion_grade_confirmation,1,0,False
AD002030,AC001574,AD002030,POOL_UNSUPERVISED,2026-06-01T00:00:00Z,,False,pool_address_without_promotion_grade_confirmation,4,4,False
AD002031,AC001575,AD002031,POOL_UNSUPERVISED,2026-06-01T00:00:00Z,,False,pool_address_without_promotion_grade_confirmation,3,3,False
AD002032,AC001575,AD002032,POOL_UNSUPERVISED,2026-06-01T00:00:00Z,,False,pool_address_without_promotion_grade_confirmation,3,3,False
AD002033,AC001576,AD002033,POOL_UNSUPERVISED,2026-06-01T00:00:00Z,,False,pool_address_without_promotion_grade_confirmation,4,2,False
AD002034,AC001577,AD002034,POOL_UNSUPERVISED,2026-06-01T00:00:00Z,,False,pool_address_without_promotion_grade_confirmation,3,4,False
AD002035,AC001578,AD002035,POOL_UNSUPERVISED,2026-06-01T00:00:00Z,,False,pool_address_without_promotion_grade_confirmation,1,3,False
AD002036,AC001579,AD002036,POOL_UNSUPERVISED,2026-06-01T00:00:00Z,,False,pool_address_without_promotion_grade_confirmation,1,4,False
AD002037,AC001580,AD002037,POOL_UNSUPERVISED,2026-06-01T00:00:00Z,,False,pool_address_without_promotion_grade_confirmation,1,1,False
AD002038,AC001581,AD000815,EXCLUDED,2026-06-01T00:00:00Z,,False,block_of_surveyed,0,1,True
AD002039,AC001582,AD002039,POOL_UNSUPERVISED,2026-06-01T00:00:00Z,,False,pool_address_without_promotion_grade_confirmation,0,1,False
AD002040,AC001583,AD002040,POOL_UNSUPERVISED,2026-06-01T00:00:00Z,,False,pool_address_without_promotion_grade_confirmation,2,3,False
AD002041,AC001583,AD002041,POOL_UNSUPERVISED,2026-06-01T00:00:00Z,,False,pool_address_without_promotion_grade_confirmation,4,3,False
AD002042,AC001584,AD002042,POOL_UNSUPERVISED,2026-06-01T00:00:00Z,,False,pool_address_without_promotion_grade_confirmation,4,3,False
AD002043,AC001585,AD002043,POOL_UNSUPERVISED,2026-06-01T00:00:00Z,,False,pool_address_without_promotion_grade_confirmation,1,2,False
AD002044,AC001586,AD002044,POOL_UNSUPERVISED,2026-06-01T00:00:00Z,,False,pool_address_without_promotion_grade_confirmation,3,2,False
AD002045,AC001587,AD001071,S-TRAIN,2026-06-01T00:00:00Z,obs-VS002458;obs-VS003688,True,none,0,4,False
AD002046,AC001588,AD002046,POOL_UNSUPERVISED,2026-06-01T00:00:00Z,,False,pool_address_without_promotion_grade_confirmation,4,0,False
AD002047,AC001589,AD002047,POOL_UNSUPERVISED,2026-06-01T00:00:00Z,,False,pool_address_without_promotion_grade_confirmation,3,1,False
AD002048,AC001590,AD002048,POOL_UNSUPERVISED,2026-06-01T00:00:00Z,,False,pool_address_without_promotion_grade_confirmation,1,0,False
AD002049,AC001590,AD002049,POOL_UNSUPERVISED,2026-06-01T00:00:00Z,,False,pool_address_without_promotion_grade_confirmation,1,0,False
AD002050,AC001591,AD002050,POOL_UNSUPERVISED,2026-06-01T00:00:00Z,,False,pool_address_without_promotion_grade_confirmation,1,0,False
AD002051,AC001592,AD002051,POOL_UNSUPERVISED,2026-06-01T00:00:00Z,,False,pool_address_without_promotion_grade_confirmation,1,1,False
AD002052,AC001593,AD002052,POOL_UNSUPERVISED,2026-06-01T00:00:00Z,,False,pool_address_without_promotion_grade_confirmation,4,0,False
AD002053,AC001593,AD002053,POOL_UNSUPERVISED,2026-06-01T00:00:00Z,,False,pool_address_without_promotion_grade_confirmation,0,0,False
AD002054,AC001594,AD002054,POOL_UNSUPERVISED,2026-06-01T00:00:00Z,,False,pool_address_without_promotion_grade_confirmation,0,0,False
AD002055,AC001594,AD002055,POOL_UNSUPERVISED,2026-06-01T00:00:00Z,,False,pool_address_without_promotion_grade_confirmation,2,0,False
AD002056,AC001595,AD002056,POOL_UNSUPERVISED,2026-06-01T00:00:00Z,,False,pool_address_without_promotion_grade_confirmation,3,0,False
AD002057,AC001596,AD002057,S-TRAIN,2026-06-01T00:00:00Z,obs-VS001124;obs-VS001724,True,none,2,1,False
AD002058,AC001596,AD002058,POOL_UNSUPERVISED,2026-06-01T00:00:00Z,,False,pool_address_without_promotion_grade_confirmation,0,1,False
AD002059,AC001597,AD000336,POOL_UNSUPERVISED,2026-06-01T00:00:00Z,,False,pool_address_without_promotion_grade_confirmation,4,1,False
AD002060,AC001598,AD002060,S-TRAIN,2026-06-01T00:00:00Z,obs-VS000510;obs-VS001176;obs-VS001848;obs-VS002802,True,none,2,1,False
AD002061,AC001599,AD002061,S-TRAIN,2026-06-01T00:00:00Z,obs-VS002116;obs-VS002784,True,none,0,2,False
AD002062,AC001600,AD002062,POOL_UNSUPERVISED,2026-06-01T00:00:00Z,,False,pool_address_without_promotion_grade_confirmation,2,2,False
AD002063,AC001601,AD002063,POOL_UNSUPERVISED,2026-06-01T00:00:00Z,,False,pool_address_without_promotion_grade_confirmation,0,1,False
AD002064,AC001602,AD002064,POOL_UNSUPERVISED,2026-06-01T00:00:00Z,,False,pool_address_without_promotion_grade_confirmation,2,0,False
AD002065,AC001603,AD002065,POOL_UNSUPERVISED,2026-06-01T00:00:00Z,,False,pool_address_without_promotion_grade_confirmation,1,1,False
AD002066,AC001604,AD002066,POOL_UNSUPERVISED,2026-06-01T00:00:00Z,,False,pool_address_without_promotion_grade_confirmation,3,2,False
AD002067,AC001605,AD000451,S-VAL,2026-06-01T00:00:00Z,obs-VS000514;obs-VS001170;obs-VS001849;obs-VS002796,True,none,2,2,False
AD002068,AC001606,AD002068,S-EVAL,2026-06-01T00:00:00Z,,False,surveyed_s_eval+account_of_surveyed+block_of_surveyed,4,3,True
AD002069,AC001607,AD002069,S-TRAIN,2026-06-01T00:00:00Z,obs-VS002037;obs-VS002917,True,none,4,3,False
AD002070,AC001607,AD002070,S-TRAIN,2026-06-01T00:00:00Z,obs-VS000721;obs-VS001373,True,none,2,3,False
AD002071,AC001608,AD002071,POOL_UNSUPERVISED,2026-06-01T00:00:00Z,,False,pool_address_without_promotion_grade_confirmation,1,4,False
AD002072,AC001608,AD002072,POOL_UNSUPERVISED,2026-06-01T00:00:00Z,,False,pool_address_without_promotion_grade_confirmation,1,4,False
AD002073,AC001609,AD002073,POOL_UNSUPERVISED,2026-06-01T00:00:00Z,,False,pool_address_without_promotion_grade_confirmation,2,3,False
AD002074,AC001610,AD002074,S-TRAIN,2026-06-01T00:00:00Z,obs-VS000185;obs-VS002597,True,none,4,2,False
AD002075,AC001611,AD002075,POOL_UNSUPERVISED,2026-06-01T00:00:00Z,,False,pool_address_without_promotion_grade_confirmation,3,1,False
AD002076,AC001611,AD002076,POOL_UNSUPERVISED,2026-06-01T00:00:00Z,,False,pool_address_without_promotion_grade_confirmation,1,1,False
AD002077,AC001612,AD002077,POOL_UNSUPERVISED,2026-06-01T00:00:00Z,,False,pool_address_without_promotion_grade_confirmation,1,3,False
AD002078,AC001612,AD002078,POOL_UNSUPERVISED,2026-06-01T00:00:00Z,,False,pool_address_without_promotion_grade_confirmation,4,3,False
AD002079,AC001613,AD002079,POOL_UNSUPERVISED,2026-06-01T00:00:00Z,,False,pool_address_without_promotion_grade_confirmation,4,1,False
AD002080,AC001613,AD002080,POOL_UNSUPERVISED,2026-06-01T00:00:00Z,,False,pool_address_without_promotion_grade_confirmation,4,1,False
AD002081,AC001614,AD002081,POOL_UNSUPERVISED,2026-06-01T00:00:00Z,,False,pool_address_without_promotion_grade_confirmation,1,3,False
AD002082,AC001614,AD002082,POOL_UNSUPERVISED,2026-06-01T00:00:00Z,,False,pool_address_without_promotion_grade_confirmation,1,3,False
AD002083,AC001615,AD002083,POOL_UNSUPERVISED,2026-06-01T00:00:00Z,,False,pool_address_without_promotion_grade_confirmation,0,1,False
AD002084,AC001615,AD002084,POOL_UNSUPERVISED,2026-06-01T00:00:00Z,,False,pool_address_without_promotion_grade_confirmation,2,1,False
AD002085,AC001616,AD002085,POOL_UNSUPERVISED,2026-06-01T00:00:00Z,,False,pool_address_without_promotion_grade_confirmation,4,4,False
AD002086,AC001616,AD002086,POOL_UNSUPERVISED,2026-06-01T00:00:00Z,,False,pool_address_without_promotion_grade_confirmation,1,4,False
AD002087,AC001617,AD002087,POOL_UNSUPERVISED,2026-06-01T00:00:00Z,,False,pool_address_without_promotion_grade_confirmation,3,4,False
AD002088,AC001618,AD002088,POOL_UNSUPERVISED,2026-06-01T00:00:00Z,,False,pool_address_without_promotion_grade_confirmation,4,4,False
AD002089,AC001619,AD002089,S-TRAIN,2026-06-01T00:00:00Z,obs-VS000534;obs-VS001569;obs-VS002232,True,none,0,2,False
AD002090,AC001620,AD002090,POOL_UNSUPERVISED,2026-06-01T00:00:00Z,,False,pool_address_without_promotion_grade_confirmation,0,3,False
AD002091,AC001621,AD002091,POOL_UNSUPERVISED,2026-06-01T00:00:00Z,,False,pool_address_without_promotion_grade_confirmation,3,1,False
AD002092,AC001622,AD002092,POOL_UNSUPERVISED,2026-06-01T00:00:00Z,,False,pool_address_without_promotion_grade_confirmation,4,1,False
AD002093,AC001622,AD002093,POOL_UNSUPERVISED,2026-06-01T00:00:00Z,,False,pool_address_without_promotion_grade_confirmation,3,1,False
AD002094,AC001623,AD002094,POOL_UNSUPERVISED,2026-06-01T00:00:00Z,,False,pool_address_without_promotion_grade_confirmation,3,4,False
AD002095,AC001624,AD002095,POOL_UNSUPERVISED,2026-06-01T00:00:00Z,,False,pool_address_without_promotion_grade_confirmation,2,3,False
AD002096,AC001625,AD001920,S-VAL,2026-06-01T00:00:00Z,obs-VS000068;obs-VS001374;obs-VS002039;obs-VS002753;obs-VS003429,True,none,3,3,False
AD002097,AC001626,AD002097,POOL_UNSUPERVISED,2026-06-01T00:00:00Z,,False,pool_address_without_promotion_grade_confirmation,2,0,False
AD002098,AC001627,AD002098,POOL_UNSUPERVISED,2026-06-01T00:00:00Z,,False,pool_address_without_promotion_grade_confirmation,1,2,False
AD002099,AC001627,AD002099,POOL_UNSUPERVISED,2026-06-01T00:00:00Z,,False,pool_address_without_promotion_grade_confirmation,4,2,False
AD002100,AC001628,AD002100,POOL_UNSUPERVISED,2026-06-01T00:00:00Z,,False,pool_address_without_promotion_grade_confirmation,3,2,False
AD002101,AC001628,AD002101,POOL_UNSUPERVISED,2026-06-01T00:00:00Z,,False,pool_address_without_promotion_grade_confirmation,3,2,False
AD002102,AC001629,AD002102,POOL_UNSUPERVISED,2026-06-01T00:00:00Z,,False,pool_address_without_promotion_grade_confirmation,3,4,False
AD002103,AC001630,AD002103,S-VAL,2026-06-01T00:00:00Z,obs-VS000876;obs-VS002122;obs-VS003451,True,none,4,4,False
AD002104,AC001631,AD002104,POOL_UNSUPERVISED,2026-06-01T00:00:00Z,,False,pool_address_without_promotion_grade_confirmation,4,0,False
AD002105,AC001632,AD002105,POOL_UNSUPERVISED,2026-06-01T00:00:00Z,,False,pool_address_without_promotion_grade_confirmation,0,3,False
AD002106,AC001632,AD002106,POOL_UNSUPERVISED,2026-06-01T00:00:00Z,,False,pool_address_without_promotion_grade_confirmation,3,3,False
AD002107,AC001633,AD002107,POOL_UNSUPERVISED,2026-06-01T00:00:00Z,,False,pool_address_without_promotion_grade_confirmation,1,3,False
AD002108,AC001634,AD002108,POOL_UNSUPERVISED,2026-06-01T00:00:00Z,,False,pool_address_without_promotion_grade_confirmation,2,3,False
AD002109,AC001634,AD002109,POOL_UNSUPERVISED,2026-06-01T00:00:00Z,,False,pool_address_without_promotion_grade_confirmation,4,3,False
AD002110,AC001635,AD002110,POOL_UNSUPERVISED,2026-06-01T00:00:00Z,,False,pool_address_without_promotion_grade_confirmation,3,3,False
AD002111,AC001636,AD002111,POOL_UNSUPERVISED,2026-06-01T00:00:00Z,,False,pool_address_without_promotion_grade_confirmation,4,4,False
AD002112,AC001637,AD002112,S-TRAIN,2026-06-01T00:00:00Z,obs-VS000543;obs-VS001201;obs-VS001935,True,none,3,2,False
AD002113,AC001638,AD002113,POOL_UNSUPERVISED,2026-06-01T00:00:00Z,,False,pool_address_without_promotion_grade_confirmation,2,4,False
AD002114,AC001639,AD002114,POOL_UNSUPERVISED,2026-06-01T00:00:00Z,,False,pool_address_without_promotion_grade_confirmation,4,0,False
AD002115,AC001639,AD002115,POOL_UNSUPERVISED,2026-06-01T00:00:00Z,,False,pool_address_without_promotion_grade_confirmation,3,0,False
AD002116,AC001640,AD002116,POOL_UNSUPERVISED,2026-06-01T00:00:00Z,,False,pool_address_without_promotion_grade_confirmation,3,4,False
AD002117,AC001641,AD002117,POOL_UNSUPERVISED,2026-06-01T00:00:00Z,,False,pool_address_without_promotion_grade_confirmation,2,2,False
AD002118,AC001642,AD002118,POOL_UNSUPERVISED,2026-06-01T00:00:00Z,,False,pool_address_without_promotion_grade_confirmation,0,0,False
AD002119,AC001643,AD002119,POOL_UNSUPERVISED,2026-06-01T00:00:00Z,,False,pool_address_without_promotion_grade_confirmation,3,0,False
AD002120,AC001643,AD002120,POOL_UNSUPERVISED,2026-06-01T00:00:00Z,,False,pool_address_without_promotion_grade_confirmation,2,0,False
AD002121,AC001644,AD002121,POOL_UNSUPERVISED,2026-06-01T00:00:00Z,,False,pool_address_without_promotion_grade_confirmation,2,0,False
AD002122,AC001645,AD002122,POOL_UNSUPERVISED,2026-06-01T00:00:00Z,,False,pool_address_without_promotion_grade_confirmation,1,0,False
AD002123,AC001646,AD002123,S-TRAIN,2026-06-01T00:00:00Z,obs-VS000397;obs-VS001063;obs-VS001787;obs-VS003093;obs-VS003756,True,none,3,1,False
AD002124,AC001647,AD002124,POOL_UNSUPERVISED,2026-06-01T00:00:00Z,,False,pool_address_without_promotion_grade_confirmation,3,4,False
AD002125,AC001647,AD000001,POOL_UNSUPERVISED,2026-06-01T00:00:00Z,,False,pool_address_without_promotion_grade_confirmation,0,4,False
AD002126,AC001648,AD002126,POOL_UNSUPERVISED,2026-06-01T00:00:00Z,,False,pool_address_without_promotion_grade_confirmation,2,3,False
AD002127,AC001648,AD002127,POOL_UNSUPERVISED,2026-06-01T00:00:00Z,,False,pool_address_without_promotion_grade_confirmation,3,3,False
AD002128,AC001649,AD002128,POOL_UNSUPERVISED,2026-06-01T00:00:00Z,,False,pool_address_without_promotion_grade_confirmation,2,4,False
AD002129,AC001649,AD002129,POOL_UNSUPERVISED,2026-06-01T00:00:00Z,,False,pool_address_without_promotion_grade_confirmation,3,4,False
AD002130,AC001650,AD002130,POOL_UNSUPERVISED,2026-06-01T00:00:00Z,,False,pool_address_without_promotion_grade_confirmation,2,4,False
AD002131,AC001651,AD002131,S-TRAIN,2026-06-01T00:00:00Z,obs-VS000323;obs-VS001794,True,none,2,3,False
AD002132,AC001651,AD002132,POOL_UNSUPERVISED,2026-06-01T00:00:00Z,,False,pool_address_without_promotion_grade_confirmation,2,3,False
AD002133,AC001652,AD002133,POOL_UNSUPERVISED,2026-06-01T00:00:00Z,,False,pool_address_without_promotion_grade_confirmation,2,3,False
AD002134,AC001653,AD002134,S-TRAIN,2026-06-01T00:00:00Z,obs-VS001683;obs-VS002331;obs-VS002982,True,none,1,0,False
AD002135,AC001654,AD002135,POOL_UNSUPERVISED,2026-06-01T00:00:00Z,,False,pool_address_without_promotion_grade_confirmation,0,2,False
AD002136,AC001655,AD002136,POOL_UNSUPERVISED,2026-06-01T00:00:00Z,,False,pool_address_without_promotion_grade_confirmation,4,3,False
AD002137,AC001655,AD002137,POOL_UNSUPERVISED,2026-06-01T00:00:00Z,,False,pool_address_without_promotion_grade_confirmation,0,3,False
AD002138,AC001656,AD002138,S-TRAIN,2026-06-01T00:00:00Z,obs-VS000506;obs-VS001885;obs-VS002537,True,none,3,4,False
AD002139,AC001656,AD002139,POOL_UNSUPERVISED,2026-06-01T00:00:00Z,,False,pool_address_without_promotion_grade_confirmation,0,4,False
AD002140,AC001657,AD002140,POOL_UNSUPERVISED,2026-06-01T00:00:00Z,,False,pool_address_without_promotion_grade_confirmation,0,0,False
AD002141,AC001657,AD002141,POOL_UNSUPERVISED,2026-06-01T00:00:00Z,,False,pool_address_without_promotion_grade_confirmation,0,0,False
AD002142,AC001658,AD002142,POOL_UNSUPERVISED,2026-06-01T00:00:00Z,,False,pool_address_without_promotion_grade_confirmation,4,2,False
AD002143,AC001659,AD002143,S-EVAL,2026-06-01T00:00:00Z,,False,surveyed_s_eval+account_of_surveyed+block_of_surveyed,3,3,True
AD002144,AC001659,AD002144,EXCLUDED,2026-06-01T00:00:00Z,,False,account_of_surveyed,1,3,True
AD002145,AC001660,AD002145,POOL_UNSUPERVISED,2026-06-01T00:00:00Z,,False,pool_address_without_promotion_grade_confirmation,3,0,False
AD002146,AC001660,AD002146,POOL_UNSUPERVISED,2026-06-01T00:00:00Z,,False,pool_address_without_promotion_grade_confirmation,1,0,False
AD002147,AC001661,AD002147,POOL_UNSUPERVISED,2026-06-01T00:00:00Z,,False,pool_address_without_promotion_grade_confirmation,3,1,False
AD002148,AC001662,AD002148,POOL_UNSUPERVISED,2026-06-01T00:00:00Z,,False,pool_address_without_promotion_grade_confirmation,3,1,False
AD002149,AC001663,AD002149,POOL_UNSUPERVISED,2026-06-01T00:00:00Z,,False,pool_address_without_promotion_grade_confirmation,2,4,False
AD002150,AC001664,AD002150,POOL_UNSUPERVISED,2026-06-01T00:00:00Z,,False,pool_address_without_promotion_grade_confirmation,3,1,False
AD002151,AC001665,AD002151,POOL_UNSUPERVISED,2026-06-01T00:00:00Z,,False,pool_address_without_promotion_grade_confirmation,3,2,False
AD002152,AC001665,AD002152,POOL_UNSUPERVISED,2026-06-01T00:00:00Z,,False,pool_address_without_promotion_grade_confirmation,1,2,False
AD002153,AC001666,AD002153,POOL_UNSUPERVISED,2026-06-01T00:00:00Z,,False,pool_address_without_promotion_grade_confirmation,0,1,False
AD002154,AC001667,AD002154,S-TRAIN,2026-06-01T00:00:00Z,obs-VS001470;obs-VS002053;obs-VS002710,True,none,1,0,False
AD002155,AC001668,AD002155,POOL_UNSUPERVISED,2026-06-01T00:00:00Z,,False,pool_address_without_promotion_grade_confirmation,4,0,False
AD002156,AC001668,AD002156,POOL_UNSUPERVISED,2026-06-01T00:00:00Z,,False,pool_address_without_promotion_grade_confirmation,2,0,False
AD002157,AC001669,AD002157,POOL_UNSUPERVISED,2026-06-01T00:00:00Z,,False,pool_address_without_promotion_grade_confirmation,1,0,False
AD002158,AC001670,AD002158,POOL_UNSUPERVISED,2026-06-01T00:00:00Z,,False,pool_address_without_promotion_grade_confirmation,4,3,False
AD002159,AC001671,AD002159,S-EVAL,2026-06-01T00:00:00Z,,False,surveyed_s_eval+account_of_surveyed+block_of_surveyed,0,3,True
AD002160,AC001671,AD002160,EXCLUDED,2026-06-01T00:00:00Z,,False,account_of_surveyed,3,3,True
AD002161,AC001672,AD002161,POOL_UNSUPERVISED,2026-06-01T00:00:00Z,,False,pool_address_without_promotion_grade_confirmation,4,3,False
AD002162,AC001673,AD002162,POOL_UNSUPERVISED,2026-06-01T00:00:00Z,,False,pool_address_without_promotion_grade_confirmation,4,2,False
AD002163,AC001674,AD002163,POOL_UNSUPERVISED,2026-06-01T00:00:00Z,,False,pool_address_without_promotion_grade_confirmation,3,3,False
AD002164,AC001675,AD002164,POOL_UNSUPERVISED,2026-06-01T00:00:00Z,,False,pool_address_without_promotion_grade_confirmation,1,3,False
AD002165,AC001675,AD002165,POOL_UNSUPERVISED,2026-06-01T00:00:00Z,,False,pool_address_without_promotion_grade_confirmation,4,3,False
AD002166,AC001676,AD002166,POOL_UNSUPERVISED,2026-06-01T00:00:00Z,,False,pool_address_without_promotion_grade_confirmation,0,3,False
AD002167,AC001677,AD002167,POOL_UNSUPERVISED,2026-06-01T00:00:00Z,,False,pool_address_without_promotion_grade_confirmation,3,2,False
AD002168,AC001677,AD002168,POOL_UNSUPERVISED,2026-06-01T00:00:00Z,,False,pool_address_without_promotion_grade_confirmation,3,2,False
AD002169,AC001678,AD002169,POOL_UNSUPERVISED,2026-06-01T00:00:00Z,,False,pool_address_without_promotion_grade_confirmation,3,4,False
AD002170,AC001678,AD002170,POOL_UNSUPERVISED,2026-06-01T00:00:00Z,,False,pool_address_without_promotion_grade_confirmation,3,4,False
AD002171,AC001679,AD002171,POOL_UNSUPERVISED,2026-06-01T00:00:00Z,,False,pool_address_without_promotion_grade_confirmation,2,3,False
AD002172,AC001680,AD002172,POOL_UNSUPERVISED,2026-06-01T00:00:00Z,,False,pool_address_without_promotion_grade_confirmation,4,0,False
AD002173,AC001681,AD002173,POOL_UNSUPERVISED,2026-06-01T00:00:00Z,,False,pool_address_without_promotion_grade_confirmation,4,0,False
AD002174,AC001681,AD002174,POOL_UNSUPERVISED,2026-06-01T00:00:00Z,,False,pool_address_without_promotion_grade_confirmation,3,0,False
AD002175,AC001682,AD002175,POOL_UNSUPERVISED,2026-06-01T00:00:00Z,,False,pool_address_without_promotion_grade_confirmation,0,1,False
AD002176,AC001683,AD002176,S-TRAIN,2026-06-01T00:00:00Z,obs-VS000838;obs-VS001492,True,none,2,0,False
AD002177,AC001683,AD002177,POOL_UNSUPERVISED,2026-06-01T00:00:00Z,,False,pool_address_without_promotion_grade_confirmation,2,0,False
AD002178,AC001684,AD000031,POOL_UNSUPERVISED,2026-06-01T00:00:00Z,,False,pool_address_without_promotion_grade_confirmation,2,0,False
AD002179,AC001685,AD002179,POOL_UNSUPERVISED,2026-06-01T00:00:00Z,,False,pool_address_without_promotion_grade_confirmation,4,1,False
AD002180,AC001685,AD002180,POOL_UNSUPERVISED,2026-06-01T00:00:00Z,,False,pool_address_without_promotion_grade_confirmation,0,1,False
AD002181,AC001686,AD002181,S-TRAIN,2026-06-01T00:00:00Z,obs-VS001218;obs-VS002610;obs-VS003653,True,none,3,1,False
AD002182,AC001687,AD002182,POOL_UNSUPERVISED,2026-06-01T00:00:00Z,,False,pool_address_without_promotion_grade_confirmation,3,0,False
AD002183,AC001688,AD002183,POOL_UNSUPERVISED,2026-06-01T00:00:00Z,,False,pool_address_without_promotion_grade_confirmation,2,0,False
AD002184,AC001688,AD002184,POOL_UNSUPERVISED,2026-06-01T00:00:00Z,,False,pool_address_without_promotion_grade_confirmation,2,0,False
AD002185,AC001689,AD002185,POOL_UNSUPERVISED,2026-06-01T00:00:00Z,,False,pool_address_without_promotion_grade_confirmation,1,1,False
AD002186,AC001690,AD002186,POOL_UNSUPERVISED,2026-06-01T00:00:00Z,,False,pool_address_without_promotion_grade_confirmation,1,2,False
AD002187,AC001691,AD002187,POOL_UNSUPERVISED,2026-06-01T00:00:00Z,,False,pool_address_without_promotion_grade_confirmation,0,1,False
AD002188,AC001692,AD002188,POOL_UNSUPERVISED,2026-06-01T00:00:00Z,,False,pool_address_without_promotion_grade_confirmation,0,3,False
AD002189,AC001693,AD002189,POOL_UNSUPERVISED,2026-06-01T00:00:00Z,,False,pool_address_without_promotion_grade_confirmation,2,3,False
AD002190,AC001694,AD002190,POOL_UNSUPERVISED,2026-06-01T00:00:00Z,,False,pool_address_without_promotion_grade_confirmation,4,4,False
AD002191,AC001694,AD002191,POOL_UNSUPERVISED,2026-06-01T00:00:00Z,,False,pool_address_without_promotion_grade_confirmation,0,4,False
AD002192,AC001695,AD002192,POOL_UNSUPERVISED,2026-06-01T00:00:00Z,,False,pool_address_without_promotion_grade_confirmation,1,2,False
AD002193,AC001696,AD002193,POOL_UNSUPERVISED,2026-06-01T00:00:00Z,,False,pool_address_without_promotion_grade_confirmation,2,0,False
AD002194,AC001697,AD002194,S-VAL,2026-06-01T00:00:00Z,obs-VS000979;obs-VS002298,True,none,0,0,False
AD002195,AC001698,AD002195,POOL_UNSUPERVISED,2026-06-01T00:00:00Z,,False,pool_address_without_promotion_grade_confirmation,2,3,False
AD002196,AC001699,AD002196,POOL_UNSUPERVISED,2026-06-01T00:00:00Z,,False,pool_address_without_promotion_grade_confirmation,3,2,False
AD002197,AC001700,AD002197,S-TRAIN,2026-06-01T00:00:00Z,obs-VS003094;obs-VS003759,True,none,3,2,False
AD002198,AC001701,AD002198,POOL_UNSUPERVISED,2026-06-01T00:00:00Z,,False,pool_address_without_promotion_grade_confirmation,1,4,False
AD002199,AC001701,AD002199,POOL_UNSUPERVISED,2026-06-01T00:00:00Z,,False,pool_address_without_promotion_grade_confirmation,1,4,False
AD002200,AC001702,AD002200,POOL_UNSUPERVISED,2026-06-01T00:00:00Z,,False,pool_address_without_promotion_grade_confirmation,2,2,False
AD002201,AC001702,AD002201,POOL_UNSUPERVISED,2026-06-01T00:00:00Z,,False,pool_address_without_promotion_grade_confirmation,2,2,False
AD002202,AC001703,AD002202,POOL_UNSUPERVISED,2026-06-01T00:00:00Z,,False,pool_address_without_promotion_grade_confirmation,1,1,False
AD002203,AC001703,AD002203,POOL_UNSUPERVISED,2026-06-01T00:00:00Z,,False,pool_address_without_promotion_grade_confirmation,4,1,False
AD002204,AC001704,AD002204,POOL_UNSUPERVISED,2026-06-01T00:00:00Z,,False,pool_address_without_promotion_grade_confirmation,4,0,False
AD002205,AC001704,AD002205,POOL_UNSUPERVISED,2026-06-01T00:00:00Z,,False,pool_address_without_promotion_grade_confirmation,3,0,False
AD002206,AC001705,AD001830,POOL_UNSUPERVISED,2026-06-01T00:00:00Z,,False,pool_address_without_promotion_grade_confirmation,4,4,False
AD002207,AC001706,AD002207,POOL_UNSUPERVISED,2026-06-01T00:00:00Z,,False,pool_address_without_promotion_grade_confirmation,1,2,False
AD002208,AC001706,AD002208,POOL_UNSUPERVISED,2026-06-01T00:00:00Z,,False,pool_address_without_promotion_grade_confirmation,0,2,False
AD002209,AC001707,AD002209,POOL_UNSUPERVISED,2026-06-01T00:00:00Z,,False,pool_address_without_promotion_grade_confirmation,2,4,False
AD002210,AC001708,AD000553,POOL_UNSUPERVISED,2026-06-01T00:00:00Z,,False,pool_address_without_promotion_grade_confirmation,3,2,False
AD002211,AC001709,AD002211,POOL_UNSUPERVISED,2026-06-01T00:00:00Z,,False,pool_address_without_promotion_grade_confirmation,0,3,False
AD002212,AC001710,AD002212,POOL_UNSUPERVISED,2026-06-01T00:00:00Z,,False,pool_address_without_promotion_grade_confirmation,0,1,False
AD002213,AC001711,AD001338,POOL_UNSUPERVISED,2026-06-01T00:00:00Z,,False,pool_address_without_promotion_grade_confirmation,4,0,False
AD002214,AC001712,AD002214,POOL_UNSUPERVISED,2026-06-01T00:00:00Z,,False,pool_address_without_promotion_grade_confirmation,0,4,False
AD002215,AC001713,AD002215,POOL_UNSUPERVISED,2026-06-01T00:00:00Z,,False,pool_address_without_promotion_grade_confirmation,4,3,False
AD002216,AC001714,AD002216,POOL_UNSUPERVISED,2026-06-01T00:00:00Z,,False,pool_address_without_promotion_grade_confirmation,1,0,False
AD002217,AC001715,AD002217,POOL_UNSUPERVISED,2026-06-01T00:00:00Z,,False,pool_address_without_promotion_grade_confirmation,0,3,False
AD002218,AC001716,AD001556,POOL_UNSUPERVISED,2026-06-01T00:00:00Z,,False,pool_address_without_promotion_grade_confirmation,0,2,False
AD002219,AC001716,AD002219,POOL_UNSUPERVISED,2026-06-01T00:00:00Z,,False,pool_address_without_promotion_grade_confirmation,1,2,False
AD002220,AC001717,AD002220,POOL_UNSUPERVISED,2026-06-01T00:00:00Z,,False,pool_address_without_promotion_grade_confirmation,3,2,False
AD002221,AC001718,AD002221,POOL_UNSUPERVISED,2026-06-01T00:00:00Z,,False,pool_address_without_promotion_grade_confirmation,1,2,False
AD002222,AC001719,AD002222,POOL_UNSUPERVISED,2026-06-01T00:00:00Z,,False,pool_address_without_promotion_grade_confirmation,2,2,False
AD002223,AC001719,AD002223,POOL_UNSUPERVISED,2026-06-01T00:00:00Z,,False,pool_address_without_promotion_grade_confirmation,4,2,False
AD002224,AC001720,AD002224,POOL_UNSUPERVISED,2026-06-01T00:00:00Z,,False,pool_address_without_promotion_grade_confirmation,0,1,False
AD002225,AC001720,AD002225,POOL_UNSUPERVISED,2026-06-01T00:00:00Z,,False,pool_address_without_promotion_grade_confirmation,1,1,False
AD002226,AC001721,AD002226,POOL_UNSUPERVISED,2026-06-01T00:00:00Z,,False,pool_address_without_promotion_grade_confirmation,1,0,False
AD002227,AC001722,AD002227,POOL_UNSUPERVISED,2026-06-01T00:00:00Z,,False,pool_address_without_promotion_grade_confirmation,3,2,False
AD002228,AC001723,AD002228,POOL_UNSUPERVISED,2026-06-01T00:00:00Z,,False,pool_address_without_promotion_grade_confirmation,3,4,False
AD002229,AC001724,AD002229,POOL_UNSUPERVISED,2026-06-01T00:00:00Z,,False,pool_address_without_promotion_grade_confirmation,4,0,False
AD002230,AC001725,AD002230,S-EVAL,2026-06-01T00:00:00Z,,False,surveyed_s_eval+account_of_surveyed+block_of_surveyed,3,4,True
AD002231,AC001726,AD001045,POOL_UNSUPERVISED,2026-06-01T00:00:00Z,,False,pool_address_without_promotion_grade_confirmation,4,4,False
AD002232,AC001726,AD002232,POOL_UNSUPERVISED,2026-06-01T00:00:00Z,,False,pool_address_without_promotion_grade_confirmation,3,4,False
AD002233,AC001727,AD002233,POOL_UNSUPERVISED,2026-06-01T00:00:00Z,,False,pool_address_without_promotion_grade_confirmation,2,4,False
AD002234,AC001728,AD000258,POOL_UNSUPERVISED,2026-06-01T00:00:00Z,,False,pool_address_without_promotion_grade_confirmation,2,1,False
AD002235,AC001729,AD002235,POOL_UNSUPERVISED,2026-06-01T00:00:00Z,,False,pool_address_without_promotion_grade_confirmation,2,3,False
AD002236,AC001730,AD002236,POOL_UNSUPERVISED,2026-06-01T00:00:00Z,,False,pool_address_without_promotion_grade_confirmation,3,4,False
AD002237,AC001731,AD002237,POOL_UNSUPERVISED,2026-06-01T00:00:00Z,,False,pool_address_without_promotion_grade_confirmation,0,0,False
AD002238,AC001732,AD002238,POOL_UNSUPERVISED,2026-06-01T00:00:00Z,,False,pool_address_without_promotion_grade_confirmation,3,4,False
AD002239,AC001733,AD002239,POOL_UNSUPERVISED,2026-06-01T00:00:00Z,,False,pool_address_without_promotion_grade_confirmation,1,1,False
AD002240,AC001733,AD002240,POOL_UNSUPERVISED,2026-06-01T00:00:00Z,,False,pool_address_without_promotion_grade_confirmation,4,1,False
AD002241,AC001734,AD002241,POOL_UNSUPERVISED,2026-06-01T00:00:00Z,,False,pool_address_without_promotion_grade_confirmation,3,0,False
AD002242,AC001735,AD002242,POOL_UNSUPERVISED,2026-06-01T00:00:00Z,,False,pool_address_without_promotion_grade_confirmation,0,3,False
AD002243,AC001735,AD002243,POOL_UNSUPERVISED,2026-06-01T00:00:00Z,,False,pool_address_without_promotion_grade_confirmation,4,3,False
AD002244,AC001736,AD000538,S-VAL,2026-06-01T00:00:00Z,obs-VS001644;obs-VS002299;obs-VS002953,True,none,0,0,False
AD002245,AC001737,AD002245,S-TRAIN,2026-06-01T00:00:00Z,obs-VS002193;obs-VS002864,True,none,2,0,False
AD002246,AC001738,AD001233,EXCLUDED,2026-06-01T00:00:00Z,,False,block_of_surveyed,4,3,True
AD002247,AC001739,AD002247,POOL_UNSUPERVISED,2026-06-01T00:00:00Z,,False,pool_address_without_promotion_grade_confirmation,0,4,False
AD002248,AC001740,AD002248,POOL_UNSUPERVISED,2026-06-01T00:00:00Z,,False,pool_address_without_promotion_grade_confirmation,1,0,False
AD002249,AC001741,AD002249,POOL_UNSUPERVISED,2026-06-01T00:00:00Z,,False,pool_address_without_promotion_grade_confirmation,4,0,False
AD002250,AC001742,AD002250,POOL_UNSUPERVISED,2026-06-01T00:00:00Z,,False,pool_address_without_promotion_grade_confirmation,0,2,False
AD002251,AC001743,AD002251,S-TRAIN,2026-06-01T00:00:00Z,obs-VS000428;obs-VS001594,True,none,3,0,False
AD002252,AC001744,AD002252,POOL_UNSUPERVISED,2026-06-01T00:00:00Z,,False,pool_address_without_promotion_grade_confirmation,2,0,False
AD002253,AC001745,AD002253,S-TRAIN,2026-06-01T00:00:00Z,obs-VS001456;obs-VS003576,True,none,3,2,False
AD002254,AC001746,AD002254,POOL_UNSUPERVISED,2026-06-01T00:00:00Z,,False,pool_address_without_promotion_grade_confirmation,0,2,False
AD002255,AC001747,AD002255,POOL_UNSUPERVISED,2026-06-01T00:00:00Z,,False,pool_address_without_promotion_grade_confirmation,0,4,False
AD002256,AC001748,AD002256,POOL_UNSUPERVISED,2026-06-01T00:00:00Z,,False,pool_address_without_promotion_grade_confirmation,1,2,False
AD002257,AC001748,AD002257,POOL_UNSUPERVISED,2026-06-01T00:00:00Z,,False,pool_address_without_promotion_grade_confirmation,2,2,False
AD002258,AC001749,AD002258,POOL_UNSUPERVISED,2026-06-01T00:00:00Z,,False,pool_address_without_promotion_grade_confirmation,0,2,False
AD002259,AC001750,AD002259,POOL_UNSUPERVISED,2026-06-01T00:00:00Z,,False,pool_address_without_promotion_grade_confirmation,2,2,False
AD002260,AC001751,AD002260,S-EVAL,2026-06-01T00:00:00Z,,False,surveyed_s_eval+account_of_surveyed+block_of_surveyed,3,2,True
AD002261,AC001752,AD002261,POOL_UNSUPERVISED,2026-06-01T00:00:00Z,,False,pool_address_without_promotion_grade_confirmation,4,4,False
AD002262,AC001753,AD002262,S-EVAL,2026-06-01T00:00:00Z,,False,surveyed_s_eval+account_of_surveyed+block_of_surveyed,3,0,True
AD002263,AC001754,AD002263,POOL_UNSUPERVISED,2026-06-01T00:00:00Z,,False,pool_address_without_promotion_grade_confirmation,2,2,False
AD002264,AC001755,AD001767,POOL_UNSUPERVISED,2026-06-01T00:00:00Z,,False,pool_address_without_promotion_grade_confirmation,4,3,False
AD002265,AC001756,AD002265,POOL_UNSUPERVISED,2026-06-01T00:00:00Z,,False,pool_address_without_promotion_grade_confirmation,0,1,False
AD002266,AC001756,AD002266,POOL_UNSUPERVISED,2026-06-01T00:00:00Z,,False,pool_address_without_promotion_grade_confirmation,4,1,False
AD002267,AC001757,AD002267,POOL_UNSUPERVISED,2026-06-01T00:00:00Z,,False,pool_address_without_promotion_grade_confirmation,3,2,False
AD002268,AC001757,AD002268,POOL_UNSUPERVISED,2026-06-01T00:00:00Z,,False,pool_address_without_promotion_grade_confirmation,2,2,False
AD002269,AC001758,AD002269,POOL_UNSUPERVISED,2026-06-01T00:00:00Z,,False,pool_address_without_promotion_grade_confirmation,3,2,False
AD002270,AC001759,AD001493,S-VAL,2026-06-01T00:00:00Z,obs-VS000962;obs-VS001696;obs-VS003304,True,none,1,1,False
AD002271,AC001760,AD002271,POOL_UNSUPERVISED,2026-06-01T00:00:00Z,,False,pool_address_without_promotion_grade_confirmation,2,3,False
AD002272,AC001761,AD002272,POOL_UNSUPERVISED,2026-06-01T00:00:00Z,,False,pool_address_without_promotion_grade_confirmation,0,4,False
AD002273,AC001761,AD002273,POOL_UNSUPERVISED,2026-06-01T00:00:00Z,,False,pool_address_without_promotion_grade_confirmation,0,4,False
AD002274,AC001762,AD002274,POOL_UNSUPERVISED,2026-06-01T00:00:00Z,,False,pool_address_without_promotion_grade_confirmation,0,2,False
AD002275,AC001762,AD002275,POOL_UNSUPERVISED,2026-06-01T00:00:00Z,,False,pool_address_without_promotion_grade_confirmation,4,2,False
AD002276,AC001763,AD002276,POOL_UNSUPERVISED,2026-06-01T00:00:00Z,,False,pool_address_without_promotion_grade_confirmation,3,4,False
AD002277,AC001764,AD000223,POOL_UNSUPERVISED,2026-06-01T00:00:00Z,,False,pool_address_without_promotion_grade_confirmation,2,3,False
AD002278,AC001764,AD002278,POOL_UNSUPERVISED,2026-06-01T00:00:00Z,,False,pool_address_without_promotion_grade_confirmation,1,3,False
AD002279,AC001765,AD002279,S-EVAL,2026-06-01T00:00:00Z,,False,surveyed_s_eval+account_of_surveyed+block_of_surveyed,4,4,True
AD002280,AC001765,AD002280,EXCLUDED,2026-06-01T00:00:00Z,,False,account_of_surveyed,0,4,True
AD002281,AC001766,AD002281,POOL_UNSUPERVISED,2026-06-01T00:00:00Z,,False,pool_address_without_promotion_grade_confirmation,3,1,False
AD002282,AC001767,AD002282,POOL_UNSUPERVISED,2026-06-01T00:00:00Z,,False,pool_address_without_promotion_grade_confirmation,0,0,False
AD002283,AC001767,AD002283,POOL_UNSUPERVISED,2026-06-01T00:00:00Z,,False,pool_address_without_promotion_grade_confirmation,1,0,False
AD002284,AC001768,AD002284,S-EVAL,2026-06-01T00:00:00Z,,False,surveyed_s_eval+account_of_surveyed+block_of_surveyed,0,1,True
AD002285,AC001768,AD002285,EXCLUDED,2026-06-01T00:00:00Z,,False,account_of_surveyed,3,1,True
AD002286,AC001769,AD002286,POOL_UNSUPERVISED,2026-06-01T00:00:00Z,,False,pool_address_without_promotion_grade_confirmation,2,3,False
AD002287,AC001770,AD002287,POOL_UNSUPERVISED,2026-06-01T00:00:00Z,,False,pool_address_without_promotion_grade_confirmation,3,0,False
AD002288,AC001771,AD002288,POOL_UNSUPERVISED,2026-06-01T00:00:00Z,,False,pool_address_without_promotion_grade_confirmation,0,3,False
AD002289,AC001772,AD002289,POOL_UNSUPERVISED,2026-06-01T00:00:00Z,,False,pool_address_without_promotion_grade_confirmation,4,0,False
AD002290,AC001772,AD002290,POOL_UNSUPERVISED,2026-06-01T00:00:00Z,,False,pool_address_without_promotion_grade_confirmation,4,0,False
AD002291,AC001773,AD002291,POOL_UNSUPERVISED,2026-06-01T00:00:00Z,,False,pool_address_without_promotion_grade_confirmation,2,2,False
AD002292,AC001774,AD002292,POOL_UNSUPERVISED,2026-06-01T00:00:00Z,,False,pool_address_without_promotion_grade_confirmation,1,4,False
AD002293,AC001774,AD002293,POOL_UNSUPERVISED,2026-06-01T00:00:00Z,,False,pool_address_without_promotion_grade_confirmation,2,4,False
AD002294,AC001775,AD002294,POOL_UNSUPERVISED,2026-06-01T00:00:00Z,,False,pool_address_without_promotion_grade_confirmation,4,3,False
AD002295,AC001776,AD002295,S-EVAL,2026-06-01T00:00:00Z,,False,surveyed_s_eval+account_of_surveyed+block_of_surveyed,4,4,True
AD002296,AC001777,AD002296,POOL_UNSUPERVISED,2026-06-01T00:00:00Z,,False,pool_address_without_promotion_grade_confirmation,4,0,False
AD002297,AC001778,AD002297,POOL_UNSUPERVISED,2026-06-01T00:00:00Z,,False,pool_address_without_promotion_grade_confirmation,4,1,False
AD002298,AC001779,AD002298,POOL_UNSUPERVISED,2026-06-01T00:00:00Z,,False,pool_address_without_promotion_grade_confirmation,4,4,False
AD002299,AC001780,AD002299,S-TRAIN,2026-06-01T00:00:00Z,obs-VS000046;obs-VS001648;obs-VS003618,True,none,3,0,False
AD002300,AC001781,AD002300,S-EVAL,2026-06-01T00:00:00Z,,False,surveyed_s_eval+account_of_surveyed+block_of_surveyed,0,2,True
AD002301,AC001782,AD002301,POOL_UNSUPERVISED,2026-06-01T00:00:00Z,,False,pool_address_without_promotion_grade_confirmation,3,1,False
AD002302,AC001783,AD002302,POOL_UNSUPERVISED,2026-06-01T00:00:00Z,,False,pool_address_without_promotion_grade_confirmation,3,2,False
AD002303,AC001784,AD002303,POOL_UNSUPERVISED,2026-06-01T00:00:00Z,,False,pool_address_without_promotion_grade_confirmation,2,1,False
AD002304,AC001785,AD002304,POOL_UNSUPERVISED,2026-06-01T00:00:00Z,,False,pool_address_without_promotion_grade_confirmation,1,2,False
AD002305,AC001786,AD002305,POOL_UNSUPERVISED,2026-06-01T00:00:00Z,,False,pool_address_without_promotion_grade_confirmation,3,2,False
AD002306,AC001787,AD002306,POOL_UNSUPERVISED,2026-06-01T00:00:00Z,,False,pool_address_without_promotion_grade_confirmation,1,2,False
AD002307,AC001788,AD001233,EXCLUDED,2026-06-01T00:00:00Z,,False,block_of_surveyed,4,3,True
AD002308,AC001789,AD000867,POOL_UNSUPERVISED,2026-06-01T00:00:00Z,,False,pool_address_without_promotion_grade_confirmation,2,0,False
AD002309,AC001790,AD002309,POOL_UNSUPERVISED,2026-06-01T00:00:00Z,,False,pool_address_without_promotion_grade_confirmation,1,4,False
AD002310,AC001791,AD002310,POOL_UNSUPERVISED,2026-06-01T00:00:00Z,,False,pool_address_without_promotion_grade_confirmation,2,1,False
AD002311,AC001792,AD000291,EXCLUDED,2026-06-01T00:00:00Z,,False,block_of_surveyed,4,4,True
AD002312,AC001793,AD002312,POOL_UNSUPERVISED,2026-06-01T00:00:00Z,,False,pool_address_without_promotion_grade_confirmation,4,0,False
AD002313,AC001793,AD002313,POOL_UNSUPERVISED,2026-06-01T00:00:00Z,,False,pool_address_without_promotion_grade_confirmation,0,0,False
AD002314,AC001794,AD002314,POOL_UNSUPERVISED,2026-06-01T00:00:00Z,,False,pool_address_without_promotion_grade_confirmation,0,0,False
AD002315,AC001794,AD002315,POOL_UNSUPERVISED,2026-06-01T00:00:00Z,,False,pool_address_without_promotion_grade_confirmation,1,0,False
AD002316,AC001795,AD002316,POOL_UNSUPERVISED,2026-06-01T00:00:00Z,,False,pool_address_without_promotion_grade_confirmation,3,1,False
AD002317,AC001796,AD002317,POOL_UNSUPERVISED,2026-06-01T00:00:00Z,,False,pool_address_without_promotion_grade_confirmation,0,2,False
AD002318,AC001797,AD002318,POOL_UNSUPERVISED,2026-06-01T00:00:00Z,,False,pool_address_without_promotion_grade_confirmation,4,1,False
AD002319,AC001798,AD002319,POOL_UNSUPERVISED,2026-06-01T00:00:00Z,,False,pool_address_without_promotion_grade_confirmation,2,0,False
AD002320,AC001798,AD002320,POOL_UNSUPERVISED,2026-06-01T00:00:00Z,,False,pool_address_without_promotion_grade_confirmation,1,0,False
AD002321,AC001799,AD002321,POOL_UNSUPERVISED,2026-06-01T00:00:00Z,,False,pool_address_without_promotion_grade_confirmation,1,2,False
AD002322,AC001800,AD002322,POOL_UNSUPERVISED,2026-06-01T00:00:00Z,,False,pool_address_without_promotion_grade_confirmation,4,1,False
AD002323,AC001801,AD002323,POOL_UNSUPERVISED,2026-06-01T00:00:00Z,,False,pool_address_without_promotion_grade_confirmation,1,0,False
AD002324,AC001801,AD002324,POOL_UNSUPERVISED,2026-06-01T00:00:00Z,,False,pool_address_without_promotion_grade_confirmation,2,0,False
AD002325,AC001802,AD002325,POOL_UNSUPERVISED,2026-06-01T00:00:00Z,,False,pool_address_without_promotion_grade_confirmation,0,2,False
AD002326,AC001802,AD002326,POOL_UNSUPERVISED,2026-06-01T00:00:00Z,,False,pool_address_without_promotion_grade_confirmation,2,2,False
AD002327,AC001803,AD002327,POOL_UNSUPERVISED,2026-06-01T00:00:00Z,,False,pool_address_without_promotion_grade_confirmation,1,1,False
AD002328,AC001804,AD002328,POOL_UNSUPERVISED,2026-06-01T00:00:00Z,,False,pool_address_without_promotion_grade_confirmation,0,3,False
AD002329,AC001804,AD002329,POOL_UNSUPERVISED,2026-06-01T00:00:00Z,,False,pool_address_without_promotion_grade_confirmation,3,3,False
AD002330,AC001805,AD002330,POOL_UNSUPERVISED,2026-06-01T00:00:00Z,,False,pool_address_without_promotion_grade_confirmation,1,3,False
AD002331,AC001805,AD002331,POOL_UNSUPERVISED,2026-06-01T00:00:00Z,,False,pool_address_without_promotion_grade_confirmation,4,3,False
AD002332,AC001806,AD000257,S-TRAIN,2026-06-01T00:00:00Z,obs-VS002706;obs-VS003383,True,none,3,4,False
AD002333,AC001807,AD002333,S-TRAIN,2026-06-01T00:00:00Z,obs-VS001666;obs-VS002978,True,none,1,3,False
AD002334,AC001808,AD002023,POOL_UNSUPERVISED,2026-06-01T00:00:00Z,,False,pool_address_without_promotion_grade_confirmation,2,1,False
AD002335,AC001809,AD002335,POOL_UNSUPERVISED,2026-06-01T00:00:00Z,,False,pool_address_without_promotion_grade_confirmation,3,0,False
AD002336,AC001810,AD000534,POOL_UNSUPERVISED,2026-06-01T00:00:00Z,,False,pool_address_without_promotion_grade_confirmation,1,1,False
AD002337,AC001811,AD002337,POOL_UNSUPERVISED,2026-06-01T00:00:00Z,,False,pool_address_without_promotion_grade_confirmation,4,2,False
AD002338,AC001811,AD002338,POOL_UNSUPERVISED,2026-06-01T00:00:00Z,,False,pool_address_without_promotion_grade_confirmation,0,2,False
AD002339,AC001812,AD002339,POOL_UNSUPERVISED,2026-06-01T00:00:00Z,,False,pool_address_without_promotion_grade_confirmation,2,3,False
AD002340,AC001812,AD002340,POOL_UNSUPERVISED,2026-06-01T00:00:00Z,,False,pool_address_without_promotion_grade_confirmation,4,3,False
AD002341,AC001813,AD002341,POOL_UNSUPERVISED,2026-06-01T00:00:00Z,,False,pool_address_without_promotion_grade_confirmation,0,2,False
AD002342,AC001814,AD002342,POOL_UNSUPERVISED,2026-06-01T00:00:00Z,,False,pool_address_without_promotion_grade_confirmation,3,4,False
AD002343,AC001815,AD002343,POOL_UNSUPERVISED,2026-06-01T00:00:00Z,,False,pool_address_without_promotion_grade_confirmation,0,0,False
AD002344,AC001816,AD002344,POOL_UNSUPERVISED,2026-06-01T00:00:00Z,,False,pool_address_without_promotion_grade_confirmation,3,4,False
AD002345,AC001817,AD002345,POOL_UNSUPERVISED,2026-06-01T00:00:00Z,,False,pool_address_without_promotion_grade_confirmation,3,0,False
AD002346,AC001818,AD002346,POOL_UNSUPERVISED,2026-06-01T00:00:00Z,,False,pool_address_without_promotion_grade_confirmation,0,0,False
AD002347,AC001818,AD002347,POOL_UNSUPERVISED,2026-06-01T00:00:00Z,,False,pool_address_without_promotion_grade_confirmation,1,0,False
AD002348,AC001819,AD002348,POOL_UNSUPERVISED,2026-06-01T00:00:00Z,,False,pool_address_without_promotion_grade_confirmation,1,2,False
AD002349,AC001820,AD002349,POOL_UNSUPERVISED,2026-06-01T00:00:00Z,,False,pool_address_without_promotion_grade_confirmation,1,0,False
AD002350,AC001821,AD002350,POOL_UNSUPERVISED,2026-06-01T00:00:00Z,,False,pool_address_without_promotion_grade_confirmation,2,2,False
AD002351,AC001821,AD002351,POOL_UNSUPERVISED,2026-06-01T00:00:00Z,,False,pool_address_without_promotion_grade_confirmation,4,2,False
AD002352,AC001822,AD002352,POOL_UNSUPERVISED,2026-06-01T00:00:00Z,,False,pool_address_without_promotion_grade_confirmation,0,3,False
AD002353,AC001823,AD002353,POOL_UNSUPERVISED,2026-06-01T00:00:00Z,,False,pool_address_without_promotion_grade_confirmation,3,3,False
AD002354,AC001824,AD002354,POOL_UNSUPERVISED,2026-06-01T00:00:00Z,,False,pool_address_without_promotion_grade_confirmation,4,1,False
AD002355,AC001825,AD002355,POOL_UNSUPERVISED,2026-06-01T00:00:00Z,,False,pool_address_without_promotion_grade_confirmation,2,1,False
AD002356,AC001825,AD002356,POOL_UNSUPERVISED,2026-06-01T00:00:00Z,,False,pool_address_without_promotion_grade_confirmation,3,1,False
AD002357,AC001826,AD002357,S-VAL,2026-06-01T00:00:00Z,obs-VS001565;obs-VS003696,True,none,1,1,False
AD002358,AC001827,AD002358,POOL_UNSUPERVISED,2026-06-01T00:00:00Z,,False,pool_address_without_promotion_grade_confirmation,0,1,False
AD002359,AC001828,AD002359,POOL_UNSUPERVISED,2026-06-01T00:00:00Z,,False,pool_address_without_promotion_grade_confirmation,1,1,False
AD002360,AC001829,AD002360,POOL_UNSUPERVISED,2026-06-01T00:00:00Z,,False,pool_address_without_promotion_grade_confirmation,0,4,False
AD002361,AC001829,AD002361,POOL_UNSUPERVISED,2026-06-01T00:00:00Z,,False,pool_address_without_promotion_grade_confirmation,0,4,False
AD002362,AC001830,AD002362,S-TRAIN,2026-06-01T00:00:00Z,obs-VS000010;obs-VS000659;obs-VS001901;obs-VS002490;obs-VS003137,True,none,1,4,False
AD002363,AC001831,AD002363,POOL_UNSUPERVISED,2026-06-01T00:00:00Z,,False,pool_address_without_promotion_grade_confirmation,4,1,False
AD002364,AC001832,AD002364,POOL_UNSUPERVISED,2026-06-01T00:00:00Z,,False,pool_address_without_promotion_grade_confirmation,1,4,False
AD002365,AC001833,AD002365,POOL_UNSUPERVISED,2026-06-01T00:00:00Z,,False,pool_address_without_promotion_grade_confirmation,3,4,False
AD002366,AC001833,AD002366,POOL_UNSUPERVISED,2026-06-01T00:00:00Z,,False,pool_address_without_promotion_grade_confirmation,1,4,False
AD002367,AC001834,AD002367,POOL_UNSUPERVISED,2026-06-01T00:00:00Z,,False,pool_address_without_promotion_grade_confirmation,1,1,False
AD002368,AC001835,AD002368,POOL_UNSUPERVISED,2026-06-01T00:00:00Z,,False,pool_address_without_promotion_grade_confirmation,4,0,False
AD002369,AC001836,AD002369,POOL_UNSUPERVISED,2026-06-01T00:00:00Z,,False,pool_address_without_promotion_grade_confirmation,3,0,False
AD002370,AC001837,AD002370,POOL_UNSUPERVISED,2026-06-01T00:00:00Z,,False,pool_address_without_promotion_grade_confirmation,3,2,False
AD002371,AC001838,AD002371,POOL_UNSUPERVISED,2026-06-01T00:00:00Z,,False,pool_address_without_promotion_grade_confirmation,0,2,False
AD002372,AC001839,AD002372,POOL_UNSUPERVISED,2026-06-01T00:00:00Z,,False,pool_address_without_promotion_grade_confirmation,4,0,False
AD002373,AC001840,AD002373,POOL_UNSUPERVISED,2026-06-01T00:00:00Z,,False,pool_address_without_promotion_grade_confirmation,3,2,False
AD002374,AC001841,AD002374,POOL_UNSUPERVISED,2026-06-01T00:00:00Z,,False,pool_address_without_promotion_grade_confirmation,1,3,False
AD002375,AC001842,AD002375,POOL_UNSUPERVISED,2026-06-01T00:00:00Z,,False,pool_address_without_promotion_grade_confirmation,2,4,False
AD002376,AC001843,AD002376,POOL_UNSUPERVISED,2026-06-01T00:00:00Z,,False,pool_address_without_promotion_grade_confirmation,0,0,False
AD002377,AC001844,AD002377,POOL_UNSUPERVISED,2026-06-01T00:00:00Z,,False,pool_address_without_promotion_grade_confirmation,0,1,False
AD002378,AC001845,AD000238,POOL_UNSUPERVISED,2026-06-01T00:00:00Z,,False,pool_address_without_promotion_grade_confirmation,0,3,False
AD002379,AC001845,AD002379,POOL_UNSUPERVISED,2026-06-01T00:00:00Z,,False,pool_address_without_promotion_grade_confirmation,1,3,False
AD002380,AC001846,AD002380,POOL_UNSUPERVISED,2026-06-01T00:00:00Z,,False,pool_address_without_promotion_grade_confirmation,2,4,False
AD002381,AC001847,AD002381,POOL_UNSUPERVISED,2026-06-01T00:00:00Z,,False,pool_address_without_promotion_grade_confirmation,1,1,False
AD002382,AC001848,AD002382,POOL_UNSUPERVISED,2026-06-01T00:00:00Z,,False,pool_address_without_promotion_grade_confirmation,3,3,False
AD002383,AC001849,AD002383,POOL_UNSUPERVISED,2026-06-01T00:00:00Z,,False,pool_address_without_promotion_grade_confirmation,3,4,False
AD002384,AC001850,AD002384,POOL_UNSUPERVISED,2026-06-01T00:00:00Z,,False,pool_address_without_promotion_grade_confirmation,1,1,False
AD002385,AC001851,AD002385,POOL_UNSUPERVISED,2026-06-01T00:00:00Z,,False,pool_address_without_promotion_grade_confirmation,1,4,False
AD002386,AC001851,AD002386,POOL_UNSUPERVISED,2026-06-01T00:00:00Z,,False,pool_address_without_promotion_grade_confirmation,2,4,False
AD002387,AC001852,AD002387,POOL_UNSUPERVISED,2026-06-01T00:00:00Z,,False,pool_address_without_promotion_grade_confirmation,3,1,False
AD002388,AC001852,AD002388,POOL_UNSUPERVISED,2026-06-01T00:00:00Z,,False,pool_address_without_promotion_grade_confirmation,2,1,False
AD002389,AC001853,AD002389,POOL_UNSUPERVISED,2026-06-01T00:00:00Z,,False,pool_address_without_promotion_grade_confirmation,2,2,False
AD002390,AC001853,AD002390,POOL_UNSUPERVISED,2026-06-01T00:00:00Z,,False,pool_address_without_promotion_grade_confirmation,3,2,False
AD002391,AC001854,AD002391,POOL_UNSUPERVISED,2026-06-01T00:00:00Z,,False,pool_address_without_promotion_grade_confirmation,1,2,False
AD002392,AC001855,AD002392,POOL_UNSUPERVISED,2026-06-01T00:00:00Z,,False,pool_address_without_promotion_grade_confirmation,1,4,False
AD002393,AC001856,AD000138,POOL_UNSUPERVISED,2026-06-01T00:00:00Z,,False,pool_address_without_promotion_grade_confirmation,4,0,False
AD002394,AC001856,AD002394,POOL_UNSUPERVISED,2026-06-01T00:00:00Z,,False,pool_address_without_promotion_grade_confirmation,1,0,False
AD002395,AC001857,AD002395,POOL_UNSUPERVISED,2026-06-01T00:00:00Z,,False,pool_address_without_promotion_grade_confirmation,1,2,False
AD002396,AC001858,AD002396,POOL_UNSUPERVISED,2026-06-01T00:00:00Z,,False,pool_address_without_promotion_grade_confirmation,3,0,False
AD002397,AC001859,AD002397,POOL_UNSUPERVISED,2026-06-01T00:00:00Z,,False,pool_address_without_promotion_grade_confirmation,3,3,False
AD002398,AC001859,AD001274,POOL_UNSUPERVISED,2026-06-01T00:00:00Z,,False,pool_address_without_promotion_grade_confirmation,1,3,False
AD002399,AC001860,AD002399,POOL_UNSUPERVISED,2026-06-01T00:00:00Z,,False,pool_address_without_promotion_grade_confirmation,2,2,False
AD002400,AC001861,AD002400,POOL_UNSUPERVISED,2026-06-01T00:00:00Z,,False,pool_address_without_promotion_grade_confirmation,2,0,False
AD002401,AC001862,AD002401,POOL_UNSUPERVISED,2026-06-01T00:00:00Z,,False,pool_address_without_promotion_grade_confirmation,2,3,False
AD002402,AC001863,AD002402,POOL_UNSUPERVISED,2026-06-01T00:00:00Z,,False,pool_address_without_promotion_grade_confirmation,0,2,False
AD002403,AC001864,AD000668,POOL_UNSUPERVISED,2026-06-01T00:00:00Z,,False,pool_address_without_promotion_grade_confirmation,2,2,False
AD002404,AC001865,AD002404,POOL_UNSUPERVISED,2026-06-01T00:00:00Z,,False,pool_address_without_promotion_grade_confirmation,1,4,False
AD002405,AC001866,AD002405,POOL_UNSUPERVISED,2026-06-01T00:00:00Z,,False,pool_address_without_promotion_grade_confirmation,4,4,False
AD002406,AC001866,AD002406,POOL_UNSUPERVISED,2026-06-01T00:00:00Z,,False,pool_address_without_promotion_grade_confirmation,4,4,False
AD002407,AC001867,AD002407,POOL_UNSUPERVISED,2026-06-01T00:00:00Z,,False,pool_address_without_promotion_grade_confirmation,2,3,False
AD002408,AC001868,AD002408,POOL_UNSUPERVISED,2026-06-01T00:00:00Z,,False,pool_address_without_promotion_grade_confirmation,3,0,False
AD002409,AC001868,AD002409,POOL_UNSUPERVISED,2026-06-01T00:00:00Z,,False,pool_address_without_promotion_grade_confirmation,0,0,False
AD002410,AC001869,AD002410,S-EVAL,2026-06-01T00:00:00Z,,False,surveyed_s_eval+account_of_surveyed+block_of_surveyed,3,0,True
AD002411,AC001869,AD002411,EXCLUDED,2026-06-01T00:00:00Z,,False,account_of_surveyed,4,0,True
AD002412,AC001870,AD002412,S-VAL,2026-06-01T00:00:00Z,obs-VS000557;obs-VS002408,True,none,4,4,False
AD002413,AC001871,AD002413,POOL_UNSUPERVISED,2026-06-01T00:00:00Z,,False,pool_address_without_promotion_grade_confirmation,4,3,False
AD002414,AC001872,AD002414,POOL_UNSUPERVISED,2026-06-01T00:00:00Z,,False,pool_address_without_promotion_grade_confirmation,4,3,False
AD002415,AC001873,AD002415,S-TRAIN,2026-06-01T00:00:00Z,obs-VS001873;obs-VS002686,True,none,2,1,False
AD002416,AC001873,AD002416,S-TRAIN,2026-06-01T00:00:00Z,obs-VS000562;obs-VS001216,True,none,2,1,False
AD002417,AC001874,AD002417,POOL_UNSUPERVISED,2026-06-01T00:00:00Z,,False,pool_address_without_promotion_grade_confirmation,2,2,False
AD002418,AC001874,AD002418,POOL_UNSUPERVISED,2026-06-01T00:00:00Z,,False,pool_address_without_promotion_grade_confirmation,4,2,False
AD002419,AC001875,AD002419,POOL_UNSUPERVISED,2026-06-01T00:00:00Z,,False,pool_address_without_promotion_grade_confirmation,2,4,False
AD002420,AC001875,AD002420,POOL_UNSUPERVISED,2026-06-01T00:00:00Z,,False,pool_address_without_promotion_grade_confirmation,1,4,False
AD002421,AC001876,AD002421,POOL_UNSUPERVISED,2026-06-01T00:00:00Z,,False,pool_address_without_promotion_grade_confirmation,4,4,False
AD002422,AC001877,AD002422,S-EVAL,2026-06-01T00:00:00Z,,False,surveyed_s_eval+account_of_surveyed+block_of_surveyed,4,1,True
AD002423,AC001878,AD002423,POOL_UNSUPERVISED,2026-06-01T00:00:00Z,,False,pool_address_without_promotion_grade_confirmation,3,0,False
AD002424,AC001879,AD002424,S-TRAIN,2026-06-01T00:00:00Z,obs-VS000866;obs-VS001525,True,none,3,4,False
AD002425,AC001880,AD002425,POOL_UNSUPERVISED,2026-06-01T00:00:00Z,,False,pool_address_without_promotion_grade_confirmation,2,1,False
AD002426,AC001880,AD002426,POOL_UNSUPERVISED,2026-06-01T00:00:00Z,,False,pool_address_without_promotion_grade_confirmation,2,1,False
AD002427,AC001881,AD002427,POOL_UNSUPERVISED,2026-06-01T00:00:00Z,,False,pool_address_without_promotion_grade_confirmation,3,1,False
AD002428,AC001882,AD002428,POOL_UNSUPERVISED,2026-06-01T00:00:00Z,,False,pool_address_without_promotion_grade_confirmation,3,0,False
AD002429,AC001883,AD002429,POOL_UNSUPERVISED,2026-06-01T00:00:00Z,,False,pool_address_without_promotion_grade_confirmation,1,4,False
AD002430,AC001883,AD002430,POOL_UNSUPERVISED,2026-06-01T00:00:00Z,,False,pool_address_without_promotion_grade_confirmation,2,4,False
AD002431,AC001884,AD002431,POOL_UNSUPERVISED,2026-06-01T00:00:00Z,,False,pool_address_without_promotion_grade_confirmation,2,3,False
AD002432,AC001884,AD002432,POOL_UNSUPERVISED,2026-06-01T00:00:00Z,,False,pool_address_without_promotion_grade_confirmation,2,3,False
AD002433,AC001885,AD002433,POOL_UNSUPERVISED,2026-06-01T00:00:00Z,,False,pool_address_without_promotion_grade_confirmation,4,1,False
AD002434,AC001886,AD002434,POOL_UNSUPERVISED,2026-06-01T00:00:00Z,,False,pool_address_without_promotion_grade_confirmation,3,4,False
AD002435,AC001886,AD002435,POOL_UNSUPERVISED,2026-06-01T00:00:00Z,,False,pool_address_without_promotion_grade_confirmation,4,4,False
AD002436,AC001887,AD002436,POOL_UNSUPERVISED,2026-06-01T00:00:00Z,,False,pool_address_without_promotion_grade_confirmation,3,3,False
AD002437,AC001887,AD002437,POOL_UNSUPERVISED,2026-06-01T00:00:00Z,,False,pool_address_without_promotion_grade_confirmation,3,3,False
AD002438,AC001888,AD002438,POOL_UNSUPERVISED,2026-06-01T00:00:00Z,,False,pool_address_without_promotion_grade_confirmation,3,3,False
AD002439,AC001889,AD002439,POOL_UNSUPERVISED,2026-06-01T00:00:00Z,,False,pool_address_without_promotion_grade_confirmation,1,2,False
AD002440,AC001890,AD002440,S-EVAL,2026-06-01T00:00:00Z,,False,surveyed_s_eval+account_of_surveyed+block_of_surveyed,2,0,True
AD002441,AC001890,AD002441,EXCLUDED,2026-06-01T00:00:00Z,,False,account_of_surveyed,3,0,True
AD002442,AC001891,AD002442,POOL_UNSUPERVISED,2026-06-01T00:00:00Z,,False,pool_address_without_promotion_grade_confirmation,3,2,False
AD002443,AC001891,AD002443,POOL_UNSUPERVISED,2026-06-01T00:00:00Z,,False,pool_address_without_promotion_grade_confirmation,3,2,False
AD002444,AC001892,AD002444,POOL_UNSUPERVISED,2026-06-01T00:00:00Z,,False,pool_address_without_promotion_grade_confirmation,0,2,False
AD002445,AC001893,AD002445,POOL_UNSUPERVISED,2026-06-01T00:00:00Z,,False,pool_address_without_promotion_grade_confirmation,0,3,False
AD002446,AC001893,AD002446,POOL_UNSUPERVISED,2026-06-01T00:00:00Z,,False,pool_address_without_promotion_grade_confirmation,4,3,False
AD002447,AC001894,AD002447,POOL_UNSUPERVISED,2026-06-01T00:00:00Z,,False,pool_address_without_promotion_grade_confirmation,3,0,False
AD002448,AC001894,AD002448,POOL_UNSUPERVISED,2026-06-01T00:00:00Z,,False,pool_address_without_promotion_grade_confirmation,4,0,False
AD002449,AC001895,AD002449,POOL_UNSUPERVISED,2026-06-01T00:00:00Z,,False,pool_address_without_promotion_grade_confirmation,2,2,False
AD002450,AC001895,AD002450,POOL_UNSUPERVISED,2026-06-01T00:00:00Z,,False,pool_address_without_promotion_grade_confirmation,1,2,False
AD002451,AC001896,AD002451,POOL_UNSUPERVISED,2026-06-01T00:00:00Z,,False,pool_address_without_promotion_grade_confirmation,4,3,False
AD002452,AC001896,AD002452,POOL_UNSUPERVISED,2026-06-01T00:00:00Z,,False,pool_address_without_promotion_grade_confirmation,4,3,False
AD002453,AC001897,AD002453,POOL_UNSUPERVISED,2026-06-01T00:00:00Z,,False,pool_address_without_promotion_grade_confirmation,3,4,False
AD002454,AC001898,AD002454,POOL_UNSUPERVISED,2026-06-01T00:00:00Z,,False,pool_address_without_promotion_grade_confirmation,1,3,False
AD002455,AC001898,AD002455,POOL_UNSUPERVISED,2026-06-01T00:00:00Z,,False,pool_address_without_promotion_grade_confirmation,0,3,False
AD002456,AC001899,AD002456,POOL_UNSUPERVISED,2026-06-01T00:00:00Z,,False,pool_address_without_promotion_grade_confirmation,2,0,False
AD002457,AC001900,AD001581,POOL_UNSUPERVISED,2026-06-01T00:00:00Z,,False,pool_address_without_promotion_grade_confirmation,2,3,False
AD002458,AC001901,AD002458,S-TRAIN,2026-06-01T00:00:00Z,obs-VS001785;obs-VS002888,True,none,3,2,False
AD002459,AC001902,AD002459,POOL_UNSUPERVISED,2026-06-01T00:00:00Z,,False,pool_address_without_promotion_grade_confirmation,4,4,False
AD002460,AC001902,AD002460,POOL_UNSUPERVISED,2026-06-01T00:00:00Z,,False,pool_address_without_promotion_grade_confirmation,1,4,False
AD002461,AC001903,AD001233,EXCLUDED,2026-06-01T00:00:00Z,,False,block_of_surveyed,4,4,True
AD002462,AC001904,AD002462,POOL_UNSUPERVISED,2026-06-01T00:00:00Z,,False,pool_address_without_promotion_grade_confirmation,0,4,False
AD002463,AC001905,AD002463,POOL_UNSUPERVISED,2026-06-01T00:00:00Z,,False,pool_address_without_promotion_grade_confirmation,1,0,False
AD002464,AC001906,AD002464,POOL_UNSUPERVISED,2026-06-01T00:00:00Z,,False,pool_address_without_promotion_grade_confirmation,1,3,False
AD002465,AC001906,AD002465,POOL_UNSUPERVISED,2026-06-01T00:00:00Z,,False,pool_address_without_promotion_grade_confirmation,4,3,False
AD002466,AC001907,AD002466,S-TRAIN,2026-06-01T00:00:00Z,obs-VS000691;obs-VS002525;obs-VS003321,True,none,2,1,False
AD002467,AC001908,AD002298,POOL_UNSUPERVISED,2026-06-01T00:00:00Z,,False,pool_address_without_promotion_grade_confirmation,4,2,False
AD002468,AC001909,AD001362,POOL_UNSUPERVISED,2026-06-01T00:00:00Z,,False,pool_address_without_promotion_grade_confirmation,0,3,False
AD002469,AC001910,AD002469,POOL_UNSUPERVISED,2026-06-01T00:00:00Z,,False,pool_address_without_promotion_grade_confirmation,4,3,False
AD002470,AC001911,AD002470,POOL_UNSUPERVISED,2026-06-01T00:00:00Z,,False,pool_address_without_promotion_grade_confirmation,4,4,False
AD002471,AC001912,AD002471,POOL_UNSUPERVISED,2026-06-01T00:00:00Z,,False,pool_address_without_promotion_grade_confirmation,3,4,False
AD002472,AC001913,AD002472,POOL_UNSUPERVISED,2026-06-01T00:00:00Z,,False,pool_address_without_promotion_grade_confirmation,2,4,False
AD002473,AC001914,AD002473,POOL_UNSUPERVISED,2026-06-01T00:00:00Z,,False,pool_address_without_promotion_grade_confirmation,0,2,False
AD002474,AC001915,AD002474,POOL_UNSUPERVISED,2026-06-01T00:00:00Z,,False,pool_address_without_promotion_grade_confirmation,1,4,False
AD002475,AC001916,AD002475,POOL_UNSUPERVISED,2026-06-01T00:00:00Z,,False,pool_address_without_promotion_grade_confirmation,4,2,False
AD002476,AC001916,AD002476,POOL_UNSUPERVISED,2026-06-01T00:00:00Z,,False,pool_address_without_promotion_grade_confirmation,1,2,False
AD002477,AC001917,AD002477,POOL_UNSUPERVISED,2026-06-01T00:00:00Z,,False,pool_address_without_promotion_grade_confirmation,1,0,False
AD002478,AC001917,AD002478,POOL_UNSUPERVISED,2026-06-01T00:00:00Z,,False,pool_address_without_promotion_grade_confirmation,1,0,False
AD002479,AC001918,AD002479,POOL_UNSUPERVISED,2026-06-01T00:00:00Z,,False,pool_address_without_promotion_grade_confirmation,1,3,False
AD002480,AC001919,AD002480,POOL_UNSUPERVISED,2026-06-01T00:00:00Z,,False,pool_address_without_promotion_grade_confirmation,4,1,False
AD002481,AC001920,AD002481,POOL_UNSUPERVISED,2026-06-01T00:00:00Z,,False,pool_address_without_promotion_grade_confirmation,4,4,False
AD002482,AC001920,AD002482,POOL_UNSUPERVISED,2026-06-01T00:00:00Z,,False,pool_address_without_promotion_grade_confirmation,2,4,False
AD002483,AC001921,AD002483,POOL_UNSUPERVISED,2026-06-01T00:00:00Z,,False,pool_address_without_promotion_grade_confirmation,0,0,False
AD002484,AC001922,AD002484,POOL_UNSUPERVISED,2026-06-01T00:00:00Z,,False,pool_address_without_promotion_grade_confirmation,2,3,False
AD002485,AC001923,AD002412,S-TRAIN,2026-06-01T00:00:00Z,obs-VS000055;obs-VS002976,True,none,4,1,False
AD002486,AC001924,AD002486,POOL_UNSUPERVISED,2026-06-01T00:00:00Z,,False,pool_address_without_promotion_grade_confirmation,3,1,False
AD002487,AC001925,AD002487,POOL_UNSUPERVISED,2026-06-01T00:00:00Z,,False,pool_address_without_promotion_grade_confirmation,4,2,False
AD002488,AC001925,AD002488,POOL_UNSUPERVISED,2026-06-01T00:00:00Z,,False,pool_address_without_promotion_grade_confirmation,3,2,False
AD002489,AC001926,AD002489,POOL_UNSUPERVISED,2026-06-01T00:00:00Z,,False,pool_address_without_promotion_grade_confirmation,4,4,False
AD002490,AC001927,AD002490,S-TRAIN,2026-06-01T00:00:00Z,obs-VS001328;obs-VS002949,True,none,1,0,False
AD002491,AC001927,AD002491,POOL_UNSUPERVISED,2026-06-01T00:00:00Z,,False,pool_address_without_promotion_grade_confirmation,4,0,False
AD002492,AC001928,AD002492,POOL_UNSUPERVISED,2026-06-01T00:00:00Z,,False,pool_address_without_promotion_grade_confirmation,4,4,False
AD002493,AC001929,AD002493,POOL_UNSUPERVISED,2026-06-01T00:00:00Z,,False,pool_address_without_promotion_grade_confirmation,4,3,False
AD002494,AC001930,AD002494,POOL_UNSUPERVISED,2026-06-01T00:00:00Z,,False,pool_address_without_promotion_grade_confirmation,0,1,False
AD002495,AC001931,AD002495,POOL_UNSUPERVISED,2026-06-01T00:00:00Z,,False,pool_address_without_promotion_grade_confirmation,3,3,False
AD002496,AC001931,AD002496,POOL_UNSUPERVISED,2026-06-01T00:00:00Z,,False,pool_address_without_promotion_grade_confirmation,4,3,False
AD002497,AC001932,AD002497,POOL_UNSUPERVISED,2026-06-01T00:00:00Z,,False,pool_address_without_promotion_grade_confirmation,0,2,False
AD002498,AC001932,AD002498,POOL_UNSUPERVISED,2026-06-01T00:00:00Z,,False,pool_address_without_promotion_grade_confirmation,1,2,False
AD002499,AC001933,AD002499,S-TRAIN,2026-06-01T00:00:00Z,obs-VS000472;obs-VS001123,True,none,1,4,False
AD002500,AC001934,AD002500,POOL_UNSUPERVISED,2026-06-01T00:00:00Z,,False,pool_address_without_promotion_grade_confirmation,3,1,False
AD002501,AC001935,AD002501,S-EVAL,2026-06-01T00:00:00Z,,False,surveyed_s_eval+account_of_surveyed+block_of_surveyed,3,3,True
AD002502,AC001936,AD002502,POOL_UNSUPERVISED,2026-06-01T00:00:00Z,,False,pool_address_without_promotion_grade_confirmation,0,1,False
AD002503,AC001936,AD002503,POOL_UNSUPERVISED,2026-06-01T00:00:00Z,,False,pool_address_without_promotion_grade_confirmation,2,1,False
AD002504,AC001937,AD002504,S-TRAIN,2026-06-01T00:00:00Z,obs-VS001820;obs-VS002470;obs-VS003700,True,none,0,2,False
AD002505,AC001938,AD002505,POOL_UNSUPERVISED,2026-06-01T00:00:00Z,,False,pool_address_without_promotion_grade_confirmation,1,3,False
AD002506,AC001939,AD002506,POOL_UNSUPERVISED,2026-06-01T00:00:00Z,,False,pool_address_without_promotion_grade_confirmation,2,2,False
AD002507,AC001939,AD002507,POOL_UNSUPERVISED,2026-06-01T00:00:00Z,,False,pool_address_without_promotion_grade_confirmation,3,2,False
AD002508,AC001940,AD002508,POOL_UNSUPERVISED,2026-06-01T00:00:00Z,,False,pool_address_without_promotion_grade_confirmation,0,4,False
AD002509,AC001941,AD002509,S-TRAIN,2026-06-01T00:00:00Z,obs-VS001458;obs-VS002102;obs-VS002990;obs-VS003646,True,none,3,2,False
AD002510,AC001942,AD002510,POOL_UNSUPERVISED,2026-06-01T00:00:00Z,,False,pool_address_without_promotion_grade_confirmation,1,2,False
AD002511,AC001943,AD002511,POOL_UNSUPERVISED,2026-06-01T00:00:00Z,,False,pool_address_without_promotion_grade_confirmation,2,4,False
AD002512,AC001943,AD002512,POOL_UNSUPERVISED,2026-06-01T00:00:00Z,,False,pool_address_without_promotion_grade_confirmation,3,4,False
AD002513,AC001944,AD002513,POOL_UNSUPERVISED,2026-06-01T00:00:00Z,,False,pool_address_without_promotion_grade_confirmation,2,4,False
AD002514,AC001945,AD002514,POOL_UNSUPERVISED,2026-06-01T00:00:00Z,,False,pool_address_without_promotion_grade_confirmation,2,0,False
AD002515,AC001945,AD002515,POOL_UNSUPERVISED,2026-06-01T00:00:00Z,,False,pool_address_without_promotion_grade_confirmation,2,0,False
AD002516,AC001946,AD002516,POOL_UNSUPERVISED,2026-06-01T00:00:00Z,,False,pool_address_without_promotion_grade_confirmation,3,1,False
AD002517,AC001946,AD002517,POOL_UNSUPERVISED,2026-06-01T00:00:00Z,,False,pool_address_without_promotion_grade_confirmation,4,1,False
AD002518,AC001947,AD002518,POOL_UNSUPERVISED,2026-06-01T00:00:00Z,,False,pool_address_without_promotion_grade_confirmation,0,2,False
AD002519,AC001947,AD002519,POOL_UNSUPERVISED,2026-06-01T00:00:00Z,,False,pool_address_without_promotion_grade_confirmation,0,2,False
AD002520,AC001948,AD000913,POOL_UNSUPERVISED,2026-06-01T00:00:00Z,,False,pool_address_without_promotion_grade_confirmation,1,3,False
AD002521,AC001949,AD002521,POOL_UNSUPERVISED,2026-06-01T00:00:00Z,,False,pool_address_without_promotion_grade_confirmation,1,1,False
AD002522,AC001950,AD002522,POOL_UNSUPERVISED,2026-06-01T00:00:00Z,,False,pool_address_without_promotion_grade_confirmation,1,4,False
AD002523,AC001951,AD002523,POOL_UNSUPERVISED,2026-06-01T00:00:00Z,,False,pool_address_without_promotion_grade_confirmation,3,0,False
AD002524,AC001952,AD002524,POOL_UNSUPERVISED,2026-06-01T00:00:00Z,,False,pool_address_without_promotion_grade_confirmation,2,1,False
AD002525,AC001953,AD002339,POOL_UNSUPERVISED,2026-06-01T00:00:00Z,,False,pool_address_without_promotion_grade_confirmation,2,1,False
AD002526,AC001954,AD002526,POOL_UNSUPERVISED,2026-06-01T00:00:00Z,,False,pool_address_without_promotion_grade_confirmation,0,3,False
AD002527,AC001954,AD002527,POOL_UNSUPERVISED,2026-06-01T00:00:00Z,,False,pool_address_without_promotion_grade_confirmation,4,3,False
AD002528,AC001955,AD002528,POOL_UNSUPERVISED,2026-06-01T00:00:00Z,,False,pool_address_without_promotion_grade_confirmation,4,2,False
AD002529,AC001956,AD002529,POOL_UNSUPERVISED,2026-06-01T00:00:00Z,,False,pool_address_without_promotion_grade_confirmation,0,3,False
AD002530,AC001957,AD002530,POOL_UNSUPERVISED,2026-06-01T00:00:00Z,,False,pool_address_without_promotion_grade_confirmation,1,2,False
AD002531,AC001958,AD002531,POOL_UNSUPERVISED,2026-06-01T00:00:00Z,,False,pool_address_without_promotion_grade_confirmation,0,0,False
AD002532,AC001959,AD002532,POOL_UNSUPERVISED,2026-06-01T00:00:00Z,,False,pool_address_without_promotion_grade_confirmation,0,3,False
AD002533,AC001960,AD002533,POOL_UNSUPERVISED,2026-06-01T00:00:00Z,,False,pool_address_without_promotion_grade_confirmation,1,4,False
AD002534,AC001960,AD002534,POOL_UNSUPERVISED,2026-06-01T00:00:00Z,,False,pool_address_without_promotion_grade_confirmation,3,4,False
AD002535,AC001961,AD002535,S-TRAIN,2026-06-01T00:00:00Z,obs-VS000115;obs-VS000767;obs-VS002218,True,none,2,4,False
AD002536,AC001962,AD002536,S-EVAL,2026-06-01T00:00:00Z,,False,surveyed_s_eval+account_of_surveyed+block_of_surveyed,3,4,True
AD002537,AC001963,AD000735,POOL_UNSUPERVISED,2026-06-01T00:00:00Z,,False,pool_address_without_promotion_grade_confirmation,0,1,False
AD002538,AC001963,AD002538,POOL_UNSUPERVISED,2026-06-01T00:00:00Z,,False,pool_address_without_promotion_grade_confirmation,4,1,False
AD002539,AC001964,AD002539,POOL_UNSUPERVISED,2026-06-01T00:00:00Z,,False,pool_address_without_promotion_grade_confirmation,4,1,False
AD002540,AC001965,AD002540,POOL_UNSUPERVISED,2026-06-01T00:00:00Z,,False,pool_address_without_promotion_grade_confirmation,2,2,False
AD002541,AC001966,AD000386,POOL_UNSUPERVISED,2026-06-01T00:00:00Z,,False,pool_address_without_promotion_grade_confirmation,4,3,False
AD002542,AC001967,AD002542,POOL_UNSUPERVISED,2026-06-01T00:00:00Z,,False,pool_address_without_promotion_grade_confirmation,1,0,False
AD002543,AC001968,AD002543,POOL_UNSUPERVISED,2026-06-01T00:00:00Z,,False,pool_address_without_promotion_grade_confirmation,0,1,False
AD002544,AC001969,AD002544,POOL_UNSUPERVISED,2026-06-01T00:00:00Z,,False,pool_address_without_promotion_grade_confirmation,3,0,False
AD002545,AC001969,AD002545,POOL_UNSUPERVISED,2026-06-01T00:00:00Z,,False,pool_address_without_promotion_grade_confirmation,0,0,False
AD002546,AC001970,AD000291,EXCLUDED,2026-06-01T00:00:00Z,,False,block_of_surveyed,4,4,True
AD002547,AC001970,AD002547,POOL_UNSUPERVISED,2026-06-01T00:00:00Z,,False,pool_address_without_promotion_grade_confirmation,0,4,False
AD002548,AC001971,AD002548,POOL_UNSUPERVISED,2026-06-01T00:00:00Z,,False,pool_address_without_promotion_grade_confirmation,4,4,False
AD002549,AC001972,AD002549,POOL_UNSUPERVISED,2026-06-01T00:00:00Z,,False,pool_address_without_promotion_grade_confirmation,3,0,False
AD002550,AC001973,AD002550,POOL_UNSUPERVISED,2026-06-01T00:00:00Z,,False,pool_address_without_promotion_grade_confirmation,4,0,False
AD002551,AC001974,AD002551,POOL_UNSUPERVISED,2026-06-01T00:00:00Z,,False,pool_address_without_promotion_grade_confirmation,4,2,False
AD002552,AC001975,AD002552,POOL_UNSUPERVISED,2026-06-01T00:00:00Z,,False,pool_address_without_promotion_grade_confirmation,1,4,False
AD002553,AC001976,AD002553,POOL_UNSUPERVISED,2026-06-01T00:00:00Z,,False,pool_address_without_promotion_grade_confirmation,2,4,False
AD002554,AC001976,AD002554,POOL_UNSUPERVISED,2026-06-01T00:00:00Z,,False,pool_address_without_promotion_grade_confirmation,0,4,False
AD002555,AC001977,AD002555,S-EVAL,2026-06-01T00:00:00Z,,False,surveyed_s_eval+account_of_surveyed+block_of_surveyed,1,2,True
AD002556,AC001978,AD002556,POOL_UNSUPERVISED,2026-06-01T00:00:00Z,,False,pool_address_without_promotion_grade_confirmation,4,1,False
AD002557,AC001979,AD002557,POOL_UNSUPERVISED,2026-06-01T00:00:00Z,,False,pool_address_without_promotion_grade_confirmation,4,2,False
AD002558,AC001980,AD002558,POOL_UNSUPERVISED,2026-06-01T00:00:00Z,,False,pool_address_without_promotion_grade_confirmation,3,4,False
AD002559,AC001980,AD002559,POOL_UNSUPERVISED,2026-06-01T00:00:00Z,,False,pool_address_without_promotion_grade_confirmation,1,4,False
AD002560,AC001981,AD002560,POOL_UNSUPERVISED,2026-06-01T00:00:00Z,,False,pool_address_without_promotion_grade_confirmation,3,1,False
AD002561,AC001982,AD002561,POOL_UNSUPERVISED,2026-06-01T00:00:00Z,,False,pool_address_without_promotion_grade_confirmation,3,3,False
AD002562,AC001983,AD002562,POOL_UNSUPERVISED,2026-06-01T00:00:00Z,,False,pool_address_without_promotion_grade_confirmation,4,1,False
AD002563,AC001984,AD002563,POOL_UNSUPERVISED,2026-06-01T00:00:00Z,,False,pool_address_without_promotion_grade_confirmation,2,0,False
AD002564,AC001985,AD002564,POOL_UNSUPERVISED,2026-06-01T00:00:00Z,,False,pool_address_without_promotion_grade_confirmation,3,3,False
AD002565,AC001986,AD002565,POOL_UNSUPERVISED,2026-06-01T00:00:00Z,,False,pool_address_without_promotion_grade_confirmation,2,0,False
AD002566,AC001987,AD002566,S-TRAIN,2026-06-01T00:00:00Z,obs-VS000705;obs-VS002605,True,none,3,4,False
AD002567,AC001988,AD002567,POOL_UNSUPERVISED,2026-06-01T00:00:00Z,,False,pool_address_without_promotion_grade_confirmation,1,1,False
AD002568,AC001989,AD002568,POOL_UNSUPERVISED,2026-06-01T00:00:00Z,,False,pool_address_without_promotion_grade_confirmation,1,0,False
AD002569,AC001990,AD002569,POOL_UNSUPERVISED,2026-06-01T00:00:00Z,,False,pool_address_without_promotion_grade_confirmation,0,0,False
AD002570,AC001991,AD002570,POOL_UNSUPERVISED,2026-06-01T00:00:00Z,,False,pool_address_without_promotion_grade_confirmation,0,1,False
AD002571,AC001992,AD002571,POOL_UNSUPERVISED,2026-06-01T00:00:00Z,,False,pool_address_without_promotion_grade_confirmation,0,4,False
AD002572,AC001993,AD002572,POOL_UNSUPERVISED,2026-06-01T00:00:00Z,,False,pool_address_without_promotion_grade_confirmation,1,2,False
AD002573,AC001994,AD002573,POOL_UNSUPERVISED,2026-06-01T00:00:00Z,,False,pool_address_without_promotion_grade_confirmation,2,1,False
AD002574,AC001995,AD002574,POOL_UNSUPERVISED,2026-06-01T00:00:00Z,,False,pool_address_without_promotion_grade_confirmation,2,0,False
AD002575,AC001996,AD002575,POOL_UNSUPERVISED,2026-06-01T00:00:00Z,,False,pool_address_without_promotion_grade_confirmation,0,3,False
AD002576,AC001997,AD002576,POOL_UNSUPERVISED,2026-06-01T00:00:00Z,,False,pool_address_without_promotion_grade_confirmation,2,4,False
AD002577,AC001998,AD002577,POOL_UNSUPERVISED,2026-06-01T00:00:00Z,,False,pool_address_without_promotion_grade_confirmation,3,3,False
AD002578,AC001998,AD002578,POOL_UNSUPERVISED,2026-06-01T00:00:00Z,,False,pool_address_without_promotion_grade_confirmation,2,3,False
AD002579,AC001999,AD002579,S-TRAIN,2026-06-01T00:00:00Z,obs-VS001825;obs-VS003220,True,none,3,1,False
AD002580,AC002000,AD002580,POOL_UNSUPERVISED,2026-06-01T00:00:00Z,,False,pool_address_without_promotion_grade_confirmation,4,0,False
AD002581,AC002001,AD002581,POOL_UNSUPERVISED,2026-06-01T00:00:00Z,,False,pool_address_without_promotion_grade_confirmation,1,3,False
AD002582,AC002001,AD002582,POOL_UNSUPERVISED,2026-06-01T00:00:00Z,,False,pool_address_without_promotion_grade_confirmation,4,3,False
AD002583,AC002002,AD000096,S-TRAIN,2026-06-01T00:00:00Z,obs-VS000117;obs-VS002220;obs-VS002893;obs-VS003464,True,none,1,0,False
AD002584,AC002002,AD002584,POOL_UNSUPERVISED,2026-06-01T00:00:00Z,,False,pool_address_without_promotion_grade_confirmation,1,0,False
AD002585,AC002003,AD002585,POOL_UNSUPERVISED,2026-06-01T00:00:00Z,,False,pool_address_without_promotion_grade_confirmation,1,3,False
AD002586,AC002004,AD002586,POOL_UNSUPERVISED,2026-06-01T00:00:00Z,,False,pool_address_without_promotion_grade_confirmation,2,3,False
AD002587,AC002004,AD002587,POOL_UNSUPERVISED,2026-06-01T00:00:00Z,,False,pool_address_without_promotion_grade_confirmation,3,3,False
AD002588,AC002005,AD002588,POOL_UNSUPERVISED,2026-06-01T00:00:00Z,,False,pool_address_without_promotion_grade_confirmation,3,4,False
AD002589,AC002005,AD002589,POOL_UNSUPERVISED,2026-06-01T00:00:00Z,,False,pool_address_without_promotion_grade_confirmation,1,4,False
AD002590,AC002006,AD002590,POOL_UNSUPERVISED,2026-06-01T00:00:00Z,,False,pool_address_without_promotion_grade_confirmation,3,4,False
AD002591,AC002006,AD002591,POOL_UNSUPERVISED,2026-06-01T00:00:00Z,,False,pool_address_without_promotion_grade_confirmation,1,4,False
AD002592,AC002007,AD002592,POOL_UNSUPERVISED,2026-06-01T00:00:00Z,,False,pool_address_without_promotion_grade_confirmation,0,0,False
AD002593,AC002008,AD002593,POOL_UNSUPERVISED,2026-06-01T00:00:00Z,,False,pool_address_without_promotion_grade_confirmation,2,3,False
AD002594,AC002009,AD002594,POOL_UNSUPERVISED,2026-06-01T00:00:00Z,,False,pool_address_without_promotion_grade_confirmation,0,0,False
AD002595,AC002010,AD002595,POOL_UNSUPERVISED,2026-06-01T00:00:00Z,,False,pool_address_without_promotion_grade_confirmation,4,3,False
AD002596,AC002011,AD002596,POOL_UNSUPERVISED,2026-06-01T00:00:00Z,,False,pool_address_without_promotion_grade_confirmation,0,2,False
AD002597,AC002011,AD002597,POOL_UNSUPERVISED,2026-06-01T00:00:00Z,,False,pool_address_without_promotion_grade_confirmation,2,2,False
AD002598,AC002012,AD002598,POOL_UNSUPERVISED,2026-06-01T00:00:00Z,,False,pool_address_without_promotion_grade_confirmation,1,3,False
AD002599,AC002013,AD002599,POOL_UNSUPERVISED,2026-06-01T00:00:00Z,,False,pool_address_without_promotion_grade_confirmation,4,4,False
AD002600,AC002013,AD002600,POOL_UNSUPERVISED,2026-06-01T00:00:00Z,,False,pool_address_without_promotion_grade_confirmation,4,4,False
AD002601,AC002014,AD002601,POOL_UNSUPERVISED,2026-06-01T00:00:00Z,,False,pool_address_without_promotion_grade_confirmation,2,1,False
AD002602,AC002015,AD002602,POOL_UNSUPERVISED,2026-06-01T00:00:00Z,,False,pool_address_without_promotion_grade_confirmation,3,3,False
AD002603,AC002016,AD002603,POOL_UNSUPERVISED,2026-06-01T00:00:00Z,,False,pool_address_without_promotion_grade_confirmation,1,4,False
AD002604,AC002016,AD002604,POOL_UNSUPERVISED,2026-06-01T00:00:00Z,,False,pool_address_without_promotion_grade_confirmation,3,4,False
AD002605,AC002017,AD002605,POOL_UNSUPERVISED,2026-06-01T00:00:00Z,,False,pool_address_without_promotion_grade_confirmation,2,2,False
AD002606,AC002018,AD002606,S-TRAIN,2026-06-01T00:00:00Z,obs-VS001851;obs-VS003083,True,none,2,3,False
AD002607,AC002019,AD002607,POOL_UNSUPERVISED,2026-06-01T00:00:00Z,,False,pool_address_without_promotion_grade_confirmation,2,3,False
AD002608,AC002019,AD002608,POOL_UNSUPERVISED,2026-06-01T00:00:00Z,,False,pool_address_without_promotion_grade_confirmation,2,3,False
AD002609,AC002020,AD002609,POOL_UNSUPERVISED,2026-06-01T00:00:00Z,,False,pool_address_without_promotion_grade_confirmation,1,2,False
AD002610,AC002020,AD002610,POOL_UNSUPERVISED,2026-06-01T00:00:00Z,,False,pool_address_without_promotion_grade_confirmation,0,2,False
AD002611,AC002021,AD002611,POOL_UNSUPERVISED,2026-06-01T00:00:00Z,,False,pool_address_without_promotion_grade_confirmation,0,0,False
AD002612,AC002022,AD002612,POOL_UNSUPERVISED,2026-06-01T00:00:00Z,,False,pool_address_without_promotion_grade_confirmation,1,1,False
AD002613,AC002023,AD002613,POOL_UNSUPERVISED,2026-06-01T00:00:00Z,,False,pool_address_without_promotion_grade_confirmation,0,4,False
AD002614,AC002024,AD002614,POOL_UNSUPERVISED,2026-06-01T00:00:00Z,,False,pool_address_without_promotion_grade_confirmation,4,3,False
AD002615,AC002025,AD002615,POOL_UNSUPERVISED,2026-06-01T00:00:00Z,,False,pool_address_without_promotion_grade_confirmation,0,4,False
AD002616,AC002026,AD002616,POOL_UNSUPERVISED,2026-06-01T00:00:00Z,,False,pool_address_without_promotion_grade_confirmation,4,3,False
AD002617,AC002027,AD002617,POOL_UNSUPERVISED,2026-06-01T00:00:00Z,,False,pool_address_without_promotion_grade_confirmation,3,4,False
AD002618,AC002028,AD002618,POOL_UNSUPERVISED,2026-06-01T00:00:00Z,,False,pool_address_without_promotion_grade_confirmation,3,3,False
AD002619,AC002029,AD002619,POOL_UNSUPERVISED,2026-06-01T00:00:00Z,,False,pool_address_without_promotion_grade_confirmation,0,2,False
AD002620,AC002030,AD002620,POOL_UNSUPERVISED,2026-06-01T00:00:00Z,,False,pool_address_without_promotion_grade_confirmation,0,3,False
AD002621,AC002031,AD002621,S-VAL,2026-06-01T00:00:00Z,obs-VS001549;obs-VS003452,True,none,4,4,False
AD002622,AC002032,AD002622,POOL_UNSUPERVISED,2026-06-01T00:00:00Z,,False,pool_address_without_promotion_grade_confirmation,1,1,False
AD002623,AC002033,AD002623,POOL_UNSUPERVISED,2026-06-01T00:00:00Z,,False,pool_address_without_promotion_grade_confirmation,2,4,False
AD002624,AC002034,AD002624,POOL_UNSUPERVISED,2026-06-01T00:00:00Z,,False,pool_address_without_promotion_grade_confirmation,4,2,False
AD002625,AC002034,AD002625,POOL_UNSUPERVISED,2026-06-01T00:00:00Z,,False,pool_address_without_promotion_grade_confirmation,4,2,False
AD002626,AC002035,AD002626,POOL_UNSUPERVISED,2026-06-01T00:00:00Z,,False,pool_address_without_promotion_grade_confirmation,2,2,False
AD002627,AC002036,AD002627,POOL_UNSUPERVISED,2026-06-01T00:00:00Z,,False,pool_address_without_promotion_grade_confirmation,1,3,False
AD002628,AC002037,AD002628,POOL_UNSUPERVISED,2026-06-01T00:00:00Z,,False,pool_address_without_promotion_grade_confirmation,1,0,False
AD002629,AC002038,AD002629,POOL_UNSUPERVISED,2026-06-01T00:00:00Z,,False,pool_address_without_promotion_grade_confirmation,0,4,False
AD002630,AC002038,AD002630,POOL_UNSUPERVISED,2026-06-01T00:00:00Z,,False,pool_address_without_promotion_grade_confirmation,0,4,False
AD002631,AC002039,AD002631,POOL_UNSUPERVISED,2026-06-01T00:00:00Z,,False,pool_address_without_promotion_grade_confirmation,1,0,False
AD002632,AC002040,AD002632,POOL_UNSUPERVISED,2026-06-01T00:00:00Z,,False,pool_address_without_promotion_grade_confirmation,3,3,False
AD002633,AC002041,AD002633,S-TRAIN,2026-06-01T00:00:00Z,obs-VS002223;obs-VS003468,True,none,0,4,False
AD002634,AC002041,AD002634,POOL_UNSUPERVISED,2026-06-01T00:00:00Z,,False,pool_address_without_promotion_grade_confirmation,4,4,False
AD002635,AC002042,AD002635,POOL_UNSUPERVISED,2026-06-01T00:00:00Z,,False,pool_address_without_promotion_grade_confirmation,4,0,False
AD002636,AC002042,AD002636,POOL_UNSUPERVISED,2026-06-01T00:00:00Z,,False,pool_address_without_promotion_grade_confirmation,0,0,False
AD002637,AC002043,AD002637,S-TRAIN,2026-06-01T00:00:00Z,obs-VS001632;obs-VS002281,True,none,2,3,False
AD002638,AC002044,AD002638,POOL_UNSUPERVISED,2026-06-01T00:00:00Z,,False,pool_address_without_promotion_grade_confirmation,2,4,False
AD002639,AC002044,AD002639,POOL_UNSUPERVISED,2026-06-01T00:00:00Z,,False,pool_address_without_promotion_grade_confirmation,4,4,False
AD002640,AC002045,AD002640,POOL_UNSUPERVISED,2026-06-01T00:00:00Z,,False,pool_address_without_promotion_grade_confirmation,2,4,False
AD002641,AC002046,AD002641,POOL_UNSUPERVISED,2026-06-01T00:00:00Z,,False,pool_address_without_promotion_grade_confirmation,4,0,False
AD002642,AC002047,AD002642,POOL_UNSUPERVISED,2026-06-01T00:00:00Z,,False,pool_address_without_promotion_grade_confirmation,0,1,False
AD002643,AC002048,AD002643,POOL_UNSUPERVISED,2026-06-01T00:00:00Z,,False,pool_address_without_promotion_grade_confirmation,1,3,False
AD002644,AC002048,AD002644,POOL_UNSUPERVISED,2026-06-01T00:00:00Z,,False,pool_address_without_promotion_grade_confirmation,1,3,False
AD002645,AC002049,AD002645,POOL_UNSUPERVISED,2026-06-01T00:00:00Z,,False,pool_address_without_promotion_grade_confirmation,0,2,False
AD002646,AC002049,AD002646,POOL_UNSUPERVISED,2026-06-01T00:00:00Z,,False,pool_address_without_promotion_grade_confirmation,2,2,False
AD002647,AC002050,AD002647,POOL_UNSUPERVISED,2026-06-01T00:00:00Z,,False,pool_address_without_promotion_grade_confirmation,0,1,False
AD002648,AC002051,AD002648,POOL_UNSUPERVISED,2026-06-01T00:00:00Z,,False,pool_address_without_promotion_grade_confirmation,3,1,False
AD002649,AC002051,AD002649,POOL_UNSUPERVISED,2026-06-01T00:00:00Z,,False,pool_address_without_promotion_grade_confirmation,0,1,False
AD002650,AC002052,AD002650,POOL_UNSUPERVISED,2026-06-01T00:00:00Z,,False,pool_address_without_promotion_grade_confirmation,4,4,False
AD002651,AC002053,AD001262,POOL_UNSUPERVISED,2026-06-01T00:00:00Z,,False,pool_address_without_promotion_grade_confirmation,3,2,False
AD002652,AC002053,AD002652,POOL_UNSUPERVISED,2026-06-01T00:00:00Z,,False,pool_address_without_promotion_grade_confirmation,3,2,False
AD002653,AC002054,AD002653,POOL_UNSUPERVISED,2026-06-01T00:00:00Z,,False,pool_address_without_promotion_grade_confirmation,4,3,False
AD002654,AC002055,AD000556,POOL_UNSUPERVISED,2026-06-01T00:00:00Z,,False,pool_address_without_promotion_grade_confirmation,2,0,False
AD002655,AC002056,AD002655,POOL_UNSUPERVISED,2026-06-01T00:00:00Z,,False,pool_address_without_promotion_grade_confirmation,0,2,False
AD002656,AC002057,AD002656,POOL_UNSUPERVISED,2026-06-01T00:00:00Z,,False,pool_address_without_promotion_grade_confirmation,4,1,False
AD002657,AC002058,AD002657,POOL_UNSUPERVISED,2026-06-01T00:00:00Z,,False,pool_address_without_promotion_grade_confirmation,3,1,False
AD002658,AC002059,AD002658,POOL_UNSUPERVISED,2026-06-01T00:00:00Z,,False,pool_address_without_promotion_grade_confirmation,4,0,False
AD002659,AC002060,AD002659,POOL_UNSUPERVISED,2026-06-01T00:00:00Z,,False,pool_address_without_promotion_grade_confirmation,4,4,False
AD002660,AC002061,AD002660,S-EVAL,2026-06-01T00:00:00Z,,False,surveyed_s_eval+account_of_surveyed+block_of_surveyed,3,3,True
AD002661,AC002062,AD002661,S-TRAIN,2026-06-01T00:00:00Z,obs-VS002070;obs-VS002731;obs-VS003388,True,none,2,0,False
AD002662,AC002063,AD002662,POOL_UNSUPERVISED,2026-06-01T00:00:00Z,,False,pool_address_without_promotion_grade_confirmation,0,1,False
AD002663,AC002064,AD002663,S-TRAIN,2026-06-01T00:00:00Z,obs-VS000697;obs-VS001437;obs-VS002301,True,none,3,0,False
AD002664,AC002065,AD002664,S-VAL,2026-06-01T00:00:00Z,obs-VS000748;obs-VS002067,True,none,0,0,False
AD002665,AC002065,AD002665,POOL_UNSUPERVISED,2026-06-01T00:00:00Z,,False,pool_address_without_promotion_grade_confirmation,3,0,False
AD002666,AC002066,AD002666,POOL_UNSUPERVISED,2026-06-01T00:00:00Z,,False,pool_address_without_promotion_grade_confirmation,1,1,False
AD002667,AC002067,AD002667,POOL_UNSUPERVISED,2026-06-01T00:00:00Z,,False,pool_address_without_promotion_grade_confirmation,3,1,False
AD002668,AC002068,AD002668,POOL_UNSUPERVISED,2026-06-01T00:00:00Z,,False,pool_address_without_promotion_grade_confirmation,3,4,False
AD002669,AC002069,AD002669,POOL_UNSUPERVISED,2026-06-01T00:00:00Z,,False,pool_address_without_promotion_grade_confirmation,4,1,False
AD002670,AC002070,AD002670,POOL_UNSUPERVISED,2026-06-01T00:00:00Z,,False,pool_address_without_promotion_grade_confirmation,4,3,False
AD002671,AC002070,AD002671,POOL_UNSUPERVISED,2026-06-01T00:00:00Z,,False,pool_address_without_promotion_grade_confirmation,0,3,False
AD002672,AC002071,AD002672,POOL_UNSUPERVISED,2026-06-01T00:00:00Z,,False,pool_address_without_promotion_grade_confirmation,2,2,False
AD002673,AC002072,AD000475,S-TRAIN,2026-06-01T00:00:00Z,obs-VS000231;obs-VS000885;obs-VS001535;obs-VS003010,True,none,3,0,False
AD002674,AC002073,AD002674,POOL_UNSUPERVISED,2026-06-01T00:00:00Z,,False,pool_address_without_promotion_grade_confirmation,0,4,False
AD002675,AC002074,AD002675,POOL_UNSUPERVISED,2026-06-01T00:00:00Z,,False,pool_address_without_promotion_grade_confirmation,1,0,False
AD002676,AC002075,AD002676,POOL_UNSUPERVISED,2026-06-01T00:00:00Z,,False,pool_address_without_promotion_grade_confirmation,1,4,False
AD002677,AC002075,AD002677,POOL_UNSUPERVISED,2026-06-01T00:00:00Z,,False,pool_address_without_promotion_grade_confirmation,3,4,False
AD002678,AC002076,AD002678,POOL_UNSUPERVISED,2026-06-01T00:00:00Z,,False,pool_address_without_promotion_grade_confirmation,1,0,False
AD002679,AC002076,AD002679,POOL_UNSUPERVISED,2026-06-01T00:00:00Z,,False,pool_address_without_promotion_grade_confirmation,4,0,False
AD002680,AC002077,AD002680,POOL_UNSUPERVISED,2026-06-01T00:00:00Z,,False,pool_address_without_promotion_grade_confirmation,1,4,False
AD002681,AC002078,AD002681,POOL_UNSUPERVISED,2026-06-01T00:00:00Z,,False,pool_address_without_promotion_grade_confirmation,2,0,False
AD002682,AC002079,AD002682,POOL_UNSUPERVISED,2026-06-01T00:00:00Z,,False,pool_address_without_promotion_grade_confirmation,2,1,False
AD002683,AC002080,AD002683,POOL_UNSUPERVISED,2026-06-01T00:00:00Z,,False,pool_address_without_promotion_grade_confirmation,4,4,False
AD002684,AC002081,AD002684,POOL_UNSUPERVISED,2026-06-01T00:00:00Z,,False,pool_address_without_promotion_grade_confirmation,4,0,False
AD002685,AC002082,AD002685,S-VAL,2026-06-01T00:00:00Z,obs-VS000648;obs-VS002761,True,none,4,4,False
AD002686,AC002082,AD002686,POOL_UNSUPERVISED,2026-06-01T00:00:00Z,,False,pool_address_without_promotion_grade_confirmation,0,4,False
AD002687,AC002083,AD002687,POOL_UNSUPERVISED,2026-06-01T00:00:00Z,,False,pool_address_without_promotion_grade_confirmation,3,2,False
AD002688,AC002084,AD002688,POOL_UNSUPERVISED,2026-06-01T00:00:00Z,,False,pool_address_without_promotion_grade_confirmation,4,0,False
AD002689,AC002084,AD002689,POOL_UNSUPERVISED,2026-06-01T00:00:00Z,,False,pool_address_without_promotion_grade_confirmation,0,0,False
AD002690,AC002085,AD002690,POOL_UNSUPERVISED,2026-06-01T00:00:00Z,,False,pool_address_without_promotion_grade_confirmation,1,0,False
AD002691,AC002086,AD000257,S-TRAIN,2026-06-01T00:00:00Z,obs-VS000022;obs-VS002502;obs-VS003140,True,none,3,0,False
AD002692,AC002087,AD002692,POOL_UNSUPERVISED,2026-06-01T00:00:00Z,,False,pool_address_without_promotion_grade_confirmation,1,1,False
AD002693,AC002088,AD002693,S-EVAL,2026-06-01T00:00:00Z,,False,surveyed_s_eval+account_of_surveyed+block_of_surveyed,2,2,True
AD002694,AC002089,AD002694,POOL_UNSUPERVISED,2026-06-01T00:00:00Z,,False,pool_address_without_promotion_grade_confirmation,2,0,False
AD002695,AC002089,AD002695,POOL_UNSUPERVISED,2026-06-01T00:00:00Z,,False,pool_address_without_promotion_grade_confirmation,2,0,False
AD002696,AC002090,AD002696,S-TRAIN,2026-06-01T00:00:00Z,obs-VS001007;obs-VS002692,True,none,0,1,False
AD002697,AC002091,AD002697,POOL_UNSUPERVISED,2026-06-01T00:00:00Z,,False,pool_address_without_promotion_grade_confirmation,2,3,False
AD002698,AC002091,AD002698,POOL_UNSUPERVISED,2026-06-01T00:00:00Z,,False,pool_address_without_promotion_grade_confirmation,3,3,False
AD002699,AC002092,AD002699,POOL_UNSUPERVISED,2026-06-01T00:00:00Z,,False,pool_address_without_promotion_grade_confirmation,0,4,False
AD002700,AC002093,AD002700,POOL_UNSUPERVISED,2026-06-01T00:00:00Z,,False,pool_address_without_promotion_grade_confirmation,4,3,False
AD002701,AC002094,AD002701,POOL_UNSUPERVISED,2026-06-01T00:00:00Z,,False,pool_address_without_promotion_grade_confirmation,2,1,False
AD002702,AC002094,AD002702,POOL_UNSUPERVISED,2026-06-01T00:00:00Z,,False,pool_address_without_promotion_grade_confirmation,3,1,False
AD002703,AC002095,AD002703,POOL_UNSUPERVISED,2026-06-01T00:00:00Z,,False,pool_address_without_promotion_grade_confirmation,0,3,False
AD002704,AC002096,AD002704,POOL_UNSUPERVISED,2026-06-01T00:00:00Z,,False,pool_address_without_promotion_grade_confirmation,3,3,False
AD002705,AC002096,AD002705,POOL_UNSUPERVISED,2026-06-01T00:00:00Z,,False,pool_address_without_promotion_grade_confirmation,0,3,False
AD002706,AC002097,AD002706,POOL_UNSUPERVISED,2026-06-01T00:00:00Z,,False,pool_address_without_promotion_grade_confirmation,1,3,False
AD002707,AC002098,AD001233,S-EVAL,2026-06-01T00:00:00Z,,False,surveyed_s_eval+account_of_surveyed+block_of_surveyed,4,0,True
AD002708,AC002099,AD002708,POOL_UNSUPERVISED,2026-06-01T00:00:00Z,,False,pool_address_without_promotion_grade_confirmation,4,1,False
AD002709,AC002100,AD001233,EXCLUDED,2026-06-01T00:00:00Z,,False,block_of_surveyed,4,0,True
AD002710,AC002101,AD002710,POOL_UNSUPERVISED,2026-06-01T00:00:00Z,,False,pool_address_without_promotion_grade_confirmation,2,0,False
AD002711,AC002102,AD002711,S-TRAIN,2026-06-01T00:00:00Z,obs-VS000965;obs-VS001762;obs-VS002420,True,none,1,4,False
AD002712,AC002103,AD002712,POOL_UNSUPERVISED,2026-06-01T00:00:00Z,,False,pool_address_without_promotion_grade_confirmation,0,1,False
AD002713,AC002103,AD002713,POOL_UNSUPERVISED,2026-06-01T00:00:00Z,,False,pool_address_without_promotion_grade_confirmation,4,1,False
AD002714,AC002104,AD002714,POOL_UNSUPERVISED,2026-06-01T00:00:00Z,,False,pool_address_without_promotion_grade_confirmation,0,3,False
AD002715,AC002105,AD002715,POOL_UNSUPERVISED,2026-06-01T00:00:00Z,,False,pool_address_without_promotion_grade_confirmation,1,0,False
AD002716,AC002106,AD002716,POOL_UNSUPERVISED,2026-06-01T00:00:00Z,,False,pool_address_without_promotion_grade_confirmation,0,1,False
AD002717,AC002106,AD002717,POOL_UNSUPERVISED,2026-06-01T00:00:00Z,,False,pool_address_without_promotion_grade_confirmation,0,1,False
AD002718,AC002107,AD002718,POOL_UNSUPERVISED,2026-06-01T00:00:00Z,,False,pool_address_without_promotion_grade_confirmation,0,0,False
AD002719,AC002108,AD002719,POOL_UNSUPERVISED,2026-06-01T00:00:00Z,,False,pool_address_without_promotion_grade_confirmation,2,4,False
AD002720,AC002109,AD002720,POOL_UNSUPERVISED,2026-06-01T00:00:00Z,,False,pool_address_without_promotion_grade_confirmation,3,0,False
AD002721,AC002110,AD002721,S-EVAL,2026-06-01T00:00:00Z,,False,surveyed_s_eval+account_of_surveyed+block_of_surveyed,2,4,True
AD002722,AC002111,AD002722,POOL_UNSUPERVISED,2026-06-01T00:00:00Z,,False,pool_address_without_promotion_grade_confirmation,0,2,False
AD002723,AC002112,AD002723,POOL_UNSUPERVISED,2026-06-01T00:00:00Z,,False,pool_address_without_promotion_grade_confirmation,2,2,False
AD002724,AC002113,AD002724,POOL_UNSUPERVISED,2026-06-01T00:00:00Z,,False,pool_address_without_promotion_grade_confirmation,1,0,False
AD002725,AC002114,AD002725,POOL_UNSUPERVISED,2026-06-01T00:00:00Z,,False,pool_address_without_promotion_grade_confirmation,2,4,False
AD002726,AC002114,AD002726,POOL_UNSUPERVISED,2026-06-01T00:00:00Z,,False,pool_address_without_promotion_grade_confirmation,2,4,False
AD002727,AC002115,AD002727,POOL_UNSUPERVISED,2026-06-01T00:00:00Z,,False,pool_address_without_promotion_grade_confirmation,0,1,False
AD002728,AC002116,AD002728,S-TRAIN,2026-06-01T00:00:00Z,obs-VS000840;obs-VS001488;obs-VS002143;obs-VS002818,True,none,3,2,False
AD002729,AC002117,AD002729,POOL_UNSUPERVISED,2026-06-01T00:00:00Z,,False,pool_address_without_promotion_grade_confirmation,1,2,False
AD002730,AC002118,AD002730,POOL_UNSUPERVISED,2026-06-01T00:00:00Z,,False,pool_address_without_promotion_grade_confirmation,0,2,False
AD002731,AC002118,AD002731,POOL_UNSUPERVISED,2026-06-01T00:00:00Z,,False,pool_address_without_promotion_grade_confirmation,2,2,False
AD002732,AC002119,AD002732,POOL_UNSUPERVISED,2026-06-01T00:00:00Z,,False,pool_address_without_promotion_grade_confirmation,2,3,False
AD002733,AC002120,AD002733,POOL_UNSUPERVISED,2026-06-01T00:00:00Z,,False,pool_address_without_promotion_grade_confirmation,3,4,False
AD002734,AC002120,AD002734,POOL_UNSUPERVISED,2026-06-01T00:00:00Z,,False,pool_address_without_promotion_grade_confirmation,1,4,False
AD002735,AC002121,AD002735,POOL_UNSUPERVISED,2026-06-01T00:00:00Z,,False,pool_address_without_promotion_grade_confirmation,3,2,False
AD002736,AC002122,AD002736,POOL_UNSUPERVISED,2026-06-01T00:00:00Z,,False,pool_address_without_promotion_grade_confirmation,1,1,False
AD002737,AC002123,AD002737,S-TRAIN,2026-06-01T00:00:00Z,obs-VS001675;obs-VS002316,True,none,2,3,False
AD002738,AC002124,AD002738,POOL_UNSUPERVISED,2026-06-01T00:00:00Z,,False,pool_address_without_promotion_grade_confirmation,2,3,False
AD002739,AC002125,AD002739,S-EVAL,2026-06-01T00:00:00Z,,False,surveyed_s_eval+account_of_surveyed+block_of_surveyed,4,4,True
AD002740,AC002126,AD002740,S-EVAL,2026-06-01T00:00:00Z,,False,surveyed_s_eval+account_of_surveyed+block_of_surveyed,3,4,True
AD002741,AC002127,AD002741,POOL_UNSUPERVISED,2026-06-01T00:00:00Z,,False,pool_address_without_promotion_grade_confirmation,1,1,False
AD002742,AC002127,AD002742,POOL_UNSUPERVISED,2026-06-01T00:00:00Z,,False,pool_address_without_promotion_grade_confirmation,1,1,False
AD002743,AC002128,AD002743,POOL_UNSUPERVISED,2026-06-01T00:00:00Z,,False,pool_address_without_promotion_grade_confirmation,2,0,False
AD002744,AC002129,AD002744,POOL_UNSUPERVISED,2026-06-01T00:00:00Z,,False,pool_address_without_promotion_grade_confirmation,0,0,False
AD002745,AC002129,AD002745,POOL_UNSUPERVISED,2026-06-01T00:00:00Z,,False,pool_address_without_promotion_grade_confirmation,1,0,False
AD002746,AC002130,AD002746,POOL_UNSUPERVISED,2026-06-01T00:00:00Z,,False,pool_address_without_promotion_grade_confirmation,1,1,False
AD002747,AC002130,AD002747,POOL_UNSUPERVISED,2026-06-01T00:00:00Z,,False,pool_address_without_promotion_grade_confirmation,2,1,False
AD002748,AC002131,AD002294,S-VAL,2026-06-01T00:00:00Z,obs-VS000986;obs-VS001641,True,none,4,4,False
AD002749,AC002131,AD002749,POOL_UNSUPERVISED,2026-06-01T00:00:00Z,,False,pool_address_without_promotion_grade_confirmation,3,4,False
AD002750,AC002132,AD002750,POOL_UNSUPERVISED,2026-06-01T00:00:00Z,,False,pool_address_without_promotion_grade_confirmation,0,0,False
AD002751,AC002133,AD002751,S-VAL,2026-06-01T00:00:00Z,obs-VS000329;obs-VS003246,True,none,2,2,False
AD002752,AC002133,AD002752,POOL_UNSUPERVISED,2026-06-01T00:00:00Z,,False,pool_address_without_promotion_grade_confirmation,1,2,False
AD002753,AC002134,AD002753,POOL_UNSUPERVISED,2026-06-01T00:00:00Z,,False,pool_address_without_promotion_grade_confirmation,1,3,False
AD002754,AC002134,AD002754,POOL_UNSUPERVISED,2026-06-01T00:00:00Z,,False,pool_address_without_promotion_grade_confirmation,1,3,False
AD002755,AC002135,AD002755,POOL_UNSUPERVISED,2026-06-01T00:00:00Z,,False,pool_address_without_promotion_grade_confirmation,3,4,False
AD002756,AC002136,AD002545,POOL_UNSUPERVISED,2026-06-01T00:00:00Z,,False,pool_address_without_promotion_grade_confirmation,0,1,False
AD002757,AC002137,AD002757,POOL_UNSUPERVISED,2026-06-01T00:00:00Z,,False,pool_address_without_promotion_grade_confirmation,4,0,False
AD002758,AC002138,AD002758,POOL_UNSUPERVISED,2026-06-01T00:00:00Z,,False,pool_address_without_promotion_grade_confirmation,2,3,False
AD002759,AC002138,AD002759,POOL_UNSUPERVISED,2026-06-01T00:00:00Z,,False,pool_address_without_promotion_grade_confirmation,0,3,False
AD002760,AC002139,AD002760,POOL_UNSUPERVISED,2026-06-01T00:00:00Z,,False,pool_address_without_promotion_grade_confirmation,4,0,False
AD002761,AC002139,AD002761,POOL_UNSUPERVISED,2026-06-01T00:00:00Z,,False,pool_address_without_promotion_grade_confirmation,0,0,False
AD002762,AC002140,AD002762,POOL_UNSUPERVISED,2026-06-01T00:00:00Z,,False,pool_address_without_promotion_grade_confirmation,1,0,False
AD002763,AC002141,AD002763,S-TRAIN,2026-06-01T00:00:00Z,obs-VS000464;obs-VS003322,True,none,1,3,False
AD002764,AC002142,AD002764,S-TRAIN,2026-06-01T00:00:00Z,obs-VS001758;obs-VS002418,True,none,4,3,False
AD002765,AC002142,AD002765,POOL_UNSUPERVISED,2026-06-01T00:00:00Z,,False,pool_address_without_promotion_grade_confirmation,1,3,False
AD002766,AC002143,AD002766,POOL_UNSUPERVISED,2026-06-01T00:00:00Z,,False,pool_address_without_promotion_grade_confirmation,2,1,False
AD002767,AC002144,AD002767,POOL_UNSUPERVISED,2026-06-01T00:00:00Z,,False,pool_address_without_promotion_grade_confirmation,1,1,False
AD002768,AC002145,AD002768,POOL_UNSUPERVISED,2026-06-01T00:00:00Z,,False,pool_address_without_promotion_grade_confirmation,3,4,False
AD002769,AC002145,AD002769,POOL_UNSUPERVISED,2026-06-01T00:00:00Z,,False,pool_address_without_promotion_grade_confirmation,0,4,False
AD002770,AC002146,AD002770,POOL_UNSUPERVISED,2026-06-01T00:00:00Z,,False,pool_address_without_promotion_grade_confirmation,4,0,False
AD002771,AC002147,AD002771,POOL_UNSUPERVISED,2026-06-01T00:00:00Z,,False,pool_address_without_promotion_grade_confirmation,1,4,False
AD002772,AC002148,AD002772,POOL_UNSUPERVISED,2026-06-01T00:00:00Z,,False,pool_address_without_promotion_grade_confirmation,1,4,False
AD002773,AC002149,AD002773,POOL_UNSUPERVISED,2026-06-01T00:00:00Z,,False,pool_address_without_promotion_grade_confirmation,4,2,False
AD002774,AC002150,AD002774,POOL_UNSUPERVISED,2026-06-01T00:00:00Z,,False,pool_address_without_promotion_grade_confirmation,3,4,False
AD002775,AC002150,AD002775,POOL_UNSUPERVISED,2026-06-01T00:00:00Z,,False,pool_address_without_promotion_grade_confirmation,4,4,False
AD002776,AC002151,AD002776,POOL_UNSUPERVISED,2026-06-01T00:00:00Z,,False,pool_address_without_promotion_grade_confirmation,4,2,False
AD002777,AC002152,AD002777,POOL_UNSUPERVISED,2026-06-01T00:00:00Z,,False,pool_address_without_promotion_grade_confirmation,0,2,False
AD002778,AC002153,AD002778,POOL_UNSUPERVISED,2026-06-01T00:00:00Z,,False,pool_address_without_promotion_grade_confirmation,4,4,False
AD002779,AC002154,AD002779,POOL_UNSUPERVISED,2026-06-01T00:00:00Z,,False,pool_address_without_promotion_grade_confirmation,2,3,False
AD002780,AC002154,AD002780,POOL_UNSUPERVISED,2026-06-01T00:00:00Z,,False,pool_address_without_promotion_grade_confirmation,3,3,False
AD002781,AC002155,AD002781,POOL_UNSUPERVISED,2026-06-01T00:00:00Z,,False,pool_address_without_promotion_grade_confirmation,2,0,False
AD002782,AC002156,AD002782,POOL_UNSUPERVISED,2026-06-01T00:00:00Z,,False,pool_address_without_promotion_grade_confirmation,1,0,False
AD002783,AC002157,AD002783,POOL_UNSUPERVISED,2026-06-01T00:00:00Z,,False,pool_address_without_promotion_grade_confirmation,4,1,False
AD002784,AC002158,AD002784,POOL_UNSUPERVISED,2026-06-01T00:00:00Z,,False,pool_address_without_promotion_grade_confirmation,4,2,False
AD002785,AC002159,AD002785,POOL_UNSUPERVISED,2026-06-01T00:00:00Z,,False,pool_address_without_promotion_grade_confirmation,3,3,False
AD002786,AC002159,AD002786,POOL_UNSUPERVISED,2026-06-01T00:00:00Z,,False,pool_address_without_promotion_grade_confirmation,3,3,False
AD002787,AC002160,AD002787,POOL_UNSUPERVISED,2026-06-01T00:00:00Z,,False,pool_address_without_promotion_grade_confirmation,4,4,False
AD002788,AC002160,AD002788,POOL_UNSUPERVISED,2026-06-01T00:00:00Z,,False,pool_address_without_promotion_grade_confirmation,1,4,False
AD002789,AC002161,AD002789,POOL_UNSUPERVISED,2026-06-01T00:00:00Z,,False,pool_address_without_promotion_grade_confirmation,0,1,False
AD002790,AC002161,AD002790,POOL_UNSUPERVISED,2026-06-01T00:00:00Z,,False,pool_address_without_promotion_grade_confirmation,4,1,False
AD002791,AC002162,AD002298,POOL_UNSUPERVISED,2026-06-01T00:00:00Z,,False,pool_address_without_promotion_grade_confirmation,4,3,False
AD002792,AC002163,AD002792,POOL_UNSUPERVISED,2026-06-01T00:00:00Z,,False,pool_address_without_promotion_grade_confirmation,1,3,False
AD002793,AC002164,AD002793,POOL_UNSUPERVISED,2026-06-01T00:00:00Z,,False,pool_address_without_promotion_grade_confirmation,3,1,False
AD002794,AC002165,AD001009,EXCLUDED,2026-06-01T00:00:00Z,,False,block_of_surveyed,3,1,True
AD002795,AC002166,AD002795,POOL_UNSUPERVISED,2026-06-01T00:00:00Z,,False,pool_address_without_promotion_grade_confirmation,4,1,False
AD002796,AC002167,AD001697,S-TRAIN,2026-06-01T00:00:00Z,obs-VS001652;obs-VS002968,True,none,4,1,False
AD002797,AC002167,AD002797,POOL_UNSUPERVISED,2026-06-01T00:00:00Z,,False,pool_address_without_promotion_grade_confirmation,0,1,False
AD002798,AC002168,AD002798,POOL_UNSUPERVISED,2026-06-01T00:00:00Z,,False,pool_address_without_promotion_grade_confirmation,4,4,False
AD002799,AC002169,AD002799,POOL_UNSUPERVISED,2026-06-01T00:00:00Z,,False,pool_address_without_promotion_grade_confirmation,0,2,False
AD002800,AC002170,AD002800,POOL_UNSUPERVISED,2026-06-01T00:00:00Z,,False,pool_address_without_promotion_grade_confirmation,1,0,False
AD002801,AC002171,AD002801,POOL_UNSUPERVISED,2026-06-01T00:00:00Z,,False,pool_address_without_promotion_grade_confirmation,3,3,False
AD002802,AC002172,AD002802,S-TRAIN,2026-06-01T00:00:00Z,obs-VS001111;obs-VS001693;obs-VS002415,True,none,1,2,False
AD002803,AC002172,AD002803,POOL_UNSUPERVISED,2026-06-01T00:00:00Z,,False,pool_address_without_promotion_grade_confirmation,2,2,False
AD002804,AC002173,AD002804,POOL_UNSUPERVISED,2026-06-01T00:00:00Z,,False,pool_address_without_promotion_grade_confirmation,0,4,False
AD002805,AC002173,AD002805,POOL_UNSUPERVISED,2026-06-01T00:00:00Z,,False,pool_address_without_promotion_grade_confirmation,1,4,False
AD002806,AC002174,AD002806,POOL_UNSUPERVISED,2026-06-01T00:00:00Z,,False,pool_address_without_promotion_grade_confirmation,4,0,False
AD002807,AC002174,AD002807,POOL_UNSUPERVISED,2026-06-01T00:00:00Z,,False,pool_address_without_promotion_grade_confirmation,4,0,False
AD002808,AC002175,AD000475,S-VAL,2026-06-01T00:00:00Z,obs-VS000169;obs-VS000744;obs-VS001465;obs-VS002723,True,none,3,3,False
AD002809,AC002176,AD002809,S-TRAIN,2026-06-01T00:00:00Z,obs-VS000519;obs-VS002359,True,none,2,0,False
AD002810,AC002176,AD002810,POOL_UNSUPERVISED,2026-06-01T00:00:00Z,,False,pool_address_without_promotion_grade_confirmation,2,0,False
AD002811,AC002177,AD002341,POOL_UNSUPERVISED,2026-06-01T00:00:00Z,,False,pool_address_without_promotion_grade_confirmation,0,3,False
AD002812,AC002178,AD002812,POOL_UNSUPERVISED,2026-06-01T00:00:00Z,,False,pool_address_without_promotion_grade_confirmation,1,3,False
AD002813,AC002178,AD002813,POOL_UNSUPERVISED,2026-06-01T00:00:00Z,,False,pool_address_without_promotion_grade_confirmation,2,3,False
AD002814,AC002179,AD002814,POOL_UNSUPERVISED,2026-06-01T00:00:00Z,,False,pool_address_without_promotion_grade_confirmation,4,0,False
AD002815,AC002180,AD002815,POOL_UNSUPERVISED,2026-06-01T00:00:00Z,,False,pool_address_without_promotion_grade_confirmation,2,1,False
AD002816,AC002181,AD002816,POOL_UNSUPERVISED,2026-06-01T00:00:00Z,,False,pool_address_without_promotion_grade_confirmation,0,4,False
AD002817,AC002181,AD002817,POOL_UNSUPERVISED,2026-06-01T00:00:00Z,,False,pool_address_without_promotion_grade_confirmation,3,4,False
AD002818,AC002182,AD002818,POOL_UNSUPERVISED,2026-06-01T00:00:00Z,,False,pool_address_without_promotion_grade_confirmation,2,4,False
AD002819,AC002183,AD002819,S-TRAIN,2026-06-01T00:00:00Z,obs-VS000434;obs-VS001077;obs-VS001747;obs-VS002401,True,none,4,3,False
AD002820,AC002184,AD002820,POOL_UNSUPERVISED,2026-06-01T00:00:00Z,,False,pool_address_without_promotion_grade_confirmation,3,3,False
AD002821,AC002185,AD002821,S-TRAIN,2026-06-01T00:00:00Z,obs-VS000102;obs-VS000749;obs-VS002069;obs-VS003386,True,none,0,4,False
AD002822,AC002186,AD002822,POOL_UNSUPERVISED,2026-06-01T00:00:00Z,,False,pool_address_without_promotion_grade_confirmation,0,1,False
AD002823,AC002187,AD002823,POOL_UNSUPERVISED,2026-06-01T00:00:00Z,,False,pool_address_without_promotion_grade_confirmation,4,1,False
AD002824,AC002187,AD002824,POOL_UNSUPERVISED,2026-06-01T00:00:00Z,,False,pool_address_without_promotion_grade_confirmation,3,1,False
AD002825,AC002188,AD002825,POOL_UNSUPERVISED,2026-06-01T00:00:00Z,,False,pool_address_without_promotion_grade_confirmation,4,3,False
AD002826,AC002189,AD002826,S-EVAL,2026-06-01T00:00:00Z,,False,surveyed_s_eval+account_of_surveyed+block_of_surveyed,1,1,True
AD002827,AC002190,AD002827,POOL_UNSUPERVISED,2026-06-01T00:00:00Z,,False,pool_address_without_promotion_grade_confirmation,3,2,False
AD002828,AC002191,AD002828,POOL_UNSUPERVISED,2026-06-01T00:00:00Z,,False,pool_address_without_promotion_grade_confirmation,0,1,False
AD002829,AC002192,AD002829,POOL_UNSUPERVISED,2026-06-01T00:00:00Z,,False,pool_address_without_promotion_grade_confirmation,4,4,False
AD002830,AC002193,AD002830,POOL_UNSUPERVISED,2026-06-01T00:00:00Z,,False,pool_address_without_promotion_grade_confirmation,4,2,False
AD002831,AC002194,AD002831,POOL_UNSUPERVISED,2026-06-01T00:00:00Z,,False,pool_address_without_promotion_grade_confirmation,2,4,False
AD002832,AC002195,AD002832,POOL_UNSUPERVISED,2026-06-01T00:00:00Z,,False,pool_address_without_promotion_grade_confirmation,0,1,False
AD002833,AC002195,AD002833,POOL_UNSUPERVISED,2026-06-01T00:00:00Z,,False,pool_address_without_promotion_grade_confirmation,2,1,False
AD002834,AC002196,AD002834,POOL_UNSUPERVISED,2026-06-01T00:00:00Z,,False,pool_address_without_promotion_grade_confirmation,0,0,False
AD002835,AC002197,AD002835,POOL_UNSUPERVISED,2026-06-01T00:00:00Z,,False,pool_address_without_promotion_grade_confirmation,3,4,False
AD002836,AC002197,AD002836,POOL_UNSUPERVISED,2026-06-01T00:00:00Z,,False,pool_address_without_promotion_grade_confirmation,2,4,False
AD002837,AC002198,AD002837,POOL_UNSUPERVISED,2026-06-01T00:00:00Z,,False,pool_address_without_promotion_grade_confirmation,2,0,False
AD002838,AC002199,AD002838,POOL_UNSUPERVISED,2026-06-01T00:00:00Z,,False,pool_address_without_promotion_grade_confirmation,0,1,False
AD002839,AC002199,AD002839,POOL_UNSUPERVISED,2026-06-01T00:00:00Z,,False,pool_address_without_promotion_grade_confirmation,4,1,False
AD002840,AC002200,AD002840,POOL_UNSUPERVISED,2026-06-01T00:00:00Z,,False,pool_address_without_promotion_grade_confirmation,0,4,False
AD002841,AC002201,AD002841,POOL_UNSUPERVISED,2026-06-01T00:00:00Z,,False,pool_address_without_promotion_grade_confirmation,1,1,False
AD002842,AC002202,AD002842,POOL_UNSUPERVISED,2026-06-01T00:00:00Z,,False,pool_address_without_promotion_grade_confirmation,0,3,False
AD002843,AC002203,AD002843,POOL_UNSUPERVISED,2026-06-01T00:00:00Z,,False,pool_address_without_promotion_grade_confirmation,0,0,False
AD002844,AC002203,AD002844,POOL_UNSUPERVISED,2026-06-01T00:00:00Z,,False,pool_address_without_promotion_grade_confirmation,1,0,False
AD002845,AC002204,AD002845,POOL_UNSUPERVISED,2026-06-01T00:00:00Z,,False,pool_address_without_promotion_grade_confirmation,2,4,False
AD002846,AC002204,AD002846,POOL_UNSUPERVISED,2026-06-01T00:00:00Z,,False,pool_address_without_promotion_grade_confirmation,1,4,False
AD002847,AC002205,AD002847,POOL_UNSUPERVISED,2026-06-01T00:00:00Z,,False,pool_address_without_promotion_grade_confirmation,2,1,False
AD002848,AC002206,AD002848,POOL_UNSUPERVISED,2026-06-01T00:00:00Z,,False,pool_address_without_promotion_grade_confirmation,4,3,False
AD002849,AC002207,AD002849,S-TRAIN,2026-06-01T00:00:00Z,obs-VS000035;obs-VS000683;obs-VS001273;obs-VS001930;obs-VS002728,True,none,4,3,False
AD002850,AC002208,AD002850,POOL_UNSUPERVISED,2026-06-01T00:00:00Z,,False,pool_address_without_promotion_grade_confirmation,3,1,False
AD002851,AC002209,AD002851,POOL_UNSUPERVISED,2026-06-01T00:00:00Z,,False,pool_address_without_promotion_grade_confirmation,0,3,False
AD002852,AC002210,AD002852,POOL_UNSUPERVISED,2026-06-01T00:00:00Z,,False,pool_address_without_promotion_grade_confirmation,4,4,False
AD002853,AC002211,AD002853,POOL_UNSUPERVISED,2026-06-01T00:00:00Z,,False,pool_address_without_promotion_grade_confirmation,0,2,False
AD002854,AC002212,AD002854,S-EVAL,2026-06-01T00:00:00Z,,False,surveyed_s_eval+account_of_surveyed+block_of_surveyed,2,1,True
AD002855,AC002213,AD002855,POOL_UNSUPERVISED,2026-06-01T00:00:00Z,,False,pool_address_without_promotion_grade_confirmation,2,2,False
AD002856,AC002214,AD002856,POOL_UNSUPERVISED,2026-06-01T00:00:00Z,,False,pool_address_without_promotion_grade_confirmation,0,2,False
AD002857,AC002215,AD002857,POOL_UNSUPERVISED,2026-06-01T00:00:00Z,,False,pool_address_without_promotion_grade_confirmation,2,4,False
AD002858,AC002216,AD002858,S-TRAIN,2026-06-01T00:00:00Z,obs-VS000095;obs-VS001471,True,none,1,4,False
AD002859,AC002217,AD002859,POOL_UNSUPERVISED,2026-06-01T00:00:00Z,,False,pool_address_without_promotion_grade_confirmation,3,0,False
AD002860,AC002218,AD002860,POOL_UNSUPERVISED,2026-06-01T00:00:00Z,,False,pool_address_without_promotion_grade_confirmation,3,0,False
AD002861,AC002219,AD002861,POOL_UNSUPERVISED,2026-06-01T00:00:00Z,,False,pool_address_without_promotion_grade_confirmation,1,4,False
AD002862,AC002220,AD002862,POOL_UNSUPERVISED,2026-06-01T00:00:00Z,,False,pool_address_without_promotion_grade_confirmation,0,4,False
AD002863,AC002221,AD002863,POOL_UNSUPERVISED,2026-06-01T00:00:00Z,,False,pool_address_without_promotion_grade_confirmation,1,3,False
AD002864,AC002221,AD002864,POOL_UNSUPERVISED,2026-06-01T00:00:00Z,,False,pool_address_without_promotion_grade_confirmation,0,3,False
AD002865,AC002222,AD000950,POOL_UNSUPERVISED,2026-06-01T00:00:00Z,,False,pool_address_without_promotion_grade_confirmation,3,2,False
AD002866,AC002223,AD002866,POOL_UNSUPERVISED,2026-06-01T00:00:00Z,,False,pool_address_without_promotion_grade_confirmation,0,1,False
AD002867,AC002224,AD002867,POOL_UNSUPERVISED,2026-06-01T00:00:00Z,,False,pool_address_without_promotion_grade_confirmation,4,3,False
AD002868,AC002225,AD002868,S-EVAL,2026-06-01T00:00:00Z,,False,surveyed_s_eval+account_of_surveyed+block_of_surveyed,0,3,True
AD002869,AC002226,AD002869,POOL_UNSUPERVISED,2026-06-01T00:00:00Z,,False,pool_address_without_promotion_grade_confirmation,4,3,False
AD002870,AC002227,AD002870,S-TRAIN,2026-06-01T00:00:00Z,obs-VS000462;obs-VS002370;obs-VS002955,True,none,1,2,False
AD002871,AC002228,AD002871,POOL_UNSUPERVISED,2026-06-01T00:00:00Z,,False,pool_address_without_promotion_grade_confirmation,0,2,False
AD002872,AC002229,AD002872,POOL_UNSUPERVISED,2026-06-01T00:00:00Z,,False,pool_address_without_promotion_grade_confirmation,2,0,False
AD002873,AC002230,AD002873,POOL_UNSUPERVISED,2026-06-01T00:00:00Z,,False,pool_address_without_promotion_grade_confirmation,4,1,False
AD002874,AC002230,AD002874,POOL_UNSUPERVISED,2026-06-01T00:00:00Z,,False,pool_address_without_promotion_grade_confirmation,4,1,False
AD002875,AC002231,AD002875,S-VAL,2026-06-01T00:00:00Z,obs-VS002571;obs-VS003740,True,none,4,4,False
AD002876,AC002232,AD002876,POOL_UNSUPERVISED,2026-06-01T00:00:00Z,,False,pool_address_without_promotion_grade_confirmation,0,2,False
AD002877,AC002233,AD002877,POOL_UNSUPERVISED,2026-06-01T00:00:00Z,,False,pool_address_without_promotion_grade_confirmation,4,0,False
AD002878,AC002234,AD002878,POOL_UNSUPERVISED,2026-06-01T00:00:00Z,,False,pool_address_without_promotion_grade_confirmation,2,1,False
AD002879,AC002235,AD002879,POOL_UNSUPERVISED,2026-06-01T00:00:00Z,,False,pool_address_without_promotion_grade_confirmation,1,4,False
AD002880,AC002236,AD002880,S-TRAIN,2026-06-01T00:00:00Z,obs-VS002253;obs-VS002907,True,none,2,0,False
AD002881,AC002237,AD002881,POOL_UNSUPERVISED,2026-06-01T00:00:00Z,,False,pool_address_without_promotion_grade_confirmation,0,3,False
AD002882,AC002238,AD002882,S-TRAIN,2026-06-01T00:00:00Z,obs-VS001175;obs-VS001850;obs-VS002801,True,none,3,0,False
AD002883,AC002239,AD002883,POOL_UNSUPERVISED,2026-06-01T00:00:00Z,,False,pool_address_without_promotion_grade_confirmation,0,3,False
AD002884,AC002240,AD002884,POOL_UNSUPERVISED,2026-06-01T00:00:00Z,,False,pool_address_without_promotion_grade_confirmation,3,2,False
AD002885,AC002240,AD002885,POOL_UNSUPERVISED,2026-06-01T00:00:00Z,,False,pool_address_without_promotion_grade_confirmation,3,2,False
AD002886,AC002241,AD002886,POOL_UNSUPERVISED,2026-06-01T00:00:00Z,,False,pool_address_without_promotion_grade_confirmation,0,1,False
AD002887,AC002241,AD002887,POOL_UNSUPERVISED,2026-06-01T00:00:00Z,,False,pool_address_without_promotion_grade_confirmation,1,1,False
AD002888,AC002242,AD002888,POOL_UNSUPERVISED,2026-06-01T00:00:00Z,,False,pool_address_without_promotion_grade_confirmation,3,3,False
AD002889,AC002243,AD000291,S-EVAL,2026-06-01T00:00:00Z,,False,surveyed_s_eval+account_of_surveyed+block_of_surveyed,4,4,True
AD002890,AC002243,AD002890,EXCLUDED,2026-06-01T00:00:00Z,,False,account_of_surveyed,1,4,True
AD002891,AC002244,AD002891,POOL_UNSUPERVISED,2026-06-01T00:00:00Z,,False,pool_address_without_promotion_grade_confirmation,3,2,False
AD002892,AC002245,AD002892,POOL_UNSUPERVISED,2026-06-01T00:00:00Z,,False,pool_address_without_promotion_grade_confirmation,2,0,False
AD002893,AC002246,AD002893,POOL_UNSUPERVISED,2026-06-01T00:00:00Z,,False,pool_address_without_promotion_grade_confirmation,0,2,False
AD002894,AC002247,AD002894,POOL_UNSUPERVISED,2026-06-01T00:00:00Z,,False,pool_address_without_promotion_grade_confirmation,1,1,False
AD002895,AC002247,AD002895,POOL_UNSUPERVISED,2026-06-01T00:00:00Z,,False,pool_address_without_promotion_grade_confirmation,4,1,False
AD002896,AC002248,AD002896,POOL_UNSUPERVISED,2026-06-01T00:00:00Z,,False,pool_address_without_promotion_grade_confirmation,3,2,False
AD002897,AC002248,AD002897,POOL_UNSUPERVISED,2026-06-01T00:00:00Z,,False,pool_address_without_promotion_grade_confirmation,0,2,False
AD002898,AC002249,AD002898,POOL_UNSUPERVISED,2026-06-01T00:00:00Z,,False,pool_address_without_promotion_grade_confirmation,2,2,False
AD002899,AC002250,AD002899,POOL_UNSUPERVISED,2026-06-01T00:00:00Z,,False,pool_address_without_promotion_grade_confirmation,0,3,False
AD002900,AC002251,AD002900,POOL_UNSUPERVISED,2026-06-01T00:00:00Z,,False,pool_address_without_promotion_grade_confirmation,1,4,False
AD002901,AC002252,AD002901,POOL_UNSUPERVISED,2026-06-01T00:00:00Z,,False,pool_address_without_promotion_grade_confirmation,0,1,False
AD002902,AC002253,AD002902,POOL_UNSUPERVISED,2026-06-01T00:00:00Z,,False,pool_address_without_promotion_grade_confirmation,4,2,False
AD002903,AC002254,AD002903,POOL_UNSUPERVISED,2026-06-01T00:00:00Z,,False,pool_address_without_promotion_grade_confirmation,3,4,False
AD002904,AC002255,AD002904,POOL_UNSUPERVISED,2026-06-01T00:00:00Z,,False,pool_address_without_promotion_grade_confirmation,0,2,False
AD002905,AC002256,AD002905,POOL_UNSUPERVISED,2026-06-01T00:00:00Z,,False,pool_address_without_promotion_grade_confirmation,2,0,False
AD002906,AC002257,AD002906,POOL_UNSUPERVISED,2026-06-01T00:00:00Z,,False,pool_address_without_promotion_grade_confirmation,2,2,False
AD002907,AC002257,AD002907,POOL_UNSUPERVISED,2026-06-01T00:00:00Z,,False,pool_address_without_promotion_grade_confirmation,3,2,False
AD002908,AC002258,AD002908,POOL_UNSUPERVISED,2026-06-01T00:00:00Z,,False,pool_address_without_promotion_grade_confirmation,0,1,False
AD002909,AC002258,AD002909,POOL_UNSUPERVISED,2026-06-01T00:00:00Z,,False,pool_address_without_promotion_grade_confirmation,1,1,False
AD002910,AC002259,AD002910,POOL_UNSUPERVISED,2026-06-01T00:00:00Z,,False,pool_address_without_promotion_grade_confirmation,2,2,False
AD002911,AC002260,AD002911,S-TRAIN,2026-06-01T00:00:00Z,obs-VS000877;obs-VS002187;obs-VS003440,True,none,2,0,False
AD002912,AC002261,AD002912,POOL_UNSUPERVISED,2026-06-01T00:00:00Z,,False,pool_address_without_promotion_grade_confirmation,4,1,False
AD002913,AC002261,AD002913,POOL_UNSUPERVISED,2026-06-01T00:00:00Z,,False,pool_address_without_promotion_grade_confirmation,1,1,False
AD002914,AC002262,AD002914,POOL_UNSUPERVISED,2026-06-01T00:00:00Z,,False,pool_address_without_promotion_grade_confirmation,1,1,False
AD002915,AC002263,AD002915,POOL_UNSUPERVISED,2026-06-01T00:00:00Z,,False,pool_address_without_promotion_grade_confirmation,2,2,False
AD002916,AC002264,AD002916,POOL_UNSUPERVISED,2026-06-01T00:00:00Z,,False,pool_address_without_promotion_grade_confirmation,4,3,False
AD002917,AC002265,AD002917,POOL_UNSUPERVISED,2026-06-01T00:00:00Z,,False,pool_address_without_promotion_grade_confirmation,1,4,False
AD002918,AC002266,AD002918,POOL_UNSUPERVISED,2026-06-01T00:00:00Z,,False,pool_address_without_promotion_grade_confirmation,2,4,False
AD002919,AC002266,AD002919,POOL_UNSUPERVISED,2026-06-01T00:00:00Z,,False,pool_address_without_promotion_grade_confirmation,2,4,False
AD002920,AC002267,AD002920,S-EVAL,2026-06-01T00:00:00Z,,False,surveyed_s_eval+account_of_surveyed+block_of_surveyed,2,3,True
AD002921,AC002268,AD002921,POOL_UNSUPERVISED,2026-06-01T00:00:00Z,,False,pool_address_without_promotion_grade_confirmation,0,4,False
AD002922,AC002269,AD002922,POOL_UNSUPERVISED,2026-06-01T00:00:00Z,,False,pool_address_without_promotion_grade_confirmation,4,0,False
AD002923,AC002270,AD002923,POOL_UNSUPERVISED,2026-06-01T00:00:00Z,,False,pool_address_without_promotion_grade_confirmation,1,0,False
AD002924,AC002271,AD002924,POOL_UNSUPERVISED,2026-06-01T00:00:00Z,,False,pool_address_without_promotion_grade_confirmation,1,2,False
AD002925,AC002272,AD002925,POOL_UNSUPERVISED,2026-06-01T00:00:00Z,,False,pool_address_without_promotion_grade_confirmation,3,1,False
AD002926,AC002273,AD002926,POOL_UNSUPERVISED,2026-06-01T00:00:00Z,,False,pool_address_without_promotion_grade_confirmation,0,4,False
AD002927,AC002274,AD002927,POOL_UNSUPERVISED,2026-06-01T00:00:00Z,,False,pool_address_without_promotion_grade_confirmation,1,3,False
AD002928,AC002275,AD000810,POOL_UNSUPERVISED,2026-06-01T00:00:00Z,,False,pool_address_without_promotion_grade_confirmation,2,4,False
AD002929,AC002275,AD002929,POOL_UNSUPERVISED,2026-06-01T00:00:00Z,,False,pool_address_without_promotion_grade_confirmation,3,4,False
AD002930,AC002276,AD002930,POOL_UNSUPERVISED,2026-06-01T00:00:00Z,,False,pool_address_without_promotion_grade_confirmation,4,0,False
AD002931,AC002277,AD002931,POOL_UNSUPERVISED,2026-06-01T00:00:00Z,,False,pool_address_without_promotion_grade_confirmation,0,1,False
AD002932,AC002278,AD001520,POOL_UNSUPERVISED,2026-06-01T00:00:00Z,,False,pool_address_without_promotion_grade_confirmation,3,3,False
AD002933,AC002279,AD002933,POOL_UNSUPERVISED,2026-06-01T00:00:00Z,,False,pool_address_without_promotion_grade_confirmation,4,3,False
AD002934,AC002280,AD002934,POOL_UNSUPERVISED,2026-06-01T00:00:00Z,,False,pool_address_without_promotion_grade_confirmation,2,2,False
AD002935,AC002281,AD002935,POOL_UNSUPERVISED,2026-06-01T00:00:00Z,,False,pool_address_without_promotion_grade_confirmation,3,4,False
AD002936,AC002282,AD002936,S-VAL,2026-06-01T00:00:00Z,obs-VS001649;obs-VS002307,True,none,0,0,False
AD002937,AC002282,AD002937,POOL_UNSUPERVISED,2026-06-01T00:00:00Z,,False,pool_address_without_promotion_grade_confirmation,3,0,False
AD002938,AC002283,AD002938,POOL_UNSUPERVISED,2026-06-01T00:00:00Z,,False,pool_address_without_promotion_grade_confirmation,2,2,False
AD002939,AC002284,AD002939,POOL_UNSUPERVISED,2026-06-01T00:00:00Z,,False,pool_address_without_promotion_grade_confirmation,1,2,False
AD002940,AC002285,AD002940,POOL_UNSUPERVISED,2026-06-01T00:00:00Z,,False,pool_address_without_promotion_grade_confirmation,4,0,False
AD002941,AC002285,AD002941,POOL_UNSUPERVISED,2026-06-01T00:00:00Z,,False,pool_address_without_promotion_grade_confirmation,4,0,False
AD002942,AC002286,AD002942,POOL_UNSUPERVISED,2026-06-01T00:00:00Z,,False,pool_address_without_promotion_grade_confirmation,0,3,False
AD002943,AC002287,AD002943,POOL_UNSUPERVISED,2026-06-01T00:00:00Z,,False,pool_address_without_promotion_grade_confirmation,4,1,False
AD002944,AC002287,AD002944,POOL_UNSUPERVISED,2026-06-01T00:00:00Z,,False,pool_address_without_promotion_grade_confirmation,2,1,False
AD002945,AC002288,AD002945,POOL_UNSUPERVISED,2026-06-01T00:00:00Z,,False,pool_address_without_promotion_grade_confirmation,1,0,False
AD002946,AC002288,AD002946,POOL_UNSUPERVISED,2026-06-01T00:00:00Z,,False,pool_address_without_promotion_grade_confirmation,4,0,False
AD002947,AC002289,AD002947,POOL_UNSUPERVISED,2026-06-01T00:00:00Z,,False,pool_address_without_promotion_grade_confirmation,0,1,False
AD002948,AC002290,AD002948,POOL_UNSUPERVISED,2026-06-01T00:00:00Z,,False,pool_address_without_promotion_grade_confirmation,3,0,False
AD002949,AC002290,AD002949,POOL_UNSUPERVISED,2026-06-01T00:00:00Z,,False,pool_address_without_promotion_grade_confirmation,4,0,False
AD002950,AC002291,AD002950,POOL_UNSUPERVISED,2026-06-01T00:00:00Z,,False,pool_address_without_promotion_grade_confirmation,4,1,False
AD002951,AC002291,AD002951,POOL_UNSUPERVISED,2026-06-01T00:00:00Z,,False,pool_address_without_promotion_grade_confirmation,0,1,False
AD002952,AC002292,AD002952,POOL_UNSUPERVISED,2026-06-01T00:00:00Z,,False,pool_address_without_promotion_grade_confirmation,3,3,False
AD002953,AC002293,AD002953,POOL_UNSUPERVISED,2026-06-01T00:00:00Z,,False,pool_address_without_promotion_grade_confirmation,2,3,False
AD002954,AC002294,AD002954,POOL_UNSUPERVISED,2026-06-01T00:00:00Z,,False,pool_address_without_promotion_grade_confirmation,3,2,False
AD002955,AC002294,AD002955,POOL_UNSUPERVISED,2026-06-01T00:00:00Z,,False,pool_address_without_promotion_grade_confirmation,4,2,False
AD002956,AC002295,AD002956,POOL_UNSUPERVISED,2026-06-01T00:00:00Z,,False,pool_address_without_promotion_grade_confirmation,2,2,False
AD002957,AC002296,AD002957,POOL_UNSUPERVISED,2026-06-01T00:00:00Z,,False,pool_address_without_promotion_grade_confirmation,0,3,False
AD002958,AC002296,AD002958,POOL_UNSUPERVISED,2026-06-01T00:00:00Z,,False,pool_address_without_promotion_grade_confirmation,3,3,False
AD002959,AC002297,AD002959,POOL_UNSUPERVISED,2026-06-01T00:00:00Z,,False,pool_address_without_promotion_grade_confirmation,4,0,False
AD002960,AC002298,AD002960,POOL_UNSUPERVISED,2026-06-01T00:00:00Z,,False,pool_address_without_promotion_grade_confirmation,2,1,False
AD002961,AC002299,AD002961,POOL_UNSUPERVISED,2026-06-01T00:00:00Z,,False,pool_address_without_promotion_grade_confirmation,4,3,False
AD002962,AC002300,AD002962,S-TRAIN,2026-06-01T00:00:00Z,obs-VS001725;obs-VS002669,True,none,4,3,False
AD002963,AC002300,AD002963,POOL_UNSUPERVISED,2026-06-01T00:00:00Z,,False,pool_address_without_promotion_grade_confirmation,1,3,False
AD002964,AC002301,AD002964,POOL_UNSUPERVISED,2026-06-01T00:00:00Z,,False,pool_address_without_promotion_grade_confirmation,4,3,False
AD002965,AC002302,AD002965,POOL_UNSUPERVISED,2026-06-01T00:00:00Z,,False,pool_address_without_promotion_grade_confirmation,1,1,False
AD002966,AC002303,AD002966,S-TRAIN,2026-06-01T00:00:00Z,obs-VS002671;obs-VS003310,True,none,2,1,False
AD002967,AC002304,AD002967,POOL_UNSUPERVISED,2026-06-01T00:00:00Z,,False,pool_address_without_promotion_grade_confirmation,4,2,False
AD002968,AC002305,AD000534,POOL_UNSUPERVISED,2026-06-01T00:00:00Z,,False,pool_address_without_promotion_grade_confirmation,1,0,False
AD002969,AC002306,AD002969,POOL_UNSUPERVISED,2026-06-01T00:00:00Z,,False,pool_address_without_promotion_grade_confirmation,1,3,False
AD002970,AC002306,AD002970,POOL_UNSUPERVISED,2026-06-01T00:00:00Z,,False,pool_address_without_promotion_grade_confirmation,4,3,False
AD002971,AC002307,AD002971,POOL_UNSUPERVISED,2026-06-01T00:00:00Z,,False,pool_address_without_promotion_grade_confirmation,1,1,False
AD002972,AC002307,AD002972,POOL_UNSUPERVISED,2026-06-01T00:00:00Z,,False,pool_address_without_promotion_grade_confirmation,4,1,False
AD002973,AC002308,AD002973,POOL_UNSUPERVISED,2026-06-01T00:00:00Z,,False,pool_address_without_promotion_grade_confirmation,1,1,False
AD002974,AC002309,AD002974,POOL_UNSUPERVISED,2026-06-01T00:00:00Z,,False,pool_address_without_promotion_grade_confirmation,3,2,False
AD002975,AC002310,AD002975,POOL_UNSUPERVISED,2026-06-01T00:00:00Z,,False,pool_address_without_promotion_grade_confirmation,3,4,False
AD002976,AC002311,AD002976,POOL_UNSUPERVISED,2026-06-01T00:00:00Z,,False,pool_address_without_promotion_grade_confirmation,0,0,False
AD002977,AC002312,AD000666,POOL_UNSUPERVISED,2026-06-01T00:00:00Z,,False,pool_address_without_promotion_grade_confirmation,3,2,False
AD002978,AC002313,AD002978,POOL_UNSUPERVISED,2026-06-01T00:00:00Z,,False,pool_address_without_promotion_grade_confirmation,3,2,False
AD002979,AC002314,AD002979,POOL_UNSUPERVISED,2026-06-01T00:00:00Z,,False,pool_address_without_promotion_grade_confirmation,1,0,False
AD002980,AC002315,AD002980,POOL_UNSUPERVISED,2026-06-01T00:00:00Z,,False,pool_address_without_promotion_grade_confirmation,2,3,False
AD002981,AC002316,AD002981,POOL_UNSUPERVISED,2026-06-01T00:00:00Z,,False,pool_address_without_promotion_grade_confirmation,0,3,False
AD002982,AC002317,AD002982,POOL_UNSUPERVISED,2026-06-01T00:00:00Z,,False,pool_address_without_promotion_grade_confirmation,1,4,False
AD002983,AC002318,AD002983,POOL_UNSUPERVISED,2026-06-01T00:00:00Z,,False,pool_address_without_promotion_grade_confirmation,2,3,False
AD002984,AC002319,AD002984,POOL_UNSUPERVISED,2026-06-01T00:00:00Z,,False,pool_address_without_promotion_grade_confirmation,4,3,False
AD002985,AC002319,AD002985,POOL_UNSUPERVISED,2026-06-01T00:00:00Z,,False,pool_address_without_promotion_grade_confirmation,2,3,False
AD002986,AC002320,AD002986,POOL_UNSUPERVISED,2026-06-01T00:00:00Z,,False,pool_address_without_promotion_grade_confirmation,2,4,False
AD002987,AC002321,AD002987,POOL_UNSUPERVISED,2026-06-01T00:00:00Z,,False,pool_address_without_promotion_grade_confirmation,1,4,False
AD002988,AC002322,AD002988,POOL_UNSUPERVISED,2026-06-01T00:00:00Z,,False,pool_address_without_promotion_grade_confirmation,4,2,False
AD002989,AC002323,AD000324,EXCLUDED,2026-06-01T00:00:00Z,,False,block_of_surveyed,4,3,True
AD002990,AC002324,AD002990,POOL_UNSUPERVISED,2026-06-01T00:00:00Z,,False,pool_address_without_promotion_grade_confirmation,1,2,False
AD002991,AC002325,AD002991,POOL_UNSUPERVISED,2026-06-01T00:00:00Z,,False,pool_address_without_promotion_grade_confirmation,0,1,False
AD002992,AC002326,AD002992,POOL_UNSUPERVISED,2026-06-01T00:00:00Z,,False,pool_address_without_promotion_grade_confirmation,2,0,False
AD002993,AC002327,AD002993,POOL_UNSUPERVISED,2026-06-01T00:00:00Z,,False,pool_address_without_promotion_grade_confirmation,1,1,False
AD002994,AC002328,AD002994,S-EVAL,2026-06-01T00:00:00Z,,False,surveyed_s_eval+account_of_surveyed+block_of_surveyed,0,2,True
AD002995,AC002329,AD002995,POOL_UNSUPERVISED,2026-06-01T00:00:00Z,,False,pool_address_without_promotion_grade_confirmation,1,4,False
AD002996,AC002330,AD002996,S-TRAIN,2026-06-01T00:00:00Z,obs-VS000452;obs-VS001984,True,none,2,1,False
AD002997,AC002331,AD002997,POOL_UNSUPERVISED,2026-06-01T00:00:00Z,,False,pool_address_without_promotion_grade_confirmation,4,1,False
AD002998,AC002331,AD002998,POOL_UNSUPERVISED,2026-06-01T00:00:00Z,,False,pool_address_without_promotion_grade_confirmation,3,1,False
AD002999,AC002332,AD002999,POOL_UNSUPERVISED,2026-06-01T00:00:00Z,,False,pool_address_without_promotion_grade_confirmation,4,3,False
AD003000,AC002333,AD003000,POOL_UNSUPERVISED,2026-06-01T00:00:00Z,,False,pool_address_without_promotion_grade_confirmation,2,4,False
AD003001,AC002333,AD003001,POOL_UNSUPERVISED,2026-06-01T00:00:00Z,,False,pool_address_without_promotion_grade_confirmation,4,4,False
AD003002,AC002334,AD003002,POOL_UNSUPERVISED,2026-06-01T00:00:00Z,,False,pool_address_without_promotion_grade_confirmation,0,0,False
AD003003,AC002335,AD003003,POOL_UNSUPERVISED,2026-06-01T00:00:00Z,,False,pool_address_without_promotion_grade_confirmation,1,1,False
AD003004,AC002336,AD003004,POOL_UNSUPERVISED,2026-06-01T00:00:00Z,,False,pool_address_without_promotion_grade_confirmation,4,2,False
AD003005,AC002336,AD003005,POOL_UNSUPERVISED,2026-06-01T00:00:00Z,,False,pool_address_without_promotion_grade_confirmation,1,2,False
AD003006,AC002337,AD003006,POOL_UNSUPERVISED,2026-06-01T00:00:00Z,,False,pool_address_without_promotion_grade_confirmation,3,0,False
AD003007,AC002338,AD003007,POOL_UNSUPERVISED,2026-06-01T00:00:00Z,,False,pool_address_without_promotion_grade_confirmation,3,3,False
AD003008,AC002338,AD003008,POOL_UNSUPERVISED,2026-06-01T00:00:00Z,,False,pool_address_without_promotion_grade_confirmation,1,3,False
AD003009,AC002339,AD003009,POOL_UNSUPERVISED,2026-06-01T00:00:00Z,,False,pool_address_without_promotion_grade_confirmation,0,3,False
AD003010,AC002340,AD000530,POOL_UNSUPERVISED,2026-06-01T00:00:00Z,,False,pool_address_without_promotion_grade_confirmation,2,4,False
AD003011,AC002340,AD003011,POOL_UNSUPERVISED,2026-06-01T00:00:00Z,,False,pool_address_without_promotion_grade_confirmation,4,4,False
AD003012,AC002341,AD003012,POOL_UNSUPERVISED,2026-06-01T00:00:00Z,,False,pool_address_without_promotion_grade_confirmation,4,3,False
AD003013,AC002342,AD003013,POOL_UNSUPERVISED,2026-06-01T00:00:00Z,,False,pool_address_without_promotion_grade_confirmation,4,2,False
AD003014,AC002342,AD003014,S-TRAIN,2026-06-01T00:00:00Z,obs-VS002088;obs-VS003471,True,none,0,2,False
AD003015,AC002343,AD000204,POOL_UNSUPERVISED,2026-06-01T00:00:00Z,,False,pool_address_without_promotion_grade_confirmation,2,1,False
AD003016,AC002344,AD003016,S-VAL,2026-06-01T00:00:00Z,obs-VS002427;obs-VS003018,True,none,3,3,False
AD003017,AC002345,AD003017,POOL_UNSUPERVISED,2026-06-01T00:00:00Z,,False,pool_address_without_promotion_grade_confirmation,1,2,False
AD003018,AC002345,AD003018,POOL_UNSUPERVISED,2026-06-01T00:00:00Z,,False,pool_address_without_promotion_grade_confirmation,1,2,False
AD003019,AC002346,AD003019,POOL_UNSUPERVISED,2026-06-01T00:00:00Z,,False,pool_address_without_promotion_grade_confirmation,4,1,False
AD003020,AC002347,AD003020,POOL_UNSUPERVISED,2026-06-01T00:00:00Z,,False,pool_address_without_promotion_grade_confirmation,4,0,False
AD003021,AC002347,AD003021,POOL_UNSUPERVISED,2026-06-01T00:00:00Z,,False,pool_address_without_promotion_grade_confirmation,0,0,False
AD003022,AC002348,AD003022,POOL_UNSUPERVISED,2026-06-01T00:00:00Z,,False,pool_address_without_promotion_grade_confirmation,1,4,False
AD003023,AC002348,AD003023,POOL_UNSUPERVISED,2026-06-01T00:00:00Z,,False,pool_address_without_promotion_grade_confirmation,1,4,False
AD003024,AC002349,AD003024,POOL_UNSUPERVISED,2026-06-01T00:00:00Z,,False,pool_address_without_promotion_grade_confirmation,3,3,False
AD003025,AC002349,AD003025,POOL_UNSUPERVISED,2026-06-01T00:00:00Z,,False,pool_address_without_promotion_grade_confirmation,2,3,False
AD003026,AC002350,AD003026,POOL_UNSUPERVISED,2026-06-01T00:00:00Z,,False,pool_address_without_promotion_grade_confirmation,1,0,False
AD003027,AC002351,AD003027,POOL_UNSUPERVISED,2026-06-01T00:00:00Z,,False,pool_address_without_promotion_grade_confirmation,0,3,False
AD003028,AC002352,AD003028,POOL_UNSUPERVISED,2026-06-01T00:00:00Z,,False,pool_address_without_promotion_grade_confirmation,0,2,False
AD003029,AC002353,AD003029,POOL_UNSUPERVISED,2026-06-01T00:00:00Z,,False,pool_address_without_promotion_grade_confirmation,2,2,False
AD003030,AC002354,AD003030,POOL_UNSUPERVISED,2026-06-01T00:00:00Z,,False,pool_address_without_promotion_grade_confirmation,3,1,False
AD003031,AC002354,AD003031,POOL_UNSUPERVISED,2026-06-01T00:00:00Z,,False,pool_address_without_promotion_grade_confirmation,3,1,False
AD003032,AC002355,AD003032,POOL_UNSUPERVISED,2026-06-01T00:00:00Z,,False,pool_address_without_promotion_grade_confirmation,3,3,False
AD003033,AC002355,AD003033,POOL_UNSUPERVISED,2026-06-01T00:00:00Z,,False,pool_address_without_promotion_grade_confirmation,2,3,False
AD003034,AC002356,AD003034,S-EVAL,2026-06-01T00:00:00Z,,False,surveyed_s_eval+account_of_surveyed+block_of_surveyed,3,3,True
AD003035,AC002357,AD003035,POOL_UNSUPERVISED,2026-06-01T00:00:00Z,,False,pool_address_without_promotion_grade_confirmation,1,4,False
AD003036,AC002357,AD003036,POOL_UNSUPERVISED,2026-06-01T00:00:00Z,,False,pool_address_without_promotion_grade_confirmation,1,4,False
AD003037,AC002358,AD003037,POOL_UNSUPERVISED,2026-06-01T00:00:00Z,,False,pool_address_without_promotion_grade_confirmation,1,4,False
AD003038,AC002359,AD003038,POOL_UNSUPERVISED,2026-06-01T00:00:00Z,,False,pool_address_without_promotion_grade_confirmation,1,3,False
AD003039,AC002360,AD003039,POOL_UNSUPERVISED,2026-06-01T00:00:00Z,,False,pool_address_without_promotion_grade_confirmation,0,3,False
AD003040,AC002361,AD003040,POOL_UNSUPERVISED,2026-06-01T00:00:00Z,,False,pool_address_without_promotion_grade_confirmation,1,2,False
AD003041,AC002362,AD003041,S-TRAIN,2026-06-01T00:00:00Z,obs-VS000956;obs-VS002277,True,none,3,1,False
AD003042,AC002362,AD003042,POOL_UNSUPERVISED,2026-06-01T00:00:00Z,,False,pool_address_without_promotion_grade_confirmation,4,1,False
AD003043,AC002363,AD003043,POOL_UNSUPERVISED,2026-06-01T00:00:00Z,,False,pool_address_without_promotion_grade_confirmation,3,2,False
AD003044,AC002364,AD003044,POOL_UNSUPERVISED,2026-06-01T00:00:00Z,,False,pool_address_without_promotion_grade_confirmation,4,1,False
AD003045,AC002365,AD003045,POOL_UNSUPERVISED,2026-06-01T00:00:00Z,,False,pool_address_without_promotion_grade_confirmation,3,3,False
AD003046,AC002366,AD003046,POOL_UNSUPERVISED,2026-06-01T00:00:00Z,,False,pool_address_without_promotion_grade_confirmation,4,2,False
AD003047,AC002366,AD003047,POOL_UNSUPERVISED,2026-06-01T00:00:00Z,,False,pool_address_without_promotion_grade_confirmation,4,2,False
AD003048,AC002367,AD003048,POOL_UNSUPERVISED,2026-06-01T00:00:00Z,,False,pool_address_without_promotion_grade_confirmation,1,3,False
AD003049,AC002368,AD003049,EXCLUDED,2026-06-01T00:00:00Z,,False,account_of_surveyed,4,0,True
AD003050,AC002369,AD003050,S-TRAIN,2026-06-01T00:00:00Z,obs-VS000339;obs-VS001653;obs-VS002309,True,none,3,4,False
AD003051,AC002370,AD003051,POOL_UNSUPERVISED,2026-06-01T00:00:00Z,,False,pool_address_without_promotion_grade_confirmation,3,0,False
AD003052,AC002371,AD003052,POOL_UNSUPERVISED,2026-06-01T00:00:00Z,,False,pool_address_without_promotion_grade_confirmation,1,1,False
AD003053,AC002372,AD000169,POOL_UNSUPERVISED,2026-06-01T00:00:00Z,,False,pool_address_without_promotion_grade_confirmation,2,4,False
AD003054,AC002372,AD003054,POOL_UNSUPERVISED,2026-06-01T00:00:00Z,,False,pool_address_without_promotion_grade_confirmation,4,4,False
AD003055,AC002373,AD003055,POOL_UNSUPERVISED,2026-06-01T00:00:00Z,,False,pool_address_without_promotion_grade_confirmation,4,0,False
AD003056,AC002374,AD003056,POOL_UNSUPERVISED,2026-06-01T00:00:00Z,,False,pool_address_without_promotion_grade_confirmation,0,1,False
AD003057,AC002375,AD003057,POOL_UNSUPERVISED,2026-06-01T00:00:00Z,,False,pool_address_without_promotion_grade_confirmation,1,0,False
AD003058,AC002376,AD003058,POOL_UNSUPERVISED,2026-06-01T00:00:00Z,,False,pool_address_without_promotion_grade_confirmation,3,2,False
AD003059,AC002377,AD003059,POOL_UNSUPERVISED,2026-06-01T00:00:00Z,,False,pool_address_without_promotion_grade_confirmation,4,3,False
AD003060,AC002378,AD002499,S-TRAIN,2026-06-01T00:00:00Z,obs-VS000760;obs-VS002808,True,none,1,2,False
AD003061,AC002378,AD003061,POOL_UNSUPERVISED,2026-06-01T00:00:00Z,,False,pool_address_without_promotion_grade_confirmation,3,2,False
AD003062,AC002379,AD003062,POOL_UNSUPERVISED,2026-06-01T00:00:00Z,,False,pool_address_without_promotion_grade_confirmation,2,2,False
AD003063,AC002380,AD003063,POOL_UNSUPERVISED,2026-06-01T00:00:00Z,,False,pool_address_without_promotion_grade_confirmation,0,3,False
AD003064,AC002380,AD003064,POOL_UNSUPERVISED,2026-06-01T00:00:00Z,,False,pool_address_without_promotion_grade_confirmation,4,3,False
AD003065,AC002381,AD003065,POOL_UNSUPERVISED,2026-06-01T00:00:00Z,,False,pool_address_without_promotion_grade_confirmation,2,0,False
AD003066,AC002381,AD003066,POOL_UNSUPERVISED,2026-06-01T00:00:00Z,,False,pool_address_without_promotion_grade_confirmation,3,0,False
AD003067,AC002382,AD003067,S-TRAIN,2026-06-01T00:00:00Z,obs-VS000693;obs-VS001428;obs-VS002826,True,none,3,2,False
AD003068,AC002382,AD003068,POOL_UNSUPERVISED,2026-06-01T00:00:00Z,,False,pool_address_without_promotion_grade_confirmation,3,2,False
AD003069,AC002383,AD003069,POOL_UNSUPERVISED,2026-06-01T00:00:00Z,,False,pool_address_without_promotion_grade_confirmation,4,1,False
AD003070,AC002384,AD003070,POOL_UNSUPERVISED,2026-06-01T00:00:00Z,,False,pool_address_without_promotion_grade_confirmation,4,0,False
AD003071,AC002385,AD003071,S-EVAL,2026-06-01T00:00:00Z,,False,surveyed_s_eval+account_of_surveyed+block_of_surveyed,2,1,True
AD003072,AC002385,AD003072,EXCLUDED,2026-06-01T00:00:00Z,,False,account_of_surveyed,0,1,True
AD003073,AC002386,AD003073,POOL_UNSUPERVISED,2026-06-01T00:00:00Z,,False,pool_address_without_promotion_grade_confirmation,0,2,False
AD003074,AC002387,AD003074,S-TRAIN,2026-06-01T00:00:00Z,obs-VS000031;obs-VS001927;obs-VS002522,True,none,0,2,False
AD003075,AC002388,AD003075,POOL_UNSUPERVISED,2026-06-01T00:00:00Z,,False,pool_address_without_promotion_grade_confirmation,0,1,False
AD003076,AC002388,AD003076,POOL_UNSUPERVISED,2026-06-01T00:00:00Z,,False,pool_address_without_promotion_grade_confirmation,2,1,False
AD003077,AC002389,AD003077,S-TRAIN,2026-06-01T00:00:00Z,obs-VS000411;obs-VS001206;obs-VS003175,True,none,4,2,False
AD003078,AC002390,AD003078,S-EVAL,2026-06-01T00:00:00Z,,False,surveyed_s_eval+account_of_surveyed+block_of_surveyed,2,1,True
AD003079,AC002390,AD003079,EXCLUDED,2026-06-01T00:00:00Z,,False,account_of_surveyed,4,1,True
AD003080,AC002391,AD003080,POOL_UNSUPERVISED,2026-06-01T00:00:00Z,,False,pool_address_without_promotion_grade_confirmation,2,4,False
AD003081,AC002392,AD003081,POOL_UNSUPERVISED,2026-06-01T00:00:00Z,,False,pool_address_without_promotion_grade_confirmation,3,2,False
AD003082,AC002393,AD003082,POOL_UNSUPERVISED,2026-06-01T00:00:00Z,,False,pool_address_without_promotion_grade_confirmation,1,4,False
AD003083,AC002394,AD003083,POOL_UNSUPERVISED,2026-06-01T00:00:00Z,,False,pool_address_without_promotion_grade_confirmation,2,1,False
AD003084,AC002395,AD003084,POOL_UNSUPERVISED,2026-06-01T00:00:00Z,,False,pool_address_without_promotion_grade_confirmation,2,2,False
AD003085,AC002396,AD003085,S-TRAIN,2026-06-01T00:00:00Z,obs-VS001035;obs-VS002268,True,none,4,2,False
AD003086,AC002397,AD001434,POOL_UNSUPERVISED,2026-06-01T00:00:00Z,,False,pool_address_without_promotion_grade_confirmation,1,1,False
AD003087,AC002398,AD003087,POOL_UNSUPERVISED,2026-06-01T00:00:00Z,,False,pool_address_without_promotion_grade_confirmation,2,3,False
AD003088,AC002399,AD003088,POOL_UNSUPERVISED,2026-06-01T00:00:00Z,,False,pool_address_without_promotion_grade_confirmation,1,3,False
AD003089,AC002399,AD003089,POOL_UNSUPERVISED,2026-06-01T00:00:00Z,,False,pool_address_without_promotion_grade_confirmation,0,3,False
AD003090,AC002400,AD003090,POOL_UNSUPERVISED,2026-06-01T00:00:00Z,,False,pool_address_without_promotion_grade_confirmation,1,2,False
AD003091,AC001083,AD003091,POOL_UNSUPERVISED,2026-06-01T00:00:00Z,,False,pool_address_without_promotion_grade_confirmation,1,1,False
AD003092,AC001768,AD003092,EXCLUDED,2026-06-01T00:00:00Z,,False,account_of_surveyed,1,1,True
AD003093,AC000317,AD003093,POOL_UNSUPERVISED,2026-06-01T00:00:00Z,,False,pool_address_without_promotion_grade_confirmation,2,3,False
AD003094,AC002225,AD003094,EXCLUDED,2026-06-01T00:00:00Z,,False,account_of_surveyed,1,3,True
AD003095,AC002341,AD003095,POOL_UNSUPERVISED,2026-06-01T00:00:00Z,,False,pool_address_without_promotion_grade_confirmation,3,3,False
AD003096,AC001013,AD003096,S-EVAL,2026-06-01T00:00:00Z,,False,surveyed_s_eval+account_of_surveyed+block_of_surveyed,3,3,True
AD003097,AC001191,AD003097,POOL_UNSUPERVISED,2026-06-01T00:00:00Z,,False,pool_address_without_promotion_grade_confirmation,4,4,False
AD003098,AC001529,AD001937,POOL_UNSUPERVISED,2026-06-01T00:00:00Z,,False,pool_address_without_promotion_grade_confirmation,3,2,False
AD003099,AC001408,AD003099,POOL_UNSUPERVISED,2026-06-01T00:00:00Z,,False,pool_address_without_promotion_grade_confirmation,2,0,False
AD003100,AC001748,AD003100,POOL_UNSUPERVISED,2026-06-01T00:00:00Z,,False,pool_address_without_promotion_grade_confirmation,2,2,False
AD003101,AC000232,AD003101,POOL_UNSUPERVISED,2026-06-01T00:00:00Z,,False,pool_address_without_promotion_grade_confirmation,0,2,False
AD003102,AC001232,AD003102,POOL_UNSUPERVISED,2026-06-01T00:00:00Z,,False,pool_address_without_promotion_grade_confirmation,0,1,False
AD003103,AC001162,AD003103,POOL_UNSUPERVISED,2026-06-01T00:00:00Z,,False,pool_address_without_promotion_grade_confirmation,1,0,False
AD003104,AC001882,AD003104,POOL_UNSUPERVISED,2026-06-01T00:00:00Z,,False,pool_address_without_promotion_grade_confirmation,3,0,False
AD003105,AC001373,AD003105,POOL_UNSUPERVISED,2026-06-01T00:00:00Z,,False,pool_address_without_promotion_grade_confirmation,0,0,False
AD003106,AC002288,AD003106,POOL_UNSUPERVISED,2026-06-01T00:00:00Z,,False,pool_address_without_promotion_grade_confirmation,1,0,False
AD003107,AC001202,AD003107,POOL_UNSUPERVISED,2026-06-01T00:00:00Z,,False,pool_address_without_promotion_grade_confirmation,3,3,False
AD003108,AC002174,AD003108,POOL_UNSUPERVISED,2026-06-01T00:00:00Z,,False,pool_address_without_promotion_grade_confirmation,2,0,False
AD003109,AC000775,AD003109,POOL_UNSUPERVISED,2026-06-01T00:00:00Z,,False,pool_address_without_promotion_grade_confirmation,3,0,False
AD003110,AC000542,AD003110,POOL_UNSUPERVISED,2026-06-01T00:00:00Z,,False,pool_address_without_promotion_grade_confirmation,4,1,False
AD003111,AC000602,AD003111,POOL_UNSUPERVISED,2026-06-01T00:00:00Z,,False,pool_address_without_promotion_grade_confirmation,2,3,False
AD003112,AC000523,AD003112,POOL_UNSUPERVISED,2026-06-01T00:00:00Z,,False,pool_address_without_promotion_grade_confirmation,4,0,False
AD003113,AC002368,AD003113,S-EVAL,2026-06-01T00:00:00Z,,False,surveyed_s_eval+account_of_surveyed+block_of_surveyed,4,0,True
AD003114,AC000505,AD003114,POOL_UNSUPERVISED,2026-06-01T00:00:00Z,,False,pool_address_without_promotion_grade_confirmation,0,4,False
AD003115,AC001755,AD003115,POOL_UNSUPERVISED,2026-06-01T00:00:00Z,,False,pool_address_without_promotion_grade_confirmation,4,3,False
AD003116,AC002060,AD003116,POOL_UNSUPERVISED,2026-06-01T00:00:00Z,,False,pool_address_without_promotion_grade_confirmation,1,4,False
AD003117,AC000977,AD003117,POOL_UNSUPERVISED,2026-06-01T00:00:00Z,,False,pool_address_without_promotion_grade_confirmation,1,4,False
