ptp_id,event_type,event_ts
PTP000001,payment_link_sent,2026-04-01 10:56:55
PTP000001,inbound_call_from_customer,2026-04-01 23:24:55
PTP000001,payment_link_opened,2026-04-02 02:01:16
PTP000001,whatsapp_confirmation_sent,2026-04-02 10:09:26
PTP000001,confirmation_reply_yes,2026-04-02 15:15:44
PTP000002,payment_link_sent,2026-04-01 09:12:57
PTP000002,whatsapp_confirmation_sent,2026-04-02 10:09:53
PTP000003,payment_link_sent,2026-04-01 12:31:38
PTP000003,payment_link_opened,2026-04-01 12:44:20
PTP000003,whatsapp_confirmation_sent,2026-04-02 10:13:03
PTP000003,payment_link_opened,2026-04-03 15:44:41
PTP000004,payment_link_sent,2026-04-01 08:28:05
PTP000004,whatsapp_confirmation_sent,2026-04-02 10:01:25
PTP000004,payment_link_opened,2026-04-10 10:11:53
PTP000005,payment_link_sent,2026-04-01 12:17:47
PTP000005,whatsapp_confirmation_sent,2026-04-02 10:02:08
PTP000005,payment_link_opened,2026-04-09 08:54:03
PTP000006,payment_link_sent,2026-04-01 12:16:05
PTP000006,payment_link_opened,2026-04-01 13:47:49
PTP000006,whatsapp_confirmation_sent,2026-04-02 10:17:13
PTP000006,confirmation_reply_no,2026-04-02 13:46:35
PTP000007,payment_link_sent,2026-04-01 12:51:40
PTP000007,whatsapp_confirmation_sent,2026-04-02 10:22:43
PTP000007,confirmation_reply_yes,2026-04-02 11:56:42
PTP000008,whatsapp_confirmation_sent,2026-04-02 10:15:00
PTP000008,confirmation_reply_yes,2026-04-02 12:06:17
PTP000009,payment_link_sent,2026-04-01 08:24:56
PTP000009,payment_link_opened,2026-04-01 08:38:09
PTP000009,whatsapp_confirmation_sent,2026-04-02 10:05:11
PTP000010,payment_link_sent,2026-04-01 09:47:21
PTP000010,whatsapp_confirmation_sent,2026-04-02 10:16:09
PTP000010,confirmation_reply_no,2026-04-02 11:22:05
PTP000011,payment_link_sent,2026-04-01 11:29:27
PTP000011,payment_link_opened,2026-04-01 13:18:44
PTP000011,whatsapp_confirmation_sent,2026-04-02 10:27:56
PTP000012,payment_link_sent,2026-04-01 11:04:03
PTP000012,payment_link_opened,2026-04-01 16:00:42
PTP000012,whatsapp_confirmation_sent,2026-04-02 10:19:46
PTP000013,whatsapp_confirmation_sent,2026-04-02 10:22:38
PTP000014,payment_link_sent,2026-04-01 11:37:36
PTP000014,whatsapp_confirmation_sent,2026-04-02 10:22:40
PTP000015,payment_link_sent,2026-04-01 11:31:05
PTP000015,payment_link_opened,2026-04-01 12:07:51
PTP000015,whatsapp_confirmation_sent,2026-04-02 10:27:50
PTP000015,payment_link_opened,2026-04-06 18:54:57
PTP000016,payment_link_sent,2026-04-01 12:58:28
PTP000016,whatsapp_confirmation_sent,2026-04-02 10:00:23
PTP000016,confirmation_reply_no,2026-04-02 15:17:05
PTP000016,inbound_call_from_customer,2026-04-03 04:16:57
PTP000016,payment_link_opened,2026-04-08 17:49:26
PTP000017,whatsapp_confirmation_sent,2026-04-02 10:13:34
PTP000017,confirmation_reply_yes,2026-04-02 13:57:46
PTP000018,payment_link_sent,2026-04-01 11:16:55
PTP000018,whatsapp_confirmation_sent,2026-04-02 10:11:00
PTP000018,confirmation_reply_no,2026-04-02 15:09:44
PTP000019,payment_link_sent,2026-04-01 09:26:46
PTP000019,whatsapp_confirmation_sent,2026-04-02 10:05:28
PTP000020,whatsapp_confirmation_sent,2026-04-02 10:02:37
PTP000021,whatsapp_confirmation_sent,2026-04-02 10:11:21
PTP000021,confirmation_reply_yes,2026-04-02 12:37:34
PTP000022,payment_link_sent,2026-04-01 09:38:30
PTP000022,payment_link_opened,2026-04-01 10:50:59
PTP000022,whatsapp_confirmation_sent,2026-04-02 10:06:41
PTP000022,payment_link_opened,2026-04-06 09:27:47
PTP000023,whatsapp_confirmation_sent,2026-04-02 10:04:30
PTP000024,payment_link_sent,2026-04-01 08:37:19
PTP000024,whatsapp_confirmation_sent,2026-04-02 10:24:06
PTP000025,payment_link_sent,2026-04-01 11:50:05
PTP000025,payment_link_opened,2026-04-01 14:57:58
PTP000025,whatsapp_confirmation_sent,2026-04-02 10:14:52
PTP000025,confirmation_reply_yes,2026-04-02 12:36:58
PTP000025,payment_link_opened,2026-04-25 21:54:43
PTP000026,whatsapp_confirmation_sent,2026-04-02 10:24:38
PTP000027,payment_link_sent,2026-04-01 09:10:16
PTP000027,whatsapp_confirmation_sent,2026-04-02 10:29:27
PTP000027,confirmation_reply_yes,2026-04-02 11:11:40
PTP000028,payment_link_sent,2026-04-01 08:15:54
PTP000028,payment_link_opened,2026-04-01 08:20:07
PTP000028,whatsapp_confirmation_sent,2026-04-02 10:28:38
PTP000028,confirmation_reply_no,2026-04-02 11:44:21
PTP000029,whatsapp_confirmation_sent,2026-04-02 10:25:50
PTP000029,confirmation_reply_yes,2026-04-02 15:52:20
PTP000030,whatsapp_confirmation_sent,2026-04-02 10:28:08
PTP000031,payment_link_sent,2026-04-01 12:37:12
PTP000031,payment_link_opened,2026-04-01 12:47:03
PTP000031,whatsapp_confirmation_sent,2026-04-02 10:17:24
PTP000031,confirmation_reply_yes,2026-04-02 11:26:37
PTP000032,payment_link_sent,2026-04-01 09:11:05
PTP000032,payment_link_opened,2026-04-01 14:19:05
PTP000032,whatsapp_confirmation_sent,2026-04-02 10:24:15
PTP000032,confirmation_reply_yes,2026-04-02 13:18:44
PTP000033,payment_link_sent,2026-04-01 14:27:29
PTP000033,payment_link_opened,2026-04-01 14:36:42
PTP000033,whatsapp_confirmation_sent,2026-04-02 10:05:21
PTP000034,payment_link_sent,2026-04-01 13:39:17
PTP000034,whatsapp_confirmation_sent,2026-04-02 10:06:00
PTP000034,confirmation_reply_no,2026-04-02 12:58:56
PTP000035,payment_link_sent,2026-04-01 17:14:52
PTP000035,whatsapp_confirmation_sent,2026-04-02 10:09:02
PTP000036,payment_link_sent,2026-04-01 16:43:17
PTP000036,payment_link_opened,2026-04-01 18:49:51
PTP000036,whatsapp_confirmation_sent,2026-04-02 10:00:21
PTP000036,confirmation_reply_yes,2026-04-02 14:53:33
PTP000036,payment_link_opened,2026-04-27 16:50:33
PTP000037,whatsapp_confirmation_sent,2026-04-02 10:10:49
PTP000038,payment_link_sent,2026-04-01 17:13:47
PTP000038,payment_link_opened,2026-04-01 18:16:52
PTP000038,whatsapp_confirmation_sent,2026-04-02 10:11:19
PTP000039,payment_link_sent,2026-04-01 13:33:35
PTP000039,payment_link_opened,2026-04-01 21:26:01
PTP000039,whatsapp_confirmation_sent,2026-04-02 10:08:49
PTP000039,confirmation_reply_yes,2026-04-02 15:25:07
PTP000040,whatsapp_confirmation_sent,2026-04-02 10:01:34
PTP000040,confirmation_reply_yes,2026-04-02 10:24:33
PTP000041,payment_link_sent,2026-04-01 14:19:10
PTP000041,whatsapp_confirmation_sent,2026-04-02 10:02:48
PTP000041,confirmation_reply_yes,2026-04-02 13:21:12
PTP000043,payment_link_sent,2026-04-01 12:55:59
PTP000045,payment_link_sent,2026-04-01 11:00:18
PTP000047,payment_link_sent,2026-04-01 10:59:31
PTP000052,payment_link_sent,2026-04-01 11:29:56
PTP000052,payment_link_opened,2026-04-01 11:31:04
PTP000052,payment_link_opened,2026-04-24 18:12:47
PTP000053,payment_link_sent,2026-04-01 12:36:24
PTP000053,payment_link_opened,2026-04-01 18:15:55
PTP000055,payment_link_sent,2026-04-02 11:21:44
PTP000055,inbound_call_from_customer,2026-04-03 08:28:32
PTP000055,whatsapp_confirmation_sent,2026-04-03 10:03:48
PTP000055,payment_link_opened,2026-04-03 22:46:39
PTP000056,payment_link_sent,2026-04-02 08:22:03
PTP000056,whatsapp_confirmation_sent,2026-04-03 10:03:47
PTP000056,payment_link_opened,2026-04-04 18:41:28
PTP000057,payment_link_sent,2026-04-02 09:46:17
PTP000057,whatsapp_confirmation_sent,2026-04-03 10:05:12
PTP000057,inbound_call_from_customer,2026-04-03 13:29:19
PTP000057,payment_link_opened,2026-04-06 08:55:43
PTP000058,payment_link_sent,2026-04-02 09:13:04
PTP000058,whatsapp_confirmation_sent,2026-04-03 10:21:22
PTP000059,payment_link_sent,2026-04-02 11:57:11
PTP000059,payment_link_opened,2026-04-02 15:47:41
PTP000059,whatsapp_confirmation_sent,2026-04-03 10:11:24
PTP000060,payment_link_sent,2026-04-02 08:22:32
PTP000060,payment_link_opened,2026-04-02 09:25:46
PTP000060,whatsapp_confirmation_sent,2026-04-03 10:26:31
PTP000060,payment_link_opened,2026-04-05 18:04:02
PTP000061,payment_link_sent,2026-04-02 12:27:54
PTP000061,payment_link_opened,2026-04-02 14:13:34
PTP000061,whatsapp_confirmation_sent,2026-04-03 10:27:41
PTP000061,payment_link_opened,2026-04-11 10:34:43
PTP000062,payment_link_sent,2026-04-02 12:48:38
PTP000062,whatsapp_confirmation_sent,2026-04-03 10:17:10
PTP000063,payment_link_sent,2026-04-02 12:27:58
PTP000063,payment_link_opened,2026-04-02 19:06:02
PTP000063,whatsapp_confirmation_sent,2026-04-03 10:11:19
PTP000063,confirmation_reply_no,2026-04-03 14:41:46
PTP000064,payment_link_sent,2026-04-02 10:54:27
PTP000064,inbound_call_from_customer,2026-04-03 01:11:27
PTP000064,whatsapp_confirmation_sent,2026-04-03 10:22:17
PTP000065,payment_link_sent,2026-04-02 09:12:57
PTP000065,payment_link_opened,2026-04-02 19:30:16
PTP000065,whatsapp_confirmation_sent,2026-04-03 10:23:46
PTP000065,confirmation_reply_yes,2026-04-03 14:48:52
PTP000066,payment_link_sent,2026-04-02 12:22:34
PTP000066,whatsapp_confirmation_sent,2026-04-03 10:09:23
PTP000067,whatsapp_confirmation_sent,2026-04-03 10:03:30
PTP000067,confirmation_reply_no,2026-04-03 10:55:37
PTP000068,payment_link_sent,2026-04-02 09:57:54
PTP000068,whatsapp_confirmation_sent,2026-04-03 10:02:28
PTP000069,payment_link_sent,2026-04-02 08:12:33
PTP000069,whatsapp_confirmation_sent,2026-04-03 10:07:50
PTP000069,confirmation_reply_yes,2026-04-03 12:39:46
PTP000070,payment_link_sent,2026-04-02 08:39:12
PTP000070,whatsapp_confirmation_sent,2026-04-03 10:29:00
PTP000071,whatsapp_confirmation_sent,2026-04-03 10:10:47
PTP000071,confirmation_reply_yes,2026-04-03 11:42:26
PTP000072,payment_link_sent,2026-04-02 11:06:04
PTP000072,whatsapp_confirmation_sent,2026-04-03 10:15:18
PTP000073,whatsapp_confirmation_sent,2026-04-03 10:05:39
PTP000074,payment_link_sent,2026-04-02 10:46:56
PTP000074,whatsapp_confirmation_sent,2026-04-03 10:10:06
PTP000075,payment_link_sent,2026-04-02 12:28:21
PTP000075,whatsapp_confirmation_sent,2026-04-03 10:11:53
PTP000076,payment_link_sent,2026-04-02 08:16:03
PTP000076,whatsapp_confirmation_sent,2026-04-03 10:26:57
PTP000077,payment_link_sent,2026-04-02 09:16:00
PTP000077,whatsapp_confirmation_sent,2026-04-03 10:16:32
PTP000078,payment_link_sent,2026-04-02 09:02:38
PTP000078,whatsapp_confirmation_sent,2026-04-03 10:29:47
PTP000079,payment_link_sent,2026-04-02 11:44:46
PTP000079,whatsapp_confirmation_sent,2026-04-03 10:22:05
PTP000080,payment_link_sent,2026-04-02 12:19:16
PTP000080,whatsapp_confirmation_sent,2026-04-03 10:27:16
PTP000081,whatsapp_confirmation_sent,2026-04-03 10:27:41
PTP000082,payment_link_sent,2026-04-02 11:36:47
PTP000082,whatsapp_confirmation_sent,2026-04-03 10:15:12
PTP000082,payment_link_opened,2026-04-10 07:54:26
PTP000083,payment_link_sent,2026-04-02 11:36:29
PTP000083,payment_link_opened,2026-04-02 12:06:08
PTP000083,whatsapp_confirmation_sent,2026-04-03 10:09:47
PTP000083,payment_link_opened,2026-04-30 22:22:16
PTP000084,payment_link_sent,2026-04-02 11:41:35
PTP000084,whatsapp_confirmation_sent,2026-04-03 10:03:19
PTP000085,payment_link_sent,2026-04-02 09:46:47
PTP000085,whatsapp_confirmation_sent,2026-04-03 10:26:31
PTP000086,payment_link_sent,2026-04-02 09:18:45
PTP000086,whatsapp_confirmation_sent,2026-04-03 10:11:46
PTP000086,confirmation_reply_yes,2026-04-03 14:20:03
PTP000086,payment_link_opened,2026-04-13 08:45:01
PTP000087,whatsapp_confirmation_sent,2026-04-03 10:00:22
PTP000088,payment_link_sent,2026-04-02 09:38:10
PTP000088,whatsapp_confirmation_sent,2026-04-03 10:05:20
PTP000088,confirmation_reply_yes,2026-04-03 14:21:54
PTP000088,payment_link_opened,2026-04-13 12:04:30
PTP000089,payment_link_sent,2026-04-02 10:01:48
PTP000089,payment_link_opened,2026-04-02 17:29:13
PTP000089,inbound_call_from_customer,2026-04-03 01:58:00
PTP000089,whatsapp_confirmation_sent,2026-04-03 10:24:26
PTP000089,confirmation_reply_yes,2026-04-03 13:29:16
PTP000090,payment_link_sent,2026-04-02 08:53:54
PTP000090,payment_link_opened,2026-04-02 09:17:25
PTP000090,payment_link_opened,2026-04-03 07:58:25
PTP000090,whatsapp_confirmation_sent,2026-04-03 10:24:24
PTP000091,payment_link_sent,2026-04-02 10:59:17
PTP000091,whatsapp_confirmation_sent,2026-04-03 10:28:29
PTP000091,confirmation_reply_yes,2026-04-03 12:38:10
PTP000092,payment_link_sent,2026-04-02 09:58:49
PTP000092,whatsapp_confirmation_sent,2026-04-03 10:01:02
PTP000093,whatsapp_confirmation_sent,2026-04-03 10:24:33
PTP000094,payment_link_sent,2026-04-02 12:09:33
PTP000094,payment_link_opened,2026-04-02 16:52:54
PTP000094,whatsapp_confirmation_sent,2026-04-03 10:13:35
PTP000094,confirmation_reply_yes,2026-04-03 12:16:42
PTP000094,payment_link_opened,2026-04-06 15:24:48
PTP000095,whatsapp_confirmation_sent,2026-04-03 10:09:54
PTP000096,payment_link_sent,2026-04-02 12:20:23
PTP000096,payment_link_opened,2026-04-02 12:54:10
PTP000096,whatsapp_confirmation_sent,2026-04-03 10:08:44
PTP000096,confirmation_reply_yes,2026-04-03 12:55:36
PTP000096,payment_link_opened,2026-04-09 19:31:44
PTP000097,payment_link_sent,2026-04-02 09:40:24
PTP000097,payment_link_opened,2026-04-02 10:01:17
PTP000097,whatsapp_confirmation_sent,2026-04-03 10:07:54
PTP000097,confirmation_reply_yes,2026-04-03 14:14:10
PTP000097,payment_link_opened,2026-04-26 08:10:19
PTP000098,payment_link_sent,2026-04-02 10:21:36
PTP000098,whatsapp_confirmation_sent,2026-04-03 10:06:35
PTP000099,payment_link_sent,2026-04-02 09:30:52
PTP000099,payment_link_opened,2026-04-02 12:34:39
PTP000099,whatsapp_confirmation_sent,2026-04-03 10:13:02
PTP000099,payment_link_opened,2026-04-05 19:34:33
PTP000100,payment_link_sent,2026-04-02 08:41:40
PTP000100,whatsapp_confirmation_sent,2026-04-03 10:26:35
PTP000101,payment_link_sent,2026-04-02 09:58:12
PTP000101,payment_link_opened,2026-04-02 15:28:27
PTP000101,whatsapp_confirmation_sent,2026-04-03 10:08:19
PTP000101,confirmation_reply_yes,2026-04-03 10:22:53
PTP000102,payment_link_sent,2026-04-02 10:50:01
PTP000102,whatsapp_confirmation_sent,2026-04-03 10:21:48
PTP000103,whatsapp_confirmation_sent,2026-04-03 10:29:25
PTP000104,payment_link_sent,2026-04-02 08:31:56
PTP000104,whatsapp_confirmation_sent,2026-04-03 10:26:59
PTP000104,confirmation_reply_no,2026-04-03 10:57:15
PTP000105,whatsapp_confirmation_sent,2026-04-03 10:25:44
PTP000105,confirmation_reply_yes,2026-04-03 15:24:35
PTP000106,payment_link_sent,2026-04-02 12:45:08
PTP000106,payment_link_opened,2026-04-03 07:10:35
PTP000106,whatsapp_confirmation_sent,2026-04-03 10:24:44
PTP000106,confirmation_reply_yes,2026-04-03 11:42:03
PTP000107,payment_link_sent,2026-04-02 12:48:40
PTP000107,whatsapp_confirmation_sent,2026-04-03 10:20:00
PTP000107,payment_link_opened,2026-04-15 18:44:36
PTP000108,payment_link_sent,2026-04-02 12:58:39
PTP000108,whatsapp_confirmation_sent,2026-04-03 10:18:21
PTP000109,payment_link_sent,2026-04-02 14:20:19
PTP000109,whatsapp_confirmation_sent,2026-04-03 10:20:07
PTP000109,confirmation_reply_no,2026-04-03 12:27:55
PTP000110,payment_link_sent,2026-04-02 15:59:56
PTP000110,whatsapp_confirmation_sent,2026-04-03 10:01:29
PTP000110,confirmation_reply_yes,2026-04-03 10:36:22
PTP000111,payment_link_sent,2026-04-02 17:25:46
PTP000111,whatsapp_confirmation_sent,2026-04-03 10:26:52
PTP000112,whatsapp_confirmation_sent,2026-04-03 10:22:28
PTP000113,payment_link_sent,2026-04-02 14:14:49
PTP000113,whatsapp_confirmation_sent,2026-04-03 10:14:17
PTP000114,whatsapp_confirmation_sent,2026-04-03 10:22:58
PTP000115,whatsapp_confirmation_sent,2026-04-03 10:23:20
PTP000116,payment_link_sent,2026-04-02 16:09:03
PTP000116,payment_link_opened,2026-04-02 16:27:35
PTP000116,whatsapp_confirmation_sent,2026-04-03 10:12:12
PTP000116,confirmation_reply_yes,2026-04-03 14:52:11
PTP000116,payment_link_opened,2026-04-09 17:29:37
PTP000117,whatsapp_confirmation_sent,2026-04-03 10:21:49
PTP000118,payment_link_sent,2026-04-02 18:28:18
PTP000118,whatsapp_confirmation_sent,2026-04-03 10:18:35
PTP000119,payment_link_sent,2026-04-02 15:55:21
PTP000119,whatsapp_confirmation_sent,2026-04-03 10:04:11
PTP000119,confirmation_reply_no,2026-04-03 12:23:38
PTP000120,payment_link_sent,2026-04-02 14:57:16
PTP000120,whatsapp_confirmation_sent,2026-04-03 10:06:12
PTP000121,whatsapp_confirmation_sent,2026-04-03 10:00:11
PTP000122,payment_link_sent,2026-04-02 17:17:32
PTP000122,whatsapp_confirmation_sent,2026-04-03 10:11:11
PTP000123,payment_link_sent,2026-04-02 17:37:46
PTP000123,whatsapp_confirmation_sent,2026-04-03 10:06:01
PTP000124,inbound_call_from_customer,2026-04-04 16:05:50
PTP000129,payment_link_sent,2026-04-02 11:33:33
PTP000132,payment_link_sent,2026-04-03 10:58:01
PTP000132,whatsapp_confirmation_sent,2026-04-04 10:01:52
PTP000132,confirmation_reply_yes,2026-04-04 10:38:11
PTP000133,payment_link_sent,2026-04-03 08:41:19
PTP000133,whatsapp_confirmation_sent,2026-04-04 10:06:43
PTP000133,confirmation_reply_yes,2026-04-04 15:29:01
PTP000133,payment_link_opened,2026-04-28 21:22:49
PTP000134,payment_link_sent,2026-04-03 08:59:59
PTP000134,whatsapp_confirmation_sent,2026-04-04 10:18:37
PTP000135,payment_link_sent,2026-04-03 11:37:25
PTP000135,whatsapp_confirmation_sent,2026-04-04 10:02:17
PTP000135,confirmation_reply_yes,2026-04-04 15:09:24
PTP000136,payment_link_sent,2026-04-03 12:58:02
PTP000136,whatsapp_confirmation_sent,2026-04-04 10:08:39
PTP000136,payment_link_opened,2026-05-06 15:48:48
PTP000137,payment_link_sent,2026-04-03 12:17:32
PTP000137,whatsapp_confirmation_sent,2026-04-04 10:16:36
PTP000138,payment_link_sent,2026-04-03 12:09:21
PTP000138,payment_link_opened,2026-04-03 13:55:48
PTP000138,whatsapp_confirmation_sent,2026-04-04 10:13:48
PTP000138,confirmation_reply_yes,2026-04-04 15:21:20
PTP000139,payment_link_sent,2026-04-03 09:00:58
PTP000139,whatsapp_confirmation_sent,2026-04-04 10:02:20
PTP000139,confirmation_reply_yes,2026-04-04 11:24:24
PTP000140,payment_link_sent,2026-04-03 12:12:42
PTP000140,whatsapp_confirmation_sent,2026-04-04 10:02:13
PTP000140,confirmation_reply_no,2026-04-04 10:57:44
PTP000140,payment_link_opened,2026-04-16 22:50:10
PTP000141,whatsapp_confirmation_sent,2026-04-04 10:15:07
PTP000142,payment_link_sent,2026-04-03 09:09:15
PTP000142,whatsapp_confirmation_sent,2026-04-04 10:06:17
PTP000142,confirmation_reply_yes,2026-04-04 11:38:54
PTP000143,payment_link_sent,2026-04-03 11:15:03
PTP000143,whatsapp_confirmation_sent,2026-04-04 10:12:01
PTP000144,payment_link_sent,2026-04-03 08:21:25
PTP000144,whatsapp_confirmation_sent,2026-04-04 10:23:17
PTP000144,confirmation_reply_yes,2026-04-04 13:31:02
PTP000145,payment_link_sent,2026-04-03 09:19:57
PTP000145,payment_link_opened,2026-04-03 10:43:06
PTP000145,whatsapp_confirmation_sent,2026-04-04 10:19:39
PTP000146,whatsapp_confirmation_sent,2026-04-04 10:12:42
PTP000147,payment_link_sent,2026-04-03 08:10:26
PTP000147,payment_link_opened,2026-04-03 10:41:09
PTP000147,whatsapp_confirmation_sent,2026-04-04 10:22:49
PTP000147,inbound_call_from_customer,2026-04-04 10:25:22
PTP000148,payment_link_sent,2026-04-03 08:55:29
PTP000148,whatsapp_confirmation_sent,2026-04-04 10:08:01
PTP000149,payment_link_sent,2026-04-03 11:06:21
PTP000149,whatsapp_confirmation_sent,2026-04-04 10:04:12
PTP000149,confirmation_reply_no,2026-04-04 13:26:07
PTP000150,payment_link_sent,2026-04-03 12:59:34
PTP000150,whatsapp_confirmation_sent,2026-04-04 10:04:01
PTP000150,confirmation_reply_yes,2026-04-04 11:42:44
PTP000150,payment_link_opened,2026-04-09 17:28:23
PTP000151,payment_link_sent,2026-04-03 10:52:41
PTP000151,whatsapp_confirmation_sent,2026-04-04 10:29:32
PTP000151,confirmation_reply_yes,2026-04-04 15:58:09
PTP000152,whatsapp_confirmation_sent,2026-04-04 10:14:29
PTP000152,confirmation_reply_yes,2026-04-04 14:15:05
PTP000153,whatsapp_confirmation_sent,2026-04-04 10:17:52
PTP000154,payment_link_sent,2026-04-03 09:19:05
PTP000154,payment_link_opened,2026-04-03 09:28:44
PTP000154,whatsapp_confirmation_sent,2026-04-04 10:12:35
PTP000154,payment_link_opened,2026-04-06 08:58:05
PTP000155,whatsapp_confirmation_sent,2026-04-04 10:03:16
PTP000156,payment_link_sent,2026-04-03 08:38:52
PTP000156,whatsapp_confirmation_sent,2026-04-04 10:24:26
PTP000157,payment_link_sent,2026-04-03 12:15:42
PTP000157,whatsapp_confirmation_sent,2026-04-04 10:01:12
PTP000157,confirmation_reply_yes,2026-04-04 12:53:03
PTP000157,payment_link_opened,2026-04-26 22:39:28
PTP000158,whatsapp_confirmation_sent,2026-04-04 10:26:58
PTP000159,inbound_call_from_customer,2026-04-04 05:28:34
PTP000159,whatsapp_confirmation_sent,2026-04-04 10:10:20
PTP000159,confirmation_reply_yes,2026-04-04 13:26:24
PTP000160,payment_link_sent,2026-04-03 12:23:42
PTP000160,whatsapp_confirmation_sent,2026-04-04 10:18:17
PTP000160,confirmation_reply_yes,2026-04-04 12:30:18
PTP000161,whatsapp_confirmation_sent,2026-04-04 10:17:28
PTP000161,confirmation_reply_yes,2026-04-04 11:14:19
PTP000162,whatsapp_confirmation_sent,2026-04-04 10:10:35
PTP000163,payment_link_sent,2026-04-03 10:39:38
PTP000163,payment_link_opened,2026-04-03 13:30:26
PTP000163,whatsapp_confirmation_sent,2026-04-04 10:01:07
PTP000163,confirmation_reply_yes,2026-04-04 14:02:06
PTP000163,payment_link_opened,2026-04-26 10:27:54
PTP000164,whatsapp_confirmation_sent,2026-04-04 10:25:03
PTP000164,confirmation_reply_yes,2026-04-04 11:33:19
PTP000165,payment_link_sent,2026-04-03 11:36:55
PTP000165,payment_link_opened,2026-04-03 11:52:26
PTP000165,whatsapp_confirmation_sent,2026-04-04 10:14:48
PTP000166,payment_link_sent,2026-04-03 11:49:27
PTP000166,whatsapp_confirmation_sent,2026-04-04 10:13:52
PTP000167,payment_link_sent,2026-04-03 08:51:34
PTP000167,payment_link_opened,2026-04-03 13:13:41
PTP000167,whatsapp_confirmation_sent,2026-04-04 10:09:00
PTP000168,payment_link_sent,2026-04-03 10:05:19
PTP000168,payment_link_opened,2026-04-03 17:17:36
PTP000168,inbound_call_from_customer,2026-04-04 05:35:48
PTP000168,whatsapp_confirmation_sent,2026-04-04 10:19:54
PTP000168,confirmation_reply_yes,2026-04-04 10:52:58
PTP000169,payment_link_sent,2026-04-03 09:04:08
PTP000169,whatsapp_confirmation_sent,2026-04-04 10:14:38
PTP000170,whatsapp_confirmation_sent,2026-04-04 10:28:19
PTP000170,confirmation_reply_no,2026-04-04 15:49:48
PTP000171,payment_link_sent,2026-04-03 11:28:26
PTP000171,whatsapp_confirmation_sent,2026-04-04 10:10:27
PTP000171,payment_link_opened,2026-04-08 13:00:25
PTP000172,payment_link_sent,2026-04-03 12:57:54
PTP000172,payment_link_opened,2026-04-03 13:21:45
PTP000172,whatsapp_confirmation_sent,2026-04-04 10:29:11
PTP000173,payment_link_sent,2026-04-03 08:58:02
PTP000173,payment_link_opened,2026-04-03 10:34:50
PTP000173,whatsapp_confirmation_sent,2026-04-04 10:01:02
PTP000174,payment_link_sent,2026-04-03 13:44:08
PTP000174,whatsapp_confirmation_sent,2026-04-04 10:11:46
PTP000174,payment_link_opened,2026-04-10 12:25:58
PTP000175,whatsapp_confirmation_sent,2026-04-04 10:17:14
PTP000175,confirmation_reply_yes,2026-04-04 11:35:09
PTP000176,payment_link_sent,2026-04-03 18:35:18
PTP000176,whatsapp_confirmation_sent,2026-04-04 10:21:31
PTP000176,confirmation_reply_yes,2026-04-04 12:31:28
PTP000176,payment_link_opened,2026-04-15 18:09:11
PTP000177,payment_link_sent,2026-04-03 17:41:38
PTP000177,whatsapp_confirmation_sent,2026-04-04 10:13:46
PTP000177,confirmation_reply_no,2026-04-04 11:16:28
PTP000177,payment_link_opened,2026-04-05 08:05:55
PTP000178,payment_link_sent,2026-04-03 16:52:19
PTP000178,payment_link_opened,2026-04-03 20:50:36
PTP000178,whatsapp_confirmation_sent,2026-04-04 10:21:32
PTP000178,confirmation_reply_yes,2026-04-04 11:17:38
PTP000178,payment_link_opened,2026-04-10 17:02:03
PTP000179,payment_link_sent,2026-04-03 16:19:03
PTP000179,whatsapp_confirmation_sent,2026-04-04 10:28:57
PTP000180,payment_link_sent,2026-04-03 15:32:54
PTP000180,payment_link_opened,2026-04-03 17:02:05
PTP000180,whatsapp_confirmation_sent,2026-04-04 10:02:13
PTP000180,confirmation_reply_no,2026-04-04 10:26:05
PTP000180,payment_link_opened,2026-04-10 09:49:13
PTP000181,payment_link_sent,2026-04-03 13:22:05
PTP000181,whatsapp_confirmation_sent,2026-04-04 10:00:12
PTP000181,confirmation_reply_yes,2026-04-04 10:13:19
PTP000181,payment_link_opened,2026-04-06 14:33:07
PTP000182,whatsapp_confirmation_sent,2026-04-04 10:09:25
PTP000182,confirmation_reply_yes,2026-04-04 10:20:14
PTP000184,inbound_call_from_customer,2026-04-10 03:46:53
PTP000186,payment_link_sent,2026-04-03 12:11:08
PTP000187,payment_link_sent,2026-04-03 11:22:28
PTP000191,payment_link_sent,2026-04-04 10:27:07
PTP000191,payment_link_opened,2026-04-04 14:14:00
PTP000191,whatsapp_confirmation_sent,2026-04-05 10:02:14
PTP000192,payment_link_sent,2026-04-04 12:27:22
PTP000192,whatsapp_confirmation_sent,2026-04-05 10:08:40
PTP000193,payment_link_sent,2026-04-04 10:42:09
PTP000193,whatsapp_confirmation_sent,2026-04-05 10:22:01
PTP000193,confirmation_reply_no,2026-04-05 15:43:35
PTP000194,payment_link_sent,2026-04-04 09:51:47
PTP000194,whatsapp_confirmation_sent,2026-04-05 10:15:12
PTP000195,payment_link_sent,2026-04-04 12:04:27
PTP000195,whatsapp_confirmation_sent,2026-04-05 10:16:35
PTP000195,confirmation_reply_yes,2026-04-05 12:19:04
PTP000195,payment_link_opened,2026-04-15 18:04:16
PTP000196,payment_link_sent,2026-04-04 09:51:32
PTP000196,whatsapp_confirmation_sent,2026-04-05 10:01:22
PTP000197,payment_link_sent,2026-04-04 08:16:31
PTP000197,whatsapp_confirmation_sent,2026-04-05 10:19:56
PTP000198,payment_link_sent,2026-04-04 09:22:41
PTP000198,payment_link_opened,2026-04-04 09:58:41
PTP000198,whatsapp_confirmation_sent,2026-04-05 10:29:55
PTP000198,payment_link_opened,2026-04-29 20:28:51
PTP000199,payment_link_sent,2026-04-04 10:25:14
PTP000199,whatsapp_confirmation_sent,2026-04-05 10:08:31
PTP000200,payment_link_sent,2026-04-04 11:36:06
PTP000200,payment_link_opened,2026-04-04 12:35:54
PTP000200,whatsapp_confirmation_sent,2026-04-05 10:02:36
PTP000200,confirmation_reply_yes,2026-04-05 12:01:55
PTP000200,payment_link_opened,2026-04-10 10:55:21
PTP000201,payment_link_sent,2026-04-04 11:46:32
PTP000201,whatsapp_confirmation_sent,2026-04-05 10:03:25
PTP000202,whatsapp_confirmation_sent,2026-04-05 10:16:45
PTP000203,whatsapp_confirmation_sent,2026-04-05 10:00:01
PTP000204,payment_link_sent,2026-04-04 08:15:38
PTP000204,inbound_call_from_customer,2026-04-04 23:04:22
PTP000204,whatsapp_confirmation_sent,2026-04-05 10:28:04
PTP000204,confirmation_reply_yes,2026-04-05 15:44:35
PTP000205,whatsapp_confirmation_sent,2026-04-05 10:05:45
PTP000205,confirmation_reply_yes,2026-04-05 13:16:23
PTP000206,whatsapp_confirmation_sent,2026-04-05 10:10:58
PTP000206,confirmation_reply_no,2026-04-05 12:19:21
PTP000207,whatsapp_confirmation_sent,2026-04-05 10:28:33
PTP000207,confirmation_reply_yes,2026-04-05 15:54:13
PTP000208,payment_link_sent,2026-04-04 11:57:30
PTP000208,payment_link_opened,2026-04-04 13:49:41
PTP000208,whatsapp_confirmation_sent,2026-04-05 10:15:05
PTP000208,confirmation_reply_yes,2026-04-05 15:08:06
PTP000209,whatsapp_confirmation_sent,2026-04-05 10:07:55
PTP000209,confirmation_reply_yes,2026-04-05 14:26:15
PTP000210,whatsapp_confirmation_sent,2026-04-05 10:02:13
PTP000210,confirmation_reply_yes,2026-04-05 14:18:40
PTP000210,inbound_call_from_customer,2026-04-08 10:49:57
PTP000211,payment_link_sent,2026-04-04 11:28:41
PTP000211,whatsapp_confirmation_sent,2026-04-05 10:19:07
PTP000212,payment_link_sent,2026-04-04 08:43:44
PTP000212,whatsapp_confirmation_sent,2026-04-05 10:10:34
PTP000213,payment_link_sent,2026-04-04 09:41:23
PTP000213,whatsapp_confirmation_sent,2026-04-05 10:25:53
PTP000214,payment_link_sent,2026-04-04 09:06:41
PTP000214,whatsapp_confirmation_sent,2026-04-05 10:17:54
PTP000215,payment_link_sent,2026-04-04 09:55:22
PTP000215,whatsapp_confirmation_sent,2026-04-05 10:16:40
PTP000215,inbound_call_from_customer,2026-04-09 09:48:07
PTP000216,payment_link_sent,2026-04-04 11:05:28
PTP000216,whatsapp_confirmation_sent,2026-04-05 10:26:20
PTP000217,payment_link_sent,2026-04-04 09:53:40
PTP000217,whatsapp_confirmation_sent,2026-04-05 10:03:35
PTP000217,confirmation_reply_no,2026-04-05 10:34:20
PTP000218,payment_link_sent,2026-04-04 09:38:55
PTP000218,whatsapp_confirmation_sent,2026-04-05 10:09:49
PTP000218,payment_link_opened,2026-04-06 13:47:15
PTP000219,payment_link_sent,2026-04-04 13:08:55
PTP000219,whatsapp_confirmation_sent,2026-04-05 10:20:58
PTP000220,payment_link_sent,2026-04-04 09:42:48
PTP000220,whatsapp_confirmation_sent,2026-04-05 10:10:31
PTP000221,whatsapp_confirmation_sent,2026-04-05 10:19:38
PTP000221,confirmation_reply_yes,2026-04-05 11:37:18
PTP000222,whatsapp_confirmation_sent,2026-04-05 10:10:17
PTP000222,confirmation_reply_yes,2026-04-05 15:09:06
PTP000223,payment_link_sent,2026-04-04 13:02:32
PTP000223,payment_link_opened,2026-04-04 19:50:55
PTP000223,whatsapp_confirmation_sent,2026-04-05 10:25:27
PTP000224,payment_link_sent,2026-04-04 12:03:54
PTP000224,whatsapp_confirmation_sent,2026-04-05 10:21:59
PTP000225,whatsapp_confirmation_sent,2026-04-05 10:22:38
PTP000225,confirmation_reply_yes,2026-04-05 12:02:16
PTP000225,inbound_call_from_customer,2026-04-06 16:35:16
PTP000226,payment_link_sent,2026-04-04 08:19:32
PTP000226,payment_link_opened,2026-04-05 07:14:17
PTP000226,whatsapp_confirmation_sent,2026-04-05 10:21:07
PTP000226,confirmation_reply_yes,2026-04-05 15:36:06
PTP000227,payment_link_sent,2026-04-04 12:08:46
PTP000227,whatsapp_confirmation_sent,2026-04-05 10:05:41
PTP000228,payment_link_sent,2026-04-04 11:47:48
PTP000228,whatsapp_confirmation_sent,2026-04-05 10:20:37
PTP000228,confirmation_reply_yes,2026-04-05 14:26:08
PTP000229,payment_link_sent,2026-04-04 12:00:40
PTP000229,whatsapp_confirmation_sent,2026-04-05 10:24:52
PTP000230,payment_link_sent,2026-04-04 10:16:07
PTP000230,whatsapp_confirmation_sent,2026-04-05 10:08:47
PTP000230,payment_link_opened,2026-04-10 22:30:09
PTP000231,payment_link_sent,2026-04-04 12:26:28
PTP000231,whatsapp_confirmation_sent,2026-04-05 10:00:46
PTP000232,payment_link_sent,2026-04-04 08:43:44
PTP000232,payment_link_opened,2026-04-04 14:00:16
PTP000232,whatsapp_confirmation_sent,2026-04-05 10:12:40
PTP000233,payment_link_sent,2026-04-04 11:54:06
PTP000233,whatsapp_confirmation_sent,2026-04-05 10:20:20
PTP000233,payment_link_opened,2026-04-29 17:32:43
PTP000234,payment_link_sent,2026-04-04 08:47:56
PTP000234,payment_link_opened,2026-04-04 21:27:19
PTP000234,whatsapp_confirmation_sent,2026-04-05 10:07:08
PTP000235,payment_link_sent,2026-04-04 13:43:27
PTP000235,whatsapp_confirmation_sent,2026-04-05 10:01:24
PTP000236,whatsapp_confirmation_sent,2026-04-05 10:08:51
PTP000236,confirmation_reply_yes,2026-04-05 10:24:26
PTP000237,payment_link_sent,2026-04-04 15:30:28
PTP000237,whatsapp_confirmation_sent,2026-04-05 10:25:24
PTP000238,payment_link_sent,2026-04-04 18:50:03
PTP000238,whatsapp_confirmation_sent,2026-04-05 10:06:28
PTP000239,whatsapp_confirmation_sent,2026-04-05 10:08:11
PTP000240,payment_link_sent,2026-04-04 14:57:47
PTP000240,whatsapp_confirmation_sent,2026-04-05 10:25:11
PTP000241,whatsapp_confirmation_sent,2026-04-05 10:02:55
PTP000242,payment_link_sent,2026-04-04 12:33:04
PTP000243,payment_link_sent,2026-04-04 12:15:37
PTP000243,payment_link_opened,2026-04-04 14:23:17
PTP000243,payment_link_opened,2026-04-12 22:01:28
PTP000245,inbound_call_from_customer,2026-04-06 05:42:27
PTP000246,payment_link_sent,2026-04-04 10:31:34
PTP000246,payment_link_opened,2026-04-04 12:11:50
PTP000246,payment_link_opened,2026-04-27 14:57:44
PTP000249,payment_link_sent,2026-04-05 09:29:55
PTP000249,whatsapp_confirmation_sent,2026-04-06 10:00:00
PTP000250,payment_link_sent,2026-04-05 10:03:11
PTP000250,whatsapp_confirmation_sent,2026-04-06 10:21:13
PTP000251,payment_link_sent,2026-04-05 12:35:41
PTP000251,whatsapp_confirmation_sent,2026-04-06 10:05:08
PTP000251,confirmation_reply_yes,2026-04-06 13:32:32
PTP000251,payment_link_opened,2026-04-14 10:49:47
PTP000252,payment_link_sent,2026-04-05 12:29:07
PTP000252,payment_link_opened,2026-04-05 12:51:32
PTP000252,whatsapp_confirmation_sent,2026-04-06 10:05:59
PTP000252,payment_link_opened,2026-04-15 21:43:08
PTP000253,payment_link_sent,2026-04-05 10:38:24
PTP000253,whatsapp_confirmation_sent,2026-04-06 10:19:28
PTP000254,payment_link_sent,2026-04-05 11:04:20
PTP000254,payment_link_opened,2026-04-05 12:30:16
PTP000254,whatsapp_confirmation_sent,2026-04-06 10:24:20
PTP000254,payment_link_opened,2026-04-12 13:29:50
PTP000255,payment_link_sent,2026-04-05 10:56:15
PTP000255,payment_link_opened,2026-04-05 13:26:45
PTP000255,whatsapp_confirmation_sent,2026-04-06 10:08:43
PTP000256,payment_link_sent,2026-04-05 10:59:04
PTP000256,payment_link_opened,2026-04-05 16:01:00
PTP000256,whatsapp_confirmation_sent,2026-04-06 10:05:43
PTP000256,inbound_call_from_customer,2026-04-15 03:44:00
PTP000256,payment_link_opened,2026-04-28 13:13:20
PTP000257,payment_link_sent,2026-04-05 12:55:20
PTP000257,payment_link_opened,2026-04-05 17:38:01
PTP000257,whatsapp_confirmation_sent,2026-04-06 10:00:37
PTP000257,confirmation_reply_yes,2026-04-06 14:31:28
PTP000257,payment_link_opened,2026-04-13 19:29:50
PTP000258,payment_link_sent,2026-04-05 12:36:30
PTP000258,payment_link_opened,2026-04-05 16:37:29
PTP000258,whatsapp_confirmation_sent,2026-04-06 10:20:43
PTP000258,confirmation_reply_yes,2026-04-06 10:39:02
PTP000259,payment_link_sent,2026-04-05 08:51:05
PTP000259,whatsapp_confirmation_sent,2026-04-06 10:17:37
PTP000260,whatsapp_confirmation_sent,2026-04-06 10:16:45
PTP000260,confirmation_reply_no,2026-04-06 15:08:12
PTP000261,payment_link_sent,2026-04-05 10:32:19
PTP000261,payment_link_opened,2026-04-05 10:39:25
PTP000261,whatsapp_confirmation_sent,2026-04-06 10:25:52
PTP000261,confirmation_reply_yes,2026-04-06 11:07:40
PTP000261,payment_link_opened,2026-05-02 11:58:47
PTP000262,whatsapp_confirmation_sent,2026-04-06 10:06:14
PTP000262,confirmation_reply_yes,2026-04-06 12:22:14
PTP000263,payment_link_sent,2026-04-05 12:40:53
PTP000263,payment_link_opened,2026-04-05 17:13:45
PTP000263,whatsapp_confirmation_sent,2026-04-06 10:03:17
PTP000263,confirmation_reply_yes,2026-04-06 10:35:30
PTP000264,payment_link_sent,2026-04-05 09:04:21
PTP000264,payment_link_opened,2026-04-05 13:22:44
PTP000264,whatsapp_confirmation_sent,2026-04-06 10:29:07
PTP000265,payment_link_sent,2026-04-05 08:34:34
PTP000265,whatsapp_confirmation_sent,2026-04-06 10:25:08
PTP000265,confirmation_reply_yes,2026-04-06 11:11:31
PTP000265,payment_link_opened,2026-04-30 14:49:07
PTP000266,payment_link_sent,2026-04-05 15:00:30
PTP000266,whatsapp_confirmation_sent,2026-04-06 10:02:20
PTP000267,whatsapp_confirmation_sent,2026-04-06 10:10:27
PTP000267,confirmation_reply_yes,2026-04-06 14:38:36
PTP000268,payment_link_sent,2026-04-05 15:51:28
PTP000268,whatsapp_confirmation_sent,2026-04-06 10:23:22
PTP000268,confirmation_reply_yes,2026-04-06 14:59:10
PTP000269,payment_link_sent,2026-04-05 17:23:49
PTP000269,whatsapp_confirmation_sent,2026-04-06 10:02:34
PTP000270,payment_link_sent,2026-04-05 17:52:55
PTP000270,whatsapp_confirmation_sent,2026-04-06 10:12:28
PTP000271,payment_link_sent,2026-04-05 16:43:57
PTP000271,whatsapp_confirmation_sent,2026-04-06 10:07:37
PTP000272,payment_link_sent,2026-04-06 09:07:34
PTP000272,whatsapp_confirmation_sent,2026-04-07 10:03:01
PTP000272,payment_link_opened,2026-04-30 13:40:42
PTP000273,payment_link_sent,2026-04-06 11:44:52
PTP000273,whatsapp_confirmation_sent,2026-04-07 10:22:46
PTP000274,payment_link_sent,2026-04-06 11:06:26
PTP000274,payment_link_opened,2026-04-06 14:42:45
PTP000274,whatsapp_confirmation_sent,2026-04-07 10:02:28
PTP000274,confirmation_reply_no,2026-04-07 10:29:18
PTP000275,payment_link_sent,2026-04-06 12:35:58
PTP000275,whatsapp_confirmation_sent,2026-04-07 10:20:45
PTP000275,confirmation_reply_yes,2026-04-07 12:37:37
PTP000275,payment_link_opened,2026-04-11 16:53:09
PTP000275,inbound_call_from_customer,2026-04-12 03:28:53
PTP000276,payment_link_sent,2026-04-06 10:37:24
PTP000276,whatsapp_confirmation_sent,2026-04-07 10:12:33
PTP000277,whatsapp_confirmation_sent,2026-04-07 10:09:35
PTP000278,payment_link_sent,2026-04-06 09:22:50
PTP000278,payment_link_opened,2026-04-06 10:21:19
PTP000278,whatsapp_confirmation_sent,2026-04-07 10:26:46
PTP000278,payment_link_opened,2026-04-23 16:51:19
PTP000279,payment_link_sent,2026-04-06 11:19:04
PTP000279,payment_link_opened,2026-04-06 14:30:51
PTP000279,whatsapp_confirmation_sent,2026-04-07 10:05:51
PTP000280,payment_link_sent,2026-04-06 11:47:23
PTP000280,payment_link_opened,2026-04-06 17:32:39
PTP000280,whatsapp_confirmation_sent,2026-04-07 10:02:50
PTP000281,payment_link_sent,2026-04-06 11:10:20
PTP000281,payment_link_opened,2026-04-07 00:37:54
PTP000281,whatsapp_confirmation_sent,2026-04-07 10:27:29
PTP000281,confirmation_reply_yes,2026-04-07 10:40:38
PTP000281,payment_link_opened,2026-04-07 14:30:51
PTP000282,payment_link_sent,2026-04-06 08:48:58
PTP000282,whatsapp_confirmation_sent,2026-04-07 10:12:57
PTP000282,confirmation_reply_yes,2026-04-07 11:01:21
PTP000282,payment_link_opened,2026-04-08 17:48:27
PTP000283,payment_link_sent,2026-04-06 08:59:15
PTP000283,payment_link_opened,2026-04-06 15:53:54
PTP000283,whatsapp_confirmation_sent,2026-04-07 10:27:22
PTP000283,confirmation_reply_yes,2026-04-07 15:13:57
PTP000284,whatsapp_confirmation_sent,2026-04-07 10:01:30
PTP000285,payment_link_sent,2026-04-06 12:04:18
PTP000285,payment_link_opened,2026-04-06 13:28:40
PTP000285,whatsapp_confirmation_sent,2026-04-07 10:01:06
PTP000285,confirmation_reply_yes,2026-04-07 10:14:23
PTP000286,whatsapp_confirmation_sent,2026-04-07 10:16:30
PTP000287,whatsapp_confirmation_sent,2026-04-07 10:00:35
PTP000288,payment_link_sent,2026-04-06 12:52:22
PTP000288,whatsapp_confirmation_sent,2026-04-07 10:04:10
PTP000289,payment_link_sent,2026-04-06 08:55:16
PTP000289,payment_link_opened,2026-04-06 09:56:21
PTP000289,whatsapp_confirmation_sent,2026-04-07 10:17:25
PTP000289,inbound_call_from_customer,2026-04-07 16:04:23
PTP000290,payment_link_sent,2026-04-06 08:20:26
PTP000290,whatsapp_confirmation_sent,2026-04-07 10:11:40
PTP000291,payment_link_sent,2026-04-06 12:17:10
PTP000291,whatsapp_confirmation_sent,2026-04-07 10:26:19
PTP000291,confirmation_reply_yes,2026-04-07 14:52:00
PTP000292,whatsapp_confirmation_sent,2026-04-07 10:24:05
PTP000292,confirmation_reply_yes,2026-04-07 11:03:37
PTP000293,whatsapp_confirmation_sent,2026-04-07 10:03:11
PTP000293,confirmation_reply_yes,2026-04-07 11:14:44
PTP000294,payment_link_sent,2026-04-06 08:51:41
PTP000294,payment_link_opened,2026-04-06 09:09:03
PTP000294,whatsapp_confirmation_sent,2026-04-07 10:21:27
PTP000295,whatsapp_confirmation_sent,2026-04-07 10:04:35
PTP000295,confirmation_reply_yes,2026-04-07 12:53:35
PTP000296,payment_link_sent,2026-04-06 10:10:40
PTP000296,whatsapp_confirmation_sent,2026-04-07 10:26:23
PTP000297,whatsapp_confirmation_sent,2026-04-07 10:07:45
PTP000297,confirmation_reply_yes,2026-04-07 13:41:25
PTP000298,payment_link_sent,2026-04-06 11:24:05
PTP000298,payment_link_opened,2026-04-06 13:18:52
PTP000298,whatsapp_confirmation_sent,2026-04-07 10:23:40
PTP000298,confirmation_reply_yes,2026-04-07 11:21:36
PTP000298,payment_link_opened,2026-04-07 22:46:41
PTP000299,payment_link_sent,2026-04-06 10:20:27
PTP000299,whatsapp_confirmation_sent,2026-04-07 10:24:36
PTP000299,payment_link_opened,2026-04-07 17:58:03
PTP000300,whatsapp_confirmation_sent,2026-04-07 10:15:57
PTP000301,payment_link_sent,2026-04-06 09:19:04
PTP000301,whatsapp_confirmation_sent,2026-04-07 10:19:43
PTP000302,payment_link_sent,2026-04-06 12:16:49
PTP000302,payment_link_opened,2026-04-06 13:14:20
PTP000302,whatsapp_confirmation_sent,2026-04-07 10:00:48
PTP000303,whatsapp_confirmation_sent,2026-04-07 10:18:26
PTP000304,payment_link_sent,2026-04-06 08:26:00
PTP000304,whatsapp_confirmation_sent,2026-04-07 10:03:53
PTP000305,payment_link_sent,2026-04-06 09:56:12
PTP000305,payment_link_opened,2026-04-06 09:57:33
PTP000305,whatsapp_confirmation_sent,2026-04-07 10:05:55
PTP000305,confirmation_reply_yes,2026-04-07 13:36:06
PTP000306,whatsapp_confirmation_sent,2026-04-07 10:10:34
PTP000307,whatsapp_confirmation_sent,2026-04-07 10:00:33
PTP000308,whatsapp_confirmation_sent,2026-04-07 10:25:43
PTP000308,confirmation_reply_no,2026-04-07 11:27:59
PTP000309,payment_link_sent,2026-04-06 11:03:29
PTP000309,payment_link_opened,2026-04-06 12:11:47
PTP000309,whatsapp_confirmation_sent,2026-04-07 10:06:54
PTP000309,confirmation_reply_yes,2026-04-07 12:54:46
PTP000309,payment_link_opened,2026-04-10 08:03:54
PTP000310,payment_link_sent,2026-04-06 17:20:34
PTP000310,whatsapp_confirmation_sent,2026-04-07 10:14:57
PTP000310,confirmation_reply_yes,2026-04-07 13:36:35
PTP000311,payment_link_sent,2026-04-06 17:55:00
PTP000311,whatsapp_confirmation_sent,2026-04-07 10:04:07
PTP000311,confirmation_reply_yes,2026-04-07 11:29:48
PTP000312,payment_link_sent,2026-04-06 18:56:36
PTP000312,whatsapp_confirmation_sent,2026-04-07 10:26:55
PTP000312,confirmation_reply_yes,2026-04-07 11:25:36
PTP000312,inbound_call_from_customer,2026-04-09 17:21:40
PTP000312,payment_link_opened,2026-04-13 22:40:29
PTP000313,whatsapp_confirmation_sent,2026-04-07 10:28:22
PTP000314,whatsapp_confirmation_sent,2026-04-07 10:27:25
PTP000315,whatsapp_confirmation_sent,2026-04-07 10:17:42
PTP000316,whatsapp_confirmation_sent,2026-04-07 10:03:12
PTP000316,confirmation_reply_yes,2026-04-07 12:50:14
PTP000317,payment_link_sent,2026-04-06 17:07:31
PTP000317,payment_link_opened,2026-04-06 20:21:30
PTP000317,whatsapp_confirmation_sent,2026-04-07 10:00:03
PTP000317,payment_link_opened,2026-05-03 17:08:09
PTP000318,whatsapp_confirmation_sent,2026-04-07 10:28:24
PTP000318,confirmation_reply_yes,2026-04-07 15:20:03
PTP000318,inbound_call_from_customer,2026-04-11 10:30:14
PTP000319,payment_link_sent,2026-04-06 14:52:14
PTP000319,whatsapp_confirmation_sent,2026-04-07 10:00:50
PTP000319,confirmation_reply_yes,2026-04-07 12:54:57
PTP000319,payment_link_opened,2026-04-18 09:41:45
PTP000320,payment_link_sent,2026-04-06 17:41:10
PTP000320,payment_link_opened,2026-04-06 21:35:25
PTP000320,whatsapp_confirmation_sent,2026-04-07 10:18:22
PTP000320,confirmation_reply_yes,2026-04-07 12:44:07
PTP000321,whatsapp_confirmation_sent,2026-04-07 10:12:29
PTP000322,whatsapp_confirmation_sent,2026-04-07 10:13:06
PTP000322,confirmation_reply_yes,2026-04-07 14:29:48
PTP000323,payment_link_sent,2026-04-06 14:07:36
PTP000323,whatsapp_confirmation_sent,2026-04-07 10:26:24
PTP000323,confirmation_reply_yes,2026-04-07 15:27:46
PTP000323,payment_link_opened,2026-04-30 09:16:17
PTP000324,payment_link_sent,2026-04-06 17:46:04
PTP000324,whatsapp_confirmation_sent,2026-04-07 10:28:05
PTP000325,payment_link_sent,2026-04-06 11:29:56
PTP000325,payment_link_opened,2026-04-06 15:39:09
PTP000325,inbound_call_from_customer,2026-04-06 17:34:16
PTP000328,inbound_call_from_customer,2026-04-09 08:58:20
PTP000333,payment_link_sent,2026-04-07 12:22:58
PTP000333,whatsapp_confirmation_sent,2026-04-08 10:00:23
PTP000334,payment_link_sent,2026-04-07 12:57:46
PTP000334,payment_link_opened,2026-04-07 12:59:26
PTP000334,whatsapp_confirmation_sent,2026-04-08 10:28:20
PTP000334,confirmation_reply_yes,2026-04-08 15:32:56
PTP000334,payment_link_opened,2026-04-28 13:22:19
PTP000335,payment_link_sent,2026-04-07 12:21:04
PTP000335,whatsapp_confirmation_sent,2026-04-08 10:18:56
PTP000335,payment_link_opened,2026-04-30 21:07:41
PTP000336,payment_link_sent,2026-04-07 09:20:33
PTP000336,payment_link_opened,2026-04-07 09:27:40
PTP000336,whatsapp_confirmation_sent,2026-04-08 10:02:04
PTP000337,payment_link_sent,2026-04-07 12:19:21
PTP000337,whatsapp_confirmation_sent,2026-04-08 10:26:58
PTP000338,payment_link_sent,2026-04-07 10:49:15
PTP000338,whatsapp_confirmation_sent,2026-04-08 10:09:17
PTP000338,confirmation_reply_yes,2026-04-08 15:41:19
PTP000339,payment_link_sent,2026-04-07 09:53:30
PTP000339,whatsapp_confirmation_sent,2026-04-08 10:13:57
PTP000340,payment_link_sent,2026-04-07 09:59:46
PTP000340,whatsapp_confirmation_sent,2026-04-08 10:29:59
PTP000341,payment_link_sent,2026-04-07 11:43:05
PTP000341,whatsapp_confirmation_sent,2026-04-08 10:12:09
PTP000342,whatsapp_confirmation_sent,2026-04-08 10:01:36
PTP000342,confirmation_reply_yes,2026-04-08 11:19:11
PTP000343,payment_link_sent,2026-04-07 09:19:17
PTP000343,whatsapp_confirmation_sent,2026-04-08 10:14:33
PTP000343,confirmation_reply_yes,2026-04-08 15:38:10
PTP000344,payment_link_sent,2026-04-07 08:09:25
PTP000344,payment_link_opened,2026-04-07 14:31:48
PTP000344,whatsapp_confirmation_sent,2026-04-08 10:17:07
PTP000344,confirmation_reply_yes,2026-04-08 12:42:08
PTP000344,payment_link_opened,2026-04-15 22:09:51
PTP000345,payment_link_sent,2026-04-07 10:05:35
PTP000345,payment_link_opened,2026-04-07 12:43:44
PTP000345,whatsapp_confirmation_sent,2026-04-08 10:20:16
PTP000345,confirmation_reply_yes,2026-04-08 11:35:53
PTP000345,payment_link_opened,2026-05-05 11:12:51
PTP000346,payment_link_sent,2026-04-07 11:08:22
PTP000346,payment_link_opened,2026-04-07 12:55:53
PTP000346,whatsapp_confirmation_sent,2026-04-08 10:04:56
PTP000346,confirmation_reply_no,2026-04-08 11:48:38
PTP000346,inbound_call_from_customer,2026-04-15 00:09:21
PTP000346,payment_link_opened,2026-04-19 22:34:07
PTP000347,payment_link_sent,2026-04-07 09:59:06
PTP000347,inbound_call_from_customer,2026-04-07 17:40:47
PTP000347,whatsapp_confirmation_sent,2026-04-08 10:13:13
PTP000347,confirmation_reply_yes,2026-04-08 14:54:22
PTP000347,payment_link_opened,2026-04-09 20:29:18
PTP000348,payment_link_sent,2026-04-07 11:09:22
PTP000348,payment_link_opened,2026-04-07 11:58:39
PTP000348,whatsapp_confirmation_sent,2026-04-08 10:15:39
PTP000349,payment_link_sent,2026-04-07 10:38:52
PTP000349,payment_link_opened,2026-04-07 16:12:50
PTP000349,whatsapp_confirmation_sent,2026-04-08 10:27:18
PTP000349,payment_link_opened,2026-04-11 18:52:22
PTP000350,whatsapp_confirmation_sent,2026-04-08 10:16:49
PTP000350,confirmation_reply_yes,2026-04-08 14:04:33
PTP000351,payment_link_sent,2026-04-07 09:16:50
PTP000351,payment_link_opened,2026-04-07 16:13:34
PTP000351,whatsapp_confirmation_sent,2026-04-08 10:13:42
PTP000351,payment_link_opened,2026-04-08 20:17:17
PTP000352,payment_link_sent,2026-04-07 09:01:30
PTP000352,whatsapp_confirmation_sent,2026-04-08 10:25:43
PTP000352,confirmation_reply_yes,2026-04-08 15:06:45
PTP000353,whatsapp_confirmation_sent,2026-04-08 10:28:21
PTP000353,confirmation_reply_yes,2026-04-08 12:09:44
PTP000354,whatsapp_confirmation_sent,2026-04-08 10:23:50
PTP000354,confirmation_reply_yes,2026-04-08 15:13:41
PTP000355,payment_link_sent,2026-04-07 09:36:56
PTP000355,whatsapp_confirmation_sent,2026-04-08 10:14:37
PTP000355,confirmation_reply_no,2026-04-08 14:16:54
PTP000355,payment_link_opened,2026-04-23 09:28:46
PTP000356,whatsapp_confirmation_sent,2026-04-08 10:01:18
PTP000357,payment_link_sent,2026-04-07 11:47:43
PTP000357,whatsapp_confirmation_sent,2026-04-08 10:17:02
PTP000358,payment_link_sent,2026-04-07 08:11:36
PTP000358,whatsapp_confirmation_sent,2026-04-08 10:18:19
PTP000358,payment_link_opened,2026-04-24 22:00:41
PTP000359,payment_link_sent,2026-04-07 08:38:05
PTP000359,whatsapp_confirmation_sent,2026-04-08 10:08:56
PTP000359,payment_link_opened,2026-04-09 18:04:06
PTP000360,payment_link_sent,2026-04-07 09:36:29
PTP000360,whatsapp_confirmation_sent,2026-04-08 10:04:31
PTP000360,confirmation_reply_yes,2026-04-08 14:01:07
PTP000360,payment_link_opened,2026-04-27 12:34:46
PTP000361,payment_link_sent,2026-04-07 09:49:01
PTP000361,whatsapp_confirmation_sent,2026-04-08 10:24:17
PTP000361,payment_link_opened,2026-04-29 13:11:58
PTP000362,whatsapp_confirmation_sent,2026-04-08 10:18:08
PTP000362,confirmation_reply_yes,2026-04-08 14:44:29
PTP000363,payment_link_sent,2026-04-07 08:31:28
PTP000363,whatsapp_confirmation_sent,2026-04-08 10:21:52
PTP000363,confirmation_reply_yes,2026-04-08 11:26:26
PTP000364,payment_link_sent,2026-04-07 12:44:32
PTP000364,whatsapp_confirmation_sent,2026-04-08 10:22:48
PTP000364,confirmation_reply_yes,2026-04-08 11:01:36
PTP000364,payment_link_opened,2026-05-01 10:50:15
PTP000365,payment_link_sent,2026-04-07 11:20:20
PTP000365,whatsapp_confirmation_sent,2026-04-08 10:12:54
PTP000365,confirmation_reply_yes,2026-04-08 11:19:25
PTP000365,inbound_call_from_customer,2026-04-08 13:39:16
PTP000366,payment_link_sent,2026-04-07 10:10:00
PTP000366,whatsapp_confirmation_sent,2026-04-08 10:28:37
PTP000366,payment_link_opened,2026-04-13 22:17:28
PTP000367,whatsapp_confirmation_sent,2026-04-08 10:27:51
PTP000368,payment_link_sent,2026-04-07 14:57:22
PTP000368,whatsapp_confirmation_sent,2026-04-08 10:09:36
PTP000368,confirmation_reply_yes,2026-04-08 12:21:41
PTP000368,payment_link_opened,2026-04-08 19:35:32
PTP000369,payment_link_sent,2026-04-07 14:15:45
PTP000369,inbound_call_from_customer,2026-04-08 09:47:48
PTP000369,whatsapp_confirmation_sent,2026-04-08 10:01:38
PTP000370,whatsapp_confirmation_sent,2026-04-08 10:06:41
PTP000371,payment_link_sent,2026-04-07 13:28:12
PTP000371,payment_link_opened,2026-04-07 18:53:48
PTP000371,whatsapp_confirmation_sent,2026-04-08 10:29:21
PTP000371,payment_link_opened,2026-04-10 19:03:53
PTP000372,whatsapp_confirmation_sent,2026-04-08 10:10:23
PTP000373,payment_link_sent,2026-04-07 18:54:39
PTP000373,whatsapp_confirmation_sent,2026-04-08 10:04:14
PTP000373,payment_link_opened,2026-04-12 07:53:56
PTP000374,payment_link_sent,2026-04-07 18:33:06
PTP000374,payment_link_opened,2026-04-07 18:55:06
PTP000374,whatsapp_confirmation_sent,2026-04-08 10:14:48
PTP000374,payment_link_opened,2026-04-12 12:08:07
PTP000375,payment_link_sent,2026-04-07 18:43:08
PTP000375,whatsapp_confirmation_sent,2026-04-08 10:20:12
PTP000375,inbound_call_from_customer,2026-04-27 23:12:08
PTP000375,payment_link_opened,2026-05-04 11:44:25
PTP000376,payment_link_sent,2026-04-07 11:22:30
PTP000377,payment_link_sent,2026-04-07 12:25:32
PTP000378,payment_link_sent,2026-04-07 12:24:29
PTP000379,payment_link_sent,2026-04-07 12:35:35
PTP000381,payment_link_sent,2026-04-07 10:26:01
PTP000383,inbound_call_from_customer,2026-04-09 03:33:32
PTP000387,payment_link_sent,2026-04-08 10:11:58
PTP000387,whatsapp_confirmation_sent,2026-04-09 10:19:38
PTP000387,confirmation_reply_yes,2026-04-09 12:12:39
PTP000387,payment_link_opened,2026-04-18 15:17:32
PTP000388,payment_link_sent,2026-04-08 10:19:58
PTP000388,whatsapp_confirmation_sent,2026-04-09 10:03:58
PTP000389,payment_link_sent,2026-04-08 11:05:34
PTP000389,whatsapp_confirmation_sent,2026-04-09 10:14:01
PTP000390,payment_link_sent,2026-04-08 08:13:51
PTP000390,payment_link_opened,2026-04-08 08:46:04
PTP000390,whatsapp_confirmation_sent,2026-04-09 10:13:55
PTP000390,confirmation_reply_yes,2026-04-09 12:28:40
PTP000391,payment_link_sent,2026-04-08 08:57:46
PTP000391,whatsapp_confirmation_sent,2026-04-09 10:12:16
PTP000392,payment_link_sent,2026-04-08 10:55:39
PTP000392,whatsapp_confirmation_sent,2026-04-09 10:27:44
PTP000392,payment_link_opened,2026-04-09 11:06:19
PTP000393,payment_link_sent,2026-04-08 09:58:29
PTP000393,whatsapp_confirmation_sent,2026-04-09 10:22:19
PTP000393,confirmation_reply_yes,2026-04-09 13:46:04
PTP000394,payment_link_sent,2026-04-08 08:14:37
PTP000394,whatsapp_confirmation_sent,2026-04-09 10:13:35
PTP000394,confirmation_reply_yes,2026-04-09 11:14:41
PTP000394,payment_link_opened,2026-05-02 13:48:46
PTP000395,payment_link_sent,2026-04-08 08:50:10
PTP000395,whatsapp_confirmation_sent,2026-04-09 10:21:19
PTP000396,whatsapp_confirmation_sent,2026-04-09 10:21:27
PTP000396,confirmation_reply_yes,2026-04-09 15:52:22
PTP000396,inbound_call_from_customer,2026-04-12 07:58:57
PTP000397,payment_link_sent,2026-04-08 11:11:25
PTP000397,payment_link_opened,2026-04-08 13:21:32
PTP000397,whatsapp_confirmation_sent,2026-04-09 10:24:05
PTP000397,confirmation_reply_yes,2026-04-09 12:48:18
PTP000397,payment_link_opened,2026-04-12 08:15:40
PTP000398,payment_link_sent,2026-04-08 08:47:18
PTP000398,payment_link_opened,2026-04-08 10:46:50
PTP000398,whatsapp_confirmation_sent,2026-04-09 10:11:00
PTP000398,payment_link_opened,2026-05-01 20:32:36
PTP000399,payment_link_sent,2026-04-08 09:44:45
PTP000399,payment_link_opened,2026-04-08 17:41:26
PTP000399,whatsapp_confirmation_sent,2026-04-09 10:24:50
PTP000400,payment_link_sent,2026-04-08 12:43:03
PTP000400,whatsapp_confirmation_sent,2026-04-09 10:22:49
PTP000400,confirmation_reply_yes,2026-04-09 13:33:22
PTP000400,payment_link_opened,2026-05-05 09:13:03
PTP000401,payment_link_sent,2026-04-08 08:23:16
PTP000401,whatsapp_confirmation_sent,2026-04-09 10:02:50
PTP000401,confirmation_reply_yes,2026-04-09 15:33:28
PTP000402,payment_link_sent,2026-04-08 09:47:11
PTP000402,whatsapp_confirmation_sent,2026-04-09 10:04:05
PTP000403,payment_link_sent,2026-04-08 08:59:40
PTP000403,whatsapp_confirmation_sent,2026-04-09 10:22:49
PTP000404,payment_link_sent,2026-04-08 09:51:18
PTP000404,payment_link_opened,2026-04-09 04:46:51
PTP000404,whatsapp_confirmation_sent,2026-04-09 10:02:42
PTP000405,whatsapp_confirmation_sent,2026-04-09 10:22:43
PTP000405,confirmation_reply_yes,2026-04-09 13:25:49
PTP000406,whatsapp_confirmation_sent,2026-04-09 10:15:14
PTP000406,confirmation_reply_no,2026-04-09 14:07:08
PTP000407,payment_link_opened,2026-04-08 12:06:55
PTP000407,payment_link_sent,2026-04-08 12:54:46
PTP000407,payment_link_opened,2026-04-08 12:55:16
PTP000407,whatsapp_confirmation_sent,2026-04-09 10:12:52
PTP000408,whatsapp_confirmation_sent,2026-04-09 10:23:22
PTP000409,payment_link_sent,2026-04-08 09:54:20
PTP000409,payment_link_opened,2026-04-08 17:45:17
PTP000409,whatsapp_confirmation_sent,2026-04-09 10:04:29
PTP000409,inbound_call_from_customer,2026-04-09 18:05:04
PTP000409,payment_link_opened,2026-04-11 13:10:24
PTP000410,payment_link_sent,2026-04-08 08:22:41
PTP000410,whatsapp_confirmation_sent,2026-04-09 10:21:39
PTP000411,payment_link_sent,2026-04-08 11:42:48
PTP000411,whatsapp_confirmation_sent,2026-04-09 10:13:41
PTP000412,payment_link_sent,2026-04-08 11:05:55
PTP000412,payment_link_opened,2026-04-08 12:00:15
PTP000412,whatsapp_confirmation_sent,2026-04-09 10:26:50
PTP000413,payment_link_sent,2026-04-08 10:00:39
PTP000413,payment_link_opened,2026-04-08 10:12:05
PTP000413,whatsapp_confirmation_sent,2026-04-09 10:26:52
PTP000414,payment_link_sent,2026-04-08 12:11:00
PTP000414,whatsapp_confirmation_sent,2026-04-09 10:16:26
PTP000415,payment_link_sent,2026-04-08 09:13:52
PTP000415,payment_link_opened,2026-04-08 12:40:17
PTP000415,whatsapp_confirmation_sent,2026-04-09 10:26:58
PTP000415,confirmation_reply_no,2026-04-09 15:08:27
PTP000415,payment_link_opened,2026-04-11 15:00:47
PTP000416,whatsapp_confirmation_sent,2026-04-09 10:20:41
PTP000417,payment_link_sent,2026-04-08 09:46:01
PTP000417,whatsapp_confirmation_sent,2026-04-09 10:24:47
PTP000418,payment_link_sent,2026-04-08 12:54:23
PTP000418,whatsapp_confirmation_sent,2026-04-09 10:10:45
PTP000418,confirmation_reply_yes,2026-04-09 11:28:42
PTP000418,payment_link_opened,2026-04-12 21:11:51
PTP000419,whatsapp_confirmation_sent,2026-04-09 10:04:22
PTP000419,confirmation_reply_yes,2026-04-09 15:12:53
PTP000420,whatsapp_confirmation_sent,2026-04-09 10:26:16
PTP000420,confirmation_reply_no,2026-04-09 14:34:19
PTP000421,payment_link_sent,2026-04-08 14:59:15
PTP000421,whatsapp_confirmation_sent,2026-04-09 10:20:27
PTP000422,payment_link_sent,2026-04-08 15:16:20
PTP000422,payment_link_opened,2026-04-08 18:21:02
PTP000422,whatsapp_confirmation_sent,2026-04-09 10:23:09
PTP000422,confirmation_reply_no,2026-04-09 14:01:57
PTP000423,payment_link_sent,2026-04-08 18:55:04
PTP000423,whatsapp_confirmation_sent,2026-04-09 10:24:17
PTP000423,confirmation_reply_yes,2026-04-09 13:08:03
PTP000424,payment_link_sent,2026-04-08 18:46:55
PTP000424,whatsapp_confirmation_sent,2026-04-09 10:18:51
PTP000425,payment_link_sent,2026-04-08 18:32:54
PTP000425,whatsapp_confirmation_sent,2026-04-09 10:00:26
PTP000425,confirmation_reply_yes,2026-04-09 10:30:48
PTP000426,payment_link_sent,2026-04-08 13:38:23
PTP000426,whatsapp_confirmation_sent,2026-04-09 10:01:53
PTP000426,confirmation_reply_yes,2026-04-09 14:39:17
PTP000427,whatsapp_confirmation_sent,2026-04-09 10:06:12
PTP000428,payment_link_sent,2026-04-08 18:49:23
PTP000428,payment_link_opened,2026-04-08 20:31:28
PTP000428,whatsapp_confirmation_sent,2026-04-09 10:09:55
PTP000428,confirmation_reply_yes,2026-04-09 14:16:11
PTP000428,payment_link_opened,2026-04-11 13:52:47
PTP000429,whatsapp_confirmation_sent,2026-04-09 10:06:41
PTP000430,payment_link_sent,2026-04-08 18:41:51
PTP000430,payment_link_opened,2026-04-08 20:17:54
PTP000430,whatsapp_confirmation_sent,2026-04-09 10:17:12
PTP000431,whatsapp_confirmation_sent,2026-04-09 10:21:07
PTP000432,whatsapp_confirmation_sent,2026-04-09 10:13:19
PTP000435,payment_link_sent,2026-04-08 10:29:20
PTP000436,payment_link_sent,2026-04-09 09:54:51
PTP000436,whatsapp_confirmation_sent,2026-04-10 10:07:14
PTP000437,payment_link_sent,2026-04-09 10:02:02
PTP000437,whatsapp_confirmation_sent,2026-04-10 10:27:13
PTP000438,payment_link_sent,2026-04-09 09:14:52
PTP000438,whatsapp_confirmation_sent,2026-04-10 10:03:06
PTP000438,payment_link_opened,2026-04-20 12:13:35
PTP000439,payment_link_sent,2026-04-09 12:42:00
PTP000439,whatsapp_confirmation_sent,2026-04-10 10:13:22
PTP000439,confirmation_reply_no,2026-04-10 13:17:46
PTP000440,payment_link_sent,2026-04-09 10:46:09
PTP000440,payment_link_opened,2026-04-09 17:23:18
PTP000440,whatsapp_confirmation_sent,2026-04-10 10:27:32
PTP000440,payment_link_opened,2026-04-19 15:13:50
PTP000441,payment_link_sent,2026-04-09 08:23:44
PTP000441,whatsapp_confirmation_sent,2026-04-10 10:06:42
PTP000441,payment_link_opened,2026-05-04 17:56:50
PTP000442,payment_link_sent,2026-04-09 09:46:39
PTP000442,whatsapp_confirmation_sent,2026-04-10 10:13:10
PTP000442,payment_link_opened,2026-04-12 15:52:36
PTP000443,payment_link_sent,2026-04-09 08:35:42
PTP000443,payment_link_opened,2026-04-09 13:02:09
PTP000443,payment_link_opened,2026-04-09 15:32:43
PTP000443,whatsapp_confirmation_sent,2026-04-10 10:29:18
PTP000443,confirmation_reply_yes,2026-04-10 15:01:55
PTP000444,payment_link_sent,2026-04-09 11:24:31
PTP000444,whatsapp_confirmation_sent,2026-04-10 10:15:29
PTP000444,confirmation_reply_yes,2026-04-10 10:24:40
PTP000445,payment_link_sent,2026-04-09 09:39:20
PTP000445,whatsapp_confirmation_sent,2026-04-10 10:15:57
PTP000445,confirmation_reply_yes,2026-04-10 15:42:00
PTP000446,payment_link_sent,2026-04-09 08:47:26
PTP000446,inbound_call_from_customer,2026-04-09 18:11:00
PTP000446,whatsapp_confirmation_sent,2026-04-10 10:22:11
PTP000446,confirmation_reply_yes,2026-04-10 15:02:28
PTP000447,payment_link_sent,2026-04-09 10:50:05
PTP000447,whatsapp_confirmation_sent,2026-04-10 10:09:10
PTP000448,payment_link_sent,2026-04-09 11:11:50
PTP000448,whatsapp_confirmation_sent,2026-04-10 10:10:36
PTP000448,confirmation_reply_yes,2026-04-10 11:53:09
PTP000448,payment_link_opened,2026-04-10 19:02:44
PTP000449,payment_link_sent,2026-04-09 08:44:23
PTP000449,whatsapp_confirmation_sent,2026-04-10 10:19:02
PTP000450,payment_link_sent,2026-04-09 10:10:10
PTP000450,payment_link_opened,2026-04-10 08:22:04
PTP000450,whatsapp_confirmation_sent,2026-04-10 10:23:25
PTP000451,payment_link_sent,2026-04-09 09:24:19
PTP000451,payment_link_opened,2026-04-09 11:35:05
PTP000451,whatsapp_confirmation_sent,2026-04-10 10:03:47
PTP000451,payment_link_opened,2026-04-12 12:43:10
PTP000452,payment_link_sent,2026-04-09 08:43:38
PTP000452,whatsapp_confirmation_sent,2026-04-10 10:01:25
PTP000452,confirmation_reply_yes,2026-04-10 11:06:01
PTP000453,payment_link_sent,2026-04-09 11:43:59
PTP000453,whatsapp_confirmation_sent,2026-04-10 10:25:50
PTP000453,confirmation_reply_yes,2026-04-10 11:12:52
PTP000453,payment_link_opened,2026-04-16 15:29:09
PTP000454,payment_link_sent,2026-04-09 08:45:31
PTP000454,whatsapp_confirmation_sent,2026-04-10 10:08:27
PTP000455,payment_link_sent,2026-04-09 09:37:56
PTP000455,whatsapp_confirmation_sent,2026-04-10 10:12:13
PTP000456,payment_link_sent,2026-04-09 08:09:04
PTP000456,payment_link_opened,2026-04-09 16:04:20
PTP000456,whatsapp_confirmation_sent,2026-04-10 10:12:17
PTP000456,confirmation_reply_yes,2026-04-10 12:17:12
PTP000457,payment_link_sent,2026-04-09 08:14:00
PTP000457,whatsapp_confirmation_sent,2026-04-10 10:17:15
PTP000458,payment_link_sent,2026-04-09 11:19:07
PTP000458,whatsapp_confirmation_sent,2026-04-10 10:03:26
PTP000458,payment_link_opened,2026-04-23 15:02:24
PTP000459,payment_link_sent,2026-04-09 12:03:29
PTP000459,payment_link_opened,2026-04-09 14:15:29
PTP000459,whatsapp_confirmation_sent,2026-04-10 10:26:03
PTP000459,confirmation_reply_yes,2026-04-10 11:50:29
PTP000459,payment_link_opened,2026-04-12 20:29:20
PTP000460,whatsapp_confirmation_sent,2026-04-10 10:09:49
PTP000461,whatsapp_confirmation_sent,2026-04-10 10:07:58
PTP000461,confirmation_reply_yes,2026-04-10 14:21:55
PTP000462,payment_link_sent,2026-04-09 10:26:56
PTP000462,payment_link_opened,2026-04-09 12:54:27
PTP000462,whatsapp_confirmation_sent,2026-04-10 10:19:38
PTP000462,confirmation_reply_yes,2026-04-10 11:03:16
PTP000463,payment_link_sent,2026-04-09 11:18:11
PTP000463,payment_link_opened,2026-04-09 13:31:01
PTP000463,whatsapp_confirmation_sent,2026-04-10 10:17:29
PTP000464,payment_link_sent,2026-04-09 12:34:22
PTP000464,payment_link_opened,2026-04-09 15:57:07
PTP000464,whatsapp_confirmation_sent,2026-04-10 10:15:53
PTP000464,payment_link_opened,2026-04-26 13:22:29
PTP000465,payment_link_sent,2026-04-09 08:38:57
PTP000465,whatsapp_confirmation_sent,2026-04-10 10:05:53
PTP000466,payment_link_sent,2026-04-09 09:04:55
PTP000466,payment_link_opened,2026-04-09 22:36:47
PTP000466,whatsapp_confirmation_sent,2026-04-10 10:22:12
PTP000466,confirmation_reply_yes,2026-04-10 15:05:24
PTP000467,payment_link_sent,2026-04-09 11:24:32
PTP000467,whatsapp_confirmation_sent,2026-04-10 10:08:09
PTP000468,payment_link_sent,2026-04-09 12:42:37
PTP000468,whatsapp_confirmation_sent,2026-04-10 10:08:43
PTP000469,whatsapp_confirmation_sent,2026-04-10 10:19:34
PTP000469,confirmation_reply_yes,2026-04-10 12:12:23
PTP000470,whatsapp_confirmation_sent,2026-04-10 10:10:47
PTP000471,payment_link_sent,2026-04-09 11:54:53
PTP000471,whatsapp_confirmation_sent,2026-04-10 10:20:29
PTP000472,payment_link_sent,2026-04-09 15:34:50
PTP000472,whatsapp_confirmation_sent,2026-04-10 10:16:34
PTP000472,payment_link_opened,2026-04-10 20:24:23
PTP000473,whatsapp_confirmation_sent,2026-04-10 10:17:44
PTP000474,payment_link_sent,2026-04-09 18:22:26
PTP000474,whatsapp_confirmation_sent,2026-04-10 10:03:46
PTP000475,payment_link_sent,2026-04-09 18:27:24
PTP000475,whatsapp_confirmation_sent,2026-04-10 10:27:44
PTP000476,payment_link_sent,2026-04-09 14:43:41
PTP000476,whatsapp_confirmation_sent,2026-04-10 10:22:23
PTP000476,payment_link_opened,2026-04-10 20:00:00
PTP000477,whatsapp_confirmation_sent,2026-04-10 10:28:15
PTP000477,confirmation_reply_yes,2026-04-10 13:27:53
PTP000478,payment_link_sent,2026-04-09 15:29:41
PTP000478,whatsapp_confirmation_sent,2026-04-10 10:26:15
PTP000481,payment_link_sent,2026-04-09 11:47:02
PTP000481,payment_link_opened,2026-04-09 12:55:27
PTP000484,payment_link_sent,2026-04-10 12:07:01
PTP000484,payment_link_opened,2026-04-10 14:51:28
PTP000484,whatsapp_confirmation_sent,2026-04-11 10:19:20
PTP000485,payment_link_sent,2026-04-10 10:09:59
PTP000485,whatsapp_confirmation_sent,2026-04-11 10:02:25
PTP000486,payment_link_sent,2026-04-10 08:23:28
PTP000486,whatsapp_confirmation_sent,2026-04-11 10:00:38
PTP000487,payment_link_sent,2026-04-10 09:30:27
PTP000487,whatsapp_confirmation_sent,2026-04-11 10:14:55
PTP000487,confirmation_reply_yes,2026-04-11 14:00:14
PTP000488,payment_link_sent,2026-04-10 11:24:50
PTP000488,whatsapp_confirmation_sent,2026-04-11 10:12:52
PTP000488,payment_link_opened,2026-04-19 16:42:14
PTP000489,payment_link_sent,2026-04-10 10:39:35
PTP000489,whatsapp_confirmation_sent,2026-04-11 10:03:33
PTP000490,payment_link_sent,2026-04-10 09:16:46
PTP000490,whatsapp_confirmation_sent,2026-04-11 10:08:47
PTP000491,payment_link_sent,2026-04-10 11:22:22
PTP000491,whatsapp_confirmation_sent,2026-04-11 10:04:07
PTP000491,confirmation_reply_yes,2026-04-11 11:53:24
PTP000492,payment_link_sent,2026-04-10 08:35:49
PTP000492,payment_link_opened,2026-04-10 13:42:24
PTP000492,whatsapp_confirmation_sent,2026-04-11 10:00:02
PTP000492,payment_link_opened,2026-04-12 08:00:03
PTP000493,payment_link_sent,2026-04-10 11:31:21
PTP000493,whatsapp_confirmation_sent,2026-04-11 10:03:52
PTP000493,confirmation_reply_no,2026-04-11 11:34:50
PTP000494,payment_link_sent,2026-04-10 11:47:30
PTP000494,whatsapp_confirmation_sent,2026-04-11 10:20:23
PTP000495,payment_link_sent,2026-04-10 10:16:36
PTP000495,whatsapp_confirmation_sent,2026-04-11 10:13:52
PTP000496,payment_link_sent,2026-04-10 09:39:13
PTP000496,payment_link_opened,2026-04-10 15:29:53
PTP000496,whatsapp_confirmation_sent,2026-04-11 10:02:36
PTP000496,payment_link_opened,2026-04-16 18:44:37
PTP000497,payment_link_sent,2026-04-10 10:35:45
PTP000497,whatsapp_confirmation_sent,2026-04-11 10:18:27
PTP000497,confirmation_reply_yes,2026-04-11 14:02:44
PTP000498,payment_link_sent,2026-04-10 10:52:10
PTP000498,whatsapp_confirmation_sent,2026-04-11 10:13:44
PTP000499,whatsapp_confirmation_sent,2026-04-11 10:25:38
PTP000499,confirmation_reply_yes,2026-04-11 15:11:45
PTP000500,payment_link_sent,2026-04-10 09:47:28
PTP000500,whatsapp_confirmation_sent,2026-04-11 10:04:20
PTP000500,confirmation_reply_no,2026-04-11 13:36:14
PTP000501,payment_link_sent,2026-04-10 10:59:17
PTP000501,whatsapp_confirmation_sent,2026-04-11 10:25:29
PTP000502,payment_link_sent,2026-04-10 12:29:34
PTP000502,whatsapp_confirmation_sent,2026-04-11 10:18:17
PTP000503,whatsapp_confirmation_sent,2026-04-11 10:23:25
PTP000504,payment_link_sent,2026-04-10 08:36:47
PTP000504,payment_link_opened,2026-04-10 10:08:36
PTP000504,whatsapp_confirmation_sent,2026-04-11 10:25:14
PTP000504,payment_link_opened,2026-04-23 09:26:39
PTP000505,payment_link_sent,2026-04-10 12:03:20
PTP000505,payment_link_opened,2026-04-10 12:56:07
PTP000505,whatsapp_confirmation_sent,2026-04-11 10:06:18
PTP000505,confirmation_reply_yes,2026-04-11 14:14:57
PTP000506,payment_link_sent,2026-04-10 12:41:44
PTP000506,payment_link_opened,2026-04-10 19:27:31
PTP000506,whatsapp_confirmation_sent,2026-04-11 10:23:20
PTP000507,whatsapp_confirmation_sent,2026-04-11 10:09:56
PTP000507,confirmation_reply_yes,2026-04-11 14:37:28
PTP000508,payment_link_sent,2026-04-10 11:56:56
PTP000508,whatsapp_confirmation_sent,2026-04-11 10:25:51
PTP000509,whatsapp_confirmation_sent,2026-04-11 10:20:02
PTP000510,payment_link_sent,2026-04-10 09:08:43
PTP000510,whatsapp_confirmation_sent,2026-04-11 10:21:33
PTP000511,whatsapp_confirmation_sent,2026-04-11 10:01:21
PTP000512,whatsapp_confirmation_sent,2026-04-11 10:27:27
PTP000513,whatsapp_confirmation_sent,2026-04-11 10:26:35
PTP000514,whatsapp_confirmation_sent,2026-04-11 10:21:03
PTP000515,payment_link_sent,2026-04-10 11:59:05
PTP000515,payment_link_opened,2026-04-10 13:16:23
PTP000515,whatsapp_confirmation_sent,2026-04-11 10:09:09
PTP000515,payment_link_opened,2026-04-28 13:18:06
PTP000516,payment_link_sent,2026-04-10 09:54:22
PTP000516,payment_link_opened,2026-04-10 11:09:09
PTP000516,whatsapp_confirmation_sent,2026-04-11 10:07:14
PTP000516,payment_link_opened,2026-04-13 19:35:56
PTP000517,whatsapp_confirmation_sent,2026-04-11 10:27:31
PTP000518,payment_link_sent,2026-04-10 11:55:48
PTP000518,whatsapp_confirmation_sent,2026-04-11 10:21:52
PTP000519,payment_link_sent,2026-04-10 10:29:13
PTP000519,whatsapp_confirmation_sent,2026-04-11 10:25:10
PTP000519,confirmation_reply_yes,2026-04-11 14:31:18
PTP000520,payment_link_sent,2026-04-10 12:57:56
PTP000520,payment_link_opened,2026-04-10 13:24:31
PTP000520,whatsapp_confirmation_sent,2026-04-11 10:17:49
PTP000520,payment_link_opened,2026-05-03 09:33:44
PTP000521,payment_link_sent,2026-04-10 11:38:25
PTP000521,payment_link_opened,2026-04-10 17:23:36
PTP000521,whatsapp_confirmation_sent,2026-04-11 10:11:15
PTP000521,confirmation_reply_yes,2026-04-11 14:11:47
PTP000521,payment_link_opened,2026-04-12 11:15:35
PTP000522,whatsapp_confirmation_sent,2026-04-11 10:24:12
PTP000523,payment_link_sent,2026-04-10 16:15:51
PTP000523,whatsapp_confirmation_sent,2026-04-11 10:18:02
PTP000523,payment_link_opened,2026-05-02 19:00:10
PTP000524,payment_link_sent,2026-04-10 17:13:20
PTP000524,whatsapp_confirmation_sent,2026-04-11 10:05:38
PTP000525,payment_link_sent,2026-04-10 16:19:15
PTP000525,whatsapp_confirmation_sent,2026-04-11 10:01:10
PTP000525,confirmation_reply_yes,2026-04-11 12:02:26
PTP000526,whatsapp_confirmation_sent,2026-04-11 10:02:36
PTP000527,payment_link_sent,2026-04-10 18:26:38
PTP000527,whatsapp_confirmation_sent,2026-04-11 10:04:28
PTP000528,whatsapp_confirmation_sent,2026-04-11 10:27:26
PTP000528,confirmation_reply_yes,2026-04-11 11:08:10
PTP000528,inbound_call_from_customer,2026-04-12 06:04:49
PTP000534,payment_link_sent,2026-04-11 12:51:39
PTP000534,payment_link_opened,2026-04-11 19:45:00
PTP000534,inbound_call_from_customer,2026-04-11 20:53:22
PTP000534,whatsapp_confirmation_sent,2026-04-12 10:05:24
PTP000535,payment_link_sent,2026-04-11 09:18:07
PTP000535,payment_link_opened,2026-04-11 13:37:54
PTP000535,whatsapp_confirmation_sent,2026-04-12 10:11:13
PTP000535,payment_link_opened,2026-05-04 13:34:46
PTP000536,payment_link_sent,2026-04-11 09:43:48
PTP000536,whatsapp_confirmation_sent,2026-04-12 10:16:46
PTP000536,confirmation_reply_yes,2026-04-12 11:15:39
PTP000537,payment_link_sent,2026-04-11 12:58:20
PTP000537,whatsapp_confirmation_sent,2026-04-12 10:07:31
PTP000538,payment_link_sent,2026-04-11 09:03:55
PTP000538,whatsapp_confirmation_sent,2026-04-12 10:28:19
PTP000539,payment_link_sent,2026-04-11 09:57:22
PTP000539,whatsapp_confirmation_sent,2026-04-12 10:17:12
PTP000540,whatsapp_confirmation_sent,2026-04-12 10:05:01
PTP000541,payment_link_sent,2026-04-11 12:17:24
PTP000541,payment_link_opened,2026-04-11 12:53:28
PTP000541,whatsapp_confirmation_sent,2026-04-12 10:09:37
PTP000541,confirmation_reply_yes,2026-04-12 10:15:56
PTP000541,payment_link_opened,2026-04-17 10:42:54
PTP000542,payment_link_sent,2026-04-11 10:22:02
PTP000542,whatsapp_confirmation_sent,2026-04-12 10:02:22
PTP000542,confirmation_reply_yes,2026-04-12 10:19:17
PTP000543,whatsapp_confirmation_sent,2026-04-12 10:12:53
PTP000543,confirmation_reply_yes,2026-04-12 12:12:09
PTP000544,payment_link_sent,2026-04-11 11:45:20
PTP000544,payment_link_opened,2026-04-11 12:36:30
PTP000544,whatsapp_confirmation_sent,2026-04-12 10:14:07
PTP000544,confirmation_reply_yes,2026-04-12 13:18:50
PTP000545,payment_link_sent,2026-04-11 10:15:09
PTP000545,whatsapp_confirmation_sent,2026-04-12 10:27:55
PTP000546,payment_link_sent,2026-04-11 09:55:24
PTP000546,whatsapp_confirmation_sent,2026-04-12 10:09:40
PTP000546,confirmation_reply_yes,2026-04-12 10:21:30
PTP000547,whatsapp_confirmation_sent,2026-04-12 10:26:25
PTP000547,confirmation_reply_yes,2026-04-12 12:15:28
PTP000548,payment_link_sent,2026-04-11 08:48:55
PTP000548,payment_link_opened,2026-04-11 11:30:18
PTP000548,whatsapp_confirmation_sent,2026-04-12 10:16:55
PTP000549,payment_link_sent,2026-04-11 08:50:57
PTP000549,payment_link_opened,2026-04-11 09:09:28
PTP000549,whatsapp_confirmation_sent,2026-04-12 10:22:16
PTP000549,confirmation_reply_yes,2026-04-12 14:26:39
PTP000549,payment_link_opened,2026-04-30 20:58:39
PTP000550,whatsapp_confirmation_sent,2026-04-12 10:17:02
PTP000551,payment_link_sent,2026-04-11 09:21:16
PTP000551,payment_link_opened,2026-04-11 09:58:30
PTP000551,whatsapp_confirmation_sent,2026-04-12 10:18:10
PTP000551,inbound_call_from_customer,2026-04-13 06:43:01
PTP000551,payment_link_opened,2026-04-14 08:05:40
PTP000552,whatsapp_confirmation_sent,2026-04-12 10:19:07
PTP000552,confirmation_reply_yes,2026-04-12 10:25:46
PTP000553,payment_link_sent,2026-04-11 12:31:53
PTP000553,payment_link_opened,2026-04-11 15:03:21
PTP000553,whatsapp_confirmation_sent,2026-04-12 10:18:51
PTP000553,payment_link_opened,2026-04-13 13:30:13
PTP000554,whatsapp_confirmation_sent,2026-04-12 10:03:43
PTP000555,payment_link_sent,2026-04-11 11:05:57
PTP000555,whatsapp_confirmation_sent,2026-04-12 10:02:18
PTP000555,confirmation_reply_yes,2026-04-12 13:44:49
PTP000556,payment_link_sent,2026-04-11 08:06:14
PTP000556,whatsapp_confirmation_sent,2026-04-12 10:05:01
PTP000556,confirmation_reply_yes,2026-04-12 10:25:37
PTP000556,payment_link_opened,2026-04-17 10:44:20
PTP000557,whatsapp_confirmation_sent,2026-04-12 10:08:40
PTP000558,whatsapp_confirmation_sent,2026-04-12 10:25:17
PTP000559,payment_link_sent,2026-04-11 10:23:18
PTP000559,payment_link_opened,2026-04-11 15:19:59
PTP000559,whatsapp_confirmation_sent,2026-04-12 10:24:07
PTP000559,confirmation_reply_yes,2026-04-12 14:57:23
PTP000560,payment_link_sent,2026-04-11 12:10:38
PTP000560,whatsapp_confirmation_sent,2026-04-12 10:10:31
PTP000561,whatsapp_confirmation_sent,2026-04-12 10:03:10
PTP000562,payment_link_sent,2026-04-11 12:10:07
PTP000562,whatsapp_confirmation_sent,2026-04-12 10:21:39
PTP000562,payment_link_opened,2026-04-24 11:37:40
PTP000563,whatsapp_confirmation_sent,2026-04-12 10:14:52
PTP000563,confirmation_reply_yes,2026-04-12 11:30:53
PTP000564,payment_link_sent,2026-04-11 08:59:35
PTP000564,payment_link_opened,2026-04-11 11:12:18
PTP000564,whatsapp_confirmation_sent,2026-04-12 10:05:42
PTP000564,confirmation_reply_yes,2026-04-12 10:18:27
PTP000565,payment_link_sent,2026-04-11 11:20:36
PTP000565,payment_link_opened,2026-04-11 12:55:23
PTP000565,whatsapp_confirmation_sent,2026-04-12 10:06:10
PTP000566,payment_link_sent,2026-04-11 18:31:11
PTP000566,whatsapp_confirmation_sent,2026-04-12 10:03:05
PTP000567,whatsapp_confirmation_sent,2026-04-12 10:06:08
PTP000568,payment_link_sent,2026-04-11 16:39:52
PTP000568,whatsapp_confirmation_sent,2026-04-12 10:07:23
PTP000569,whatsapp_confirmation_sent,2026-04-12 10:22:46
PTP000570,payment_link_sent,2026-04-11 16:27:51
PTP000570,whatsapp_confirmation_sent,2026-04-12 10:03:34
PTP000570,confirmation_reply_yes,2026-04-12 13:23:45
PTP000571,payment_link_sent,2026-04-11 10:31:12
PTP000571,payment_link_opened,2026-04-11 21:20:29
PTP000573,payment_link_sent,2026-04-11 12:50:17
PTP000575,payment_link_sent,2026-04-11 12:02:40
PTP000576,payment_link_sent,2026-04-11 12:32:46
PTP000576,payment_link_opened,2026-04-11 17:43:20
PTP000579,payment_link_sent,2026-04-11 12:48:38
PTP000579,payment_link_opened,2026-04-11 16:31:49
PTP000583,payment_link_sent,2026-04-12 10:07:04
PTP000583,whatsapp_confirmation_sent,2026-04-13 10:10:20
PTP000584,whatsapp_confirmation_sent,2026-04-13 10:28:19
PTP000584,confirmation_reply_yes,2026-04-13 11:16:34
PTP000585,payment_link_sent,2026-04-12 08:32:56
PTP000585,whatsapp_confirmation_sent,2026-04-13 10:21:56
PTP000585,confirmation_reply_no,2026-04-13 10:53:09
PTP000586,payment_link_sent,2026-04-12 10:05:14
PTP000586,whatsapp_confirmation_sent,2026-04-13 10:06:51
PTP000587,whatsapp_confirmation_sent,2026-04-13 10:20:12
PTP000588,payment_link_sent,2026-04-12 12:42:52
PTP000588,payment_link_opened,2026-04-12 16:33:43
PTP000588,whatsapp_confirmation_sent,2026-04-13 10:29:07
PTP000588,confirmation_reply_yes,2026-04-13 15:11:33
PTP000589,payment_link_sent,2026-04-12 10:38:25
PTP000589,whatsapp_confirmation_sent,2026-04-13 10:16:39
PTP000589,confirmation_reply_yes,2026-04-13 11:46:18
PTP000590,payment_link_sent,2026-04-12 09:23:02
PTP000590,payment_link_opened,2026-04-12 15:51:30
PTP000590,whatsapp_confirmation_sent,2026-04-13 10:11:32
PTP000590,confirmation_reply_yes,2026-04-13 10:32:53
PTP000590,inbound_call_from_customer,2026-04-15 23:10:27
PTP000591,payment_link_sent,2026-04-12 10:14:36
PTP000591,whatsapp_confirmation_sent,2026-04-13 10:08:31
PTP000591,confirmation_reply_yes,2026-04-13 13:55:38
PTP000591,payment_link_opened,2026-05-07 08:54:58
PTP000592,payment_link_sent,2026-04-12 12:33:42
PTP000592,payment_link_opened,2026-04-12 16:46:59
PTP000592,whatsapp_confirmation_sent,2026-04-13 10:07:27
PTP000592,confirmation_reply_no,2026-04-13 15:11:36
PTP000592,payment_link_opened,2026-04-27 09:01:45
PTP000593,whatsapp_confirmation_sent,2026-04-13 10:11:33
PTP000594,payment_link_sent,2026-04-12 10:56:10
PTP000594,whatsapp_confirmation_sent,2026-04-13 10:29:33
PTP000594,confirmation_reply_no,2026-04-13 11:29:24
PTP000594,payment_link_opened,2026-04-17 22:26:06
PTP000595,payment_link_sent,2026-04-12 11:35:57
PTP000595,payment_link_opened,2026-04-12 11:47:19
PTP000595,payment_link_opened,2026-04-12 17:22:37
PTP000595,whatsapp_confirmation_sent,2026-04-13 10:12:16
PTP000595,confirmation_reply_yes,2026-04-13 12:55:59
PTP000596,payment_link_sent,2026-04-12 12:17:50
PTP000596,inbound_call_from_customer,2026-04-12 23:44:21
PTP000596,whatsapp_confirmation_sent,2026-04-13 10:11:48
PTP000597,payment_link_sent,2026-04-12 18:35:37
PTP000597,payment_link_opened,2026-04-12 21:22:13
PTP000597,whatsapp_confirmation_sent,2026-04-13 10:26:06
PTP000598,payment_link_sent,2026-04-12 15:44:03
PTP000598,whatsapp_confirmation_sent,2026-04-13 10:05:14
PTP000598,confirmation_reply_no,2026-04-13 14:57:33
PTP000599,payment_link_sent,2026-04-12 17:46:43
PTP000599,whatsapp_confirmation_sent,2026-04-13 10:05:40
PTP000600,payment_link_sent,2026-04-13 12:04:07
PTP000600,payment_link_opened,2026-04-13 12:37:07
PTP000600,whatsapp_confirmation_sent,2026-04-14 10:18:24
PTP000601,payment_link_sent,2026-04-13 09:30:46
PTP000601,payment_link_opened,2026-04-13 17:21:28
PTP000601,whatsapp_confirmation_sent,2026-04-14 10:01:31
PTP000601,payment_link_opened,2026-05-05 10:53:50
PTP000602,payment_link_sent,2026-04-13 09:36:55
PTP000602,payment_link_opened,2026-04-13 12:30:57
PTP000602,whatsapp_confirmation_sent,2026-04-14 10:01:48
PTP000602,confirmation_reply_yes,2026-04-14 12:24:35
PTP000602,payment_link_opened,2026-05-02 20:08:34
PTP000603,payment_link_sent,2026-04-13 08:13:23
PTP000603,payment_link_opened,2026-04-13 10:12:06
PTP000603,whatsapp_confirmation_sent,2026-04-14 10:14:33
PTP000603,confirmation_reply_yes,2026-04-14 12:38:19
PTP000603,inbound_call_from_customer,2026-04-18 03:20:21
PTP000603,payment_link_opened,2026-04-19 14:56:56
PTP000604,payment_link_sent,2026-04-13 11:46:22
PTP000604,whatsapp_confirmation_sent,2026-04-14 10:28:29
PTP000604,inbound_call_from_customer,2026-04-17 15:06:57
PTP000604,payment_link_opened,2026-04-18 09:29:51
PTP000605,payment_link_sent,2026-04-13 11:32:58
PTP000605,whatsapp_confirmation_sent,2026-04-14 10:26:35
PTP000606,payment_link_sent,2026-04-13 08:36:41
PTP000606,whatsapp_confirmation_sent,2026-04-14 10:08:31
PTP000607,whatsapp_confirmation_sent,2026-04-14 10:06:35
PTP000608,payment_link_sent,2026-04-13 10:01:33
PTP000608,payment_link_opened,2026-04-13 11:25:30
PTP000608,whatsapp_confirmation_sent,2026-04-14 10:18:33
PTP000609,whatsapp_confirmation_sent,2026-04-14 10:09:39
PTP000609,inbound_call_from_customer,2026-04-14 12:00:13
PTP000610,whatsapp_confirmation_sent,2026-04-14 10:00:44
PTP000611,payment_link_sent,2026-04-13 10:42:33
PTP000611,payment_link_opened,2026-04-13 18:16:34
PTP000611,whatsapp_confirmation_sent,2026-04-14 10:02:38
PTP000611,confirmation_reply_yes,2026-04-14 12:35:38
PTP000612,payment_link_sent,2026-04-13 10:35:53
PTP000612,whatsapp_confirmation_sent,2026-04-14 10:28:29
PTP000612,payment_link_opened,2026-04-16 13:24:16
PTP000613,payment_link_sent,2026-04-13 08:13:13
PTP000613,whatsapp_confirmation_sent,2026-04-14 10:06:43
PTP000614,payment_link_sent,2026-04-13 12:09:54
PTP000614,whatsapp_confirmation_sent,2026-04-14 10:13:13
PTP000615,payment_link_sent,2026-04-13 10:24:33
PTP000615,whatsapp_confirmation_sent,2026-04-14 10:08:47
PTP000615,confirmation_reply_yes,2026-04-14 13:55:25
PTP000616,payment_link_sent,2026-04-13 11:27:12
PTP000616,whatsapp_confirmation_sent,2026-04-14 10:04:02
PTP000617,whatsapp_confirmation_sent,2026-04-14 10:25:46
PTP000618,payment_link_sent,2026-04-13 09:54:27
PTP000618,whatsapp_confirmation_sent,2026-04-14 10:09:07
PTP000619,whatsapp_confirmation_sent,2026-04-14 10:00:26
PTP000620,payment_link_sent,2026-04-13 12:41:37
PTP000620,whatsapp_confirmation_sent,2026-04-14 10:23:21
PTP000620,payment_link_opened,2026-05-08 15:49:56
PTP000621,whatsapp_confirmation_sent,2026-04-14 10:17:35
PTP000622,payment_link_sent,2026-04-13 08:08:56
PTP000622,whatsapp_confirmation_sent,2026-04-14 10:29:28
PTP000622,payment_link_opened,2026-04-19 13:50:12
PTP000623,payment_link_sent,2026-04-13 10:11:50
PTP000623,whatsapp_confirmation_sent,2026-04-14 10:00:08
PTP000624,whatsapp_confirmation_sent,2026-04-14 10:21:16
PTP000625,payment_link_sent,2026-04-13 11:43:06
PTP000625,payment_link_opened,2026-04-13 13:57:42
PTP000625,whatsapp_confirmation_sent,2026-04-14 10:06:56
PTP000625,confirmation_reply_yes,2026-04-14 13:50:40
PTP000626,whatsapp_confirmation_sent,2026-04-14 10:08:02
PTP000627,payment_link_sent,2026-04-13 12:20:39
PTP000627,payment_link_opened,2026-04-13 14:42:58
PTP000627,whatsapp_confirmation_sent,2026-04-14 10:25:42
PTP000628,payment_link_sent,2026-04-13 08:15:53
PTP000628,payment_link_opened,2026-04-13 13:01:51
PTP000628,whatsapp_confirmation_sent,2026-04-14 10:09:14
PTP000628,payment_link_opened,2026-04-19 11:17:41
PTP000629,payment_link_sent,2026-04-13 09:58:59
PTP000629,whatsapp_confirmation_sent,2026-04-14 10:19:02
PTP000630,payment_link_sent,2026-04-13 08:35:47
PTP000630,whatsapp_confirmation_sent,2026-04-14 10:20:29
PTP000631,payment_link_sent,2026-04-13 11:17:40
PTP000631,payment_link_opened,2026-04-13 16:32:32
PTP000631,whatsapp_confirmation_sent,2026-04-14 10:03:08
PTP000631,confirmation_reply_no,2026-04-14 10:34:44
PTP000631,payment_link_opened,2026-05-02 09:03:47
PTP000632,whatsapp_confirmation_sent,2026-04-14 10:11:09
PTP000633,payment_link_sent,2026-04-13 08:33:31
PTP000633,whatsapp_confirmation_sent,2026-04-14 10:06:00
PTP000633,confirmation_reply_yes,2026-04-14 15:31:34
PTP000634,payment_link_sent,2026-04-13 10:09:41
PTP000634,whatsapp_confirmation_sent,2026-04-14 10:18:34
PTP000634,confirmation_reply_yes,2026-04-14 14:07:42
PTP000635,payment_link_sent,2026-04-13 10:31:25
PTP000635,payment_link_opened,2026-04-13 12:37:17
PTP000635,whatsapp_confirmation_sent,2026-04-14 10:18:20
PTP000635,confirmation_reply_yes,2026-04-14 10:38:38
PTP000636,payment_link_sent,2026-04-13 09:25:54
PTP000636,whatsapp_confirmation_sent,2026-04-14 10:04:46
PTP000637,whatsapp_confirmation_sent,2026-04-14 10:18:18
PTP000638,payment_link_sent,2026-04-13 08:23:25
PTP000638,payment_link_opened,2026-04-13 15:38:22
PTP000638,payment_link_opened,2026-04-13 15:47:45
PTP000638,whatsapp_confirmation_sent,2026-04-14 10:01:49
PTP000639,payment_link_sent,2026-04-13 10:51:46
PTP000639,payment_link_opened,2026-04-13 11:31:27
PTP000639,whatsapp_confirmation_sent,2026-04-14 10:22:37
PTP000639,confirmation_reply_yes,2026-04-14 14:40:25
PTP000639,payment_link_opened,2026-05-01 22:17:21
PTP000640,payment_link_sent,2026-04-13 12:20:03
PTP000640,payment_link_opened,2026-04-13 23:14:47
PTP000640,whatsapp_confirmation_sent,2026-04-14 10:18:14
PTP000641,payment_link_sent,2026-04-13 17:34:41
PTP000641,whatsapp_confirmation_sent,2026-04-14 10:14:20
PTP000642,payment_link_sent,2026-04-13 17:23:36
PTP000642,whatsapp_confirmation_sent,2026-04-14 10:15:19
PTP000643,payment_link_sent,2026-04-13 18:19:02
PTP000643,payment_link_opened,2026-04-13 19:08:07
PTP000643,whatsapp_confirmation_sent,2026-04-14 10:16:43
PTP000643,confirmation_reply_yes,2026-04-14 15:47:12
PTP000644,whatsapp_confirmation_sent,2026-04-14 10:09:17
PTP000645,payment_link_sent,2026-04-13 18:12:41
PTP000645,whatsapp_confirmation_sent,2026-04-14 10:11:03
PTP000645,confirmation_reply_yes,2026-04-14 11:35:04
PTP000645,payment_link_opened,2026-05-13 21:26:34
PTP000646,payment_link_sent,2026-04-13 14:24:38
PTP000646,whatsapp_confirmation_sent,2026-04-14 10:23:03
PTP000647,payment_link_sent,2026-04-13 16:35:19
PTP000647,whatsapp_confirmation_sent,2026-04-14 10:11:08
PTP000647,confirmation_reply_yes,2026-04-14 11:23:23
PTP000648,payment_link_sent,2026-04-13 16:38:34
PTP000648,payment_link_opened,2026-04-13 20:14:05
PTP000648,whatsapp_confirmation_sent,2026-04-14 10:12:46
PTP000648,confirmation_reply_yes,2026-04-14 12:18:15
PTP000649,payment_link_sent,2026-04-13 18:40:51
PTP000649,whatsapp_confirmation_sent,2026-04-14 10:03:52
PTP000649,confirmation_reply_yes,2026-04-14 12:21:02
PTP000649,payment_link_opened,2026-04-19 20:07:13
PTP000650,payment_link_sent,2026-04-13 14:53:31
PTP000650,whatsapp_confirmation_sent,2026-04-14 10:06:24
PTP000651,payment_link_sent,2026-04-13 15:00:04
PTP000651,whatsapp_confirmation_sent,2026-04-14 10:27:49
PTP000653,payment_link_sent,2026-04-13 10:56:11
PTP000653,inbound_call_from_customer,2026-04-16 20:04:03
PTP000655,payment_link_sent,2026-04-13 12:54:04
PTP000655,payment_link_opened,2026-04-13 14:00:51
PTP000661,payment_link_sent,2026-04-14 12:35:35
PTP000661,whatsapp_confirmation_sent,2026-04-15 10:09:23
PTP000661,confirmation_reply_no,2026-04-15 10:29:53
PTP000662,payment_link_sent,2026-04-14 12:49:42
PTP000662,whatsapp_confirmation_sent,2026-04-15 10:28:08
PTP000662,confirmation_reply_yes,2026-04-15 11:39:20
PTP000662,payment_link_opened,2026-05-06 15:34:48
PTP000663,payment_link_sent,2026-04-14 11:11:48
PTP000663,whatsapp_confirmation_sent,2026-04-15 10:19:29
PTP000664,payment_link_sent,2026-04-14 10:03:33
PTP000664,payment_link_opened,2026-04-14 14:12:37
PTP000664,whatsapp_confirmation_sent,2026-04-15 10:25:11
PTP000664,confirmation_reply_yes,2026-04-15 12:22:01
PTP000665,payment_link_sent,2026-04-14 12:43:21
PTP000665,payment_link_opened,2026-04-14 15:27:39
PTP000665,payment_link_opened,2026-04-14 16:36:22
PTP000665,whatsapp_confirmation_sent,2026-04-15 10:15:49
PTP000666,payment_link_sent,2026-04-14 13:02:57
PTP000666,whatsapp_confirmation_sent,2026-04-15 10:08:35
PTP000666,payment_link_opened,2026-04-17 17:34:40
PTP000667,whatsapp_confirmation_sent,2026-04-15 10:22:57
PTP000668,payment_link_sent,2026-04-14 09:44:27
PTP000668,whatsapp_confirmation_sent,2026-04-15 10:02:16
PTP000669,whatsapp_confirmation_sent,2026-04-15 10:00:29
PTP000669,confirmation_reply_yes,2026-04-15 14:33:27
PTP000670,payment_link_sent,2026-04-14 11:03:02
PTP000670,whatsapp_confirmation_sent,2026-04-15 10:14:39
PTP000671,payment_link_sent,2026-04-14 10:18:35
PTP000671,whatsapp_confirmation_sent,2026-04-15 10:21:40
PTP000671,confirmation_reply_yes,2026-04-15 14:42:01
PTP000672,payment_link_sent,2026-04-14 11:38:25
PTP000672,whatsapp_confirmation_sent,2026-04-15 10:19:49
PTP000673,payment_link_sent,2026-04-14 11:48:21
PTP000673,payment_link_opened,2026-04-14 12:52:05
PTP000673,whatsapp_confirmation_sent,2026-04-15 10:26:07
PTP000673,confirmation_reply_yes,2026-04-15 12:25:06
PTP000673,payment_link_opened,2026-05-01 21:12:40
PTP000674,whatsapp_confirmation_sent,2026-04-15 10:02:33
PTP000675,whatsapp_confirmation_sent,2026-04-15 10:05:39
PTP000675,inbound_call_from_customer,2026-04-29 23:53:50
PTP000676,whatsapp_confirmation_sent,2026-04-15 10:22:55
PTP000676,confirmation_reply_yes,2026-04-15 12:38:01
PTP000677,payment_link_sent,2026-04-14 12:11:14
PTP000677,whatsapp_confirmation_sent,2026-04-15 10:08:49
PTP000678,payment_link_sent,2026-04-14 08:07:49
PTP000678,whatsapp_confirmation_sent,2026-04-15 10:28:29
PTP000678,confirmation_reply_yes,2026-04-15 11:24:04
PTP000679,whatsapp_confirmation_sent,2026-04-15 10:16:27
PTP000680,payment_link_sent,2026-04-14 10:39:07
PTP000680,whatsapp_confirmation_sent,2026-04-15 10:02:18
PTP000680,payment_link_opened,2026-05-10 18:43:15
PTP000681,payment_link_sent,2026-04-14 08:12:22
PTP000681,whatsapp_confirmation_sent,2026-04-15 10:16:15
PTP000682,whatsapp_confirmation_sent,2026-04-15 10:20:03
PTP000683,payment_link_sent,2026-04-14 12:46:09
PTP000683,payment_link_opened,2026-04-14 23:30:47
PTP000683,whatsapp_confirmation_sent,2026-04-15 10:13:48
PTP000684,whatsapp_confirmation_sent,2026-04-15 10:21:04
PTP000684,confirmation_reply_yes,2026-04-15 14:05:18
PTP000685,payment_link_sent,2026-04-14 09:24:15
PTP000685,whatsapp_confirmation_sent,2026-04-15 10:27:09
PTP000686,payment_link_sent,2026-04-14 09:46:59
PTP000686,payment_link_opened,2026-04-14 11:00:26
PTP000686,whatsapp_confirmation_sent,2026-04-15 10:11:44
PTP000686,confirmation_reply_yes,2026-04-15 12:48:16
PTP000686,payment_link_opened,2026-04-16 13:33:09
PTP000687,payment_link_sent,2026-04-14 10:18:23
PTP000687,whatsapp_confirmation_sent,2026-04-15 10:06:05
PTP000688,payment_link_sent,2026-04-14 10:52:28
PTP000688,whatsapp_confirmation_sent,2026-04-15 10:09:38
PTP000688,confirmation_reply_yes,2026-04-15 11:10:37
PTP000688,payment_link_opened,2026-04-18 21:43:03
PTP000689,payment_link_sent,2026-04-14 10:59:07
PTP000689,payment_link_opened,2026-04-14 12:08:59
PTP000689,whatsapp_confirmation_sent,2026-04-15 10:24:35
PTP000689,confirmation_reply_yes,2026-04-15 10:40:31
PTP000690,payment_link_sent,2026-04-14 13:03:34
PTP000690,whatsapp_confirmation_sent,2026-04-15 10:02:25
PTP000691,whatsapp_confirmation_sent,2026-04-15 10:10:04
PTP000692,payment_link_sent,2026-04-14 09:20:25
PTP000692,whatsapp_confirmation_sent,2026-04-15 10:16:05
PTP000693,payment_link_sent,2026-04-14 15:58:54
PTP000693,payment_link_opened,2026-04-15 00:02:23
PTP000693,whatsapp_confirmation_sent,2026-04-15 10:29:13
PTP000693,payment_link_opened,2026-04-27 19:27:46
PTP000694,payment_link_sent,2026-04-14 18:25:13
PTP000694,payment_link_opened,2026-04-14 22:58:49
PTP000694,whatsapp_confirmation_sent,2026-04-15 10:27:11
PTP000694,confirmation_reply_yes,2026-04-15 12:52:14
PTP000694,inbound_call_from_customer,2026-04-27 08:46:57
PTP000695,payment_link_sent,2026-04-14 16:00:54
PTP000695,whatsapp_confirmation_sent,2026-04-15 10:27:28
PTP000695,confirmation_reply_yes,2026-04-15 15:10:07
PTP000695,payment_link_opened,2026-04-25 09:08:24
PTP000696,whatsapp_confirmation_sent,2026-04-15 10:16:21
PTP000696,confirmation_reply_yes,2026-04-15 14:10:43
PTP000697,whatsapp_confirmation_sent,2026-04-15 10:08:55
PTP000697,confirmation_reply_yes,2026-04-15 10:31:19
PTP000703,payment_link_sent,2026-04-14 13:22:21
PTP000704,payment_link_sent,2026-04-15 11:58:53
PTP000704,whatsapp_confirmation_sent,2026-04-16 10:10:06
PTP000704,confirmation_reply_yes,2026-04-16 12:48:48
PTP000704,payment_link_opened,2026-04-21 17:07:16
PTP000705,payment_link_sent,2026-04-15 08:13:02
PTP000705,payment_link_opened,2026-04-15 08:45:12
PTP000705,whatsapp_confirmation_sent,2026-04-16 10:01:37
PTP000705,payment_link_opened,2026-04-20 14:14:35
PTP000706,payment_link_sent,2026-04-15 08:38:34
PTP000706,payment_link_opened,2026-04-15 08:40:34
PTP000706,whatsapp_confirmation_sent,2026-04-16 10:12:47
PTP000706,confirmation_reply_yes,2026-04-16 11:50:28
PTP000706,payment_link_opened,2026-05-05 18:44:49
PTP000707,payment_link_sent,2026-04-15 08:43:14
PTP000707,whatsapp_confirmation_sent,2026-04-16 10:09:26
PTP000707,confirmation_reply_no,2026-04-16 12:28:13
PTP000708,payment_link_sent,2026-04-15 08:13:39
PTP000708,whatsapp_confirmation_sent,2026-04-16 10:08:27
PTP000709,payment_link_sent,2026-04-15 09:34:25
PTP000709,whatsapp_confirmation_sent,2026-04-16 10:29:26
PTP000709,confirmation_reply_yes,2026-04-16 15:36:51
PTP000710,payment_link_sent,2026-04-15 10:09:02
PTP000710,whatsapp_confirmation_sent,2026-04-16 10:05:42
PTP000711,payment_link_sent,2026-04-15 10:16:05
PTP000711,whatsapp_confirmation_sent,2026-04-16 10:12:48
PTP000712,payment_link_sent,2026-04-15 08:10:26
PTP000712,payment_link_opened,2026-04-15 13:51:36
PTP000712,whatsapp_confirmation_sent,2026-04-16 10:11:54
PTP000712,confirmation_reply_yes,2026-04-16 15:35:06
PTP000713,payment_link_sent,2026-04-15 08:20:39
PTP000713,whatsapp_confirmation_sent,2026-04-16 10:00:27
PTP000713,payment_link_opened,2026-05-05 11:29:58
PTP000714,payment_link_sent,2026-04-15 08:11:27
PTP000714,whatsapp_confirmation_sent,2026-04-16 10:23:20
PTP000714,confirmation_reply_yes,2026-04-16 15:16:20
PTP000714,payment_link_opened,2026-04-22 15:51:58
PTP000715,payment_link_sent,2026-04-15 10:55:17
PTP000715,payment_link_opened,2026-04-15 11:01:01
PTP000715,whatsapp_confirmation_sent,2026-04-16 10:21:25
PTP000715,payment_link_opened,2026-04-16 14:13:58
PTP000715,confirmation_reply_yes,2026-04-16 14:59:02
PTP000716,payment_link_sent,2026-04-15 08:38:29
PTP000716,whatsapp_confirmation_sent,2026-04-16 10:16:24
PTP000716,payment_link_opened,2026-04-20 14:25:19
PTP000717,payment_link_sent,2026-04-15 11:06:36
PTP000717,whatsapp_confirmation_sent,2026-04-16 10:02:25
PTP000717,confirmation_reply_yes,2026-04-16 14:07:08
PTP000718,payment_link_sent,2026-04-15 10:15:58
PTP000718,whatsapp_confirmation_sent,2026-04-16 10:19:50
PTP000719,payment_link_sent,2026-04-15 09:32:39
PTP000719,whatsapp_confirmation_sent,2026-04-16 10:26:58
PTP000719,confirmation_reply_yes,2026-04-16 15:35:49
PTP000720,payment_link_sent,2026-04-15 09:10:18
PTP000720,payment_link_opened,2026-04-15 13:03:22
PTP000720,whatsapp_confirmation_sent,2026-04-16 10:14:31
PTP000721,whatsapp_confirmation_sent,2026-04-16 10:19:08
PTP000722,whatsapp_confirmation_sent,2026-04-16 10:14:26
PTP000723,payment_link_sent,2026-04-15 13:01:01
PTP000723,whatsapp_confirmation_sent,2026-04-16 10:01:07
PTP000723,payment_link_opened,2026-04-16 16:23:13
PTP000724,payment_link_sent,2026-04-15 08:17:59
PTP000724,whatsapp_confirmation_sent,2026-04-16 10:26:47
PTP000725,payment_link_sent,2026-04-15 09:29:26
PTP000725,payment_link_opened,2026-04-15 11:13:50
PTP000725,whatsapp_confirmation_sent,2026-04-16 10:17:56
PTP000725,inbound_call_from_customer,2026-04-21 21:03:29
PTP000725,payment_link_opened,2026-04-25 14:21:59
PTP000726,whatsapp_confirmation_sent,2026-04-16 10:22:04
PTP000727,payment_link_sent,2026-04-15 11:19:20
PTP000727,payment_link_opened,2026-04-15 15:32:31
PTP000727,whatsapp_confirmation_sent,2026-04-16 10:19:34
PTP000727,confirmation_reply_yes,2026-04-16 15:18:49
PTP000727,inbound_call_from_customer,2026-04-17 05:32:05
PTP000728,payment_link_sent,2026-04-15 10:24:52
PTP000728,payment_link_opened,2026-04-15 10:51:58
PTP000728,whatsapp_confirmation_sent,2026-04-16 10:07:55
PTP000728,confirmation_reply_yes,2026-04-16 12:15:27
PTP000728,payment_link_opened,2026-04-30 16:21:00
PTP000729,payment_link_sent,2026-04-15 10:59:33
PTP000729,whatsapp_confirmation_sent,2026-04-16 10:23:14
PTP000730,whatsapp_confirmation_sent,2026-04-16 10:14:05
PTP000731,whatsapp_confirmation_sent,2026-04-16 10:13:30
PTP000731,confirmation_reply_yes,2026-04-16 12:34:48
PTP000732,payment_link_sent,2026-04-15 08:20:17
PTP000732,payment_link_opened,2026-04-15 08:47:22
PTP000732,payment_link_opened,2026-04-15 10:18:44
PTP000732,whatsapp_confirmation_sent,2026-04-16 10:21:48
PTP000732,confirmation_reply_yes,2026-04-16 15:41:17
PTP000733,payment_link_sent,2026-04-15 08:37:21
PTP000733,payment_link_opened,2026-04-15 11:16:37
PTP000733,whatsapp_confirmation_sent,2026-04-16 10:15:38
PTP000733,payment_link_opened,2026-05-09 17:20:46
PTP000734,payment_link_sent,2026-04-15 08:50:25
PTP000734,payment_link_opened,2026-04-16 01:25:18
PTP000734,whatsapp_confirmation_sent,2026-04-16 10:20:55
PTP000734,confirmation_reply_yes,2026-04-16 14:08:30
PTP000735,payment_link_sent,2026-04-15 12:46:24
PTP000735,whatsapp_confirmation_sent,2026-04-16 10:09:56
PTP000736,payment_link_sent,2026-04-15 08:50:31
PTP000736,whatsapp_confirmation_sent,2026-04-16 10:27:28
PTP000737,payment_link_sent,2026-04-15 11:20:32
PTP000737,whatsapp_confirmation_sent,2026-04-16 10:09:54
PTP000738,payment_link_sent,2026-04-15 12:20:56
PTP000738,whatsapp_confirmation_sent,2026-04-16 10:00:57
PTP000738,confirmation_reply_yes,2026-04-16 14:33:38
PTP000739,payment_link_sent,2026-04-15 08:07:57
PTP000739,whatsapp_confirmation_sent,2026-04-16 10:04:55
PTP000740,payment_link_sent,2026-04-15 14:08:33
PTP000740,whatsapp_confirmation_sent,2026-04-16 10:20:06
PTP000741,whatsapp_confirmation_sent,2026-04-16 10:26:03
PTP000742,whatsapp_confirmation_sent,2026-04-16 10:21:51
PTP000742,inbound_call_from_customer,2026-04-16 10:27:46
PTP000743,payment_link_sent,2026-04-15 17:43:04
PTP000743,payment_link_opened,2026-04-15 19:41:43
PTP000743,whatsapp_confirmation_sent,2026-04-16 10:15:24
PTP000743,confirmation_reply_yes,2026-04-16 11:06:12
PTP000744,payment_link_sent,2026-04-15 17:44:46
PTP000744,whatsapp_confirmation_sent,2026-04-16 10:11:48
PTP000744,confirmation_reply_yes,2026-04-16 12:53:38
PTP000745,payment_link_sent,2026-04-15 14:55:35
PTP000745,whatsapp_confirmation_sent,2026-04-16 10:07:53
PTP000746,whatsapp_confirmation_sent,2026-04-16 10:10:38
PTP000747,payment_link_sent,2026-04-15 15:44:52
PTP000747,payment_link_opened,2026-04-15 19:33:32
PTP000747,whatsapp_confirmation_sent,2026-04-16 10:00:42
PTP000747,confirmation_reply_yes,2026-04-16 13:45:08
PTP000748,whatsapp_confirmation_sent,2026-04-16 10:15:05
PTP000748,confirmation_reply_yes,2026-04-16 12:09:39
PTP000749,payment_link_sent,2026-04-15 13:43:54
PTP000749,whatsapp_confirmation_sent,2026-04-16 10:00:38
PTP000749,payment_link_opened,2026-04-20 19:42:06
PTP000750,payment_link_sent,2026-04-15 16:23:41
PTP000750,whatsapp_confirmation_sent,2026-04-16 10:27:39
PTP000750,confirmation_reply_yes,2026-04-16 13:31:45
PTP000750,payment_link_opened,2026-05-09 12:50:58
PTP000751,payment_link_sent,2026-04-15 18:47:38
PTP000751,payment_link_opened,2026-04-15 21:02:41
PTP000751,whatsapp_confirmation_sent,2026-04-16 10:25:33
PTP000751,payment_link_opened,2026-05-08 21:10:50
PTP000755,payment_link_sent,2026-04-15 13:38:40
PTP000755,payment_link_opened,2026-04-15 21:05:36
PTP000757,payment_link_sent,2026-04-16 09:05:49
PTP000757,whatsapp_confirmation_sent,2026-04-17 10:01:18
PTP000758,payment_link_sent,2026-04-16 08:35:33
PTP000758,whatsapp_confirmation_sent,2026-04-17 10:22:49
PTP000758,confirmation_reply_yes,2026-04-17 15:45:33
PTP000759,payment_link_sent,2026-04-16 12:26:46
PTP000759,whatsapp_confirmation_sent,2026-04-17 10:25:41
PTP000760,whatsapp_confirmation_sent,2026-04-17 10:16:14
PTP000760,confirmation_reply_yes,2026-04-17 12:30:52
PTP000761,payment_link_sent,2026-04-16 09:56:39
PTP000761,payment_link_opened,2026-04-16 12:38:51
PTP000761,whatsapp_confirmation_sent,2026-04-17 10:06:15
PTP000762,whatsapp_confirmation_sent,2026-04-17 10:18:50
PTP000763,payment_link_sent,2026-04-16 08:40:55
PTP000763,whatsapp_confirmation_sent,2026-04-17 10:23:04
PTP000763,confirmation_reply_yes,2026-04-17 14:46:56
PTP000763,payment_link_opened,2026-05-11 16:27:28
PTP000764,payment_link_sent,2026-04-16 09:19:35
PTP000764,payment_link_opened,2026-04-17 08:29:36
PTP000764,whatsapp_confirmation_sent,2026-04-17 10:05:43
PTP000765,payment_link_sent,2026-04-16 10:20:27
PTP000765,whatsapp_confirmation_sent,2026-04-17 10:02:37
PTP000766,whatsapp_confirmation_sent,2026-04-17 10:26:05
PTP000766,confirmation_reply_yes,2026-04-17 14:04:36
PTP000767,payment_link_sent,2026-04-16 09:22:58
PTP000767,whatsapp_confirmation_sent,2026-04-17 10:05:54
PTP000767,confirmation_reply_yes,2026-04-17 10:14:32
PTP000768,payment_link_sent,2026-04-16 09:56:11
PTP000768,whatsapp_confirmation_sent,2026-04-17 10:28:43
PTP000769,payment_link_sent,2026-04-16 09:47:54
PTP000769,whatsapp_confirmation_sent,2026-04-17 10:10:20
PTP000769,payment_link_opened,2026-04-30 09:51:54
PTP000770,payment_link_sent,2026-04-16 08:52:19
PTP000770,payment_link_opened,2026-04-16 22:43:39
PTP000770,whatsapp_confirmation_sent,2026-04-17 10:01:48
PTP000770,confirmation_reply_no,2026-04-17 15:35:00
PTP000771,payment_link_sent,2026-04-16 08:44:43
PTP000771,whatsapp_confirmation_sent,2026-04-17 10:02:40
PTP000771,confirmation_reply_yes,2026-04-17 10:17:17
PTP000772,payment_link_sent,2026-04-16 12:30:55
PTP000772,whatsapp_confirmation_sent,2026-04-17 10:04:26
PTP000772,confirmation_reply_yes,2026-04-17 11:20:02
PTP000772,payment_link_opened,2026-05-03 09:09:20
PTP000773,whatsapp_confirmation_sent,2026-04-17 10:02:43
PTP000774,payment_link_sent,2026-04-16 08:46:14
PTP000774,payment_link_opened,2026-04-16 15:59:00
PTP000774,whatsapp_confirmation_sent,2026-04-17 10:20:05
PTP000774,confirmation_reply_yes,2026-04-17 13:09:15
PTP000774,payment_link_opened,2026-05-02 09:12:28
PTP000775,whatsapp_confirmation_sent,2026-04-17 10:18:16
PTP000776,whatsapp_confirmation_sent,2026-04-17 10:11:37
PTP000777,payment_link_sent,2026-04-16 11:58:30
PTP000777,payment_link_opened,2026-04-16 12:57:12
PTP000777,whatsapp_confirmation_sent,2026-04-17 10:20:38
PTP000777,confirmation_reply_yes,2026-04-17 13:54:38
PTP000778,payment_link_sent,2026-04-16 09:02:31
PTP000778,payment_link_opened,2026-04-16 09:22:28
PTP000778,payment_link_opened,2026-04-16 20:44:17
PTP000778,inbound_call_from_customer,2026-04-16 23:46:22
PTP000778,whatsapp_confirmation_sent,2026-04-17 10:06:37
PTP000778,confirmation_reply_yes,2026-04-17 15:39:48
PTP000779,whatsapp_confirmation_sent,2026-04-17 10:15:14
PTP000780,payment_link_sent,2026-04-16 13:01:22
PTP000780,whatsapp_confirmation_sent,2026-04-17 10:21:34
PTP000781,payment_link_sent,2026-04-16 17:33:08
PTP000781,whatsapp_confirmation_sent,2026-04-17 10:22:40
PTP000782,payment_link_sent,2026-04-16 18:24:51
PTP000782,whatsapp_confirmation_sent,2026-04-17 10:27:45
PTP000783,payment_link_sent,2026-04-16 14:58:49
PTP000783,whatsapp_confirmation_sent,2026-04-17 10:29:36
PTP000783,payment_link_opened,2026-05-05 15:53:07
PTP000784,payment_link_sent,2026-04-16 16:24:41
PTP000784,whatsapp_confirmation_sent,2026-04-17 10:06:39
PTP000786,payment_link_sent,2026-04-16 12:13:59
PTP000790,payment_link_sent,2026-04-16 11:01:46
PTP000791,payment_link_sent,2026-04-16 13:01:26
PTP000793,payment_link_sent,2026-04-16 12:00:23
PTP000794,payment_link_sent,2026-04-17 08:15:35
PTP000794,payment_link_opened,2026-04-17 23:44:02
PTP000794,whatsapp_confirmation_sent,2026-04-18 10:19:50
PTP000794,confirmation_reply_yes,2026-04-18 11:35:18
PTP000794,payment_link_opened,2026-04-30 21:49:29
PTP000795,payment_link_sent,2026-04-17 09:51:49
PTP000795,whatsapp_confirmation_sent,2026-04-18 10:25:57
PTP000796,payment_link_sent,2026-04-17 08:59:13
PTP000796,whatsapp_confirmation_sent,2026-04-18 10:20:45
PTP000797,payment_link_sent,2026-04-17 12:59:03
PTP000797,whatsapp_confirmation_sent,2026-04-18 10:17:00
PTP000798,payment_link_sent,2026-04-17 10:17:41
PTP000798,whatsapp_confirmation_sent,2026-04-18 10:10:31
PTP000798,confirmation_reply_yes,2026-04-18 13:18:37
PTP000799,whatsapp_confirmation_sent,2026-04-18 10:13:26
PTP000799,confirmation_reply_yes,2026-04-18 14:49:23
PTP000800,payment_link_sent,2026-04-17 08:45:00
PTP000800,payment_link_opened,2026-04-17 09:12:25
PTP000800,payment_link_opened,2026-04-17 09:17:18
PTP000800,whatsapp_confirmation_sent,2026-04-18 10:20:27
PTP000800,confirmation_reply_yes,2026-04-18 14:34:17
PTP000801,payment_link_sent,2026-04-17 10:55:56
PTP000801,whatsapp_confirmation_sent,2026-04-18 10:03:37
PTP000802,payment_link_sent,2026-04-17 08:52:42
PTP000802,whatsapp_confirmation_sent,2026-04-18 10:22:33
PTP000802,confirmation_reply_yes,2026-04-18 13:19:57
PTP000803,payment_link_sent,2026-04-17 10:18:51
PTP000803,whatsapp_confirmation_sent,2026-04-18 10:25:05
PTP000803,confirmation_reply_no,2026-04-18 15:11:42
PTP000804,whatsapp_confirmation_sent,2026-04-18 10:12:20
PTP000804,confirmation_reply_yes,2026-04-18 10:28:55
PTP000805,payment_link_sent,2026-04-17 12:23:39
PTP000805,whatsapp_confirmation_sent,2026-04-18 10:15:06
PTP000806,payment_link_sent,2026-04-17 12:04:55
PTP000806,whatsapp_confirmation_sent,2026-04-18 10:25:56
PTP000806,confirmation_reply_yes,2026-04-18 14:43:56
PTP000806,payment_link_opened,2026-04-21 13:25:49
PTP000807,payment_link_sent,2026-04-17 09:35:07
PTP000807,payment_link_opened,2026-04-17 09:45:12
PTP000807,whatsapp_confirmation_sent,2026-04-18 10:22:07
PTP000807,payment_link_opened,2026-04-25 12:51:54
PTP000808,whatsapp_confirmation_sent,2026-04-18 10:03:54
PTP000808,confirmation_reply_yes,2026-04-18 10:41:49
PTP000809,payment_link_sent,2026-04-17 10:19:54
PTP000809,whatsapp_confirmation_sent,2026-04-18 10:08:04
PTP000809,confirmation_reply_yes,2026-04-18 11:49:19
PTP000809,payment_link_opened,2026-04-24 08:02:07
PTP000810,payment_link_sent,2026-04-17 12:53:01
PTP000810,whatsapp_confirmation_sent,2026-04-18 10:23:05
PTP000811,whatsapp_confirmation_sent,2026-04-18 10:07:27
PTP000812,whatsapp_confirmation_sent,2026-04-18 10:21:16
PTP000812,confirmation_reply_yes,2026-04-18 13:46:49
PTP000813,payment_link_sent,2026-04-17 10:33:05
PTP000813,whatsapp_confirmation_sent,2026-04-18 10:03:56
PTP000813,payment_link_opened,2026-04-18 12:31:10
PTP000814,payment_link_sent,2026-04-17 11:29:37
PTP000814,whatsapp_confirmation_sent,2026-04-18 10:09:42
PTP000814,payment_link_opened,2026-04-21 09:04:36
PTP000815,inbound_call_from_customer,2026-04-17 23:23:23
PTP000815,whatsapp_confirmation_sent,2026-04-18 10:15:46
PTP000816,whatsapp_confirmation_sent,2026-04-18 10:18:37
PTP000816,confirmation_reply_yes,2026-04-18 12:18:13
PTP000817,payment_link_sent,2026-04-17 10:11:08
PTP000817,payment_link_opened,2026-04-17 13:28:59
PTP000817,whatsapp_confirmation_sent,2026-04-18 10:02:41
PTP000817,payment_link_opened,2026-04-27 15:27:03
PTP000818,payment_link_sent,2026-04-17 11:03:20
PTP000818,whatsapp_confirmation_sent,2026-04-18 10:16:45
PTP000818,confirmation_reply_yes,2026-04-18 14:54:14
PTP000818,inbound_call_from_customer,2026-04-21 04:49:20
PTP000819,payment_link_sent,2026-04-17 12:57:17
PTP000819,payment_link_opened,2026-04-17 16:03:59
PTP000819,whatsapp_confirmation_sent,2026-04-18 10:20:07
PTP000819,confirmation_reply_yes,2026-04-18 12:41:58
PTP000820,payment_link_sent,2026-04-17 12:00:03
PTP000820,whatsapp_confirmation_sent,2026-04-18 10:12:42
PTP000820,confirmation_reply_no,2026-04-18 13:36:59
PTP000820,payment_link_opened,2026-04-28 20:49:59
PTP000821,payment_link_sent,2026-04-17 08:35:38
PTP000821,whatsapp_confirmation_sent,2026-04-18 10:00:01
PTP000822,payment_link_sent,2026-04-17 09:16:17
PTP000822,payment_link_opened,2026-04-17 20:47:49
PTP000822,whatsapp_confirmation_sent,2026-04-18 10:06:09
PTP000823,payment_link_sent,2026-04-17 08:46:01
PTP000823,payment_link_opened,2026-04-17 21:36:18
PTP000823,whatsapp_confirmation_sent,2026-04-18 10:27:35
PTP000824,payment_link_sent,2026-04-17 15:00:33
PTP000824,payment_link_opened,2026-04-17 15:14:52
PTP000824,whatsapp_confirmation_sent,2026-04-18 10:03:19
PTP000824,confirmation_reply_yes,2026-04-18 11:47:27
PTP000824,payment_link_opened,2026-05-10 21:54:59
PTP000825,whatsapp_confirmation_sent,2026-04-18 10:11:02
PTP000825,confirmation_reply_yes,2026-04-18 11:22:04
PTP000826,payment_link_sent,2026-04-17 14:46:26
PTP000826,whatsapp_confirmation_sent,2026-04-18 10:20:46
PTP000826,confirmation_reply_yes,2026-04-18 14:56:09
PTP000827,payment_link_sent,2026-04-17 14:25:20
PTP000827,payment_link_opened,2026-04-17 16:27:06
PTP000827,payment_link_opened,2026-04-18 09:53:11
PTP000827,whatsapp_confirmation_sent,2026-04-18 10:11:29
PTP000828,whatsapp_confirmation_sent,2026-04-18 10:18:44
PTP000829,payment_link_sent,2026-04-17 17:42:11
PTP000829,whatsapp_confirmation_sent,2026-04-18 10:06:50
PTP000829,payment_link_opened,2026-05-09 11:07:31
PTP000830,payment_link_sent,2026-04-17 16:49:40
PTP000830,whatsapp_confirmation_sent,2026-04-18 10:05:03
PTP000830,confirmation_reply_no,2026-04-18 14:45:41
PTP000831,whatsapp_confirmation_sent,2026-04-18 10:05:35
PTP000831,confirmation_reply_yes,2026-04-18 13:26:59
PTP000832,payment_link_sent,2026-04-17 18:57:31
PTP000832,whatsapp_confirmation_sent,2026-04-18 10:19:15
PTP000832,payment_link_opened,2026-04-24 18:28:07
PTP000833,whatsapp_confirmation_sent,2026-04-18 10:23:35
PTP000834,whatsapp_confirmation_sent,2026-04-18 10:01:19
PTP000835,payment_link_sent,2026-04-17 15:44:50
PTP000835,whatsapp_confirmation_sent,2026-04-18 10:26:01
PTP000835,confirmation_reply_yes,2026-04-18 13:37:50
PTP000836,payment_link_sent,2026-04-17 15:16:09
PTP000836,whatsapp_confirmation_sent,2026-04-18 10:03:00
PTP000841,payment_link_sent,2026-04-18 10:55:40
PTP000841,whatsapp_confirmation_sent,2026-04-19 10:24:20
PTP000842,payment_link_sent,2026-04-18 11:50:52
PTP000842,payment_link_opened,2026-04-18 12:10:18
PTP000842,whatsapp_confirmation_sent,2026-04-19 10:06:50
PTP000842,confirmation_reply_yes,2026-04-19 14:19:25
PTP000842,payment_link_opened,2026-04-26 15:01:29
PTP000843,whatsapp_confirmation_sent,2026-04-19 10:29:29
PTP000844,payment_link_sent,2026-04-18 11:13:56
PTP000844,whatsapp_confirmation_sent,2026-04-19 10:03:30
PTP000844,payment_link_opened,2026-04-29 14:39:07
PTP000845,payment_link_sent,2026-04-18 12:50:29
PTP000845,whatsapp_confirmation_sent,2026-04-19 10:00:03
PTP000845,payment_link_opened,2026-04-19 18:35:37
PTP000846,whatsapp_confirmation_sent,2026-04-19 10:16:51
PTP000847,payment_link_sent,2026-04-18 09:42:23
PTP000847,whatsapp_confirmation_sent,2026-04-19 10:07:00
PTP000848,inbound_call_from_customer,2026-04-19 00:15:29
PTP000848,whatsapp_confirmation_sent,2026-04-19 10:29:04
PTP000849,payment_link_sent,2026-04-18 09:00:02
PTP000849,whatsapp_confirmation_sent,2026-04-19 10:05:47
PTP000849,confirmation_reply_yes,2026-04-19 12:44:16
PTP000850,payment_link_sent,2026-04-18 11:08:34
PTP000850,payment_link_opened,2026-04-18 13:08:30
PTP000850,whatsapp_confirmation_sent,2026-04-19 10:18:19
PTP000850,confirmation_reply_yes,2026-04-19 14:19:17
PTP000851,whatsapp_confirmation_sent,2026-04-19 10:04:28
PTP000852,whatsapp_confirmation_sent,2026-04-19 10:28:24
PTP000852,confirmation_reply_yes,2026-04-19 14:03:52
PTP000853,payment_link_sent,2026-04-18 08:51:09
PTP000853,whatsapp_confirmation_sent,2026-04-19 10:19:26
PTP000853,confirmation_reply_yes,2026-04-19 10:40:54
PTP000854,payment_link_sent,2026-04-18 12:57:11
PTP000854,whatsapp_confirmation_sent,2026-04-19 10:15:59
PTP000854,confirmation_reply_no,2026-04-19 12:48:23
PTP000855,payment_link_sent,2026-04-18 08:12:11
PTP000855,whatsapp_confirmation_sent,2026-04-19 10:17:51
PTP000855,inbound_call_from_customer,2026-04-20 04:47:53
PTP000856,payment_link_sent,2026-04-18 08:37:39
PTP000856,whatsapp_confirmation_sent,2026-04-19 10:08:00
PTP000857,payment_link_sent,2026-04-18 09:39:08
PTP000857,payment_link_opened,2026-04-18 13:17:36
PTP000857,whatsapp_confirmation_sent,2026-04-19 10:11:41
PTP000857,confirmation_reply_yes,2026-04-19 11:41:31
PTP000858,payment_link_sent,2026-04-18 10:54:06
PTP000858,payment_link_opened,2026-04-18 11:29:21
PTP000858,whatsapp_confirmation_sent,2026-04-19 10:05:08
PTP000858,confirmation_reply_no,2026-04-19 13:38:36
PTP000858,payment_link_opened,2026-04-26 15:42:04
PTP000859,payment_link_sent,2026-04-18 08:16:46
PTP000859,whatsapp_confirmation_sent,2026-04-19 10:15:36
PTP000859,payment_link_opened,2026-05-07 22:30:36
PTP000860,payment_link_sent,2026-04-18 09:08:39
PTP000860,payment_link_opened,2026-04-18 12:18:15
PTP000860,whatsapp_confirmation_sent,2026-04-19 10:09:47
PTP000861,whatsapp_confirmation_sent,2026-04-19 10:21:36
PTP000862,payment_link_sent,2026-04-18 10:35:50
PTP000862,payment_link_opened,2026-04-18 15:47:56
PTP000862,whatsapp_confirmation_sent,2026-04-19 10:05:24
PTP000863,payment_link_sent,2026-04-18 11:41:20
PTP000863,whatsapp_confirmation_sent,2026-04-19 10:21:11
PTP000864,payment_link_sent,2026-04-18 09:20:17
PTP000864,whatsapp_confirmation_sent,2026-04-19 10:08:38
PTP000865,whatsapp_confirmation_sent,2026-04-19 10:09:26
PTP000866,payment_link_sent,2026-04-18 15:33:33
PTP000866,whatsapp_confirmation_sent,2026-04-19 10:20:57
PTP000866,confirmation_reply_yes,2026-04-19 12:46:12
PTP000867,payment_link_sent,2026-04-18 13:34:10
PTP000867,whatsapp_confirmation_sent,2026-04-19 10:26:08
PTP000868,payment_link_sent,2026-04-18 18:52:59
PTP000868,whatsapp_confirmation_sent,2026-04-19 10:14:01
PTP000868,confirmation_reply_yes,2026-04-19 14:58:21
PTP000869,payment_link_sent,2026-04-18 13:59:24
PTP000869,whatsapp_confirmation_sent,2026-04-19 10:28:25
PTP000870,payment_link_sent,2026-04-18 18:47:35
PTP000870,payment_link_opened,2026-04-18 22:27:58
PTP000870,whatsapp_confirmation_sent,2026-04-19 10:10:23
PTP000871,whatsapp_confirmation_sent,2026-04-19 10:06:47
PTP000872,payment_link_sent,2026-04-18 14:19:46
PTP000872,payment_link_opened,2026-04-18 20:20:30
PTP000872,whatsapp_confirmation_sent,2026-04-19 10:18:28
PTP000872,confirmation_reply_yes,2026-04-19 12:09:29
PTP000872,payment_link_opened,2026-05-03 11:11:19
PTP000873,payment_link_sent,2026-04-18 13:39:52
PTP000873,payment_link_opened,2026-04-18 14:00:08
PTP000873,whatsapp_confirmation_sent,2026-04-19 10:26:57
PTP000873,confirmation_reply_yes,2026-04-19 15:20:00
PTP000874,payment_link_sent,2026-04-18 13:37:09
PTP000875,inbound_call_from_customer,2026-04-18 19:11:33
PTP000877,payment_link_sent,2026-04-18 11:16:06
PTP000878,payment_link_sent,2026-04-19 12:30:15
PTP000878,whatsapp_confirmation_sent,2026-04-20 10:15:06
PTP000879,payment_link_sent,2026-04-19 08:32:02
PTP000879,whatsapp_confirmation_sent,2026-04-20 10:03:18
PTP000880,whatsapp_confirmation_sent,2026-04-20 10:18:21
PTP000880,confirmation_reply_yes,2026-04-20 15:47:29
PTP000881,payment_link_sent,2026-04-19 12:57:34
PTP000881,whatsapp_confirmation_sent,2026-04-20 10:05:03
PTP000881,payment_link_opened,2026-04-26 21:43:37
PTP000882,whatsapp_confirmation_sent,2026-04-20 10:02:28
PTP000882,confirmation_reply_no,2026-04-20 12:45:14
PTP000882,inbound_call_from_customer,2026-04-25 15:48:08
PTP000883,payment_link_sent,2026-04-19 11:12:39
PTP000883,whatsapp_confirmation_sent,2026-04-20 10:05:38
PTP000883,inbound_call_from_customer,2026-04-20 17:56:41
PTP000884,payment_link_sent,2026-04-19 09:51:06
PTP000884,payment_link_opened,2026-04-19 11:22:01
PTP000884,whatsapp_confirmation_sent,2026-04-20 10:19:51
PTP000884,payment_link_opened,2026-05-01 18:54:01
PTP000885,payment_link_sent,2026-04-19 08:11:00
PTP000885,whatsapp_confirmation_sent,2026-04-20 10:15:40
PTP000886,payment_link_sent,2026-04-19 12:26:19
PTP000886,payment_link_opened,2026-04-19 14:14:13
PTP000886,whatsapp_confirmation_sent,2026-04-20 10:11:56
PTP000886,confirmation_reply_yes,2026-04-20 14:45:53
PTP000886,payment_link_opened,2026-05-20 16:34:04
PTP000887,payment_link_sent,2026-04-19 08:51:06
PTP000887,payment_link_opened,2026-04-19 08:59:37
PTP000887,payment_link_opened,2026-04-19 12:18:35
PTP000887,whatsapp_confirmation_sent,2026-04-20 10:04:54
PTP000887,confirmation_reply_yes,2026-04-20 13:17:23
PTP000888,payment_link_sent,2026-04-19 11:59:12
PTP000888,payment_link_opened,2026-04-20 01:57:18
PTP000888,whatsapp_confirmation_sent,2026-04-20 10:21:05
PTP000888,confirmation_reply_yes,2026-04-20 11:53:24
PTP000889,whatsapp_confirmation_sent,2026-04-20 10:21:01
PTP000889,confirmation_reply_no,2026-04-20 14:16:37
PTP000890,whatsapp_confirmation_sent,2026-04-20 10:14:16
PTP000891,payment_link_sent,2026-04-19 08:14:55
PTP000891,whatsapp_confirmation_sent,2026-04-20 10:14:52
PTP000892,payment_link_sent,2026-04-19 12:10:30
PTP000892,payment_link_opened,2026-04-19 15:54:37
PTP000892,whatsapp_confirmation_sent,2026-04-20 10:22:16
PTP000893,payment_link_sent,2026-04-19 11:49:02
PTP000893,whatsapp_confirmation_sent,2026-04-20 10:02:27
PTP000894,payment_link_sent,2026-04-19 10:07:03
PTP000894,whatsapp_confirmation_sent,2026-04-20 10:12:15
PTP000895,payment_link_sent,2026-04-19 18:18:01
PTP000895,whatsapp_confirmation_sent,2026-04-20 10:09:49
PTP000896,whatsapp_confirmation_sent,2026-04-20 10:03:54
PTP000897,payment_link_sent,2026-04-19 18:32:51
PTP000897,payment_link_opened,2026-04-19 20:39:18
PTP000897,whatsapp_confirmation_sent,2026-04-20 10:03:07
PTP000897,payment_link_opened,2026-05-01 16:10:22
PTP000898,payment_link_sent,2026-04-19 16:58:09
PTP000898,whatsapp_confirmation_sent,2026-04-20 10:03:10
PTP000899,whatsapp_confirmation_sent,2026-04-20 10:08:26
PTP000900,payment_link_sent,2026-04-19 15:45:32
PTP000900,whatsapp_confirmation_sent,2026-04-20 10:07:33
PTP000901,payment_link_sent,2026-04-19 18:38:01
PTP000901,whatsapp_confirmation_sent,2026-04-20 10:01:30
PTP000902,whatsapp_confirmation_sent,2026-04-21 10:18:57
PTP000903,payment_link_sent,2026-04-20 09:43:17
PTP000903,whatsapp_confirmation_sent,2026-04-21 10:27:06
PTP000903,confirmation_reply_yes,2026-04-21 12:35:38
PTP000904,payment_link_sent,2026-04-20 12:41:31
PTP000904,whatsapp_confirmation_sent,2026-04-21 10:12:19
PTP000904,confirmation_reply_yes,2026-04-21 11:26:27
PTP000905,payment_link_sent,2026-04-20 12:15:19
PTP000905,payment_link_opened,2026-04-20 15:22:02
PTP000905,inbound_call_from_customer,2026-04-21 05:45:11
PTP000905,whatsapp_confirmation_sent,2026-04-21 10:28:30
PTP000906,payment_link_sent,2026-04-20 12:33:11
PTP000906,payment_link_opened,2026-04-20 14:10:26
PTP000906,whatsapp_confirmation_sent,2026-04-21 10:00:49
PTP000907,payment_link_sent,2026-04-20 11:04:18
PTP000907,payment_link_opened,2026-04-20 11:16:38
PTP000907,whatsapp_confirmation_sent,2026-04-21 10:29:22
PTP000907,confirmation_reply_yes,2026-04-21 11:16:00
PTP000908,payment_link_sent,2026-04-20 08:46:45
PTP000908,payment_link_opened,2026-04-20 09:57:34
PTP000908,whatsapp_confirmation_sent,2026-04-21 10:23:23
PTP000908,confirmation_reply_yes,2026-04-21 13:11:36
PTP000908,payment_link_opened,2026-05-10 20:59:11
PTP000909,payment_link_sent,2026-04-20 10:33:43
PTP000909,inbound_call_from_customer,2026-04-20 21:14:34
PTP000909,whatsapp_confirmation_sent,2026-04-21 10:26:52
PTP000909,confirmation_reply_yes,2026-04-21 13:47:26
PTP000909,payment_link_opened,2026-04-21 16:10:31
PTP000910,whatsapp_confirmation_sent,2026-04-21 10:14:16
PTP000910,confirmation_reply_yes,2026-04-21 13:35:06
PTP000911,payment_link_sent,2026-04-20 08:37:07
PTP000911,payment_link_opened,2026-04-20 10:57:19
PTP000911,whatsapp_confirmation_sent,2026-04-21 10:16:09
PTP000911,confirmation_reply_yes,2026-04-21 14:15:16
PTP000912,whatsapp_confirmation_sent,2026-04-21 10:05:28
PTP000912,confirmation_reply_yes,2026-04-21 14:02:37
PTP000913,payment_link_sent,2026-04-20 08:24:10
PTP000913,whatsapp_confirmation_sent,2026-04-21 10:12:09
PTP000913,confirmation_reply_no,2026-04-21 13:09:04
PTP000914,payment_link_sent,2026-04-20 08:33:57
PTP000914,whatsapp_confirmation_sent,2026-04-21 10:06:53
PTP000914,confirmation_reply_yes,2026-04-21 11:08:05
PTP000914,payment_link_opened,2026-05-07 13:04:33
PTP000915,whatsapp_confirmation_sent,2026-04-21 10:00:41
PTP000916,whatsapp_confirmation_sent,2026-04-21 10:16:02
PTP000917,payment_link_sent,2026-04-20 08:32:33
PTP000917,whatsapp_confirmation_sent,2026-04-21 10:01:56
PTP000918,payment_link_sent,2026-04-20 08:57:15
PTP000918,whatsapp_confirmation_sent,2026-04-21 10:22:14
PTP000918,payment_link_opened,2026-05-09 15:42:23
PTP000919,payment_link_sent,2026-04-20 09:08:31
PTP000919,payment_link_opened,2026-04-20 12:43:52
PTP000919,whatsapp_confirmation_sent,2026-04-21 10:00:42
PTP000919,confirmation_reply_yes,2026-04-21 14:40:05
PTP000920,payment_link_sent,2026-04-20 09:46:20
PTP000920,payment_link_opened,2026-04-20 12:43:03
PTP000920,whatsapp_confirmation_sent,2026-04-21 10:16:09
PTP000920,payment_link_opened,2026-05-10 12:45:03
PTP000921,whatsapp_confirmation_sent,2026-04-21 10:20:15
PTP000922,payment_link_sent,2026-04-20 08:56:14
PTP000922,whatsapp_confirmation_sent,2026-04-21 10:26:02
PTP000923,payment_link_sent,2026-04-20 10:29:05
PTP000923,whatsapp_confirmation_sent,2026-04-21 10:27:04
PTP000924,payment_link_sent,2026-04-20 09:30:20
PTP000924,whatsapp_confirmation_sent,2026-04-21 10:28:36
PTP000925,payment_link_sent,2026-04-20 09:39:50
PTP000925,whatsapp_confirmation_sent,2026-04-21 10:13:59
PTP000926,payment_link_sent,2026-04-20 11:34:53
PTP000926,whatsapp_confirmation_sent,2026-04-21 10:27:38
PTP000926,confirmation_reply_no,2026-04-21 12:09:10
PTP000927,whatsapp_confirmation_sent,2026-04-21 10:14:25
PTP000927,confirmation_reply_yes,2026-04-21 12:15:29
PTP000928,payment_link_sent,2026-04-20 09:16:37
PTP000928,whatsapp_confirmation_sent,2026-04-21 10:23:53
PTP000928,confirmation_reply_yes,2026-04-21 13:21:23
PTP000929,payment_link_sent,2026-04-20 09:16:52
PTP000929,payment_link_opened,2026-04-20 16:56:51
PTP000929,whatsapp_confirmation_sent,2026-04-21 10:27:20
PTP000930,whatsapp_confirmation_sent,2026-04-21 10:28:16
PTP000931,payment_link_sent,2026-04-20 09:11:47
PTP000931,payment_link_opened,2026-04-20 22:02:45
PTP000931,whatsapp_confirmation_sent,2026-04-21 10:17:00
PTP000931,confirmation_reply_yes,2026-04-21 10:59:30
PTP000932,whatsapp_confirmation_sent,2026-04-21 10:22:04
PTP000932,confirmation_reply_yes,2026-04-21 14:59:20
PTP000933,payment_link_sent,2026-04-20 11:36:29
PTP000933,whatsapp_confirmation_sent,2026-04-21 10:10:22
PTP000933,confirmation_reply_yes,2026-04-21 14:33:35
PTP000933,payment_link_opened,2026-05-09 16:08:26
PTP000934,payment_link_sent,2026-04-20 11:09:03
PTP000934,payment_link_opened,2026-04-20 12:40:28
PTP000934,whatsapp_confirmation_sent,2026-04-21 10:10:32
PTP000934,confirmation_reply_yes,2026-04-21 11:46:39
PTP000935,payment_link_sent,2026-04-20 10:56:35
PTP000935,whatsapp_confirmation_sent,2026-04-21 10:22:56
PTP000935,payment_link_opened,2026-05-03 08:42:49
PTP000936,payment_link_sent,2026-04-20 09:31:43
PTP000936,payment_link_opened,2026-04-20 10:06:53
PTP000936,whatsapp_confirmation_sent,2026-04-21 10:13:48
PTP000936,confirmation_reply_no,2026-04-21 11:16:57
PTP000936,payment_link_opened,2026-05-10 12:47:15
PTP000937,payment_link_sent,2026-04-20 10:26:55
PTP000937,whatsapp_confirmation_sent,2026-04-21 10:29:54
PTP000937,confirmation_reply_yes,2026-04-21 13:47:23
PTP000937,payment_link_opened,2026-04-27 08:07:43
PTP000938,whatsapp_confirmation_sent,2026-04-21 10:27:22
PTP000939,payment_link_sent,2026-04-20 08:35:11
PTP000939,whatsapp_confirmation_sent,2026-04-21 10:16:05
PTP000940,whatsapp_confirmation_sent,2026-04-21 10:26:20
PTP000940,confirmation_reply_yes,2026-04-21 11:38:32
PTP000941,payment_link_sent,2026-04-20 17:36:23
PTP000941,whatsapp_confirmation_sent,2026-04-21 10:15:47
PTP000942,payment_link_sent,2026-04-20 17:57:48
PTP000942,whatsapp_confirmation_sent,2026-04-21 10:03:55
PTP000943,payment_link_sent,2026-04-20 16:43:47
PTP000943,whatsapp_confirmation_sent,2026-04-21 10:09:08
PTP000943,confirmation_reply_no,2026-04-21 14:52:23
PTP000944,inbound_call_from_customer,2026-04-21 04:57:18
PTP000944,whatsapp_confirmation_sent,2026-04-21 10:01:20
PTP000945,payment_link_sent,2026-04-20 18:19:42
PTP000945,whatsapp_confirmation_sent,2026-04-21 10:01:41
PTP000946,payment_link_sent,2026-04-20 14:14:54
PTP000946,payment_link_opened,2026-04-20 17:07:39
PTP000946,whatsapp_confirmation_sent,2026-04-21 10:01:51
PTP000946,confirmation_reply_yes,2026-04-21 11:14:24
PTP000947,payment_link_sent,2026-04-20 10:03:10
PTP000947,payment_link_opened,2026-04-20 21:51:14
PTP000948,payment_link_sent,2026-04-20 13:29:51
PTP000948,payment_link_opened,2026-04-20 15:27:53
PTP000951,payment_link_sent,2026-04-20 11:32:03
PTP000952,payment_link_sent,2026-04-20 10:23:02
PTP000953,payment_link_sent,2026-04-20 11:39:02
PTP000953,payment_link_opened,2026-04-20 12:03:35
PTP000954,payment_link_sent,2026-04-20 11:41:29
PTP000955,whatsapp_confirmation_sent,2026-04-22 10:00:26
PTP000956,payment_link_sent,2026-04-21 09:25:45
PTP000956,whatsapp_confirmation_sent,2026-04-22 10:29:08
PTP000957,payment_link_sent,2026-04-21 08:35:41
PTP000957,whatsapp_confirmation_sent,2026-04-22 10:08:44
PTP000958,payment_link_sent,2026-04-21 10:12:35
PTP000958,whatsapp_confirmation_sent,2026-04-22 10:17:22
PTP000958,payment_link_opened,2026-04-28 08:35:00
PTP000959,payment_link_sent,2026-04-21 08:30:33
PTP000959,payment_link_opened,2026-04-21 16:46:15
PTP000959,whatsapp_confirmation_sent,2026-04-22 10:02:18
PTP000959,confirmation_reply_yes,2026-04-22 12:42:49
PTP000959,payment_link_opened,2026-05-04 08:04:45
PTP000960,payment_link_sent,2026-04-21 08:46:29
PTP000960,whatsapp_confirmation_sent,2026-04-22 10:28:18
PTP000961,payment_link_sent,2026-04-21 08:58:59
PTP000961,payment_link_opened,2026-04-21 15:23:20
PTP000961,whatsapp_confirmation_sent,2026-04-22 10:19:02
PTP000961,confirmation_reply_yes,2026-04-22 12:58:02
PTP000962,payment_link_sent,2026-04-21 09:23:40
PTP000962,whatsapp_confirmation_sent,2026-04-22 10:27:18
PTP000962,payment_link_opened,2026-05-03 14:39:19
PTP000963,whatsapp_confirmation_sent,2026-04-22 10:01:03
PTP000963,confirmation_reply_yes,2026-04-22 15:25:58
PTP000964,payment_link_sent,2026-04-21 11:39:19
PTP000964,whatsapp_confirmation_sent,2026-04-22 10:08:08
PTP000964,confirmation_reply_yes,2026-04-22 10:39:30
PTP000965,payment_link_sent,2026-04-21 08:56:23
PTP000965,whatsapp_confirmation_sent,2026-04-22 10:17:44
PTP000966,payment_link_sent,2026-04-21 11:51:39
PTP000966,payment_link_opened,2026-04-21 11:56:17
PTP000966,whatsapp_confirmation_sent,2026-04-22 10:15:05
PTP000967,whatsapp_confirmation_sent,2026-04-22 10:07:14
PTP000968,payment_link_sent,2026-04-21 10:24:56
PTP000968,whatsapp_confirmation_sent,2026-04-22 10:05:15
PTP000969,whatsapp_confirmation_sent,2026-04-22 10:28:43
PTP000970,payment_link_sent,2026-04-21 12:12:04
PTP000970,whatsapp_confirmation_sent,2026-04-22 10:04:00
PTP000971,whatsapp_confirmation_sent,2026-04-22 10:19:43
PTP000971,confirmation_reply_yes,2026-04-22 10:50:23
PTP000972,payment_link_sent,2026-04-21 08:36:08
PTP000972,whatsapp_confirmation_sent,2026-04-22 10:00:47
PTP000973,whatsapp_confirmation_sent,2026-04-22 10:03:47
PTP000974,payment_link_sent,2026-04-21 11:01:37
PTP000974,whatsapp_confirmation_sent,2026-04-22 10:23:49
PTP000975,payment_link_sent,2026-04-21 09:13:14
PTP000975,payment_link_opened,2026-04-21 14:40:16
PTP000975,whatsapp_confirmation_sent,2026-04-22 10:02:44
PTP000976,whatsapp_confirmation_sent,2026-04-22 10:27:18
PTP000976,confirmation_reply_yes,2026-04-22 12:27:45
PTP000977,whatsapp_confirmation_sent,2026-04-22 10:21:19
PTP000978,payment_link_sent,2026-04-21 13:02:21
PTP000978,payment_link_opened,2026-04-21 14:44:22
PTP000978,payment_link_opened,2026-04-21 14:50:40
PTP000978,whatsapp_confirmation_sent,2026-04-22 10:21:26
PTP000978,confirmation_reply_yes,2026-04-22 14:48:13
PTP000979,payment_link_sent,2026-04-21 11:39:20
PTP000979,whatsapp_confirmation_sent,2026-04-22 10:06:19
PTP000979,payment_link_opened,2026-05-06 16:34:58
PTP000980,payment_link_sent,2026-04-21 08:28:47
PTP000980,whatsapp_confirmation_sent,2026-04-22 10:28:00
PTP000981,whatsapp_confirmation_sent,2026-04-22 10:04:22
PTP000981,confirmation_reply_yes,2026-04-22 14:41:13
PTP000982,whatsapp_confirmation_sent,2026-04-22 10:29:17
PTP000983,payment_link_sent,2026-04-21 10:37:50
PTP000983,payment_link_opened,2026-04-21 12:16:29
PTP000983,whatsapp_confirmation_sent,2026-04-22 10:18:46
PTP000983,payment_link_opened,2026-05-08 15:49:15
PTP000984,payment_link_sent,2026-04-21 17:43:27
PTP000984,whatsapp_confirmation_sent,2026-04-22 10:19:20
PTP000985,whatsapp_confirmation_sent,2026-04-22 10:02:37
PTP000985,confirmation_reply_yes,2026-04-22 13:12:22
PTP000986,payment_link_sent,2026-04-21 17:37:02
PTP000986,whatsapp_confirmation_sent,2026-04-22 10:02:53
PTP000987,whatsapp_confirmation_sent,2026-04-22 10:05:57
PTP000988,whatsapp_confirmation_sent,2026-04-22 10:11:54
PTP000989,whatsapp_confirmation_sent,2026-04-22 10:14:43
PTP000990,payment_link_sent,2026-04-21 15:06:41
PTP000990,whatsapp_confirmation_sent,2026-04-22 10:28:13
PTP000991,whatsapp_confirmation_sent,2026-04-22 10:13:11
PTP000992,whatsapp_confirmation_sent,2026-04-22 10:14:51
PTP000993,whatsapp_confirmation_sent,2026-04-22 10:26:30
PTP000993,confirmation_reply_yes,2026-04-22 14:10:32
PTP000994,whatsapp_confirmation_sent,2026-04-22 10:14:14
PTP000995,whatsapp_confirmation_sent,2026-04-22 10:22:01
PTP000995,confirmation_reply_yes,2026-04-22 13:15:55
PTP000997,payment_link_sent,2026-04-21 12:14:01
PTP000997,payment_link_opened,2026-04-21 16:33:00
PTP000998,payment_link_sent,2026-04-21 11:10:11
PTP000999,payment_link_sent,2026-04-21 13:05:39
PTP001003,payment_link_sent,2026-04-22 12:13:07
PTP001003,whatsapp_confirmation_sent,2026-04-23 10:01:55
PTP001003,inbound_call_from_customer,2026-04-26 01:46:04
PTP001004,payment_link_sent,2026-04-22 12:46:11
PTP001004,whatsapp_confirmation_sent,2026-04-23 10:17:15
PTP001005,payment_link_sent,2026-04-22 12:06:18
PTP001005,payment_link_opened,2026-04-23 01:49:46
PTP001005,whatsapp_confirmation_sent,2026-04-23 10:22:48
PTP001006,payment_link_sent,2026-04-22 11:45:53
PTP001006,payment_link_opened,2026-04-22 16:22:37
PTP001006,whatsapp_confirmation_sent,2026-04-23 10:18:32
PTP001006,confirmation_reply_yes,2026-04-23 13:25:19
PTP001007,payment_link_sent,2026-04-22 10:07:26
PTP001007,whatsapp_confirmation_sent,2026-04-23 10:20:13
PTP001008,whatsapp_confirmation_sent,2026-04-23 10:12:52
PTP001009,payment_link_sent,2026-04-22 11:00:09
PTP001009,whatsapp_confirmation_sent,2026-04-23 10:19:17
PTP001009,confirmation_reply_yes,2026-04-23 14:31:34
PTP001009,payment_link_opened,2026-05-02 16:16:27
PTP001010,payment_link_sent,2026-04-22 09:03:45
PTP001010,whatsapp_confirmation_sent,2026-04-23 10:14:12
PTP001011,payment_link_sent,2026-04-22 11:18:15
PTP001011,whatsapp_confirmation_sent,2026-04-23 10:21:50
PTP001012,whatsapp_confirmation_sent,2026-04-23 10:05:37
PTP001013,whatsapp_confirmation_sent,2026-04-23 10:11:39
PTP001014,payment_link_sent,2026-04-22 08:03:26
PTP001014,payment_link_opened,2026-04-22 13:17:59
PTP001014,whatsapp_confirmation_sent,2026-04-23 10:00:02
PTP001014,payment_link_opened,2026-04-26 11:31:57
PTP001015,whatsapp_confirmation_sent,2026-04-23 10:23:10
PTP001015,confirmation_reply_yes,2026-04-23 11:09:37
PTP001016,payment_link_sent,2026-04-22 10:06:39
PTP001016,whatsapp_confirmation_sent,2026-04-23 10:29:40
PTP001017,payment_link_sent,2026-04-22 09:09:42
PTP001017,whatsapp_confirmation_sent,2026-04-23 10:11:17
PTP001017,confirmation_reply_yes,2026-04-23 13:36:04
PTP001018,payment_link_sent,2026-04-22 08:33:48
PTP001018,payment_link_opened,2026-04-22 10:25:20
PTP001018,whatsapp_confirmation_sent,2026-04-23 10:19:05
PTP001018,confirmation_reply_no,2026-04-23 14:31:57
PTP001018,payment_link_opened,2026-04-23 16:04:30
PTP001018,inbound_call_from_customer,2026-04-24 04:35:05
PTP001019,whatsapp_confirmation_sent,2026-04-23 10:27:15
PTP001020,payment_link_sent,2026-04-22 11:55:40
PTP001020,whatsapp_confirmation_sent,2026-04-23 10:27:13
PTP001020,payment_link_opened,2026-04-23 22:56:11
PTP001021,payment_link_sent,2026-04-22 12:24:07
PTP001021,whatsapp_confirmation_sent,2026-04-23 10:06:48
PTP001022,payment_link_sent,2026-04-22 12:40:22
PTP001022,whatsapp_confirmation_sent,2026-04-23 10:08:38
PTP001022,confirmation_reply_yes,2026-04-23 11:40:51
PTP001022,payment_link_opened,2026-04-24 06:08:39
PTP001023,whatsapp_confirmation_sent,2026-04-23 10:25:07
PTP001023,confirmation_reply_yes,2026-04-23 13:04:49
PTP001024,payment_link_sent,2026-04-22 12:15:53
PTP001024,payment_link_opened,2026-04-22 14:38:32
PTP001024,payment_link_opened,2026-04-22 22:05:43
PTP001024,whatsapp_confirmation_sent,2026-04-23 10:27:48
PTP001025,whatsapp_confirmation_sent,2026-04-23 10:03:33
PTP001026,whatsapp_confirmation_sent,2026-04-23 10:09:27
PTP001027,payment_link_sent,2026-04-22 09:40:05
PTP001027,payment_link_opened,2026-04-22 10:03:19
PTP001027,whatsapp_confirmation_sent,2026-04-23 10:06:25
PTP001027,payment_link_opened,2026-05-09 08:37:06
PTP001028,whatsapp_confirmation_sent,2026-04-23 10:15:27
PTP001029,payment_link_sent,2026-04-22 10:56:27
PTP001029,payment_link_opened,2026-04-22 13:06:52
PTP001029,payment_link_opened,2026-04-22 21:31:24
PTP001029,whatsapp_confirmation_sent,2026-04-23 10:20:37
PTP001030,payment_link_sent,2026-04-22 12:40:25
PTP001030,payment_link_opened,2026-04-22 12:48:46
PTP001030,whatsapp_confirmation_sent,2026-04-23 10:19:57
PTP001030,confirmation_reply_yes,2026-04-23 10:46:38
PTP001031,whatsapp_confirmation_sent,2026-04-23 10:14:31
PTP001031,confirmation_reply_yes,2026-04-23 13:03:08
PTP001032,payment_link_sent,2026-04-22 10:30:39
PTP001032,whatsapp_confirmation_sent,2026-04-23 10:15:34
PTP001033,payment_link_sent,2026-04-22 12:30:47
PTP001033,whatsapp_confirmation_sent,2026-04-23 10:00:21
PTP001033,confirmation_reply_yes,2026-04-23 13:44:49
PTP001033,payment_link_opened,2026-04-30 13:24:27
PTP001034,payment_link_sent,2026-04-22 10:37:16
PTP001034,whatsapp_confirmation_sent,2026-04-23 10:02:28
PTP001034,payment_link_opened,2026-04-28 12:54:57
PTP001035,payment_link_sent,2026-04-22 15:03:35
PTP001035,payment_link_opened,2026-04-22 17:55:53
PTP001035,whatsapp_confirmation_sent,2026-04-23 10:24:24
PTP001035,confirmation_reply_no,2026-04-23 15:20:10
PTP001035,payment_link_opened,2026-04-30 21:08:53
PTP001036,whatsapp_confirmation_sent,2026-04-23 10:08:05
PTP001036,confirmation_reply_yes,2026-04-23 13:23:20
PTP001037,payment_link_sent,2026-04-22 17:34:13
PTP001037,whatsapp_confirmation_sent,2026-04-23 10:03:51
PTP001037,confirmation_reply_yes,2026-04-23 13:13:33
PTP001037,payment_link_opened,2026-05-02 09:10:48
PTP001038,payment_link_sent,2026-04-22 16:16:02
PTP001038,payment_link_opened,2026-04-22 17:02:48
PTP001038,whatsapp_confirmation_sent,2026-04-23 10:18:52
PTP001038,confirmation_reply_no,2026-04-23 10:28:22
PTP001038,payment_link_opened,2026-04-25 22:25:19
PTP001039,whatsapp_confirmation_sent,2026-04-23 10:01:40
PTP001040,payment_link_sent,2026-04-22 14:52:28
PTP001040,payment_link_opened,2026-04-22 16:47:47
PTP001040,whatsapp_confirmation_sent,2026-04-23 10:26:53
PTP001040,payment_link_opened,2026-04-29 19:54:15
PTP001041,whatsapp_confirmation_sent,2026-04-23 10:16:31
PTP001041,confirmation_reply_yes,2026-04-23 12:39:19
PTP001042,payment_link_sent,2026-04-22 18:01:43
PTP001042,payment_link_opened,2026-04-22 19:22:21
PTP001042,whatsapp_confirmation_sent,2026-04-23 10:17:30
PTP001043,payment_link_sent,2026-04-22 13:22:53
PTP001043,whatsapp_confirmation_sent,2026-04-23 10:17:24
PTP001043,confirmation_reply_yes,2026-04-23 14:48:02
PTP001044,payment_link_sent,2026-04-22 14:35:50
PTP001044,payment_link_opened,2026-04-23 07:31:59
PTP001044,whatsapp_confirmation_sent,2026-04-23 10:21:35
PTP001045,payment_link_sent,2026-04-22 15:18:53
PTP001045,whatsapp_confirmation_sent,2026-04-23 10:29:58
PTP001046,payment_link_sent,2026-04-22 15:29:27
PTP001046,payment_link_opened,2026-04-22 15:44:44
PTP001046,whatsapp_confirmation_sent,2026-04-23 10:29:40
PTP001046,payment_link_opened,2026-05-02 12:54:45
PTP001047,payment_link_sent,2026-04-22 17:01:25
PTP001047,whatsapp_confirmation_sent,2026-04-23 10:01:43
PTP001048,payment_link_sent,2026-04-22 14:56:35
PTP001048,whatsapp_confirmation_sent,2026-04-23 10:27:41
PTP001048,confirmation_reply_no,2026-04-23 10:47:41
PTP001049,payment_link_sent,2026-04-22 17:25:52
PTP001049,whatsapp_confirmation_sent,2026-04-23 10:07:41
PTP001055,payment_link_sent,2026-04-22 12:40:28
PTP001057,payment_link_sent,2026-04-23 13:02:36
PTP001057,whatsapp_confirmation_sent,2026-04-24 10:20:19
PTP001058,payment_link_sent,2026-04-23 11:34:34
PTP001058,whatsapp_confirmation_sent,2026-04-24 10:10:18
PTP001059,payment_link_sent,2026-04-23 10:16:53
PTP001059,payment_link_opened,2026-04-23 21:14:30
PTP001059,whatsapp_confirmation_sent,2026-04-24 10:08:24
PTP001059,payment_link_opened,2026-05-16 22:41:12
PTP001060,payment_link_sent,2026-04-23 08:49:42
PTP001060,whatsapp_confirmation_sent,2026-04-24 10:25:40
PTP001061,payment_link_sent,2026-04-23 12:26:22
PTP001061,payment_link_opened,2026-04-23 13:37:55
PTP001061,whatsapp_confirmation_sent,2026-04-24 10:19:26
PTP001062,payment_link_sent,2026-04-23 08:16:35
PTP001062,whatsapp_confirmation_sent,2026-04-24 10:23:18
PTP001062,confirmation_reply_yes,2026-04-24 12:40:55
PTP001063,payment_link_sent,2026-04-23 09:59:07
PTP001063,whatsapp_confirmation_sent,2026-04-24 10:20:18
PTP001063,confirmation_reply_yes,2026-04-24 12:33:01
PTP001063,payment_link_opened,2026-04-25 18:25:54
PTP001064,payment_link_sent,2026-04-23 12:25:38
PTP001064,payment_link_opened,2026-04-23 13:27:13
PTP001064,whatsapp_confirmation_sent,2026-04-24 10:06:43
PTP001064,payment_link_opened,2026-04-30 14:03:18
PTP001065,payment_link_sent,2026-04-23 08:14:55
PTP001065,whatsapp_confirmation_sent,2026-04-24 10:26:29
PTP001065,confirmation_reply_no,2026-04-24 15:04:24
PTP001066,payment_link_sent,2026-04-23 12:44:49
PTP001066,whatsapp_confirmation_sent,2026-04-24 10:21:37
PTP001067,payment_link_sent,2026-04-23 08:40:43
PTP001067,whatsapp_confirmation_sent,2026-04-24 10:27:55
PTP001068,payment_link_sent,2026-04-23 09:22:34
PTP001068,payment_link_opened,2026-04-23 18:26:40
PTP001068,whatsapp_confirmation_sent,2026-04-24 10:16:14
PTP001069,payment_link_sent,2026-04-23 09:43:02
PTP001069,whatsapp_confirmation_sent,2026-04-24 10:22:10
PTP001069,confirmation_reply_no,2026-04-24 12:26:21
PTP001070,whatsapp_confirmation_sent,2026-04-24 10:16:38
PTP001071,payment_link_sent,2026-04-23 08:16:02
PTP001071,payment_link_opened,2026-04-23 16:22:08
PTP001071,whatsapp_confirmation_sent,2026-04-24 10:09:42
PTP001071,confirmation_reply_yes,2026-04-24 13:27:40
PTP001071,payment_link_opened,2026-04-29 08:26:04
PTP001072,payment_link_sent,2026-04-23 13:03:19
PTP001072,payment_link_opened,2026-04-23 14:45:54
PTP001072,whatsapp_confirmation_sent,2026-04-24 10:19:35
PTP001072,confirmation_reply_yes,2026-04-24 12:02:04
PTP001072,payment_link_opened,2026-05-08 20:37:07
PTP001073,whatsapp_confirmation_sent,2026-04-24 10:12:15
PTP001073,confirmation_reply_yes,2026-04-24 13:31:13
PTP001074,payment_link_sent,2026-04-23 08:17:56
PTP001074,payment_link_opened,2026-04-23 09:37:56
PTP001074,whatsapp_confirmation_sent,2026-04-24 10:10:24
PTP001074,confirmation_reply_yes,2026-04-24 12:17:00
PTP001075,payment_link_sent,2026-04-23 09:50:36
PTP001075,inbound_call_from_customer,2026-04-24 05:25:02
PTP001075,whatsapp_confirmation_sent,2026-04-24 10:24:15
PTP001076,whatsapp_confirmation_sent,2026-04-24 10:08:56
PTP001076,confirmation_reply_no,2026-04-24 15:39:09
PTP001077,payment_link_sent,2026-04-23 12:05:02
PTP001077,whatsapp_confirmation_sent,2026-04-24 10:16:02
PTP001078,payment_link_sent,2026-04-23 12:24:26
PTP001078,whatsapp_confirmation_sent,2026-04-24 10:05:30
PTP001079,payment_link_sent,2026-04-23 10:28:56
PTP001079,whatsapp_confirmation_sent,2026-04-24 10:15:16
PTP001079,confirmation_reply_yes,2026-04-24 13:20:58
PTP001079,payment_link_opened,2026-05-08 12:25:14
PTP001080,payment_link_sent,2026-04-23 12:57:33
PTP001080,whatsapp_confirmation_sent,2026-04-24 10:24:43
PTP001081,payment_link_sent,2026-04-23 09:09:50
PTP001081,whatsapp_confirmation_sent,2026-04-24 10:04:24
PTP001082,whatsapp_confirmation_sent,2026-04-24 10:13:12
PTP001082,confirmation_reply_yes,2026-04-24 12:54:14
PTP001083,payment_link_sent,2026-04-23 10:05:43
PTP001083,whatsapp_confirmation_sent,2026-04-24 10:28:40
PTP001084,payment_link_sent,2026-04-23 12:32:10
PTP001084,payment_link_opened,2026-04-23 14:34:26
PTP001084,whatsapp_confirmation_sent,2026-04-24 10:13:54
PTP001084,payment_link_opened,2026-04-24 18:16:36
PTP001085,payment_link_sent,2026-04-23 08:37:47
PTP001085,payment_link_opened,2026-04-23 10:41:37
PTP001085,whatsapp_confirmation_sent,2026-04-24 10:16:00
PTP001085,confirmation_reply_yes,2026-04-24 14:27:27
PTP001086,payment_link_sent,2026-04-23 08:48:04
PTP001086,payment_link_opened,2026-04-23 22:42:49
PTP001086,whatsapp_confirmation_sent,2026-04-24 10:18:50
PTP001086,inbound_call_from_customer,2026-04-27 08:30:52
PTP001087,payment_link_sent,2026-04-23 10:55:38
PTP001087,payment_link_opened,2026-04-23 12:25:33
PTP001087,whatsapp_confirmation_sent,2026-04-24 10:24:35
PTP001087,confirmation_reply_yes,2026-04-24 12:11:34
PTP001088,payment_link_sent,2026-04-23 09:05:22
PTP001088,whatsapp_confirmation_sent,2026-04-24 10:02:17
PTP001089,payment_link_sent,2026-04-23 12:10:18
PTP001089,whatsapp_confirmation_sent,2026-04-24 10:16:35
PTP001089,payment_link_opened,2026-05-03 11:32:29
PTP001090,payment_link_sent,2026-04-23 12:25:58
PTP001090,whatsapp_confirmation_sent,2026-04-24 10:08:51
PTP001090,inbound_call_from_customer,2026-04-24 15:31:23
PTP001090,payment_link_opened,2026-04-28 15:50:41
PTP001091,payment_link_sent,2026-04-23 12:42:17
PTP001091,whatsapp_confirmation_sent,2026-04-24 10:06:29
PTP001092,whatsapp_confirmation_sent,2026-04-24 10:19:49
PTP001093,payment_link_sent,2026-04-23 12:51:50
PTP001093,payment_link_opened,2026-04-23 13:25:26
PTP001093,whatsapp_confirmation_sent,2026-04-24 10:07:56
PTP001093,payment_link_opened,2026-04-29 22:43:47
PTP001094,payment_link_sent,2026-04-23 14:35:41
PTP001094,payment_link_opened,2026-04-23 14:55:57
PTP001094,whatsapp_confirmation_sent,2026-04-24 10:00:50
PTP001094,confirmation_reply_yes,2026-04-24 14:36:33
PTP001094,payment_link_opened,2026-05-03 19:06:30
PTP001095,payment_link_sent,2026-04-23 16:45:28
PTP001095,whatsapp_confirmation_sent,2026-04-24 10:21:22
PTP001095,confirmation_reply_yes,2026-04-24 13:04:55
PTP001096,payment_link_opened,2026-04-23 13:11:12
PTP001096,payment_link_sent,2026-04-23 15:48:24
PTP001096,payment_link_opened,2026-04-23 15:48:54
PTP001096,whatsapp_confirmation_sent,2026-04-24 10:28:16
PTP001096,confirmation_reply_no,2026-04-24 10:36:04
PTP001097,payment_link_sent,2026-04-23 19:07:16
PTP001097,payment_link_opened,2026-04-24 02:00:51
PTP001097,whatsapp_confirmation_sent,2026-04-24 10:16:20
PTP001098,whatsapp_confirmation_sent,2026-04-24 10:23:18
PTP001098,confirmation_reply_no,2026-04-24 13:26:03
PTP001099,payment_link_sent,2026-04-23 18:08:40
PTP001099,whatsapp_confirmation_sent,2026-04-24 10:03:26
PTP001099,payment_link_opened,2026-04-28 19:30:53
PTP001100,payment_link_sent,2026-04-23 19:01:43
PTP001100,whatsapp_confirmation_sent,2026-04-24 10:06:42
PTP001101,payment_link_sent,2026-04-23 18:46:23
PTP001101,payment_link_opened,2026-04-24 04:38:07
PTP001101,whatsapp_confirmation_sent,2026-04-24 10:08:10
PTP001102,payment_link_sent,2026-04-23 17:21:55
PTP001102,whatsapp_confirmation_sent,2026-04-24 10:00:55
PTP001103,payment_link_sent,2026-04-23 16:20:55
PTP001103,whatsapp_confirmation_sent,2026-04-24 10:25:46
PTP001103,confirmation_reply_no,2026-04-24 14:46:12
PTP001104,payment_link_sent,2026-04-23 13:08:24
PTP001104,payment_link_opened,2026-04-23 14:49:48
PTP001104,whatsapp_confirmation_sent,2026-04-24 10:25:28
PTP001104,payment_link_opened,2026-05-01 18:14:08
PTP001105,whatsapp_confirmation_sent,2026-04-24 10:17:25
PTP001106,whatsapp_confirmation_sent,2026-04-24 10:14:54
PTP001106,confirmation_reply_yes,2026-04-24 12:25:33
PTP001107,payment_link_sent,2026-04-23 10:47:48
PTP001107,payment_link_opened,2026-04-23 11:01:31
PTP001111,payment_link_sent,2026-04-23 11:29:52
PTP001111,payment_link_opened,2026-04-23 18:20:12
PTP001117,payment_link_sent,2026-04-24 09:46:08
PTP001117,whatsapp_confirmation_sent,2026-04-25 10:07:28
PTP001118,payment_link_sent,2026-04-24 08:45:42
PTP001118,whatsapp_confirmation_sent,2026-04-25 10:12:21
PTP001118,confirmation_reply_yes,2026-04-25 12:02:05
PTP001118,payment_link_opened,2026-05-10 16:07:44
PTP001119,payment_link_sent,2026-04-24 09:26:17
PTP001119,whatsapp_confirmation_sent,2026-04-25 10:10:45
PTP001119,confirmation_reply_no,2026-04-25 13:01:55
PTP001120,payment_link_sent,2026-04-24 08:43:02
PTP001120,payment_link_opened,2026-04-24 12:18:59
PTP001120,whatsapp_confirmation_sent,2026-04-25 10:07:21
PTP001121,payment_link_sent,2026-04-24 09:37:10
PTP001121,whatsapp_confirmation_sent,2026-04-25 10:19:26
PTP001121,confirmation_reply_no,2026-04-25 15:34:30
PTP001122,payment_link_sent,2026-04-24 09:21:08
PTP001122,whatsapp_confirmation_sent,2026-04-25 10:05:53
PTP001122,confirmation_reply_no,2026-04-25 15:01:24
PTP001123,payment_link_sent,2026-04-24 08:30:08
PTP001123,whatsapp_confirmation_sent,2026-04-25 10:29:49
PTP001124,whatsapp_confirmation_sent,2026-04-25 10:23:59
PTP001124,confirmation_reply_yes,2026-04-25 15:34:06
PTP001125,whatsapp_confirmation_sent,2026-04-25 10:18:54
PTP001125,confirmation_reply_yes,2026-04-25 11:55:34
PTP001126,inbound_call_from_customer,2026-04-25 07:16:56
PTP001126,whatsapp_confirmation_sent,2026-04-25 10:27:01
PTP001127,whatsapp_confirmation_sent,2026-04-25 10:05:34
PTP001127,confirmation_reply_yes,2026-04-25 12:32:22
PTP001128,payment_link_sent,2026-04-24 08:28:33
PTP001128,payment_link_opened,2026-04-24 08:44:02
PTP001128,whatsapp_confirmation_sent,2026-04-25 10:25:20
PTP001128,confirmation_reply_yes,2026-04-25 14:32:37
PTP001129,payment_link_sent,2026-04-24 12:53:14
PTP001129,payment_link_opened,2026-04-24 15:55:03
PTP001129,whatsapp_confirmation_sent,2026-04-25 10:09:52
PTP001129,payment_link_opened,2026-04-30 18:00:34
PTP001130,whatsapp_confirmation_sent,2026-04-25 10:01:46
PTP001131,payment_link_sent,2026-04-24 10:28:51
PTP001131,payment_link_opened,2026-04-25 03:11:27
PTP001131,whatsapp_confirmation_sent,2026-04-25 10:07:36
PTP001131,confirmation_reply_yes,2026-04-25 15:21:24
PTP001132,payment_link_sent,2026-04-24 10:59:56
PTP001132,whatsapp_confirmation_sent,2026-04-25 10:08:33
PTP001133,whatsapp_confirmation_sent,2026-04-25 10:00:28
PTP001133,inbound_call_from_customer,2026-04-26 19:54:56
PTP001134,payment_link_sent,2026-04-24 09:41:42
PTP001134,whatsapp_confirmation_sent,2026-04-25 10:17:42
PTP001134,payment_link_opened,2026-05-01 10:28:07
PTP001135,payment_link_sent,2026-04-24 09:36:21
PTP001135,payment_link_opened,2026-04-24 11:27:52
PTP001135,whatsapp_confirmation_sent,2026-04-25 10:05:03
PTP001136,payment_link_sent,2026-04-24 08:42:46
PTP001136,payment_link_opened,2026-04-24 09:59:03
PTP001136,whatsapp_confirmation_sent,2026-04-25 10:03:01
PTP001136,payment_link_opened,2026-04-25 14:19:29
PTP001137,payment_link_sent,2026-04-24 10:57:10
PTP001137,whatsapp_confirmation_sent,2026-04-25 10:11:57
PTP001137,confirmation_reply_yes,2026-04-25 13:42:26
PTP001138,payment_link_sent,2026-04-24 11:23:58
PTP001138,payment_link_opened,2026-04-24 15:18:55
PTP001138,whatsapp_confirmation_sent,2026-04-25 10:02:28
PTP001138,confirmation_reply_yes,2026-04-25 13:38:49
PTP001139,payment_link_sent,2026-04-24 11:34:01
PTP001139,payment_link_opened,2026-04-24 12:47:17
PTP001139,inbound_call_from_customer,2026-04-24 23:25:40
PTP001139,whatsapp_confirmation_sent,2026-04-25 10:10:47
PTP001139,payment_link_opened,2026-04-25 18:24:29
PTP001140,payment_link_sent,2026-04-24 11:54:31
PTP001140,payment_link_opened,2026-04-24 12:15:48
PTP001140,inbound_call_from_customer,2026-04-25 02:11:50
PTP001140,whatsapp_confirmation_sent,2026-04-25 10:13:31
PTP001140,payment_link_opened,2026-04-25 22:52:39
PTP001141,payment_link_sent,2026-04-24 12:05:06
PTP001141,whatsapp_confirmation_sent,2026-04-25 10:28:29
PTP001141,confirmation_reply_no,2026-04-25 14:54:46
PTP001141,inbound_call_from_customer,2026-04-26 22:39:22
PTP001142,whatsapp_confirmation_sent,2026-04-25 10:21:25
PTP001143,whatsapp_confirmation_sent,2026-04-25 10:21:15
PTP001144,payment_link_sent,2026-04-24 11:07:30
PTP001144,whatsapp_confirmation_sent,2026-04-25 10:13:37
PTP001144,confirmation_reply_yes,2026-04-25 10:47:10
PTP001145,payment_link_sent,2026-04-24 08:51:24
PTP001145,whatsapp_confirmation_sent,2026-04-25 10:16:20
PTP001145,inbound_call_from_customer,2026-04-29 21:01:41
PTP001146,payment_link_sent,2026-04-24 08:46:12
PTP001146,whatsapp_confirmation_sent,2026-04-25 10:27:40
PTP001147,payment_link_sent,2026-04-24 10:22:31
PTP001147,payment_link_opened,2026-04-24 11:07:05
PTP001147,whatsapp_confirmation_sent,2026-04-25 10:11:58
PTP001147,inbound_call_from_customer,2026-04-25 15:08:58
PTP001147,payment_link_opened,2026-05-04 21:27:37
PTP001148,whatsapp_confirmation_sent,2026-04-25 10:14:34
PTP001148,confirmation_reply_no,2026-04-25 12:38:19
PTP001149,payment_link_sent,2026-04-24 13:57:15
PTP001149,whatsapp_confirmation_sent,2026-04-25 10:04:58
PTP001150,payment_link_sent,2026-04-24 15:45:38
PTP001150,whatsapp_confirmation_sent,2026-04-25 10:12:19
PTP001151,payment_link_sent,2026-04-24 18:19:31
PTP001151,payment_link_opened,2026-04-24 19:33:24
PTP001151,whatsapp_confirmation_sent,2026-04-25 10:14:51
PTP001152,payment_link_sent,2026-04-24 15:19:12
PTP001152,whatsapp_confirmation_sent,2026-04-25 10:11:52
PTP001153,payment_link_sent,2026-04-24 14:48:48
PTP001153,payment_link_opened,2026-04-24 17:14:55
PTP001153,whatsapp_confirmation_sent,2026-04-25 10:15:50
PTP001154,payment_link_sent,2026-04-24 14:56:47
PTP001154,payment_link_opened,2026-04-24 18:26:21
PTP001154,whatsapp_confirmation_sent,2026-04-25 10:14:20
PTP001154,inbound_call_from_customer,2026-04-28 20:38:08
PTP001155,payment_link_sent,2026-04-24 18:25:45
PTP001155,whatsapp_confirmation_sent,2026-04-25 10:16:03
PTP001156,payment_link_sent,2026-04-24 12:57:59
PTP001158,inbound_call_from_customer,2026-04-28 08:46:50
PTP001160,payment_link_sent,2026-04-24 11:46:18
PTP001162,payment_link_sent,2026-04-24 12:53:43
PTP001163,payment_link_sent,2026-04-24 10:31:44
PTP001163,payment_link_opened,2026-04-29 22:43:06
PTP001165,payment_link_sent,2026-04-24 12:45:16
PTP001166,payment_link_sent,2026-04-25 12:33:33
PTP001166,whatsapp_confirmation_sent,2026-04-26 10:10:27
PTP001167,payment_link_sent,2026-04-25 12:07:11
PTP001167,whatsapp_confirmation_sent,2026-04-26 10:03:51
PTP001168,payment_link_sent,2026-04-25 10:08:01
PTP001168,whatsapp_confirmation_sent,2026-04-26 10:22:20
PTP001168,confirmation_reply_yes,2026-04-26 13:40:52
PTP001169,payment_link_sent,2026-04-25 09:26:11
PTP001169,whatsapp_confirmation_sent,2026-04-26 10:06:54
PTP001170,payment_link_sent,2026-04-25 09:37:29
PTP001170,payment_link_opened,2026-04-25 12:29:35
PTP001170,whatsapp_confirmation_sent,2026-04-26 10:14:32
PTP001171,whatsapp_confirmation_sent,2026-04-26 10:27:23
PTP001171,confirmation_reply_yes,2026-04-26 13:45:08
PTP001172,payment_link_sent,2026-04-25 13:01:13
PTP001172,whatsapp_confirmation_sent,2026-04-26 10:01:05
PTP001172,confirmation_reply_yes,2026-04-26 10:29:16
PTP001172,payment_link_opened,2026-04-29 08:14:00
PTP001173,whatsapp_confirmation_sent,2026-04-26 10:06:55
PTP001173,confirmation_reply_yes,2026-04-26 11:50:42
PTP001174,whatsapp_confirmation_sent,2026-04-26 10:00:27
PTP001175,payment_link_sent,2026-04-25 10:14:26
PTP001175,whatsapp_confirmation_sent,2026-04-26 10:27:22
PTP001176,whatsapp_confirmation_sent,2026-04-26 10:08:59
PTP001176,confirmation_reply_yes,2026-04-26 10:34:59
PTP001177,payment_link_sent,2026-04-25 10:52:21
PTP001177,payment_link_opened,2026-04-25 12:35:02
PTP001177,whatsapp_confirmation_sent,2026-04-26 10:00:28
PTP001177,inbound_call_from_customer,2026-04-27 19:34:07
PTP001178,whatsapp_confirmation_sent,2026-04-26 10:02:34
PTP001178,inbound_call_from_customer,2026-05-06 07:45:14
PTP001179,whatsapp_confirmation_sent,2026-04-26 10:00:41
PTP001180,payment_link_sent,2026-04-25 11:18:52
PTP001180,whatsapp_confirmation_sent,2026-04-26 10:19:41
PTP001181,whatsapp_confirmation_sent,2026-04-26 10:01:47
PTP001182,payment_link_sent,2026-04-25 08:48:16
PTP001182,whatsapp_confirmation_sent,2026-04-26 10:13:50
PTP001182,confirmation_reply_yes,2026-04-26 14:14:42
PTP001183,whatsapp_confirmation_sent,2026-04-26 10:06:35
PTP001184,payment_link_sent,2026-04-25 08:40:40
PTP001184,whatsapp_confirmation_sent,2026-04-26 10:00:42
PTP001184,confirmation_reply_yes,2026-04-26 13:46:30
PTP001184,payment_link_opened,2026-05-12 16:46:21
PTP001185,payment_link_sent,2026-04-25 09:58:49
PTP001185,whatsapp_confirmation_sent,2026-04-26 10:00:59
PTP001185,confirmation_reply_yes,2026-04-26 10:08:33
PTP001186,payment_link_sent,2026-04-25 12:46:28
PTP001186,whatsapp_confirmation_sent,2026-04-26 10:01:06
PTP001186,confirmation_reply_no,2026-04-26 11:51:22
PTP001187,whatsapp_confirmation_sent,2026-04-26 10:01:11
PTP001188,payment_link_sent,2026-04-25 11:11:47
PTP001188,whatsapp_confirmation_sent,2026-04-26 10:28:56
PTP001188,confirmation_reply_no,2026-04-26 12:52:20
PTP001189,whatsapp_confirmation_sent,2026-04-26 10:08:19
PTP001190,payment_link_sent,2026-04-25 10:11:20
PTP001190,payment_link_opened,2026-04-25 13:15:48
PTP001190,whatsapp_confirmation_sent,2026-04-26 10:14:17
PTP001190,confirmation_reply_no,2026-04-26 11:45:30
PTP001190,payment_link_opened,2026-04-26 20:18:22
PTP001191,payment_link_sent,2026-04-25 08:46:18
PTP001191,whatsapp_confirmation_sent,2026-04-26 10:28:35
PTP001192,whatsapp_confirmation_sent,2026-04-26 10:03:55
PTP001193,payment_link_sent,2026-04-25 09:50:15
PTP001193,payment_link_opened,2026-04-25 09:58:48
PTP001193,whatsapp_confirmation_sent,2026-04-26 10:27:04
PTP001193,confirmation_reply_yes,2026-04-26 13:55:00
PTP001194,whatsapp_confirmation_sent,2026-04-26 10:10:37
PTP001195,payment_link_sent,2026-04-25 09:12:18
PTP001195,payment_link_opened,2026-04-25 17:30:41
PTP001195,whatsapp_confirmation_sent,2026-04-26 10:17:14
PTP001196,payment_link_sent,2026-04-25 18:37:10
PTP001196,whatsapp_confirmation_sent,2026-04-26 10:10:43
PTP001197,payment_link_sent,2026-04-25 19:00:27
PTP001197,whatsapp_confirmation_sent,2026-04-26 10:01:49
PTP001198,payment_link_sent,2026-04-25 13:59:55
PTP001198,whatsapp_confirmation_sent,2026-04-26 10:27:19
PTP001199,payment_link_sent,2026-04-25 16:28:52
PTP001199,whatsapp_confirmation_sent,2026-04-26 10:09:23
PTP001199,confirmation_reply_yes,2026-04-26 12:52:23
PTP001200,payment_link_sent,2026-04-25 13:23:18
PTP001200,payment_link_opened,2026-04-25 19:48:04
PTP001200,whatsapp_confirmation_sent,2026-04-26 10:29:10
PTP001201,payment_link_sent,2026-04-25 15:59:42
PTP001201,payment_link_opened,2026-04-25 20:47:38
PTP001201,whatsapp_confirmation_sent,2026-04-26 10:10:05
PTP001204,payment_link_sent,2026-04-25 13:22:15
PTP001207,payment_link_sent,2026-04-25 11:35:48
PTP001211,payment_link_sent,2026-04-25 13:15:57
PTP001214,payment_link_sent,2026-04-25 13:28:20
PTP001215,payment_link_sent,2026-04-26 12:32:18
PTP001215,whatsapp_confirmation_sent,2026-04-27 10:11:58
PTP001215,confirmation_reply_yes,2026-04-27 14:49:27
PTP001215,payment_link_opened,2026-04-30 08:01:55
PTP001216,whatsapp_confirmation_sent,2026-04-27 10:12:07
PTP001217,payment_link_sent,2026-04-26 09:16:20
PTP001217,payment_link_opened,2026-04-26 18:55:35
PTP001217,whatsapp_confirmation_sent,2026-04-27 10:22:22
PTP001217,confirmation_reply_yes,2026-04-27 13:26:52
PTP001218,payment_link_sent,2026-04-26 11:14:50
PTP001218,whatsapp_confirmation_sent,2026-04-27 10:21:15
PTP001218,confirmation_reply_yes,2026-04-27 14:33:34
PTP001219,whatsapp_confirmation_sent,2026-04-27 10:13:36
PTP001219,confirmation_reply_yes,2026-04-27 14:27:03
PTP001220,payment_link_sent,2026-04-26 10:42:38
PTP001220,payment_link_opened,2026-04-26 10:49:03
PTP001220,whatsapp_confirmation_sent,2026-04-27 10:16:19
PTP001220,confirmation_reply_no,2026-04-27 10:27:05
PTP001220,inbound_call_from_customer,2026-05-02 19:03:45
PTP001220,payment_link_opened,2026-05-04 08:58:19
PTP001221,payment_link_sent,2026-04-26 09:32:24
PTP001221,whatsapp_confirmation_sent,2026-04-27 10:04:16
PTP001222,payment_link_sent,2026-04-26 09:09:28
PTP001222,whatsapp_confirmation_sent,2026-04-27 10:10:34
PTP001223,payment_link_sent,2026-04-26 08:54:54
PTP001223,payment_link_opened,2026-04-27 02:05:03
PTP001223,whatsapp_confirmation_sent,2026-04-27 10:28:05
PTP001224,payment_link_sent,2026-04-26 11:29:05
PTP001224,payment_link_opened,2026-04-26 14:47:28
PTP001224,whatsapp_confirmation_sent,2026-04-27 10:19:38
PTP001224,payment_link_opened,2026-05-08 21:09:13
PTP001225,payment_link_sent,2026-04-26 09:24:18
PTP001225,whatsapp_confirmation_sent,2026-04-27 10:04:35
PTP001226,whatsapp_confirmation_sent,2026-04-27 10:05:38
PTP001227,payment_link_sent,2026-04-26 17:57:14
PTP001227,whatsapp_confirmation_sent,2026-04-27 10:08:55
PTP001227,confirmation_reply_yes,2026-04-27 13:30:29
PTP001228,payment_link_sent,2026-04-27 11:21:27
PTP001228,whatsapp_confirmation_sent,2026-04-28 10:19:39
PTP001229,whatsapp_confirmation_sent,2026-04-28 10:07:07
PTP001229,confirmation_reply_yes,2026-04-28 14:57:38
PTP001230,payment_link_sent,2026-04-27 09:09:05
PTP001230,whatsapp_confirmation_sent,2026-04-28 10:01:19
PTP001231,payment_link_sent,2026-04-27 13:02:15
PTP001231,whatsapp_confirmation_sent,2026-04-28 10:02:05
PTP001231,confirmation_reply_yes,2026-04-28 12:54:01
PTP001232,payment_link_sent,2026-04-27 11:51:09
PTP001232,whatsapp_confirmation_sent,2026-04-28 10:11:13
PTP001233,whatsapp_confirmation_sent,2026-04-28 10:05:03
PTP001234,payment_link_sent,2026-04-27 09:13:30
PTP001234,payment_link_opened,2026-04-27 11:22:00
PTP001234,whatsapp_confirmation_sent,2026-04-28 10:17:28
PTP001234,payment_link_opened,2026-05-16 12:18:03
PTP001235,payment_link_sent,2026-04-27 11:36:09
PTP001235,whatsapp_confirmation_sent,2026-04-28 10:08:49
PTP001235,confirmation_reply_yes,2026-04-28 15:03:25
PTP001235,payment_link_opened,2026-05-02 13:17:17
PTP001236,payment_link_sent,2026-04-27 10:26:11
PTP001236,payment_link_opened,2026-04-27 22:36:03
PTP001236,whatsapp_confirmation_sent,2026-04-28 10:20:29
PTP001237,payment_link_sent,2026-04-27 09:05:49
PTP001237,payment_link_opened,2026-04-27 13:27:45
PTP001237,whatsapp_confirmation_sent,2026-04-28 10:14:44
PTP001237,confirmation_reply_yes,2026-04-28 13:25:56
PTP001238,payment_link_sent,2026-04-27 08:52:05
PTP001238,whatsapp_confirmation_sent,2026-04-28 10:15:08
PTP001238,payment_link_opened,2026-05-01 14:53:58
PTP001239,payment_link_sent,2026-04-27 11:19:07
PTP001239,payment_link_opened,2026-04-27 14:06:27
PTP001239,whatsapp_confirmation_sent,2026-04-28 10:03:54
PTP001240,inbound_call_from_customer,2026-04-27 21:06:12
PTP001240,whatsapp_confirmation_sent,2026-04-28 10:10:07
PTP001241,payment_link_sent,2026-04-27 09:26:50
PTP001241,whatsapp_confirmation_sent,2026-04-28 10:11:00
PTP001241,confirmation_reply_yes,2026-04-28 14:22:15
PTP001242,whatsapp_confirmation_sent,2026-04-28 10:18:30
PTP001243,payment_link_sent,2026-04-27 11:19:57
PTP001243,payment_link_opened,2026-04-27 11:43:54
PTP001243,whatsapp_confirmation_sent,2026-04-28 10:09:50
PTP001243,payment_link_opened,2026-05-05 17:35:56
PTP001244,payment_link_sent,2026-04-27 08:39:11
PTP001244,whatsapp_confirmation_sent,2026-04-28 10:14:59
PTP001244,payment_link_opened,2026-05-06 21:21:21
PTP001245,whatsapp_confirmation_sent,2026-04-28 10:16:59
PTP001245,confirmation_reply_yes,2026-04-28 15:23:19
PTP001246,whatsapp_confirmation_sent,2026-04-28 10:27:51
PTP001247,payment_link_sent,2026-04-27 09:36:06
PTP001247,payment_link_opened,2026-04-27 11:36:35
PTP001247,whatsapp_confirmation_sent,2026-04-28 10:00:28
PTP001248,payment_link_sent,2026-04-27 08:10:41
PTP001248,payment_link_opened,2026-04-27 08:40:00
PTP001248,whatsapp_confirmation_sent,2026-04-28 10:10:44
PTP001248,confirmation_reply_yes,2026-04-28 11:13:32
PTP001249,payment_link_sent,2026-04-27 08:38:05
PTP001249,whatsapp_confirmation_sent,2026-04-28 10:20:27
PTP001249,confirmation_reply_yes,2026-04-28 12:07:05
PTP001250,payment_link_sent,2026-04-27 09:34:00
PTP001250,whatsapp_confirmation_sent,2026-04-28 10:12:21
PTP001251,payment_link_sent,2026-04-27 08:59:43
PTP001251,whatsapp_confirmation_sent,2026-04-28 10:02:52
PTP001252,payment_link_sent,2026-04-27 12:30:00
PTP001252,whatsapp_confirmation_sent,2026-04-28 10:06:52
PTP001252,confirmation_reply_yes,2026-04-28 14:24:19
PTP001252,payment_link_opened,2026-05-22 15:16:12
PTP001253,whatsapp_confirmation_sent,2026-04-28 10:10:43
PTP001254,payment_link_sent,2026-04-27 09:02:07
PTP001254,whatsapp_confirmation_sent,2026-04-28 10:28:04
PTP001254,confirmation_reply_no,2026-04-28 14:42:39
PTP001255,payment_link_sent,2026-04-27 12:58:20
PTP001255,whatsapp_confirmation_sent,2026-04-28 10:09:54
PTP001256,payment_link_sent,2026-04-27 09:49:38
PTP001256,whatsapp_confirmation_sent,2026-04-28 10:13:18
PTP001257,whatsapp_confirmation_sent,2026-04-28 10:27:00
PTP001257,confirmation_reply_yes,2026-04-28 11:25:35
PTP001258,payment_link_sent,2026-04-27 10:29:50
PTP001258,payment_link_opened,2026-04-27 12:30:50
PTP001258,payment_link_opened,2026-04-27 19:16:25
PTP001258,whatsapp_confirmation_sent,2026-04-28 10:01:30
PTP001258,confirmation_reply_yes,2026-04-28 12:00:25
PTP001259,payment_link_sent,2026-04-27 11:18:13
PTP001259,payment_link_opened,2026-04-27 18:01:47
PTP001259,whatsapp_confirmation_sent,2026-04-28 10:00:58
PTP001260,payment_link_sent,2026-04-27 16:17:07
PTP001260,payment_link_opened,2026-04-27 17:34:07
PTP001260,whatsapp_confirmation_sent,2026-04-28 10:08:44
PTP001261,payment_link_sent,2026-04-27 18:57:41
PTP001261,payment_link_opened,2026-04-28 00:49:01
PTP001261,whatsapp_confirmation_sent,2026-04-28 10:19:45
PTP001261,confirmation_reply_yes,2026-04-28 15:05:38
PTP001262,whatsapp_confirmation_sent,2026-04-28 10:25:44
PTP001263,whatsapp_confirmation_sent,2026-04-28 10:02:21
PTP001263,confirmation_reply_yes,2026-04-28 11:30:37
PTP001264,payment_link_sent,2026-04-27 18:20:32
PTP001264,whatsapp_confirmation_sent,2026-04-28 10:08:15
PTP001264,confirmation_reply_no,2026-04-28 13:01:41
PTP001265,payment_link_sent,2026-04-27 15:48:48
PTP001265,whatsapp_confirmation_sent,2026-04-28 10:07:36
PTP001265,payment_link_opened,2026-05-08 22:27:05
PTP001266,payment_link_sent,2026-04-27 18:00:34
PTP001266,payment_link_opened,2026-04-28 04:15:56
PTP001266,whatsapp_confirmation_sent,2026-04-28 10:14:33
PTP001267,payment_link_sent,2026-04-27 14:30:02
PTP001267,payment_link_opened,2026-04-27 22:46:23
PTP001267,whatsapp_confirmation_sent,2026-04-28 10:08:11
PTP001267,confirmation_reply_yes,2026-04-28 11:39:11
PTP001268,whatsapp_confirmation_sent,2026-04-28 10:06:17
PTP001268,confirmation_reply_yes,2026-04-28 14:40:59
PTP001269,payment_link_sent,2026-04-27 14:36:43
PTP001269,payment_link_opened,2026-04-27 15:03:56
PTP001269,whatsapp_confirmation_sent,2026-04-28 10:28:57
PTP001269,confirmation_reply_yes,2026-04-28 11:30:07
PTP001269,payment_link_opened,2026-05-01 22:48:31
PTP001270,whatsapp_confirmation_sent,2026-04-28 10:06:12
PTP001272,payment_link_sent,2026-04-27 14:33:46
PTP001272,payment_link_opened,2026-04-28 21:57:21
PTP001273,payment_link_sent,2026-04-27 12:12:51
PTP001277,payment_link_sent,2026-04-27 13:17:34
PTP001279,inbound_call_from_customer,2026-05-01 07:40:19
PTP001280,payment_link_sent,2026-04-27 10:54:48
PTP001280,inbound_call_from_customer,2026-04-30 15:32:39
PTP001281,payment_link_sent,2026-04-28 09:28:50
PTP001281,payment_link_opened,2026-04-28 20:22:13
PTP001281,whatsapp_confirmation_sent,2026-04-29 10:19:04
PTP001281,confirmation_reply_no,2026-04-29 15:46:02
PTP001282,payment_link_sent,2026-04-28 10:31:44
PTP001282,whatsapp_confirmation_sent,2026-04-29 10:10:05
PTP001283,payment_link_sent,2026-04-28 10:17:47
PTP001283,payment_link_opened,2026-04-28 13:35:31
PTP001283,whatsapp_confirmation_sent,2026-04-29 10:10:11
PTP001283,confirmation_reply_yes,2026-04-29 10:58:31
PTP001283,payment_link_opened,2026-05-17 09:26:21
PTP001284,payment_link_sent,2026-04-28 10:30:36
PTP001284,payment_link_opened,2026-04-28 14:17:03
PTP001284,whatsapp_confirmation_sent,2026-04-29 10:02:16
PTP001284,confirmation_reply_yes,2026-04-29 14:01:40
PTP001285,whatsapp_confirmation_sent,2026-04-29 10:17:43
PTP001286,payment_link_sent,2026-04-28 10:26:15
PTP001286,whatsapp_confirmation_sent,2026-04-29 10:21:00
PTP001287,payment_link_sent,2026-04-28 09:45:03
PTP001287,payment_link_opened,2026-04-28 20:13:44
PTP001287,whatsapp_confirmation_sent,2026-04-29 10:19:24
PTP001287,payment_link_opened,2026-05-04 15:32:59
PTP001288,payment_link_sent,2026-04-28 09:00:32
PTP001288,payment_link_opened,2026-04-28 17:35:38
PTP001288,whatsapp_confirmation_sent,2026-04-29 10:08:59
PTP001289,whatsapp_confirmation_sent,2026-04-29 10:00:00
PTP001289,confirmation_reply_yes,2026-04-29 11:38:03
PTP001289,inbound_call_from_customer,2026-04-30 23:07:15
PTP001290,whatsapp_confirmation_sent,2026-04-29 10:04:26
PTP001290,confirmation_reply_yes,2026-04-29 14:09:00
PTP001291,whatsapp_confirmation_sent,2026-04-29 10:21:01
PTP001291,confirmation_reply_no,2026-04-29 11:53:35
PTP001292,payment_link_sent,2026-04-28 11:19:53
PTP001292,whatsapp_confirmation_sent,2026-04-29 10:23:11
PTP001292,inbound_call_from_customer,2026-04-30 06:39:01
PTP001292,payment_link_opened,2026-05-01 10:30:31
PTP001293,payment_link_sent,2026-04-28 09:19:25
PTP001293,payment_link_opened,2026-04-28 11:09:18
PTP001293,whatsapp_confirmation_sent,2026-04-29 10:03:39
PTP001293,confirmation_reply_yes,2026-04-29 11:04:52
PTP001293,payment_link_opened,2026-05-14 15:16:03
PTP001294,payment_link_sent,2026-04-28 11:58:15
PTP001294,whatsapp_confirmation_sent,2026-04-29 10:04:20
PTP001295,whatsapp_confirmation_sent,2026-04-29 10:13:37
PTP001295,inbound_call_from_customer,2026-04-29 17:46:20
PTP001296,payment_link_sent,2026-04-28 12:41:40
PTP001296,payment_link_opened,2026-04-28 14:41:42
PTP001296,whatsapp_confirmation_sent,2026-04-29 10:20:58
PTP001297,whatsapp_confirmation_sent,2026-04-29 10:02:35
PTP001297,confirmation_reply_no,2026-04-29 10:34:36
PTP001297,inbound_call_from_customer,2026-04-30 21:33:16
PTP001298,whatsapp_confirmation_sent,2026-04-29 10:23:23
PTP001299,payment_link_sent,2026-04-28 08:44:35
PTP001299,whatsapp_confirmation_sent,2026-04-29 10:19:36
PTP001299,confirmation_reply_yes,2026-04-29 10:49:22
PTP001300,whatsapp_confirmation_sent,2026-04-29 10:27:07
PTP001301,whatsapp_confirmation_sent,2026-04-29 10:05:25
PTP001302,whatsapp_confirmation_sent,2026-04-29 10:04:04
PTP001302,confirmation_reply_yes,2026-04-29 13:36:36
PTP001303,whatsapp_confirmation_sent,2026-04-29 10:13:24
PTP001303,inbound_call_from_customer,2026-04-29 11:40:14
PTP001304,payment_link_sent,2026-04-28 12:59:07
PTP001304,payment_link_opened,2026-04-28 18:19:06
PTP001304,whatsapp_confirmation_sent,2026-04-29 10:25:07
PTP001304,confirmation_reply_yes,2026-04-29 14:08:10
PTP001304,payment_link_opened,2026-05-05 15:47:36
PTP001305,payment_link_sent,2026-04-28 12:23:49
PTP001305,whatsapp_confirmation_sent,2026-04-29 10:09:38
PTP001306,payment_link_sent,2026-04-28 08:31:31
PTP001306,whatsapp_confirmation_sent,2026-04-29 10:24:08
PTP001306,payment_link_opened,2026-05-04 16:11:15
PTP001307,payment_link_sent,2026-04-28 11:42:22
PTP001307,payment_link_opened,2026-04-29 00:02:00
PTP001307,whatsapp_confirmation_sent,2026-04-29 10:05:01
PTP001308,payment_link_sent,2026-04-28 08:38:05
PTP001308,payment_link_opened,2026-04-28 14:06:13
PTP001308,whatsapp_confirmation_sent,2026-04-29 10:28:23
PTP001308,confirmation_reply_no,2026-04-29 12:56:51
PTP001309,whatsapp_confirmation_sent,2026-04-29 10:12:50
PTP001310,whatsapp_confirmation_sent,2026-04-29 10:27:56
PTP001310,confirmation_reply_yes,2026-04-29 11:14:26
PTP001311,whatsapp_confirmation_sent,2026-04-29 10:22:48
PTP001311,confirmation_reply_yes,2026-04-29 15:01:28
PTP001312,payment_link_sent,2026-04-28 09:41:08
PTP001312,whatsapp_confirmation_sent,2026-04-29 10:25:37
PTP001313,payment_link_sent,2026-04-28 08:53:52
PTP001313,payment_link_opened,2026-04-28 10:22:27
PTP001313,whatsapp_confirmation_sent,2026-04-29 10:25:32
PTP001314,whatsapp_confirmation_sent,2026-04-29 10:21:21
PTP001315,whatsapp_confirmation_sent,2026-04-29 10:19:09
PTP001316,payment_link_sent,2026-04-28 12:34:20
PTP001316,whatsapp_confirmation_sent,2026-04-29 10:20:28
PTP001316,payment_link_opened,2026-05-12 18:10:27
PTP001317,payment_link_sent,2026-04-28 10:43:35
PTP001317,payment_link_opened,2026-04-28 21:34:52
PTP001317,whatsapp_confirmation_sent,2026-04-29 10:11:15
PTP001317,confirmation_reply_yes,2026-04-29 15:26:13
PTP001318,whatsapp_confirmation_sent,2026-04-29 10:12:23
PTP001318,confirmation_reply_no,2026-04-29 15:24:32
PTP001319,payment_link_opened,2026-04-28 14:00:39
PTP001319,payment_link_sent,2026-04-28 18:16:49
PTP001319,payment_link_opened,2026-04-28 18:17:19
PTP001319,whatsapp_confirmation_sent,2026-04-29 10:08:08
PTP001319,confirmation_reply_yes,2026-04-29 13:15:19
PTP001320,payment_link_sent,2026-04-28 15:24:07
PTP001320,whatsapp_confirmation_sent,2026-04-29 10:24:51
PTP001320,payment_link_opened,2026-05-16 20:53:14
PTP001321,payment_link_sent,2026-04-28 18:07:19
PTP001321,whatsapp_confirmation_sent,2026-04-29 10:09:17
PTP001321,payment_link_opened,2026-05-07 22:10:55
PTP001322,whatsapp_confirmation_sent,2026-04-29 10:04:00
PTP001322,confirmation_reply_yes,2026-04-29 13:02:44
PTP001323,whatsapp_confirmation_sent,2026-04-29 10:12:58
PTP001324,payment_link_sent,2026-04-28 13:41:27
PTP001324,whatsapp_confirmation_sent,2026-04-29 10:09:33
PTP001325,whatsapp_confirmation_sent,2026-04-29 10:10:20
PTP001325,confirmation_reply_yes,2026-04-29 12:05:02
PTP001326,whatsapp_confirmation_sent,2026-04-29 10:13:50
PTP001326,confirmation_reply_yes,2026-04-29 14:39:30
PTP001326,inbound_call_from_customer,2026-05-16 00:48:38
PTP001327,payment_link_sent,2026-04-28 18:55:49
PTP001327,whatsapp_confirmation_sent,2026-04-29 10:09:50
PTP001327,payment_link_opened,2026-05-03 17:42:57
PTP001328,payment_link_sent,2026-04-28 16:00:49
PTP001328,whatsapp_confirmation_sent,2026-04-29 10:14:59
PTP001329,payment_link_sent,2026-04-28 18:38:12
PTP001329,whatsapp_confirmation_sent,2026-04-29 10:27:11
PTP001334,inbound_call_from_customer,2026-04-28 16:20:07
PTP001335,payment_link_sent,2026-04-28 14:30:27
PTP001335,payment_link_opened,2026-04-28 21:16:37
PTP001338,payment_link_sent,2026-04-28 10:59:29
PTP001338,payment_link_opened,2026-04-28 12:03:38
PTP001340,payment_link_sent,2026-04-28 12:54:53
PTP001340,payment_link_opened,2026-04-28 15:36:06
PTP001342,payment_link_sent,2026-04-29 10:15:24
PTP001342,whatsapp_confirmation_sent,2026-04-30 10:28:13
PTP001343,payment_link_sent,2026-04-29 12:06:46
PTP001343,whatsapp_confirmation_sent,2026-04-30 10:28:43
PTP001343,confirmation_reply_no,2026-04-30 10:46:03
PTP001344,payment_link_sent,2026-04-29 09:27:20
PTP001344,payment_link_opened,2026-04-29 09:42:07
PTP001344,whatsapp_confirmation_sent,2026-04-30 10:03:21
PTP001344,confirmation_reply_yes,2026-04-30 14:01:45
PTP001345,payment_link_sent,2026-04-29 08:19:04
PTP001345,payment_link_opened,2026-04-29 09:12:03
PTP001345,whatsapp_confirmation_sent,2026-04-30 10:29:33
PTP001345,payment_link_opened,2026-05-06 15:14:33
PTP001346,whatsapp_confirmation_sent,2026-04-30 10:06:38
PTP001346,confirmation_reply_yes,2026-04-30 11:50:48
PTP001346,inbound_call_from_customer,2026-05-05 00:08:14
PTP001347,payment_link_sent,2026-04-29 11:50:12
PTP001347,whatsapp_confirmation_sent,2026-04-30 10:18:31
PTP001347,confirmation_reply_yes,2026-04-30 13:31:25
PTP001348,payment_link_sent,2026-04-29 11:44:29
PTP001348,whatsapp_confirmation_sent,2026-04-30 10:09:55
PTP001348,confirmation_reply_yes,2026-04-30 15:29:49
PTP001348,payment_link_opened,2026-05-04 11:39:46
PTP001349,payment_link_sent,2026-04-29 10:49:05
PTP001349,whatsapp_confirmation_sent,2026-04-30 10:02:11
PTP001349,confirmation_reply_yes,2026-04-30 10:37:17
PTP001350,payment_link_sent,2026-04-29 09:06:15
PTP001350,payment_link_opened,2026-04-29 20:28:08
PTP001350,whatsapp_confirmation_sent,2026-04-30 10:25:53
PTP001351,payment_link_sent,2026-04-29 10:52:48
PTP001351,whatsapp_confirmation_sent,2026-04-30 10:15:19
PTP001352,payment_link_sent,2026-04-29 10:48:44
PTP001352,whatsapp_confirmation_sent,2026-04-30 10:08:16
PTP001353,whatsapp_confirmation_sent,2026-04-30 10:19:39
PTP001354,payment_link_sent,2026-04-29 09:17:14
PTP001354,payment_link_opened,2026-04-29 09:22:29
PTP001354,whatsapp_confirmation_sent,2026-04-30 10:06:59
PTP001354,payment_link_opened,2026-05-07 20:59:20
PTP001355,payment_link_sent,2026-04-29 09:19:19
PTP001355,payment_link_opened,2026-04-29 09:19:49
PTP001355,payment_link_opened,2026-04-29 09:20:04
PTP001355,whatsapp_confirmation_sent,2026-04-30 10:09:47
PTP001355,confirmation_reply_yes,2026-04-30 12:46:53
PTP001356,whatsapp_confirmation_sent,2026-04-30 10:24:42
PTP001357,payment_link_sent,2026-04-29 11:10:57
PTP001357,whatsapp_confirmation_sent,2026-04-30 10:23:37
PTP001357,payment_link_opened,2026-05-06 13:33:06
PTP001358,payment_link_sent,2026-04-29 09:12:32
PTP001358,whatsapp_confirmation_sent,2026-04-30 10:06:32
PTP001359,payment_link_sent,2026-04-29 10:19:08
PTP001359,payment_link_opened,2026-04-29 16:34:28
PTP001359,whatsapp_confirmation_sent,2026-04-30 10:08:37
PTP001360,payment_link_sent,2026-04-29 08:22:06
PTP001360,whatsapp_confirmation_sent,2026-04-30 10:18:41
PTP001360,confirmation_reply_yes,2026-04-30 11:14:35
PTP001361,payment_link_sent,2026-04-29 09:25:20
PTP001361,payment_link_opened,2026-04-29 13:25:51
PTP001361,whatsapp_confirmation_sent,2026-04-30 10:16:50
PTP001361,confirmation_reply_yes,2026-04-30 13:53:50
PTP001362,payment_link_sent,2026-04-29 12:19:54
PTP001362,whatsapp_confirmation_sent,2026-04-30 10:20:13
PTP001362,confirmation_reply_yes,2026-04-30 11:54:18
PTP001363,payment_link_sent,2026-04-29 10:06:12
PTP001363,payment_link_opened,2026-04-29 15:03:02
PTP001363,whatsapp_confirmation_sent,2026-04-30 10:10:51
PTP001364,payment_link_sent,2026-04-29 12:53:33
PTP001364,whatsapp_confirmation_sent,2026-04-30 10:03:27
PTP001365,payment_link_sent,2026-04-29 08:53:31
PTP001365,payment_link_opened,2026-04-29 09:17:15
PTP001365,payment_link_opened,2026-04-29 20:17:03
PTP001365,whatsapp_confirmation_sent,2026-04-30 10:18:00
PTP001365,confirmation_reply_yes,2026-04-30 13:50:52
PTP001366,payment_link_sent,2026-04-29 12:12:14
PTP001366,whatsapp_confirmation_sent,2026-04-30 10:26:39
PTP001366,payment_link_opened,2026-05-07 19:48:37
PTP001367,payment_link_sent,2026-04-29 09:08:52
PTP001367,whatsapp_confirmation_sent,2026-04-30 10:25:51
PTP001368,payment_link_sent,2026-04-29 12:01:24
PTP001368,whatsapp_confirmation_sent,2026-04-30 10:20:32
PTP001368,confirmation_reply_yes,2026-04-30 13:05:51
PTP001369,payment_link_sent,2026-04-29 11:24:15
PTP001369,whatsapp_confirmation_sent,2026-04-30 10:07:23
PTP001370,payment_link_sent,2026-04-29 08:29:58
PTP001370,whatsapp_confirmation_sent,2026-04-30 10:07:05
PTP001370,confirmation_reply_yes,2026-04-30 11:22:35
PTP001370,inbound_call_from_customer,2026-05-08 16:50:48
PTP001371,whatsapp_confirmation_sent,2026-04-30 10:22:01
PTP001371,confirmation_reply_yes,2026-04-30 12:31:05
PTP001372,payment_link_sent,2026-04-29 10:01:21
PTP001372,whatsapp_confirmation_sent,2026-04-30 10:08:53
PTP001372,confirmation_reply_no,2026-04-30 12:38:37
PTP001373,payment_link_sent,2026-04-29 09:56:12
PTP001373,whatsapp_confirmation_sent,2026-04-30 10:25:17
PTP001373,confirmation_reply_yes,2026-04-30 13:45:04
PTP001374,whatsapp_confirmation_sent,2026-04-30 10:18:20
PTP001375,payment_link_sent,2026-04-29 09:35:12
PTP001375,whatsapp_confirmation_sent,2026-04-30 10:19:26
PTP001376,payment_link_sent,2026-04-29 09:38:33
PTP001376,payment_link_opened,2026-04-29 10:26:33
PTP001376,whatsapp_confirmation_sent,2026-04-30 10:08:57
PTP001376,payment_link_opened,2026-05-06 11:04:04
PTP001377,payment_link_sent,2026-04-29 18:55:31
PTP001377,whatsapp_confirmation_sent,2026-04-30 10:08:11
PTP001378,payment_link_sent,2026-04-29 15:27:41
PTP001378,whatsapp_confirmation_sent,2026-04-30 10:07:25
PTP001379,payment_link_sent,2026-04-29 16:27:20
PTP001379,payment_link_opened,2026-04-29 16:51:51
PTP001379,inbound_call_from_customer,2026-04-30 04:57:29
PTP001379,whatsapp_confirmation_sent,2026-04-30 10:05:15
PTP001380,payment_link_sent,2026-04-29 15:58:02
PTP001380,whatsapp_confirmation_sent,2026-04-30 10:16:51
PTP001381,payment_link_sent,2026-04-29 16:51:01
PTP001381,whatsapp_confirmation_sent,2026-04-30 10:03:08
PTP001382,payment_link_sent,2026-04-29 15:25:51
PTP001382,whatsapp_confirmation_sent,2026-04-30 10:00:58
PTP001383,whatsapp_confirmation_sent,2026-04-30 10:01:15
PTP001383,confirmation_reply_yes,2026-04-30 13:43:30
PTP001384,whatsapp_confirmation_sent,2026-04-30 10:03:19
PTP001384,confirmation_reply_yes,2026-04-30 10:41:44
PTP001386,payment_link_sent,2026-04-29 11:58:20
PTP001387,payment_link_sent,2026-04-29 12:44:18
PTP001387,payment_link_opened,2026-05-02 14:43:08
PTP001391,payment_link_sent,2026-04-30 11:48:19
PTP001391,whatsapp_confirmation_sent,2026-05-01 10:21:01
PTP001391,confirmation_reply_yes,2026-05-01 13:41:03
PTP001392,payment_link_sent,2026-04-30 11:41:34
PTP001392,whatsapp_confirmation_sent,2026-05-01 10:18:28
PTP001393,payment_link_sent,2026-04-30 08:40:59
PTP001393,payment_link_opened,2026-04-30 18:40:31
PTP001393,whatsapp_confirmation_sent,2026-05-01 10:26:45
PTP001393,confirmation_reply_yes,2026-05-01 12:22:52
PTP001393,inbound_call_from_customer,2026-05-01 22:46:44
PTP001394,payment_link_sent,2026-04-30 08:37:52
PTP001394,payment_link_opened,2026-04-30 09:50:00
PTP001394,whatsapp_confirmation_sent,2026-05-01 10:13:59
PTP001394,payment_link_opened,2026-05-07 18:40:48
PTP001395,payment_link_sent,2026-04-30 12:47:42
PTP001395,whatsapp_confirmation_sent,2026-05-01 10:23:50
PTP001396,payment_link_sent,2026-04-30 09:36:48
PTP001396,whatsapp_confirmation_sent,2026-05-01 10:15:57
PTP001396,confirmation_reply_no,2026-05-01 12:50:19
PTP001397,payment_link_sent,2026-04-30 09:09:15
PTP001397,whatsapp_confirmation_sent,2026-05-01 10:27:29
PTP001397,payment_link_opened,2026-05-03 15:42:48
PTP001398,payment_link_sent,2026-04-30 12:23:02
PTP001398,whatsapp_confirmation_sent,2026-05-01 10:28:44
PTP001398,confirmation_reply_yes,2026-05-01 13:10:43
PTP001399,payment_link_sent,2026-04-30 08:16:17
PTP001399,whatsapp_confirmation_sent,2026-05-01 10:20:14
PTP001400,whatsapp_confirmation_sent,2026-05-01 10:28:13
PTP001400,confirmation_reply_yes,2026-05-01 11:52:20
PTP001401,payment_link_sent,2026-04-30 11:50:42
PTP001401,whatsapp_confirmation_sent,2026-05-01 10:17:18
PTP001402,payment_link_sent,2026-04-30 09:31:45
PTP001402,whatsapp_confirmation_sent,2026-05-01 10:12:12
PTP001402,confirmation_reply_no,2026-05-01 12:53:33
PTP001403,whatsapp_confirmation_sent,2026-05-01 10:24:32
PTP001403,confirmation_reply_yes,2026-05-01 10:31:11
PTP001404,payment_link_sent,2026-04-30 12:27:55
PTP001404,whatsapp_confirmation_sent,2026-05-01 10:28:54
PTP001404,confirmation_reply_yes,2026-05-01 11:39:41
PTP001405,payment_link_sent,2026-04-30 10:14:45
PTP001405,whatsapp_confirmation_sent,2026-05-01 10:14:08
PTP001406,payment_link_sent,2026-04-30 12:04:50
PTP001406,whatsapp_confirmation_sent,2026-05-01 10:25:34
PTP001407,payment_link_sent,2026-04-30 08:32:08
PTP001407,whatsapp_confirmation_sent,2026-05-01 10:27:22
PTP001408,whatsapp_confirmation_sent,2026-05-01 10:08:41
PTP001408,confirmation_reply_yes,2026-05-01 10:46:27
PTP001409,payment_link_sent,2026-04-30 09:59:15
PTP001409,payment_link_opened,2026-04-30 16:04:38
PTP001409,whatsapp_confirmation_sent,2026-05-01 10:02:10
PTP001410,payment_link_sent,2026-04-30 12:42:34
PTP001410,payment_link_opened,2026-04-30 14:34:38
PTP001410,whatsapp_confirmation_sent,2026-05-01 10:01:27
PTP001411,payment_link_sent,2026-04-30 08:39:51
PTP001411,payment_link_opened,2026-04-30 18:00:47
PTP001411,whatsapp_confirmation_sent,2026-05-01 10:11:36
PTP001412,whatsapp_confirmation_sent,2026-05-01 10:01:24
PTP001412,confirmation_reply_yes,2026-05-01 14:30:24
PTP001413,payment_link_sent,2026-04-30 08:36:35
PTP001413,whatsapp_confirmation_sent,2026-05-01 10:00:23
PTP001413,confirmation_reply_no,2026-05-01 15:11:17
PTP001414,payment_link_sent,2026-04-30 11:21:22
PTP001414,whatsapp_confirmation_sent,2026-05-01 10:28:17
PTP001415,whatsapp_confirmation_sent,2026-05-01 10:11:49
PTP001416,payment_link_sent,2026-04-30 10:23:42
PTP001416,payment_link_opened,2026-04-30 11:56:28
PTP001416,whatsapp_confirmation_sent,2026-05-01 10:03:11
PTP001416,confirmation_reply_no,2026-05-01 13:18:01
PTP001417,payment_link_sent,2026-04-30 08:21:11
PTP001417,payment_link_opened,2026-04-30 11:12:19
PTP001417,whatsapp_confirmation_sent,2026-05-01 10:27:22
PTP001418,payment_link_sent,2026-04-30 09:51:00
PTP001418,whatsapp_confirmation_sent,2026-05-01 10:10:03
PTP001418,inbound_call_from_customer,2026-05-03 05:43:57
PTP001419,payment_link_sent,2026-04-30 13:04:20
PTP001419,whatsapp_confirmation_sent,2026-05-01 10:23:52
PTP001419,confirmation_reply_yes,2026-05-01 12:04:34
PTP001419,payment_link_opened,2026-05-05 08:03:22
PTP001420,payment_link_sent,2026-04-30 11:56:58
PTP001420,whatsapp_confirmation_sent,2026-05-01 10:29:21
PTP001420,confirmation_reply_yes,2026-05-01 15:30:42
PTP001421,payment_link_sent,2026-04-30 16:58:25
PTP001421,payment_link_opened,2026-04-30 18:46:05
PTP001421,whatsapp_confirmation_sent,2026-05-01 10:19:41
PTP001421,payment_link_opened,2026-05-01 11:27:35
PTP001422,payment_link_sent,2026-04-30 15:20:38
PTP001422,inbound_call_from_customer,2026-04-30 22:06:24
PTP001422,whatsapp_confirmation_sent,2026-05-01 10:28:19
PTP001423,payment_link_sent,2026-04-30 17:46:27
PTP001423,whatsapp_confirmation_sent,2026-05-01 10:06:37
PTP001424,payment_link_sent,2026-04-30 14:46:22
PTP001424,payment_link_opened,2026-04-30 15:14:41
PTP001424,whatsapp_confirmation_sent,2026-05-01 10:26:45
PTP001424,confirmation_reply_yes,2026-05-01 12:30:05
PTP001425,payment_link_sent,2026-04-30 13:29:24
PTP001425,payment_link_opened,2026-04-30 15:46:56
PTP001425,inbound_call_from_customer,2026-05-01 05:56:06
PTP001425,whatsapp_confirmation_sent,2026-05-01 10:16:00
PTP001426,whatsapp_confirmation_sent,2026-05-01 10:08:23
PTP001427,payment_link_sent,2026-04-30 16:32:10
PTP001427,payment_link_opened,2026-04-30 17:40:35
PTP001427,whatsapp_confirmation_sent,2026-05-01 10:07:09
PTP001427,confirmation_reply_yes,2026-05-01 15:27:08
PTP001428,payment_link_sent,2026-04-30 17:16:17
PTP001428,payment_link_opened,2026-04-30 21:41:47
PTP001428,whatsapp_confirmation_sent,2026-05-01 10:26:57
PTP001428,payment_link_opened,2026-05-25 19:12:18
PTP001429,payment_link_sent,2026-04-30 18:34:12
PTP001429,payment_link_opened,2026-04-30 19:45:22
PTP001429,whatsapp_confirmation_sent,2026-05-01 10:10:31
PTP001429,payment_link_opened,2026-05-07 20:29:12
PTP001430,inbound_call_from_customer,2026-04-30 21:51:33
PTP001430,whatsapp_confirmation_sent,2026-05-01 10:14:01
PTP001431,payment_link_sent,2026-04-30 19:03:12
PTP001431,whatsapp_confirmation_sent,2026-05-01 10:11:40
PTP001431,confirmation_reply_yes,2026-05-01 11:26:54
PTP001432,payment_link_sent,2026-04-30 14:30:15
PTP001432,whatsapp_confirmation_sent,2026-05-01 10:02:06
PTP001432,confirmation_reply_yes,2026-05-01 13:07:54
PTP001433,payment_link_sent,2026-04-30 16:37:50
PTP001433,payment_link_opened,2026-04-30 18:51:28
PTP001433,whatsapp_confirmation_sent,2026-05-01 10:07:03
PTP001434,payment_link_sent,2026-04-30 14:05:36
PTP001434,whatsapp_confirmation_sent,2026-05-01 10:20:31
PTP001434,payment_link_opened,2026-05-11 18:20:24
PTP001435,inbound_call_from_customer,2026-05-01 00:08:00
PTP001440,payment_link_sent,2026-04-30 10:29:51
PTP001444,whatsapp_confirmation_sent,2026-05-02 10:23:39
PTP001445,payment_link_sent,2026-05-01 09:15:45
PTP001445,whatsapp_confirmation_sent,2026-05-02 10:04:09
PTP001445,payment_link_opened,2026-05-06 15:27:04
PTP001446,payment_link_sent,2026-05-01 09:00:35
PTP001446,payment_link_opened,2026-05-01 11:08:42
PTP001446,whatsapp_confirmation_sent,2026-05-02 10:22:36
PTP001447,payment_link_sent,2026-05-01 11:46:33
PTP001447,payment_link_opened,2026-05-02 05:13:53
PTP001447,whatsapp_confirmation_sent,2026-05-02 10:05:59
PTP001448,payment_link_sent,2026-05-01 10:05:37
PTP001448,whatsapp_confirmation_sent,2026-05-02 10:16:10
PTP001448,confirmation_reply_no,2026-05-02 12:10:56
PTP001448,payment_link_opened,2026-05-11 11:51:26
PTP001449,payment_link_sent,2026-05-01 10:16:44
PTP001449,whatsapp_confirmation_sent,2026-05-02 10:28:28
PTP001449,confirmation_reply_yes,2026-05-02 14:32:26
PTP001449,payment_link_opened,2026-05-02 17:43:01
PTP001450,payment_link_sent,2026-05-01 11:21:54
PTP001450,whatsapp_confirmation_sent,2026-05-02 10:15:51
PTP001450,confirmation_reply_yes,2026-05-02 12:26:53
PTP001450,payment_link_opened,2026-05-08 15:15:25
PTP001451,payment_link_sent,2026-05-01 09:21:48
PTP001451,whatsapp_confirmation_sent,2026-05-02 10:27:16
PTP001451,confirmation_reply_yes,2026-05-02 11:48:18
PTP001451,inbound_call_from_customer,2026-05-04 02:05:24
PTP001452,payment_link_sent,2026-05-01 08:08:07
PTP001452,payment_link_opened,2026-05-01 10:25:23
PTP001452,whatsapp_confirmation_sent,2026-05-02 10:24:37
PTP001453,payment_link_sent,2026-05-01 09:25:33
PTP001453,payment_link_opened,2026-05-01 13:47:29
PTP001453,whatsapp_confirmation_sent,2026-05-02 10:22:06
PTP001453,confirmation_reply_yes,2026-05-02 14:57:20
PTP001453,payment_link_opened,2026-05-24 20:40:32
PTP001454,payment_link_sent,2026-05-01 09:33:46
PTP001454,whatsapp_confirmation_sent,2026-05-02 10:05:57
PTP001455,payment_link_sent,2026-05-01 09:10:12
PTP001455,whatsapp_confirmation_sent,2026-05-02 10:18:42
PTP001455,confirmation_reply_yes,2026-05-02 11:59:48
PTP001456,payment_link_sent,2026-05-01 09:11:11
PTP001456,whatsapp_confirmation_sent,2026-05-02 10:25:19
PTP001457,payment_link_sent,2026-05-01 10:07:01
PTP001457,whatsapp_confirmation_sent,2026-05-02 10:27:55
PTP001458,whatsapp_confirmation_sent,2026-05-02 10:21:18
PTP001459,whatsapp_confirmation_sent,2026-05-02 10:11:18
PTP001460,payment_link_sent,2026-05-01 09:56:42
PTP001460,whatsapp_confirmation_sent,2026-05-02 10:19:18
PTP001460,confirmation_reply_yes,2026-05-02 10:42:37
PTP001460,payment_link_opened,2026-05-02 12:56:41
PTP001461,payment_link_sent,2026-05-01 08:50:50
PTP001461,payment_link_opened,2026-05-01 20:16:58
PTP001461,inbound_call_from_customer,2026-05-02 09:21:44
PTP001461,whatsapp_confirmation_sent,2026-05-02 10:00:12
PTP001461,confirmation_reply_yes,2026-05-02 13:14:31
PTP001462,payment_link_sent,2026-05-01 13:01:02
PTP001462,whatsapp_confirmation_sent,2026-05-02 10:28:03
PTP001462,inbound_call_from_customer,2026-05-14 11:33:56
PTP001463,payment_link_sent,2026-05-01 11:14:29
PTP001463,payment_link_opened,2026-05-01 18:24:35
PTP001463,whatsapp_confirmation_sent,2026-05-02 10:08:30
PTP001463,payment_link_opened,2026-05-26 12:30:57
PTP001464,whatsapp_confirmation_sent,2026-05-02 10:14:31
PTP001465,payment_link_sent,2026-05-01 08:45:50
PTP001465,payment_link_opened,2026-05-01 14:24:53
PTP001465,whatsapp_confirmation_sent,2026-05-02 10:15:37
PTP001465,confirmation_reply_no,2026-05-02 11:07:04
PTP001466,payment_link_sent,2026-05-01 10:33:42
PTP001466,payment_link_opened,2026-05-01 10:56:59
PTP001466,payment_link_opened,2026-05-02 09:28:22
PTP001466,whatsapp_confirmation_sent,2026-05-02 10:17:00
PTP001466,confirmation_reply_yes,2026-05-02 14:14:24
PTP001467,payment_link_sent,2026-05-01 12:25:57
PTP001467,whatsapp_confirmation_sent,2026-05-02 10:04:39
PTP001468,whatsapp_confirmation_sent,2026-05-02 10:22:29
PTP001469,whatsapp_confirmation_sent,2026-05-02 10:04:45
PTP001470,whatsapp_confirmation_sent,2026-05-02 10:08:03
PTP001471,payment_link_sent,2026-05-01 11:14:14
PTP001471,payment_link_opened,2026-05-01 13:14:45
PTP001471,whatsapp_confirmation_sent,2026-05-02 10:20:12
PTP001471,confirmation_reply_yes,2026-05-02 15:33:54
PTP001472,payment_link_sent,2026-05-01 12:23:08
PTP001472,payment_link_opened,2026-05-01 12:38:24
PTP001472,payment_link_opened,2026-05-01 12:41:13
PTP001472,whatsapp_confirmation_sent,2026-05-02 10:05:20
PTP001472,confirmation_reply_yes,2026-05-02 12:42:14
PTP001473,payment_link_sent,2026-05-01 14:33:14
PTP001473,whatsapp_confirmation_sent,2026-05-02 10:18:22
PTP001473,confirmation_reply_yes,2026-05-02 10:31:44
PTP001474,payment_link_sent,2026-05-01 13:19:47
PTP001474,whatsapp_confirmation_sent,2026-05-02 10:01:34
PTP001474,confirmation_reply_no,2026-05-02 11:11:08
PTP001475,payment_link_sent,2026-05-01 13:57:07
PTP001475,whatsapp_confirmation_sent,2026-05-02 10:18:05
PTP001475,confirmation_reply_yes,2026-05-02 11:47:17
PTP001475,payment_link_opened,2026-05-06 16:44:37
PTP001476,payment_link_sent,2026-05-01 14:23:39
PTP001476,payment_link_opened,2026-05-02 01:15:45
PTP001476,whatsapp_confirmation_sent,2026-05-02 10:13:19
PTP001477,payment_link_sent,2026-05-01 17:48:12
PTP001477,payment_link_opened,2026-05-02 04:10:11
PTP001477,whatsapp_confirmation_sent,2026-05-02 10:05:35
PTP001477,confirmation_reply_yes,2026-05-02 11:55:07
PTP001478,whatsapp_confirmation_sent,2026-05-02 10:19:56
PTP001479,payment_link_sent,2026-05-01 16:07:11
PTP001479,payment_link_opened,2026-05-01 16:33:42
PTP001479,payment_link_opened,2026-05-01 22:10:13
PTP001479,whatsapp_confirmation_sent,2026-05-02 10:07:01
PTP001479,confirmation_reply_yes,2026-05-02 12:28:20
PTP001480,whatsapp_confirmation_sent,2026-05-02 10:25:15
PTP001484,payment_link_sent,2026-05-01 12:47:57
PTP001484,inbound_call_from_customer,2026-05-04 00:26:23
PTP001484,payment_link_opened,2026-05-06 15:18:24
PTP001486,payment_link_sent,2026-05-01 10:11:13
PTP001488,payment_link_sent,2026-05-02 12:27:22
PTP001488,whatsapp_confirmation_sent,2026-05-03 10:11:01
PTP001488,inbound_call_from_customer,2026-05-04 16:18:08
PTP001489,payment_link_sent,2026-05-02 12:58:04
PTP001489,whatsapp_confirmation_sent,2026-05-03 10:13:01
PTP001489,confirmation_reply_yes,2026-05-03 10:18:18
PTP001490,whatsapp_confirmation_sent,2026-05-03 10:16:26
PTP001491,payment_link_sent,2026-05-02 09:43:41
PTP001491,whatsapp_confirmation_sent,2026-05-03 10:25:47
PTP001491,inbound_call_from_customer,2026-05-04 16:01:27
PTP001491,payment_link_opened,2026-05-10 19:15:31
PTP001492,whatsapp_confirmation_sent,2026-05-03 10:11:23
PTP001493,payment_link_sent,2026-05-02 12:14:21
PTP001493,whatsapp_confirmation_sent,2026-05-03 10:24:29
PTP001493,confirmation_reply_no,2026-05-03 11:24:19
PTP001494,payment_link_sent,2026-05-02 09:01:51
PTP001494,whatsapp_confirmation_sent,2026-05-03 10:18:48
PTP001494,confirmation_reply_yes,2026-05-03 11:18:18
PTP001495,payment_link_sent,2026-05-02 12:00:46
PTP001495,whatsapp_confirmation_sent,2026-05-03 10:20:57
PTP001496,payment_link_sent,2026-05-02 12:52:36
PTP001496,whatsapp_confirmation_sent,2026-05-03 10:05:18
PTP001496,inbound_call_from_customer,2026-05-08 20:39:25
PTP001497,payment_link_sent,2026-05-02 11:27:58
PTP001497,whatsapp_confirmation_sent,2026-05-03 10:07:23
PTP001497,confirmation_reply_yes,2026-05-03 11:39:13
PTP001497,payment_link_opened,2026-05-27 13:58:26
PTP001498,whatsapp_confirmation_sent,2026-05-03 10:04:03
PTP001499,payment_link_sent,2026-05-02 12:06:09
PTP001499,whatsapp_confirmation_sent,2026-05-03 10:18:27
PTP001499,confirmation_reply_yes,2026-05-03 13:15:50
PTP001500,payment_link_sent,2026-05-02 09:34:51
PTP001500,payment_link_opened,2026-05-02 15:48:55
PTP001500,whatsapp_confirmation_sent,2026-05-03 10:08:10
PTP001500,inbound_call_from_customer,2026-05-03 19:55:12
PTP001501,whatsapp_confirmation_sent,2026-05-03 10:11:08
PTP001502,payment_link_sent,2026-05-02 11:12:15
PTP001502,payment_link_opened,2026-05-02 18:27:12
PTP001502,whatsapp_confirmation_sent,2026-05-03 10:01:23
PTP001502,confirmation_reply_yes,2026-05-03 10:44:51
PTP001502,payment_link_opened,2026-05-09 09:57:13
PTP001503,whatsapp_confirmation_sent,2026-05-03 10:14:12
PTP001503,confirmation_reply_yes,2026-05-03 12:55:49
PTP001504,payment_link_sent,2026-05-02 12:00:57
PTP001504,whatsapp_confirmation_sent,2026-05-03 10:10:01
PTP001505,payment_link_sent,2026-05-02 09:19:08
PTP001505,whatsapp_confirmation_sent,2026-05-03 10:17:51
PTP001506,whatsapp_confirmation_sent,2026-05-03 10:15:39
PTP001507,whatsapp_confirmation_sent,2026-05-03 10:29:13
PTP001508,payment_link_sent,2026-05-02 11:40:37
PTP001508,payment_link_opened,2026-05-02 19:36:24
PTP001508,whatsapp_confirmation_sent,2026-05-03 10:03:39
PTP001509,payment_link_sent,2026-05-02 10:21:31
PTP001509,whatsapp_confirmation_sent,2026-05-03 10:28:00
PTP001509,payment_link_opened,2026-05-10 22:48:57
PTP001510,whatsapp_confirmation_sent,2026-05-03 10:13:15
PTP001511,payment_link_sent,2026-05-02 11:57:45
PTP001511,payment_link_opened,2026-05-02 12:06:50
PTP001511,whatsapp_confirmation_sent,2026-05-03 10:09:09
PTP001511,payment_link_opened,2026-05-05 22:12:36
PTP001512,payment_link_sent,2026-05-02 12:00:22
PTP001512,whatsapp_confirmation_sent,2026-05-03 10:28:06
PTP001512,confirmation_reply_yes,2026-05-03 13:25:21
PTP001513,payment_link_sent,2026-05-02 10:40:32
PTP001513,whatsapp_confirmation_sent,2026-05-03 10:02:04
PTP001514,payment_link_sent,2026-05-02 09:12:30
PTP001514,whatsapp_confirmation_sent,2026-05-03 10:09:13
PTP001514,payment_link_opened,2026-05-03 20:44:21
PTP001515,payment_link_sent,2026-05-02 12:35:36
PTP001515,payment_link_opened,2026-05-02 13:52:08
PTP001515,whatsapp_confirmation_sent,2026-05-03 10:11:31
PTP001515,payment_link_opened,2026-05-10 13:14:44
PTP001516,whatsapp_confirmation_sent,2026-05-03 10:21:51
PTP001516,confirmation_reply_yes,2026-05-03 15:06:32
PTP001517,payment_link_sent,2026-05-02 08:49:55
PTP001517,whatsapp_confirmation_sent,2026-05-03 10:02:09
PTP001517,confirmation_reply_no,2026-05-03 15:06:11
PTP001517,payment_link_opened,2026-05-23 15:37:47
PTP001518,payment_link_sent,2026-05-02 10:52:30
PTP001518,inbound_call_from_customer,2026-05-02 17:47:16
PTP001518,whatsapp_confirmation_sent,2026-05-03 10:18:01
PTP001519,whatsapp_confirmation_sent,2026-05-03 10:13:49
PTP001520,payment_link_sent,2026-05-02 08:52:15
PTP001520,whatsapp_confirmation_sent,2026-05-03 10:21:44
PTP001520,confirmation_reply_yes,2026-05-03 14:37:57
PTP001520,inbound_call_from_customer,2026-05-03 15:06:58
PTP001520,payment_link_opened,2026-05-08 13:46:25
PTP001521,payment_link_sent,2026-05-02 11:02:58
PTP001521,whatsapp_confirmation_sent,2026-05-03 10:25:13
PTP001522,whatsapp_confirmation_sent,2026-05-03 10:16:21
PTP001522,confirmation_reply_yes,2026-05-03 10:21:54
PTP001523,payment_link_sent,2026-05-02 17:19:34
PTP001523,payment_link_opened,2026-05-02 20:38:38
PTP001523,whatsapp_confirmation_sent,2026-05-03 10:10:47
PTP001523,payment_link_opened,2026-05-12 14:32:38
PTP001524,whatsapp_confirmation_sent,2026-05-03 10:11:20
PTP001525,whatsapp_confirmation_sent,2026-05-03 10:11:30
PTP001526,payment_link_sent,2026-05-02 15:57:44
PTP001526,payment_link_opened,2026-05-02 20:01:46
PTP001526,whatsapp_confirmation_sent,2026-05-03 10:03:29
PTP001526,confirmation_reply_yes,2026-05-03 10:24:19
PTP001526,payment_link_opened,2026-05-07 16:54:27
PTP001527,whatsapp_confirmation_sent,2026-05-03 10:15:04
PTP001527,confirmation_reply_yes,2026-05-03 12:10:06
PTP001528,payment_link_sent,2026-05-02 16:49:42
PTP001528,whatsapp_confirmation_sent,2026-05-03 10:03:24
PTP001529,payment_link_sent,2026-05-02 15:04:28
PTP001529,whatsapp_confirmation_sent,2026-05-03 10:17:50
PTP001530,whatsapp_confirmation_sent,2026-05-03 10:04:07
PTP001530,confirmation_reply_yes,2026-05-03 12:30:43
PTP001531,payment_link_sent,2026-05-02 16:02:03
PTP001531,whatsapp_confirmation_sent,2026-05-03 10:23:49
PTP001531,payment_link_opened,2026-05-16 10:13:23
PTP001533,payment_link_sent,2026-05-02 12:23:04
PTP001533,payment_link_opened,2026-05-02 14:24:35
PTP001536,payment_link_sent,2026-05-03 12:00:04
PTP001536,payment_link_opened,2026-05-03 16:48:15
PTP001536,whatsapp_confirmation_sent,2026-05-04 10:14:59
PTP001536,confirmation_reply_yes,2026-05-04 11:06:36
PTP001537,whatsapp_confirmation_sent,2026-05-04 10:28:27
PTP001537,confirmation_reply_yes,2026-05-04 15:51:15
PTP001538,payment_link_sent,2026-05-03 08:50:22
PTP001538,whatsapp_confirmation_sent,2026-05-04 10:04:29
PTP001538,confirmation_reply_yes,2026-05-04 10:15:34
PTP001538,inbound_call_from_customer,2026-05-09 09:51:20
PTP001538,payment_link_opened,2026-05-17 16:00:37
PTP001539,payment_link_sent,2026-05-03 08:43:04
PTP001539,whatsapp_confirmation_sent,2026-05-04 10:05:53
PTP001540,payment_link_sent,2026-05-03 12:20:06
PTP001540,whatsapp_confirmation_sent,2026-05-04 10:12:18
PTP001540,confirmation_reply_yes,2026-05-04 10:22:14
PTP001540,payment_link_opened,2026-05-08 09:23:36
PTP001541,payment_link_sent,2026-05-03 08:22:53
PTP001541,whatsapp_confirmation_sent,2026-05-04 10:08:44
PTP001542,payment_link_sent,2026-05-03 11:19:17
PTP001542,whatsapp_confirmation_sent,2026-05-04 10:22:25
PTP001542,confirmation_reply_no,2026-05-04 13:35:00
PTP001543,payment_link_sent,2026-05-03 12:08:48
PTP001543,whatsapp_confirmation_sent,2026-05-04 10:08:32
PTP001544,payment_link_sent,2026-05-03 08:23:33
PTP001544,whatsapp_confirmation_sent,2026-05-04 10:12:19
PTP001545,whatsapp_confirmation_sent,2026-05-04 10:00:17
PTP001545,confirmation_reply_yes,2026-05-04 12:33:08
PTP001546,payment_link_sent,2026-05-03 10:44:27
PTP001546,whatsapp_confirmation_sent,2026-05-04 10:24:59
PTP001547,payment_link_sent,2026-05-03 12:24:10
PTP001547,whatsapp_confirmation_sent,2026-05-04 10:17:57
PTP001548,payment_link_sent,2026-05-03 08:31:44
PTP001548,payment_link_opened,2026-05-03 16:49:41
PTP001548,whatsapp_confirmation_sent,2026-05-04 10:08:49
PTP001548,confirmation_reply_yes,2026-05-04 11:45:36
PTP001549,payment_link_sent,2026-05-03 10:45:37
PTP001549,whatsapp_confirmation_sent,2026-05-04 10:05:17
PTP001549,inbound_call_from_customer,2026-05-08 04:11:40
PTP001550,payment_link_sent,2026-05-03 08:22:32
PTP001550,whatsapp_confirmation_sent,2026-05-04 10:20:44
PTP001550,payment_link_opened,2026-05-10 09:40:11
PTP001551,whatsapp_confirmation_sent,2026-05-04 10:10:14
PTP001552,payment_link_sent,2026-05-03 13:12:24
PTP001552,whatsapp_confirmation_sent,2026-05-04 10:20:09
PTP001553,whatsapp_confirmation_sent,2026-05-04 10:04:44
PTP001554,payment_link_sent,2026-05-03 18:21:18
PTP001554,whatsapp_confirmation_sent,2026-05-04 10:09:28
PTP001554,payment_link_opened,2026-05-06 11:30:37
PTP001555,payment_link_sent,2026-05-03 16:53:06
PTP001555,whatsapp_confirmation_sent,2026-05-04 10:06:29
PTP001555,confirmation_reply_yes,2026-05-04 15:25:36
PTP001555,payment_link_opened,2026-05-04 21:57:55
PTP001556,payment_link_sent,2026-05-03 17:32:56
PTP001556,whatsapp_confirmation_sent,2026-05-04 10:27:55
PTP001556,payment_link_opened,2026-05-18 12:44:52
PTP001557,whatsapp_confirmation_sent,2026-05-04 10:14:51
PTP001557,confirmation_reply_yes,2026-05-04 15:26:35
PTP001558,whatsapp_confirmation_sent,2026-05-04 10:01:47
PTP001558,confirmation_reply_yes,2026-05-04 13:53:01
PTP001559,payment_link_sent,2026-05-03 15:40:28
PTP001559,payment_link_opened,2026-05-03 18:21:41
PTP001559,whatsapp_confirmation_sent,2026-05-04 10:18:01
PTP001560,payment_link_sent,2026-05-04 08:28:39
PTP001560,payment_link_opened,2026-05-04 12:27:07
PTP001560,whatsapp_confirmation_sent,2026-05-05 10:09:59
PTP001560,payment_link_opened,2026-05-08 14:14:14
PTP001561,payment_link_sent,2026-05-04 08:23:13
PTP001561,whatsapp_confirmation_sent,2026-05-05 10:03:04
PTP001561,confirmation_reply_yes,2026-05-05 10:49:29
PTP001562,payment_link_sent,2026-05-04 10:47:02
PTP001562,whatsapp_confirmation_sent,2026-05-05 10:12:57
PTP001562,confirmation_reply_yes,2026-05-05 13:42:41
PTP001563,whatsapp_confirmation_sent,2026-05-05 10:28:28
PTP001563,confirmation_reply_yes,2026-05-05 14:18:27
PTP001564,whatsapp_confirmation_sent,2026-05-05 10:15:53
PTP001565,payment_link_sent,2026-05-04 12:48:21
PTP001565,payment_link_opened,2026-05-04 15:48:54
PTP001565,whatsapp_confirmation_sent,2026-05-05 10:29:52
PTP001565,payment_link_opened,2026-05-11 19:57:49
PTP001566,whatsapp_confirmation_sent,2026-05-05 10:09:47
PTP001567,payment_link_sent,2026-05-04 09:05:28
PTP001567,whatsapp_confirmation_sent,2026-05-05 10:05:20
PTP001567,payment_link_opened,2026-05-15 09:18:48
PTP001568,payment_link_sent,2026-05-04 10:35:52
PTP001568,payment_link_opened,2026-05-04 11:34:18
PTP001568,whatsapp_confirmation_sent,2026-05-05 10:21:25
PTP001568,payment_link_opened,2026-05-17 12:58:05
PTP001569,whatsapp_confirmation_sent,2026-05-05 10:07:36
PTP001570,payment_link_sent,2026-05-04 10:43:20
PTP001570,whatsapp_confirmation_sent,2026-05-05 10:28:20
PTP001570,payment_link_opened,2026-05-12 14:21:32
PTP001571,payment_link_sent,2026-05-04 09:06:08
PTP001571,whatsapp_confirmation_sent,2026-05-05 10:21:59
PTP001571,payment_link_opened,2026-05-08 10:54:02
PTP001572,payment_link_sent,2026-05-04 08:25:55
PTP001572,whatsapp_confirmation_sent,2026-05-05 10:23:40
PTP001572,confirmation_reply_yes,2026-05-05 11:17:00
PTP001573,payment_link_sent,2026-05-04 11:06:38
PTP001573,payment_link_opened,2026-05-04 12:14:06
PTP001573,whatsapp_confirmation_sent,2026-05-05 10:26:15
PTP001573,payment_link_opened,2026-05-19 19:02:41
PTP001574,payment_link_sent,2026-05-04 08:49:34
PTP001574,whatsapp_confirmation_sent,2026-05-05 10:24:30
PTP001575,payment_link_sent,2026-05-04 08:10:23
PTP001575,whatsapp_confirmation_sent,2026-05-05 10:11:57
PTP001576,inbound_call_from_customer,2026-05-05 09:43:52
PTP001576,whatsapp_confirmation_sent,2026-05-05 10:23:50
PTP001577,payment_link_sent,2026-05-04 09:20:21
PTP001577,payment_link_opened,2026-05-04 18:34:44
PTP001577,whatsapp_confirmation_sent,2026-05-05 10:14:23
PTP001577,confirmation_reply_yes,2026-05-05 12:19:22
PTP001578,payment_link_sent,2026-05-04 11:39:21
PTP001578,whatsapp_confirmation_sent,2026-05-05 10:29:28
PTP001578,confirmation_reply_no,2026-05-05 12:02:09
PTP001578,payment_link_opened,2026-05-07 10:22:02
PTP001579,payment_link_sent,2026-05-04 11:46:10
PTP001579,whatsapp_confirmation_sent,2026-05-05 10:16:47
PTP001580,payment_link_sent,2026-05-04 11:23:07
PTP001580,whatsapp_confirmation_sent,2026-05-05 10:11:15
PTP001581,whatsapp_confirmation_sent,2026-05-05 10:18:15
PTP001581,confirmation_reply_yes,2026-05-05 13:51:40
PTP001582,whatsapp_confirmation_sent,2026-05-05 10:18:41
PTP001583,whatsapp_confirmation_sent,2026-05-05 10:00:06
PTP001584,payment_link_sent,2026-05-04 11:52:50
PTP001584,payment_link_opened,2026-05-04 15:06:52
PTP001584,whatsapp_confirmation_sent,2026-05-05 10:15:24
PTP001584,payment_link_opened,2026-05-10 20:32:50
PTP001585,payment_link_sent,2026-05-04 11:47:26
PTP001585,payment_link_opened,2026-05-04 14:00:45
PTP001585,whatsapp_confirmation_sent,2026-05-05 10:17:03
PTP001585,confirmation_reply_no,2026-05-05 13:01:06
PTP001585,payment_link_opened,2026-05-07 11:25:34
PTP001586,payment_link_sent,2026-05-04 11:26:48
PTP001586,payment_link_opened,2026-05-04 18:53:16
PTP001586,whatsapp_confirmation_sent,2026-05-05 10:24:56
PTP001586,confirmation_reply_yes,2026-05-05 15:45:45
PTP001587,payment_link_sent,2026-05-04 08:32:41
PTP001587,whatsapp_confirmation_sent,2026-05-05 10:12:18
PTP001588,payment_link_sent,2026-05-04 08:48:43
PTP001588,whatsapp_confirmation_sent,2026-05-05 10:20:57
PTP001589,whatsapp_confirmation_sent,2026-05-05 10:09:06
PTP001590,whatsapp_confirmation_sent,2026-05-05 10:13:35
PTP001591,whatsapp_confirmation_sent,2026-05-05 10:08:23
PTP001592,payment_link_sent,2026-05-04 09:12:14
PTP001592,whatsapp_confirmation_sent,2026-05-05 10:04:48
PTP001593,payment_link_sent,2026-05-04 08:17:08
PTP001593,whatsapp_confirmation_sent,2026-05-05 10:13:50
PTP001594,payment_link_sent,2026-05-04 09:34:51
PTP001594,whatsapp_confirmation_sent,2026-05-05 10:12:33
PTP001594,payment_link_opened,2026-05-11 19:21:57
PTP001595,whatsapp_confirmation_sent,2026-05-05 10:05:50
PTP001596,payment_link_sent,2026-05-04 14:05:47
PTP001596,whatsapp_confirmation_sent,2026-05-05 10:29:57
PTP001597,whatsapp_confirmation_sent,2026-05-05 10:20:12
PTP001598,payment_link_sent,2026-05-04 15:59:01
PTP001598,payment_link_opened,2026-05-04 17:59:15
PTP001598,whatsapp_confirmation_sent,2026-05-05 10:19:43
PTP001598,confirmation_reply_no,2026-05-05 13:45:22
PTP001598,payment_link_opened,2026-05-05 17:36:08
PTP001599,payment_link_sent,2026-05-04 19:00:06
PTP001599,payment_link_opened,2026-05-04 20:22:11
PTP001599,whatsapp_confirmation_sent,2026-05-05 10:12:07
PTP001599,payment_link_opened,2026-05-24 13:56:12
PTP001600,payment_link_sent,2026-05-04 18:36:24
PTP001600,payment_link_opened,2026-05-04 19:57:05
PTP001600,whatsapp_confirmation_sent,2026-05-05 10:06:41
PTP001601,whatsapp_confirmation_sent,2026-05-05 10:29:16
PTP001601,confirmation_reply_yes,2026-05-05 15:44:50
PTP001602,whatsapp_confirmation_sent,2026-05-05 10:17:48
PTP001603,payment_link_sent,2026-05-04 15:30:00
PTP001603,whatsapp_confirmation_sent,2026-05-05 10:07:32
PTP001603,confirmation_reply_yes,2026-05-05 13:56:14
PTP001603,payment_link_opened,2026-05-12 19:21:25
PTP001604,payment_link_sent,2026-05-04 16:01:23
PTP001604,payment_link_opened,2026-05-04 19:25:03
PTP001604,payment_link_opened,2026-05-05 09:23:39
PTP001604,whatsapp_confirmation_sent,2026-05-05 10:23:08
PTP001605,whatsapp_confirmation_sent,2026-05-05 10:22:52
PTP001605,confirmation_reply_no,2026-05-05 13:43:33
PTP001606,payment_link_sent,2026-05-04 15:54:33
PTP001606,whatsapp_confirmation_sent,2026-05-05 10:27:25
PTP001607,payment_link_sent,2026-05-04 10:51:09
PTP001610,payment_link_sent,2026-05-04 10:47:03
PTP001610,payment_link_opened,2026-05-04 13:34:46
PTP001610,payment_link_opened,2026-05-09 20:20:02
PTP001613,payment_link_sent,2026-05-04 10:48:54
PTP001615,payment_link_sent,2026-05-04 12:50:25
PTP001616,whatsapp_confirmation_sent,2026-05-06 10:24:01
PTP001616,confirmation_reply_yes,2026-05-06 12:29:26
PTP001617,whatsapp_confirmation_sent,2026-05-06 10:16:16
PTP001617,inbound_call_from_customer,2026-05-06 14:15:33
PTP001618,payment_link_sent,2026-05-05 10:18:50
PTP001618,payment_link_opened,2026-05-05 15:51:49
PTP001618,whatsapp_confirmation_sent,2026-05-06 10:28:50
PTP001618,confirmation_reply_yes,2026-05-06 12:49:55
PTP001619,payment_link_sent,2026-05-05 12:05:04
PTP001619,payment_link_opened,2026-05-06 10:14:14
PTP001619,whatsapp_confirmation_sent,2026-05-06 10:24:15
PTP001620,whatsapp_confirmation_sent,2026-05-06 10:05:47
PTP001621,payment_link_sent,2026-05-05 12:37:04
PTP001621,payment_link_opened,2026-05-05 19:26:56
PTP001621,whatsapp_confirmation_sent,2026-05-06 10:16:45
PTP001621,confirmation_reply_yes,2026-05-06 13:56:59
PTP001621,inbound_call_from_customer,2026-05-07 07:59:46
PTP001622,payment_link_sent,2026-05-05 08:24:46
PTP001622,payment_link_opened,2026-05-05 08:49:36
PTP001622,whatsapp_confirmation_sent,2026-05-06 10:16:54
PTP001622,confirmation_reply_yes,2026-05-06 15:17:04
PTP001622,inbound_call_from_customer,2026-05-10 08:45:57
PTP001622,payment_link_opened,2026-05-14 22:23:25
PTP001623,payment_link_sent,2026-05-05 11:05:19
PTP001623,whatsapp_confirmation_sent,2026-05-06 10:12:02
PTP001623,confirmation_reply_yes,2026-05-06 15:44:54
PTP001623,payment_link_opened,2026-05-07 09:54:09
PTP001624,payment_link_sent,2026-05-05 09:43:46
PTP001624,whatsapp_confirmation_sent,2026-05-06 10:28:32
PTP001625,payment_link_sent,2026-05-05 13:04:22
PTP001625,whatsapp_confirmation_sent,2026-05-06 10:26:41
PTP001625,confirmation_reply_no,2026-05-06 11:43:13
PTP001625,inbound_call_from_customer,2026-05-07 01:20:56
PTP001626,whatsapp_confirmation_sent,2026-05-06 10:24:38
PTP001627,payment_link_sent,2026-05-05 09:59:23
PTP001627,payment_link_opened,2026-05-05 21:14:30
PTP001627,whatsapp_confirmation_sent,2026-05-06 10:22:29
PTP001627,confirmation_reply_yes,2026-05-06 15:41:56
PTP001628,payment_link_sent,2026-05-05 12:59:31
PTP001628,whatsapp_confirmation_sent,2026-05-06 10:02:03
PTP001628,confirmation_reply_yes,2026-05-06 12:52:24
PTP001628,payment_link_opened,2026-05-07 12:29:54
PTP001629,payment_link_sent,2026-05-05 08:59:44
PTP001629,payment_link_opened,2026-05-05 11:08:17
PTP001629,whatsapp_confirmation_sent,2026-05-06 10:01:36
PTP001629,confirmation_reply_yes,2026-05-06 12:21:36
PTP001630,whatsapp_confirmation_sent,2026-05-06 10:11:32
PTP001631,whatsapp_confirmation_sent,2026-05-06 10:20:03
PTP001632,whatsapp_confirmation_sent,2026-05-06 10:04:30
PTP001633,payment_link_sent,2026-05-05 12:37:20
PTP001633,whatsapp_confirmation_sent,2026-05-06 10:03:30
PTP001634,whatsapp_confirmation_sent,2026-05-06 10:06:33
PTP001634,confirmation_reply_yes,2026-05-06 13:28:30
PTP001635,whatsapp_confirmation_sent,2026-05-06 10:05:39
PTP001635,confirmation_reply_yes,2026-05-06 15:27:40
PTP001636,payment_link_sent,2026-05-05 08:24:23
PTP001636,whatsapp_confirmation_sent,2026-05-06 10:14:56
PTP001637,whatsapp_confirmation_sent,2026-05-06 10:07:32
PTP001637,confirmation_reply_yes,2026-05-06 11:57:22
PTP001638,payment_link_sent,2026-05-05 09:07:11
PTP001638,payment_link_opened,2026-05-05 18:30:21
PTP001638,whatsapp_confirmation_sent,2026-05-06 10:17:41
PTP001638,payment_link_opened,2026-05-11 13:42:51
PTP001639,payment_link_sent,2026-05-05 09:05:08
PTP001639,whatsapp_confirmation_sent,2026-05-06 10:02:11
PTP001639,confirmation_reply_yes,2026-05-06 11:39:57
PTP001639,payment_link_opened,2026-05-29 10:18:47
PTP001640,payment_link_sent,2026-05-05 08:07:35
PTP001640,whatsapp_confirmation_sent,2026-05-06 10:10:58
PTP001640,confirmation_reply_yes,2026-05-06 12:20:02
PTP001641,whatsapp_confirmation_sent,2026-05-06 10:26:31
PTP001642,whatsapp_confirmation_sent,2026-05-06 10:19:01
PTP001643,whatsapp_confirmation_sent,2026-05-06 10:13:19
PTP001644,whatsapp_confirmation_sent,2026-05-06 10:26:58
PTP001645,payment_link_sent,2026-05-05 08:25:45
PTP001645,whatsapp_confirmation_sent,2026-05-06 10:13:54
PTP001646,whatsapp_confirmation_sent,2026-05-06 10:29:58
PTP001647,payment_link_sent,2026-05-05 08:44:25
PTP001647,payment_link_opened,2026-05-05 12:15:52
PTP001647,whatsapp_confirmation_sent,2026-05-06 10:08:22
PTP001648,payment_link_sent,2026-05-05 09:54:33
PTP001648,whatsapp_confirmation_sent,2026-05-06 10:11:52
PTP001649,payment_link_sent,2026-05-05 11:06:03
PTP001649,whatsapp_confirmation_sent,2026-05-06 10:02:37
PTP001650,payment_link_sent,2026-05-05 09:40:35
PTP001650,payment_link_opened,2026-05-05 12:00:38
PTP001650,whatsapp_confirmation_sent,2026-05-06 10:26:08
PTP001650,confirmation_reply_yes,2026-05-06 13:33:00
PTP001651,payment_link_sent,2026-05-05 12:18:49
PTP001651,whatsapp_confirmation_sent,2026-05-06 10:04:51
PTP001652,payment_link_sent,2026-05-05 14:22:21
PTP001652,payment_link_opened,2026-05-05 15:17:34
PTP001652,whatsapp_confirmation_sent,2026-05-06 10:05:58
PTP001652,confirmation_reply_yes,2026-05-06 11:11:34
PTP001653,payment_link_sent,2026-05-05 16:36:04
PTP001653,payment_link_opened,2026-05-05 21:04:59
PTP001653,whatsapp_confirmation_sent,2026-05-06 10:08:44
PTP001654,payment_link_sent,2026-05-05 15:08:02
PTP001654,whatsapp_confirmation_sent,2026-05-06 10:23:16
PTP001654,confirmation_reply_yes,2026-05-06 15:22:06
PTP001655,whatsapp_confirmation_sent,2026-05-06 10:13:30
PTP001655,confirmation_reply_yes,2026-05-06 14:56:39
PTP001656,payment_link_sent,2026-05-05 15:41:42
PTP001656,whatsapp_confirmation_sent,2026-05-06 10:12:51
PTP001656,confirmation_reply_yes,2026-05-06 13:47:56
PTP001657,payment_link_sent,2026-05-05 16:30:53
PTP001657,whatsapp_confirmation_sent,2026-05-06 10:19:29
PTP001658,whatsapp_confirmation_sent,2026-05-06 10:00:58
PTP001659,payment_link_sent,2026-05-05 12:22:52
PTP001660,payment_link_sent,2026-05-05 10:28:18
PTP001662,payment_link_sent,2026-05-05 13:55:29
PTP001662,payment_link_opened,2026-05-05 15:44:56
PTP001662,payment_link_opened,2026-05-08 11:09:31
PTP001663,payment_link_sent,2026-05-05 11:13:27
PTP001666,payment_link_sent,2026-05-06 08:56:43
PTP001666,payment_link_opened,2026-05-06 20:47:52
PTP001666,whatsapp_confirmation_sent,2026-05-07 10:14:31
PTP001666,inbound_call_from_customer,2026-05-07 11:21:44
PTP001667,whatsapp_confirmation_sent,2026-05-07 10:12:07
PTP001667,confirmation_reply_yes,2026-05-07 10:24:51
PTP001668,payment_link_sent,2026-05-06 08:14:21
PTP001668,payment_link_opened,2026-05-06 13:26:45
PTP001668,whatsapp_confirmation_sent,2026-05-07 10:03:38
PTP001669,whatsapp_confirmation_sent,2026-05-07 10:01:06
PTP001670,payment_link_sent,2026-05-06 08:46:40
PTP001670,payment_link_opened,2026-05-06 13:38:52
PTP001670,whatsapp_confirmation_sent,2026-05-07 10:18:55
PTP001670,confirmation_reply_yes,2026-05-07 12:22:33
PTP001671,whatsapp_confirmation_sent,2026-05-07 10:18:08
PTP001671,confirmation_reply_yes,2026-05-07 15:03:41
PTP001672,payment_link_sent,2026-05-06 08:31:30
PTP001672,payment_link_opened,2026-05-06 09:30:00
PTP001672,whatsapp_confirmation_sent,2026-05-07 10:27:02
PTP001673,payment_link_sent,2026-05-06 10:54:55
PTP001673,whatsapp_confirmation_sent,2026-05-07 10:26:35
PTP001674,whatsapp_confirmation_sent,2026-05-07 10:24:21
PTP001674,confirmation_reply_yes,2026-05-07 12:09:31
PTP001675,payment_link_sent,2026-05-06 11:44:13
PTP001675,whatsapp_confirmation_sent,2026-05-07 10:29:06
PTP001676,payment_link_sent,2026-05-06 08:27:20
PTP001676,payment_link_opened,2026-05-06 08:40:27
PTP001676,whatsapp_confirmation_sent,2026-05-07 10:05:39
PTP001676,payment_link_opened,2026-05-30 14:45:04
PTP001677,payment_link_sent,2026-05-06 10:54:00
PTP001677,payment_link_opened,2026-05-06 14:22:06
PTP001677,whatsapp_confirmation_sent,2026-05-07 10:09:37
PTP001677,confirmation_reply_yes,2026-05-07 14:42:26
PTP001677,payment_link_opened,2026-05-07 21:56:46
PTP001678,payment_link_sent,2026-05-06 11:35:25
PTP001678,whatsapp_confirmation_sent,2026-05-07 10:29:56
PTP001678,confirmation_reply_yes,2026-05-07 11:06:19
PTP001679,payment_link_sent,2026-05-06 08:34:30
PTP001679,payment_link_opened,2026-05-06 09:29:42
PTP001679,whatsapp_confirmation_sent,2026-05-07 10:03:50
PTP001679,confirmation_reply_yes,2026-05-07 12:10:03
PTP001679,payment_link_opened,2026-05-12 10:54:41
PTP001680,whatsapp_confirmation_sent,2026-05-07 10:21:33
PTP001681,payment_link_sent,2026-05-06 08:10:17
PTP001681,whatsapp_confirmation_sent,2026-05-07 10:16:00
PTP001682,payment_link_sent,2026-05-06 11:42:01
PTP001682,whatsapp_confirmation_sent,2026-05-07 10:27:33
PTP001682,payment_link_opened,2026-05-08 14:14:20
PTP001683,whatsapp_confirmation_sent,2026-05-07 10:06:09
PTP001684,payment_link_sent,2026-05-06 11:59:01
PTP001684,whatsapp_confirmation_sent,2026-05-07 10:16:51
PTP001684,payment_link_opened,2026-05-17 17:15:52
PTP001685,payment_link_sent,2026-05-06 08:20:50
PTP001685,payment_link_opened,2026-05-06 08:48:04
PTP001685,whatsapp_confirmation_sent,2026-05-07 10:04:12
PTP001686,payment_link_sent,2026-05-06 10:09:38
PTP001686,payment_link_opened,2026-05-06 12:06:49
PTP001686,whatsapp_confirmation_sent,2026-05-07 10:27:58
PTP001687,whatsapp_confirmation_sent,2026-05-07 10:18:56
PTP001687,confirmation_reply_yes,2026-05-07 11:07:48
PTP001688,payment_link_sent,2026-05-06 11:47:33
PTP001688,whatsapp_confirmation_sent,2026-05-07 10:26:11
PTP001689,payment_link_sent,2026-05-06 11:44:32
PTP001689,payment_link_opened,2026-05-06 13:11:00
PTP001689,whatsapp_confirmation_sent,2026-05-07 10:01:41
PTP001689,confirmation_reply_yes,2026-05-07 12:52:11
PTP001690,payment_link_sent,2026-05-06 08:42:51
PTP001690,whatsapp_confirmation_sent,2026-05-07 10:03:47
PTP001691,whatsapp_confirmation_sent,2026-05-07 10:07:31
PTP001692,whatsapp_confirmation_sent,2026-05-07 10:17:59
PTP001693,payment_link_sent,2026-05-06 08:31:43
PTP001693,payment_link_opened,2026-05-06 08:46:21
PTP001693,whatsapp_confirmation_sent,2026-05-07 10:13:31
PTP001693,payment_link_opened,2026-05-09 18:35:54
PTP001694,payment_link_sent,2026-05-06 09:27:52
PTP001694,whatsapp_confirmation_sent,2026-05-07 10:20:32
PTP001695,payment_link_sent,2026-05-06 11:17:42
PTP001695,payment_link_opened,2026-05-06 15:20:08
PTP001695,whatsapp_confirmation_sent,2026-05-07 10:25:01
PTP001696,whatsapp_confirmation_sent,2026-05-07 10:05:05
PTP001697,whatsapp_confirmation_sent,2026-05-07 10:08:41
PTP001698,payment_link_sent,2026-05-06 12:21:53
PTP001698,payment_link_opened,2026-05-06 16:43:36
PTP001698,whatsapp_confirmation_sent,2026-05-07 10:20:18
PTP001698,payment_link_opened,2026-05-12 14:58:01
PTP001699,payment_link_sent,2026-05-06 10:20:40
PTP001699,payment_link_opened,2026-05-06 14:22:52
PTP001699,whatsapp_confirmation_sent,2026-05-07 10:19:51
PTP001699,confirmation_reply_yes,2026-05-07 13:53:34
PTP001699,payment_link_opened,2026-05-31 11:16:55
PTP001700,whatsapp_confirmation_sent,2026-05-07 10:28:01
PTP001700,confirmation_reply_yes,2026-05-07 12:11:20
PTP001701,payment_link_sent,2026-05-06 09:31:47
PTP001701,payment_link_opened,2026-05-06 10:03:19
PTP001701,payment_link_opened,2026-05-06 14:38:04
PTP001701,whatsapp_confirmation_sent,2026-05-07 10:29:48
PTP001702,payment_link_sent,2026-05-06 12:23:26
PTP001702,payment_link_opened,2026-05-06 14:12:28
PTP001702,whatsapp_confirmation_sent,2026-05-07 10:24:38
PTP001703,whatsapp_confirmation_sent,2026-05-07 10:04:48
PTP001703,confirmation_reply_no,2026-05-07 10:51:11
PTP001704,payment_link_sent,2026-05-06 15:57:31
PTP001704,whatsapp_confirmation_sent,2026-05-07 10:01:21
PTP001704,confirmation_reply_yes,2026-05-07 12:36:20
PTP001705,payment_link_sent,2026-05-06 17:10:31
PTP001705,payment_link_opened,2026-05-07 01:54:21
PTP001705,whatsapp_confirmation_sent,2026-05-07 10:04:43
PTP001706,payment_link_sent,2026-05-06 16:47:33
PTP001706,payment_link_opened,2026-05-06 17:42:12
PTP001706,whatsapp_confirmation_sent,2026-05-07 10:14:01
PTP001706,confirmation_reply_yes,2026-05-07 14:48:16
PTP001706,payment_link_opened,2026-05-09 08:09:12
PTP001707,payment_link_sent,2026-05-06 16:25:47
PTP001707,payment_link_opened,2026-05-06 20:51:20
PTP001707,whatsapp_confirmation_sent,2026-05-07 10:10:43
PTP001708,payment_link_sent,2026-05-06 13:16:00
PTP001708,payment_link_opened,2026-05-06 13:38:57
PTP001708,whatsapp_confirmation_sent,2026-05-07 10:15:21
PTP001709,payment_link_sent,2026-05-06 15:02:12
PTP001709,whatsapp_confirmation_sent,2026-05-07 10:03:09
PTP001710,whatsapp_confirmation_sent,2026-05-07 10:08:45
PTP001710,confirmation_reply_yes,2026-05-07 15:16:28
PTP001710,inbound_call_from_customer,2026-05-07 16:11:14
PTP001711,whatsapp_confirmation_sent,2026-05-07 10:06:33
PTP001711,confirmation_reply_yes,2026-05-07 14:04:26
PTP001712,payment_link_sent,2026-05-06 17:03:39
PTP001712,whatsapp_confirmation_sent,2026-05-07 10:15:59
PTP001712,confirmation_reply_no,2026-05-07 14:29:29
PTP001712,payment_link_opened,2026-05-18 21:27:18
PTP001714,payment_link_sent,2026-05-06 13:05:50
PTP001714,payment_link_opened,2026-05-16 15:58:16
PTP001717,inbound_call_from_customer,2026-05-07 07:32:34
PTP001720,payment_link_sent,2026-05-06 10:10:59
PTP001722,payment_link_sent,2026-05-07 08:10:01
PTP001722,whatsapp_confirmation_sent,2026-05-08 10:21:09
PTP001723,whatsapp_confirmation_sent,2026-05-08 10:23:01
PTP001724,whatsapp_confirmation_sent,2026-05-08 10:11:51
PTP001725,whatsapp_confirmation_sent,2026-05-08 10:07:21
PTP001726,payment_link_sent,2026-05-07 11:04:39
PTP001726,payment_link_opened,2026-05-07 19:51:45
PTP001726,whatsapp_confirmation_sent,2026-05-08 10:25:21
PTP001726,confirmation_reply_yes,2026-05-08 11:21:36
PTP001727,whatsapp_confirmation_sent,2026-05-08 10:16:03
PTP001728,whatsapp_confirmation_sent,2026-05-08 10:12:18
PTP001728,confirmation_reply_yes,2026-05-08 13:59:13
PTP001729,payment_link_sent,2026-05-07 12:06:17
PTP001729,inbound_call_from_customer,2026-05-07 17:56:49
PTP001729,whatsapp_confirmation_sent,2026-05-08 10:07:23
PTP001729,confirmation_reply_no,2026-05-08 12:12:19
PTP001729,payment_link_opened,2026-05-10 17:13:43
PTP001730,payment_link_sent,2026-05-07 12:55:30
PTP001730,whatsapp_confirmation_sent,2026-05-08 10:05:08
PTP001731,whatsapp_confirmation_sent,2026-05-08 10:01:20
PTP001731,confirmation_reply_yes,2026-05-08 10:04:45
PTP001732,payment_link_sent,2026-05-07 08:46:13
PTP001732,whatsapp_confirmation_sent,2026-05-08 10:25:13
PTP001733,payment_link_sent,2026-05-07 10:45:00
PTP001733,whatsapp_confirmation_sent,2026-05-08 10:07:42
PTP001733,confirmation_reply_yes,2026-05-08 14:11:18
PTP001734,payment_link_sent,2026-05-07 12:29:47
PTP001734,payment_link_opened,2026-05-07 19:04:12
PTP001734,whatsapp_confirmation_sent,2026-05-08 10:19:14
PTP001735,payment_link_sent,2026-05-07 11:41:22
PTP001735,whatsapp_confirmation_sent,2026-05-08 10:15:03
PTP001736,whatsapp_confirmation_sent,2026-05-08 10:04:21
PTP001737,payment_link_sent,2026-05-07 11:46:51
PTP001737,payment_link_opened,2026-05-07 14:39:18
PTP001737,whatsapp_confirmation_sent,2026-05-08 10:25:26
PTP001737,payment_link_opened,2026-05-12 10:43:49
PTP001738,payment_link_sent,2026-05-07 10:15:57
PTP001738,payment_link_opened,2026-05-07 11:18:09
PTP001738,payment_link_opened,2026-05-07 11:22:49
PTP001738,whatsapp_confirmation_sent,2026-05-08 10:09:05
PTP001738,confirmation_reply_no,2026-05-08 14:58:31
PTP001739,payment_link_sent,2026-05-07 10:02:13
PTP001739,whatsapp_confirmation_sent,2026-05-08 10:29:08
PTP001740,payment_link_sent,2026-05-07 12:51:00
PTP001740,payment_link_opened,2026-05-07 18:48:27
PTP001740,whatsapp_confirmation_sent,2026-05-08 10:12:01
PTP001741,payment_link_sent,2026-05-07 09:59:17
PTP001741,payment_link_opened,2026-05-07 12:43:41
PTP001741,whatsapp_confirmation_sent,2026-05-08 10:27:59
PTP001742,whatsapp_confirmation_sent,2026-05-08 10:15:41
PTP001743,payment_link_sent,2026-05-07 10:37:00
PTP001743,whatsapp_confirmation_sent,2026-05-08 10:28:02
PTP001743,payment_link_opened,2026-05-14 11:13:23
PTP001744,inbound_call_from_customer,2026-05-07 20:17:53
PTP001744,whatsapp_confirmation_sent,2026-05-08 10:01:20
PTP001744,confirmation_reply_yes,2026-05-08 13:39:44
PTP001745,whatsapp_confirmation_sent,2026-05-08 10:01:06
PTP001745,confirmation_reply_yes,2026-05-08 11:23:37
PTP001746,payment_link_sent,2026-05-07 10:43:02
PTP001746,payment_link_opened,2026-05-07 11:39:38
PTP001746,whatsapp_confirmation_sent,2026-05-08 10:24:57
PTP001746,payment_link_opened,2026-05-09 21:26:13
PTP001747,payment_link_sent,2026-05-07 10:25:47
PTP001747,whatsapp_confirmation_sent,2026-05-08 10:24:13
PTP001748,payment_link_sent,2026-05-07 08:43:05
PTP001748,payment_link_opened,2026-05-07 10:06:27
PTP001748,whatsapp_confirmation_sent,2026-05-08 10:29:59
PTP001748,confirmation_reply_yes,2026-05-08 14:24:32
PTP001748,payment_link_opened,2026-06-08 14:14:16
PTP001749,payment_link_sent,2026-05-07 12:02:21
PTP001749,whatsapp_confirmation_sent,2026-05-08 10:28:43
PTP001750,whatsapp_confirmation_sent,2026-05-08 10:10:08
PTP001750,confirmation_reply_yes,2026-05-08 14:59:31
PTP001751,payment_link_sent,2026-05-07 09:06:42
PTP001751,payment_link_opened,2026-05-07 15:26:39
PTP001751,whatsapp_confirmation_sent,2026-05-08 10:28:31
PTP001751,confirmation_reply_yes,2026-05-08 12:09:29
PTP001751,payment_link_opened,2026-05-30 20:44:08
PTP001752,whatsapp_confirmation_sent,2026-05-08 10:04:52
PTP001753,payment_link_sent,2026-05-07 10:42:15
PTP001753,whatsapp_confirmation_sent,2026-05-08 10:05:36
PTP001754,whatsapp_confirmation_sent,2026-05-08 10:19:56
PTP001754,confirmation_reply_no,2026-05-08 11:32:59
PTP001755,whatsapp_confirmation_sent,2026-05-08 10:21:53
PTP001756,payment_link_sent,2026-05-07 10:19:28
PTP001756,whatsapp_confirmation_sent,2026-05-08 10:03:49
PTP001756,payment_link_opened,2026-05-21 15:28:52
PTP001757,payment_link_sent,2026-05-07 14:27:50
PTP001757,whatsapp_confirmation_sent,2026-05-08 10:17:16
PTP001758,payment_link_sent,2026-05-07 13:52:50
PTP001758,whatsapp_confirmation_sent,2026-05-08 10:28:28
PTP001759,whatsapp_confirmation_sent,2026-05-08 10:17:41
PTP001760,whatsapp_confirmation_sent,2026-05-08 10:06:34
PTP001761,whatsapp_confirmation_sent,2026-05-08 10:15:00
PTP001761,confirmation_reply_yes,2026-05-08 13:21:51
PTP001763,payment_link_sent,2026-05-07 14:29:04
PTP001763,payment_link_opened,2026-05-29 20:49:25
PTP001764,inbound_call_from_customer,2026-05-07 14:47:06
PTP001765,payment_link_sent,2026-05-07 10:53:59
PTP001766,payment_link_sent,2026-05-07 10:55:50
PTP001766,payment_link_opened,2026-05-09 20:25:44
PTP001769,payment_link_sent,2026-05-07 11:49:45
PTP001770,payment_link_sent,2026-05-07 12:04:12
PTP001770,payment_link_opened,2026-05-07 19:29:01
PTP001772,payment_link_sent,2026-05-08 10:38:27
PTP001772,whatsapp_confirmation_sent,2026-05-09 10:27:44
PTP001772,inbound_call_from_customer,2026-05-13 11:56:00
PTP001773,whatsapp_confirmation_sent,2026-05-09 10:16:31
PTP001773,confirmation_reply_no,2026-05-09 14:40:46
PTP001774,whatsapp_confirmation_sent,2026-05-09 10:03:09
PTP001775,payment_link_sent,2026-05-08 09:18:23
PTP001775,whatsapp_confirmation_sent,2026-05-09 10:14:43
PTP001775,confirmation_reply_yes,2026-05-09 14:42:44
PTP001776,payment_link_sent,2026-05-08 08:58:32
PTP001776,whatsapp_confirmation_sent,2026-05-09 10:01:48
PTP001777,payment_link_sent,2026-05-08 12:25:36
PTP001777,whatsapp_confirmation_sent,2026-05-09 10:15:08
PTP001778,payment_link_sent,2026-05-08 08:23:01
PTP001778,payment_link_opened,2026-05-08 09:01:03
PTP001778,whatsapp_confirmation_sent,2026-05-09 10:11:22
PTP001778,payment_link_opened,2026-05-19 09:04:52
PTP001779,payment_link_sent,2026-05-08 10:15:54
PTP001779,whatsapp_confirmation_sent,2026-05-09 10:15:45
PTP001780,payment_link_sent,2026-05-08 11:27:51
PTP001780,whatsapp_confirmation_sent,2026-05-09 10:12:20
PTP001781,whatsapp_confirmation_sent,2026-05-09 10:27:46
PTP001781,confirmation_reply_yes,2026-05-09 13:42:59
PTP001782,payment_link_sent,2026-05-08 08:35:47
PTP001782,payment_link_opened,2026-05-08 09:37:16
PTP001782,whatsapp_confirmation_sent,2026-05-09 10:10:36
PTP001782,confirmation_reply_yes,2026-05-09 11:12:00
PTP001783,payment_link_sent,2026-05-08 09:43:22
PTP001783,payment_link_opened,2026-05-08 15:16:25
PTP001783,whatsapp_confirmation_sent,2026-05-09 10:20:16
PTP001783,confirmation_reply_yes,2026-05-09 14:51:00
PTP001784,payment_link_sent,2026-05-08 10:59:19
PTP001784,whatsapp_confirmation_sent,2026-05-09 10:04:36
PTP001785,payment_link_sent,2026-05-08 10:03:29
PTP001785,payment_link_opened,2026-05-08 12:49:45
PTP001785,whatsapp_confirmation_sent,2026-05-09 10:20:45
PTP001786,payment_link_sent,2026-05-08 09:49:36
PTP001786,whatsapp_confirmation_sent,2026-05-09 10:20:10
PTP001787,whatsapp_confirmation_sent,2026-05-09 10:24:57
PTP001787,confirmation_reply_yes,2026-05-09 10:32:59
PTP001787,inbound_call_from_customer,2026-05-21 17:14:21
PTP001788,payment_link_sent,2026-05-08 09:57:12
PTP001788,whatsapp_confirmation_sent,2026-05-09 10:07:14
PTP001789,payment_link_sent,2026-05-08 08:05:08
PTP001789,whatsapp_confirmation_sent,2026-05-09 10:23:53
PTP001789,confirmation_reply_yes,2026-05-09 15:49:56
PTP001790,payment_link_sent,2026-05-08 10:01:24
PTP001790,whatsapp_confirmation_sent,2026-05-09 10:04:43
PTP001790,confirmation_reply_yes,2026-05-09 10:42:15
PTP001791,whatsapp_confirmation_sent,2026-05-09 10:10:53
PTP001791,confirmation_reply_yes,2026-05-09 11:27:59
PTP001792,payment_link_sent,2026-05-08 08:49:17
PTP001792,payment_link_opened,2026-05-08 21:22:54
PTP001792,whatsapp_confirmation_sent,2026-05-09 10:21:42
PTP001792,confirmation_reply_yes,2026-05-09 14:31:31
PTP001793,payment_link_sent,2026-05-08 08:41:48
PTP001793,whatsapp_confirmation_sent,2026-05-09 10:09:12
PTP001794,payment_link_sent,2026-05-08 11:39:42
PTP001794,whatsapp_confirmation_sent,2026-05-09 10:04:19
PTP001795,whatsapp_confirmation_sent,2026-05-09 10:17:20
PTP001796,whatsapp_confirmation_sent,2026-05-09 10:13:11
PTP001796,confirmation_reply_no,2026-05-09 14:22:55
PTP001797,inbound_call_from_customer,2026-05-08 21:25:14
PTP001797,whatsapp_confirmation_sent,2026-05-09 10:12:09
PTP001797,confirmation_reply_no,2026-05-09 13:11:36
PTP001798,whatsapp_confirmation_sent,2026-05-09 10:19:56
PTP001799,payment_link_sent,2026-05-08 08:34:08
PTP001799,whatsapp_confirmation_sent,2026-05-09 10:27:57
PTP001799,confirmation_reply_yes,2026-05-09 15:52:09
PTP001799,payment_link_opened,2026-05-09 22:10:01
PTP001800,payment_link_sent,2026-05-08 11:15:14
PTP001800,whatsapp_confirmation_sent,2026-05-09 10:05:12
PTP001800,payment_link_opened,2026-05-14 19:31:00
PTP001801,payment_link_sent,2026-05-08 08:06:24
PTP001801,payment_link_opened,2026-05-08 08:21:06
PTP001801,whatsapp_confirmation_sent,2026-05-09 10:02:54
PTP001801,payment_link_opened,2026-05-10 14:26:04
PTP001802,payment_link_sent,2026-05-08 17:32:25
PTP001802,payment_link_opened,2026-05-08 19:59:27
PTP001802,payment_link_opened,2026-05-08 20:06:43
PTP001802,whatsapp_confirmation_sent,2026-05-09 10:11:01
PTP001803,payment_link_sent,2026-05-08 17:57:06
PTP001803,whatsapp_confirmation_sent,2026-05-09 10:26:52
PTP001803,payment_link_opened,2026-05-10 15:20:53
PTP001804,payment_link_sent,2026-05-08 16:20:54
PTP001804,payment_link_opened,2026-05-08 21:12:47
PTP001804,whatsapp_confirmation_sent,2026-05-09 10:17:53
PTP001804,payment_link_opened,2026-05-15 12:10:14
PTP001805,payment_link_sent,2026-05-08 18:20:15
PTP001805,payment_link_opened,2026-05-08 18:36:46
PTP001805,whatsapp_confirmation_sent,2026-05-09 10:17:22
PTP001805,payment_link_opened,2026-05-09 22:31:34
PTP001806,payment_link_sent,2026-05-08 16:17:25
PTP001806,whatsapp_confirmation_sent,2026-05-09 10:25:15
PTP001806,payment_link_opened,2026-05-16 15:44:55
PTP001807,whatsapp_confirmation_sent,2026-05-09 10:00:26
PTP001808,payment_link_sent,2026-05-08 15:36:18
PTP001808,whatsapp_confirmation_sent,2026-05-09 10:02:20
PTP001809,payment_link_sent,2026-05-08 18:53:06
PTP001809,payment_link_opened,2026-05-09 02:42:11
PTP001809,whatsapp_confirmation_sent,2026-05-09 10:18:10
PTP001810,payment_link_sent,2026-05-08 18:41:26
PTP001810,payment_link_opened,2026-05-08 23:40:23
PTP001810,whatsapp_confirmation_sent,2026-05-09 10:06:58
PTP001814,payment_link_sent,2026-05-08 10:12:30
PTP001814,payment_link_opened,2026-05-08 18:16:39
PTP001818,inbound_call_from_customer,2026-05-09 05:37:23
PTP001822,payment_link_sent,2026-05-09 12:42:41
PTP001822,payment_link_opened,2026-05-09 15:54:03
PTP001822,whatsapp_confirmation_sent,2026-05-10 10:21:21
PTP001822,confirmation_reply_yes,2026-05-10 13:35:14
PTP001822,payment_link_opened,2026-05-15 14:23:23
PTP001823,payment_link_sent,2026-05-09 08:38:11
PTP001823,payment_link_opened,2026-05-09 19:21:35
PTP001823,whatsapp_confirmation_sent,2026-05-10 10:17:10
PTP001823,confirmation_reply_yes,2026-05-10 12:46:00
PTP001824,payment_link_sent,2026-05-09 08:05:28
PTP001824,payment_link_opened,2026-05-09 10:43:34
PTP001824,payment_link_opened,2026-05-09 10:47:15
PTP001824,inbound_call_from_customer,2026-05-09 18:03:15
PTP001824,whatsapp_confirmation_sent,2026-05-10 10:20:46
PTP001824,confirmation_reply_yes,2026-05-10 11:21:37
PTP001825,whatsapp_confirmation_sent,2026-05-10 10:17:30
PTP001825,confirmation_reply_yes,2026-05-10 14:31:28
PTP001826,whatsapp_confirmation_sent,2026-05-10 10:13:21
PTP001827,payment_link_sent,2026-05-09 10:37:27
PTP001827,whatsapp_confirmation_sent,2026-05-10 10:10:44
PTP001828,payment_link_sent,2026-05-09 08:08:19
PTP001828,whatsapp_confirmation_sent,2026-05-10 10:02:55
PTP001828,confirmation_reply_yes,2026-05-10 12:14:21
PTP001828,payment_link_opened,2026-05-14 16:44:13
PTP001829,whatsapp_confirmation_sent,2026-05-10 10:08:38
PTP001829,confirmation_reply_yes,2026-05-10 14:27:01
PTP001830,payment_link_sent,2026-05-09 08:58:36
PTP001830,whatsapp_confirmation_sent,2026-05-10 10:26:01
PTP001831,inbound_call_from_customer,2026-05-10 07:41:23
PTP001831,whatsapp_confirmation_sent,2026-05-10 10:08:57
PTP001831,confirmation_reply_no,2026-05-10 11:34:01
PTP001832,payment_link_sent,2026-05-09 10:30:26
PTP001832,whatsapp_confirmation_sent,2026-05-10 10:29:33
PTP001833,payment_link_sent,2026-05-09 09:06:31
PTP001833,whatsapp_confirmation_sent,2026-05-10 10:06:04
PTP001833,payment_link_opened,2026-05-22 20:14:00
PTP001834,payment_link_sent,2026-05-09 12:11:44
PTP001834,whatsapp_confirmation_sent,2026-05-10 10:21:33
PTP001835,payment_link_sent,2026-05-09 09:03:51
PTP001835,whatsapp_confirmation_sent,2026-05-10 10:22:42
PTP001836,payment_link_sent,2026-05-09 09:23:24
PTP001836,whatsapp_confirmation_sent,2026-05-10 10:23:44
PTP001836,confirmation_reply_yes,2026-05-10 13:35:37
PTP001836,payment_link_opened,2026-05-28 17:26:50
PTP001837,payment_link_sent,2026-05-09 12:41:32
PTP001837,whatsapp_confirmation_sent,2026-05-10 10:00:51
PTP001838,whatsapp_confirmation_sent,2026-05-10 10:16:49
PTP001838,confirmation_reply_yes,2026-05-10 12:34:20
PTP001839,payment_link_sent,2026-05-09 08:35:00
PTP001839,whatsapp_confirmation_sent,2026-05-10 10:19:52
PTP001840,whatsapp_confirmation_sent,2026-05-10 10:12:44
PTP001841,whatsapp_confirmation_sent,2026-05-10 10:20:27
PTP001842,payment_link_sent,2026-05-09 11:29:07
PTP001842,whatsapp_confirmation_sent,2026-05-10 10:21:41
PTP001843,whatsapp_confirmation_sent,2026-05-10 10:22:45
PTP001844,payment_link_sent,2026-05-09 08:18:52
PTP001844,whatsapp_confirmation_sent,2026-05-10 10:12:50
PTP001844,confirmation_reply_yes,2026-05-10 10:21:39
PTP001844,inbound_call_from_customer,2026-05-11 05:14:19
PTP001844,payment_link_opened,2026-05-13 21:44:28
PTP001845,payment_link_sent,2026-05-09 09:46:34
PTP001845,whatsapp_confirmation_sent,2026-05-10 10:10:48
PTP001846,payment_link_sent,2026-05-09 12:55:27
PTP001846,whatsapp_confirmation_sent,2026-05-10 10:19:40
PTP001846,confirmation_reply_yes,2026-05-10 12:24:38
PTP001846,payment_link_opened,2026-05-12 13:16:02
PTP001847,whatsapp_confirmation_sent,2026-05-10 10:03:28
PTP001848,payment_link_sent,2026-05-09 11:55:26
PTP001848,whatsapp_confirmation_sent,2026-05-10 10:25:49
PTP001848,payment_link_opened,2026-05-10 11:06:36
PTP001849,payment_link_sent,2026-05-09 11:19:38
PTP001849,payment_link_opened,2026-05-09 11:23:57
PTP001849,payment_link_opened,2026-05-09 13:59:53
PTP001849,whatsapp_confirmation_sent,2026-05-10 10:10:12
PTP001850,payment_link_sent,2026-05-09 08:38:49
PTP001850,whatsapp_confirmation_sent,2026-05-10 10:16:15
PTP001851,payment_link_sent,2026-05-09 10:19:34
PTP001851,payment_link_opened,2026-05-09 12:49:59
PTP001851,whatsapp_confirmation_sent,2026-05-10 10:29:26
PTP001851,confirmation_reply_yes,2026-05-10 11:45:00
PTP001852,payment_link_sent,2026-05-09 09:09:01
PTP001852,whatsapp_confirmation_sent,2026-05-10 10:02:00
PTP001853,payment_link_sent,2026-05-09 09:22:33
PTP001853,whatsapp_confirmation_sent,2026-05-10 10:23:11
PTP001853,confirmation_reply_yes,2026-05-10 15:31:54
PTP001854,payment_link_sent,2026-05-09 08:58:18
PTP001854,whatsapp_confirmation_sent,2026-05-10 10:12:26
PTP001855,payment_link_sent,2026-05-09 12:10:42
PTP001855,payment_link_opened,2026-05-09 12:11:12
PTP001855,whatsapp_confirmation_sent,2026-05-10 10:05:19
PTP001856,whatsapp_confirmation_sent,2026-05-10 10:18:48
PTP001857,whatsapp_confirmation_sent,2026-05-10 10:18:40
PTP001857,confirmation_reply_no,2026-05-10 15:05:53
PTP001858,payment_link_sent,2026-05-09 14:27:50
PTP001858,whatsapp_confirmation_sent,2026-05-10 10:06:09
PTP001858,payment_link_opened,2026-05-20 10:15:52
PTP001859,payment_link_sent,2026-05-09 16:21:55
PTP001859,payment_link_opened,2026-05-09 21:32:51
PTP001859,whatsapp_confirmation_sent,2026-05-10 10:08:47
PTP001859,payment_link_opened,2026-05-21 18:23:01
PTP001860,whatsapp_confirmation_sent,2026-05-10 10:18:00
PTP001860,confirmation_reply_yes,2026-05-10 15:13:43
PTP001861,payment_link_sent,2026-05-09 18:14:49
PTP001861,whatsapp_confirmation_sent,2026-05-10 10:29:46
PTP001861,confirmation_reply_yes,2026-05-10 15:53:29
PTP001861,payment_link_opened,2026-05-17 22:34:15
PTP001862,whatsapp_confirmation_sent,2026-05-10 10:09:40
PTP001863,payment_link_sent,2026-05-09 17:17:30
PTP001863,whatsapp_confirmation_sent,2026-05-10 10:09:11
PTP001864,whatsapp_confirmation_sent,2026-05-10 10:00:45
PTP001868,payment_link_sent,2026-05-09 13:24:39
PTP001869,payment_link_sent,2026-05-09 11:01:27
PTP001869,payment_link_opened,2026-05-09 11:34:54
PTP001876,payment_link_sent,2026-05-09 11:48:32
PTP001877,payment_link_sent,2026-05-09 12:45:02
PTP001879,payment_link_sent,2026-05-10 12:48:23
PTP001879,payment_link_opened,2026-05-11 04:38:03
PTP001879,whatsapp_confirmation_sent,2026-05-11 10:28:05
PTP001879,confirmation_reply_yes,2026-05-11 15:40:26
PTP001880,payment_link_sent,2026-05-10 11:02:34
PTP001880,whatsapp_confirmation_sent,2026-05-11 10:04:27
PTP001881,payment_link_sent,2026-05-10 08:30:33
PTP001881,whatsapp_confirmation_sent,2026-05-11 10:13:53
PTP001882,payment_link_sent,2026-05-10 11:52:53
PTP001882,whatsapp_confirmation_sent,2026-05-11 10:24:16
PTP001882,confirmation_reply_no,2026-05-11 13:00:16
PTP001882,payment_link_opened,2026-05-21 18:17:04
PTP001883,payment_link_sent,2026-05-10 09:19:24
PTP001883,whatsapp_confirmation_sent,2026-05-11 10:10:53
PTP001883,confirmation_reply_yes,2026-05-11 13:51:42
PTP001884,payment_link_sent,2026-05-10 10:09:27
PTP001884,whatsapp_confirmation_sent,2026-05-11 10:29:35
PTP001885,payment_link_sent,2026-05-10 12:04:50
PTP001885,whatsapp_confirmation_sent,2026-05-11 10:07:59
PTP001885,confirmation_reply_no,2026-05-11 12:34:15
PTP001885,payment_link_opened,2026-05-17 12:18:18
PTP001886,payment_link_sent,2026-05-10 17:26:15
PTP001886,whatsapp_confirmation_sent,2026-05-11 10:07:46
PTP001887,whatsapp_confirmation_sent,2026-05-11 10:15:29
PTP001888,payment_link_sent,2026-05-10 16:49:53
PTP001888,whatsapp_confirmation_sent,2026-05-11 10:29:56
PTP001889,payment_link_sent,2026-05-11 10:35:56
PTP001889,inbound_call_from_customer,2026-05-12 01:53:25
PTP001889,whatsapp_confirmation_sent,2026-05-12 10:02:24
PTP001890,payment_link_sent,2026-05-11 08:06:20
PTP001890,payment_link_opened,2026-05-11 09:09:04
PTP001890,whatsapp_confirmation_sent,2026-05-12 10:08:55
PTP001891,payment_link_sent,2026-05-11 10:38:43
PTP001891,whatsapp_confirmation_sent,2026-05-12 10:16:07
PTP001891,confirmation_reply_yes,2026-05-12 14:32:26
PTP001891,payment_link_opened,2026-05-17 11:55:36
PTP001892,payment_link_sent,2026-05-11 09:04:23
PTP001892,whatsapp_confirmation_sent,2026-05-12 10:21:55
PTP001893,payment_link_sent,2026-05-11 08:16:51
PTP001893,payment_link_opened,2026-05-11 10:33:18
PTP001893,whatsapp_confirmation_sent,2026-05-12 10:21:52
PTP001894,payment_link_sent,2026-05-11 10:01:49
PTP001894,whatsapp_confirmation_sent,2026-05-12 10:04:31
PTP001895,payment_link_sent,2026-05-11 13:03:41
PTP001895,whatsapp_confirmation_sent,2026-05-12 10:13:35
PTP001896,payment_link_sent,2026-05-11 09:57:59
PTP001896,payment_link_opened,2026-05-11 13:04:23
PTP001896,whatsapp_confirmation_sent,2026-05-12 10:27:16
PTP001896,payment_link_opened,2026-05-27 16:31:13
PTP001897,payment_link_sent,2026-05-11 11:07:38
PTP001897,payment_link_opened,2026-05-11 17:05:58
PTP001897,whatsapp_confirmation_sent,2026-05-12 10:25:12
PTP001897,inbound_call_from_customer,2026-05-17 19:04:38
PTP001897,payment_link_opened,2026-05-18 08:00:47
PTP001898,whatsapp_confirmation_sent,2026-05-12 10:06:47
PTP001899,payment_link_sent,2026-05-11 10:05:52
PTP001899,whatsapp_confirmation_sent,2026-05-12 10:13:33
PTP001899,confirmation_reply_no,2026-05-12 11:52:24
PTP001900,payment_link_sent,2026-05-11 12:46:34
PTP001900,whatsapp_confirmation_sent,2026-05-12 10:04:19
PTP001901,payment_link_sent,2026-05-11 13:04:16
PTP001901,payment_link_opened,2026-05-11 13:04:46
PTP001901,whatsapp_confirmation_sent,2026-05-12 10:22:17
PTP001901,confirmation_reply_no,2026-05-12 14:17:53
PTP001902,payment_link_sent,2026-05-11 08:58:51
PTP001902,payment_link_opened,2026-05-11 11:31:24
PTP001902,whatsapp_confirmation_sent,2026-05-12 10:06:52
PTP001902,payment_link_opened,2026-05-17 22:03:08
PTP001903,payment_link_sent,2026-05-11 12:26:59
PTP001903,payment_link_opened,2026-05-11 18:49:27
PTP001903,whatsapp_confirmation_sent,2026-05-12 10:17:26
PTP001904,payment_link_sent,2026-05-11 11:30:53
PTP001904,whatsapp_confirmation_sent,2026-05-12 10:10:38
PTP001905,whatsapp_confirmation_sent,2026-05-12 10:23:18
PTP001905,confirmation_reply_yes,2026-05-12 13:27:27
PTP001906,payment_link_sent,2026-05-11 10:07:44
PTP001906,payment_link_opened,2026-05-11 14:13:10
PTP001906,whatsapp_confirmation_sent,2026-05-12 10:26:05
PTP001907,whatsapp_confirmation_sent,2026-05-12 10:18:33
PTP001908,payment_link_sent,2026-05-11 12:45:23
PTP001908,whatsapp_confirmation_sent,2026-05-12 10:28:09
PTP001909,whatsapp_confirmation_sent,2026-05-12 10:25:42
PTP001910,payment_link_sent,2026-05-11 11:34:35
PTP001910,whatsapp_confirmation_sent,2026-05-12 10:20:24
PTP001911,payment_link_sent,2026-05-11 11:28:42
PTP001911,payment_link_opened,2026-05-11 11:45:11
PTP001911,whatsapp_confirmation_sent,2026-05-12 10:21:25
PTP001911,payment_link_opened,2026-05-22 11:05:36
PTP001912,whatsapp_confirmation_sent,2026-05-12 10:18:51
PTP001913,payment_link_sent,2026-05-11 14:18:34
PTP001913,whatsapp_confirmation_sent,2026-05-12 10:09:28
PTP001914,payment_link_sent,2026-05-11 17:23:53
PTP001914,whatsapp_confirmation_sent,2026-05-12 10:28:59
PTP001915,payment_link_sent,2026-05-11 18:11:25
PTP001915,payment_link_opened,2026-05-11 21:30:09
PTP001915,whatsapp_confirmation_sent,2026-05-12 10:13:11
PTP001915,payment_link_opened,2026-05-13 17:36:52
PTP001916,whatsapp_confirmation_sent,2026-05-12 10:17:29
PTP001916,confirmation_reply_yes,2026-05-12 12:08:56
PTP001917,payment_link_sent,2026-05-11 13:23:10
PTP001917,whatsapp_confirmation_sent,2026-05-12 10:19:43
PTP001917,confirmation_reply_yes,2026-05-12 13:30:33
PTP001917,payment_link_opened,2026-05-13 21:48:09
PTP001918,payment_link_sent,2026-05-11 16:45:37
PTP001918,whatsapp_confirmation_sent,2026-05-12 10:16:09
PTP001918,confirmation_reply_yes,2026-05-12 13:45:09
PTP001919,payment_link_sent,2026-05-11 18:30:37
PTP001919,payment_link_opened,2026-05-12 01:47:08
PTP001919,whatsapp_confirmation_sent,2026-05-12 10:23:20
PTP001919,confirmation_reply_yes,2026-05-12 12:53:14
PTP001919,payment_link_opened,2026-06-01 20:05:56
PTP001920,payment_link_sent,2026-05-11 18:03:06
PTP001920,payment_link_opened,2026-05-12 01:26:28
PTP001920,whatsapp_confirmation_sent,2026-05-12 10:29:17
PTP001920,payment_link_opened,2026-05-16 11:37:25
PTP001925,payment_link_sent,2026-05-11 11:48:55
PTP001925,payment_link_opened,2026-05-11 13:28:31
PTP001926,payment_link_sent,2026-05-12 12:15:21
PTP001926,whatsapp_confirmation_sent,2026-05-13 10:11:59
PTP001927,payment_link_sent,2026-05-12 12:06:41
PTP001927,whatsapp_confirmation_sent,2026-05-13 10:20:20
PTP001928,payment_link_sent,2026-05-12 08:23:51
PTP001928,whatsapp_confirmation_sent,2026-05-13 10:23:45
PTP001928,payment_link_opened,2026-05-17 11:51:21
PTP001929,payment_link_sent,2026-05-12 09:54:20
PTP001929,payment_link_opened,2026-05-12 16:48:47
PTP001929,whatsapp_confirmation_sent,2026-05-13 10:13:09
PTP001929,payment_link_opened,2026-05-26 14:28:25
PTP001930,payment_link_sent,2026-05-12 09:45:11
PTP001930,payment_link_opened,2026-05-12 10:26:35
PTP001930,whatsapp_confirmation_sent,2026-05-13 10:17:55
PTP001931,payment_link_sent,2026-05-12 11:52:17
PTP001931,payment_link_opened,2026-05-12 15:30:22
PTP001931,whatsapp_confirmation_sent,2026-05-13 10:15:51
PTP001931,confirmation_reply_yes,2026-05-13 12:41:02
PTP001931,payment_link_opened,2026-05-13 20:45:22
PTP001932,whatsapp_confirmation_sent,2026-05-13 10:07:37
PTP001932,confirmation_reply_yes,2026-05-13 13:28:29
PTP001933,payment_link_sent,2026-05-12 08:28:28
PTP001933,whatsapp_confirmation_sent,2026-05-13 10:26:40
PTP001933,confirmation_reply_no,2026-05-13 14:55:41
PTP001934,payment_link_sent,2026-05-12 12:12:16
PTP001934,whatsapp_confirmation_sent,2026-05-13 10:04:37
PTP001934,payment_link_opened,2026-05-18 16:10:31
PTP001935,payment_link_sent,2026-05-12 10:03:33
PTP001935,payment_link_opened,2026-05-12 22:49:48
PTP001935,whatsapp_confirmation_sent,2026-05-13 10:19:59
PTP001935,confirmation_reply_yes,2026-05-13 12:15:12
PTP001936,payment_link_sent,2026-05-12 09:11:46
PTP001936,whatsapp_confirmation_sent,2026-05-13 10:18:15
PTP001937,payment_link_sent,2026-05-12 09:12:11
PTP001937,whatsapp_confirmation_sent,2026-05-13 10:18:09
PTP001938,payment_link_sent,2026-05-12 10:10:38
PTP001938,whatsapp_confirmation_sent,2026-05-13 10:22:03
PTP001939,payment_link_sent,2026-05-12 11:14:20
PTP001939,whatsapp_confirmation_sent,2026-05-13 10:22:01
PTP001940,payment_link_sent,2026-05-12 11:34:49
PTP001940,payment_link_opened,2026-05-12 11:41:56
PTP001940,whatsapp_confirmation_sent,2026-05-13 10:16:13
PTP001941,payment_link_sent,2026-05-12 12:02:11
PTP001941,whatsapp_confirmation_sent,2026-05-13 10:06:04
PTP001941,inbound_call_from_customer,2026-05-14 10:56:32
PTP001942,whatsapp_confirmation_sent,2026-05-13 10:10:03
PTP001943,whatsapp_confirmation_sent,2026-05-13 10:20:50
PTP001943,confirmation_reply_yes,2026-05-13 11:57:47
PTP001944,whatsapp_confirmation_sent,2026-05-13 10:17:10
PTP001945,payment_link_sent,2026-05-12 10:10:23
PTP001945,whatsapp_confirmation_sent,2026-05-13 10:22:31
PTP001946,payment_link_sent,2026-05-12 09:00:48
PTP001946,payment_link_opened,2026-05-12 11:48:53
PTP001946,whatsapp_confirmation_sent,2026-05-13 10:17:25
PTP001946,confirmation_reply_yes,2026-05-13 12:37:15
PTP001946,payment_link_opened,2026-06-04 10:21:59
PTP001946,inbound_call_from_customer,2026-06-06 00:09:16
PTP001947,payment_link_sent,2026-05-12 09:37:45
PTP001947,payment_link_opened,2026-05-12 09:52:50
PTP001947,whatsapp_confirmation_sent,2026-05-13 10:21:02
PTP001948,payment_link_sent,2026-05-12 09:52:36
PTP001948,whatsapp_confirmation_sent,2026-05-13 10:25:20
PTP001949,payment_link_sent,2026-05-12 09:43:52
PTP001949,payment_link_opened,2026-05-12 10:25:38
PTP001949,whatsapp_confirmation_sent,2026-05-13 10:19:10
PTP001949,confirmation_reply_yes,2026-05-13 11:31:17
PTP001949,payment_link_opened,2026-05-15 19:51:26
PTP001950,payment_link_sent,2026-05-12 10:32:48
PTP001950,payment_link_opened,2026-05-12 10:50:21
PTP001950,whatsapp_confirmation_sent,2026-05-13 10:05:24
PTP001950,payment_link_opened,2026-05-19 14:59:17
PTP001951,whatsapp_confirmation_sent,2026-05-13 10:24:16
PTP001952,payment_link_sent,2026-05-12 09:34:38
PTP001952,payment_link_opened,2026-05-12 11:36:13
PTP001952,payment_link_opened,2026-05-13 09:53:14
PTP001952,whatsapp_confirmation_sent,2026-05-13 10:20:04
PTP001952,confirmation_reply_yes,2026-05-13 15:02:46
PTP001953,payment_link_sent,2026-05-12 14:10:12
PTP001953,whatsapp_confirmation_sent,2026-05-13 10:25:35
PTP001953,confirmation_reply_yes,2026-05-13 15:12:51
PTP001954,payment_link_sent,2026-05-12 18:33:36
PTP001954,whatsapp_confirmation_sent,2026-05-13 10:07:18
PTP001954,confirmation_reply_no,2026-05-13 10:33:56
PTP001955,whatsapp_confirmation_sent,2026-05-13 10:07:57
PTP001956,whatsapp_confirmation_sent,2026-05-13 10:01:12
PTP001956,confirmation_reply_yes,2026-05-13 14:08:20
PTP001957,payment_link_sent,2026-05-12 13:17:30
PTP001957,whatsapp_confirmation_sent,2026-05-13 10:21:01
PTP001957,confirmation_reply_yes,2026-05-13 15:04:58
PTP001957,payment_link_opened,2026-05-17 11:07:29
PTP001958,payment_link_sent,2026-05-12 15:06:08
PTP001958,whatsapp_confirmation_sent,2026-05-13 10:11:25
PTP001958,confirmation_reply_yes,2026-05-13 13:46:36
PTP001958,payment_link_opened,2026-05-18 09:53:57
PTP001959,payment_link_sent,2026-05-12 13:44:48
PTP001959,whatsapp_confirmation_sent,2026-05-13 10:10:02
PTP001959,inbound_call_from_customer,2026-05-13 10:55:08
PTP001960,payment_link_sent,2026-05-12 13:48:35
PTP001960,whatsapp_confirmation_sent,2026-05-13 10:15:48
PTP001963,payment_link_sent,2026-05-12 10:56:36
PTP001965,payment_link_sent,2026-05-12 13:08:52
PTP001966,payment_link_sent,2026-05-12 10:08:31
PTP001967,payment_link_sent,2026-05-12 12:38:19
PTP001967,inbound_call_from_customer,2026-05-17 01:16:37
PTP001968,payment_link_sent,2026-05-12 10:43:01
PTP001971,payment_link_sent,2026-05-13 11:30:37
PTP001971,payment_link_opened,2026-05-14 01:23:50
PTP001971,whatsapp_confirmation_sent,2026-05-14 10:01:34
PTP001972,whatsapp_confirmation_sent,2026-05-14 10:19:43
PTP001972,confirmation_reply_yes,2026-05-14 12:35:08
PTP001973,whatsapp_confirmation_sent,2026-05-14 10:13:46
PTP001974,payment_link_sent,2026-05-13 12:26:37
PTP001974,payment_link_opened,2026-05-13 15:44:28
PTP001974,whatsapp_confirmation_sent,2026-05-14 10:00:26
PTP001974,confirmation_reply_yes,2026-05-14 13:10:24
PTP001975,payment_link_sent,2026-05-13 10:55:03
PTP001975,whatsapp_confirmation_sent,2026-05-14 10:08:58
PTP001976,payment_link_sent,2026-05-13 09:53:56
PTP001976,whatsapp_confirmation_sent,2026-05-14 10:07:23
PTP001976,confirmation_reply_no,2026-05-14 11:36:16
PTP001976,payment_link_opened,2026-05-14 16:41:44
PTP001977,whatsapp_confirmation_sent,2026-05-14 10:18:38
PTP001978,whatsapp_confirmation_sent,2026-05-14 10:23:59
PTP001979,payment_link_sent,2026-05-13 12:20:40
PTP001979,payment_link_opened,2026-05-13 17:00:14
PTP001979,whatsapp_confirmation_sent,2026-05-14 10:10:45
PTP001980,payment_link_sent,2026-05-13 08:45:13
PTP001980,payment_link_opened,2026-05-13 18:16:46
PTP001980,whatsapp_confirmation_sent,2026-05-14 10:17:11
PTP001980,confirmation_reply_yes,2026-05-14 11:45:31
PTP001981,whatsapp_confirmation_sent,2026-05-14 10:13:42
PTP001982,whatsapp_confirmation_sent,2026-05-14 10:29:01
PTP001983,payment_link_sent,2026-05-13 08:58:00
PTP001983,payment_link_opened,2026-05-13 13:57:59
PTP001983,whatsapp_confirmation_sent,2026-05-14 10:25:51
PTP001983,confirmation_reply_no,2026-05-14 11:40:47
PTP001984,payment_link_sent,2026-05-13 12:16:37
PTP001984,whatsapp_confirmation_sent,2026-05-14 10:14:02
PTP001985,payment_link_sent,2026-05-13 12:07:05
PTP001985,payment_link_opened,2026-05-13 13:44:11
PTP001985,whatsapp_confirmation_sent,2026-05-14 10:24:29
PTP001985,confirmation_reply_yes,2026-05-14 11:53:23
PTP001985,payment_link_opened,2026-05-20 19:32:52
PTP001986,payment_link_sent,2026-05-13 08:39:44
PTP001986,whatsapp_confirmation_sent,2026-05-14 10:29:08
PTP001987,whatsapp_confirmation_sent,2026-05-14 10:05:06
PTP001988,payment_link_sent,2026-05-13 08:30:05
PTP001988,whatsapp_confirmation_sent,2026-05-14 10:24:17
PTP001989,payment_link_sent,2026-05-13 09:26:55
PTP001989,whatsapp_confirmation_sent,2026-05-14 10:15:44
PTP001990,payment_link_sent,2026-05-13 12:54:03
PTP001990,whatsapp_confirmation_sent,2026-05-14 10:08:33
PTP001991,payment_link_sent,2026-05-13 12:20:31
PTP001991,payment_link_opened,2026-05-13 14:19:21
PTP001991,whatsapp_confirmation_sent,2026-05-14 10:02:10
PTP001991,confirmation_reply_yes,2026-05-14 10:27:35
PTP001992,whatsapp_confirmation_sent,2026-05-14 10:17:50
PTP001992,confirmation_reply_yes,2026-05-14 14:36:32
PTP001993,payment_link_sent,2026-05-13 11:40:43
PTP001993,whatsapp_confirmation_sent,2026-05-14 10:16:51
PTP001993,payment_link_opened,2026-05-16 11:52:38
PTP001994,payment_link_sent,2026-05-13 09:54:25
PTP001994,payment_link_opened,2026-05-13 10:25:36
PTP001994,whatsapp_confirmation_sent,2026-05-14 10:25:54
PTP001994,payment_link_opened,2026-05-17 14:47:59
PTP001995,payment_link_sent,2026-05-13 08:28:55
PTP001995,payment_link_opened,2026-05-13 08:55:53
PTP001995,whatsapp_confirmation_sent,2026-05-14 10:28:56
PTP001995,payment_link_opened,2026-05-21 08:00:59
PTP001996,payment_link_sent,2026-05-13 10:58:15
PTP001996,payment_link_opened,2026-05-13 12:42:24
PTP001996,whatsapp_confirmation_sent,2026-05-14 10:06:13
PTP001996,payment_link_opened,2026-05-17 16:39:17
PTP001997,whatsapp_confirmation_sent,2026-05-14 10:28:21
PTP001998,whatsapp_confirmation_sent,2026-05-14 10:11:37
PTP001998,confirmation_reply_no,2026-05-14 12:15:07
PTP001999,payment_link_sent,2026-05-13 11:55:01
PTP001999,whatsapp_confirmation_sent,2026-05-14 10:09:15
PTP002000,payment_link_sent,2026-05-13 10:04:43
PTP002000,whatsapp_confirmation_sent,2026-05-14 10:27:16
PTP002001,payment_link_sent,2026-05-13 08:56:55
PTP002001,whatsapp_confirmation_sent,2026-05-14 10:12:33
PTP002001,confirmation_reply_yes,2026-05-14 12:18:47
PTP002001,payment_link_opened,2026-05-31 21:17:53
PTP002002,payment_link_sent,2026-05-13 08:35:23
PTP002002,payment_link_opened,2026-05-13 09:04:06
PTP002002,whatsapp_confirmation_sent,2026-05-14 10:13:05
PTP002002,payment_link_opened,2026-05-17 20:13:15
PTP002003,payment_link_sent,2026-05-13 08:44:47
PTP002003,payment_link_opened,2026-05-13 11:37:30
PTP002003,whatsapp_confirmation_sent,2026-05-14 10:14:06
PTP002004,whatsapp_confirmation_sent,2026-05-14 10:17:01
PTP002005,payment_link_sent,2026-05-13 08:36:01
PTP002005,whatsapp_confirmation_sent,2026-05-14 10:09:30
PTP002005,confirmation_reply_yes,2026-05-14 14:49:45
PTP002005,inbound_call_from_customer,2026-05-15 05:59:58
PTP002006,whatsapp_confirmation_sent,2026-05-14 10:25:23
PTP002007,payment_link_sent,2026-05-13 09:23:51
PTP002007,whatsapp_confirmation_sent,2026-05-14 10:15:08
PTP002008,payment_link_sent,2026-05-13 09:33:15
PTP002008,payment_link_opened,2026-05-13 14:09:23
PTP002008,whatsapp_confirmation_sent,2026-05-14 10:05:00
PTP002008,confirmation_reply_yes,2026-05-14 15:05:59
PTP002009,payment_link_sent,2026-05-13 09:52:07
PTP002009,whatsapp_confirmation_sent,2026-05-14 10:26:40
PTP002010,payment_link_sent,2026-05-13 15:56:49
PTP002010,whatsapp_confirmation_sent,2026-05-14 10:19:32
PTP002010,payment_link_opened,2026-05-19 08:29:17
PTP002011,payment_link_sent,2026-05-13 16:11:09
PTP002011,whatsapp_confirmation_sent,2026-05-14 10:21:04
PTP002012,payment_link_sent,2026-05-13 18:16:56
PTP002012,payment_link_opened,2026-05-13 20:54:27
PTP002012,whatsapp_confirmation_sent,2026-05-14 10:28:55
PTP002012,confirmation_reply_yes,2026-05-14 13:45:35
PTP002013,whatsapp_confirmation_sent,2026-05-14 10:21:25
PTP002014,payment_link_sent,2026-05-13 17:53:22
PTP002014,whatsapp_confirmation_sent,2026-05-14 10:08:31
PTP002015,payment_link_sent,2026-05-13 13:07:33
PTP002015,whatsapp_confirmation_sent,2026-05-14 10:23:44
PTP002015,payment_link_opened,2026-05-28 17:08:07
PTP002016,payment_link_sent,2026-05-13 14:01:01
PTP002016,whatsapp_confirmation_sent,2026-05-14 10:05:07
PTP002016,confirmation_reply_yes,2026-05-14 13:36:12
PTP002016,payment_link_opened,2026-05-31 18:58:59
PTP002017,payment_link_sent,2026-05-13 19:00:04
PTP002017,payment_link_opened,2026-05-13 23:35:40
PTP002017,whatsapp_confirmation_sent,2026-05-14 10:02:05
PTP002017,confirmation_reply_yes,2026-05-14 12:44:26
PTP002017,payment_link_opened,2026-05-18 16:36:21
PTP002018,whatsapp_confirmation_sent,2026-05-14 10:25:27
PTP002019,payment_link_sent,2026-05-13 16:20:40
PTP002019,whatsapp_confirmation_sent,2026-05-14 10:08:18
PTP002022,payment_link_sent,2026-05-13 11:35:51
PTP002025,payment_link_sent,2026-05-13 11:41:01
PTP002025,payment_link_opened,2026-05-13 14:27:00
PTP002026,payment_link_sent,2026-05-14 10:23:45
PTP002026,whatsapp_confirmation_sent,2026-05-15 10:04:41
PTP002027,payment_link_sent,2026-05-14 09:39:38
PTP002027,whatsapp_confirmation_sent,2026-05-15 10:13:13
PTP002028,payment_link_sent,2026-05-14 08:13:21
PTP002028,payment_link_opened,2026-05-14 12:17:47
PTP002028,whatsapp_confirmation_sent,2026-05-15 10:10:56
PTP002028,payment_link_opened,2026-06-05 10:14:24
PTP002029,payment_link_sent,2026-05-14 11:32:55
PTP002029,whatsapp_confirmation_sent,2026-05-15 10:12:43
PTP002029,confirmation_reply_no,2026-05-15 11:25:15
PTP002030,payment_link_sent,2026-05-14 09:36:31
PTP002030,whatsapp_confirmation_sent,2026-05-15 10:11:50
PTP002031,payment_link_sent,2026-05-14 08:37:26
PTP002031,whatsapp_confirmation_sent,2026-05-15 10:00:01
PTP002031,inbound_call_from_customer,2026-05-16 03:33:05
PTP002032,payment_link_sent,2026-05-14 11:12:46
PTP002032,whatsapp_confirmation_sent,2026-05-15 10:01:49
PTP002033,inbound_call_from_customer,2026-05-14 12:17:04
PTP002033,whatsapp_confirmation_sent,2026-05-15 10:13:06
PTP002033,confirmation_reply_yes,2026-05-15 13:39:01
PTP002034,payment_link_sent,2026-05-14 11:26:13
PTP002034,whatsapp_confirmation_sent,2026-05-15 10:07:54
PTP002034,confirmation_reply_yes,2026-05-15 12:58:29
PTP002035,whatsapp_confirmation_sent,2026-05-15 10:04:42
PTP002036,payment_link_sent,2026-05-14 12:19:47
PTP002036,whatsapp_confirmation_sent,2026-05-15 10:04:43
PTP002036,confirmation_reply_yes,2026-05-15 13:06:26
PTP002036,payment_link_opened,2026-05-15 13:36:39
PTP002037,payment_link_sent,2026-05-14 08:23:28
PTP002037,whatsapp_confirmation_sent,2026-05-15 10:10:52
PTP002038,whatsapp_confirmation_sent,2026-05-15 10:21:58
PTP002039,whatsapp_confirmation_sent,2026-05-15 10:06:54
PTP002040,payment_link_sent,2026-05-14 12:12:46
PTP002040,payment_link_opened,2026-05-14 13:01:31
PTP002040,whatsapp_confirmation_sent,2026-05-15 10:18:06
PTP002040,confirmation_reply_yes,2026-05-15 14:46:58
PTP002040,payment_link_opened,2026-05-19 12:37:12
PTP002041,whatsapp_confirmation_sent,2026-05-15 10:15:33
PTP002042,whatsapp_confirmation_sent,2026-05-15 10:16:10
PTP002043,payment_link_sent,2026-05-14 08:53:43
PTP002043,payment_link_opened,2026-05-14 19:26:16
PTP002043,whatsapp_confirmation_sent,2026-05-15 10:17:20
PTP002044,payment_link_sent,2026-05-14 12:59:07
PTP002044,payment_link_opened,2026-05-14 14:10:28
PTP002044,whatsapp_confirmation_sent,2026-05-15 10:14:24
PTP002044,confirmation_reply_yes,2026-05-15 14:42:14
PTP002044,payment_link_opened,2026-05-20 11:11:15
PTP002045,payment_link_sent,2026-05-14 08:49:22
PTP002045,payment_link_opened,2026-05-14 12:16:00
PTP002045,whatsapp_confirmation_sent,2026-05-15 10:29:08
PTP002045,confirmation_reply_yes,2026-05-15 12:56:04
PTP002046,payment_link_sent,2026-05-14 09:22:10
PTP002046,whatsapp_confirmation_sent,2026-05-15 10:09:45
PTP002047,whatsapp_confirmation_sent,2026-05-15 10:05:58
PTP002048,payment_link_sent,2026-05-14 11:11:44
PTP002048,whatsapp_confirmation_sent,2026-05-15 10:25:17
PTP002048,confirmation_reply_no,2026-05-15 10:41:52
PTP002049,payment_link_sent,2026-05-14 09:34:10
PTP002049,payment_link_opened,2026-05-14 11:54:25
PTP002049,whatsapp_confirmation_sent,2026-05-15 10:28:47
PTP002049,confirmation_reply_yes,2026-05-15 13:06:36
PTP002050,payment_link_sent,2026-05-14 08:47:11
PTP002050,payment_link_opened,2026-05-14 09:31:06
PTP002050,whatsapp_confirmation_sent,2026-05-15 10:08:36
PTP002051,whatsapp_confirmation_sent,2026-05-15 10:23:07
PTP002051,confirmation_reply_yes,2026-05-15 11:35:50
PTP002052,payment_link_sent,2026-05-14 08:40:23
PTP002052,whatsapp_confirmation_sent,2026-05-15 10:24:33
PTP002052,confirmation_reply_yes,2026-05-15 12:42:19
PTP002052,payment_link_opened,2026-06-06 16:08:47
PTP002053,payment_link_sent,2026-05-14 12:57:36
PTP002053,payment_link_opened,2026-05-14 13:42:13
PTP002053,whatsapp_confirmation_sent,2026-05-15 10:18:52
PTP002053,payment_link_opened,2026-05-21 08:26:39
PTP002054,whatsapp_confirmation_sent,2026-05-15 10:23:28
PTP002055,payment_link_sent,2026-05-14 13:38:06
PTP002055,whatsapp_confirmation_sent,2026-05-15 10:28:47
PTP002056,payment_link_sent,2026-05-14 18:33:16
PTP002056,whatsapp_confirmation_sent,2026-05-15 10:13:36
PTP002057,whatsapp_confirmation_sent,2026-05-15 10:11:30
PTP002057,confirmation_reply_yes,2026-05-15 13:34:39
PTP002058,whatsapp_confirmation_sent,2026-05-15 10:04:58
PTP002059,whatsapp_confirmation_sent,2026-05-15 10:00:53
PTP002060,whatsapp_confirmation_sent,2026-05-15 10:05:50
PTP002061,whatsapp_confirmation_sent,2026-05-15 10:04:21
PTP002062,payment_link_sent,2026-05-14 18:11:27
PTP002062,whatsapp_confirmation_sent,2026-05-15 10:14:45
PTP002062,payment_link_opened,2026-05-21 13:31:09
PTP002063,whatsapp_confirmation_sent,2026-05-15 10:11:46
PTP002063,confirmation_reply_yes,2026-05-15 15:14:24
PTP002064,payment_link_sent,2026-05-14 17:38:42
PTP002064,payment_link_opened,2026-05-14 23:09:15
PTP002064,whatsapp_confirmation_sent,2026-05-15 10:00:16
PTP002064,confirmation_reply_yes,2026-05-15 10:07:22
PTP002065,payment_link_sent,2026-05-14 17:13:43
PTP002065,payment_link_opened,2026-05-14 18:59:21
PTP002065,whatsapp_confirmation_sent,2026-05-15 10:03:01
PTP002066,payment_link_sent,2026-05-14 17:58:54
PTP002066,whatsapp_confirmation_sent,2026-05-15 10:24:39
PTP002066,confirmation_reply_yes,2026-05-15 14:16:16
PTP002067,payment_link_sent,2026-05-14 12:29:06
PTP002067,payment_link_opened,2026-05-19 14:42:28
PTP002068,payment_link_sent,2026-05-14 11:33:13
PTP002068,payment_link_opened,2026-05-20 08:25:09
PTP002071,payment_link_sent,2026-05-14 10:56:10
PTP002071,payment_link_opened,2026-05-14 14:27:37
PTP002072,inbound_call_from_customer,2026-05-16 05:01:47
PTP002073,payment_link_sent,2026-05-14 12:00:48
PTP002075,payment_link_sent,2026-05-14 10:38:54
PTP002077,whatsapp_confirmation_sent,2026-05-16 10:20:33
PTP002077,confirmation_reply_yes,2026-05-16 14:45:29
PTP002078,payment_link_sent,2026-05-15 09:07:37
PTP002078,whatsapp_confirmation_sent,2026-05-16 10:13:36
PTP002079,payment_link_sent,2026-05-15 11:46:09
PTP002079,whatsapp_confirmation_sent,2026-05-16 10:07:38
PTP002080,payment_link_sent,2026-05-15 11:33:43
PTP002080,whatsapp_confirmation_sent,2026-05-16 10:09:30
PTP002081,payment_link_sent,2026-05-15 12:49:23
PTP002081,whatsapp_confirmation_sent,2026-05-16 10:22:58
PTP002082,payment_link_sent,2026-05-15 09:09:02
PTP002082,whatsapp_confirmation_sent,2026-05-16 10:00:22
PTP002082,confirmation_reply_yes,2026-05-16 10:28:13
PTP002083,whatsapp_confirmation_sent,2026-05-16 10:08:15
PTP002084,payment_link_sent,2026-05-15 13:01:46
PTP002084,payment_link_opened,2026-05-15 13:10:16
PTP002084,whatsapp_confirmation_sent,2026-05-16 10:20:11
PTP002084,payment_link_opened,2026-05-20 19:31:21
PTP002085,payment_link_sent,2026-05-15 09:48:47
PTP002085,payment_link_opened,2026-05-15 12:23:01
PTP002085,whatsapp_confirmation_sent,2026-05-16 10:27:46
PTP002086,payment_link_sent,2026-05-15 12:35:59
PTP002086,whatsapp_confirmation_sent,2026-05-16 10:17:13
PTP002086,payment_link_opened,2026-05-31 22:48:31
PTP002087,payment_link_sent,2026-05-15 09:24:04
PTP002087,payment_link_opened,2026-05-15 11:35:14
PTP002087,whatsapp_confirmation_sent,2026-05-16 10:00:59
PTP002087,confirmation_reply_yes,2026-05-16 15:09:56
PTP002088,payment_link_sent,2026-05-15 09:04:32
PTP002088,whatsapp_confirmation_sent,2026-05-16 10:18:46
PTP002089,payment_link_sent,2026-05-15 12:27:34
PTP002089,payment_link_opened,2026-05-15 14:12:32
PTP002089,whatsapp_confirmation_sent,2026-05-16 10:29:01
PTP002090,payment_link_sent,2026-05-15 11:09:14
PTP002090,whatsapp_confirmation_sent,2026-05-16 10:23:33
PTP002091,payment_link_sent,2026-05-15 09:09:22
PTP002091,whatsapp_confirmation_sent,2026-05-16 10:12:35
PTP002091,confirmation_reply_yes,2026-05-16 14:27:27
PTP002091,payment_link_opened,2026-05-21 13:57:33
PTP002092,whatsapp_confirmation_sent,2026-05-16 10:13:43
PTP002093,whatsapp_confirmation_sent,2026-05-16 10:13:38
PTP002094,payment_link_sent,2026-05-15 12:23:15
PTP002094,whatsapp_confirmation_sent,2026-05-16 10:18:26
PTP002095,payment_link_sent,2026-05-15 12:50:21
PTP002095,payment_link_opened,2026-05-15 13:06:34
PTP002095,whatsapp_confirmation_sent,2026-05-16 10:13:36
PTP002096,payment_link_sent,2026-05-15 12:03:49
PTP002096,whatsapp_confirmation_sent,2026-05-16 10:25:03
PTP002096,payment_link_opened,2026-05-19 15:42:00
PTP002097,whatsapp_confirmation_sent,2026-05-16 10:03:05
PTP002097,confirmation_reply_yes,2026-05-16 10:09:41
PTP002098,payment_link_sent,2026-05-15 10:29:37
PTP002098,whatsapp_confirmation_sent,2026-05-16 10:10:58
PTP002099,payment_link_sent,2026-05-15 08:40:30
PTP002099,payment_link_opened,2026-05-15 23:58:21
PTP002099,whatsapp_confirmation_sent,2026-05-16 10:14:57
PTP002100,whatsapp_confirmation_sent,2026-05-16 10:05:51
PTP002101,payment_link_sent,2026-05-15 08:55:10
PTP002101,whatsapp_confirmation_sent,2026-05-16 10:19:28
PTP002102,payment_link_sent,2026-05-15 10:33:29
PTP002102,whatsapp_confirmation_sent,2026-05-16 10:23:18
PTP002103,whatsapp_confirmation_sent,2026-05-16 10:12:55
PTP002104,payment_link_sent,2026-05-15 17:48:37
PTP002104,whatsapp_confirmation_sent,2026-05-16 10:19:36
PTP002105,payment_link_sent,2026-05-15 18:25:04
PTP002105,payment_link_opened,2026-05-16 04:58:54
PTP002105,whatsapp_confirmation_sent,2026-05-16 10:23:24
PTP002105,confirmation_reply_yes,2026-05-16 14:11:05
PTP002106,whatsapp_confirmation_sent,2026-05-16 10:25:03
PTP002107,payment_link_sent,2026-05-15 15:17:00
PTP002107,payment_link_opened,2026-05-15 15:17:06
PTP002107,whatsapp_confirmation_sent,2026-05-16 10:16:35
PTP002107,payment_link_opened,2026-05-16 11:42:27
PTP002108,whatsapp_confirmation_sent,2026-05-16 10:07:05
PTP002109,payment_link_sent,2026-05-15 18:50:12
PTP002109,whatsapp_confirmation_sent,2026-05-16 10:19:17
PTP002109,payment_link_opened,2026-05-21 13:28:52
PTP002110,payment_link_sent,2026-05-15 16:32:36
PTP002110,whatsapp_confirmation_sent,2026-05-16 10:27:38
PTP002111,payment_link_sent,2026-05-15 16:15:48
PTP002111,whatsapp_confirmation_sent,2026-05-16 10:02:42
PTP002111,confirmation_reply_yes,2026-05-16 15:35:10
PTP002111,payment_link_opened,2026-06-17 20:37:43
PTP002112,payment_link_sent,2026-05-15 14:46:25
PTP002112,payment_link_opened,2026-05-15 17:32:25
PTP002112,whatsapp_confirmation_sent,2026-05-16 10:07:19
PTP002112,confirmation_reply_yes,2026-05-16 11:00:03
PTP002113,whatsapp_confirmation_sent,2026-05-16 10:03:42
PTP002113,confirmation_reply_yes,2026-05-16 15:10:36
PTP002115,payment_link_sent,2026-05-15 10:16:37
PTP002116,payment_link_sent,2026-05-15 12:21:46
PTP002118,inbound_call_from_customer,2026-05-15 21:26:40
PTP002121,payment_link_sent,2026-05-15 11:27:41
PTP002122,inbound_call_from_customer,2026-05-20 06:47:27
PTP002125,payment_link_sent,2026-05-16 11:08:34
PTP002125,whatsapp_confirmation_sent,2026-05-17 10:00:15
PTP002125,confirmation_reply_no,2026-05-17 14:15:37
PTP002126,whatsapp_confirmation_sent,2026-05-17 10:07:47
PTP002127,payment_link_sent,2026-05-16 10:31:32
PTP002127,payment_link_opened,2026-05-16 13:27:02
PTP002127,whatsapp_confirmation_sent,2026-05-17 10:03:38
PTP002127,confirmation_reply_no,2026-05-17 13:02:09
PTP002128,whatsapp_confirmation_sent,2026-05-17 10:20:12
PTP002129,whatsapp_confirmation_sent,2026-05-17 10:12:54
PTP002129,confirmation_reply_yes,2026-05-17 10:40:41
PTP002130,payment_link_sent,2026-05-16 12:20:03
PTP002130,payment_link_opened,2026-05-16 15:38:47
PTP002130,whatsapp_confirmation_sent,2026-05-17 10:01:02
PTP002131,inbound_call_from_customer,2026-05-17 07:25:29
PTP002131,whatsapp_confirmation_sent,2026-05-17 10:25:41
PTP002131,confirmation_reply_no,2026-05-17 13:46:05
PTP002132,payment_link_sent,2026-05-16 10:57:10
PTP002132,payment_link_opened,2026-05-16 13:16:11
PTP002132,whatsapp_confirmation_sent,2026-05-17 10:29:14
PTP002132,payment_link_opened,2026-06-12 20:43:44
PTP002133,payment_link_sent,2026-05-16 08:48:41
PTP002133,payment_link_opened,2026-05-16 13:51:26
PTP002133,whatsapp_confirmation_sent,2026-05-17 10:09:53
PTP002133,confirmation_reply_yes,2026-05-17 14:55:52
PTP002134,payment_link_sent,2026-05-16 09:59:40
PTP002134,whatsapp_confirmation_sent,2026-05-17 10:09:15
PTP002134,confirmation_reply_yes,2026-05-17 15:15:47
PTP002134,payment_link_opened,2026-05-20 16:53:58
PTP002135,payment_link_sent,2026-05-16 11:25:22
PTP002135,whatsapp_confirmation_sent,2026-05-17 10:16:55
PTP002136,whatsapp_confirmation_sent,2026-05-17 10:13:14
PTP002137,whatsapp_confirmation_sent,2026-05-17 10:01:43
PTP002138,payment_link_sent,2026-05-16 11:10:56
PTP002138,payment_link_opened,2026-05-16 20:47:12
PTP002138,whatsapp_confirmation_sent,2026-05-17 10:04:53
PTP002139,payment_link_sent,2026-05-16 09:47:21
PTP002139,whatsapp_confirmation_sent,2026-05-17 10:08:18
PTP002140,whatsapp_confirmation_sent,2026-05-17 10:14:36
PTP002141,payment_link_sent,2026-05-16 08:40:38
PTP002141,payment_link_opened,2026-05-16 13:53:34
PTP002141,whatsapp_confirmation_sent,2026-05-17 10:15:23
PTP002142,payment_link_sent,2026-05-16 08:40:25
PTP002142,whatsapp_confirmation_sent,2026-05-17 10:16:49
PTP002143,whatsapp_confirmation_sent,2026-05-17 10:18:46
PTP002144,whatsapp_confirmation_sent,2026-05-17 10:26:43
PTP002144,confirmation_reply_yes,2026-05-17 13:02:22
PTP002145,whatsapp_confirmation_sent,2026-05-17 10:08:20
PTP002146,payment_link_sent,2026-05-16 08:25:10
PTP002146,payment_link_opened,2026-05-16 17:48:27
PTP002146,whatsapp_confirmation_sent,2026-05-17 10:09:46
PTP002147,whatsapp_confirmation_sent,2026-05-17 10:26:45
PTP002148,payment_link_sent,2026-05-16 08:20:58
PTP002148,whatsapp_confirmation_sent,2026-05-17 10:11:59
PTP002149,whatsapp_confirmation_sent,2026-05-17 10:14:35
PTP002150,payment_link_sent,2026-05-16 12:53:52
PTP002150,payment_link_opened,2026-05-16 13:52:16
PTP002150,whatsapp_confirmation_sent,2026-05-17 10:19:14
PTP002150,payment_link_opened,2026-05-20 12:13:47
PTP002151,whatsapp_confirmation_sent,2026-05-17 10:29:19
PTP002152,payment_link_sent,2026-05-16 09:51:26
PTP002152,whatsapp_confirmation_sent,2026-05-17 10:08:49
PTP002152,confirmation_reply_yes,2026-05-17 14:53:54
PTP002153,whatsapp_confirmation_sent,2026-05-17 10:14:45
PTP002154,whatsapp_confirmation_sent,2026-05-17 10:17:27
PTP002155,payment_link_sent,2026-05-16 14:26:22
PTP002155,payment_link_opened,2026-05-16 15:39:35
PTP002155,whatsapp_confirmation_sent,2026-05-17 10:25:02
PTP002155,confirmation_reply_no,2026-05-17 14:20:25
PTP002155,payment_link_opened,2026-05-22 08:47:51
PTP002156,whatsapp_confirmation_sent,2026-05-17 10:20:46
PTP002157,whatsapp_confirmation_sent,2026-05-17 10:29:53
PTP002158,payment_link_sent,2026-05-16 13:24:15
PTP002158,whatsapp_confirmation_sent,2026-05-17 10:13:48
PTP002159,payment_link_sent,2026-05-16 16:02:10
PTP002159,whatsapp_confirmation_sent,2026-05-17 10:15:53
PTP002160,payment_link_sent,2026-05-16 18:48:13
PTP002160,whatsapp_confirmation_sent,2026-05-17 10:14:06
PTP002160,payment_link_opened,2026-06-02 17:34:08
PTP002162,payment_link_sent,2026-05-16 12:35:20
PTP002163,payment_link_sent,2026-05-16 13:32:05
PTP002163,payment_link_opened,2026-05-17 01:00:38
PTP002163,payment_link_opened,2026-05-21 10:21:09
PTP002165,payment_link_sent,2026-05-16 11:13:58
PTP002168,payment_link_sent,2026-05-17 09:09:22
PTP002168,inbound_call_from_customer,2026-05-17 15:22:59
PTP002168,whatsapp_confirmation_sent,2026-05-18 10:09:51
PTP002169,whatsapp_confirmation_sent,2026-05-18 10:15:06
PTP002169,confirmation_reply_yes,2026-05-18 13:09:06
PTP002170,payment_link_sent,2026-05-17 10:04:27
PTP002170,whatsapp_confirmation_sent,2026-05-18 10:24:06
PTP002170,confirmation_reply_yes,2026-05-18 13:08:33
PTP002170,payment_link_opened,2026-05-30 17:50:40
PTP002170,inbound_call_from_customer,2026-05-31 00:14:59
PTP002171,payment_link_sent,2026-05-17 08:32:25
PTP002171,payment_link_opened,2026-05-17 16:46:20
PTP002171,whatsapp_confirmation_sent,2026-05-18 10:14:24
PTP002171,confirmation_reply_yes,2026-05-18 14:46:56
PTP002171,payment_link_opened,2026-06-11 18:44:29
PTP002172,whatsapp_confirmation_sent,2026-05-18 10:26:13
PTP002173,whatsapp_confirmation_sent,2026-05-18 10:21:17
PTP002174,whatsapp_confirmation_sent,2026-05-18 10:01:30
PTP002174,confirmation_reply_no,2026-05-18 15:32:36
PTP002175,payment_link_sent,2026-05-17 10:08:26
PTP002175,whatsapp_confirmation_sent,2026-05-18 10:27:58
PTP002176,payment_link_sent,2026-05-17 09:10:44
PTP002176,whatsapp_confirmation_sent,2026-05-18 10:21:39
PTP002176,confirmation_reply_no,2026-05-18 14:16:51
PTP002177,payment_link_sent,2026-05-17 09:24:38
PTP002177,whatsapp_confirmation_sent,2026-05-18 10:01:27
PTP002178,whatsapp_confirmation_sent,2026-05-18 10:19:22
PTP002179,payment_link_sent,2026-05-17 09:00:57
PTP002179,payment_link_opened,2026-05-17 12:28:03
PTP002179,whatsapp_confirmation_sent,2026-05-18 10:15:28
PTP002179,payment_link_opened,2026-06-18 19:11:48
PTP002180,payment_link_sent,2026-05-17 17:04:35
PTP002180,whatsapp_confirmation_sent,2026-05-18 10:24:06
PTP002180,payment_link_opened,2026-05-27 17:23:33
PTP002181,payment_link_sent,2026-05-17 18:36:10
PTP002181,whatsapp_confirmation_sent,2026-05-18 10:22:49
PTP002181,confirmation_reply_yes,2026-05-18 13:46:40
PTP002182,payment_link_sent,2026-05-17 18:10:18
PTP002182,payment_link_opened,2026-05-17 21:28:31
PTP002182,whatsapp_confirmation_sent,2026-05-18 10:28:23
PTP002182,inbound_call_from_customer,2026-05-18 12:13:43
PTP002183,payment_link_sent,2026-05-17 18:18:16
PTP002183,whatsapp_confirmation_sent,2026-05-18 10:19:45
PTP002183,confirmation_reply_yes,2026-05-18 15:01:32
PTP002183,payment_link_opened,2026-06-18 17:49:28
PTP002184,whatsapp_confirmation_sent,2026-05-18 10:08:00
PTP002185,whatsapp_confirmation_sent,2026-05-19 10:28:56
PTP002186,payment_link_sent,2026-05-18 09:50:48
PTP002186,whatsapp_confirmation_sent,2026-05-19 10:13:50
PTP002187,payment_link_sent,2026-05-18 09:04:19
PTP002187,whatsapp_confirmation_sent,2026-05-19 10:16:58
PTP002188,payment_link_sent,2026-05-18 10:09:13
PTP002188,whatsapp_confirmation_sent,2026-05-19 10:20:50
PTP002189,payment_link_sent,2026-05-18 11:53:15
PTP002189,payment_link_opened,2026-05-18 16:31:19
PTP002189,whatsapp_confirmation_sent,2026-05-19 10:14:18
PTP002189,payment_link_opened,2026-05-21 12:31:12
PTP002190,payment_link_sent,2026-05-18 09:47:13
PTP002190,whatsapp_confirmation_sent,2026-05-19 10:16:30
PTP002191,payment_link_sent,2026-05-18 10:23:17
PTP002191,whatsapp_confirmation_sent,2026-05-19 10:28:43
PTP002191,confirmation_reply_yes,2026-05-19 14:38:16
PTP002192,whatsapp_confirmation_sent,2026-05-19 10:21:31
PTP002192,confirmation_reply_no,2026-05-19 13:46:10
PTP002193,payment_link_sent,2026-05-18 08:52:18
PTP002193,whatsapp_confirmation_sent,2026-05-19 10:16:41
PTP002193,confirmation_reply_yes,2026-05-19 10:19:02
PTP002193,inbound_call_from_customer,2026-05-20 04:00:40
PTP002193,payment_link_opened,2026-05-24 09:01:02
PTP002194,whatsapp_confirmation_sent,2026-05-19 10:23:54
PTP002195,payment_link_sent,2026-05-18 08:44:50
PTP002195,whatsapp_confirmation_sent,2026-05-19 10:24:49
PTP002196,payment_link_sent,2026-05-18 09:03:41
PTP002196,whatsapp_confirmation_sent,2026-05-19 10:11:06
PTP002197,payment_link_sent,2026-05-18 08:42:00
PTP002197,whatsapp_confirmation_sent,2026-05-19 10:21:33
PTP002197,confirmation_reply_yes,2026-05-19 11:49:51
PTP002198,payment_link_sent,2026-05-18 09:19:57
PTP002198,whatsapp_confirmation_sent,2026-05-19 10:07:46
PTP002198,confirmation_reply_yes,2026-05-19 12:48:51
PTP002199,whatsapp_confirmation_sent,2026-05-19 10:06:51
PTP002200,whatsapp_confirmation_sent,2026-05-19 10:22:03
PTP002201,payment_link_sent,2026-05-18 12:46:54
PTP002201,whatsapp_confirmation_sent,2026-05-19 10:17:15
PTP002202,whatsapp_confirmation_sent,2026-05-19 10:24:40
PTP002203,payment_link_sent,2026-05-18 12:54:55
PTP002203,whatsapp_confirmation_sent,2026-05-19 10:03:12
PTP002204,payment_link_sent,2026-05-18 10:22:09
PTP002204,whatsapp_confirmation_sent,2026-05-19 10:24:04
PTP002205,whatsapp_confirmation_sent,2026-05-19 10:04:59
PTP002205,confirmation_reply_no,2026-05-19 13:10:47
PTP002206,payment_link_sent,2026-05-18 12:50:14
PTP002206,whatsapp_confirmation_sent,2026-05-19 10:05:56
PTP002207,whatsapp_confirmation_sent,2026-05-19 10:09:23
PTP002208,payment_link_sent,2026-05-18 10:08:10
PTP002208,whatsapp_confirmation_sent,2026-05-19 10:28:45
PTP002208,confirmation_reply_yes,2026-05-19 15:43:24
PTP002208,payment_link_opened,2026-05-29 21:07:45
PTP002209,payment_link_sent,2026-05-18 11:18:17
PTP002209,whatsapp_confirmation_sent,2026-05-19 10:12:53
PTP002210,payment_link_sent,2026-05-18 12:59:01
PTP002210,whatsapp_confirmation_sent,2026-05-19 10:04:17
PTP002210,confirmation_reply_no,2026-05-19 13:50:19
PTP002211,payment_link_sent,2026-05-18 13:35:09
PTP002211,whatsapp_confirmation_sent,2026-05-19 10:17:44
PTP002211,confirmation_reply_yes,2026-05-19 10:35:57
PTP002211,payment_link_opened,2026-05-31 19:26:37
PTP002212,payment_link_sent,2026-05-18 18:33:51
PTP002212,whatsapp_confirmation_sent,2026-05-19 10:03:13
PTP002212,confirmation_reply_yes,2026-05-19 10:41:38
PTP002212,inbound_call_from_customer,2026-05-19 21:51:47
PTP002213,payment_link_sent,2026-05-18 15:33:35
PTP002213,whatsapp_confirmation_sent,2026-05-19 10:20:12
PTP002213,payment_link_opened,2026-06-03 20:03:58
PTP002214,whatsapp_confirmation_sent,2026-05-19 10:17:14
PTP002215,payment_link_sent,2026-05-18 13:22:34
PTP002215,payment_link_opened,2026-05-18 19:42:32
PTP002215,whatsapp_confirmation_sent,2026-05-19 10:01:57
PTP002215,inbound_call_from_customer,2026-05-23 04:09:29
PTP002216,payment_link_sent,2026-05-18 14:25:22
PTP002216,whatsapp_confirmation_sent,2026-05-19 10:18:33
PTP002216,confirmation_reply_yes,2026-05-19 10:40:19
PTP002217,payment_link_sent,2026-05-18 16:26:14
PTP002217,whatsapp_confirmation_sent,2026-05-19 10:24:01
PTP002218,payment_link_sent,2026-05-18 17:37:16
PTP002218,whatsapp_confirmation_sent,2026-05-19 10:19:48
PTP002218,confirmation_reply_yes,2026-05-19 15:32:06
PTP002219,payment_link_sent,2026-05-18 17:17:35
PTP002219,whatsapp_confirmation_sent,2026-05-19 10:17:23
PTP002220,payment_link_sent,2026-05-18 16:36:41
PTP002220,whatsapp_confirmation_sent,2026-05-19 10:26:59
PTP002221,payment_link_sent,2026-05-18 18:40:29
PTP002221,payment_link_opened,2026-05-18 20:09:02
PTP002221,whatsapp_confirmation_sent,2026-05-19 10:15:11
PTP002222,payment_link_sent,2026-05-18 13:44:12
PTP002222,whatsapp_confirmation_sent,2026-05-19 10:23:40
PTP002222,payment_link_opened,2026-05-25 08:41:40
PTP002223,whatsapp_confirmation_sent,2026-05-19 10:19:13
PTP002223,confirmation_reply_no,2026-05-19 12:43:53
PTP002224,payment_link_sent,2026-05-18 17:39:36
PTP002224,whatsapp_confirmation_sent,2026-05-19 10:13:12
PTP002225,payment_link_sent,2026-05-18 13:51:50
PTP002225,payment_link_opened,2026-05-18 21:27:08
PTP002225,payment_link_opened,2026-05-28 10:10:29
PTP002226,payment_link_sent,2026-05-18 12:02:46
PTP002226,payment_link_opened,2026-06-13 11:00:03
PTP002227,payment_link_sent,2026-05-18 11:52:31
PTP002227,payment_link_opened,2026-05-18 12:04:28
PTP002227,payment_link_opened,2026-05-19 11:46:51
PTP002234,payment_link_sent,2026-05-19 08:42:58
PTP002234,whatsapp_confirmation_sent,2026-05-20 10:09:33
PTP002235,whatsapp_confirmation_sent,2026-05-20 10:00:51
PTP002236,whatsapp_confirmation_sent,2026-05-20 10:14:59
PTP002236,confirmation_reply_yes,2026-05-20 11:24:38
PTP002237,whatsapp_confirmation_sent,2026-05-20 10:23:10
PTP002237,confirmation_reply_yes,2026-05-20 12:06:11
PTP002237,inbound_call_from_customer,2026-05-20 15:27:47
PTP002238,payment_link_sent,2026-05-19 12:46:16
PTP002238,whatsapp_confirmation_sent,2026-05-20 10:06:07
PTP002239,whatsapp_confirmation_sent,2026-05-20 10:18:30
PTP002240,whatsapp_confirmation_sent,2026-05-20 10:13:08
PTP002241,payment_link_sent,2026-05-19 09:08:31
PTP002241,whatsapp_confirmation_sent,2026-05-20 10:24:17
PTP002241,confirmation_reply_no,2026-05-20 11:25:55
PTP002242,payment_link_sent,2026-05-19 12:45:20
PTP002242,whatsapp_confirmation_sent,2026-05-20 10:10:03
PTP002243,payment_link_sent,2026-05-19 08:37:00
PTP002243,whatsapp_confirmation_sent,2026-05-20 10:26:02
PTP002243,confirmation_reply_no,2026-05-20 10:30:19
PTP002243,payment_link_opened,2026-06-04 16:16:58
PTP002244,payment_link_sent,2026-05-19 09:07:00
PTP002244,payment_link_opened,2026-05-19 23:06:44
PTP002244,whatsapp_confirmation_sent,2026-05-20 10:07:08
PTP002244,confirmation_reply_yes,2026-05-20 13:25:20
PTP002245,payment_link_sent,2026-05-19 08:34:02
PTP002245,whatsapp_confirmation_sent,2026-05-20 10:04:03
PTP002246,whatsapp_confirmation_sent,2026-05-20 10:17:44
PTP002246,confirmation_reply_no,2026-05-20 11:14:11
PTP002247,payment_link_sent,2026-05-19 12:15:56
PTP002247,whatsapp_confirmation_sent,2026-05-20 10:28:17
PTP002247,confirmation_reply_yes,2026-05-20 12:17:22
PTP002248,payment_link_sent,2026-05-19 10:58:54
PTP002248,whatsapp_confirmation_sent,2026-05-20 10:16:17
PTP002249,whatsapp_confirmation_sent,2026-05-20 10:02:58
PTP002250,whatsapp_confirmation_sent,2026-05-20 10:23:46
PTP002251,payment_link_sent,2026-05-19 10:06:38
PTP002251,payment_link_opened,2026-05-19 12:11:24
PTP002251,whatsapp_confirmation_sent,2026-05-20 10:04:08
PTP002251,confirmation_reply_yes,2026-05-20 14:54:21
PTP002252,payment_link_sent,2026-05-19 08:19:43
PTP002252,payment_link_opened,2026-05-19 08:23:35
PTP002252,payment_link_opened,2026-05-19 16:37:37
PTP002252,whatsapp_confirmation_sent,2026-05-20 10:21:17
PTP002252,confirmation_reply_yes,2026-05-20 10:31:40
PTP002253,payment_link_sent,2026-05-19 08:09:04
PTP002253,payment_link_opened,2026-05-19 09:40:08
PTP002253,whatsapp_confirmation_sent,2026-05-20 10:29:14
PTP002254,whatsapp_confirmation_sent,2026-05-20 10:04:19
PTP002254,confirmation_reply_yes,2026-05-20 11:03:25
PTP002255,whatsapp_confirmation_sent,2026-05-20 10:04:03
PTP002256,payment_link_sent,2026-05-19 10:47:00
PTP002256,whatsapp_confirmation_sent,2026-05-20 10:09:54
PTP002256,confirmation_reply_no,2026-05-20 12:01:04
PTP002256,payment_link_opened,2026-05-30 08:36:55
PTP002257,whatsapp_confirmation_sent,2026-05-20 10:04:59
PTP002257,confirmation_reply_yes,2026-05-20 13:54:23
PTP002258,whatsapp_confirmation_sent,2026-05-20 10:02:52
PTP002258,confirmation_reply_no,2026-05-20 13:19:42
PTP002259,whatsapp_confirmation_sent,2026-05-20 10:17:39
PTP002260,payment_link_sent,2026-05-19 12:29:04
PTP002260,payment_link_opened,2026-05-19 13:09:03
PTP002260,whatsapp_confirmation_sent,2026-05-20 10:04:41
PTP002261,payment_link_sent,2026-05-19 11:16:28
PTP002261,payment_link_opened,2026-05-19 12:58:05
PTP002261,whatsapp_confirmation_sent,2026-05-20 10:14:03
PTP002261,confirmation_reply_yes,2026-05-20 14:17:20
PTP002262,whatsapp_confirmation_sent,2026-05-20 10:15:19
PTP002262,confirmation_reply_yes,2026-05-20 11:21:10
PTP002263,payment_link_sent,2026-05-19 08:34:01
PTP002263,payment_link_opened,2026-05-19 12:12:06
PTP002263,whatsapp_confirmation_sent,2026-05-20 10:22:38
PTP002263,confirmation_reply_yes,2026-05-20 15:21:17
PTP002263,payment_link_opened,2026-05-27 15:06:52
PTP002264,payment_link_sent,2026-05-19 08:14:16
PTP002264,whatsapp_confirmation_sent,2026-05-20 10:03:45
PTP002264,confirmation_reply_yes,2026-05-20 10:39:35
PTP002265,whatsapp_confirmation_sent,2026-05-20 10:02:06
PTP002266,payment_link_sent,2026-05-19 14:57:06
PTP002266,whatsapp_confirmation_sent,2026-05-20 10:07:56
PTP002267,payment_link_sent,2026-05-19 18:46:46
PTP002267,whatsapp_confirmation_sent,2026-05-20 10:12:20
PTP002268,payment_link_sent,2026-05-19 19:02:02
PTP002268,whatsapp_confirmation_sent,2026-05-20 10:03:01
PTP002268,confirmation_reply_yes,2026-05-20 14:55:39
PTP002268,payment_link_opened,2026-06-04 21:09:34
PTP002269,payment_link_sent,2026-05-19 14:49:31
PTP002269,whatsapp_confirmation_sent,2026-05-20 10:26:01
PTP002270,payment_link_sent,2026-05-19 16:01:36
PTP002270,payment_link_opened,2026-05-19 20:03:33
PTP002270,whatsapp_confirmation_sent,2026-05-20 10:04:36
PTP002271,payment_link_sent,2026-05-19 16:13:19
PTP002271,whatsapp_confirmation_sent,2026-05-20 10:16:24
PTP002271,confirmation_reply_yes,2026-05-20 12:35:31
PTP002271,payment_link_opened,2026-05-30 11:22:05
PTP002272,payment_link_sent,2026-05-19 16:52:34
PTP002272,whatsapp_confirmation_sent,2026-05-20 10:25:02
PTP002272,payment_link_opened,2026-05-24 12:32:13
PTP002273,payment_link_sent,2026-05-19 17:50:11
PTP002273,whatsapp_confirmation_sent,2026-05-20 10:12:22
PTP002274,whatsapp_confirmation_sent,2026-05-20 10:28:20
PTP002274,confirmation_reply_yes,2026-05-20 12:59:19
PTP002275,payment_link_sent,2026-05-19 11:38:09
PTP002277,payment_link_sent,2026-05-19 11:14:03
PTP002281,payment_link_sent,2026-05-20 10:37:28
PTP002281,payment_link_opened,2026-05-20 10:40:34
PTP002281,whatsapp_confirmation_sent,2026-05-21 10:23:38
PTP002282,inbound_call_from_customer,2026-05-20 14:50:08
PTP002282,whatsapp_confirmation_sent,2026-05-21 10:17:16
PTP002282,confirmation_reply_no,2026-05-21 13:07:23
PTP002283,payment_link_sent,2026-05-20 08:08:53
PTP002283,whatsapp_confirmation_sent,2026-05-21 10:02:47
PTP002283,confirmation_reply_yes,2026-05-21 14:44:25
PTP002284,whatsapp_confirmation_sent,2026-05-21 10:26:01
PTP002285,payment_link_sent,2026-05-20 12:08:49
PTP002285,whatsapp_confirmation_sent,2026-05-21 10:24:43
PTP002286,payment_link_sent,2026-05-20 12:01:05
PTP002286,whatsapp_confirmation_sent,2026-05-21 10:06:28
PTP002286,payment_link_opened,2026-05-22 17:09:33
PTP002287,payment_link_sent,2026-05-20 10:10:40
PTP002287,whatsapp_confirmation_sent,2026-05-21 10:21:22
PTP002288,whatsapp_confirmation_sent,2026-05-21 10:25:54
PTP002289,payment_link_sent,2026-05-20 12:41:53
PTP002289,payment_link_opened,2026-05-20 13:11:37
PTP002289,whatsapp_confirmation_sent,2026-05-21 10:06:12
PTP002289,payment_link_opened,2026-05-23 13:17:19
PTP002290,whatsapp_confirmation_sent,2026-05-21 10:22:25
PTP002290,confirmation_reply_yes,2026-05-21 15:45:50
PTP002291,payment_link_sent,2026-05-20 09:14:09
PTP002291,whatsapp_confirmation_sent,2026-05-21 10:06:11
PTP002291,confirmation_reply_no,2026-05-21 14:26:07
PTP002292,payment_link_sent,2026-05-20 10:53:36
PTP002292,whatsapp_confirmation_sent,2026-05-21 10:25:35
PTP002293,payment_link_sent,2026-05-20 09:17:16
PTP002293,payment_link_opened,2026-05-20 09:34:59
PTP002293,whatsapp_confirmation_sent,2026-05-21 10:21:13
PTP002293,payment_link_opened,2026-06-11 13:12:38
PTP002294,whatsapp_confirmation_sent,2026-05-21 10:23:42
PTP002295,payment_link_sent,2026-05-20 08:34:45
PTP002295,payment_link_opened,2026-05-20 11:44:10
PTP002295,whatsapp_confirmation_sent,2026-05-21 10:24:55
PTP002295,payment_link_opened,2026-05-24 22:19:11
PTP002296,payment_link_sent,2026-05-20 10:29:46
PTP002296,whatsapp_confirmation_sent,2026-05-21 10:07:59
PTP002297,whatsapp_confirmation_sent,2026-05-21 10:17:59
PTP002297,confirmation_reply_yes,2026-05-21 11:32:38
PTP002298,payment_link_sent,2026-05-20 09:04:42
PTP002298,payment_link_opened,2026-05-20 14:15:41
PTP002298,whatsapp_confirmation_sent,2026-05-21 10:12:02
PTP002298,confirmation_reply_yes,2026-05-21 10:30:22
PTP002299,payment_link_sent,2026-05-20 12:53:03
PTP002299,whatsapp_confirmation_sent,2026-05-21 10:06:29
PTP002300,whatsapp_confirmation_sent,2026-05-21 10:04:41
PTP002301,payment_link_sent,2026-05-20 12:15:59
PTP002301,whatsapp_confirmation_sent,2026-05-21 10:22:44
PTP002302,payment_link_sent,2026-05-20 09:27:13
PTP002302,payment_link_opened,2026-05-20 14:32:32
PTP002302,whatsapp_confirmation_sent,2026-05-21 10:22:56
PTP002303,payment_link_sent,2026-05-20 09:21:29
PTP002303,whatsapp_confirmation_sent,2026-05-21 10:03:49
PTP002303,confirmation_reply_yes,2026-05-21 15:00:28
PTP002303,payment_link_opened,2026-06-01 18:20:57
PTP002304,payment_link_sent,2026-05-20 11:11:07
PTP002304,whatsapp_confirmation_sent,2026-05-21 10:03:50
PTP002305,payment_link_sent,2026-05-20 11:54:42
PTP002305,whatsapp_confirmation_sent,2026-05-21 10:09:15
PTP002305,confirmation_reply_yes,2026-05-21 13:38:25
PTP002306,whatsapp_confirmation_sent,2026-05-21 10:16:00
PTP002307,payment_link_sent,2026-05-20 11:31:49
PTP002307,payment_link_opened,2026-05-20 23:18:23
PTP002307,whatsapp_confirmation_sent,2026-05-21 10:05:09
PTP002308,whatsapp_confirmation_sent,2026-05-21 10:11:17
PTP002309,whatsapp_confirmation_sent,2026-05-21 10:16:58
PTP002310,payment_link_sent,2026-05-20 09:04:19
PTP002310,whatsapp_confirmation_sent,2026-05-21 10:09:35
PTP002311,payment_link_sent,2026-05-20 08:58:16
PTP002311,whatsapp_confirmation_sent,2026-05-21 10:03:11
PTP002312,payment_link_sent,2026-05-20 09:54:09
PTP002312,payment_link_opened,2026-05-20 13:57:32
PTP002312,whatsapp_confirmation_sent,2026-05-21 10:11:49
PTP002312,confirmation_reply_yes,2026-05-21 11:59:30
PTP002313,payment_link_sent,2026-05-20 13:56:10
PTP002313,whatsapp_confirmation_sent,2026-05-21 10:12:19
PTP002313,payment_link_opened,2026-05-28 14:17:06
PTP002314,payment_link_sent,2026-05-20 18:08:24
PTP002314,whatsapp_confirmation_sent,2026-05-21 10:29:00
PTP002315,whatsapp_confirmation_sent,2026-05-21 10:05:29
PTP002315,confirmation_reply_yes,2026-05-21 14:45:24
PTP002316,payment_link_sent,2026-05-20 17:54:31
PTP002316,whatsapp_confirmation_sent,2026-05-21 10:16:30
PTP002316,confirmation_reply_yes,2026-05-21 11:27:29
PTP002317,payment_link_sent,2026-05-20 16:18:02
PTP002317,whatsapp_confirmation_sent,2026-05-21 10:00:17
PTP002318,payment_link_sent,2026-05-20 17:04:50
PTP002318,whatsapp_confirmation_sent,2026-05-21 10:23:28
PTP002319,payment_link_opened,2026-05-20 11:45:18
PTP002319,payment_link_sent,2026-05-20 13:35:14
PTP002319,payment_link_opened,2026-05-20 13:35:44
PTP002319,whatsapp_confirmation_sent,2026-05-21 10:29:23
PTP002320,payment_link_sent,2026-05-20 18:26:24
PTP002320,payment_link_opened,2026-05-20 23:03:12
PTP002320,whatsapp_confirmation_sent,2026-05-21 10:10:18
PTP002320,inbound_call_from_customer,2026-05-22 17:55:23
PTP002320,payment_link_opened,2026-06-04 13:13:23
PTP002321,payment_link_sent,2026-05-20 18:56:37
PTP002321,whatsapp_confirmation_sent,2026-05-21 10:13:56
PTP002321,inbound_call_from_customer,2026-05-21 21:12:55
PTP002321,payment_link_opened,2026-05-23 15:14:43
PTP002322,payment_link_sent,2026-05-20 11:50:34
PTP002322,payment_link_opened,2026-05-20 21:53:41
PTP002327,payment_link_sent,2026-05-20 12:11:17
PTP002329,payment_link_sent,2026-05-20 11:31:04
PTP002332,payment_link_sent,2026-05-21 09:41:09
PTP002332,whatsapp_confirmation_sent,2026-05-22 10:29:22
PTP002333,payment_link_sent,2026-05-21 08:18:08
PTP002333,whatsapp_confirmation_sent,2026-05-22 10:07:57
PTP002333,confirmation_reply_yes,2026-05-22 15:26:39
PTP002333,payment_link_opened,2026-05-26 19:50:12
PTP002334,payment_link_sent,2026-05-21 09:59:08
PTP002334,whatsapp_confirmation_sent,2026-05-22 10:20:18
PTP002335,payment_link_sent,2026-05-21 09:00:35
PTP002335,whatsapp_confirmation_sent,2026-05-22 10:09:35
PTP002336,whatsapp_confirmation_sent,2026-05-22 10:06:12
PTP002336,confirmation_reply_yes,2026-05-22 14:44:52
PTP002337,payment_link_sent,2026-05-21 09:10:55
PTP002337,payment_link_opened,2026-05-21 09:22:20
PTP002337,whatsapp_confirmation_sent,2026-05-22 10:14:49
PTP002338,payment_link_sent,2026-05-21 11:37:03
PTP002338,whatsapp_confirmation_sent,2026-05-22 10:13:47
PTP002338,confirmation_reply_yes,2026-05-22 12:45:03
PTP002338,payment_link_opened,2026-06-07 11:51:11
PTP002339,payment_link_sent,2026-05-21 11:23:46
PTP002339,whatsapp_confirmation_sent,2026-05-22 10:17:19
PTP002339,payment_link_opened,2026-06-01 13:36:57
PTP002340,payment_link_sent,2026-05-21 12:33:19
PTP002340,whatsapp_confirmation_sent,2026-05-22 10:05:47
PTP002340,confirmation_reply_yes,2026-05-22 15:15:02
PTP002341,payment_link_sent,2026-05-21 09:19:12
PTP002341,whatsapp_confirmation_sent,2026-05-22 10:05:58
PTP002342,payment_link_sent,2026-05-21 10:17:04
PTP002342,payment_link_opened,2026-05-21 11:49:19
PTP002342,whatsapp_confirmation_sent,2026-05-22 10:18:49
PTP002342,confirmation_reply_yes,2026-05-22 11:09:05
PTP002343,whatsapp_confirmation_sent,2026-05-22 10:26:00
PTP002344,payment_link_sent,2026-05-21 09:04:40
PTP002344,whatsapp_confirmation_sent,2026-05-22 10:13:44
PTP002345,payment_link_sent,2026-05-21 10:20:43
PTP002345,whatsapp_confirmation_sent,2026-05-22 10:05:02
PTP002345,confirmation_reply_no,2026-05-22 14:46:57
PTP002346,payment_link_sent,2026-05-21 10:45:48
PTP002346,whatsapp_confirmation_sent,2026-05-22 10:06:01
PTP002347,payment_link_sent,2026-05-21 09:58:56
PTP002347,whatsapp_confirmation_sent,2026-05-22 10:02:16
PTP002347,payment_link_opened,2026-06-09 18:58:12
PTP002348,whatsapp_confirmation_sent,2026-05-22 10:26:12
PTP002348,confirmation_reply_yes,2026-05-22 10:48:55
PTP002349,payment_link_sent,2026-05-21 08:33:49
PTP002349,whatsapp_confirmation_sent,2026-05-22 10:18:06
PTP002349,inbound_call_from_customer,2026-05-22 19:43:30
PTP002350,payment_link_sent,2026-05-21 08:36:26
PTP002350,payment_link_opened,2026-05-21 10:09:15
PTP002350,whatsapp_confirmation_sent,2026-05-22 10:18:36
PTP002350,payment_link_opened,2026-05-28 18:42:08
PTP002351,payment_link_sent,2026-05-21 14:51:17
PTP002351,payment_link_opened,2026-05-21 15:09:18
PTP002351,whatsapp_confirmation_sent,2026-05-22 10:16:26
PTP002351,payment_link_opened,2026-06-03 15:00:34
PTP002352,whatsapp_confirmation_sent,2026-05-22 10:13:02
PTP002353,whatsapp_confirmation_sent,2026-05-22 10:12:05
PTP002354,payment_link_sent,2026-05-21 14:35:07
PTP002354,whatsapp_confirmation_sent,2026-05-22 10:27:55
PTP002354,inbound_call_from_customer,2026-05-22 16:24:20
PTP002354,payment_link_opened,2026-05-22 20:00:00
PTP002355,payment_link_sent,2026-05-21 13:13:26
PTP002355,payment_link_opened,2026-05-22 03:26:20
PTP002355,whatsapp_confirmation_sent,2026-05-22 10:11:41
PTP002356,payment_link_sent,2026-05-21 17:26:54
PTP002356,whatsapp_confirmation_sent,2026-05-22 10:01:23
PTP002357,whatsapp_confirmation_sent,2026-05-22 10:28:11
PTP002357,confirmation_reply_no,2026-05-22 13:22:06
PTP002358,whatsapp_confirmation_sent,2026-05-22 10:15:00
PTP002358,confirmation_reply_yes,2026-05-22 14:58:24
PTP002359,payment_link_sent,2026-05-21 17:41:18
PTP002359,whatsapp_confirmation_sent,2026-05-22 10:16:01
PTP002359,payment_link_opened,2026-05-27 10:53:05
PTP002364,payment_link_sent,2026-05-21 13:09:40
PTP002364,payment_link_opened,2026-05-21 14:51:59
PTP002366,whatsapp_confirmation_sent,2026-05-23 10:25:13
PTP002367,whatsapp_confirmation_sent,2026-05-23 10:16:13
PTP002368,payment_link_sent,2026-05-22 12:20:02
PTP002368,whatsapp_confirmation_sent,2026-05-23 10:00:20
PTP002368,payment_link_opened,2026-06-08 12:43:14
PTP002369,payment_link_sent,2026-05-22 12:34:09
PTP002369,payment_link_opened,2026-05-22 15:03:03
PTP002369,whatsapp_confirmation_sent,2026-05-23 10:16:14
PTP002369,confirmation_reply_yes,2026-05-23 13:03:14
PTP002369,inbound_call_from_customer,2026-05-26 09:28:32
PTP002370,whatsapp_confirmation_sent,2026-05-23 10:01:18
PTP002371,payment_link_sent,2026-05-22 09:43:29
PTP002371,payment_link_opened,2026-05-22 13:10:09
PTP002371,whatsapp_confirmation_sent,2026-05-23 10:21:39
PTP002371,confirmation_reply_yes,2026-05-23 13:54:02
PTP002371,payment_link_opened,2026-05-28 14:21:28
PTP002372,payment_link_sent,2026-05-22 12:59:01
PTP002372,payment_link_opened,2026-05-22 19:45:10
PTP002372,whatsapp_confirmation_sent,2026-05-23 10:14:46
PTP002372,confirmation_reply_yes,2026-05-23 11:30:31
PTP002372,payment_link_opened,2026-06-03 10:15:46
PTP002373,payment_link_sent,2026-05-22 11:51:24
PTP002373,whatsapp_confirmation_sent,2026-05-23 10:19:47
PTP002373,payment_link_opened,2026-06-08 16:48:47
PTP002374,whatsapp_confirmation_sent,2026-05-23 10:29:00
PTP002374,confirmation_reply_yes,2026-05-23 10:40:15
PTP002374,inbound_call_from_customer,2026-05-27 13:30:35
PTP002375,payment_link_sent,2026-05-22 09:36:50
PTP002375,whatsapp_confirmation_sent,2026-05-23 10:08:19
PTP002376,payment_link_sent,2026-05-22 11:28:08
PTP002376,whatsapp_confirmation_sent,2026-05-23 10:28:32
PTP002377,payment_link_sent,2026-05-22 09:17:30
PTP002377,payment_link_opened,2026-05-22 13:55:59
PTP002377,whatsapp_confirmation_sent,2026-05-23 10:08:17
PTP002378,payment_link_sent,2026-05-22 09:38:30
PTP002378,whatsapp_confirmation_sent,2026-05-23 10:21:22
PTP002378,confirmation_reply_yes,2026-05-23 13:00:17
PTP002379,whatsapp_confirmation_sent,2026-05-23 10:14:00
PTP002379,confirmation_reply_yes,2026-05-23 13:01:00
PTP002380,payment_link_sent,2026-05-22 08:15:59
PTP002380,payment_link_opened,2026-05-22 11:15:12
PTP002380,whatsapp_confirmation_sent,2026-05-23 10:13:19
PTP002380,confirmation_reply_no,2026-05-23 11:47:29
PTP002380,payment_link_opened,2026-05-24 17:32:21
PTP002381,payment_link_sent,2026-05-22 08:31:23
PTP002381,whatsapp_confirmation_sent,2026-05-23 10:07:21
PTP002382,payment_link_sent,2026-05-22 09:26:53
PTP002382,payment_link_opened,2026-05-22 18:20:25
PTP002382,whatsapp_confirmation_sent,2026-05-23 10:06:17
PTP002382,confirmation_reply_yes,2026-05-23 13:21:38
PTP002383,whatsapp_confirmation_sent,2026-05-23 10:02:16
PTP002384,payment_link_sent,2026-05-22 10:54:38
PTP002384,whatsapp_confirmation_sent,2026-05-23 10:27:49
PTP002384,confirmation_reply_yes,2026-05-23 14:40:25
PTP002385,payment_link_sent,2026-05-22 11:33:54
PTP002385,whatsapp_confirmation_sent,2026-05-23 10:05:12
PTP002386,payment_link_sent,2026-05-22 08:12:27
PTP002386,whatsapp_confirmation_sent,2026-05-23 10:22:41
PTP002387,payment_link_sent,2026-05-22 11:02:31
PTP002387,payment_link_opened,2026-05-22 19:22:56
PTP002387,whatsapp_confirmation_sent,2026-05-23 10:01:32
PTP002387,payment_link_opened,2026-05-29 20:46:54
PTP002388,whatsapp_confirmation_sent,2026-05-23 10:03:04
PTP002388,confirmation_reply_yes,2026-05-23 14:32:31
PTP002389,payment_link_sent,2026-05-22 10:01:45
PTP002389,whatsapp_confirmation_sent,2026-05-23 10:28:52
PTP002390,payment_link_sent,2026-05-22 08:15:07
PTP002390,whatsapp_confirmation_sent,2026-05-23 10:00:51
PTP002390,payment_link_opened,2026-05-27 18:33:58
PTP002391,whatsapp_confirmation_sent,2026-05-23 10:19:20
PTP002392,whatsapp_confirmation_sent,2026-05-23 10:24:56
PTP002393,payment_link_sent,2026-05-22 14:03:38
PTP002393,whatsapp_confirmation_sent,2026-05-23 10:10:20
PTP002394,whatsapp_confirmation_sent,2026-05-23 10:21:36
PTP002395,payment_link_sent,2026-05-22 18:35:52
PTP002395,payment_link_opened,2026-05-23 00:27:33
PTP002395,whatsapp_confirmation_sent,2026-05-23 10:09:24
PTP002395,payment_link_opened,2026-05-28 16:38:59
PTP002396,payment_link_sent,2026-05-22 17:07:20
PTP002396,whatsapp_confirmation_sent,2026-05-23 10:20:26
PTP002397,payment_link_sent,2026-05-22 18:09:34
PTP002397,whatsapp_confirmation_sent,2026-05-23 10:05:37
PTP002397,confirmation_reply_yes,2026-05-23 10:54:14
PTP002398,payment_link_sent,2026-05-22 17:26:14
PTP002398,whatsapp_confirmation_sent,2026-05-23 10:10:30
PTP002399,payment_link_sent,2026-05-22 13:20:04
PTP002399,whatsapp_confirmation_sent,2026-05-23 10:23:16
PTP002399,confirmation_reply_yes,2026-05-23 12:42:20
PTP002400,payment_link_sent,2026-05-22 18:59:07
PTP002400,payment_link_opened,2026-05-22 19:02:59
PTP002400,whatsapp_confirmation_sent,2026-05-23 10:24:35
PTP002400,confirmation_reply_yes,2026-05-23 12:12:30
PTP002400,payment_link_opened,2026-05-29 17:24:26
PTP002401,payment_link_sent,2026-05-22 18:06:49
PTP002401,whatsapp_confirmation_sent,2026-05-23 10:10:12
PTP002402,payment_link_sent,2026-05-22 13:55:14
PTP002402,whatsapp_confirmation_sent,2026-05-23 10:14:29
PTP002402,inbound_call_from_customer,2026-05-26 16:26:04
PTP002403,payment_link_sent,2026-05-22 16:06:58
PTP002403,payment_link_opened,2026-05-22 16:24:11
PTP002403,whatsapp_confirmation_sent,2026-05-23 10:04:34
PTP002403,confirmation_reply_no,2026-05-23 10:27:21
PTP002403,payment_link_opened,2026-05-27 09:04:33
PTP002404,whatsapp_confirmation_sent,2026-05-23 10:17:57
PTP002410,payment_link_sent,2026-05-23 08:15:16
PTP002410,whatsapp_confirmation_sent,2026-05-24 10:04:05
PTP002411,payment_link_sent,2026-05-23 10:52:03
PTP002411,payment_link_opened,2026-05-23 16:29:19
PTP002411,whatsapp_confirmation_sent,2026-05-24 10:20:15
PTP002412,payment_link_sent,2026-05-23 10:20:48
PTP002412,whatsapp_confirmation_sent,2026-05-24 10:11:15
PTP002413,payment_link_sent,2026-05-23 11:09:09
PTP002413,payment_link_opened,2026-05-23 13:06:37
PTP002413,whatsapp_confirmation_sent,2026-05-24 10:12:35
PTP002413,confirmation_reply_no,2026-05-24 15:19:26
PTP002413,payment_link_opened,2026-05-24 17:49:28
PTP002414,payment_link_sent,2026-05-23 09:52:58
PTP002414,payment_link_opened,2026-05-23 12:21:24
PTP002414,whatsapp_confirmation_sent,2026-05-24 10:23:52
PTP002414,confirmation_reply_yes,2026-05-24 13:05:25
PTP002415,payment_link_sent,2026-05-23 12:39:52
PTP002415,whatsapp_confirmation_sent,2026-05-24 10:03:02
PTP002416,payment_link_sent,2026-05-23 08:19:21
PTP002416,payment_link_opened,2026-05-23 14:11:12
PTP002416,whatsapp_confirmation_sent,2026-05-24 10:19:38
PTP002416,confirmation_reply_yes,2026-05-24 13:25:00
PTP002417,payment_link_sent,2026-05-23 08:22:35
PTP002417,whatsapp_confirmation_sent,2026-05-24 10:09:31
PTP002418,payment_link_sent,2026-05-23 09:16:45
PTP002418,whatsapp_confirmation_sent,2026-05-24 10:26:35
PTP002418,confirmation_reply_yes,2026-05-24 13:06:43
PTP002419,payment_link_sent,2026-05-23 09:51:50
PTP002419,whatsapp_confirmation_sent,2026-05-24 10:25:49
PTP002420,payment_link_sent,2026-05-23 09:16:44
PTP002420,whatsapp_confirmation_sent,2026-05-24 10:03:43
PTP002420,confirmation_reply_yes,2026-05-24 12:05:29
PTP002420,payment_link_opened,2026-06-05 20:41:29
PTP002421,payment_link_sent,2026-05-23 08:57:08
PTP002421,whatsapp_confirmation_sent,2026-05-24 10:19:04
PTP002421,payment_link_opened,2026-05-26 12:48:43
PTP002421,inbound_call_from_customer,2026-05-28 11:02:06
PTP002422,whatsapp_confirmation_sent,2026-05-24 10:09:57
PTP002423,payment_link_sent,2026-05-23 09:28:54
PTP002423,whatsapp_confirmation_sent,2026-05-24 10:18:30
PTP002423,payment_link_opened,2026-05-28 19:23:30
PTP002424,whatsapp_confirmation_sent,2026-05-24 10:10:20
PTP002425,payment_link_sent,2026-05-23 12:22:00
PTP002425,whatsapp_confirmation_sent,2026-05-24 10:24:22
PTP002426,whatsapp_confirmation_sent,2026-05-24 10:17:52
PTP002427,whatsapp_confirmation_sent,2026-05-24 10:03:09
PTP002427,confirmation_reply_yes,2026-05-24 12:21:46
PTP002428,whatsapp_confirmation_sent,2026-05-24 10:02:37
PTP002429,whatsapp_confirmation_sent,2026-05-24 10:09:07
PTP002429,confirmation_reply_yes,2026-05-24 14:46:42
PTP002430,payment_link_sent,2026-05-23 08:11:14
PTP002430,payment_link_opened,2026-05-23 11:44:54
PTP002430,whatsapp_confirmation_sent,2026-05-24 10:04:06
PTP002430,confirmation_reply_yes,2026-05-24 14:40:45
PTP002431,whatsapp_confirmation_sent,2026-05-24 10:26:47
PTP002431,confirmation_reply_no,2026-05-24 11:23:06
PTP002432,whatsapp_confirmation_sent,2026-05-24 10:20:17
PTP002433,whatsapp_confirmation_sent,2026-05-24 10:28:52
PTP002433,confirmation_reply_yes,2026-05-24 15:25:40
PTP002434,payment_link_sent,2026-05-23 12:26:49
PTP002434,whatsapp_confirmation_sent,2026-05-24 10:13:57
PTP002435,payment_link_sent,2026-05-23 09:26:07
PTP002435,whatsapp_confirmation_sent,2026-05-24 10:23:10
PTP002436,payment_link_sent,2026-05-23 08:14:46
PTP002436,whatsapp_confirmation_sent,2026-05-24 10:25:48
PTP002436,payment_link_opened,2026-06-04 21:38:30
PTP002437,payment_link_sent,2026-05-23 14:33:29
PTP002437,whatsapp_confirmation_sent,2026-05-24 10:28:24
PTP002437,confirmation_reply_yes,2026-05-24 11:20:50
PTP002438,payment_link_sent,2026-05-23 18:33:14
PTP002438,whatsapp_confirmation_sent,2026-05-24 10:21:34
PTP002438,confirmation_reply_yes,2026-05-24 10:28:58
PTP002439,whatsapp_confirmation_sent,2026-05-24 10:28:08
PTP002440,payment_link_sent,2026-05-23 13:39:36
PTP002440,inbound_call_from_customer,2026-05-24 06:32:52
PTP002440,whatsapp_confirmation_sent,2026-05-24 10:24:50
PTP002440,confirmation_reply_yes,2026-05-24 15:39:19
PTP002445,payment_link_sent,2026-05-23 12:22:28
PTP002445,payment_link_opened,2026-06-03 13:05:38
PTP002446,payment_link_sent,2026-05-24 09:37:38
PTP002446,whatsapp_confirmation_sent,2026-05-25 10:12:52
PTP002446,confirmation_reply_no,2026-05-25 12:22:24
PTP002447,payment_link_sent,2026-05-24 08:32:56
PTP002447,whatsapp_confirmation_sent,2026-05-25 10:10:35
PTP002447,payment_link_opened,2026-06-04 09:21:55
PTP002448,whatsapp_confirmation_sent,2026-05-25 10:12:13
PTP002449,whatsapp_confirmation_sent,2026-05-25 10:18:48
PTP002449,confirmation_reply_yes,2026-05-25 12:51:02
PTP002450,payment_link_sent,2026-05-24 08:56:02
PTP002450,whatsapp_confirmation_sent,2026-05-25 10:04:27
PTP002451,payment_link_sent,2026-05-24 09:45:37
PTP002451,payment_link_opened,2026-05-24 11:10:18
PTP002451,whatsapp_confirmation_sent,2026-05-25 10:01:41
PTP002451,inbound_call_from_customer,2026-05-27 12:07:36
PTP002451,payment_link_opened,2026-06-07 17:47:37
PTP002452,whatsapp_confirmation_sent,2026-05-25 10:21:22
PTP002452,confirmation_reply_yes,2026-05-25 12:50:24
PTP002453,payment_link_sent,2026-05-24 08:42:27
PTP002453,payment_link_opened,2026-05-24 11:25:55
PTP002453,whatsapp_confirmation_sent,2026-05-25 10:07:40
PTP002454,payment_link_sent,2026-05-24 09:49:21
PTP002454,whatsapp_confirmation_sent,2026-05-25 10:04:03
PTP002455,whatsapp_confirmation_sent,2026-05-25 10:12:27
PTP002456,whatsapp_confirmation_sent,2026-05-25 10:18:34
PTP002456,confirmation_reply_yes,2026-05-25 13:54:01
PTP002457,payment_link_sent,2026-05-24 10:19:37
PTP002457,whatsapp_confirmation_sent,2026-05-25 10:09:47
PTP002457,payment_link_opened,2026-05-26 10:59:16
PTP002458,payment_link_sent,2026-05-24 09:08:23
PTP002458,payment_link_opened,2026-05-24 16:58:04
PTP002458,whatsapp_confirmation_sent,2026-05-25 10:09:24
PTP002459,whatsapp_confirmation_sent,2026-05-25 10:00:35
PTP002460,whatsapp_confirmation_sent,2026-05-25 10:13:43
PTP002461,whatsapp_confirmation_sent,2026-05-25 10:10:29
PTP002461,confirmation_reply_yes,2026-05-25 12:44:49
PTP002462,payment_link_sent,2026-05-24 08:46:44
PTP002462,payment_link_opened,2026-05-24 19:51:38
PTP002462,whatsapp_confirmation_sent,2026-05-25 10:25:54
PTP002463,whatsapp_confirmation_sent,2026-05-25 10:10:36
PTP002464,payment_link_sent,2026-05-24 17:54:21
PTP002464,payment_link_opened,2026-05-24 20:01:25
PTP002464,whatsapp_confirmation_sent,2026-05-25 10:07:54
PTP002464,confirmation_reply_yes,2026-05-25 10:46:05
PTP002464,payment_link_opened,2026-05-28 10:26:59
PTP002465,payment_link_sent,2026-05-24 14:57:59
PTP002465,whatsapp_confirmation_sent,2026-05-25 10:00:25
PTP002465,payment_link_opened,2026-06-20 12:42:28
PTP002466,whatsapp_confirmation_sent,2026-05-25 10:21:21
PTP002467,whatsapp_confirmation_sent,2026-05-25 10:03:35
PTP002468,whatsapp_confirmation_sent,2026-05-26 10:19:46
PTP002469,whatsapp_confirmation_sent,2026-05-26 10:12:46
PTP002470,whatsapp_confirmation_sent,2026-05-26 10:05:47
PTP002471,payment_link_sent,2026-05-25 09:12:12
PTP002471,whatsapp_confirmation_sent,2026-05-26 10:01:42
PTP002471,confirmation_reply_yes,2026-05-26 11:19:50
PTP002472,payment_link_sent,2026-05-25 11:16:32
PTP002472,whatsapp_confirmation_sent,2026-05-26 10:14:12
PTP002472,payment_link_opened,2026-05-26 14:40:45
PTP002473,payment_link_sent,2026-05-25 10:46:14
PTP002473,payment_link_opened,2026-05-25 13:44:46
PTP002473,whatsapp_confirmation_sent,2026-05-26 10:10:00
PTP002473,confirmation_reply_yes,2026-05-26 11:00:03
PTP002474,whatsapp_confirmation_sent,2026-05-26 10:08:51
PTP002474,confirmation_reply_no,2026-05-26 11:34:18
PTP002475,payment_link_sent,2026-05-25 12:59:07
PTP002475,whatsapp_confirmation_sent,2026-05-26 10:09:45
PTP002475,confirmation_reply_yes,2026-05-26 14:05:43
PTP002476,payment_link_sent,2026-05-25 09:55:40
PTP002476,whatsapp_confirmation_sent,2026-05-26 10:11:51
PTP002476,confirmation_reply_yes,2026-05-26 10:51:46
PTP002477,payment_link_sent,2026-05-25 11:58:01
PTP002477,payment_link_opened,2026-05-25 16:55:14
PTP002477,whatsapp_confirmation_sent,2026-05-26 10:29:37
PTP002477,confirmation_reply_no,2026-05-26 10:37:43
PTP002478,whatsapp_confirmation_sent,2026-05-26 10:29:40
PTP002479,payment_link_sent,2026-05-25 12:49:55
PTP002479,whatsapp_confirmation_sent,2026-05-26 10:21:27
PTP002480,whatsapp_confirmation_sent,2026-05-26 10:22:19
PTP002480,confirmation_reply_yes,2026-05-26 11:01:42
PTP002480,inbound_call_from_customer,2026-05-27 13:27:15
PTP002481,payment_link_sent,2026-05-25 08:47:53
PTP002481,payment_link_opened,2026-05-25 09:50:37
PTP002481,whatsapp_confirmation_sent,2026-05-26 10:09:31
PTP002481,confirmation_reply_yes,2026-05-26 12:01:09
PTP002481,payment_link_opened,2026-05-31 18:02:58
PTP002482,payment_link_sent,2026-05-25 11:57:03
PTP002482,whatsapp_confirmation_sent,2026-05-26 10:28:26
PTP002483,payment_link_sent,2026-05-25 11:26:14
PTP002483,whatsapp_confirmation_sent,2026-05-26 10:20:32
PTP002483,payment_link_opened,2026-05-27 11:55:42
PTP002484,whatsapp_confirmation_sent,2026-05-26 10:13:33
PTP002485,whatsapp_confirmation_sent,2026-05-26 10:03:18
PTP002486,inbound_call_from_customer,2026-05-26 00:59:23
PTP002486,whatsapp_confirmation_sent,2026-05-26 10:11:06
PTP002486,confirmation_reply_yes,2026-05-26 10:32:50
PTP002487,payment_link_sent,2026-05-25 09:13:49
PTP002487,whatsapp_confirmation_sent,2026-05-26 10:28:15
PTP002487,confirmation_reply_no,2026-05-26 10:52:26
PTP002488,payment_link_sent,2026-05-25 08:27:44
PTP002488,whatsapp_confirmation_sent,2026-05-26 10:11:37
PTP002488,confirmation_reply_no,2026-05-26 12:31:44
PTP002489,payment_link_sent,2026-05-25 09:34:58
PTP002489,whatsapp_confirmation_sent,2026-05-26 10:25:26
PTP002489,inbound_call_from_customer,2026-05-27 13:36:18
PTP002489,payment_link_opened,2026-05-31 08:28:30
PTP002490,whatsapp_confirmation_sent,2026-05-26 10:23:50
PTP002491,payment_link_sent,2026-05-25 09:31:23
PTP002491,whatsapp_confirmation_sent,2026-05-26 10:10:52
PTP002491,payment_link_opened,2026-06-03 14:11:26
PTP002492,whatsapp_confirmation_sent,2026-05-26 10:14:40
PTP002493,whatsapp_confirmation_sent,2026-05-26 10:13:04
PTP002493,confirmation_reply_yes,2026-05-26 13:21:55
PTP002494,payment_link_sent,2026-05-25 17:28:40
PTP002494,whatsapp_confirmation_sent,2026-05-26 10:01:14
PTP002495,payment_link_sent,2026-05-25 15:54:30
PTP002495,whatsapp_confirmation_sent,2026-05-26 10:15:41
PTP002496,whatsapp_confirmation_sent,2026-05-26 10:11:42
PTP002496,confirmation_reply_yes,2026-05-26 14:32:52
PTP002497,whatsapp_confirmation_sent,2026-05-26 10:18:54
PTP002498,payment_link_sent,2026-05-25 17:36:15
PTP002498,whatsapp_confirmation_sent,2026-05-26 10:19:56
PTP002499,payment_link_sent,2026-05-25 16:16:23
PTP002499,whatsapp_confirmation_sent,2026-05-26 10:19:08
PTP002500,whatsapp_confirmation_sent,2026-05-26 10:02:30
PTP002501,payment_link_sent,2026-05-25 16:43:28
PTP002501,whatsapp_confirmation_sent,2026-05-26 10:15:08
PTP002502,payment_link_sent,2026-05-25 11:29:33
PTP002503,payment_link_sent,2026-05-25 10:41:57
PTP002503,inbound_call_from_customer,2026-05-26 09:22:00
PTP002505,payment_link_sent,2026-05-25 11:15:54
PTP002506,payment_link_sent,2026-05-25 12:00:58
PTP002507,payment_link_sent,2026-05-25 11:02:48
PTP002511,inbound_call_from_customer,2026-05-27 23:24:29
PTP002515,payment_link_sent,2026-05-25 14:05:18
PTP002517,payment_link_sent,2026-05-26 12:40:21
PTP002517,whatsapp_confirmation_sent,2026-05-27 10:06:13
PTP002518,whatsapp_confirmation_sent,2026-05-27 10:03:18
PTP002519,payment_link_sent,2026-05-26 10:58:23
PTP002519,payment_link_opened,2026-05-26 14:42:15
PTP002519,whatsapp_confirmation_sent,2026-05-27 10:02:22
PTP002519,confirmation_reply_yes,2026-05-27 12:43:35
PTP002519,payment_link_opened,2026-05-30 11:30:23
PTP002520,whatsapp_confirmation_sent,2026-05-27 10:16:11
PTP002520,inbound_call_from_customer,2026-05-27 18:51:11
PTP002521,payment_link_sent,2026-05-26 09:21:47
PTP002521,payment_link_opened,2026-05-26 10:01:47
PTP002521,whatsapp_confirmation_sent,2026-05-27 10:14:01
PTP002521,confirmation_reply_yes,2026-05-27 13:19:20
PTP002521,payment_link_opened,2026-05-29 07:56:03
PTP002522,whatsapp_confirmation_sent,2026-05-27 10:17:58
PTP002523,payment_link_sent,2026-05-26 08:31:33
PTP002523,whatsapp_confirmation_sent,2026-05-27 10:28:07
PTP002523,confirmation_reply_yes,2026-05-27 15:54:12
PTP002524,payment_link_sent,2026-05-26 10:48:58
PTP002524,whatsapp_confirmation_sent,2026-05-27 10:01:23
PTP002524,confirmation_reply_yes,2026-05-27 14:18:33
PTP002525,whatsapp_confirmation_sent,2026-05-27 10:19:13
PTP002526,whatsapp_confirmation_sent,2026-05-27 10:19:15
PTP002527,payment_link_sent,2026-05-26 08:20:51
PTP002527,inbound_call_from_customer,2026-05-26 12:39:14
PTP002527,whatsapp_confirmation_sent,2026-05-27 10:04:12
PTP002527,confirmation_reply_yes,2026-05-27 14:42:41
PTP002528,payment_link_sent,2026-05-26 10:48:46
PTP002528,whatsapp_confirmation_sent,2026-05-27 10:13:37
PTP002528,payment_link_opened,2026-05-31 11:33:05
PTP002529,payment_link_sent,2026-05-26 12:24:09
PTP002529,payment_link_opened,2026-05-26 18:04:35
PTP002529,whatsapp_confirmation_sent,2026-05-27 10:22:46
PTP002529,confirmation_reply_yes,2026-05-27 13:29:37
PTP002530,payment_link_sent,2026-05-26 13:04:30
PTP002530,whatsapp_confirmation_sent,2026-05-27 10:16:03
PTP002530,confirmation_reply_yes,2026-05-27 12:26:14
PTP002531,payment_link_sent,2026-05-26 08:46:31
PTP002531,payment_link_opened,2026-05-26 10:14:25
PTP002531,whatsapp_confirmation_sent,2026-05-27 10:11:03
PTP002531,confirmation_reply_yes,2026-05-27 13:20:40
PTP002532,payment_link_sent,2026-05-26 09:49:18
PTP002532,whatsapp_confirmation_sent,2026-05-27 10:04:53
PTP002532,payment_link_opened,2026-06-11 14:33:51
PTP002533,whatsapp_confirmation_sent,2026-05-27 10:20:29
PTP002534,payment_link_sent,2026-05-26 09:40:41
PTP002534,payment_link_opened,2026-05-26 16:59:12
PTP002534,whatsapp_confirmation_sent,2026-05-27 10:27:01
PTP002534,payment_link_opened,2026-05-29 14:58:19
PTP002535,whatsapp_confirmation_sent,2026-05-27 10:03:55
PTP002536,payment_link_sent,2026-05-26 09:24:12
PTP002536,whatsapp_confirmation_sent,2026-05-27 10:24:47
PTP002536,payment_link_opened,2026-06-03 13:59:18
PTP002537,payment_link_sent,2026-05-26 11:25:08
PTP002537,whatsapp_confirmation_sent,2026-05-27 10:12:07
PTP002538,whatsapp_confirmation_sent,2026-05-27 10:21:54
PTP002538,confirmation_reply_yes,2026-05-27 14:40:30
PTP002539,payment_link_sent,2026-05-26 10:25:24
PTP002539,whatsapp_confirmation_sent,2026-05-27 10:09:54
PTP002540,payment_link_sent,2026-05-26 11:10:59
PTP002540,whatsapp_confirmation_sent,2026-05-27 10:15:44
PTP002540,confirmation_reply_yes,2026-05-27 10:30:08
PTP002540,payment_link_opened,2026-06-01 21:33:09
PTP002541,whatsapp_confirmation_sent,2026-05-27 10:12:06
PTP002541,confirmation_reply_yes,2026-05-27 13:39:35
PTP002542,payment_link_sent,2026-05-26 11:01:47
PTP002542,whatsapp_confirmation_sent,2026-05-27 10:25:40
PTP002542,inbound_call_from_customer,2026-05-28 00:11:55
PTP002543,payment_link_sent,2026-05-26 08:47:14
PTP002543,whatsapp_confirmation_sent,2026-05-27 10:10:30
PTP002543,payment_link_opened,2026-06-05 16:22:21
PTP002544,payment_link_sent,2026-05-26 09:28:52
PTP002544,payment_link_opened,2026-05-26 09:33:30
PTP002544,whatsapp_confirmation_sent,2026-05-27 10:03:22
PTP002544,inbound_call_from_customer,2026-05-28 11:08:12
PTP002545,payment_link_sent,2026-05-26 08:57:19
PTP002545,payment_link_opened,2026-05-26 10:16:13
PTP002545,whatsapp_confirmation_sent,2026-05-27 10:20:23
PTP002546,payment_link_sent,2026-05-26 13:44:55
PTP002546,payment_link_opened,2026-05-26 16:06:40
PTP002546,whatsapp_confirmation_sent,2026-05-27 10:20:49
PTP002546,payment_link_opened,2026-05-31 15:08:05
PTP002547,payment_link_sent,2026-05-26 14:09:21
PTP002547,whatsapp_confirmation_sent,2026-05-27 10:21:00
PTP002548,whatsapp_confirmation_sent,2026-05-27 10:25:05
PTP002548,confirmation_reply_no,2026-05-27 13:09:20
PTP002549,payment_link_sent,2026-05-26 17:47:38
PTP002549,payment_link_opened,2026-05-26 21:19:36
PTP002549,whatsapp_confirmation_sent,2026-05-27 10:27:29
PTP002550,payment_link_sent,2026-05-26 15:28:44
PTP002550,payment_link_opened,2026-05-26 22:51:12
PTP002550,whatsapp_confirmation_sent,2026-05-27 10:11:49
PTP002550,confirmation_reply_yes,2026-05-27 11:08:30
PTP002551,payment_link_sent,2026-05-26 13:25:44
PTP002551,whatsapp_confirmation_sent,2026-05-27 10:18:39
PTP002552,whatsapp_confirmation_sent,2026-05-27 10:05:05
PTP002552,confirmation_reply_no,2026-05-27 13:10:27
PTP002553,payment_link_sent,2026-05-26 16:33:45
PTP002553,payment_link_opened,2026-05-27 01:34:01
PTP002553,whatsapp_confirmation_sent,2026-05-27 10:04:45
PTP002553,confirmation_reply_yes,2026-05-27 10:53:43
PTP002553,payment_link_opened,2026-06-19 21:17:54
PTP002554,payment_link_sent,2026-05-26 11:37:49
PTP002556,inbound_call_from_customer,2026-05-27 20:43:56
PTP002558,whatsapp_confirmation_sent,2026-05-28 10:01:27
PTP002559,payment_link_sent,2026-05-27 08:42:50
PTP002559,whatsapp_confirmation_sent,2026-05-28 10:00:58
PTP002559,confirmation_reply_yes,2026-05-28 13:41:34
PTP002560,whatsapp_confirmation_sent,2026-05-28 10:29:12
PTP002561,payment_link_sent,2026-05-27 09:47:22
PTP002561,whatsapp_confirmation_sent,2026-05-28 10:07:07
PTP002561,payment_link_opened,2026-06-04 12:56:12
PTP002562,payment_link_sent,2026-05-27 09:40:17
PTP002562,payment_link_opened,2026-05-27 15:50:03
PTP002562,whatsapp_confirmation_sent,2026-05-28 10:14:04
PTP002562,payment_link_opened,2026-06-13 13:30:47
PTP002563,payment_link_sent,2026-05-27 12:52:07
PTP002563,payment_link_opened,2026-05-27 12:59:39
PTP002563,whatsapp_confirmation_sent,2026-05-28 10:20:14
PTP002563,payment_link_opened,2026-06-05 22:43:04
PTP002564,whatsapp_confirmation_sent,2026-05-28 10:12:33
PTP002565,payment_link_sent,2026-05-27 08:16:03
PTP002565,whatsapp_confirmation_sent,2026-05-28 10:04:53
PTP002565,confirmation_reply_yes,2026-05-28 10:10:56
PTP002565,inbound_call_from_customer,2026-06-02 09:55:13
PTP002565,payment_link_opened,2026-06-11 22:53:32
PTP002566,payment_link_sent,2026-05-27 08:09:22
PTP002566,payment_link_opened,2026-05-27 08:20:24
PTP002566,whatsapp_confirmation_sent,2026-05-28 10:15:59
PTP002566,confirmation_reply_yes,2026-05-28 14:40:45
PTP002567,payment_link_sent,2026-05-27 12:25:36
PTP002567,whatsapp_confirmation_sent,2026-05-28 10:20:18
PTP002568,payment_link_sent,2026-05-27 10:22:14
PTP002568,payment_link_opened,2026-05-28 00:03:13
PTP002568,whatsapp_confirmation_sent,2026-05-28 10:08:20
PTP002568,confirmation_reply_yes,2026-05-28 10:39:06
PTP002569,payment_link_sent,2026-05-27 09:06:43
PTP002569,whatsapp_confirmation_sent,2026-05-28 10:07:49
PTP002569,confirmation_reply_yes,2026-05-28 11:45:03
PTP002569,payment_link_opened,2026-06-01 20:55:46
PTP002570,payment_link_sent,2026-05-27 08:46:07
PTP002570,payment_link_opened,2026-05-27 09:49:08
PTP002570,whatsapp_confirmation_sent,2026-05-28 10:11:06
PTP002570,payment_link_opened,2026-06-05 15:34:06
PTP002571,whatsapp_confirmation_sent,2026-05-28 10:12:11
PTP002571,confirmation_reply_yes,2026-05-28 15:17:24
PTP002572,payment_link_sent,2026-05-27 09:44:44
PTP002572,whatsapp_confirmation_sent,2026-05-28 10:01:21
PTP002573,payment_link_sent,2026-05-27 09:03:53
PTP002573,whatsapp_confirmation_sent,2026-05-28 10:02:35
PTP002574,payment_link_sent,2026-05-27 12:57:14
PTP002574,payment_link_opened,2026-05-27 19:45:36
PTP002574,whatsapp_confirmation_sent,2026-05-28 10:26:43
PTP002574,confirmation_reply_yes,2026-05-28 14:29:51
PTP002574,payment_link_opened,2026-05-31 09:23:36
PTP002575,whatsapp_confirmation_sent,2026-05-28 10:16:06
PTP002576,payment_link_sent,2026-05-27 09:42:06
PTP002576,payment_link_opened,2026-05-27 14:42:44
PTP002576,whatsapp_confirmation_sent,2026-05-28 10:15:17
PTP002576,confirmation_reply_yes,2026-05-28 14:56:31
PTP002577,whatsapp_confirmation_sent,2026-05-28 10:06:52
PTP002578,payment_link_sent,2026-05-27 08:23:43
PTP002578,payment_link_opened,2026-05-27 12:46:39
PTP002578,whatsapp_confirmation_sent,2026-05-28 10:01:54
PTP002578,payment_link_opened,2026-05-30 17:26:32
PTP002579,payment_link_sent,2026-05-27 09:26:20
PTP002579,whatsapp_confirmation_sent,2026-05-28 10:12:22
PTP002580,payment_link_sent,2026-05-27 10:19:34
PTP002580,payment_link_opened,2026-05-27 13:20:30
PTP002580,whatsapp_confirmation_sent,2026-05-28 10:29:15
PTP002581,payment_link_sent,2026-05-27 08:49:09
PTP002581,payment_link_opened,2026-05-27 18:37:48
PTP002581,whatsapp_confirmation_sent,2026-05-28 10:08:36
PTP002581,payment_link_opened,2026-06-04 07:52:38
PTP002582,whatsapp_confirmation_sent,2026-05-28 10:09:30
PTP002583,whatsapp_confirmation_sent,2026-05-28 10:23:51
PTP002584,payment_link_sent,2026-05-27 13:27:16
PTP002584,payment_link_opened,2026-05-27 15:13:01
PTP002584,whatsapp_confirmation_sent,2026-05-28 10:06:40
PTP002584,confirmation_reply_yes,2026-05-28 11:45:57
PTP002585,payment_link_sent,2026-05-27 16:35:08
PTP002585,payment_link_opened,2026-05-28 00:08:34
PTP002585,inbound_call_from_customer,2026-05-28 00:20:43
PTP002585,whatsapp_confirmation_sent,2026-05-28 10:13:27
PTP002585,confirmation_reply_yes,2026-05-28 11:23:09
PTP002586,payment_link_sent,2026-05-27 16:14:16
PTP002586,whatsapp_confirmation_sent,2026-05-28 10:10:48
PTP002587,payment_link_sent,2026-05-27 13:39:37
PTP002587,whatsapp_confirmation_sent,2026-05-28 10:27:48
PTP002587,confirmation_reply_yes,2026-05-28 13:51:38
PTP002588,payment_link_sent,2026-05-27 18:46:20
PTP002588,payment_link_opened,2026-05-27 23:41:35
PTP002588,whatsapp_confirmation_sent,2026-05-28 10:11:29
PTP002588,confirmation_reply_yes,2026-05-28 12:56:05
PTP002589,payment_link_sent,2026-05-27 16:11:52
PTP002589,whatsapp_confirmation_sent,2026-05-28 10:15:34
PTP002589,confirmation_reply_yes,2026-05-28 15:13:53
PTP002590,whatsapp_confirmation_sent,2026-05-28 10:25:32
PTP002591,payment_link_sent,2026-05-27 15:27:54
PTP002591,whatsapp_confirmation_sent,2026-05-28 10:15:30
PTP002592,whatsapp_confirmation_sent,2026-05-28 10:00:34
PTP002595,payment_link_sent,2026-05-27 10:17:53
PTP002596,payment_link_sent,2026-05-27 11:25:14
PTP002598,payment_link_sent,2026-05-27 10:33:53
PTP002598,payment_link_opened,2026-05-27 13:39:52
PTP002601,payment_link_sent,2026-05-28 09:00:20
PTP002601,whatsapp_confirmation_sent,2026-05-29 10:08:05
PTP002602,whatsapp_confirmation_sent,2026-05-29 10:10:31
PTP002603,payment_link_sent,2026-05-28 09:01:30
PTP002603,payment_link_opened,2026-05-28 22:00:44
PTP002603,whatsapp_confirmation_sent,2026-05-29 10:00:00
PTP002604,inbound_call_from_customer,2026-05-29 01:26:17
PTP002604,whatsapp_confirmation_sent,2026-05-29 10:02:20
PTP002604,confirmation_reply_yes,2026-05-29 12:15:31
PTP002605,whatsapp_confirmation_sent,2026-05-29 10:04:53
PTP002605,confirmation_reply_yes,2026-05-29 14:39:56
PTP002606,payment_link_sent,2026-05-28 11:37:44
PTP002606,payment_link_opened,2026-05-28 17:13:27
PTP002606,whatsapp_confirmation_sent,2026-05-29 10:17:46
PTP002607,payment_link_sent,2026-05-28 08:36:41
PTP002607,payment_link_opened,2026-05-28 12:50:48
PTP002607,payment_link_opened,2026-05-28 15:36:23
PTP002607,whatsapp_confirmation_sent,2026-05-29 10:00:18
PTP002608,payment_link_sent,2026-05-28 11:24:49
PTP002608,payment_link_opened,2026-05-28 14:27:04
PTP002608,whatsapp_confirmation_sent,2026-05-29 10:11:53
PTP002608,confirmation_reply_yes,2026-05-29 12:10:58
PTP002609,payment_link_sent,2026-05-28 08:38:27
PTP002609,whatsapp_confirmation_sent,2026-05-29 10:15:01
PTP002609,confirmation_reply_no,2026-05-29 12:21:11
PTP002609,payment_link_opened,2026-06-01 16:46:44
PTP002610,whatsapp_confirmation_sent,2026-05-29 10:19:12
PTP002611,payment_link_sent,2026-05-28 09:45:35
PTP002611,payment_link_opened,2026-05-28 15:41:13
PTP002611,whatsapp_confirmation_sent,2026-05-29 10:23:12
PTP002611,confirmation_reply_yes,2026-05-29 14:03:04
PTP002612,whatsapp_confirmation_sent,2026-05-29 10:29:13
PTP002613,whatsapp_confirmation_sent,2026-05-29 10:15:49
PTP002614,payment_link_sent,2026-05-28 11:16:45
PTP002614,payment_link_opened,2026-05-28 11:27:44
PTP002614,whatsapp_confirmation_sent,2026-05-29 10:22:50
PTP002615,payment_link_sent,2026-05-28 08:05:55
PTP002615,whatsapp_confirmation_sent,2026-05-29 10:28:19
PTP002615,confirmation_reply_yes,2026-05-29 11:58:24
PTP002615,payment_link_opened,2026-06-23 11:27:16
PTP002616,whatsapp_confirmation_sent,2026-05-29 10:22:07
PTP002617,whatsapp_confirmation_sent,2026-05-29 10:17:44
PTP002618,whatsapp_confirmation_sent,2026-05-29 10:10:24
PTP002619,payment_link_sent,2026-05-28 10:44:20
PTP002620,payment_link_sent,2026-05-28 11:11:13
PTP002620,inbound_call_from_customer,2026-05-29 17:02:35
PTP002620,payment_link_opened,2026-05-30 13:39:10
PTP002622,payment_link_sent,2026-05-29 09:50:28
PTP002622,whatsapp_confirmation_sent,2026-05-30 10:08:32
PTP002622,confirmation_reply_yes,2026-05-30 11:18:42
PTP002622,payment_link_opened,2026-06-05 09:06:32
PTP002623,payment_link_sent,2026-05-29 12:03:46
PTP002623,payment_link_opened,2026-05-29 15:58:29
PTP002623,whatsapp_confirmation_sent,2026-05-30 10:15:08
PTP002623,confirmation_reply_yes,2026-05-30 12:17:35
PTP002623,payment_link_opened,2026-06-09 22:10:58
PTP002624,payment_link_sent,2026-05-29 13:05:49
PTP002624,payment_link_opened,2026-05-29 13:11:30
PTP002624,whatsapp_confirmation_sent,2026-05-30 10:29:37
PTP002624,confirmation_reply_yes,2026-05-30 12:02:56
PTP002625,payment_link_sent,2026-05-29 09:14:08
PTP002625,payment_link_opened,2026-05-29 12:02:17
PTP002625,whatsapp_confirmation_sent,2026-05-30 10:06:58
PTP002625,confirmation_reply_yes,2026-05-30 13:48:06
PTP002626,whatsapp_confirmation_sent,2026-05-30 10:02:27
PTP002627,payment_link_sent,2026-05-29 09:49:14
PTP002627,whatsapp_confirmation_sent,2026-05-30 10:16:00
PTP002627,confirmation_reply_yes,2026-05-30 12:36:25
PTP002628,payment_link_sent,2026-05-29 11:08:34
PTP002628,payment_link_opened,2026-05-29 12:48:56
PTP002628,whatsapp_confirmation_sent,2026-05-30 10:01:04
PTP002628,confirmation_reply_yes,2026-05-30 12:17:58
PTP002628,payment_link_opened,2026-05-31 18:25:40
PTP002629,payment_link_sent,2026-05-29 08:17:18
PTP002629,whatsapp_confirmation_sent,2026-05-30 10:02:19
PTP002629,confirmation_reply_yes,2026-05-30 15:14:40
PTP002630,payment_link_sent,2026-05-29 08:18:18
PTP002630,whatsapp_confirmation_sent,2026-05-30 10:23:20
PTP002630,payment_link_opened,2026-05-31 11:27:56
PTP002631,whatsapp_confirmation_sent,2026-05-30 10:25:42
PTP002632,whatsapp_confirmation_sent,2026-05-30 10:22:21
PTP002633,whatsapp_confirmation_sent,2026-05-30 10:23:55
PTP002634,payment_link_sent,2026-05-29 08:35:01
PTP002634,whatsapp_confirmation_sent,2026-05-30 10:29:24
PTP002635,payment_link_sent,2026-05-29 10:38:50
PTP002635,whatsapp_confirmation_sent,2026-05-30 10:29:07
PTP002636,payment_link_sent,2026-05-29 08:35:09
PTP002636,whatsapp_confirmation_sent,2026-05-30 10:29:30
PTP002637,payment_link_sent,2026-05-29 09:05:17
PTP002637,whatsapp_confirmation_sent,2026-05-30 10:25:58
PTP002637,payment_link_opened,2026-05-30 18:25:24
PTP002638,payment_link_sent,2026-05-29 09:49:34
PTP002638,payment_link_opened,2026-05-29 09:54:52
PTP002638,whatsapp_confirmation_sent,2026-05-30 10:06:37
PTP002639,whatsapp_confirmation_sent,2026-05-30 10:13:15
PTP002639,confirmation_reply_yes,2026-05-30 12:22:52
PTP002640,payment_link_sent,2026-05-29 08:42:53
PTP002640,whatsapp_confirmation_sent,2026-05-30 10:18:04
PTP002640,payment_link_opened,2026-06-17 12:44:15
PTP002641,payment_link_sent,2026-05-29 11:19:29
PTP002641,payment_link_opened,2026-05-29 18:06:31
PTP002641,whatsapp_confirmation_sent,2026-05-30 10:14:45
PTP002641,payment_link_opened,2026-06-02 13:42:19
PTP002642,whatsapp_confirmation_sent,2026-05-30 10:16:38
PTP002642,confirmation_reply_yes,2026-05-30 10:33:27
PTP002643,payment_link_sent,2026-05-29 10:17:20
PTP002643,whatsapp_confirmation_sent,2026-05-30 10:27:33
PTP002644,whatsapp_confirmation_sent,2026-05-30 10:22:13
PTP002645,payment_link_sent,2026-05-29 08:21:49
PTP002645,payment_link_opened,2026-05-29 12:01:38
PTP002645,whatsapp_confirmation_sent,2026-05-30 10:29:50
PTP002645,confirmation_reply_yes,2026-05-30 12:27:46
PTP002646,payment_link_sent,2026-05-29 09:50:22
PTP002646,whatsapp_confirmation_sent,2026-05-30 10:21:05
PTP002646,confirmation_reply_no,2026-05-30 11:07:25
PTP002647,payment_link_sent,2026-05-29 18:16:58
PTP002647,payment_link_opened,2026-05-29 22:01:13
PTP002647,whatsapp_confirmation_sent,2026-05-30 10:07:12
PTP002647,confirmation_reply_no,2026-05-30 11:38:03
PTP002647,payment_link_opened,2026-06-17 21:40:48
PTP002648,payment_link_sent,2026-05-29 15:57:41
PTP002648,whatsapp_confirmation_sent,2026-05-30 10:29:38
PTP002648,payment_link_opened,2026-05-30 20:20:25
PTP002649,payment_link_sent,2026-05-29 18:57:38
PTP002649,inbound_call_from_customer,2026-05-29 20:41:04
PTP002649,whatsapp_confirmation_sent,2026-05-30 10:10:46
PTP002649,payment_link_opened,2026-06-02 19:27:00
PTP002650,whatsapp_confirmation_sent,2026-05-30 10:10:34
PTP002651,payment_link_sent,2026-05-29 16:27:29
PTP002651,whatsapp_confirmation_sent,2026-05-30 10:05:46
PTP002651,confirmation_reply_yes,2026-05-30 14:18:38
PTP002651,payment_link_opened,2026-06-01 15:13:33
PTP002652,payment_link_sent,2026-05-29 19:01:35
PTP002652,payment_link_opened,2026-05-29 19:33:42
PTP002652,whatsapp_confirmation_sent,2026-05-30 10:06:16
PTP002652,confirmation_reply_yes,2026-05-30 13:02:59
PTP002652,payment_link_opened,2026-06-03 12:34:36
PTP002653,payment_link_sent,2026-05-29 14:30:44
PTP002653,whatsapp_confirmation_sent,2026-05-30 10:00:31
PTP002653,confirmation_reply_yes,2026-05-30 14:25:13
PTP002655,payment_link_sent,2026-05-29 12:42:20
PTP002655,payment_link_opened,2026-05-29 23:49:17
PTP002659,payment_link_sent,2026-05-29 10:44:46
PTP002659,payment_link_opened,2026-05-30 02:34:25
PTP002660,payment_link_sent,2026-05-29 11:11:42
PTP002663,payment_link_sent,2026-05-30 11:53:15
PTP002663,payment_link_opened,2026-05-30 15:32:35
PTP002663,whatsapp_confirmation_sent,2026-05-31 10:16:34
PTP002663,confirmation_reply_yes,2026-05-31 13:20:38
PTP002663,payment_link_opened,2026-06-02 16:49:43
PTP002664,whatsapp_confirmation_sent,2026-05-31 10:16:12
PTP002665,payment_link_sent,2026-05-30 12:47:53
PTP002665,payment_link_opened,2026-05-30 16:01:52
PTP002665,whatsapp_confirmation_sent,2026-05-31 10:05:38
PTP002665,confirmation_reply_no,2026-05-31 13:21:27
PTP002666,whatsapp_confirmation_sent,2026-05-31 10:17:40
PTP002667,payment_link_sent,2026-05-30 10:15:28
PTP002667,payment_link_opened,2026-05-30 11:30:58
PTP002667,whatsapp_confirmation_sent,2026-05-31 10:25:09
PTP002667,confirmation_reply_yes,2026-05-31 12:21:55
PTP002668,payment_link_sent,2026-05-30 12:25:42
PTP002668,payment_link_opened,2026-05-30 20:39:31
PTP002668,whatsapp_confirmation_sent,2026-05-31 10:17:19
PTP002668,payment_link_opened,2026-06-04 08:20:17
PTP002669,whatsapp_confirmation_sent,2026-05-31 10:23:34
PTP002669,confirmation_reply_no,2026-05-31 11:22:34
PTP002670,payment_link_sent,2026-05-30 10:01:32
PTP002670,whatsapp_confirmation_sent,2026-05-31 10:00:37
PTP002670,payment_link_opened,2026-06-03 13:21:26
PTP002671,payment_link_sent,2026-05-30 08:34:15
PTP002671,whatsapp_confirmation_sent,2026-05-31 10:08:26
PTP002672,payment_link_sent,2026-05-30 08:16:40
PTP002672,payment_link_opened,2026-05-30 16:52:58
PTP002672,whatsapp_confirmation_sent,2026-05-31 10:17:23
PTP002672,confirmation_reply_yes,2026-05-31 11:04:47
PTP002673,payment_link_sent,2026-05-30 11:27:45
PTP002673,whatsapp_confirmation_sent,2026-05-31 10:26:44
PTP002673,confirmation_reply_yes,2026-05-31 14:06:04
PTP002673,payment_link_opened,2026-06-04 18:07:10
PTP002674,payment_link_sent,2026-05-30 10:37:10
PTP002674,whatsapp_confirmation_sent,2026-05-31 10:10:44
PTP002674,inbound_call_from_customer,2026-05-31 14:20:07
PTP002675,payment_link_sent,2026-05-30 12:27:20
PTP002675,whatsapp_confirmation_sent,2026-05-31 10:06:29
PTP002676,whatsapp_confirmation_sent,2026-05-31 10:27:13
PTP002677,whatsapp_confirmation_sent,2026-05-31 10:21:33
PTP002677,confirmation_reply_no,2026-05-31 12:29:09
PTP002678,payment_link_sent,2026-05-30 08:39:32
PTP002678,payment_link_opened,2026-05-30 14:47:36
PTP002678,whatsapp_confirmation_sent,2026-05-31 10:19:15
PTP002679,payment_link_sent,2026-05-30 08:32:26
PTP002679,payment_link_opened,2026-05-30 08:57:05
PTP002679,whatsapp_confirmation_sent,2026-05-31 10:01:51
PTP002680,payment_link_sent,2026-05-30 11:06:34
PTP002680,whatsapp_confirmation_sent,2026-05-31 10:11:36
PTP002680,payment_link_opened,2026-06-02 20:44:14
PTP002681,inbound_call_from_customer,2026-05-30 20:11:18
PTP002681,whatsapp_confirmation_sent,2026-05-31 10:12:13
PTP002682,whatsapp_confirmation_sent,2026-05-31 10:15:41
PTP002682,inbound_call_from_customer,2026-06-02 13:37:41
PTP002683,payment_link_sent,2026-05-30 10:50:59
PTP002683,whatsapp_confirmation_sent,2026-05-31 10:25:58
PTP002684,payment_link_sent,2026-05-30 08:23:50
PTP002684,whatsapp_confirmation_sent,2026-05-31 10:04:25
PTP002685,whatsapp_confirmation_sent,2026-05-31 10:28:49
PTP002686,payment_link_sent,2026-05-30 08:33:10
PTP002686,whatsapp_confirmation_sent,2026-05-31 10:14:07
PTP002686,confirmation_reply_yes,2026-05-31 13:12:20
PTP002687,payment_link_sent,2026-05-30 17:33:47
PTP002687,whatsapp_confirmation_sent,2026-05-31 10:23:32
PTP002687,payment_link_opened,2026-06-06 21:09:01
PTP002688,payment_link_sent,2026-05-30 17:59:37
PTP002688,whatsapp_confirmation_sent,2026-05-31 10:11:31
PTP002689,payment_link_sent,2026-05-30 13:40:11
PTP002689,whatsapp_confirmation_sent,2026-05-31 10:11:07
PTP002689,confirmation_reply_no,2026-05-31 13:19:23
PTP002689,payment_link_opened,2026-06-09 17:34:50
PTP002690,payment_link_sent,2026-05-30 17:22:11
PTP002690,whatsapp_confirmation_sent,2026-05-31 10:09:42
PTP002691,payment_link_sent,2026-05-30 15:34:54
PTP002691,whatsapp_confirmation_sent,2026-05-31 10:29:44
PTP002692,whatsapp_confirmation_sent,2026-05-31 10:06:44
PTP002693,payment_link_sent,2026-05-30 18:15:55
PTP002693,whatsapp_confirmation_sent,2026-05-31 10:29:53
PTP002694,payment_link_sent,2026-05-30 18:32:37
PTP002694,whatsapp_confirmation_sent,2026-05-31 10:11:34
PTP002695,payment_link_sent,2026-05-30 16:07:53
PTP002695,payment_link_opened,2026-05-30 20:21:33
PTP002695,whatsapp_confirmation_sent,2026-05-31 10:05:17
PTP002696,whatsapp_confirmation_sent,2026-05-31 10:10:22
PTP002697,inbound_call_from_customer,2026-05-31 18:39:33
PTP002698,payment_link_sent,2026-05-30 10:12:39
PTP002699,payment_link_sent,2026-05-31 08:52:27
PTP002699,payment_link_opened,2026-05-31 14:18:02
PTP002699,whatsapp_confirmation_sent,2026-06-01 10:02:27
PTP002699,confirmation_reply_yes,2026-06-01 13:48:39
PTP002700,whatsapp_confirmation_sent,2026-06-01 10:02:21
PTP002700,confirmation_reply_yes,2026-06-01 13:58:12
PTP002701,whatsapp_confirmation_sent,2026-06-01 10:16:51
PTP002701,confirmation_reply_yes,2026-06-01 15:35:52
PTP002702,payment_link_sent,2026-05-31 10:30:51
PTP002702,whatsapp_confirmation_sent,2026-06-01 10:24:04
PTP002703,payment_link_sent,2026-05-31 10:18:02
PTP002703,payment_link_opened,2026-05-31 12:59:54
PTP002703,whatsapp_confirmation_sent,2026-06-01 10:06:51
PTP002703,confirmation_reply_yes,2026-06-01 14:35:47
PTP002704,payment_link_sent,2026-05-31 08:34:50
PTP002704,payment_link_opened,2026-05-31 09:07:23
PTP002704,whatsapp_confirmation_sent,2026-06-01 10:00:10
PTP002704,payment_link_opened,2026-06-09 13:57:31
PTP002705,whatsapp_confirmation_sent,2026-06-01 10:13:47
PTP002706,payment_link_sent,2026-06-01 10:26:17
PTP002706,payment_link_opened,2026-06-01 20:47:00
PTP002706,whatsapp_confirmation_sent,2026-06-02 10:03:17
PTP002706,confirmation_reply_yes,2026-06-02 14:37:20
PTP002707,payment_link_sent,2026-06-01 08:35:21
PTP002707,whatsapp_confirmation_sent,2026-06-02 10:02:59
PTP002707,confirmation_reply_yes,2026-06-02 11:37:40
PTP002707,inbound_call_from_customer,2026-06-11 21:31:23
PTP002707,payment_link_opened,2026-06-16 13:20:05
PTP002708,whatsapp_confirmation_sent,2026-06-02 10:29:33
PTP002708,inbound_call_from_customer,2026-06-08 19:27:19
PTP002709,payment_link_sent,2026-06-01 09:16:34
PTP002709,whatsapp_confirmation_sent,2026-06-02 10:12:23
PTP002710,payment_link_sent,2026-06-01 08:31:48
PTP002710,payment_link_opened,2026-06-01 08:38:17
PTP002710,whatsapp_confirmation_sent,2026-06-02 10:29:38
PTP002710,confirmation_reply_no,2026-06-02 13:10:42
PTP002711,payment_link_sent,2026-06-01 10:24:54
PTP002711,whatsapp_confirmation_sent,2026-06-02 10:03:11
PTP002712,payment_link_sent,2026-06-01 10:18:54
PTP002712,payment_link_opened,2026-06-01 16:04:20
PTP002712,whatsapp_confirmation_sent,2026-06-02 10:24:18
PTP002713,payment_link_sent,2026-06-01 12:23:54
PTP002713,whatsapp_confirmation_sent,2026-06-02 10:10:13
PTP002714,whatsapp_confirmation_sent,2026-06-02 10:19:00
PTP002714,confirmation_reply_yes,2026-06-02 10:53:25
PTP002715,payment_link_sent,2026-06-01 13:07:47
PTP002715,whatsapp_confirmation_sent,2026-06-02 10:09:16
PTP002715,confirmation_reply_no,2026-06-02 15:19:36
PTP002716,payment_link_sent,2026-06-01 09:11:59
PTP002716,payment_link_opened,2026-06-01 17:15:03
PTP002716,whatsapp_confirmation_sent,2026-06-02 10:13:50
PTP002716,confirmation_reply_yes,2026-06-02 11:23:03
PTP002716,payment_link_opened,2026-06-02 17:01:18
PTP002717,payment_link_sent,2026-06-01 09:00:57
PTP002717,whatsapp_confirmation_sent,2026-06-02 10:12:16
PTP002717,confirmation_reply_no,2026-06-02 10:44:21
PTP002717,inbound_call_from_customer,2026-06-03 05:03:40
PTP002718,payment_link_sent,2026-06-01 08:51:05
PTP002718,whatsapp_confirmation_sent,2026-06-02 10:27:41
PTP002719,payment_link_sent,2026-06-01 11:00:17
PTP002719,whatsapp_confirmation_sent,2026-06-02 10:27:42
PTP002719,payment_link_opened,2026-06-26 21:08:54
PTP002720,payment_link_sent,2026-06-01 10:30:08
PTP002720,payment_link_opened,2026-06-01 17:35:01
PTP002720,whatsapp_confirmation_sent,2026-06-02 10:01:01
PTP002720,confirmation_reply_yes,2026-06-02 12:59:11
PTP002720,payment_link_opened,2026-06-11 09:49:42
PTP002721,whatsapp_confirmation_sent,2026-06-02 10:21:53
PTP002722,payment_link_sent,2026-06-01 09:10:11
PTP002722,whatsapp_confirmation_sent,2026-06-02 10:25:27
PTP002722,payment_link_opened,2026-06-12 11:02:52
PTP002723,payment_link_sent,2026-06-01 09:57:32
PTP002723,whatsapp_confirmation_sent,2026-06-02 10:11:17
PTP002724,payment_link_sent,2026-06-01 08:28:16
PTP002724,whatsapp_confirmation_sent,2026-06-02 10:23:04
PTP002725,payment_link_sent,2026-06-01 08:52:42
PTP002725,whatsapp_confirmation_sent,2026-06-02 10:00:19
PTP002725,confirmation_reply_yes,2026-06-02 10:37:42
PTP002726,whatsapp_confirmation_sent,2026-06-02 10:08:19
PTP002727,payment_link_sent,2026-06-01 10:07:33
PTP002727,whatsapp_confirmation_sent,2026-06-02 10:05:13
PTP002727,confirmation_reply_yes,2026-06-02 11:53:49
PTP002727,payment_link_opened,2026-06-26 20:35:34
PTP002728,payment_link_sent,2026-06-01 12:01:54
PTP002728,payment_link_opened,2026-06-01 20:10:31
PTP002728,whatsapp_confirmation_sent,2026-06-02 10:11:22
PTP002729,payment_link_sent,2026-06-01 12:49:24
PTP002729,payment_link_opened,2026-06-01 17:54:50
PTP002729,whatsapp_confirmation_sent,2026-06-02 10:28:05
PTP002730,whatsapp_confirmation_sent,2026-06-02 10:16:45
PTP002731,payment_link_sent,2026-06-01 08:32:59
PTP002731,payment_link_opened,2026-06-01 10:52:34
PTP002731,whatsapp_confirmation_sent,2026-06-02 10:21:45
PTP002732,payment_link_sent,2026-06-01 08:35:04
PTP002732,whatsapp_confirmation_sent,2026-06-02 10:14:39
PTP002732,payment_link_opened,2026-06-05 20:32:34
PTP002733,whatsapp_confirmation_sent,2026-06-02 10:19:44
PTP002733,confirmation_reply_yes,2026-06-02 11:12:49
PTP002734,payment_link_sent,2026-06-01 10:05:17
PTP002734,inbound_call_from_customer,2026-06-02 08:04:12
PTP002734,whatsapp_confirmation_sent,2026-06-02 10:19:28
PTP002734,confirmation_reply_yes,2026-06-02 10:27:58
PTP002735,payment_link_sent,2026-06-01 08:21:33
PTP002735,payment_link_opened,2026-06-01 12:55:19
PTP002735,inbound_call_from_customer,2026-06-01 19:38:05
PTP002735,whatsapp_confirmation_sent,2026-06-02 10:02:18
PTP002736,whatsapp_confirmation_sent,2026-06-02 10:24:45
PTP002737,whatsapp_confirmation_sent,2026-06-02 10:08:12
PTP002737,confirmation_reply_yes,2026-06-02 10:54:04
PTP002737,inbound_call_from_customer,2026-06-06 04:10:52
PTP002738,payment_link_sent,2026-06-01 15:14:38
PTP002738,payment_link_opened,2026-06-01 16:10:05
PTP002738,whatsapp_confirmation_sent,2026-06-02 10:17:05
PTP002739,whatsapp_confirmation_sent,2026-06-02 10:09:50
PTP002739,confirmation_reply_yes,2026-06-02 11:32:27
PTP002740,whatsapp_confirmation_sent,2026-06-02 10:26:48
PTP002740,inbound_call_from_customer,2026-06-04 07:22:51
PTP002741,payment_link_sent,2026-06-01 15:35:03
PTP002741,payment_link_opened,2026-06-01 22:16:54
PTP002741,whatsapp_confirmation_sent,2026-06-02 10:03:32
PTP002741,confirmation_reply_no,2026-06-02 13:35:03
PTP002742,whatsapp_confirmation_sent,2026-06-02 10:20:21
PTP002743,whatsapp_confirmation_sent,2026-06-02 10:04:50
PTP002743,confirmation_reply_yes,2026-06-02 11:38:44
PTP002744,payment_link_sent,2026-06-01 15:18:12
PTP002744,whatsapp_confirmation_sent,2026-06-02 10:01:08
PTP002744,confirmation_reply_yes,2026-06-02 10:49:50
PTP002744,payment_link_opened,2026-06-02 20:00:00
PTP002753,whatsapp_confirmation_sent,2026-06-03 10:28:13
PTP002754,payment_link_sent,2026-06-02 08:54:51
PTP002754,whatsapp_confirmation_sent,2026-06-03 10:29:16
PTP002755,payment_link_sent,2026-06-02 09:26:36
PTP002755,whatsapp_confirmation_sent,2026-06-03 10:18:25
PTP002755,confirmation_reply_no,2026-06-03 14:13:21
PTP002756,payment_link_sent,2026-06-02 09:06:25
PTP002756,inbound_call_from_customer,2026-06-02 12:22:36
PTP002756,whatsapp_confirmation_sent,2026-06-03 10:00:03
PTP002757,payment_link_sent,2026-06-02 10:01:29
PTP002757,whatsapp_confirmation_sent,2026-06-03 10:11:28
PTP002757,confirmation_reply_yes,2026-06-03 15:02:09
PTP002758,payment_link_sent,2026-06-02 09:48:56
PTP002758,payment_link_opened,2026-06-02 10:26:22
PTP002758,whatsapp_confirmation_sent,2026-06-03 10:21:07
PTP002759,whatsapp_confirmation_sent,2026-06-03 10:20:39
PTP002759,confirmation_reply_yes,2026-06-03 13:24:04
PTP002760,payment_link_sent,2026-06-02 08:39:18
PTP002760,payment_link_opened,2026-06-02 09:04:01
PTP002760,whatsapp_confirmation_sent,2026-06-03 10:02:44
PTP002760,confirmation_reply_yes,2026-06-03 12:20:49
PTP002761,payment_link_sent,2026-06-02 09:46:21
PTP002761,payment_link_opened,2026-06-02 13:32:26
PTP002761,whatsapp_confirmation_sent,2026-06-03 10:09:55
PTP002761,payment_link_opened,2026-07-05 10:49:35
PTP002762,payment_link_sent,2026-06-02 12:52:45
PTP002762,whatsapp_confirmation_sent,2026-06-03 10:13:20
PTP002762,confirmation_reply_yes,2026-06-03 14:33:51
PTP002762,payment_link_opened,2026-06-06 18:26:43
PTP002763,whatsapp_confirmation_sent,2026-06-03 10:18:18
PTP002763,confirmation_reply_no,2026-06-03 12:18:06
PTP002764,payment_link_sent,2026-06-02 09:27:02
PTP002764,payment_link_opened,2026-06-02 14:23:08
PTP002764,whatsapp_confirmation_sent,2026-06-03 10:14:18
PTP002764,confirmation_reply_yes,2026-06-03 10:22:05
PTP002764,inbound_call_from_customer,2026-06-03 13:57:02
PTP002765,payment_link_sent,2026-06-02 08:53:29
PTP002765,whatsapp_confirmation_sent,2026-06-03 10:18:47
PTP002766,payment_link_sent,2026-06-02 09:30:58
PTP002766,payment_link_opened,2026-06-02 14:35:13
PTP002766,whatsapp_confirmation_sent,2026-06-03 10:14:42
PTP002766,confirmation_reply_no,2026-06-03 13:28:05
PTP002766,payment_link_opened,2026-06-05 09:18:00
PTP002767,payment_link_sent,2026-06-02 09:00:46
PTP002767,payment_link_opened,2026-06-02 14:01:53
PTP002767,payment_link_opened,2026-06-02 14:04:51
PTP002767,whatsapp_confirmation_sent,2026-06-03 10:26:37
PTP002768,payment_link_sent,2026-06-02 09:53:22
PTP002768,payment_link_opened,2026-06-02 14:33:01
PTP002768,whatsapp_confirmation_sent,2026-06-03 10:22:30
PTP002768,confirmation_reply_yes,2026-06-03 10:47:13
PTP002768,payment_link_opened,2026-06-27 21:18:19
PTP002769,payment_link_sent,2026-06-02 09:24:56
PTP002769,whatsapp_confirmation_sent,2026-06-03 10:22:10
PTP002769,confirmation_reply_yes,2026-06-03 13:33:19
PTP002770,payment_link_sent,2026-06-02 10:15:50
PTP002770,payment_link_opened,2026-06-03 09:39:35
PTP002770,whatsapp_confirmation_sent,2026-06-03 10:08:40
PTP002770,confirmation_reply_yes,2026-06-03 11:25:21
PTP002771,payment_link_sent,2026-06-02 12:07:03
PTP002771,payment_link_opened,2026-06-02 16:15:40
PTP002771,whatsapp_confirmation_sent,2026-06-03 10:02:26
PTP002771,payment_link_opened,2026-06-06 10:51:47
PTP002772,payment_link_sent,2026-06-02 08:23:25
PTP002772,whatsapp_confirmation_sent,2026-06-03 10:05:28
PTP002773,whatsapp_confirmation_sent,2026-06-03 10:21:20
PTP002773,confirmation_reply_yes,2026-06-03 12:03:44
PTP002774,whatsapp_confirmation_sent,2026-06-03 10:04:30
PTP002774,confirmation_reply_yes,2026-06-03 10:33:07
PTP002775,whatsapp_confirmation_sent,2026-06-03 10:29:09
PTP002776,payment_link_sent,2026-06-02 08:13:05
PTP002776,whatsapp_confirmation_sent,2026-06-03 10:07:19
PTP002776,payment_link_opened,2026-06-09 10:47:20
PTP002777,payment_link_sent,2026-06-02 08:53:54
PTP002777,whatsapp_confirmation_sent,2026-06-03 10:16:56
PTP002777,confirmation_reply_yes,2026-06-03 14:04:03
PTP002778,whatsapp_confirmation_sent,2026-06-03 10:00:22
PTP002778,confirmation_reply_no,2026-06-03 15:20:29
PTP002779,payment_link_sent,2026-06-02 11:13:14
PTP002779,whatsapp_confirmation_sent,2026-06-03 10:11:57
PTP002779,confirmation_reply_yes,2026-06-03 11:31:31
PTP002779,payment_link_opened,2026-06-09 18:35:02
PTP002780,whatsapp_confirmation_sent,2026-06-03 10:06:04
PTP002780,confirmation_reply_yes,2026-06-03 15:18:20
PTP002781,payment_link_sent,2026-06-02 11:29:35
PTP002781,whatsapp_confirmation_sent,2026-06-03 10:12:49
PTP002782,payment_link_sent,2026-06-02 08:26:24
PTP002782,whatsapp_confirmation_sent,2026-06-03 10:28:33
PTP002783,payment_link_sent,2026-06-02 13:50:46
PTP002783,payment_link_opened,2026-06-02 18:28:54
PTP002783,whatsapp_confirmation_sent,2026-06-03 10:28:36
PTP002784,payment_link_sent,2026-06-02 16:04:40
PTP002784,whatsapp_confirmation_sent,2026-06-03 10:16:15
PTP002785,payment_link_sent,2026-06-02 14:17:27
PTP002785,whatsapp_confirmation_sent,2026-06-03 10:01:45
PTP002786,payment_link_sent,2026-06-02 14:19:04
PTP002786,payment_link_opened,2026-06-02 14:34:39
PTP002786,whatsapp_confirmation_sent,2026-06-03 10:20:30
PTP002786,confirmation_reply_no,2026-06-03 13:29:03
PTP002786,payment_link_opened,2026-06-03 19:37:14
PTP002787,payment_link_sent,2026-06-02 18:25:31
PTP002787,whatsapp_confirmation_sent,2026-06-03 10:01:19
PTP002788,whatsapp_confirmation_sent,2026-06-03 10:17:51
PTP002788,confirmation_reply_no,2026-06-03 13:16:44
PTP002789,whatsapp_confirmation_sent,2026-06-03 10:04:05
PTP002790,payment_link_sent,2026-06-02 13:40:56
PTP002790,whatsapp_confirmation_sent,2026-06-03 10:23:38
PTP002791,whatsapp_confirmation_sent,2026-06-03 10:00:07
PTP002793,payment_link_sent,2026-06-02 12:21:05
PTP002794,payment_link_sent,2026-06-02 09:50:34
PTP002799,payment_link_sent,2026-06-02 11:57:51
PTP002800,payment_link_sent,2026-06-02 11:02:49
PTP002802,payment_link_sent,2026-06-02 12:13:29
PTP002804,payment_link_sent,2026-06-03 10:44:51
PTP002804,whatsapp_confirmation_sent,2026-06-04 10:16:39
PTP002804,payment_link_opened,2026-06-06 11:00:42
PTP002805,payment_link_sent,2026-06-03 10:42:58
PTP002805,whatsapp_confirmation_sent,2026-06-04 10:03:48
PTP002806,whatsapp_confirmation_sent,2026-06-04 10:17:50
PTP002807,payment_link_sent,2026-06-03 11:32:43
PTP002807,whatsapp_confirmation_sent,2026-06-04 10:27:57
PTP002807,confirmation_reply_yes,2026-06-04 11:08:08
PTP002808,payment_link_sent,2026-06-03 08:58:13
PTP002808,payment_link_opened,2026-06-03 09:00:35
PTP002808,whatsapp_confirmation_sent,2026-06-04 10:01:03
PTP002808,confirmation_reply_no,2026-06-04 12:37:12
PTP002808,inbound_call_from_customer,2026-06-05 19:04:31
PTP002808,payment_link_opened,2026-06-09 15:58:07
PTP002809,payment_link_sent,2026-06-03 11:45:24
PTP002809,payment_link_opened,2026-06-03 19:08:15
PTP002809,whatsapp_confirmation_sent,2026-06-04 10:19:43
PTP002810,payment_link_sent,2026-06-03 08:32:10
PTP002810,payment_link_opened,2026-06-03 15:07:20
PTP002810,inbound_call_from_customer,2026-06-04 02:36:22
PTP002810,whatsapp_confirmation_sent,2026-06-04 10:09:02
PTP002810,confirmation_reply_yes,2026-06-04 11:10:44
PTP002811,payment_link_sent,2026-06-03 11:14:40
PTP002811,whatsapp_confirmation_sent,2026-06-04 10:06:40
PTP002811,confirmation_reply_yes,2026-06-04 13:42:05
PTP002811,inbound_call_from_customer,2026-06-07 18:33:08
PTP002812,whatsapp_confirmation_sent,2026-06-04 10:29:21
PTP002812,confirmation_reply_yes,2026-06-04 11:21:08
PTP002813,payment_link_sent,2026-06-03 12:45:51
PTP002813,whatsapp_confirmation_sent,2026-06-04 10:03:16
PTP002813,confirmation_reply_yes,2026-06-04 13:14:30
PTP002814,whatsapp_confirmation_sent,2026-06-04 10:10:26
PTP002815,whatsapp_confirmation_sent,2026-06-04 10:03:30
PTP002815,confirmation_reply_yes,2026-06-04 14:16:20
PTP002816,payment_link_sent,2026-06-03 11:19:13
PTP002816,payment_link_opened,2026-06-03 11:54:02
PTP002816,whatsapp_confirmation_sent,2026-06-04 10:05:56
PTP002816,confirmation_reply_yes,2026-06-04 13:00:31
PTP002816,payment_link_opened,2026-06-28 13:00:43
PTP002817,payment_link_sent,2026-06-03 09:37:27
PTP002817,whatsapp_confirmation_sent,2026-06-04 10:24:04
PTP002817,confirmation_reply_yes,2026-06-04 13:51:13
PTP002817,payment_link_opened,2026-06-15 09:11:26
PTP002818,payment_link_sent,2026-06-03 09:54:14
PTP002818,whatsapp_confirmation_sent,2026-06-04 10:01:27
PTP002819,payment_link_sent,2026-06-03 12:15:01
PTP002819,whatsapp_confirmation_sent,2026-06-04 10:06:28
PTP002820,whatsapp_confirmation_sent,2026-06-04 10:14:47
PTP002821,payment_link_sent,2026-06-03 09:10:33
PTP002821,payment_link_opened,2026-06-03 09:53:47
PTP002821,whatsapp_confirmation_sent,2026-06-04 10:11:14
PTP002821,confirmation_reply_yes,2026-06-04 14:53:51
PTP002821,payment_link_opened,2026-06-04 17:20:45
PTP002822,payment_link_sent,2026-06-03 11:05:08
PTP002822,payment_link_opened,2026-06-03 12:31:45
PTP002822,whatsapp_confirmation_sent,2026-06-04 10:19:10
PTP002822,confirmation_reply_yes,2026-06-04 14:05:25
PTP002823,payment_link_sent,2026-06-03 10:38:28
PTP002823,whatsapp_confirmation_sent,2026-06-04 10:08:12
PTP002823,confirmation_reply_no,2026-06-04 12:51:39
PTP002823,payment_link_opened,2026-06-13 09:25:20
PTP002824,payment_link_sent,2026-06-03 12:20:50
PTP002824,payment_link_opened,2026-06-03 20:57:08
PTP002824,whatsapp_confirmation_sent,2026-06-04 10:27:02
PTP002824,confirmation_reply_yes,2026-06-04 15:20:10
PTP002825,whatsapp_confirmation_sent,2026-06-04 10:11:58
PTP002826,whatsapp_confirmation_sent,2026-06-04 10:21:40
PTP002826,confirmation_reply_yes,2026-06-04 15:35:52
PTP002826,inbound_call_from_customer,2026-06-06 18:51:25
PTP002827,whatsapp_confirmation_sent,2026-06-04 10:28:10
PTP002828,payment_link_sent,2026-06-03 09:34:03
PTP002828,whatsapp_confirmation_sent,2026-06-04 10:18:52
PTP002829,payment_link_sent,2026-06-03 12:56:49
PTP002829,whatsapp_confirmation_sent,2026-06-04 10:20:45
PTP002830,payment_link_sent,2026-06-03 14:56:00
PTP002830,payment_link_opened,2026-06-03 15:00:26
PTP002830,whatsapp_confirmation_sent,2026-06-04 10:21:12
PTP002830,confirmation_reply_yes,2026-06-04 15:36:43
PTP002831,payment_link_sent,2026-06-03 13:57:14
PTP002831,payment_link_opened,2026-06-03 16:14:28
PTP002831,whatsapp_confirmation_sent,2026-06-04 10:17:50
PTP002831,confirmation_reply_no,2026-06-04 10:54:13
PTP002832,payment_link_sent,2026-06-03 17:52:06
PTP002832,whatsapp_confirmation_sent,2026-06-04 10:23:05
PTP002833,payment_link_sent,2026-06-03 15:15:34
PTP002833,payment_link_opened,2026-06-03 15:28:01
PTP002833,whatsapp_confirmation_sent,2026-06-04 10:05:36
PTP002833,payment_link_opened,2026-06-21 22:04:20
PTP002834,payment_link_sent,2026-06-03 18:14:14
PTP002834,payment_link_opened,2026-06-04 00:28:50
PTP002834,whatsapp_confirmation_sent,2026-06-04 10:15:34
PTP002834,payment_link_opened,2026-06-07 13:41:28
PTP002835,payment_link_sent,2026-06-03 15:14:56
PTP002835,whatsapp_confirmation_sent,2026-06-04 10:15:46
PTP002836,payment_link_sent,2026-06-03 15:04:02
PTP002836,whatsapp_confirmation_sent,2026-06-04 10:24:50
PTP002837,whatsapp_confirmation_sent,2026-06-04 10:29:56
PTP002837,confirmation_reply_yes,2026-06-04 16:02:32
PTP002838,whatsapp_confirmation_sent,2026-06-04 10:10:53
PTP002838,confirmation_reply_no,2026-06-04 12:55:04
PTP002839,payment_link_sent,2026-06-03 13:10:13
PTP002839,payment_link_opened,2026-06-03 15:27:15
PTP002839,whatsapp_confirmation_sent,2026-06-04 10:21:06
PTP002839,payment_link_opened,2026-06-06 19:27:27
PTP002840,whatsapp_confirmation_sent,2026-06-04 10:24:27
PTP002841,payment_link_sent,2026-06-03 18:39:33
PTP002841,whatsapp_confirmation_sent,2026-06-04 10:22:39
PTP002845,payment_link_sent,2026-06-03 11:39:37
PTP002846,payment_link_sent,2026-06-03 12:01:14
PTP002849,payment_link_sent,2026-06-03 12:47:50
PTP002849,payment_link_opened,2026-06-03 12:56:09
PTP002849,payment_link_opened,2026-06-28 15:48:09
PTP002851,payment_link_sent,2026-06-04 08:45:41
PTP002851,payment_link_opened,2026-06-04 23:13:54
PTP002851,whatsapp_confirmation_sent,2026-06-05 10:05:10
PTP002851,confirmation_reply_yes,2026-06-05 15:04:15
PTP002852,payment_link_sent,2026-06-04 09:35:06
PTP002852,whatsapp_confirmation_sent,2026-06-05 10:20:39
PTP002853,payment_link_sent,2026-06-04 09:16:09
PTP002853,whatsapp_confirmation_sent,2026-06-05 10:26:54
PTP002854,payment_link_sent,2026-06-04 08:21:14
PTP002854,whatsapp_confirmation_sent,2026-06-05 10:15:18
PTP002855,whatsapp_confirmation_sent,2026-06-05 10:25:09
PTP002856,whatsapp_confirmation_sent,2026-06-05 10:21:08
PTP002857,payment_link_sent,2026-06-04 12:33:01
PTP002857,payment_link_opened,2026-06-04 14:54:29
PTP002857,whatsapp_confirmation_sent,2026-06-05 10:20:50
PTP002858,whatsapp_confirmation_sent,2026-06-05 10:00:51
PTP002858,confirmation_reply_yes,2026-06-05 13:02:15
PTP002859,payment_link_sent,2026-06-04 12:54:31
PTP002859,payment_link_opened,2026-06-04 15:34:38
PTP002859,whatsapp_confirmation_sent,2026-06-05 10:08:51
PTP002860,whatsapp_confirmation_sent,2026-06-05 10:11:02
PTP002861,payment_link_sent,2026-06-04 13:03:47
PTP002861,payment_link_opened,2026-06-05 01:35:27
PTP002861,whatsapp_confirmation_sent,2026-06-05 10:06:03
PTP002861,payment_link_opened,2026-06-05 12:47:43
PTP002862,payment_link_sent,2026-06-04 11:11:40
PTP002862,whatsapp_confirmation_sent,2026-06-05 10:16:25
PTP002862,confirmation_reply_yes,2026-06-05 12:04:04
PTP002863,whatsapp_confirmation_sent,2026-06-05 10:04:28
PTP002864,whatsapp_confirmation_sent,2026-06-05 10:00:38
PTP002865,whatsapp_confirmation_sent,2026-06-05 10:11:29
PTP002866,whatsapp_confirmation_sent,2026-06-05 10:24:35
PTP002866,confirmation_reply_yes,2026-06-05 13:24:55
PTP002867,payment_link_sent,2026-06-04 10:33:44
PTP002867,payment_link_opened,2026-06-04 16:39:31
PTP002867,whatsapp_confirmation_sent,2026-06-05 10:22:49
PTP002867,confirmation_reply_yes,2026-06-05 10:38:41
PTP002868,payment_link_sent,2026-06-04 09:39:58
PTP002868,whatsapp_confirmation_sent,2026-06-05 10:21:20
PTP002868,confirmation_reply_yes,2026-06-05 12:17:07
PTP002868,payment_link_opened,2026-06-05 19:36:00
PTP002869,payment_link_sent,2026-06-04 09:40:18
PTP002869,whatsapp_confirmation_sent,2026-06-05 10:27:47
PTP002870,whatsapp_confirmation_sent,2026-06-05 10:03:20
PTP002870,confirmation_reply_no,2026-06-05 13:35:43
PTP002871,payment_link_sent,2026-06-04 09:32:09
PTP002871,whatsapp_confirmation_sent,2026-06-05 10:29:06
PTP002871,confirmation_reply_yes,2026-06-05 13:18:44
PTP002871,inbound_call_from_customer,2026-06-06 10:07:29
PTP002871,payment_link_opened,2026-06-06 10:14:52
PTP002872,payment_link_sent,2026-06-04 11:31:17
PTP002872,whatsapp_confirmation_sent,2026-06-05 10:17:57
PTP002873,payment_link_sent,2026-06-04 08:31:54
PTP002873,payment_link_opened,2026-06-04 22:26:02
PTP002873,whatsapp_confirmation_sent,2026-06-05 10:14:44
PTP002873,confirmation_reply_yes,2026-06-05 12:37:41
PTP002874,payment_link_sent,2026-06-04 09:48:58
PTP002874,whatsapp_confirmation_sent,2026-06-05 10:27:57
PTP002875,payment_link_sent,2026-06-04 10:11:54
PTP002875,payment_link_opened,2026-06-04 10:58:20
PTP002875,whatsapp_confirmation_sent,2026-06-05 10:13:19
PTP002875,payment_link_opened,2026-06-13 20:20:57
PTP002876,whatsapp_confirmation_sent,2026-06-05 10:17:12
PTP002876,confirmation_reply_yes,2026-06-05 14:29:06
PTP002877,payment_link_sent,2026-06-04 12:34:00
PTP002877,payment_link_opened,2026-06-04 13:34:29
PTP002877,whatsapp_confirmation_sent,2026-06-05 10:13:32
PTP002877,payment_link_opened,2026-06-09 12:28:40
PTP002878,payment_link_sent,2026-06-04 10:47:49
PTP002878,payment_link_opened,2026-06-04 11:55:27
PTP002878,payment_link_opened,2026-06-04 19:43:12
PTP002878,whatsapp_confirmation_sent,2026-06-05 10:06:25
PTP002878,confirmation_reply_yes,2026-06-05 13:16:39
PTP002879,payment_link_sent,2026-06-04 18:10:07
PTP002879,whatsapp_confirmation_sent,2026-06-05 10:05:40
PTP002879,confirmation_reply_yes,2026-06-05 10:46:43
PTP002880,payment_link_sent,2026-06-04 16:13:01
PTP002880,whatsapp_confirmation_sent,2026-06-05 10:21:54
PTP002881,whatsapp_confirmation_sent,2026-06-05 10:22:33
PTP002882,whatsapp_confirmation_sent,2026-06-05 10:21:46
PTP002882,confirmation_reply_yes,2026-06-05 12:35:59
PTP002883,payment_link_sent,2026-06-04 17:37:50
PTP002883,whatsapp_confirmation_sent,2026-06-05 10:09:04
PTP002884,payment_link_sent,2026-06-04 16:40:04
PTP002884,payment_link_opened,2026-06-04 23:39:42
PTP002884,whatsapp_confirmation_sent,2026-06-05 10:04:24
PTP002885,payment_link_sent,2026-06-04 14:04:33
PTP002885,payment_link_opened,2026-06-04 22:31:37
PTP002885,whatsapp_confirmation_sent,2026-06-05 10:27:52
PTP002886,payment_link_sent,2026-06-04 14:14:04
PTP002886,whatsapp_confirmation_sent,2026-06-05 10:05:17
PTP002886,payment_link_opened,2026-06-05 10:11:10
PTP002889,payment_link_sent,2026-06-04 10:36:25
PTP002889,payment_link_opened,2026-06-04 18:03:39
PTP002889,inbound_call_from_customer,2026-06-06 06:38:08
PTP002891,payment_link_sent,2026-06-04 10:56:52
PTP002891,inbound_call_from_customer,2026-06-04 17:15:43
PTP002894,payment_link_sent,2026-06-05 09:54:15
PTP002894,payment_link_opened,2026-06-05 13:55:20
PTP002894,whatsapp_confirmation_sent,2026-06-06 10:29:07
PTP002894,payment_link_opened,2026-06-07 13:57:32
PTP002895,payment_link_sent,2026-06-05 10:53:49
PTP002895,whatsapp_confirmation_sent,2026-06-06 10:08:05
PTP002896,whatsapp_confirmation_sent,2026-06-06 10:15:07
PTP002897,payment_link_sent,2026-06-05 10:28:02
PTP002897,whatsapp_confirmation_sent,2026-06-06 10:12:56
PTP002898,payment_link_sent,2026-06-05 08:05:00
PTP002898,whatsapp_confirmation_sent,2026-06-06 10:06:14
PTP002899,whatsapp_confirmation_sent,2026-06-06 10:17:53
PTP002900,payment_link_sent,2026-06-05 08:25:09
PTP002900,payment_link_opened,2026-06-05 11:44:34
PTP002900,whatsapp_confirmation_sent,2026-06-06 10:07:34
PTP002901,payment_link_sent,2026-06-05 09:00:31
PTP002901,payment_link_opened,2026-06-05 09:26:19
PTP002901,whatsapp_confirmation_sent,2026-06-06 10:22:14
PTP002901,payment_link_opened,2026-06-15 12:44:45
PTP002902,whatsapp_confirmation_sent,2026-06-06 10:02:59
PTP002902,inbound_call_from_customer,2026-06-07 14:52:49
PTP002903,payment_link_sent,2026-06-05 11:37:59
PTP002903,whatsapp_confirmation_sent,2026-06-06 10:17:03
PTP002904,payment_link_sent,2026-06-05 08:51:18
PTP002904,whatsapp_confirmation_sent,2026-06-06 10:21:39
PTP002905,payment_link_sent,2026-06-05 12:14:16
PTP002905,whatsapp_confirmation_sent,2026-06-06 10:21:23
PTP002906,payment_link_sent,2026-06-05 09:52:22
PTP002906,whatsapp_confirmation_sent,2026-06-06 10:19:53
PTP002906,confirmation_reply_yes,2026-06-06 12:29:37
PTP002907,payment_link_sent,2026-06-05 10:31:40
PTP002907,whatsapp_confirmation_sent,2026-06-06 10:24:47
PTP002907,confirmation_reply_no,2026-06-06 12:34:15
PTP002908,whatsapp_confirmation_sent,2026-06-06 10:09:05
PTP002909,whatsapp_confirmation_sent,2026-06-06 10:28:10
PTP002909,inbound_call_from_customer,2026-06-06 18:37:51
PTP002910,payment_link_sent,2026-06-05 12:00:59
PTP002910,whatsapp_confirmation_sent,2026-06-06 10:11:37
PTP002910,confirmation_reply_yes,2026-06-06 11:29:52
PTP002911,payment_link_sent,2026-06-05 11:28:02
PTP002911,whatsapp_confirmation_sent,2026-06-06 10:25:49
PTP002912,payment_link_sent,2026-06-05 12:45:58
PTP002912,payment_link_opened,2026-06-05 15:15:50
PTP002912,whatsapp_confirmation_sent,2026-06-06 10:23:03
PTP002912,payment_link_opened,2026-06-16 08:04:47
PTP002913,whatsapp_confirmation_sent,2026-06-06 10:11:49
PTP002913,confirmation_reply_yes,2026-06-06 13:06:06
PTP002914,payment_link_sent,2026-06-05 11:38:35
PTP002914,whatsapp_confirmation_sent,2026-06-06 10:07:08
PTP002915,payment_link_sent,2026-06-05 10:44:43
PTP002915,payment_link_opened,2026-06-05 14:03:26
PTP002915,whatsapp_confirmation_sent,2026-06-06 10:25:03
PTP002915,confirmation_reply_yes,2026-06-06 13:38:46
PTP002915,payment_link_opened,2026-06-07 21:38:07
PTP002916,payment_link_sent,2026-06-05 09:38:41
PTP002916,whatsapp_confirmation_sent,2026-06-06 10:00:51
PTP002916,confirmation_reply_yes,2026-06-06 13:04:27
PTP002916,payment_link_opened,2026-06-13 22:10:59
PTP002917,payment_link_sent,2026-06-05 11:39:26
PTP002917,payment_link_opened,2026-06-05 20:02:33
PTP002917,whatsapp_confirmation_sent,2026-06-06 10:03:23
PTP002917,payment_link_opened,2026-06-24 18:28:43
PTP002918,payment_link_sent,2026-06-05 08:34:46
PTP002918,whatsapp_confirmation_sent,2026-06-06 10:11:04
PTP002918,confirmation_reply_yes,2026-06-06 12:49:26
PTP002919,payment_link_sent,2026-06-05 18:16:38
PTP002919,whatsapp_confirmation_sent,2026-06-06 10:24:33
PTP002919,confirmation_reply_no,2026-06-06 14:14:10
PTP002920,whatsapp_confirmation_sent,2026-06-06 10:08:03
PTP002920,confirmation_reply_yes,2026-06-06 11:40:39
PTP002921,payment_link_opened,2026-06-05 12:42:10
PTP002921,payment_link_sent,2026-06-05 16:08:50
PTP002921,payment_link_opened,2026-06-05 16:09:20
PTP002921,whatsapp_confirmation_sent,2026-06-06 10:27:57
PTP002921,confirmation_reply_no,2026-06-06 14:00:45
PTP002922,payment_link_sent,2026-06-05 16:28:51
PTP002922,whatsapp_confirmation_sent,2026-06-06 10:06:10
PTP002923,payment_link_sent,2026-06-05 16:05:28
PTP002923,whatsapp_confirmation_sent,2026-06-06 10:21:14
PTP002923,confirmation_reply_no,2026-06-06 14:46:09
PTP002923,payment_link_opened,2026-06-29 08:16:44
PTP002924,whatsapp_confirmation_sent,2026-06-06 10:21:05
PTP002925,payment_link_sent,2026-06-05 16:48:32
PTP002925,whatsapp_confirmation_sent,2026-06-06 10:25:28
PTP002925,confirmation_reply_yes,2026-06-06 15:41:34
PTP002926,payment_link_sent,2026-06-05 14:11:32
PTP002926,payment_link_opened,2026-06-05 17:04:40
PTP002926,whatsapp_confirmation_sent,2026-06-06 10:23:23
PTP002926,payment_link_opened,2026-06-13 18:18:43
PTP002927,whatsapp_confirmation_sent,2026-06-06 10:08:57
PTP002929,payment_link_sent,2026-06-05 11:41:31
PTP002931,payment_link_sent,2026-06-05 11:18:42
PTP002933,payment_link_sent,2026-06-05 11:31:49
PTP002934,payment_link_sent,2026-06-05 10:23:32
PTP002935,payment_link_sent,2026-06-05 11:33:04
PTP002936,whatsapp_confirmation_sent,2026-06-07 10:10:44
PTP002937,whatsapp_confirmation_sent,2026-06-07 10:17:52
PTP002938,payment_link_sent,2026-06-06 09:13:12
PTP002938,whatsapp_confirmation_sent,2026-06-07 10:21:04
PTP002938,confirmation_reply_yes,2026-06-07 12:12:15
PTP002939,payment_link_sent,2026-06-06 12:52:21
PTP002939,whatsapp_confirmation_sent,2026-06-07 10:05:52
PTP002940,payment_link_sent,2026-06-06 09:39:36
PTP002940,whatsapp_confirmation_sent,2026-06-07 10:23:35
PTP002940,confirmation_reply_yes,2026-06-07 15:12:33
PTP002940,payment_link_opened,2026-07-08 17:33:09
PTP002941,whatsapp_confirmation_sent,2026-06-07 10:03:39
PTP002942,payment_link_sent,2026-06-06 11:54:35
PTP002942,whatsapp_confirmation_sent,2026-06-07 10:06:05
PTP002943,payment_link_sent,2026-06-06 08:09:31
PTP002943,whatsapp_confirmation_sent,2026-06-07 10:12:13
PTP002943,confirmation_reply_no,2026-06-07 12:20:55
PTP002944,payment_link_sent,2026-06-06 08:38:24
PTP002944,whatsapp_confirmation_sent,2026-06-07 10:07:02
PTP002945,whatsapp_confirmation_sent,2026-06-07 10:13:28
PTP002946,payment_link_sent,2026-06-06 10:31:53
PTP002946,payment_link_opened,2026-06-06 17:00:40
PTP002946,whatsapp_confirmation_sent,2026-06-07 10:02:06
PTP002946,confirmation_reply_yes,2026-06-07 10:12:28
PTP002947,whatsapp_confirmation_sent,2026-06-07 10:17:56
PTP002947,confirmation_reply_no,2026-06-07 11:24:43
PTP002948,payment_link_sent,2026-06-06 11:49:37
PTP002948,payment_link_opened,2026-06-06 11:59:06
PTP002948,whatsapp_confirmation_sent,2026-06-07 10:06:10
PTP002948,payment_link_opened,2026-06-19 21:19:45
PTP002949,payment_link_sent,2026-06-06 09:20:59
PTP002949,whatsapp_confirmation_sent,2026-06-07 10:06:26
PTP002950,payment_link_sent,2026-06-06 10:35:16
PTP002950,payment_link_opened,2026-06-06 12:24:25
PTP002950,whatsapp_confirmation_sent,2026-06-07 10:12:11
PTP002950,payment_link_opened,2026-06-25 21:26:31
PTP002951,payment_link_sent,2026-06-06 08:19:25
PTP002951,whatsapp_confirmation_sent,2026-06-07 10:13:28
PTP002952,whatsapp_confirmation_sent,2026-06-07 10:27:53
PTP002953,whatsapp_confirmation_sent,2026-06-07 10:27:03
PTP002954,payment_link_sent,2026-06-06 14:20:51
PTP002954,whatsapp_confirmation_sent,2026-06-07 10:29:40
PTP002954,confirmation_reply_yes,2026-06-07 13:02:08
PTP002955,whatsapp_confirmation_sent,2026-06-07 10:04:01
PTP002956,payment_link_sent,2026-06-06 15:02:04
PTP002956,payment_link_opened,2026-06-06 17:15:22
PTP002956,whatsapp_confirmation_sent,2026-06-07 10:08:50
PTP002956,confirmation_reply_yes,2026-06-07 14:32:57
PTP002957,payment_link_sent,2026-06-06 15:05:07
PTP002957,payment_link_opened,2026-06-06 17:09:21
PTP002957,whatsapp_confirmation_sent,2026-06-07 10:17:42
PTP002958,whatsapp_confirmation_sent,2026-06-07 10:07:20
PTP002959,payment_link_sent,2026-06-06 17:51:28
PTP002959,payment_link_opened,2026-06-06 21:07:05
PTP002959,whatsapp_confirmation_sent,2026-06-07 10:21:49
PTP002959,confirmation_reply_yes,2026-06-07 12:25:44
PTP002959,payment_link_opened,2026-06-12 22:28:34
PTP002960,payment_link_sent,2026-06-06 15:59:18
PTP002960,whatsapp_confirmation_sent,2026-06-07 10:08:57
PTP002960,confirmation_reply_yes,2026-06-07 14:31:46
PTP002960,payment_link_opened,2026-06-25 14:44:44
PTP002961,whatsapp_confirmation_sent,2026-06-07 10:03:18
PTP002962,whatsapp_confirmation_sent,2026-06-07 10:03:37
PTP002963,payment_link_sent,2026-06-06 18:20:55
PTP002963,payment_link_opened,2026-06-06 23:54:11
PTP002963,whatsapp_confirmation_sent,2026-06-07 10:23:24
PTP002963,payment_link_opened,2026-06-11 17:37:22
PTP002967,payment_link_sent,2026-06-06 11:09:07
PTP002967,payment_link_opened,2026-06-06 15:27:08
PTP002967,payment_link_opened,2026-06-18 19:23:19
PTP002969,whatsapp_confirmation_sent,2026-06-08 10:03:07
PTP002970,payment_link_sent,2026-06-07 12:58:40
PTP002970,payment_link_opened,2026-06-07 14:07:23
PTP002970,whatsapp_confirmation_sent,2026-06-08 10:02:02
PTP002970,confirmation_reply_yes,2026-06-08 11:21:49
PTP002971,payment_link_sent,2026-06-07 11:51:56
PTP002971,payment_link_opened,2026-06-07 20:42:44
PTP002971,whatsapp_confirmation_sent,2026-06-08 10:13:34
PTP002972,payment_link_sent,2026-06-07 09:50:08
PTP002972,whatsapp_confirmation_sent,2026-06-08 10:19:33
PTP002972,payment_link_opened,2026-06-10 18:10:03
PTP002973,payment_link_sent,2026-06-07 09:32:37
PTP002973,whatsapp_confirmation_sent,2026-06-08 10:16:04
PTP002973,payment_link_opened,2026-06-18 15:51:51
PTP002974,payment_link_sent,2026-06-07 08:27:19
PTP002974,whatsapp_confirmation_sent,2026-06-08 10:17:31
PTP002975,payment_link_sent,2026-06-07 09:27:27
PTP002975,payment_link_opened,2026-06-08 05:13:56
PTP002975,whatsapp_confirmation_sent,2026-06-08 10:27:13
PTP002976,payment_link_sent,2026-06-07 17:33:25
PTP002976,whatsapp_confirmation_sent,2026-06-08 10:01:35
PTP002976,confirmation_reply_yes,2026-06-08 12:31:48
PTP002977,payment_link_sent,2026-06-07 16:20:39
PTP002977,payment_link_opened,2026-06-07 16:21:09
PTP002977,whatsapp_confirmation_sent,2026-06-08 10:24:34
PTP002978,whatsapp_confirmation_sent,2026-06-08 10:03:15
PTP002978,confirmation_reply_yes,2026-06-08 12:45:27
PTP002979,payment_link_sent,2026-06-07 18:33:20
PTP002979,payment_link_opened,2026-06-07 18:49:44
PTP002979,whatsapp_confirmation_sent,2026-06-08 10:11:21
PTP002979,payment_link_opened,2026-06-12 16:58:55
PTP002980,whatsapp_confirmation_sent,2026-06-09 10:16:53
PTP002980,inbound_call_from_customer,2026-06-10 01:11:08
PTP002981,whatsapp_confirmation_sent,2026-06-09 10:15:02
PTP002982,whatsapp_confirmation_sent,2026-06-09 10:28:39
PTP002983,whatsapp_confirmation_sent,2026-06-09 10:00:14
PTP002984,payment_link_sent,2026-06-08 11:52:28
PTP002984,payment_link_opened,2026-06-08 16:12:31
PTP002984,whatsapp_confirmation_sent,2026-06-09 10:00:53
PTP002984,confirmation_reply_yes,2026-06-09 14:16:56
PTP002984,payment_link_opened,2026-06-11 11:15:57
PTP002985,whatsapp_confirmation_sent,2026-06-09 10:13:30
PTP002986,whatsapp_confirmation_sent,2026-06-09 10:27:24
PTP002987,whatsapp_confirmation_sent,2026-06-09 10:28:08
PTP002988,payment_link_sent,2026-06-08 08:59:38
PTP002988,whatsapp_confirmation_sent,2026-06-09 10:00:55
PTP002989,payment_link_sent,2026-06-08 08:57:52
PTP002989,whatsapp_confirmation_sent,2026-06-09 10:02:59
PTP002989,payment_link_opened,2026-06-14 17:47:06
PTP002990,payment_link_sent,2026-06-08 10:22:00
PTP002990,whatsapp_confirmation_sent,2026-06-09 10:05:42
PTP002990,confirmation_reply_yes,2026-06-09 11:28:15
PTP002990,payment_link_opened,2026-06-16 15:55:45
PTP002991,payment_link_sent,2026-06-08 09:57:29
PTP002991,whatsapp_confirmation_sent,2026-06-09 10:04:01
PTP002992,payment_link_sent,2026-06-08 10:18:43
PTP002992,whatsapp_confirmation_sent,2026-06-09 10:02:49
PTP002992,confirmation_reply_yes,2026-06-09 11:03:22
PTP002993,payment_link_sent,2026-06-08 09:09:19
PTP002993,whatsapp_confirmation_sent,2026-06-09 10:05:22
PTP002994,payment_link_sent,2026-06-08 09:29:43
PTP002994,payment_link_opened,2026-06-08 11:18:46
PTP002994,whatsapp_confirmation_sent,2026-06-09 10:07:06
PTP002994,confirmation_reply_no,2026-06-09 14:48:17
PTP002994,payment_link_opened,2026-06-16 12:40:57
PTP002995,payment_link_sent,2026-06-08 09:56:34
PTP002995,payment_link_opened,2026-06-08 13:20:57
PTP002995,whatsapp_confirmation_sent,2026-06-09 10:25:34
PTP002996,payment_link_sent,2026-06-08 10:13:43
PTP002996,payment_link_opened,2026-06-08 10:58:52
PTP002996,whatsapp_confirmation_sent,2026-06-09 10:24:58
PTP002996,confirmation_reply_yes,2026-06-09 14:58:38
PTP002996,payment_link_opened,2026-06-13 10:37:02
PTP002997,payment_link_sent,2026-06-08 11:37:53
PTP002997,whatsapp_confirmation_sent,2026-06-09 10:01:59
PTP002997,confirmation_reply_yes,2026-06-09 12:02:55
PTP002998,payment_link_sent,2026-06-08 08:31:00
PTP002998,whatsapp_confirmation_sent,2026-06-09 10:10:39
PTP002998,confirmation_reply_yes,2026-06-09 12:16:26
PTP002999,payment_link_sent,2026-06-08 09:45:01
PTP002999,whatsapp_confirmation_sent,2026-06-09 10:06:32
PTP002999,confirmation_reply_yes,2026-06-09 10:40:58
PTP003000,payment_link_sent,2026-06-08 18:39:29
PTP003000,payment_link_opened,2026-06-09 09:53:33
PTP003000,whatsapp_confirmation_sent,2026-06-09 10:25:22
PTP003000,confirmation_reply_yes,2026-06-09 15:10:49
PTP003001,payment_link_sent,2026-06-08 17:51:56
PTP003001,whatsapp_confirmation_sent,2026-06-09 10:25:35
PTP003002,whatsapp_confirmation_sent,2026-06-09 10:29:03
PTP003003,payment_link_sent,2026-06-08 14:53:25
PTP003003,whatsapp_confirmation_sent,2026-06-09 10:20:40
PTP003004,whatsapp_confirmation_sent,2026-06-09 10:19:01
PTP003005,payment_link_sent,2026-06-08 17:35:26
PTP003005,payment_link_opened,2026-06-08 23:33:52
PTP003005,whatsapp_confirmation_sent,2026-06-09 10:09:07
PTP003005,confirmation_reply_yes,2026-06-09 15:22:31
PTP003005,payment_link_opened,2026-06-15 19:16:46
PTP003006,payment_link_sent,2026-06-08 15:33:36
PTP003006,whatsapp_confirmation_sent,2026-06-09 10:24:21
PTP003007,whatsapp_confirmation_sent,2026-06-09 10:26:08
PTP003008,whatsapp_confirmation_sent,2026-06-09 10:06:38
PTP003009,payment_link_sent,2026-06-08 13:35:31
PTP003009,payment_link_opened,2026-06-08 16:21:55
PTP003009,whatsapp_confirmation_sent,2026-06-09 10:14:43
PTP003010,whatsapp_confirmation_sent,2026-06-09 10:22:25
PTP003011,payment_link_sent,2026-06-08 17:01:42
PTP003011,payment_link_opened,2026-06-08 17:50:48
PTP003011,whatsapp_confirmation_sent,2026-06-09 10:09:55
PTP003011,payment_link_opened,2026-07-06 20:55:31
PTP003012,whatsapp_confirmation_sent,2026-06-09 10:15:08
PTP003012,confirmation_reply_yes,2026-06-09 15:07:32
PTP003013,payment_link_sent,2026-06-08 16:58:57
PTP003013,payment_link_opened,2026-06-09 03:44:56
PTP003013,whatsapp_confirmation_sent,2026-06-09 10:19:07
PTP003013,payment_link_opened,2026-06-10 10:02:09
PTP003014,whatsapp_confirmation_sent,2026-06-09 10:26:38
PTP003015,payment_link_sent,2026-06-08 14:50:58
PTP003015,whatsapp_confirmation_sent,2026-06-09 10:28:13
PTP003015,confirmation_reply_no,2026-06-09 14:57:53
PTP003015,inbound_call_from_customer,2026-06-12 18:37:47
PTP003016,inbound_call_from_customer,2026-06-10 04:42:50
PTP003018,payment_link_sent,2026-06-08 10:41:48
PTP003019,payment_link_sent,2026-06-08 10:25:39
PTP003023,payment_link_sent,2026-06-08 12:27:55
PTP003024,payment_link_sent,2026-06-08 12:44:44
PTP003028,payment_link_sent,2026-06-09 09:12:33
PTP003028,payment_link_opened,2026-06-10 05:56:45
PTP003028,whatsapp_confirmation_sent,2026-06-10 10:00:48
PTP003028,confirmation_reply_yes,2026-06-10 15:30:22
PTP003029,whatsapp_confirmation_sent,2026-06-10 10:20:13
PTP003030,payment_link_sent,2026-06-09 11:29:07
PTP003030,payment_link_opened,2026-06-09 16:14:29
PTP003030,whatsapp_confirmation_sent,2026-06-10 10:14:10
PTP003030,payment_link_opened,2026-06-10 14:12:55
PTP003031,payment_link_sent,2026-06-09 09:58:36
PTP003031,payment_link_opened,2026-06-09 14:45:37
PTP003031,whatsapp_confirmation_sent,2026-06-10 10:20:29
PTP003031,payment_link_opened,2026-07-04 20:28:59
PTP003032,payment_link_sent,2026-06-09 12:08:03
PTP003032,whatsapp_confirmation_sent,2026-06-10 10:05:51
PTP003033,payment_link_sent,2026-06-09 09:13:22
PTP003033,whatsapp_confirmation_sent,2026-06-10 10:02:19
PTP003033,payment_link_opened,2026-06-27 11:15:16
PTP003034,payment_link_sent,2026-06-09 11:41:40
PTP003034,payment_link_opened,2026-06-10 02:13:24
PTP003034,whatsapp_confirmation_sent,2026-06-10 10:09:36
PTP003035,payment_link_sent,2026-06-09 09:25:55
PTP003035,whatsapp_confirmation_sent,2026-06-10 10:28:16
PTP003036,payment_link_sent,2026-06-09 09:44:04
PTP003036,whatsapp_confirmation_sent,2026-06-10 10:12:08
PTP003037,whatsapp_confirmation_sent,2026-06-10 10:01:52
PTP003037,confirmation_reply_no,2026-06-10 12:31:23
PTP003038,whatsapp_confirmation_sent,2026-06-10 10:22:55
PTP003039,payment_link_sent,2026-06-09 11:53:17
PTP003039,whatsapp_confirmation_sent,2026-06-10 10:12:56
PTP003039,confirmation_reply_yes,2026-06-10 10:33:49
PTP003040,payment_link_sent,2026-06-09 09:26:09
PTP003040,payment_link_opened,2026-06-09 09:59:05
PTP003040,whatsapp_confirmation_sent,2026-06-10 10:23:01
PTP003040,confirmation_reply_yes,2026-06-10 14:27:37
PTP003040,payment_link_opened,2026-06-29 16:29:31
PTP003041,payment_link_sent,2026-06-09 08:46:17
PTP003041,whatsapp_confirmation_sent,2026-06-10 10:29:17
PTP003042,payment_link_sent,2026-06-09 09:38:39
PTP003042,whatsapp_confirmation_sent,2026-06-10 10:26:56
PTP003043,payment_link_sent,2026-06-09 10:27:40
PTP003043,whatsapp_confirmation_sent,2026-06-10 10:26:34
PTP003044,payment_link_sent,2026-06-09 10:07:30
PTP003044,whatsapp_confirmation_sent,2026-06-10 10:16:55
PTP003044,confirmation_reply_yes,2026-06-10 11:16:11
PTP003045,payment_link_sent,2026-06-09 08:44:41
PTP003045,whatsapp_confirmation_sent,2026-06-10 10:20:57
PTP003045,confirmation_reply_no,2026-06-10 12:30:12
PTP003045,payment_link_opened,2026-06-17 18:26:11
PTP003046,whatsapp_confirmation_sent,2026-06-10 10:14:27
PTP003047,payment_link_sent,2026-06-09 08:56:10
PTP003047,payment_link_opened,2026-06-09 09:40:22
PTP003047,payment_link_opened,2026-06-10 08:41:57
PTP003047,whatsapp_confirmation_sent,2026-06-10 10:07:01
PTP003048,payment_link_sent,2026-06-09 08:21:40
PTP003048,whatsapp_confirmation_sent,2026-06-10 10:29:19
PTP003048,confirmation_reply_yes,2026-06-10 14:45:56
PTP003049,whatsapp_confirmation_sent,2026-06-10 10:06:09
PTP003050,payment_link_sent,2026-06-09 10:44:26
PTP003050,payment_link_opened,2026-06-09 14:49:55
PTP003050,whatsapp_confirmation_sent,2026-06-10 10:12:03
PTP003050,confirmation_reply_yes,2026-06-10 11:28:59
PTP003050,payment_link_opened,2026-06-11 13:12:51
PTP003051,payment_link_sent,2026-06-09 13:06:03
PTP003051,payment_link_opened,2026-06-09 15:53:00
PTP003051,whatsapp_confirmation_sent,2026-06-10 10:19:13
PTP003051,confirmation_reply_yes,2026-06-10 11:44:43
PTP003051,payment_link_opened,2026-06-15 20:42:07
PTP003052,payment_link_sent,2026-06-09 12:02:46
PTP003052,payment_link_opened,2026-06-09 13:19:56
PTP003052,whatsapp_confirmation_sent,2026-06-10 10:21:31
PTP003052,confirmation_reply_no,2026-06-10 12:50:23
PTP003052,payment_link_opened,2026-06-15 08:19:26
PTP003053,payment_link_sent,2026-06-09 09:50:25
PTP003053,whatsapp_confirmation_sent,2026-06-10 10:23:37
PTP003054,whatsapp_confirmation_sent,2026-06-10 10:26:19
PTP003055,payment_link_sent,2026-06-09 12:20:12
PTP003055,payment_link_opened,2026-06-09 13:21:46
PTP003055,whatsapp_confirmation_sent,2026-06-10 10:10:04
PTP003055,payment_link_opened,2026-06-10 12:30:02
PTP003055,confirmation_reply_yes,2026-06-10 14:47:33
PTP003056,payment_link_sent,2026-06-09 10:46:56
PTP003056,payment_link_opened,2026-06-09 11:10:01
PTP003056,whatsapp_confirmation_sent,2026-06-10 10:15:12
PTP003056,confirmation_reply_yes,2026-06-10 13:42:25
PTP003057,payment_link_sent,2026-06-09 11:21:52
PTP003057,payment_link_opened,2026-06-09 18:04:58
PTP003057,whatsapp_confirmation_sent,2026-06-10 10:23:14
PTP003058,payment_link_sent,2026-06-09 15:01:18
PTP003058,payment_link_opened,2026-06-09 15:09:25
PTP003058,whatsapp_confirmation_sent,2026-06-10 10:22:00
PTP003058,confirmation_reply_yes,2026-06-10 13:16:02
PTP003059,whatsapp_confirmation_sent,2026-06-10 10:28:40
PTP003059,confirmation_reply_yes,2026-06-10 11:10:46
PTP003060,whatsapp_confirmation_sent,2026-06-10 10:06:05
PTP003061,payment_link_sent,2026-06-09 13:03:53
PTP003061,payment_link_opened,2026-06-09 18:41:36
PTP003061,whatsapp_confirmation_sent,2026-06-10 10:24:37
PTP003061,confirmation_reply_yes,2026-06-10 15:32:29
PTP003062,payment_link_sent,2026-06-09 17:34:36
PTP003062,whatsapp_confirmation_sent,2026-06-10 10:22:51
PTP003062,confirmation_reply_yes,2026-06-10 13:40:22
PTP003063,payment_link_sent,2026-06-09 18:05:04
PTP003063,whatsapp_confirmation_sent,2026-06-10 10:01:43
PTP003064,payment_link_sent,2026-06-09 14:23:23
PTP003064,payment_link_opened,2026-06-09 18:30:54
PTP003064,whatsapp_confirmation_sent,2026-06-10 10:23:57
PTP003064,confirmation_reply_yes,2026-06-10 11:06:17
PTP003065,payment_link_sent,2026-06-09 14:49:19
PTP003065,whatsapp_confirmation_sent,2026-06-10 10:06:43
PTP003066,payment_link_sent,2026-06-09 13:36:15
PTP003071,whatsapp_confirmation_sent,2026-06-11 10:02:08
PTP003071,confirmation_reply_yes,2026-06-11 11:07:16
PTP003072,payment_link_sent,2026-06-10 11:17:19
PTP003072,whatsapp_confirmation_sent,2026-06-11 10:24:53
PTP003072,confirmation_reply_yes,2026-06-11 14:50:10
PTP003072,payment_link_opened,2026-06-30 17:23:24
PTP003073,payment_link_sent,2026-06-10 08:54:22
PTP003073,payment_link_opened,2026-06-10 09:03:20
PTP003073,payment_link_opened,2026-06-10 20:55:28
PTP003073,whatsapp_confirmation_sent,2026-06-11 10:23:15
PTP003074,whatsapp_confirmation_sent,2026-06-11 10:00:48
PTP003075,payment_link_sent,2026-06-10 11:08:14
PTP003075,whatsapp_confirmation_sent,2026-06-11 10:02:16
PTP003076,payment_link_sent,2026-06-10 08:44:43
PTP003076,payment_link_opened,2026-06-10 12:43:31
PTP003076,whatsapp_confirmation_sent,2026-06-11 10:15:26
PTP003077,whatsapp_confirmation_sent,2026-06-11 10:29:37
PTP003078,whatsapp_confirmation_sent,2026-06-11 10:07:10
PTP003078,confirmation_reply_yes,2026-06-11 13:43:50
PTP003079,payment_link_sent,2026-06-10 12:30:58
PTP003079,whatsapp_confirmation_sent,2026-06-11 10:22:17
PTP003080,payment_link_sent,2026-06-10 09:35:04
PTP003080,payment_link_opened,2026-06-10 10:38:41
PTP003080,whatsapp_confirmation_sent,2026-06-11 10:27:24
PTP003081,payment_link_sent,2026-06-10 09:34:25
PTP003081,whatsapp_confirmation_sent,2026-06-11 10:15:14
PTP003082,payment_link_sent,2026-06-10 09:19:23
PTP003082,payment_link_opened,2026-06-10 12:52:34
PTP003082,whatsapp_confirmation_sent,2026-06-11 10:17:36
PTP003082,payment_link_opened,2026-06-13 13:17:33
PTP003083,payment_link_sent,2026-06-10 08:32:28
PTP003083,payment_link_opened,2026-06-10 12:47:40
PTP003083,inbound_call_from_customer,2026-06-11 09:46:55
PTP003083,whatsapp_confirmation_sent,2026-06-11 10:05:41
PTP003083,confirmation_reply_yes,2026-06-11 12:35:10
PTP003084,payment_link_sent,2026-06-10 12:26:21
PTP003084,payment_link_opened,2026-06-10 16:50:40
PTP003084,whatsapp_confirmation_sent,2026-06-11 10:22:36
PTP003084,payment_link_opened,2026-06-25 12:07:31
PTP003085,whatsapp_confirmation_sent,2026-06-11 10:16:38
PTP003085,confirmation_reply_yes,2026-06-11 13:34:51
PTP003086,whatsapp_confirmation_sent,2026-06-11 10:04:10
PTP003086,confirmation_reply_yes,2026-06-11 12:28:38
PTP003086,inbound_call_from_customer,2026-06-11 18:37:23
PTP003087,payment_link_sent,2026-06-10 12:37:26
PTP003087,whatsapp_confirmation_sent,2026-06-11 10:06:31
PTP003087,confirmation_reply_no,2026-06-11 10:35:38
PTP003088,payment_link_sent,2026-06-10 08:33:52
PTP003088,whatsapp_confirmation_sent,2026-06-11 10:05:57
PTP003089,payment_link_sent,2026-06-10 08:14:21
PTP003089,payment_link_opened,2026-06-10 16:09:24
PTP003089,whatsapp_confirmation_sent,2026-06-11 10:05:21
PTP003089,confirmation_reply_no,2026-06-11 11:58:09
PTP003090,payment_link_sent,2026-06-10 11:24:09
PTP003090,whatsapp_confirmation_sent,2026-06-11 10:18:27
PTP003091,payment_link_sent,2026-06-10 09:00:36
PTP003091,payment_link_opened,2026-06-10 18:46:49
PTP003091,whatsapp_confirmation_sent,2026-06-11 10:25:16
PTP003091,confirmation_reply_yes,2026-06-11 10:42:12
PTP003091,inbound_call_from_customer,2026-06-13 18:21:24
PTP003092,whatsapp_confirmation_sent,2026-06-11 10:02:43
PTP003092,confirmation_reply_no,2026-06-11 13:29:55
PTP003093,payment_link_sent,2026-06-10 09:41:41
PTP003093,payment_link_opened,2026-06-10 10:06:46
PTP003093,payment_link_opened,2026-06-10 17:19:27
PTP003093,whatsapp_confirmation_sent,2026-06-11 10:18:07
PTP003093,confirmation_reply_yes,2026-06-11 13:59:06
PTP003094,whatsapp_confirmation_sent,2026-06-11 10:13:23
PTP003094,confirmation_reply_yes,2026-06-11 10:55:07
PTP003095,payment_link_sent,2026-06-10 10:26:48
PTP003095,whatsapp_confirmation_sent,2026-06-11 10:26:00
PTP003096,payment_link_sent,2026-06-10 09:37:38
PTP003096,whatsapp_confirmation_sent,2026-06-11 10:22:34
PTP003096,confirmation_reply_yes,2026-06-11 12:54:23
PTP003097,whatsapp_confirmation_sent,2026-06-11 10:05:36
PTP003098,payment_link_sent,2026-06-10 08:26:16
PTP003098,whatsapp_confirmation_sent,2026-06-11 10:04:00
PTP003099,payment_link_sent,2026-06-10 08:17:48
PTP003099,payment_link_opened,2026-06-10 10:26:40
PTP003099,whatsapp_confirmation_sent,2026-06-11 10:18:25
PTP003100,payment_link_sent,2026-06-10 15:43:00
PTP003100,payment_link_opened,2026-06-10 16:26:23
PTP003100,whatsapp_confirmation_sent,2026-06-11 10:13:13
PTP003100,confirmation_reply_yes,2026-06-11 13:29:02
PTP003100,payment_link_opened,2026-07-04 12:40:43
PTP003101,whatsapp_confirmation_sent,2026-06-11 10:10:20
PTP003102,whatsapp_confirmation_sent,2026-06-11 10:11:27
PTP003103,whatsapp_confirmation_sent,2026-06-11 10:26:33
PTP003103,confirmation_reply_yes,2026-06-11 11:37:33
PTP003104,whatsapp_confirmation_sent,2026-06-11 10:12:59
PTP003105,payment_link_sent,2026-06-10 18:26:51
PTP003105,payment_link_opened,2026-06-10 22:08:25
PTP003105,whatsapp_confirmation_sent,2026-06-11 10:06:27
PTP003105,confirmation_reply_yes,2026-06-11 12:16:33
PTP003105,payment_link_opened,2026-06-13 14:51:54
PTP003106,payment_link_sent,2026-06-10 16:38:53
PTP003106,payment_link_opened,2026-06-10 16:54:22
PTP003106,whatsapp_confirmation_sent,2026-06-11 10:26:33
PTP003106,payment_link_opened,2026-07-09 20:30:10
PTP003107,payment_link_sent,2026-06-10 17:52:38
PTP003107,whatsapp_confirmation_sent,2026-06-11 10:15:10
PTP003108,payment_link_sent,2026-06-10 10:03:50
PTP003108,payment_link_opened,2026-06-10 22:09:59
PTP003108,payment_link_opened,2026-06-15 14:06:49
PTP003109,payment_link_sent,2026-06-10 13:06:51
PTP003111,payment_link_sent,2026-06-10 10:46:54
PTP003113,payment_link_sent,2026-06-10 10:58:57
PTP003113,payment_link_opened,2026-06-10 11:25:49
PTP003113,inbound_call_from_customer,2026-06-14 16:21:25
PTP003115,inbound_call_from_customer,2026-06-11 13:43:22
PTP003117,payment_link_sent,2026-06-11 09:21:01
PTP003117,whatsapp_confirmation_sent,2026-06-12 10:15:27
PTP003118,payment_link_sent,2026-06-11 09:31:02
PTP003118,whatsapp_confirmation_sent,2026-06-12 10:27:52
PTP003118,confirmation_reply_no,2026-06-12 15:58:20
PTP003119,whatsapp_confirmation_sent,2026-06-12 10:03:08
PTP003120,payment_link_sent,2026-06-11 09:17:19
PTP003120,whatsapp_confirmation_sent,2026-06-12 10:08:49
PTP003120,confirmation_reply_yes,2026-06-12 13:53:19
PTP003120,payment_link_opened,2026-06-17 08:03:46
PTP003121,whatsapp_confirmation_sent,2026-06-12 10:20:50
PTP003122,payment_link_sent,2026-06-11 12:24:03
PTP003122,whatsapp_confirmation_sent,2026-06-12 10:22:31
PTP003123,payment_link_sent,2026-06-11 08:55:07
PTP003123,payment_link_opened,2026-06-11 08:56:54
PTP003123,whatsapp_confirmation_sent,2026-06-12 10:17:49
PTP003123,confirmation_reply_yes,2026-06-12 10:42:08
PTP003124,payment_link_sent,2026-06-11 10:51:36
PTP003124,whatsapp_confirmation_sent,2026-06-12 10:03:26
PTP003125,whatsapp_confirmation_sent,2026-06-12 10:27:30
PTP003126,whatsapp_confirmation_sent,2026-06-12 10:12:18
PTP003127,payment_link_sent,2026-06-11 11:27:49
PTP003127,whatsapp_confirmation_sent,2026-06-12 10:03:09
PTP003128,whatsapp_confirmation_sent,2026-06-12 10:13:37
PTP003129,payment_link_sent,2026-06-11 11:28:34
PTP003129,payment_link_opened,2026-06-11 12:51:17
PTP003129,whatsapp_confirmation_sent,2026-06-12 10:14:36
PTP003130,payment_link_sent,2026-06-11 10:21:05
PTP003130,whatsapp_confirmation_sent,2026-06-12 10:21:45
PTP003131,payment_link_sent,2026-06-11 08:58:23
PTP003131,whatsapp_confirmation_sent,2026-06-12 10:13:28
PTP003132,payment_link_sent,2026-06-11 10:47:47
PTP003132,whatsapp_confirmation_sent,2026-06-12 10:19:59
PTP003132,payment_link_opened,2026-06-30 13:51:42
PTP003133,whatsapp_confirmation_sent,2026-06-12 10:11:48
PTP003134,payment_link_sent,2026-06-11 10:36:51
PTP003134,payment_link_opened,2026-06-11 12:18:28
PTP003134,whatsapp_confirmation_sent,2026-06-12 10:24:31
PTP003134,confirmation_reply_yes,2026-06-12 10:43:39
PTP003135,payment_link_sent,2026-06-11 08:09:38
PTP003135,whatsapp_confirmation_sent,2026-06-12 10:24:47
PTP003136,payment_link_sent,2026-06-11 11:54:49
PTP003136,whatsapp_confirmation_sent,2026-06-12 10:04:11
PTP003136,confirmation_reply_yes,2026-06-12 11:23:07
PTP003137,payment_link_sent,2026-06-11 11:07:30
PTP003137,whatsapp_confirmation_sent,2026-06-12 10:21:44
PTP003137,payment_link_opened,2026-07-02 08:01:54
PTP003138,whatsapp_confirmation_sent,2026-06-12 10:08:08
PTP003138,confirmation_reply_yes,2026-06-12 14:50:43
PTP003139,payment_link_sent,2026-06-11 11:51:37
PTP003139,whatsapp_confirmation_sent,2026-06-12 10:29:13
PTP003139,confirmation_reply_no,2026-06-12 12:16:34
PTP003140,payment_link_opened,2026-06-11 17:55:44
PTP003140,payment_link_sent,2026-06-11 19:04:00
PTP003140,payment_link_opened,2026-06-11 19:04:30
PTP003140,whatsapp_confirmation_sent,2026-06-12 10:09:11
PTP003140,confirmation_reply_yes,2026-06-12 14:41:14
PTP003141,whatsapp_confirmation_sent,2026-06-12 10:14:29
PTP003141,confirmation_reply_yes,2026-06-12 14:33:26
PTP003142,whatsapp_confirmation_sent,2026-06-12 10:16:08
PTP003143,payment_link_sent,2026-06-11 17:12:48
PTP003143,whatsapp_confirmation_sent,2026-06-12 10:17:25
PTP003144,payment_link_sent,2026-06-11 17:32:03
PTP003144,whatsapp_confirmation_sent,2026-06-12 10:19:35
PTP003145,payment_link_sent,2026-06-11 13:41:22
PTP003145,whatsapp_confirmation_sent,2026-06-12 10:24:12
PTP003146,payment_link_sent,2026-06-11 18:10:55
PTP003146,whatsapp_confirmation_sent,2026-06-12 10:18:57
PTP003146,confirmation_reply_yes,2026-06-12 14:36:00
PTP003146,payment_link_opened,2026-06-26 11:48:31
PTP003147,payment_link_sent,2026-06-11 18:03:53
PTP003147,payment_link_opened,2026-06-11 19:19:46
PTP003147,whatsapp_confirmation_sent,2026-06-12 10:00:33
PTP003148,whatsapp_confirmation_sent,2026-06-12 10:28:09
PTP003149,payment_link_sent,2026-06-11 16:41:06
PTP003149,whatsapp_confirmation_sent,2026-06-12 10:11:47
PTP003149,confirmation_reply_yes,2026-06-12 13:46:53
PTP003152,payment_link_sent,2026-06-11 10:57:56
PTP003155,inbound_call_from_customer,2026-06-13 02:13:41
PTP003158,payment_link_sent,2026-06-12 09:36:24
PTP003158,whatsapp_confirmation_sent,2026-06-13 10:24:09
PTP003158,confirmation_reply_yes,2026-06-13 13:41:58
PTP003158,payment_link_opened,2026-06-14 09:13:18
PTP003159,payment_link_sent,2026-06-12 10:04:10
PTP003159,whatsapp_confirmation_sent,2026-06-13 10:09:46
PTP003159,confirmation_reply_yes,2026-06-13 13:28:56
PTP003160,payment_link_sent,2026-06-12 09:05:14
PTP003160,whatsapp_confirmation_sent,2026-06-13 10:17:01
PTP003161,whatsapp_confirmation_sent,2026-06-13 10:15:08
PTP003162,payment_link_sent,2026-06-12 08:11:14
PTP003162,whatsapp_confirmation_sent,2026-06-13 10:10:21
PTP003162,payment_link_opened,2026-06-16 15:28:29
PTP003163,payment_link_sent,2026-06-12 09:39:50
PTP003163,whatsapp_confirmation_sent,2026-06-13 10:14:13
PTP003163,inbound_call_from_customer,2026-06-17 01:28:59
PTP003164,payment_link_sent,2026-06-12 11:06:09
PTP003164,whatsapp_confirmation_sent,2026-06-13 10:25:04
PTP003165,payment_link_sent,2026-06-12 12:22:50
PTP003165,payment_link_opened,2026-06-12 15:20:48
PTP003165,inbound_call_from_customer,2026-06-12 21:33:37
PTP003165,whatsapp_confirmation_sent,2026-06-13 10:05:58
PTP003165,confirmation_reply_yes,2026-06-13 13:27:44
PTP003165,payment_link_opened,2026-06-13 14:00:31
PTP003166,payment_link_sent,2026-06-12 08:38:31
PTP003166,whatsapp_confirmation_sent,2026-06-13 10:16:15
PTP003167,payment_link_sent,2026-06-12 08:17:12
PTP003167,inbound_call_from_customer,2026-06-12 16:54:54
PTP003167,whatsapp_confirmation_sent,2026-06-13 10:04:56
PTP003168,whatsapp_confirmation_sent,2026-06-13 10:10:37
PTP003168,inbound_call_from_customer,2026-06-17 01:47:44
PTP003169,whatsapp_confirmation_sent,2026-06-13 10:04:47
PTP003170,payment_link_sent,2026-06-12 08:33:05
PTP003170,payment_link_opened,2026-06-12 20:59:41
PTP003170,whatsapp_confirmation_sent,2026-06-13 10:28:20
PTP003171,payment_link_sent,2026-06-12 09:25:15
PTP003171,whatsapp_confirmation_sent,2026-06-13 10:28:23
PTP003171,confirmation_reply_yes,2026-06-13 11:31:30
PTP003172,payment_link_sent,2026-06-12 10:41:09
PTP003172,payment_link_opened,2026-06-12 11:40:26
PTP003172,whatsapp_confirmation_sent,2026-06-13 10:20:08
PTP003172,confirmation_reply_yes,2026-06-13 13:28:14
PTP003172,payment_link_opened,2026-07-10 15:36:59
PTP003173,payment_link_sent,2026-06-12 11:01:42
PTP003173,whatsapp_confirmation_sent,2026-06-13 10:14:57
PTP003174,payment_link_sent,2026-06-12 09:55:38
PTP003174,whatsapp_confirmation_sent,2026-06-13 10:25:55
PTP003175,payment_link_sent,2026-06-12 09:20:27
PTP003175,whatsapp_confirmation_sent,2026-06-13 10:27:57
PTP003176,whatsapp_confirmation_sent,2026-06-13 10:18:27
PTP003177,payment_link_sent,2026-06-12 11:37:31
PTP003177,whatsapp_confirmation_sent,2026-06-13 10:19:07
PTP003177,confirmation_reply_yes,2026-06-13 11:06:34
PTP003177,payment_link_opened,2026-07-01 19:48:18
PTP003178,payment_link_sent,2026-06-12 08:59:09
PTP003178,payment_link_opened,2026-06-12 09:00:46
PTP003178,whatsapp_confirmation_sent,2026-06-13 10:01:23
PTP003178,payment_link_opened,2026-06-19 13:30:45
PTP003179,payment_link_sent,2026-06-12 16:42:29
PTP003179,payment_link_opened,2026-06-12 21:20:04
PTP003179,whatsapp_confirmation_sent,2026-06-13 10:03:32
PTP003180,payment_link_sent,2026-06-12 19:01:26
PTP003180,payment_link_opened,2026-06-13 02:43:01
PTP003180,whatsapp_confirmation_sent,2026-06-13 10:27:31
PTP003181,payment_link_sent,2026-06-12 15:16:35
PTP003181,whatsapp_confirmation_sent,2026-06-13 10:09:18
PTP003182,payment_link_sent,2026-06-12 18:15:54
PTP003182,whatsapp_confirmation_sent,2026-06-13 10:24:50
PTP003183,payment_link_sent,2026-06-12 14:27:50
PTP003183,whatsapp_confirmation_sent,2026-06-13 10:25:18
PTP003183,payment_link_opened,2026-06-14 17:34:21
PTP003184,whatsapp_confirmation_sent,2026-06-13 10:14:07
PTP003184,confirmation_reply_yes,2026-06-13 13:47:31
PTP003185,whatsapp_confirmation_sent,2026-06-13 10:18:13
PTP003187,payment_link_sent,2026-06-12 12:12:31
PTP003187,payment_link_opened,2026-06-24 10:47:42
PTP003190,payment_link_sent,2026-06-12 12:55:16
PTP003193,whatsapp_confirmation_sent,2026-06-14 10:12:50
PTP003193,confirmation_reply_yes,2026-06-14 10:29:36
PTP003194,payment_link_sent,2026-06-13 10:54:16
PTP003194,whatsapp_confirmation_sent,2026-06-14 10:21:13
PTP003194,confirmation_reply_yes,2026-06-14 11:24:45
PTP003195,payment_link_sent,2026-06-13 10:14:34
PTP003195,whatsapp_confirmation_sent,2026-06-14 10:20:02
PTP003195,payment_link_opened,2026-07-05 12:29:24
PTP003196,payment_link_sent,2026-06-13 09:18:55
PTP003196,whatsapp_confirmation_sent,2026-06-14 10:04:14
PTP003196,payment_link_opened,2026-07-07 18:22:18
PTP003197,payment_link_sent,2026-06-13 08:28:10
PTP003197,whatsapp_confirmation_sent,2026-06-14 10:04:00
PTP003198,whatsapp_confirmation_sent,2026-06-14 10:12:22
PTP003199,whatsapp_confirmation_sent,2026-06-14 10:19:04
PTP003199,confirmation_reply_yes,2026-06-14 15:38:10
PTP003200,payment_link_sent,2026-06-13 11:47:18
PTP003200,payment_link_opened,2026-06-13 16:40:06
PTP003200,whatsapp_confirmation_sent,2026-06-14 10:21:29
PTP003200,confirmation_reply_yes,2026-06-14 15:04:26
PTP003200,payment_link_opened,2026-06-18 12:13:19
PTP003201,payment_link_sent,2026-06-13 12:47:53
PTP003201,payment_link_opened,2026-06-13 16:01:44
PTP003201,whatsapp_confirmation_sent,2026-06-14 10:28:27
PTP003202,payment_link_sent,2026-06-13 08:51:27
PTP003202,payment_link_opened,2026-06-13 13:31:07
PTP003202,whatsapp_confirmation_sent,2026-06-14 10:04:18
PTP003202,confirmation_reply_no,2026-06-14 14:27:42
PTP003203,whatsapp_confirmation_sent,2026-06-14 10:09:50
PTP003204,payment_link_sent,2026-06-13 11:25:47
PTP003204,whatsapp_confirmation_sent,2026-06-14 10:06:04
PTP003205,payment_link_sent,2026-06-13 11:49:27
PTP003205,payment_link_opened,2026-06-13 11:51:33
PTP003205,payment_link_opened,2026-06-13 13:02:33
PTP003205,whatsapp_confirmation_sent,2026-06-14 10:14:57
PTP003205,inbound_call_from_customer,2026-06-14 22:03:03
PTP003206,whatsapp_confirmation_sent,2026-06-14 10:11:51
PTP003206,confirmation_reply_yes,2026-06-14 15:28:38
PTP003207,whatsapp_confirmation_sent,2026-06-14 10:04:05
PTP003208,payment_link_sent,2026-06-13 09:43:32
PTP003208,whatsapp_confirmation_sent,2026-06-14 10:21:13
PTP003208,confirmation_reply_yes,2026-06-14 13:37:57
PTP003209,whatsapp_confirmation_sent,2026-06-14 10:22:07
PTP003209,confirmation_reply_yes,2026-06-14 14:47:31
PTP003210,whatsapp_confirmation_sent,2026-06-14 10:07:05
PTP003210,confirmation_reply_yes,2026-06-14 12:34:29
PTP003211,whatsapp_confirmation_sent,2026-06-14 10:20:12
PTP003212,payment_link_sent,2026-06-13 12:41:43
PTP003212,payment_link_opened,2026-06-14 08:49:55
PTP003212,whatsapp_confirmation_sent,2026-06-14 10:28:19
PTP003213,whatsapp_confirmation_sent,2026-06-14 10:28:22
PTP003213,confirmation_reply_yes,2026-06-14 13:23:17
PTP003214,payment_link_sent,2026-06-13 09:25:46
PTP003214,whatsapp_confirmation_sent,2026-06-14 10:13:37
PTP003215,payment_link_sent,2026-06-13 09:46:31
PTP003215,payment_link_opened,2026-06-13 12:12:36
PTP003215,whatsapp_confirmation_sent,2026-06-14 10:19:25
PTP003215,confirmation_reply_yes,2026-06-14 13:15:43
PTP003215,payment_link_opened,2026-06-27 17:16:45
PTP003216,payment_link_sent,2026-06-13 12:07:14
PTP003216,inbound_call_from_customer,2026-06-13 20:52:56
PTP003216,whatsapp_confirmation_sent,2026-06-14 10:19:28
PTP003216,confirmation_reply_yes,2026-06-14 14:32:00
PTP003216,payment_link_opened,2026-06-21 14:16:47
PTP003217,payment_link_sent,2026-06-13 18:43:29
PTP003217,payment_link_opened,2026-06-14 00:42:36
PTP003217,whatsapp_confirmation_sent,2026-06-14 10:07:28
PTP003217,confirmation_reply_yes,2026-06-14 13:35:24
PTP003218,whatsapp_confirmation_sent,2026-06-14 10:01:25
PTP003219,payment_link_sent,2026-06-13 15:53:17
PTP003219,whatsapp_confirmation_sent,2026-06-14 10:01:07
PTP003220,payment_link_sent,2026-06-13 13:11:15
PTP003220,whatsapp_confirmation_sent,2026-06-14 10:27:12
PTP003225,inbound_call_from_customer,2026-06-19 18:55:33
PTP003227,payment_link_sent,2026-06-14 12:23:47
PTP003227,payment_link_opened,2026-06-14 13:18:52
PTP003227,whatsapp_confirmation_sent,2026-06-15 10:23:58
PTP003227,confirmation_reply_yes,2026-06-15 12:53:08
PTP003228,payment_link_sent,2026-06-14 08:10:52
PTP003228,whatsapp_confirmation_sent,2026-06-15 10:03:01
PTP003229,payment_link_sent,2026-06-14 08:32:36
PTP003229,whatsapp_confirmation_sent,2026-06-15 10:18:17
PTP003230,whatsapp_confirmation_sent,2026-06-15 10:14:07
PTP003230,confirmation_reply_yes,2026-06-15 13:36:09
PTP003231,payment_link_sent,2026-06-14 09:23:13
PTP003231,payment_link_opened,2026-06-14 17:11:37
PTP003231,whatsapp_confirmation_sent,2026-06-15 10:15:10
PTP003232,payment_link_sent,2026-06-14 08:20:04
PTP003232,whatsapp_confirmation_sent,2026-06-15 10:15:26
PTP003233,whatsapp_confirmation_sent,2026-06-15 10:24:20
PTP003234,whatsapp_confirmation_sent,2026-06-15 10:13:02
PTP003234,confirmation_reply_yes,2026-06-15 12:41:28
PTP003235,whatsapp_confirmation_sent,2026-06-15 10:29:48
PTP003236,whatsapp_confirmation_sent,2026-06-15 10:24:44
PTP003237,payment_link_sent,2026-06-14 18:54:23
PTP003237,whatsapp_confirmation_sent,2026-06-15 10:05:58
PTP003238,payment_link_sent,2026-06-15 09:20:54
PTP003238,whatsapp_confirmation_sent,2026-06-16 10:01:06
PTP003239,payment_link_sent,2026-06-15 08:09:59
PTP003239,whatsapp_confirmation_sent,2026-06-16 10:19:33
PTP003239,confirmation_reply_yes,2026-06-16 15:27:29
PTP003240,payment_link_sent,2026-06-15 11:00:00
PTP003240,whatsapp_confirmation_sent,2026-06-16 10:08:46
PTP003240,payment_link_opened,2026-06-16 19:31:50
PTP003241,payment_link_sent,2026-06-15 08:04:41
PTP003241,whatsapp_confirmation_sent,2026-06-16 10:11:44
PTP003241,payment_link_opened,2026-06-22 14:58:50
PTP003242,payment_link_sent,2026-06-15 10:44:49
PTP003242,payment_link_opened,2026-06-15 11:09:13
PTP003242,whatsapp_confirmation_sent,2026-06-16 10:13:21
PTP003242,payment_link_opened,2026-06-16 12:18:46
PTP003243,whatsapp_confirmation_sent,2026-06-16 10:27:02
PTP003244,payment_link_sent,2026-06-15 08:41:55
PTP003244,payment_link_opened,2026-06-15 12:56:10
PTP003244,whatsapp_confirmation_sent,2026-06-16 10:12:36
PTP003244,inbound_call_from_customer,2026-06-17 12:46:22
PTP003245,whatsapp_confirmation_sent,2026-06-16 10:18:59
PTP003246,payment_link_sent,2026-06-15 09:25:05
PTP003246,payment_link_opened,2026-06-15 16:37:41
PTP003246,whatsapp_confirmation_sent,2026-06-16 10:09:59
PTP003246,confirmation_reply_yes,2026-06-16 15:40:54
PTP003247,whatsapp_confirmation_sent,2026-06-16 10:02:44
PTP003248,payment_link_sent,2026-06-15 10:20:28
PTP003248,payment_link_opened,2026-06-16 05:01:19
PTP003248,whatsapp_confirmation_sent,2026-06-16 10:27:01
PTP003248,payment_link_opened,2026-06-16 19:02:32
PTP003249,payment_link_sent,2026-06-15 11:46:53
PTP003249,payment_link_opened,2026-06-15 13:49:18
PTP003249,whatsapp_confirmation_sent,2026-06-16 10:17:18
PTP003250,payment_link_sent,2026-06-15 10:24:24
PTP003250,whatsapp_confirmation_sent,2026-06-16 10:28:02
PTP003251,whatsapp_confirmation_sent,2026-06-16 10:14:33
PTP003252,payment_link_sent,2026-06-15 09:01:49
PTP003252,whatsapp_confirmation_sent,2026-06-16 10:15:04
PTP003252,confirmation_reply_yes,2026-06-16 13:51:56
PTP003253,payment_link_sent,2026-06-15 09:28:22
PTP003253,whatsapp_confirmation_sent,2026-06-16 10:15:38
PTP003254,whatsapp_confirmation_sent,2026-06-16 10:28:24
PTP003255,whatsapp_confirmation_sent,2026-06-16 10:14:12
PTP003256,payment_link_sent,2026-06-15 11:39:31
PTP003256,whatsapp_confirmation_sent,2026-06-16 10:10:21
PTP003257,payment_link_sent,2026-06-15 11:10:31
PTP003257,payment_link_opened,2026-06-15 20:19:02
PTP003257,whatsapp_confirmation_sent,2026-06-16 10:01:00
PTP003258,payment_link_sent,2026-06-15 12:25:41
PTP003258,whatsapp_confirmation_sent,2026-06-16 10:08:50
PTP003258,confirmation_reply_yes,2026-06-16 13:34:06
PTP003258,inbound_call_from_customer,2026-06-18 18:14:16
PTP003259,whatsapp_confirmation_sent,2026-06-16 10:25:14
PTP003260,payment_link_sent,2026-06-15 08:18:16
PTP003260,whatsapp_confirmation_sent,2026-06-16 10:08:22
PTP003260,confirmation_reply_no,2026-06-16 12:22:37
PTP003261,payment_link_sent,2026-06-15 09:15:04
PTP003261,whatsapp_confirmation_sent,2026-06-16 10:12:22
PTP003262,payment_link_sent,2026-06-15 08:39:03
PTP003262,whatsapp_confirmation_sent,2026-06-16 10:27:18
PTP003262,confirmation_reply_no,2026-06-16 15:53:54
PTP003263,whatsapp_confirmation_sent,2026-06-16 10:08:53
PTP003263,confirmation_reply_yes,2026-06-16 11:27:33
PTP003264,payment_link_sent,2026-06-15 13:29:02
PTP003264,whatsapp_confirmation_sent,2026-06-16 10:21:01
PTP003265,payment_link_sent,2026-06-15 14:40:27
PTP003265,payment_link_opened,2026-06-15 14:45:10
PTP003265,whatsapp_confirmation_sent,2026-06-16 10:19:18
PTP003266,payment_link_sent,2026-06-15 17:12:19
PTP003266,whatsapp_confirmation_sent,2026-06-16 10:01:51
PTP003266,payment_link_opened,2026-06-19 19:31:41
PTP003267,whatsapp_confirmation_sent,2026-06-16 10:22:50
PTP003268,whatsapp_confirmation_sent,2026-06-16 10:09:28
PTP003268,confirmation_reply_yes,2026-06-16 14:08:34
PTP003269,payment_link_sent,2026-06-15 18:47:44
PTP003269,payment_link_opened,2026-06-16 04:54:54
PTP003269,whatsapp_confirmation_sent,2026-06-16 10:20:16
PTP003271,payment_link_sent,2026-06-15 12:09:19
PTP003271,payment_link_opened,2026-06-15 16:00:52
PTP003275,inbound_call_from_customer,2026-06-19 09:05:53
PTP003276,payment_link_sent,2026-06-15 10:42:58
PTP003276,payment_link_opened,2026-06-15 14:47:00
PTP003276,payment_link_opened,2026-06-21 11:27:36
PTP003277,payment_link_sent,2026-06-15 10:52:12
PTP003279,payment_link_sent,2026-06-16 09:27:14
PTP003279,payment_link_opened,2026-06-16 11:16:03
PTP003279,whatsapp_confirmation_sent,2026-06-17 10:29:16
PTP003280,inbound_call_from_customer,2026-06-17 01:41:31
PTP003280,whatsapp_confirmation_sent,2026-06-17 10:12:10
PTP003280,confirmation_reply_yes,2026-06-17 12:22:06
PTP003281,whatsapp_confirmation_sent,2026-06-17 10:19:41
PTP003281,confirmation_reply_yes,2026-06-17 10:59:07
PTP003282,payment_link_sent,2026-06-16 11:16:03
PTP003282,whatsapp_confirmation_sent,2026-06-17 10:16:21
PTP003282,payment_link_opened,2026-07-07 10:51:57
PTP003283,payment_link_sent,2026-06-16 10:23:09
PTP003283,whatsapp_confirmation_sent,2026-06-17 10:00:25
PTP003284,whatsapp_confirmation_sent,2026-06-17 10:14:49
PTP003284,confirmation_reply_yes,2026-06-17 10:47:16
PTP003285,inbound_call_from_customer,2026-06-17 06:50:55
PTP003285,whatsapp_confirmation_sent,2026-06-17 10:07:56
PTP003286,payment_link_sent,2026-06-16 09:23:31
PTP003286,payment_link_opened,2026-06-16 12:58:00
PTP003286,whatsapp_confirmation_sent,2026-06-17 10:19:05
PTP003286,inbound_call_from_customer,2026-06-17 23:56:36
PTP003286,payment_link_opened,2026-06-22 20:17:27
PTP003287,payment_link_sent,2026-06-16 11:26:00
PTP003287,whatsapp_confirmation_sent,2026-06-17 10:16:47
PTP003288,payment_link_sent,2026-06-16 09:09:47
PTP003288,whatsapp_confirmation_sent,2026-06-17 10:24:51
PTP003288,payment_link_opened,2026-06-27 16:18:04
PTP003289,payment_link_sent,2026-06-16 08:35:31
PTP003289,whatsapp_confirmation_sent,2026-06-17 10:21:40
PTP003290,payment_link_sent,2026-06-16 09:43:29
PTP003290,whatsapp_confirmation_sent,2026-06-17 10:03:28
PTP003291,payment_link_sent,2026-06-16 08:28:59
PTP003291,whatsapp_confirmation_sent,2026-06-17 10:29:54
PTP003292,whatsapp_confirmation_sent,2026-06-17 10:23:28
PTP003292,confirmation_reply_yes,2026-06-17 15:24:42
PTP003293,payment_link_sent,2026-06-16 09:21:40
PTP003293,whatsapp_confirmation_sent,2026-06-17 10:03:39
PTP003294,payment_link_sent,2026-06-16 10:25:49
PTP003294,payment_link_opened,2026-06-16 12:13:05
PTP003294,whatsapp_confirmation_sent,2026-06-17 10:20:33
PTP003294,confirmation_reply_no,2026-06-17 13:26:56
PTP003294,inbound_call_from_customer,2026-06-19 07:06:48
PTP003295,payment_link_sent,2026-06-16 08:09:14
PTP003295,whatsapp_confirmation_sent,2026-06-17 10:08:51
PTP003295,confirmation_reply_yes,2026-06-17 13:54:57
PTP003295,payment_link_opened,2026-06-30 17:29:15
PTP003296,payment_link_sent,2026-06-16 08:20:17
PTP003296,payment_link_opened,2026-06-16 15:07:32
PTP003296,whatsapp_confirmation_sent,2026-06-17 10:00:51
PTP003297,payment_link_sent,2026-06-16 12:34:27
PTP003297,whatsapp_confirmation_sent,2026-06-17 10:11:17
PTP003297,confirmation_reply_no,2026-06-17 14:28:00
PTP003298,whatsapp_confirmation_sent,2026-06-17 10:01:08
PTP003299,whatsapp_confirmation_sent,2026-06-17 10:19:46
PTP003300,whatsapp_confirmation_sent,2026-06-17 10:23:36
PTP003300,confirmation_reply_no,2026-06-17 12:40:00
PTP003301,payment_link_sent,2026-06-16 15:38:01
PTP003301,whatsapp_confirmation_sent,2026-06-17 10:19:32
PTP003302,whatsapp_confirmation_sent,2026-06-17 10:02:51
PTP003303,payment_link_sent,2026-06-16 18:46:53
PTP003303,payment_link_opened,2026-06-16 19:22:29
PTP003303,whatsapp_confirmation_sent,2026-06-17 10:00:12
PTP003303,confirmation_reply_yes,2026-06-17 13:58:36
PTP003303,payment_link_opened,2026-07-12 22:39:09
PTP003304,whatsapp_confirmation_sent,2026-06-17 10:14:32
PTP003305,payment_link_sent,2026-06-16 14:25:22
PTP003305,payment_link_opened,2026-06-16 15:02:03
PTP003305,whatsapp_confirmation_sent,2026-06-17 10:25:34
PTP003305,payment_link_opened,2026-06-20 11:25:47
PTP003306,payment_link_sent,2026-06-16 14:53:42
PTP003306,payment_link_opened,2026-06-16 20:03:01
PTP003306,whatsapp_confirmation_sent,2026-06-17 10:01:55
PTP003306,confirmation_reply_yes,2026-06-17 13:08:28
PTP003307,payment_link_sent,2026-06-16 15:22:22
PTP003307,whatsapp_confirmation_sent,2026-06-17 10:22:47
PTP003308,payment_link_sent,2026-06-16 17:05:25
PTP003308,payment_link_opened,2026-06-16 18:16:12
PTP003308,whatsapp_confirmation_sent,2026-06-17 10:18:34
PTP003308,confirmation_reply_yes,2026-06-17 11:57:00
PTP003308,payment_link_opened,2026-07-18 12:30:57
PTP003309,payment_link_sent,2026-06-16 11:39:41
PTP003316,payment_link_sent,2026-06-16 10:52:12
PTP003316,payment_link_opened,2026-06-16 20:48:52
PTP003316,payment_link_opened,2026-06-21 20:50:24
PTP003318,payment_link_sent,2026-06-16 10:41:31
PTP003320,payment_link_sent,2026-06-17 08:29:50
PTP003320,whatsapp_confirmation_sent,2026-06-18 10:27:54
PTP003321,whatsapp_confirmation_sent,2026-06-18 10:18:25
PTP003322,payment_link_sent,2026-06-17 12:02:51
PTP003322,payment_link_opened,2026-06-17 13:27:18
PTP003322,whatsapp_confirmation_sent,2026-06-18 10:00:11
PTP003322,payment_link_opened,2026-07-04 11:40:10
PTP003323,payment_link_sent,2026-06-17 10:36:31
PTP003323,whatsapp_confirmation_sent,2026-06-18 10:03:40
PTP003324,payment_link_sent,2026-06-17 10:45:48
PTP003324,payment_link_opened,2026-06-17 13:18:00
PTP003324,whatsapp_confirmation_sent,2026-06-18 10:14:56
PTP003324,confirmation_reply_yes,2026-06-18 13:47:52
PTP003324,inbound_call_from_customer,2026-06-19 04:45:13
PTP003325,payment_link_sent,2026-06-17 12:07:24
PTP003325,whatsapp_confirmation_sent,2026-06-18 10:28:05
PTP003325,payment_link_opened,2026-06-29 18:21:53
PTP003326,whatsapp_confirmation_sent,2026-06-18 10:23:08
PTP003326,confirmation_reply_yes,2026-06-18 12:34:09
PTP003327,whatsapp_confirmation_sent,2026-06-18 10:27:50
PTP003328,payment_link_sent,2026-06-17 12:07:52
PTP003328,whatsapp_confirmation_sent,2026-06-18 10:18:21
PTP003328,payment_link_opened,2026-06-30 21:32:11
PTP003329,whatsapp_confirmation_sent,2026-06-18 10:27:08
PTP003330,payment_link_sent,2026-06-17 10:36:04
PTP003330,whatsapp_confirmation_sent,2026-06-18 10:01:48
PTP003331,whatsapp_confirmation_sent,2026-06-18 10:17:48
PTP003332,payment_link_sent,2026-06-17 10:45:55
PTP003332,whatsapp_confirmation_sent,2026-06-18 10:24:43
PTP003333,payment_link_sent,2026-06-17 10:50:53
PTP003333,payment_link_opened,2026-06-17 11:08:34
PTP003333,payment_link_opened,2026-06-17 20:06:02
PTP003333,whatsapp_confirmation_sent,2026-06-18 10:28:57
PTP003334,whatsapp_confirmation_sent,2026-06-18 10:29:49
PTP003334,confirmation_reply_yes,2026-06-18 14:50:09
PTP003335,payment_link_sent,2026-06-17 11:22:50
PTP003335,payment_link_opened,2026-06-17 15:45:54
PTP003335,whatsapp_confirmation_sent,2026-06-18 10:02:57
PTP003336,payment_link_sent,2026-06-17 10:10:32
PTP003336,whatsapp_confirmation_sent,2026-06-18 10:24:55
PTP003337,whatsapp_confirmation_sent,2026-06-18 10:07:25
PTP003338,payment_link_sent,2026-06-17 18:16:30
PTP003338,payment_link_opened,2026-06-17 19:29:04
PTP003338,whatsapp_confirmation_sent,2026-06-18 10:08:18
PTP003339,whatsapp_confirmation_sent,2026-06-18 10:06:50
PTP003339,confirmation_reply_yes,2026-06-18 12:09:54
PTP003340,payment_link_sent,2026-06-17 14:02:37
PTP003340,whatsapp_confirmation_sent,2026-06-18 10:10:00
PTP003340,confirmation_reply_yes,2026-06-18 12:00:25
PTP003341,payment_link_sent,2026-06-17 15:11:22
PTP003341,whatsapp_confirmation_sent,2026-06-18 10:00:37
PTP003341,confirmation_reply_yes,2026-06-18 14:18:38
PTP003341,payment_link_opened,2026-07-06 13:10:34
PTP003345,payment_link_sent,2026-06-17 12:55:33
PTP003345,payment_link_opened,2026-06-17 13:14:42
PTP003345,payment_link_opened,2026-07-08 13:28:28
PTP003347,payment_link_sent,2026-06-18 11:56:10
PTP003347,whatsapp_confirmation_sent,2026-06-19 10:16:45
PTP003348,whatsapp_confirmation_sent,2026-06-19 10:10:15
PTP003349,payment_link_sent,2026-06-18 12:36:00
PTP003349,payment_link_opened,2026-06-18 14:38:46
PTP003349,whatsapp_confirmation_sent,2026-06-19 10:15:55
PTP003349,payment_link_opened,2026-06-20 20:56:55
PTP003350,whatsapp_confirmation_sent,2026-06-19 10:28:46
PTP003351,whatsapp_confirmation_sent,2026-06-19 10:13:29
PTP003352,payment_link_sent,2026-06-18 09:06:45
PTP003352,payment_link_opened,2026-06-18 12:29:34
PTP003352,whatsapp_confirmation_sent,2026-06-19 10:07:48
PTP003353,whatsapp_confirmation_sent,2026-06-19 10:23:54
PTP003353,confirmation_reply_yes,2026-06-19 15:00:10
PTP003354,whatsapp_confirmation_sent,2026-06-19 10:07:15
PTP003354,confirmation_reply_yes,2026-06-19 10:46:53
PTP003355,payment_link_sent,2026-06-18 10:43:05
PTP003355,whatsapp_confirmation_sent,2026-06-19 10:26:14
PTP003355,confirmation_reply_yes,2026-06-19 14:00:20
PTP003356,payment_link_sent,2026-06-18 10:19:28
PTP003356,whatsapp_confirmation_sent,2026-06-19 10:11:29
PTP003357,whatsapp_confirmation_sent,2026-06-19 10:24:55
PTP003357,confirmation_reply_yes,2026-06-19 11:46:28
PTP003358,payment_link_sent,2026-06-18 09:25:22
PTP003358,payment_link_opened,2026-06-18 11:02:21
PTP003358,whatsapp_confirmation_sent,2026-06-19 10:04:17
PTP003358,confirmation_reply_yes,2026-06-19 14:22:30
PTP003358,payment_link_opened,2026-06-24 18:34:27
PTP003359,payment_link_sent,2026-06-18 12:05:42
PTP003359,payment_link_opened,2026-06-18 12:30:23
PTP003359,whatsapp_confirmation_sent,2026-06-19 10:16:10
PTP003359,confirmation_reply_yes,2026-06-19 10:30:12
PTP003360,payment_link_sent,2026-06-18 10:06:10
PTP003360,payment_link_opened,2026-06-18 11:51:06
PTP003360,whatsapp_confirmation_sent,2026-06-19 10:24:02
PTP003360,confirmation_reply_yes,2026-06-19 14:59:11
PTP003361,payment_link_sent,2026-06-18 08:42:48
PTP003361,inbound_call_from_customer,2026-06-18 14:45:13
PTP003361,whatsapp_confirmation_sent,2026-06-19 10:13:06
PTP003362,payment_link_sent,2026-06-18 12:03:10
PTP003362,payment_link_opened,2026-06-18 12:48:59
PTP003362,whatsapp_confirmation_sent,2026-06-19 10:06:41
PTP003362,confirmation_reply_yes,2026-06-19 13:57:51
PTP003362,payment_link_opened,2026-06-30 19:51:06
PTP003363,payment_link_sent,2026-06-18 10:14:32
PTP003363,payment_link_opened,2026-06-18 10:38:55
PTP003363,whatsapp_confirmation_sent,2026-06-19 10:12:08
PTP003363,confirmation_reply_yes,2026-06-19 15:45:06
PTP003364,payment_link_sent,2026-06-18 09:11:43
PTP003364,whatsapp_confirmation_sent,2026-06-19 10:20:16
PTP003365,payment_link_sent,2026-06-18 12:38:56
PTP003365,whatsapp_confirmation_sent,2026-06-19 10:16:20
PTP003366,payment_link_sent,2026-06-18 08:44:05
PTP003366,payment_link_opened,2026-06-18 09:05:16
PTP003366,whatsapp_confirmation_sent,2026-06-19 10:19:12
PTP003367,payment_link_sent,2026-06-18 18:00:34
PTP003367,payment_link_opened,2026-06-18 20:44:18
PTP003367,whatsapp_confirmation_sent,2026-06-19 10:16:52
PTP003367,confirmation_reply_yes,2026-06-19 12:20:51
PTP003368,payment_link_sent,2026-06-18 14:46:55
PTP003368,payment_link_opened,2026-06-18 23:29:37
PTP003368,whatsapp_confirmation_sent,2026-06-19 10:04:46
PTP003369,whatsapp_confirmation_sent,2026-06-19 10:18:29
PTP003370,payment_link_sent,2026-06-18 17:57:00
PTP003370,whatsapp_confirmation_sent,2026-06-19 10:22:04
PTP003371,payment_link_sent,2026-06-18 18:31:20
PTP003371,whatsapp_confirmation_sent,2026-06-19 10:26:55
PTP003371,inbound_call_from_customer,2026-06-19 17:30:31
PTP003372,whatsapp_confirmation_sent,2026-06-19 10:23:58
PTP003373,payment_link_sent,2026-06-18 17:03:54
PTP003373,whatsapp_confirmation_sent,2026-06-19 10:19:35
PTP003374,payment_link_sent,2026-06-18 18:22:57
PTP003374,whatsapp_confirmation_sent,2026-06-19 10:28:08
PTP003374,payment_link_opened,2026-07-05 10:05:39
PTP003375,payment_link_sent,2026-06-18 16:41:43
PTP003375,whatsapp_confirmation_sent,2026-06-19 10:24:43
PTP003376,payment_link_sent,2026-06-18 17:10:12
PTP003376,whatsapp_confirmation_sent,2026-06-19 10:22:45
PTP003376,payment_link_opened,2026-06-25 11:13:45
PTP003377,payment_link_sent,2026-06-18 17:30:35
PTP003377,whatsapp_confirmation_sent,2026-06-19 10:06:52
PTP003378,whatsapp_confirmation_sent,2026-06-19 10:18:54
PTP003379,whatsapp_confirmation_sent,2026-06-19 10:24:13
PTP003380,whatsapp_confirmation_sent,2026-06-19 10:01:39
PTP003388,inbound_call_from_customer,2026-06-19 09:00:40
PTP003392,payment_link_sent,2026-06-19 12:42:10
PTP003392,whatsapp_confirmation_sent,2026-06-20 10:26:14
PTP003392,confirmation_reply_yes,2026-06-20 11:08:57
PTP003392,payment_link_opened,2026-07-05 16:20:06
PTP003393,whatsapp_confirmation_sent,2026-06-20 10:20:11
PTP003394,payment_link_sent,2026-06-19 09:56:18
PTP003394,whatsapp_confirmation_sent,2026-06-20 10:08:12
PTP003395,whatsapp_confirmation_sent,2026-06-20 10:15:05
PTP003395,confirmation_reply_no,2026-06-20 15:05:15
PTP003396,payment_link_sent,2026-06-19 12:45:14
PTP003396,whatsapp_confirmation_sent,2026-06-20 10:23:52
PTP003397,payment_link_sent,2026-06-19 11:56:15
PTP003397,payment_link_opened,2026-06-19 12:16:22
PTP003397,whatsapp_confirmation_sent,2026-06-20 10:02:20
PTP003397,payment_link_opened,2026-06-20 11:25:32
PTP003397,confirmation_reply_yes,2026-06-20 12:07:39
PTP003398,payment_link_sent,2026-06-19 12:21:26
PTP003398,payment_link_opened,2026-06-19 17:28:42
PTP003398,whatsapp_confirmation_sent,2026-06-20 10:05:05
PTP003398,payment_link_opened,2026-07-06 14:12:41
PTP003399,payment_link_sent,2026-06-19 10:00:24
PTP003399,whatsapp_confirmation_sent,2026-06-20 10:07:32
PTP003400,payment_link_sent,2026-06-19 08:53:16
PTP003400,whatsapp_confirmation_sent,2026-06-20 10:06:40
PTP003401,payment_link_sent,2026-06-19 11:22:39
PTP003401,payment_link_opened,2026-06-19 23:46:08
PTP003401,whatsapp_confirmation_sent,2026-06-20 10:06:35
PTP003401,confirmation_reply_no,2026-06-20 14:52:58
PTP003402,whatsapp_confirmation_sent,2026-06-20 10:29:27
PTP003402,confirmation_reply_yes,2026-06-20 10:56:45
PTP003403,whatsapp_confirmation_sent,2026-06-20 10:11:57
PTP003404,payment_link_sent,2026-06-19 08:10:10
PTP003404,whatsapp_confirmation_sent,2026-06-20 10:22:24
PTP003405,payment_link_sent,2026-06-19 13:02:00
PTP003405,whatsapp_confirmation_sent,2026-06-20 10:21:33
PTP003405,payment_link_opened,2026-06-28 18:30:37
PTP003406,payment_link_sent,2026-06-19 09:32:08
PTP003406,whatsapp_confirmation_sent,2026-06-20 10:20:18
PTP003407,whatsapp_confirmation_sent,2026-06-20 10:01:15
PTP003407,confirmation_reply_yes,2026-06-20 10:12:24
PTP003408,inbound_call_from_customer,2026-06-19 17:15:10
PTP003408,whatsapp_confirmation_sent,2026-06-20 10:26:24
PTP003409,payment_link_sent,2026-06-19 10:00:52
PTP003409,payment_link_opened,2026-06-19 11:37:55
PTP003409,whatsapp_confirmation_sent,2026-06-20 10:24:46
PTP003410,payment_link_sent,2026-06-19 10:03:42
PTP003410,whatsapp_confirmation_sent,2026-06-20 10:13:52
PTP003410,confirmation_reply_yes,2026-06-20 12:11:54
PTP003411,payment_link_sent,2026-06-19 08:47:15
PTP003411,payment_link_opened,2026-06-19 17:41:06
PTP003411,whatsapp_confirmation_sent,2026-06-20 10:11:40
PTP003411,confirmation_reply_yes,2026-06-20 12:02:23
PTP003412,whatsapp_confirmation_sent,2026-06-20 10:11:50
PTP003413,payment_link_sent,2026-06-19 10:05:58
PTP003413,whatsapp_confirmation_sent,2026-06-20 10:02:38
PTP003414,payment_link_sent,2026-06-19 18:06:37
PTP003414,payment_link_opened,2026-06-20 07:30:12
PTP003414,whatsapp_confirmation_sent,2026-06-20 10:24:01
PTP003415,payment_link_sent,2026-06-19 16:28:44
PTP003415,whatsapp_confirmation_sent,2026-06-20 10:21:45
PTP003415,confirmation_reply_no,2026-06-20 12:51:24
PTP003416,payment_link_sent,2026-06-19 17:40:13
PTP003416,whatsapp_confirmation_sent,2026-06-20 10:22:20
PTP003417,payment_link_sent,2026-06-19 15:08:57
PTP003417,whatsapp_confirmation_sent,2026-06-20 10:05:38
PTP003418,payment_link_sent,2026-06-19 17:00:43
PTP003418,payment_link_opened,2026-06-19 20:20:52
PTP003418,whatsapp_confirmation_sent,2026-06-20 10:11:08
PTP003418,confirmation_reply_yes,2026-06-20 11:14:36
PTP003418,payment_link_opened,2026-06-29 10:07:53
PTP003420,payment_link_sent,2026-06-19 12:08:12
PTP003420,inbound_call_from_customer,2026-06-22 04:15:47
PTP003421,payment_link_sent,2026-06-19 12:26:55
PTP003422,payment_link_sent,2026-06-19 11:52:52
PTP003423,payment_link_sent,2026-06-19 10:46:36
PTP003425,payment_link_sent,2026-06-20 09:52:01
PTP003425,whatsapp_confirmation_sent,2026-06-21 10:21:50
PTP003425,confirmation_reply_yes,2026-06-21 14:38:42
PTP003426,payment_link_sent,2026-06-20 08:33:26
PTP003426,whatsapp_confirmation_sent,2026-06-21 10:13:59
PTP003426,confirmation_reply_no,2026-06-21 11:19:18
PTP003427,payment_link_sent,2026-06-20 10:12:13
PTP003427,payment_link_opened,2026-06-20 13:35:26
PTP003427,whatsapp_confirmation_sent,2026-06-21 10:04:13
PTP003427,confirmation_reply_yes,2026-06-21 13:57:44
PTP003428,whatsapp_confirmation_sent,2026-06-21 10:13:53
PTP003429,whatsapp_confirmation_sent,2026-06-21 10:10:32
PTP003429,confirmation_reply_yes,2026-06-21 10:29:01
PTP003430,payment_link_sent,2026-06-20 08:43:33
PTP003430,payment_link_opened,2026-06-20 10:57:57
PTP003430,whatsapp_confirmation_sent,2026-06-21 10:01:47
PTP003430,confirmation_reply_yes,2026-06-21 10:33:05
PTP003431,whatsapp_confirmation_sent,2026-06-21 10:12:29
PTP003431,confirmation_reply_yes,2026-06-21 11:35:32
PTP003432,payment_link_sent,2026-06-20 10:30:01
PTP003432,whatsapp_confirmation_sent,2026-06-21 10:24:02
PTP003433,payment_link_sent,2026-06-20 09:28:47
PTP003433,whatsapp_confirmation_sent,2026-06-21 10:03:50
PTP003433,confirmation_reply_yes,2026-06-21 11:33:34
PTP003433,inbound_call_from_customer,2026-06-23 03:28:34
PTP003434,whatsapp_confirmation_sent,2026-06-21 10:18:22
PTP003435,payment_link_sent,2026-06-20 10:31:02
PTP003435,whatsapp_confirmation_sent,2026-06-21 10:13:52
PTP003435,payment_link_opened,2026-07-07 10:39:29
PTP003436,whatsapp_confirmation_sent,2026-06-21 10:00:19
PTP003437,whatsapp_confirmation_sent,2026-06-21 10:17:08
PTP003438,payment_link_sent,2026-06-20 12:59:25
PTP003438,payment_link_opened,2026-06-20 13:58:51
PTP003438,inbound_call_from_customer,2026-06-21 04:51:16
PTP003438,whatsapp_confirmation_sent,2026-06-21 10:17:47
PTP003438,payment_link_opened,2026-06-21 13:17:37
PTP003438,confirmation_reply_no,2026-06-21 14:07:03
PTP003439,payment_link_sent,2026-06-20 09:26:50
PTP003439,payment_link_opened,2026-06-20 14:41:01
PTP003439,whatsapp_confirmation_sent,2026-06-21 10:28:56
PTP003439,confirmation_reply_yes,2026-06-21 11:00:03
PTP003440,whatsapp_confirmation_sent,2026-06-21 10:16:46
PTP003441,whatsapp_confirmation_sent,2026-06-21 10:15:53
PTP003441,inbound_call_from_customer,2026-06-26 04:35:05
PTP003442,payment_link_sent,2026-06-20 08:17:35
PTP003442,payment_link_opened,2026-06-20 18:25:48
PTP003442,whatsapp_confirmation_sent,2026-06-21 10:19:57
PTP003442,confirmation_reply_yes,2026-06-21 12:26:40
PTP003443,payment_link_sent,2026-06-20 12:53:22
PTP003443,whatsapp_confirmation_sent,2026-06-21 10:11:51
PTP003443,payment_link_opened,2026-07-08 16:23:26
PTP003444,payment_link_sent,2026-06-20 10:14:04
PTP003444,payment_link_opened,2026-06-20 10:24:31
PTP003444,whatsapp_confirmation_sent,2026-06-21 10:03:41
PTP003444,payment_link_opened,2026-07-06 21:12:02
PTP003445,payment_link_sent,2026-06-20 12:23:08
PTP003445,whatsapp_confirmation_sent,2026-06-21 10:22:34
PTP003445,confirmation_reply_yes,2026-06-21 12:50:20
PTP003445,payment_link_opened,2026-06-30 19:39:21
PTP003446,payment_link_sent,2026-06-20 18:48:48
PTP003446,whatsapp_confirmation_sent,2026-06-21 10:15:22
PTP003446,confirmation_reply_yes,2026-06-21 10:19:27
PTP003447,payment_link_sent,2026-06-20 17:20:11
PTP003447,payment_link_opened,2026-06-20 23:55:56
PTP003447,whatsapp_confirmation_sent,2026-06-21 10:12:28
PTP003447,confirmation_reply_yes,2026-06-21 12:32:44
PTP003448,payment_link_sent,2026-06-20 16:02:51
PTP003448,whatsapp_confirmation_sent,2026-06-21 10:27:08
PTP003449,payment_link_sent,2026-06-20 13:42:52
PTP003449,whatsapp_confirmation_sent,2026-06-21 10:04:05
PTP003449,confirmation_reply_yes,2026-06-21 11:49:57
PTP003449,payment_link_opened,2026-06-21 21:02:14
PTP003455,payment_link_sent,2026-06-20 10:38:20
PTP003455,payment_link_opened,2026-06-26 19:31:54
PTP003457,payment_link_sent,2026-06-21 11:07:36
PTP003457,whatsapp_confirmation_sent,2026-06-22 10:04:55
PTP003458,payment_link_sent,2026-06-21 11:31:39
PTP003458,payment_link_opened,2026-06-21 14:30:25
PTP003458,whatsapp_confirmation_sent,2026-06-22 10:18:07
PTP003458,payment_link_opened,2026-06-26 10:55:27
PTP003459,whatsapp_confirmation_sent,2026-06-22 10:01:07
PTP003459,confirmation_reply_yes,2026-06-22 11:13:51
PTP003460,whatsapp_confirmation_sent,2026-06-22 10:16:17
PTP003461,payment_link_sent,2026-06-21 12:23:44
PTP003461,whatsapp_confirmation_sent,2026-06-22 10:14:44
PTP003462,payment_link_sent,2026-06-21 18:11:29
PTP003462,payment_link_opened,2026-06-21 20:04:48
PTP003462,whatsapp_confirmation_sent,2026-06-22 10:01:56
PTP003462,confirmation_reply_no,2026-06-22 11:14:07
PTP003462,inbound_call_from_customer,2026-06-26 12:49:59
PTP003463,payment_link_sent,2026-06-21 17:04:51
PTP003463,whatsapp_confirmation_sent,2026-06-22 10:06:40
PTP003464,payment_link_sent,2026-06-21 15:01:16
PTP003464,whatsapp_confirmation_sent,2026-06-22 10:10:27
PTP003464,confirmation_reply_yes,2026-06-22 11:50:02
PTP003465,payment_link_sent,2026-06-22 13:03:22
PTP003465,whatsapp_confirmation_sent,2026-06-23 10:29:05
PTP003465,confirmation_reply_no,2026-06-23 12:03:03
PTP003466,payment_link_sent,2026-06-22 08:54:21
PTP003466,payment_link_opened,2026-06-22 10:42:38
PTP003466,whatsapp_confirmation_sent,2026-06-23 10:14:46
PTP003466,confirmation_reply_yes,2026-06-23 15:32:55
PTP003466,payment_link_opened,2026-06-26 20:47:12
PTP003467,payment_link_sent,2026-06-22 11:50:13
PTP003467,whatsapp_confirmation_sent,2026-06-23 10:09:35
PTP003468,payment_link_sent,2026-06-22 09:33:44
PTP003468,whatsapp_confirmation_sent,2026-06-23 10:23:27
PTP003468,confirmation_reply_no,2026-06-23 11:00:43
PTP003468,payment_link_opened,2026-06-27 17:48:17
PTP003469,payment_link_sent,2026-06-22 12:31:28
PTP003469,whatsapp_confirmation_sent,2026-06-23 10:19:21
PTP003470,payment_link_sent,2026-06-22 09:31:23
PTP003470,whatsapp_confirmation_sent,2026-06-23 10:17:52
PTP003471,payment_link_sent,2026-06-22 12:04:11
PTP003471,whatsapp_confirmation_sent,2026-06-23 10:17:10
PTP003472,payment_link_sent,2026-06-22 08:57:54
PTP003472,payment_link_opened,2026-06-22 14:38:32
PTP003472,whatsapp_confirmation_sent,2026-06-23 10:23:20
PTP003473,whatsapp_confirmation_sent,2026-06-23 10:15:47
PTP003474,payment_link_sent,2026-06-22 09:24:56
PTP003474,whatsapp_confirmation_sent,2026-06-23 10:17:12
PTP003475,whatsapp_confirmation_sent,2026-06-23 10:12:43
PTP003476,whatsapp_confirmation_sent,2026-06-23 10:05:59
PTP003477,whatsapp_confirmation_sent,2026-06-23 10:26:22
PTP003478,payment_link_sent,2026-06-22 13:03:01
PTP003478,whatsapp_confirmation_sent,2026-06-23 10:16:14
PTP003479,payment_link_sent,2026-06-22 09:12:39
PTP003479,whatsapp_confirmation_sent,2026-06-23 10:21:55
PTP003479,payment_link_opened,2026-07-02 22:00:54
PTP003480,whatsapp_confirmation_sent,2026-06-23 10:05:34
PTP003481,payment_link_sent,2026-06-22 09:05:08
PTP003481,payment_link_opened,2026-06-22 10:48:30
PTP003481,whatsapp_confirmation_sent,2026-06-23 10:13:49
PTP003481,payment_link_opened,2026-06-27 16:12:56
PTP003482,whatsapp_confirmation_sent,2026-06-23 10:03:41
PTP003483,payment_link_sent,2026-06-22 08:28:35
PTP003483,whatsapp_confirmation_sent,2026-06-23 10:27:54
PTP003484,payment_link_sent,2026-06-22 12:56:52
PTP003484,whatsapp_confirmation_sent,2026-06-23 10:24:20
PTP003485,payment_link_sent,2026-06-22 12:36:52
PTP003485,whatsapp_confirmation_sent,2026-06-23 10:24:16
PTP003486,payment_link_sent,2026-06-22 16:23:20
PTP003486,payment_link_opened,2026-06-22 17:03:27
PTP003486,whatsapp_confirmation_sent,2026-06-23 10:17:17
PTP003486,confirmation_reply_yes,2026-06-23 11:54:25
PTP003486,payment_link_opened,2026-06-26 16:38:52
PTP003487,payment_link_sent,2026-06-22 16:11:25
PTP003487,payment_link_opened,2026-06-23 05:14:11
PTP003487,whatsapp_confirmation_sent,2026-06-23 10:20:36
PTP003488,whatsapp_confirmation_sent,2026-06-23 10:25:11
PTP003489,payment_link_sent,2026-06-22 18:20:10
PTP003489,whatsapp_confirmation_sent,2026-06-23 10:11:12
PTP003493,payment_link_sent,2026-06-22 10:55:21
PTP003496,payment_link_sent,2026-06-23 09:43:49
PTP003496,whatsapp_confirmation_sent,2026-06-24 10:00:51
PTP003497,payment_link_sent,2026-06-23 08:28:32
PTP003497,payment_link_opened,2026-06-23 14:02:56
PTP003497,whatsapp_confirmation_sent,2026-06-24 10:14:05
PTP003497,payment_link_opened,2026-07-05 14:59:39
PTP003498,payment_link_sent,2026-06-23 12:47:45
PTP003498,payment_link_opened,2026-06-23 18:31:30
PTP003498,whatsapp_confirmation_sent,2026-06-24 10:28:23
PTP003498,confirmation_reply_yes,2026-06-24 15:43:38
PTP003499,payment_link_sent,2026-06-23 09:03:27
PTP003499,whatsapp_confirmation_sent,2026-06-24 10:25:32
PTP003499,payment_link_opened,2026-07-08 08:04:37
PTP003500,payment_link_sent,2026-06-23 12:26:05
PTP003500,whatsapp_confirmation_sent,2026-06-24 10:23:14
PTP003500,payment_link_opened,2026-07-20 11:44:53
PTP003501,payment_link_sent,2026-06-23 08:24:52
PTP003501,whatsapp_confirmation_sent,2026-06-24 10:08:01
PTP003501,confirmation_reply_yes,2026-06-24 11:51:58
PTP003501,payment_link_opened,2026-06-28 16:04:34
PTP003502,payment_link_sent,2026-06-23 08:23:28
PTP003502,whatsapp_confirmation_sent,2026-06-24 10:20:00
PTP003503,payment_link_sent,2026-06-23 12:44:32
PTP003503,whatsapp_confirmation_sent,2026-06-24 10:08:38
PTP003504,payment_link_sent,2026-06-23 09:23:29
PTP003504,inbound_call_from_customer,2026-06-23 14:09:05
PTP003504,whatsapp_confirmation_sent,2026-06-24 10:05:57
PTP003505,payment_link_sent,2026-06-23 08:11:30
PTP003505,whatsapp_confirmation_sent,2026-06-24 10:12:14
PTP003505,confirmation_reply_no,2026-06-24 13:11:43
PTP003506,payment_link_sent,2026-06-23 12:06:59
PTP003506,inbound_call_from_customer,2026-06-24 00:54:34
PTP003506,whatsapp_confirmation_sent,2026-06-24 10:08:20
PTP003507,payment_link_sent,2026-06-23 11:44:31
PTP003507,whatsapp_confirmation_sent,2026-06-24 10:14:43
PTP003507,confirmation_reply_yes,2026-06-24 15:03:17
PTP003508,payment_link_sent,2026-06-23 11:41:26
PTP003508,payment_link_opened,2026-06-23 19:39:09
PTP003508,whatsapp_confirmation_sent,2026-06-24 10:13:13
PTP003508,confirmation_reply_no,2026-06-24 13:49:33
PTP003509,payment_link_sent,2026-06-23 09:59:06
PTP003509,whatsapp_confirmation_sent,2026-06-24 10:19:45
PTP003510,payment_link_sent,2026-06-23 09:09:32
PTP003510,whatsapp_confirmation_sent,2026-06-24 10:05:22
PTP003510,confirmation_reply_yes,2026-06-24 12:56:00
PTP003511,whatsapp_confirmation_sent,2026-06-24 10:15:51
PTP003512,payment_link_sent,2026-06-23 08:53:50
PTP003512,inbound_call_from_customer,2026-06-23 12:40:08
PTP003512,whatsapp_confirmation_sent,2026-06-24 10:14:52
PTP003512,payment_link_opened,2026-07-02 12:39:54
PTP003513,payment_link_sent,2026-06-23 09:12:49
PTP003513,whatsapp_confirmation_sent,2026-06-24 10:03:35
PTP003513,confirmation_reply_yes,2026-06-24 14:45:03
PTP003514,payment_link_sent,2026-06-23 08:25:40
PTP003514,payment_link_opened,2026-06-23 11:52:47
PTP003514,whatsapp_confirmation_sent,2026-06-24 10:24:03
PTP003515,payment_link_sent,2026-06-23 12:25:20
PTP003515,payment_link_opened,2026-06-24 05:46:22
PTP003515,whatsapp_confirmation_sent,2026-06-24 10:27:20
PTP003515,confirmation_reply_yes,2026-06-24 14:13:59
PTP003516,payment_link_sent,2026-06-23 18:16:56
PTP003516,whatsapp_confirmation_sent,2026-06-24 10:19:12
PTP003516,payment_link_opened,2026-07-07 20:53:40
PTP003517,whatsapp_confirmation_sent,2026-06-24 10:11:20
PTP003518,payment_link_sent,2026-06-23 15:25:56
PTP003518,whatsapp_confirmation_sent,2026-06-24 10:15:39
PTP003518,confirmation_reply_yes,2026-06-24 12:02:45
PTP003519,payment_link_sent,2026-06-23 13:30:25
PTP003519,whatsapp_confirmation_sent,2026-06-24 10:24:56
PTP003520,payment_link_sent,2026-06-23 13:16:00
PTP003520,whatsapp_confirmation_sent,2026-06-24 10:09:26
PTP003520,confirmation_reply_yes,2026-06-24 12:48:51
PTP003520,payment_link_opened,2026-06-29 09:09:50
PTP003521,payment_link_sent,2026-06-23 18:39:02
PTP003521,payment_link_opened,2026-06-24 00:58:31
PTP003521,whatsapp_confirmation_sent,2026-06-24 10:08:00
PTP003521,confirmation_reply_yes,2026-06-24 10:24:18
PTP003521,payment_link_opened,2026-07-03 11:42:08
PTP003522,whatsapp_confirmation_sent,2026-06-24 10:20:50
PTP003523,payment_link_sent,2026-06-23 18:06:25
PTP003523,whatsapp_confirmation_sent,2026-06-24 10:17:10
PTP003524,payment_link_sent,2026-06-23 14:35:43
PTP003524,payment_link_opened,2026-06-23 20:01:26
PTP003524,whatsapp_confirmation_sent,2026-06-24 10:11:38
PTP003524,confirmation_reply_yes,2026-06-24 15:35:02
PTP003526,payment_link_sent,2026-06-23 12:23:32
PTP003529,payment_link_sent,2026-06-23 11:22:34
PTP003530,payment_link_sent,2026-06-23 12:08:36
PTP003534,payment_link_sent,2026-06-24 12:49:00
PTP003534,whatsapp_confirmation_sent,2026-06-25 10:08:26
PTP003535,payment_link_sent,2026-06-24 09:00:48
PTP003535,whatsapp_confirmation_sent,2026-06-25 10:06:44
PTP003535,confirmation_reply_yes,2026-06-25 10:19:22
PTP003536,payment_link_sent,2026-06-24 10:34:24
PTP003536,payment_link_opened,2026-06-24 13:06:54
PTP003536,whatsapp_confirmation_sent,2026-06-25 10:29:30
PTP003536,confirmation_reply_no,2026-06-25 14:00:40
PTP003537,payment_link_sent,2026-06-24 12:51:27
PTP003537,whatsapp_confirmation_sent,2026-06-25 10:05:01
PTP003538,payment_link_sent,2026-06-24 09:59:47
PTP003538,payment_link_opened,2026-06-24 12:48:00
PTP003538,whatsapp_confirmation_sent,2026-06-25 10:18:39
PTP003538,payment_link_opened,2026-06-26 15:26:36
PTP003539,payment_link_sent,2026-06-24 08:08:20
PTP003539,payment_link_opened,2026-06-24 10:02:05
PTP003539,whatsapp_confirmation_sent,2026-06-25 10:27:05
PTP003539,payment_link_opened,2026-07-06 11:01:29
PTP003540,payment_link_sent,2026-06-24 12:41:32
PTP003540,whatsapp_confirmation_sent,2026-06-25 10:28:15
PTP003541,payment_link_sent,2026-06-24 11:23:03
PTP003541,payment_link_opened,2026-06-24 14:55:39
PTP003541,whatsapp_confirmation_sent,2026-06-25 10:14:56
PTP003542,payment_link_sent,2026-06-24 08:09:51
PTP003542,payment_link_opened,2026-06-24 12:05:00
PTP003542,whatsapp_confirmation_sent,2026-06-25 10:21:19
PTP003542,confirmation_reply_yes,2026-06-25 12:10:54
PTP003543,whatsapp_confirmation_sent,2026-06-25 10:04:47
PTP003544,payment_link_sent,2026-06-24 12:22:22
PTP003544,payment_link_opened,2026-06-24 22:10:45
PTP003544,whatsapp_confirmation_sent,2026-06-25 10:03:45
PTP003545,whatsapp_confirmation_sent,2026-06-25 10:13:58
PTP003546,payment_link_sent,2026-06-24 12:59:23
PTP003546,whatsapp_confirmation_sent,2026-06-25 10:15:45
PTP003546,confirmation_reply_no,2026-06-25 14:04:12
PTP003547,whatsapp_confirmation_sent,2026-06-25 10:24:51
PTP003547,confirmation_reply_yes,2026-06-25 13:08:23
PTP003548,payment_link_sent,2026-06-24 08:17:25
PTP003548,whatsapp_confirmation_sent,2026-06-25 10:29:54
PTP003549,payment_link_sent,2026-06-24 10:31:30
PTP003549,whatsapp_confirmation_sent,2026-06-25 10:03:34
PTP003549,confirmation_reply_no,2026-06-25 14:48:17
PTP003550,payment_link_sent,2026-06-24 09:56:40
PTP003550,whatsapp_confirmation_sent,2026-06-25 10:21:04
PTP003550,inbound_call_from_customer,2026-06-28 13:46:26
PTP003551,payment_link_sent,2026-06-24 12:01:27
PTP003551,whatsapp_confirmation_sent,2026-06-25 10:12:56
PTP003551,confirmation_reply_yes,2026-06-25 15:18:32
PTP003552,payment_link_sent,2026-06-24 10:51:35
PTP003552,whatsapp_confirmation_sent,2026-06-25 10:29:46
PTP003552,payment_link_opened,2026-07-11 21:41:47
PTP003553,whatsapp_confirmation_sent,2026-06-25 10:14:46
PTP003553,confirmation_reply_no,2026-06-25 13:01:38
PTP003554,payment_link_sent,2026-06-24 08:40:53
PTP003554,whatsapp_confirmation_sent,2026-06-25 10:29:58
PTP003554,confirmation_reply_no,2026-06-25 12:39:03
PTP003554,payment_link_opened,2026-07-10 18:10:16
PTP003555,payment_link_sent,2026-06-24 09:57:48
PTP003555,payment_link_opened,2026-06-24 11:31:40
PTP003555,whatsapp_confirmation_sent,2026-06-25 10:07:23
PTP003555,confirmation_reply_yes,2026-06-25 15:07:04
PTP003555,payment_link_opened,2026-06-27 19:15:41
PTP003556,payment_link_sent,2026-06-24 18:26:52
PTP003556,whatsapp_confirmation_sent,2026-06-25 10:23:34
PTP003556,confirmation_reply_yes,2026-06-25 12:37:21
PTP003557,payment_link_sent,2026-06-24 16:18:29
PTP003557,payment_link_opened,2026-06-24 16:19:53
PTP003557,payment_link_opened,2026-06-24 22:28:07
PTP003557,whatsapp_confirmation_sent,2026-06-25 10:25:14
PTP003557,confirmation_reply_yes,2026-06-25 15:31:27
PTP003558,payment_link_sent,2026-06-24 15:51:41
PTP003558,whatsapp_confirmation_sent,2026-06-25 10:01:04
PTP003559,payment_link_sent,2026-06-24 15:58:15
PTP003559,whatsapp_confirmation_sent,2026-06-25 10:29:56
PTP003561,payment_link_sent,2026-06-24 13:26:25
PTP003562,payment_link_sent,2026-06-24 13:52:14
PTP003563,payment_link_sent,2026-06-24 12:40:57
PTP003563,payment_link_opened,2026-06-24 16:46:58
PTP003565,payment_link_sent,2026-06-24 09:56:37
PTP003565,payment_link_opened,2026-06-24 12:21:04
PTP003566,payment_link_sent,2026-06-24 13:42:57
PTP003566,payment_link_opened,2026-06-24 16:48:38
PTP003568,payment_link_sent,2026-06-25 10:02:30
PTP003568,payment_link_opened,2026-06-25 20:01:15
PTP003568,whatsapp_confirmation_sent,2026-06-26 10:15:07
PTP003568,confirmation_reply_no,2026-06-26 10:29:25
PTP003569,payment_link_sent,2026-06-25 10:45:12
PTP003569,whatsapp_confirmation_sent,2026-06-26 10:23:32
PTP003570,payment_link_sent,2026-06-25 11:05:44
PTP003570,whatsapp_confirmation_sent,2026-06-26 10:05:27
PTP003570,confirmation_reply_yes,2026-06-26 10:48:52
PTP003570,payment_link_opened,2026-07-20 18:27:58
PTP003571,payment_link_sent,2026-06-25 10:41:12
PTP003571,whatsapp_confirmation_sent,2026-06-26 10:16:00
PTP003571,confirmation_reply_no,2026-06-26 12:49:21
PTP003572,whatsapp_confirmation_sent,2026-06-26 10:01:26
PTP003573,payment_link_sent,2026-06-25 09:38:23
PTP003573,whatsapp_confirmation_sent,2026-06-26 10:02:05
PTP003573,payment_link_opened,2026-07-06 12:38:26
PTP003574,inbound_call_from_customer,2026-06-26 03:24:42
PTP003574,whatsapp_confirmation_sent,2026-06-26 10:07:51
PTP003575,payment_link_sent,2026-06-25 10:23:15
PTP003575,whatsapp_confirmation_sent,2026-06-26 10:04:42
PTP003575,confirmation_reply_no,2026-06-26 10:45:39
PTP003576,whatsapp_confirmation_sent,2026-06-26 10:14:55
PTP003576,confirmation_reply_yes,2026-06-26 13:26:51
PTP003577,whatsapp_confirmation_sent,2026-06-26 10:20:24
PTP003578,whatsapp_confirmation_sent,2026-06-26 10:19:24
PTP003579,whatsapp_confirmation_sent,2026-06-26 10:18:24
PTP003580,payment_link_sent,2026-06-25 08:56:22
PTP003580,payment_link_opened,2026-06-25 12:23:52
PTP003580,payment_link_opened,2026-06-25 20:06:39
PTP003580,whatsapp_confirmation_sent,2026-06-26 10:04:49
PTP003580,confirmation_reply_no,2026-06-26 11:16:10
PTP003581,payment_link_sent,2026-06-25 09:01:17
PTP003581,whatsapp_confirmation_sent,2026-06-26 10:26:02
PTP003582,payment_link_sent,2026-06-25 12:14:58
PTP003582,whatsapp_confirmation_sent,2026-06-26 10:05:03
PTP003583,whatsapp_confirmation_sent,2026-06-26 10:00:52
PTP003584,whatsapp_confirmation_sent,2026-06-26 10:06:58
PTP003585,whatsapp_confirmation_sent,2026-06-26 10:08:30
PTP003586,payment_link_sent,2026-06-25 11:32:31
PTP003586,payment_link_opened,2026-06-25 14:46:52
PTP003586,whatsapp_confirmation_sent,2026-06-26 10:27:26
PTP003587,payment_link_sent,2026-06-25 15:55:41
PTP003587,whatsapp_confirmation_sent,2026-06-26 10:17:23
PTP003587,confirmation_reply_yes,2026-06-26 14:50:48
PTP003588,payment_link_sent,2026-06-25 18:44:30
PTP003588,whatsapp_confirmation_sent,2026-06-26 10:25:14
PTP003589,payment_link_sent,2026-06-25 16:05:16
PTP003589,whatsapp_confirmation_sent,2026-06-26 10:21:00
PTP003590,payment_link_sent,2026-06-25 16:26:30
PTP003590,payment_link_opened,2026-06-25 16:33:52
PTP003590,whatsapp_confirmation_sent,2026-06-26 10:01:24
PTP003591,payment_link_sent,2026-06-25 15:01:18
PTP003591,whatsapp_confirmation_sent,2026-06-26 10:18:51
PTP003591,confirmation_reply_yes,2026-06-26 12:42:02
PTP003592,payment_link_sent,2026-06-25 16:33:10
PTP003592,payment_link_opened,2026-06-25 21:44:52
PTP003592,whatsapp_confirmation_sent,2026-06-26 10:03:27
PTP003592,confirmation_reply_yes,2026-06-26 13:29:26
PTP003593,payment_link_sent,2026-06-25 11:31:54
PTP003594,payment_link_sent,2026-06-25 10:55:52
PTP003596,payment_link_sent,2026-06-25 12:09:32
PTP003599,payment_link_sent,2026-06-26 12:02:18
PTP003599,whatsapp_confirmation_sent,2026-06-27 10:28:16
PTP003600,whatsapp_confirmation_sent,2026-06-27 10:15:05
PTP003600,confirmation_reply_yes,2026-06-27 10:22:09
PTP003601,whatsapp_confirmation_sent,2026-06-27 10:00:33
PTP003601,confirmation_reply_yes,2026-06-27 13:32:49
PTP003602,payment_link_sent,2026-06-26 08:19:11
PTP003602,whatsapp_confirmation_sent,2026-06-27 10:20:52
PTP003602,payment_link_opened,2026-07-14 08:02:09
PTP003603,payment_link_sent,2026-06-26 11:06:08
PTP003603,payment_link_opened,2026-06-26 17:59:54
PTP003603,whatsapp_confirmation_sent,2026-06-27 10:19:01
PTP003604,payment_link_sent,2026-06-26 09:31:04
PTP003604,payment_link_opened,2026-06-26 11:12:59
PTP003604,whatsapp_confirmation_sent,2026-06-27 10:05:48
PTP003604,confirmation_reply_no,2026-06-27 11:44:21
PTP003605,payment_link_sent,2026-06-26 10:54:43
PTP003605,payment_link_opened,2026-06-26 12:08:50
PTP003605,whatsapp_confirmation_sent,2026-06-27 10:25:47
PTP003606,payment_link_sent,2026-06-26 08:50:36
PTP003606,payment_link_opened,2026-06-26 15:26:02
PTP003606,whatsapp_confirmation_sent,2026-06-27 10:27:22
PTP003606,payment_link_opened,2026-07-06 13:24:49
PTP003607,payment_link_sent,2026-06-26 09:16:39
PTP003607,payment_link_opened,2026-06-26 09:46:36
PTP003607,whatsapp_confirmation_sent,2026-06-27 10:02:28
PTP003607,confirmation_reply_yes,2026-06-27 14:09:23
PTP003607,payment_link_opened,2026-07-05 09:43:12
PTP003608,whatsapp_confirmation_sent,2026-06-27 10:09:57
PTP003609,payment_link_sent,2026-06-26 09:44:43
PTP003609,payment_link_opened,2026-06-26 11:29:00
PTP003609,whatsapp_confirmation_sent,2026-06-27 10:26:18
PTP003610,payment_link_sent,2026-06-26 08:16:54
PTP003610,whatsapp_confirmation_sent,2026-06-27 10:26:31
PTP003611,payment_link_sent,2026-06-26 11:43:52
PTP003611,payment_link_opened,2026-06-26 13:49:00
PTP003611,whatsapp_confirmation_sent,2026-06-27 10:11:56
PTP003611,confirmation_reply_yes,2026-06-27 14:53:15
PTP003611,payment_link_opened,2026-07-03 18:44:34
PTP003612,whatsapp_confirmation_sent,2026-06-27 10:29:45
PTP003612,confirmation_reply_yes,2026-06-27 14:35:31
PTP003613,payment_link_sent,2026-06-26 11:33:25
PTP003613,whatsapp_confirmation_sent,2026-06-27 10:18:37
PTP003614,payment_link_sent,2026-06-26 15:19:22
PTP003614,payment_link_opened,2026-06-26 15:20:55
PTP003614,whatsapp_confirmation_sent,2026-06-27 10:21:10
PTP003615,payment_link_sent,2026-06-26 13:57:21
PTP003615,payment_link_opened,2026-06-26 15:25:16
PTP003615,whatsapp_confirmation_sent,2026-06-27 10:13:45
PTP003615,inbound_call_from_customer,2026-07-04 11:07:53
PTP003616,payment_link_sent,2026-06-26 15:25:01
PTP003616,whatsapp_confirmation_sent,2026-06-27 10:12:08
PTP003616,payment_link_opened,2026-06-27 11:04:36
PTP003616,confirmation_reply_yes,2026-06-27 12:52:27
PTP003617,payment_link_sent,2026-06-26 15:37:45
PTP003617,whatsapp_confirmation_sent,2026-06-27 10:19:19
PTP003617,confirmation_reply_yes,2026-06-27 14:17:09
PTP003617,payment_link_opened,2026-07-03 20:22:00
PTP003618,whatsapp_confirmation_sent,2026-06-27 10:01:28
PTP003619,payment_link_sent,2026-06-26 16:50:56
PTP003619,whatsapp_confirmation_sent,2026-06-27 10:02:01
PTP003619,confirmation_reply_yes,2026-06-27 15:20:22
PTP003625,payment_link_sent,2026-06-26 14:17:39
PTP003629,payment_link_sent,2026-06-27 09:44:35
PTP003629,payment_link_opened,2026-06-27 12:17:56
PTP003629,whatsapp_confirmation_sent,2026-06-28 10:01:43
PTP003630,payment_link_sent,2026-06-27 09:00:20
PTP003630,whatsapp_confirmation_sent,2026-06-28 10:10:52
PTP003630,confirmation_reply_no,2026-06-28 11:24:44
PTP003630,inbound_call_from_customer,2026-06-28 13:34:43
PTP003631,payment_link_sent,2026-06-27 11:03:12
PTP003631,payment_link_opened,2026-06-27 14:47:43
PTP003631,whatsapp_confirmation_sent,2026-06-28 10:14:47
PTP003631,confirmation_reply_yes,2026-06-28 14:20:08
PTP003632,payment_link_sent,2026-06-27 11:06:51
PTP003632,payment_link_opened,2026-06-27 19:37:52
PTP003632,whatsapp_confirmation_sent,2026-06-28 10:29:59
PTP003632,payment_link_opened,2026-07-04 22:49:51
PTP003633,payment_link_sent,2026-06-27 10:13:57
PTP003633,payment_link_opened,2026-06-27 17:16:15
PTP003633,whatsapp_confirmation_sent,2026-06-28 10:08:12
PTP003634,payment_link_sent,2026-06-27 09:49:28
PTP003634,whatsapp_confirmation_sent,2026-06-28 10:27:05
PTP003634,confirmation_reply_yes,2026-06-28 10:36:19
PTP003635,payment_link_sent,2026-06-27 10:22:51
PTP003635,payment_link_opened,2026-06-27 12:29:25
PTP003635,whatsapp_confirmation_sent,2026-06-28 10:20:12
PTP003635,payment_link_opened,2026-07-12 19:52:52
PTP003636,payment_link_sent,2026-06-27 08:22:06
PTP003636,whatsapp_confirmation_sent,2026-06-28 10:06:08
PTP003636,inbound_call_from_customer,2026-06-29 23:28:53
PTP003637,whatsapp_confirmation_sent,2026-06-28 10:14:20
PTP003637,confirmation_reply_yes,2026-06-28 11:43:02
PTP003637,inbound_call_from_customer,2026-07-14 04:13:16
PTP003638,payment_link_sent,2026-06-27 08:25:14
PTP003638,whatsapp_confirmation_sent,2026-06-28 10:21:57
PTP003639,payment_link_sent,2026-06-27 11:49:53
PTP003639,whatsapp_confirmation_sent,2026-06-28 10:25:36
PTP003640,whatsapp_confirmation_sent,2026-06-28 10:07:09
PTP003640,confirmation_reply_yes,2026-06-28 10:28:13
PTP003641,payment_link_sent,2026-06-27 09:30:00
PTP003641,whatsapp_confirmation_sent,2026-06-28 10:08:35
PTP003641,confirmation_reply_yes,2026-06-28 14:26:21
PTP003642,payment_link_sent,2026-06-27 10:39:46
PTP003642,whatsapp_confirmation_sent,2026-06-28 10:10:52
PTP003642,payment_link_opened,2026-07-01 19:20:55
PTP003643,payment_link_sent,2026-06-27 09:13:47
PTP003643,whatsapp_confirmation_sent,2026-06-28 10:14:22
PTP003643,confirmation_reply_no,2026-06-28 14:30:33
PTP003644,payment_link_sent,2026-06-27 12:02:34
PTP003644,whatsapp_confirmation_sent,2026-06-28 10:26:31
PTP003645,payment_link_sent,2026-06-27 08:38:45
PTP003645,payment_link_opened,2026-06-27 17:04:46
PTP003645,whatsapp_confirmation_sent,2026-06-28 10:16:52
PTP003646,payment_link_sent,2026-06-27 10:07:47
PTP003646,whatsapp_confirmation_sent,2026-06-28 10:23:42
PTP003646,confirmation_reply_yes,2026-06-28 14:38:58
PTP003647,whatsapp_confirmation_sent,2026-06-28 10:01:08
PTP003648,payment_link_sent,2026-06-27 08:08:52
PTP003648,whatsapp_confirmation_sent,2026-06-28 10:20:58
PTP003649,whatsapp_confirmation_sent,2026-06-28 10:11:02
PTP003650,payment_link_sent,2026-06-27 09:03:24
PTP003650,whatsapp_confirmation_sent,2026-06-28 10:09:52
PTP003650,confirmation_reply_yes,2026-06-28 13:13:05
PTP003650,payment_link_opened,2026-07-01 21:59:47
PTP003651,payment_link_sent,2026-06-27 12:10:36
PTP003651,whatsapp_confirmation_sent,2026-06-28 10:15:46
PTP003652,whatsapp_confirmation_sent,2026-06-28 10:21:36
PTP003653,payment_link_sent,2026-06-27 09:25:44
PTP003653,payment_link_opened,2026-06-27 10:23:13
PTP003653,whatsapp_confirmation_sent,2026-06-28 10:19:19
PTP003653,confirmation_reply_yes,2026-06-28 13:20:25
PTP003653,payment_link_opened,2026-07-08 22:35:53
PTP003654,payment_link_sent,2026-06-27 15:00:20
PTP003654,whatsapp_confirmation_sent,2026-06-28 10:03:43
PTP003655,payment_link_sent,2026-06-27 13:59:47
PTP003655,payment_link_opened,2026-06-27 17:17:40
PTP003655,whatsapp_confirmation_sent,2026-06-28 10:13:27
PTP003655,confirmation_reply_yes,2026-06-28 12:58:17
PTP003655,payment_link_opened,2026-07-08 09:42:54
PTP003656,whatsapp_confirmation_sent,2026-06-28 10:23:32
PTP003656,confirmation_reply_yes,2026-06-28 14:02:55
PTP003657,payment_link_sent,2026-06-27 13:54:00
PTP003657,whatsapp_confirmation_sent,2026-06-28 10:12:53
PTP003658,whatsapp_confirmation_sent,2026-06-28 10:20:29
PTP003664,payment_link_sent,2026-06-28 08:03:42
PTP003664,whatsapp_confirmation_sent,2026-06-29 10:07:14
PTP003665,payment_link_sent,2026-06-28 09:41:13
PTP003665,payment_link_opened,2026-06-28 15:39:46
PTP003665,whatsapp_confirmation_sent,2026-06-29 10:07:49
PTP003666,payment_link_sent,2026-06-28 11:58:02
PTP003666,payment_link_opened,2026-06-28 12:00:04
PTP003666,whatsapp_confirmation_sent,2026-06-29 10:25:26
PTP003666,payment_link_opened,2026-07-14 19:26:27
PTP003667,payment_link_sent,2026-06-28 11:30:23
PTP003667,payment_link_opened,2026-06-28 20:06:13
PTP003667,whatsapp_confirmation_sent,2026-06-29 10:29:09
PTP003667,confirmation_reply_yes,2026-06-29 12:09:55
PTP003668,whatsapp_confirmation_sent,2026-06-29 10:22:24
PTP003668,confirmation_reply_yes,2026-06-29 13:54:38
PTP003669,payment_link_sent,2026-06-28 12:49:09
PTP003669,whatsapp_confirmation_sent,2026-06-29 10:29:19
PTP003669,confirmation_reply_no,2026-06-29 14:05:52
PTP003669,payment_link_opened,2026-07-05 11:28:31
PTP003670,payment_link_sent,2026-06-28 12:37:37
PTP003670,whatsapp_confirmation_sent,2026-06-29 10:13:14
PTP003671,payment_link_sent,2026-06-28 14:39:27
PTP003671,payment_link_opened,2026-06-28 22:25:45
PTP003671,whatsapp_confirmation_sent,2026-06-29 10:03:36
PTP003671,confirmation_reply_yes,2026-06-29 14:39:40
PTP003671,inbound_call_from_customer,2026-06-29 15:39:15
PTP003672,whatsapp_confirmation_sent,2026-06-29 10:23:27
PTP003672,confirmation_reply_yes,2026-06-29 10:41:20
PTP003673,payment_link_sent,2026-06-29 09:17:32
PTP003673,payment_link_opened,2026-06-29 10:34:11
PTP003673,whatsapp_confirmation_sent,2026-06-30 10:21:30
PTP003673,inbound_call_from_customer,2026-07-01 18:50:03
PTP003673,payment_link_opened,2026-07-03 19:05:26
PTP003674,payment_link_sent,2026-06-29 12:11:57
PTP003674,whatsapp_confirmation_sent,2026-06-30 10:16:40
PTP003674,confirmation_reply_yes,2026-06-30 10:34:23
PTP003675,whatsapp_confirmation_sent,2026-06-30 10:19:35
PTP003675,confirmation_reply_yes,2026-06-30 15:42:35
PTP003676,payment_link_sent,2026-06-29 11:28:48
PTP003676,whatsapp_confirmation_sent,2026-06-30 10:22:05
PTP003676,confirmation_reply_yes,2026-06-30 11:22:00
PTP003677,payment_link_sent,2026-06-29 09:31:13
PTP003677,whatsapp_confirmation_sent,2026-06-30 10:13:06
PTP003678,payment_link_sent,2026-06-29 12:10:59
PTP003678,payment_link_opened,2026-06-29 15:52:28
PTP003678,whatsapp_confirmation_sent,2026-06-30 10:09:11
PTP003678,confirmation_reply_yes,2026-06-30 14:25:53
PTP003679,whatsapp_confirmation_sent,2026-06-30 10:13:21
PTP003679,confirmation_reply_yes,2026-06-30 15:32:30
PTP003680,whatsapp_confirmation_sent,2026-06-30 10:28:06
PTP003681,payment_link_sent,2026-06-29 08:22:45
PTP003681,payment_link_opened,2026-06-29 14:49:24
PTP003681,whatsapp_confirmation_sent,2026-06-30 10:14:33
PTP003681,payment_link_opened,2026-07-04 10:33:27
PTP003682,payment_link_sent,2026-06-29 09:51:16
PTP003682,whatsapp_confirmation_sent,2026-06-30 10:20:10
PTP003683,whatsapp_confirmation_sent,2026-06-30 10:10:58
PTP003684,whatsapp_confirmation_sent,2026-06-30 10:01:57
PTP003685,payment_link_sent,2026-06-29 12:20:29
PTP003685,whatsapp_confirmation_sent,2026-06-30 10:18:00
PTP003685,confirmation_reply_no,2026-06-30 15:12:53
PTP003686,whatsapp_confirmation_sent,2026-06-30 10:26:17
PTP003686,confirmation_reply_yes,2026-06-30 11:46:40
PTP003687,whatsapp_confirmation_sent,2026-06-30 10:00:08
PTP003687,inbound_call_from_customer,2026-07-01 17:35:56
PTP003688,payment_link_sent,2026-06-29 08:26:52
PTP003688,whatsapp_confirmation_sent,2026-06-30 10:10:00
PTP003689,payment_link_sent,2026-06-29 09:10:52
PTP003689,whatsapp_confirmation_sent,2026-06-30 10:25:05
PTP003689,confirmation_reply_yes,2026-06-30 13:38:06
PTP003689,payment_link_opened,2026-06-30 19:51:54
PTP003690,payment_link_sent,2026-06-29 16:36:35
PTP003690,whatsapp_confirmation_sent,2026-06-30 10:28:32
PTP003690,confirmation_reply_yes,2026-06-30 14:00:18
PTP003694,payment_link_sent,2026-06-29 11:54:38
PTP003694,payment_link_opened,2026-06-29 13:00:40
PTP003694,payment_link_opened,2026-07-06 21:49:58
PTP003696,payment_link_sent,2026-06-29 10:29:00
