ptp_id,account_id,source,attempt_id,visit_id,channel,agent_id,captured_ts,promised_date,promised_amount,overdue_at_capture,answerer_recorded,payment_link_sent
PTP000001,AC000083,call,AT0000026,,voice_bot,BOT01,2026-04-01 10:54:30,2026-04-03,4200.0,4200.0,self,True
PTP000002,AC000199,call,AT0000051,,voice_bot,BOT01,2026-04-01 09:11:48,2026-04-08,12200.0,12200.0,self,True
PTP000003,AC000328,call,AT0000093,,voice_bot,BOT01,2026-04-01 12:29:36,2026-04-03,4600.0,4600.0,self,True
PTP000004,AC000884,call,AT0000236,,voice_bot,BOT01,2026-04-01 08:26:46,2026-04-10,8800.0,8800.0,self,True
PTP000005,AC000904,call,AT0000239,,voice_bot,BOT01,2026-04-01 12:16:24,2026-04-05,1600.0,2750.0,self,True
PTP000006,AC000938,call,AT0000249,,voice_bot,BOT01,2026-04-01 12:13:54,2026-04-03,2950.0,2950.0,self,True
PTP000007,AC001267,call,AT0000336,,voice_bot,BOT01,2026-04-01 12:49:44,2026-04-06,16200.0,16200.0,self,True
PTP000008,AC001347,call,AT0000358,,voice_bot,BOT01,2026-04-01 12:59:44,2026-04-26,4000.0,6450.0,self,False
PTP000009,AC002130,call,AT0000559,,voice_bot,BOT01,2026-04-01 08:22:15,2026-04-08,1750.0,1750.0,family_member,True
PTP000010,AC002281,call,AT0000601,,voice_bot,BOT01,2026-04-01 09:45:14,2026-04-26,2650.0,2650.0,self,True
PTP000011,AC000065,call,AT0000018,,tele_agent,TA020,2026-04-01 11:27:02,2026-04-02,3500.0,6000.0,self,True
PTP000012,AC000071,call,AT0000020,,tele_agent,TA006,2026-04-01 11:02:28,2026-04-26,16100.0,32200.0,self,True
PTP000013,AC000075,call,AT0000022,,tele_agent,TA006,2026-04-01 10:05:20,2026-04-08,17000.0,30000.0,self,False
PTP000014,AC000081,call,AT0000025,,tele_agent,TA009,2026-04-01 11:36:22,2026-04-07,6450.0,6450.0,self,True
PTP000015,AC000310,call,AT0000086,,tele_agent,TA010,2026-04-01 11:28:15,2026-04-05,3750.0,3750.0,self,True
PTP000016,AC000371,call,AT0000103,,tele_agent,TA003,2026-04-01 12:57:01,2026-04-03,18800.0,18800.0,self,True
PTP000017,AC000457,call,AT0000127,,tele_agent,TA001,2026-04-01 12:55:10,2026-04-02,3800.0,3800.0,self,False
PTP000018,AC000663,call,AT0000177,,tele_agent,TA013,2026-04-01 11:15:24,2026-04-07,13500.0,13500.0,self,True
PTP000019,AC000898,call,AT0000238,,tele_agent,TA019,2026-04-01 09:24:59,2026-04-03,8200.0,8200.0,self,True
PTP000020,AC001006,call,AT0000264,,tele_agent,TA002,2026-04-01 12:09:05,2026-04-26,26700.0,26700.0,self,False
PTP000021,AC001082,call,AT0000289,,tele_agent,TA007,2026-04-01 11:03:19,2026-04-07,8200.0,8200.0,self,False
PTP000022,AC001268,call,AT0000337,,tele_agent,TA018,2026-04-01 09:36:39,2026-04-07,12450.0,12450.0,self,True
PTP000023,AC001302,call,AT0000345,,tele_agent,TA008,2026-04-01 08:24:38,2026-04-08,9150.0,9150.0,self,False
PTP000024,AC001638,call,AT0000431,,tele_agent,TA001,2026-04-01 08:35:02,2026-04-08,15200.0,15200.0,self,True
PTP000025,AC001665,call,AT0000436,,tele_agent,TA010,2026-04-01 11:48:39,2026-04-26,12100.0,20300.0,self,True
PTP000026,AC001850,call,AT0000491,,tele_agent,TA020,2026-04-01 11:00:30,2026-04-02,6200.0,6200.0,self,False
PTP000027,AC002082,call,AT0000549,,tele_agent,TA016,2026-04-01 09:08:53,2026-04-08,31500.0,31500.0,self,True
PTP000028,AC002126,call,AT0000558,,tele_agent,TA019,2026-04-01 08:13:23,2026-04-26,5800.0,5800.0,self,True
PTP000029,AC002292,call,AT0000604,,tele_agent,TA010,2026-04-01 10:02:24,2026-04-05,10650.0,10650.0,self,False
PTP000030,AC002348,call,AT0000616,,tele_agent,TA017,2026-04-01 11:53:43,2026-04-07,147800.0,147800.0,self,False
PTP000031,AC002353,call,AT0000618,,tele_agent,TA010,2026-04-01 12:35:26,2026-04-09,30300.0,46800.0,self,True
PTP000032,AC002356,call,AT0000621,,tele_agent,TA010,2026-04-01 09:08:45,2026-04-08,28650.0,28650.0,self,True
PTP000033,AC000167,call,AT0000645,,tele_agent,TA001,2026-04-01 14:26:22,2026-04-26,5000.0,5000.0,self,True
PTP000034,AC000473,call,AT0000667,,tele_agent,TA011,2026-04-01 13:36:40,2026-04-26,72300.0,72300.0,self,True
PTP000035,AC000547,call,AT0000671,,tele_agent,TA003,2026-04-01 17:13:41,2026-04-02,68400.0,68400.0,self,True
PTP000036,AC000549,call,AT0000673,,tele_agent,TA007,2026-04-01 16:41:28,2026-04-25,12900.0,23700.0,self,True
PTP000037,AC000732,call,AT0000683,,tele_agent,TA013,2026-04-01 13:02:59,2026-04-04,6600.0,6600.0,self,False
PTP000038,AC000779,call,AT0000690,,tele_agent,TA014,2026-04-01 17:12:10,2026-04-08,39600.0,39600.0,self,True
PTP000039,AC000914,call,AT0000701,,tele_agent,TA001,2026-04-01 13:31:22,2026-04-03,35400.0,35400.0,self,True
PTP000040,AC000991,call,AT0000708,,tele_agent,TA015,2026-04-01 16:33:40,2026-04-26,30000.0,30000.0,self,False
PTP000041,AC001369,call,AT0000741,,tele_agent,TA016,2026-04-01 14:17:44,2026-04-02,13650.0,13650.0,self,True
PTP000042,AC000701,field_visit,,VS000024,field,FA002,2026-04-01 14:30:12,2026-04-06,9700.0,30100.0,self,False
PTP000043,AC002387,field_visit,,VS000031,field,FA004,2026-04-01 12:53:22,2026-04-04,4400.0,11200.0,self,True
PTP000044,AC000871,field_visit,,VS000034,field,FA005,2026-04-01 10:25:33,2026-04-02,11700.0,11700.0,self,False
PTP000045,AC002207,field_visit,,VS000035,field,FA005,2026-04-01 10:57:26,2026-04-08,147000.0,147000.0,self,True
PTP000046,AC001780,field_visit,,VS000046,field,FA006,2026-04-01 11:21:52,2026-04-26,110000.0,110000.0,self,False
PTP000047,AC000838,field_visit,,VS000050,field,FA007,2026-04-01 10:58:30,2026-04-08,36800.0,54000.0,self,True
PTP000048,AC001466,field_visit,,VS000051,field,FA007,2026-04-01 11:21:14,2026-04-26,164900.0,387600.0,self,False
PTP000049,AC000016,field_visit,,VS000053,field,FA007,2026-04-01 12:47:16,2026-04-06,25300.0,25300.0,self,False
PTP000050,AC001923,field_visit,,VS000055,field,FA007,2026-04-01 13:38:18,2026-04-26,32800.0,32800.0,self,False
PTP000051,AC000808,field_visit,,VS000060,field,FA009,2026-04-01 09:54:31,2026-04-05,115500.0,188400.0,family_member,False
PTP000052,AC000707,field_visit,,VS000063,field,FA009,2026-04-01 11:27:48,2026-04-26,260050.0,260050.0,self,True
PTP000053,AC000577,field_visit,,VS000066,field,FA009,2026-04-01 12:34:04,2026-04-08,109550.0,109550.0,self,True
PTP000054,AC001046,field_visit,,VS000070,field,FA008,2026-04-01 12:09:34,2026-04-03,10700.0,25200.0,self,False
PTP000055,AC000080,call,AT0000848,,voice_bot,BOT01,2026-04-02 11:19:50,2026-04-04,14400.0,14400.0,self,True
PTP000056,AC000175,call,AT0000872,,voice_bot,BOT01,2026-04-02 08:20:36,2026-04-06,22200.0,31750.0,self,True
PTP000057,AC000206,call,AT0000880,,voice_bot,BOT01,2026-04-02 09:44:29,2026-04-04,4400.0,8150.0,self,True
PTP000058,AC000529,call,AT0000981,,voice_bot,BOT01,2026-04-02 09:11:22,2026-04-09,900.0,3000.0,self,True
PTP000059,AC000630,call,AT0001010,,voice_bot,BOT01,2026-04-02 11:55:26,2026-04-04,14100.0,14100.0,self,True
PTP000060,AC000660,call,AT0001017,,voice_bot,BOT01,2026-04-02 08:19:53,2026-04-06,16200.0,16200.0,self,True
PTP000061,AC001058,call,AT0001136,,voice_bot,BOT01,2026-04-02 12:26:39,2026-04-09,3100.0,5400.0,self,True
PTP000062,AC001104,call,AT0001153,,voice_bot,BOT01,2026-04-02 12:45:56,2026-04-11,6400.0,10000.0,self,True
PTP000063,AC001107,call,AT0001155,,voice_bot,BOT01,2026-04-02 12:26:20,2026-04-09,600.0,1050.0,self,True
PTP000064,AC001137,call,AT0001165,,voice_bot,BOT01,2026-04-02 10:52:25,2026-04-04,3300.0,8200.0,self,True
PTP000065,AC001195,call,AT0001183,,voice_bot,BOT01,2026-04-02 09:11:21,2026-04-10,2100.0,3900.0,self,True
PTP000066,AC001540,call,AT0001294,,voice_bot,BOT01,2026-04-02 12:19:59,2026-04-09,3750.0,3750.0,self,True
PTP000067,AC001701,call,AT0001350,,voice_bot,BOT01,2026-04-02 09:36:56,2026-04-04,4200.0,7950.0,self,False
PTP000068,AC002009,call,AT0001438,,voice_bot,BOT01,2026-04-02 09:55:37,2026-04-09,1600.0,1600.0,self,True
PTP000069,AC002063,call,AT0001455,,voice_bot,BOT01,2026-04-02 08:11:15,2026-04-05,2350.0,2350.0,self,True
PTP000070,AC002087,call,AT0001459,,voice_bot,BOT01,2026-04-02 08:36:55,2026-04-07,4100.0,4100.0,self,True
PTP000071,AC002124,call,AT0001467,,voice_bot,BOT01,2026-04-02 12:41:41,2026-04-03,3250.0,3250.0,self,False
PTP000072,AC000036,call,AT0000833,,tele_agent,TA013,2026-04-02 11:03:49,2026-04-03,13000.0,13000.0,self,True
PTP000073,AC000058,call,AT0000842,,tele_agent,TA004,2026-04-02 09:15:15,2026-04-27,19800.0,19800.0,self,False
PTP000074,AC000161,call,AT0000868,,tele_agent,TA004,2026-04-02 10:44:50,2026-04-08,2800.0,9000.0,self,True
PTP000075,AC000291,call,AT0000904,,tele_agent,TA012,2026-04-02 12:25:23,2026-04-09,14850.0,14850.0,self,True
PTP000076,AC000306,call,AT0000909,,tele_agent,TA003,2026-04-02 08:14:12,2026-04-04,7300.0,7300.0,self,True
PTP000077,AC000347,call,AT0000920,,tele_agent,TA007,2026-04-02 09:14:29,2026-04-09,13950.0,13950.0,self,True
PTP000078,AC000414,call,AT0000942,,tele_agent,TA012,2026-04-02 08:59:59,2026-04-27,18900.0,18900.0,self,True
PTP000079,AC000578,call,AT0000994,,tele_agent,TA005,2026-04-02 11:41:59,2026-04-09,7200.0,7200.0,self,True
PTP000080,AC000600,call,AT0001001,,tele_agent,TA009,2026-04-02 12:17:34,2026-04-11,7600.0,7600.0,self,True
PTP000081,AC000628,call,AT0001008,,tele_agent,TA010,2026-04-02 08:18:34,2026-04-27,73350.0,73350.0,self,False
PTP000082,AC000632,call,AT0001011,,tele_agent,TA001,2026-04-02 11:34:22,2026-04-11,34350.0,34350.0,self,True
PTP000083,AC000651,call,AT0001014,,tele_agent,TA014,2026-04-02 11:35:02,2026-04-27,43900.0,43900.0,self,True
PTP000084,AC000711,call,AT0001031,,tele_agent,TA013,2026-04-02 11:40:19,2026-04-06,36000.0,36000.0,third_party,True
PTP000085,AC000739,call,AT0001042,,tele_agent,TA014,2026-04-02 09:45:20,2026-04-09,14900.0,23250.0,self,True
PTP000086,AC000847,call,AT0001072,,tele_agent,TA003,2026-04-02 09:17:45,2026-04-05,3500.0,3500.0,self,True
PTP000087,AC000925,call,AT0001099,,tele_agent,TA007,2026-04-02 12:10:21,2026-04-27,8700.0,17400.0,self,False
PTP000088,AC001034,call,AT0001127,,tele_agent,TA005,2026-04-02 09:36:39,2026-04-03,5400.0,5400.0,self,True
PTP000089,AC001040,call,AT0001130,,tele_agent,TA012,2026-04-02 09:59:32,2026-04-07,79500.0,79500.0,self,True
PTP000090,AC001088,call,AT0001148,,tele_agent,TA015,2026-04-02 08:51:10,2026-04-03,19500.0,19500.0,self,True
PTP000091,AC001159,call,AT0001172,,tele_agent,TA006,2026-04-02 10:57:29,2026-04-10,19050.0,19050.0,self,True
PTP000092,AC001207,call,AT0001188,,tele_agent,TA008,2026-04-02 09:57:13,2026-04-03,2200.0,6700.0,self,True
PTP000093,AC001310,call,AT0001220,,tele_agent,TA018,2026-04-02 11:36:05,2026-04-09,11900.0,11900.0,self,False
PTP000094,AC001322,call,AT0001227,,tele_agent,TA019,2026-04-02 12:08:19,2026-04-07,97500.0,97500.0,self,True
PTP000095,AC001471,call,AT0001272,,tele_agent,TA001,2026-04-02 10:00:52,2026-04-15,22200.0,22200.0,self,False
PTP000096,AC001482,call,AT0001276,,tele_agent,TA001,2026-04-02 12:18:23,2026-04-10,9400.0,9400.0,self,True
PTP000097,AC001510,call,AT0001286,,tele_agent,TA002,2026-04-02 09:38:49,2026-04-27,34000.0,34000.0,self,True
PTP000098,AC001549,call,AT0001298,,tele_agent,TA020,2026-04-02 10:19:04,2026-04-04,3900.0,3900.0,self,True
PTP000099,AC001552,call,AT0001300,,tele_agent,TA015,2026-04-02 09:28:10,2026-04-07,19300.0,19300.0,self,True
PTP000100,AC001588,call,AT0001312,,tele_agent,TA015,2026-04-02 08:39:25,2026-04-10,5700.0,5700.0,self,True
PTP000101,AC001684,call,AT0001343,,tele_agent,TA005,2026-04-02 09:56:04,2026-04-27,46950.0,46950.0,self,True
PTP000102,AC001896,call,AT0001404,,tele_agent,TA004,2026-04-02 10:47:19,2026-04-06,3800.0,7600.0,self,True
PTP000103,AC001936,call,AT0001412,,tele_agent,TA010,2026-04-02 12:27:33,2026-04-04,5000.0,7700.0,self,False
PTP000104,AC001972,call,AT0001425,,tele_agent,TA007,2026-04-02 08:30:50,2026-04-03,27400.0,27400.0,self,True
PTP000105,AC002012,call,AT0001440,,tele_agent,TA019,2026-04-02 08:24:50,2026-04-03,7650.0,7650.0,self,False
PTP000106,AC002045,call,AT0001449,,tele_agent,TA003,2026-04-02 12:42:29,2026-04-27,12050.0,12050.0,self,True
PTP000107,AC002222,call,AT0001491,,tele_agent,TA006,2026-04-02 12:46:40,2026-04-08,85650.0,85650.0,self,True
PTP000108,AC002260,call,AT0001503,,tele_agent,TA009,2026-04-02 12:57:22,2026-04-03,6150.0,6150.0,self,True
PTP000109,AC000039,call,AT0001543,,voice_bot,BOT01,2026-04-02 14:17:26,2026-04-04,7200.0,7200.0,self,True
PTP000110,AC000669,call,AT0001596,,voice_bot,BOT01,2026-04-02 15:58:42,2026-04-04,900.0,2500.0,self,True
PTP000111,AC000356,call,AT0001561,,tele_agent,TA003,2026-04-02 17:23:21,2026-04-09,30300.0,30300.0,self,True
PTP000112,AC000404,call,AT0001569,,tele_agent,TA019,2026-04-02 17:26:19,2026-04-03,9150.0,9150.0,self,False
PTP000113,AC000504,call,AT0001581,,tele_agent,TA001,2026-04-02 14:13:04,2026-04-04,43050.0,43050.0,self,True
PTP000114,AC000618,call,AT0001591,,tele_agent,TA016,2026-04-02 15:55:56,2026-04-09,21150.0,21150.0,self,False
PTP000115,AC000745,call,AT0001606,,tele_agent,TA006,2026-04-02 17:26:18,2026-04-27,64800.0,64800.0,self,False
PTP000116,AC001180,call,AT0001641,,tele_agent,TA011,2026-04-02 16:07:51,2026-04-10,9900.0,9900.0,self,True
PTP000117,AC001255,call,AT0001647,,tele_agent,TA017,2026-04-02 15:38:28,2026-04-09,19100.0,19100.0,self,False
PTP000118,AC001297,call,AT0001652,,tele_agent,TA013,2026-04-02 18:25:18,2026-04-10,7000.0,7000.0,self,True
PTP000119,AC001368,call,AT0001660,,tele_agent,TA017,2026-04-02 15:52:39,2026-04-03,28050.0,28050.0,self,True
PTP000120,AC001564,call,AT0001675,,tele_agent,TA020,2026-04-02 14:54:22,2026-04-09,6750.0,6750.0,self,True
PTP000121,AC001841,call,AT0001701,,tele_agent,TA012,2026-04-02 16:15:37,2026-04-03,8400.0,8400.0,self,False
PTP000122,AC001890,call,AT0001704,,tele_agent,TA014,2026-04-02 17:15:22,2026-04-10,11100.0,11100.0,self,True
PTP000123,AC002398,call,AT0001742,,tele_agent,TA002,2026-04-02 17:36:45,2026-04-09,10950.0,10950.0,self,True
PTP000124,AC000857,field_visit,,VS000090,field,FA003,2026-04-02 13:44:17,2026-04-12,14000.0,14000.0,self,False
PTP000125,AC000730,field_visit,,VS000105,field,FA005,2026-04-02 10:49:33,2026-04-09,282400.0,282400.0,self,False
PTP000126,AC000336,field_visit,,VS000113,field,FA004,2026-04-02 10:33:19,2026-04-07,460200.0,460200.0,self,False
PTP000127,AC000478,field_visit,,VS000118,field,FA004,2026-04-02 12:57:54,2026-04-03,9100.0,9100.0,self,False
PTP000128,AC000497,field_visit,,VS000120,field,FA009,2026-04-02 10:38:56,2026-04-09,214200.0,214200.0,self,False
PTP000129,AC000064,field_visit,,VS000122,field,FA009,2026-04-02 11:30:48,2026-04-04,21350.0,21350.0,self,True
PTP000130,AC001387,field_visit,,VS000129,field,FA008,2026-04-02 11:14:49,2026-04-03,17400.0,17400.0,self,False
PTP000131,AC000563,field_visit,,VS000134,field,FA008,2026-04-02 12:59:12,2026-04-11,14750.0,14750.0,self,False
PTP000132,AC000459,call,AT0001869,,voice_bot,BOT01,2026-04-03 10:56:29,2026-04-06,13250.0,13250.0,self,True
PTP000133,AC000476,call,AT0001875,,voice_bot,BOT01,2026-04-03 08:40:02,2026-04-28,3450.0,3450.0,self,True
PTP000134,AC000494,call,AT0001877,,voice_bot,BOT01,2026-04-03 08:57:54,2026-04-11,3700.0,5700.0,self,True
PTP000135,AC000811,call,AT0001970,,voice_bot,BOT01,2026-04-03 11:35:19,2026-04-28,4650.0,4650.0,self,True
PTP000136,AC000883,call,AT0001995,,voice_bot,BOT01,2026-04-03 12:56:05,2026-04-28,5700.0,10000.0,self,True
PTP000137,AC000913,call,AT0002007,,voice_bot,BOT01,2026-04-03 12:16:19,2026-04-06,850.0,850.0,family_member,True
PTP000138,AC001787,call,AT0002225,,voice_bot,BOT01,2026-04-03 12:06:40,2026-04-28,900.0,2900.0,self,True
PTP000139,AC001888,call,AT0002247,,voice_bot,BOT01,2026-04-03 08:59:12,2026-04-04,9900.0,9900.0,self,True
PTP000140,AC001976,call,AT0002279,,voice_bot,BOT01,2026-04-03 12:11:22,2026-04-11,3050.0,3050.0,self,True
PTP000141,AC002038,call,AT0002299,,voice_bot,BOT01,2026-04-03 10:25:28,2026-04-09,16850.0,16850.0,self,False
PTP000142,AC002217,call,AT0002354,,voice_bot,BOT01,2026-04-03 09:07:11,2026-04-11,2050.0,2050.0,self,True
PTP000143,AC002307,call,AT0002385,,voice_bot,BOT01,2026-04-03 11:12:52,2026-04-04,9900.0,9900.0,self,True
PTP000144,AC002360,call,AT0002404,,voice_bot,BOT01,2026-04-03 08:18:44,2026-04-10,2600.0,4100.0,self,True
PTP000145,AC000047,call,AT0001756,,tele_agent,TA010,2026-04-03 09:18:29,2026-04-06,6200.0,6200.0,self,True
PTP000146,AC000050,call,AT0001757,,tele_agent,TA002,2026-04-03 09:28:01,2026-04-06,30900.0,30900.0,self,False
PTP000147,AC000248,call,AT0001808,,tele_agent,TA020,2026-04-03 08:07:30,2026-04-04,4600.0,12100.0,self,True
PTP000148,AC000271,call,AT0001818,,tele_agent,TA001,2026-04-03 08:53:23,2026-04-28,38750.0,38750.0,self,True
PTP000149,AC000332,call,AT0001832,,tele_agent,TA020,2026-04-03 11:04:59,2026-04-07,9200.0,9200.0,self,True
PTP000150,AC000361,call,AT0001840,,tele_agent,TA011,2026-04-03 12:56:36,2026-04-11,65400.0,99000.0,self,True
PTP000151,AC000423,call,AT0001859,,tele_agent,TA009,2026-04-03 10:49:54,2026-04-05,26800.0,53850.0,self,True
PTP000152,AC000460,call,AT0001870,,tele_agent,TA004,2026-04-03 11:01:26,2026-04-12,24000.0,24000.0,self,False
PTP000153,AC000665,call,AT0001925,,tele_agent,TA007,2026-04-03 12:43:19,2026-04-11,12800.0,39500.0,self,False
PTP000154,AC000790,call,AT0001964,,tele_agent,TA020,2026-04-03 09:17:30,2026-04-06,3150.0,3150.0,self,True
PTP000155,AC000829,call,AT0001975,,tele_agent,TA011,2026-04-03 10:56:07,2026-04-28,5900.0,5900.0,self,False
PTP000156,AC000869,call,AT0001989,,tele_agent,TA019,2026-04-03 08:37:01,2026-04-11,1300.0,3900.0,self,True
PTP000157,AC001049,call,AT0002044,,tele_agent,TA018,2026-04-03 12:14:15,2026-04-28,39500.0,39500.0,self,True
PTP000158,AC001062,call,AT0002046,,tele_agent,TA016,2026-04-03 08:07:49,2026-04-04,6150.0,6150.0,self,False
PTP000159,AC001152,call,AT0002067,,tele_agent,TA019,2026-04-03 12:28:28,2026-04-04,25050.0,25050.0,self,False
PTP000160,AC001156,call,AT0002070,,tele_agent,TA003,2026-04-03 12:21:27,2026-04-28,11950.0,11950.0,self,True
PTP000161,AC001250,call,AT0002094,,tele_agent,TA012,2026-04-03 12:38:01,2026-04-06,59800.0,59800.0,self,False
PTP000162,AC001559,call,AT0002174,,tele_agent,TA014,2026-04-03 09:56:11,2026-04-04,800.0,800.0,self,False
PTP000163,AC001681,call,AT0002203,,tele_agent,TA017,2026-04-03 10:36:59,2026-04-28,19200.0,19200.0,self,True
PTP000164,AC001718,call,AT0002212,,tele_agent,TA003,2026-04-03 10:30:15,2026-04-28,13000.0,13000.0,self,False
PTP000165,AC001785,call,AT0002224,,tele_agent,TA020,2026-04-03 11:34:13,2026-04-09,14000.0,14000.0,self,True
PTP000166,AC001828,call,AT0002234,,tele_agent,TA012,2026-04-03 11:47:35,2026-04-06,32400.0,32400.0,self,True
PTP000167,AC001894,call,AT0002251,,tele_agent,TA010,2026-04-03 08:48:53,2026-04-04,21000.0,21000.0,self,True
PTP000168,AC002080,call,AT0002310,,tele_agent,TA010,2026-04-03 10:02:29,2026-04-04,32100.0,32100.0,self,True
PTP000169,AC002120,call,AT0002320,,tele_agent,TA002,2026-04-03 09:01:10,2026-04-07,4200.0,4200.0,self,True
PTP000170,AC002193,call,AT0002348,,tele_agent,TA010,2026-04-03 08:39:34,2026-04-12,2000.0,2850.0,self,False
PTP000171,AC002232,call,AT0002359,,tele_agent,TA020,2026-04-03 11:27:17,2026-04-10,9900.0,9900.0,self,True
PTP000172,AC002342,call,AT0002398,,tele_agent,TA015,2026-04-03 12:55:50,2026-04-11,31100.0,50400.0,self,True
PTP000173,AC002357,call,AT0002403,,tele_agent,TA010,2026-04-03 08:56:50,2026-04-07,9200.0,16300.0,self,True
PTP000174,AC001291,call,AT0002511,,voice_bot,BOT01,2026-04-03 13:43:05,2026-04-10,17900.0,17900.0,self,True
PTP000175,AC000042,call,AT0002422,,tele_agent,TA010,2026-04-03 18:33:05,2026-04-09,3800.0,8700.0,self,False
PTP000176,AC000051,call,AT0002423,,tele_agent,TA016,2026-04-03 18:32:39,2026-04-15,4800.0,4800.0,self,True
PTP000177,AC000068,call,AT0002424,,tele_agent,TA015,2026-04-03 17:39:37,2026-04-06,3800.0,3800.0,self,True
PTP000178,AC000275,call,AT0002442,,tele_agent,TA011,2026-04-03 16:50:09,2026-04-11,1600.0,3900.0,self,True
PTP000179,AC001380,call,AT0002516,,tele_agent,TA004,2026-04-03 16:16:06,2026-04-05,18800.0,18800.0,self,True
PTP000180,AC001427,call,AT0002521,,tele_agent,TA009,2026-04-03 15:31:45,2026-04-09,7200.0,7200.0,self,True
PTP000181,AC001443,call,AT0002523,,tele_agent,TA008,2026-04-03 13:19:45,2026-04-05,75500.0,126000.0,self,True
PTP000182,AC002321,call,AT0002595,,tele_agent,TA004,2026-04-03 15:35:57,2026-04-11,2200.0,2200.0,self,False
PTP000183,AC000511,field_visit,,VS000150,field,FA003,2026-04-03 13:22:14,2026-04-10,4700.0,10650.0,self,False
PTP000184,AC000475,field_visit,,VS000154,field,FA001,2026-04-03 10:38:21,2026-04-10,36000.0,36000.0,self,False
PTP000185,AC000697,field_visit,,VS000155,field,FA001,2026-04-03 10:53:00,2026-04-10,12000.0,12000.0,self,False
PTP000186,AC000627,field_visit,,VS000158,field,FA001,2026-04-03 12:09:35,2026-04-06,15400.0,15400.0,family_member,True
PTP000187,AC000489,field_visit,,VS000165,field,FA002,2026-04-03 11:19:36,2026-04-10,20400.0,20400.0,self,True
PTP000188,AC001531,field_visit,,VS000179,field,FA005,2026-04-03 13:06:20,2026-04-09,34700.0,85200.0,self,False
PTP000189,AC000435,field_visit,,VS000183,field,FA006,2026-04-03 11:13:43,2026-04-28,8600.0,8600.0,self,False
PTP000190,AC000868,field_visit,,VS000215,field,FA009,2026-04-03 11:04:06,2026-04-10,12600.0,12600.0,self,False
PTP000191,AC000148,call,AT0002638,,voice_bot,BOT01,2026-04-04 10:25:56,2026-04-29,10850.0,10850.0,self,True
PTP000192,AC000244,call,AT0002660,,voice_bot,BOT01,2026-04-04 12:25:16,2026-04-29,15050.0,15050.0,self,True
PTP000193,AC000537,call,AT0002749,,voice_bot,BOT01,2026-04-04 10:40:03,2026-04-06,1800.0,1800.0,self,True
PTP000194,AC000885,call,AT0002844,,voice_bot,BOT01,2026-04-04 09:49:38,2026-04-14,11900.0,17100.0,self,True
PTP000195,AC001101,call,AT0002893,,voice_bot,BOT01,2026-04-04 12:01:46,2026-04-17,2200.0,3950.0,self,True
PTP000196,AC001108,call,AT0002895,,voice_bot,BOT01,2026-04-04 09:50:14,2026-04-11,6100.0,6100.0,self,True
PTP000197,AC001170,call,AT0002913,,voice_bot,BOT01,2026-04-04 08:14:16,2026-04-11,6550.0,6550.0,self,True
PTP000198,AC001230,call,AT0002923,,voice_bot,BOT01,2026-04-04 09:21:07,2026-04-27,3100.0,3100.0,self,True
PTP000199,AC001856,call,AT0003110,,voice_bot,BOT01,2026-04-04 10:24:02,2026-04-05,2500.0,2500.0,self,True
PTP000200,AC002039,call,AT0003157,,voice_bot,BOT01,2026-04-04 11:34:27,2026-04-12,2400.0,2400.0,self,True
PTP000201,AC002332,call,AT0003260,,voice_bot,BOT01,2026-04-04 11:44:03,2026-04-11,7750.0,7750.0,third_party,True
PTP000202,AC000003,call,AT0002607,,tele_agent,TA005,2026-04-04 08:25:24,2026-04-06,67650.0,67650.0,self,False
PTP000203,AC000027,call,AT0002612,,tele_agent,TA009,2026-04-04 09:26:32,2026-04-11,12000.0,12000.0,self,False
PTP000204,AC000059,call,AT0002619,,tele_agent,TA015,2026-04-04 08:14:03,2026-04-05,5000.0,10300.0,self,True
PTP000205,AC000173,call,AT0002646,,tele_agent,TA017,2026-04-04 12:36:55,2026-04-05,87400.0,223800.0,self,False
PTP000206,AC000188,call,AT0002651,,tele_agent,TA005,2026-04-04 08:16:02,2026-04-11,12000.0,12000.0,self,False
PTP000207,AC000247,call,AT0002661,,tele_agent,TA013,2026-04-04 11:13:08,2026-04-08,1100.0,1600.0,self,False
PTP000208,AC000260,call,AT0002666,,tele_agent,TA007,2026-04-04 11:55:50,2026-04-06,1100.0,3500.0,self,True
PTP000209,AC000261,call,AT0002667,,tele_agent,TA012,2026-04-04 10:01:14,2026-04-10,84600.0,84600.0,self,False
PTP000210,AC000309,call,AT0002682,,tele_agent,TA002,2026-04-04 09:02:08,2026-04-11,8100.0,8100.0,self,False
PTP000211,AC000390,call,AT0002712,,tele_agent,TA008,2026-04-04 11:26:23,2026-04-29,27300.0,27300.0,self,True
PTP000212,AC000518,call,AT0002741,,tele_agent,TA005,2026-04-04 08:41:17,2026-04-07,13700.0,33750.0,self,True
PTP000213,AC000655,call,AT0002776,,tele_agent,TA010,2026-04-04 09:39:45,2026-04-10,6900.0,6900.0,third_party,True
PTP000214,AC000671,call,AT0002779,,tele_agent,TA007,2026-04-04 09:04:14,2026-04-06,73200.0,73200.0,self,True
PTP000215,AC000719,call,AT0002794,,tele_agent,TA019,2026-04-04 09:53:48,2026-04-29,7400.0,7400.0,self,True
PTP000216,AC000775,call,AT0002812,,tele_agent,TA020,2026-04-04 11:03:18,2026-04-06,25400.0,25400.0,self,True
PTP000217,AC000824,call,AT0002828,,tele_agent,TA003,2026-04-04 09:51:31,2026-04-06,6400.0,6400.0,self,True
PTP000218,AC000984,call,AT0002871,,tele_agent,TA004,2026-04-04 09:36:36,2026-04-05,4800.0,9150.0,self,True
PTP000219,AC001039,call,AT0002882,,tele_agent,TA020,2026-04-04 13:06:54,2026-04-11,8100.0,8100.0,self,True
PTP000220,AC001373,call,AT0002958,,tele_agent,TA009,2026-04-04 09:40:41,2026-04-11,4800.0,11400.0,self,True
PTP000221,AC001390,call,AT0002964,,tele_agent,TA002,2026-04-04 08:50:56,2026-04-05,8900.0,8900.0,self,False
PTP000222,AC001492,call,AT0003000,,tele_agent,TA016,2026-04-04 08:29:19,2026-04-06,7900.0,7900.0,self,False
PTP000223,AC001561,call,AT0003020,,tele_agent,TA020,2026-04-04 13:00:33,2026-04-11,1600.0,4350.0,self,True
PTP000224,AC001614,call,AT0003040,,tele_agent,TA006,2026-04-04 12:01:43,2026-04-05,27300.0,27300.0,self,True
PTP000225,AC001632,call,AT0003050,,tele_agent,TA017,2026-04-04 08:23:45,2026-04-06,15900.0,29000.0,self,False
PTP000226,AC001781,call,AT0003090,,tele_agent,TA006,2026-04-04 08:16:41,2026-04-08,15600.0,15600.0,self,True
PTP000227,AC001837,call,AT0003104,,tele_agent,TA002,2026-04-04 12:06:30,2026-04-12,109650.0,109650.0,self,True
PTP000228,AC001912,call,AT0003126,,tele_agent,TA003,2026-04-04 11:45:38,2026-04-11,117000.0,117000.0,self,True
PTP000229,AC001958,call,AT0003137,,tele_agent,TA016,2026-04-04 11:58:49,2026-04-29,26950.0,26950.0,self,True
PTP000230,AC002100,call,AT0003176,,tele_agent,TA009,2026-04-04 10:13:10,2026-04-10,12600.0,12600.0,self,True
PTP000231,AC002139,call,AT0003188,,tele_agent,TA016,2026-04-04 12:23:34,2026-04-29,35600.0,35600.0,self,True
PTP000232,AC002205,call,AT0003215,,tele_agent,TA007,2026-04-04 08:40:55,2026-04-05,8050.0,8050.0,self,True
PTP000233,AC002241,call,AT0003226,,tele_agent,TA011,2026-04-04 11:51:47,2026-04-25,4300.0,4300.0,self,True
PTP000234,AC002358,call,AT0003268,,tele_agent,TA020,2026-04-04 08:46:00,2026-04-11,4500.0,4500.0,self,True
PTP000235,AC001100,call,AT0003356,,voice_bot,BOT01,2026-04-04 13:42:05,2026-04-13,11000.0,11000.0,self,True
PTP000236,AC000234,call,AT0003298,,tele_agent,TA019,2026-04-04 19:00:34,2026-04-06,2200.0,4050.0,self,False
PTP000237,AC001125,call,AT0003361,,tele_agent,TA009,2026-04-04 15:29:27,2026-04-05,11850.0,11850.0,self,True
PTP000238,AC001284,call,AT0003368,,tele_agent,TA013,2026-04-04 18:47:46,2026-04-10,34500.0,34500.0,self,True
PTP000239,AC001420,call,AT0003374,,tele_agent,TA013,2026-04-04 14:13:29,2026-04-11,17000.0,17000.0,self,False
PTP000240,AC001853,call,AT0003417,,tele_agent,TA002,2026-04-04 14:55:25,2026-04-29,22400.0,22400.0,self,True
PTP000241,AC002260,call,AT0003466,,tele_agent,TA009,2026-04-04 18:55:26,2026-04-11,2100.0,6150.0,self,False
PTP000242,AC000032,field_visit,,VS000225,field,FA002,2026-04-04 12:31:34,2026-04-12,17000.0,17000.0,self,True
PTP000243,AC001953,field_visit,,VS000246,field,FA005,2026-04-04 12:13:41,2026-04-05,9150.0,9150.0,self,True
PTP000244,AC000282,field_visit,,VS000253,field,FA006,2026-04-04 10:37:08,2026-04-07,76400.0,159000.0,self,False
PTP000245,AC000140,field_visit,,VS000259,field,FA006,2026-04-04 13:13:41,2026-04-06,266800.0,266800.0,self,False
PTP000246,AC001283,field_visit,,VS000262,field,FA004,2026-04-04 10:30:00,2026-04-29,9300.0,9300.0,self,True
PTP000247,AC000179,field_visit,,VS000266,field,FA004,2026-04-04 12:21:49,2026-04-11,10350.0,10350.0,self,False
PTP000248,AC001445,field_visit,,VS000285,field,FA009,2026-04-04 13:37:19,2026-04-11,50550.0,50550.0,self,False
PTP000249,AC000010,call,AT0003477,,voice_bot,BOT01,2026-04-05 09:26:59,2026-04-12,9150.0,9150.0,self,True
PTP000250,AC000052,call,AT0003482,,voice_bot,BOT01,2026-04-05 10:02:11,2026-04-06,3650.0,3650.0,self,True
PTP000251,AC000127,call,AT0003493,,voice_bot,BOT01,2026-04-05 12:33:59,2026-04-11,4700.0,4700.0,self,True
PTP000252,AC000724,call,AT0003554,,voice_bot,BOT01,2026-04-05 12:26:29,2026-04-08,8800.0,8800.0,self,True
PTP000253,AC000875,call,AT0003568,,voice_bot,BOT01,2026-04-05 10:36:50,2026-04-12,11600.0,11600.0,self,True
PTP000254,AC001710,call,AT0003640,,voice_bot,BOT01,2026-04-05 11:03:06,2026-04-13,23900.0,23900.0,self,True
PTP000255,AC000017,call,AT0003478,,tele_agent,TA010,2026-04-05 10:54:59,2026-04-11,14200.0,14200.0,self,True
PTP000256,AC000349,call,AT0003522,,tele_agent,TA014,2026-04-05 10:56:29,2026-04-30,3600.0,8850.0,self,True
PTP000257,AC000362,call,AT0003523,,tele_agent,TA014,2026-04-05 12:53:46,2026-04-06,4700.0,12000.0,self,True
PTP000258,AC000690,call,AT0003551,,tele_agent,TA008,2026-04-05 12:34:27,2026-04-06,2500.0,3900.0,self,True
PTP000259,AC000827,call,AT0003562,,tele_agent,TA013,2026-04-05 08:48:24,2026-04-18,8200.0,8200.0,self,True
PTP000260,AC000937,call,AT0003573,,tele_agent,TA003,2026-04-05 09:44:09,2026-04-06,13950.0,13950.0,self,False
PTP000261,AC001028,call,AT0003584,,tele_agent,TA018,2026-04-05 10:30:24,2026-04-30,12800.0,12800.0,self,True
PTP000262,AC001131,call,AT0003590,,tele_agent,TA012,2026-04-05 09:55:15,2026-04-30,19400.0,34250.0,self,False
PTP000263,AC001610,call,AT0003626,,tele_agent,TA007,2026-04-05 12:39:46,2026-04-30,7800.0,19000.0,self,True
PTP000264,AC001759,call,AT0003651,,tele_agent,TA011,2026-04-05 09:01:34,2026-04-13,1000.0,3150.0,self,True
PTP000265,AC001946,call,AT0003664,,tele_agent,TA006,2026-04-05 08:33:27,2026-04-30,9100.0,9100.0,self,True
PTP000266,AC000107,call,AT0003713,,tele_agent,TA018,2026-04-05 14:57:57,2026-04-12,4350.0,4350.0,self,True
PTP000267,AC000831,call,AT0003738,,tele_agent,TA017,2026-04-05 19:00:41,2026-04-12,28950.0,28950.0,family_member,False
PTP000268,AC000876,call,AT0003742,,tele_agent,TA011,2026-04-05 15:49:48,2026-04-12,3100.0,9900.0,self,True
PTP000269,AC001222,call,AT0003749,,tele_agent,TA013,2026-04-05 17:22:01,2026-04-12,9400.0,9400.0,self,True
PTP000270,AC001281,call,AT0003750,,tele_agent,TA017,2026-04-05 17:50:47,2026-04-12,4550.0,4550.0,self,True
PTP000271,AC001734,call,AT0003763,,tele_agent,TA018,2026-04-05 16:41:37,2026-04-07,1700.0,1700.0,self,True
PTP000272,AC000049,call,AT0003803,,voice_bot,BOT01,2026-04-06 09:04:59,2026-05-01,9600.0,9600.0,self,True
PTP000273,AC000172,call,AT0003836,,voice_bot,BOT01,2026-04-06 11:43:09,2026-04-30,500.0,750.0,self,True
PTP000274,AC000242,call,AT0003848,,voice_bot,BOT01,2026-04-06 11:04:56,2026-04-16,3900.0,3900.0,self,True
PTP000275,AC000450,call,AT0003901,,voice_bot,BOT01,2026-04-06 12:33:32,2026-04-12,3650.0,3650.0,self,True
PTP000276,AC000510,call,AT0003912,,voice_bot,BOT01,2026-04-06 10:35:55,2026-04-30,1100.0,2550.0,self,True
PTP000277,AC000681,call,AT0003956,,voice_bot,BOT01,2026-04-06 11:40:34,2026-04-14,3900.0,3900.0,self,False
PTP000278,AC000772,call,AT0003979,,voice_bot,BOT01,2026-04-06 09:20:43,2026-04-15,1500.0,2150.0,self,True
PTP000279,AC000932,call,AT0004026,,voice_bot,BOT01,2026-04-06 11:16:43,2026-04-14,3700.0,3700.0,self,True
PTP000280,AC001241,call,AT0004113,,voice_bot,BOT01,2026-04-06 11:44:44,2026-04-13,600.0,2100.0,self,True
PTP000281,AC001324,call,AT0004135,,voice_bot,BOT01,2026-04-06 11:08:01,2026-04-07,350.0,350.0,self,True
PTP000282,AC001978,call,AT0004298,,voice_bot,BOT01,2026-04-06 08:46:54,2026-04-07,500.0,700.0,self,True
PTP000283,AC002037,call,AT0004311,,voice_bot,BOT01,2026-04-06 08:57:38,2026-04-07,1000.0,1000.0,self,True
PTP000284,AC000180,call,AT0003837,,tele_agent,TA012,2026-04-06 09:02:46,2026-04-16,3500.0,8550.0,self,False
PTP000285,AC000323,call,AT0003866,,tele_agent,TA004,2026-04-06 12:01:29,2026-04-11,11250.0,11250.0,self,True
PTP000286,AC000352,call,AT0003876,,tele_agent,TA010,2026-04-06 10:59:24,2026-04-13,3900.0,10250.0,self,False
PTP000287,AC000415,call,AT0003890,,tele_agent,TA007,2026-04-06 12:21:26,2026-04-07,12750.0,12750.0,self,False
PTP000288,AC000532,call,AT0003917,,tele_agent,TA009,2026-04-06 12:50:37,2026-04-30,58600.0,58600.0,self,True
PTP000289,AC000621,call,AT0003940,,tele_agent,TA012,2026-04-06 08:52:35,2026-04-09,15000.0,15000.0,self,True
PTP000290,AC000782,call,AT0003983,,tele_agent,TA006,2026-04-06 08:17:41,2026-04-13,5300.0,8500.0,self,True
PTP000291,AC000847,call,AT0003998,,tele_agent,TA003,2026-04-06 12:14:53,2026-04-10,1200.0,3500.0,self,True
PTP000292,AC000850,call,AT0003999,,tele_agent,TA008,2026-04-06 12:30:00,2026-04-13,19800.0,19800.0,self,False
PTP000293,AC000914,call,AT0004017,,tele_agent,TA001,2026-04-06 10:45:34,2026-05-01,19400.0,35400.0,self,False
PTP000294,AC000946,call,AT0004030,,tele_agent,TA020,2026-04-06 08:49:43,2026-04-09,14600.0,14600.0,self,True
PTP000295,AC001061,call,AT0004060,,tele_agent,TA011,2026-04-06 12:04:55,2026-04-07,13300.0,13300.0,self,False
PTP000296,AC001125,call,AT0004080,,tele_agent,TA009,2026-04-06 10:08:21,2026-04-12,5500.0,11850.0,self,True
PTP000297,AC001133,call,AT0004082,,tele_agent,TA003,2026-04-06 11:02:05,2026-04-12,8900.0,8900.0,self,False
PTP000298,AC001261,call,AT0004116,,tele_agent,TA004,2026-04-06 11:22:14,2026-04-07,19200.0,19200.0,self,True
PTP000299,AC001286,call,AT0004122,,tele_agent,TA014,2026-04-06 10:18:10,2026-04-07,2800.0,2800.0,self,True
PTP000300,AC001333,call,AT0004138,,tele_agent,TA011,2026-04-06 08:30:49,2026-04-13,10500.0,10500.0,self,False
PTP000301,AC001410,call,AT0004157,,tele_agent,TA019,2026-04-06 09:17:01,2026-04-07,28750.0,28750.0,self,True
PTP000302,AC001652,call,AT0004221,,tele_agent,TA011,2026-04-06 12:15:10,2026-05-01,52950.0,52950.0,self,True
PTP000303,AC001719,call,AT0004235,,tele_agent,TA001,2026-04-06 10:46:19,2026-05-01,7300.0,12900.0,self,False
PTP000304,AC001761,call,AT0004246,,tele_agent,TA014,2026-04-06 08:23:42,2026-04-30,13300.0,21600.0,self,True
PTP000305,AC001788,call,AT0004252,,tele_agent,TA017,2026-04-06 09:54:16,2026-04-11,11500.0,31100.0,self,True
PTP000306,AC001831,call,AT0004262,,tele_agent,TA016,2026-04-06 10:07:00,2026-04-15,2150.0,2150.0,self,False
PTP000307,AC001889,call,AT0004274,,tele_agent,TA009,2026-04-06 12:54:45,2026-04-07,4300.0,7200.0,self,False
PTP000308,AC002121,call,AT0004337,,tele_agent,TA013,2026-04-06 10:25:36,2026-04-11,6600.0,6600.0,self,False
PTP000309,AC002390,call,AT0004399,,tele_agent,TA012,2026-04-06 11:01:11,2026-04-12,4300.0,4300.0,self,True
PTP000310,AC001441,call,AT0004516,,voice_bot,BOT01,2026-04-06 17:17:44,2026-04-15,2100.0,2100.0,self,True
PTP000311,AC001528,call,AT0004524,,voice_bot,BOT01,2026-04-06 17:52:52,2026-04-13,2850.0,2850.0,self,True
PTP000312,AC001913,call,AT0004552,,voice_bot,BOT01,2026-04-06 18:53:57,2026-04-11,2800.0,6700.0,self,True
PTP000313,AC000041,call,AT0004409,,tele_agent,TA010,2026-04-06 13:16:52,2026-04-09,74100.0,74100.0,self,False
PTP000314,AC000249,call,AT0004424,,tele_agent,TA004,2026-04-06 15:06:37,2026-04-07,4300.0,4300.0,self,False
PTP000315,AC000306,call,AT0004426,,tele_agent,TA003,2026-04-06 16:52:48,2026-04-12,7300.0,7300.0,self,False
PTP000316,AC000531,call,AT0004442,,tele_agent,TA012,2026-04-06 13:31:27,2026-04-07,128700.0,128700.0,self,False
PTP000317,AC000552,call,AT0004445,,tele_agent,TA005,2026-04-06 17:05:14,2026-05-01,18800.0,18800.0,self,True
PTP000318,AC000777,call,AT0004462,,tele_agent,TA006,2026-04-06 17:31:19,2026-04-13,4700.0,7000.0,self,False
PTP000319,AC000975,call,AT0004474,,tele_agent,TA004,2026-04-06 14:49:39,2026-04-12,13700.0,13700.0,self,True
PTP000320,AC001143,call,AT0004487,,tele_agent,TA011,2026-04-06 17:38:12,2026-04-07,27900.0,69900.0,self,True
PTP000321,AC001213,call,AT0004491,,tele_agent,TA018,2026-04-06 16:28:36,2026-04-07,4200.0,4200.0,self,False
PTP000322,AC001595,call,AT0004529,,tele_agent,TA006,2026-04-06 15:26:11,2026-04-12,7950.0,7950.0,self,False
PTP000323,AC001967,call,AT0004558,,tele_agent,TA002,2026-04-06 14:06:22,2026-05-01,18000.0,18000.0,self,True
PTP000324,AC002243,call,AT0004576,,tele_agent,TA019,2026-04-06 17:44:08,2026-04-12,16250.0,16250.0,self,True
PTP000325,AC000469,field_visit,,VS000295,field,FA002,2026-04-06 11:27:02,2026-04-08,31050.0,31050.0,self,True
PTP000326,AC002078,field_visit,,VS000297,field,FA002,2026-04-06 12:36:54,2026-04-11,23700.0,23700.0,self,False
PTP000327,AC001184,field_visit,,VS000319,field,FA001,2026-04-06 13:07:47,2026-04-11,33000.0,33000.0,self,False
PTP000328,AC001990,field_visit,,VS000321,field,FA001,2026-04-06 14:18:32,2026-04-15,57250.0,57250.0,self,False
PTP000329,AC000551,field_visit,,VS000341,field,FA006,2026-04-06 12:51:51,2026-04-13,34800.0,78900.0,self,False
PTP000330,AC001666,field_visit,,VS000343,field,FA009,2026-04-06 10:26:53,2026-04-30,24900.0,24900.0,self,False
PTP000331,AC001799,field_visit,,VS000352,field,FA009,2026-04-06 14:02:08,2026-04-10,10200.0,10200.0,self,False
PTP000332,AC002301,field_visit,,VS000368,field,FA007,2026-04-06 13:22:22,2026-04-27,50000.0,50000.0,self,False
PTP000333,AC000193,call,AT0004630,,voice_bot,BOT01,2026-04-07 12:20:55,2026-04-30,2200.0,2200.0,self,True
PTP000334,AC000334,call,AT0004670,,voice_bot,BOT01,2026-04-07 12:56:31,2026-04-30,3450.0,3450.0,self,True
PTP000335,AC000437,call,AT0004696,,voice_bot,BOT01,2026-04-07 12:18:12,2026-04-30,25050.0,25050.0,self,True
PTP000336,AC000757,call,AT0004785,,voice_bot,BOT01,2026-04-07 09:18:07,2026-04-08,4200.0,4200.0,self,True
PTP000337,AC000954,call,AT0004834,,voice_bot,BOT01,2026-04-07 12:17:44,2026-04-10,2100.0,4550.0,self,True
PTP000338,AC001269,call,AT0004914,,voice_bot,BOT01,2026-04-07 10:47:34,2026-04-09,3500.0,3500.0,self,True
PTP000339,AC001328,call,AT0004932,,voice_bot,BOT01,2026-04-07 09:51:44,2026-04-08,5100.0,5100.0,self,True
PTP000340,AC001414,call,AT0004951,,voice_bot,BOT01,2026-04-07 09:57:21,2026-04-28,4500.0,4500.0,self,True
PTP000341,AC001547,call,AT0004989,,voice_bot,BOT01,2026-04-07 11:41:47,2026-04-09,9100.0,13350.0,self,True
PTP000342,AC001628,call,AT0005016,,voice_bot,BOT01,2026-04-07 09:16:14,2026-04-08,12000.0,12000.0,self,False
PTP000343,AC001670,call,AT0005025,,voice_bot,BOT01,2026-04-07 09:16:17,2026-04-15,8600.0,16100.0,self,True
PTP000344,AC001698,call,AT0005039,,voice_bot,BOT01,2026-04-07 08:07:48,2026-04-15,1700.0,2950.0,self,True
PTP000345,AC001884,call,AT0005094,,voice_bot,BOT01,2026-04-07 10:04:31,2026-05-02,6700.0,6700.0,self,True
PTP000346,AC001888,call,AT0005096,,voice_bot,BOT01,2026-04-07 11:05:36,2026-04-17,9900.0,9900.0,self,True
PTP000347,AC002266,call,AT0005192,,voice_bot,BOT01,2026-04-07 09:56:56,2026-04-11,900.0,900.0,self,True
PTP000348,AC002388,call,AT0005220,,voice_bot,BOT01,2026-04-07 11:06:25,2026-04-09,1500.0,3850.0,self,True
PTP000349,AC000262,call,AT0004649,,tele_agent,TA018,2026-04-07 10:36:47,2026-04-11,15050.0,15050.0,self,True
PTP000350,AC000384,call,AT0004680,,tele_agent,TA004,2026-04-07 08:40:39,2026-04-08,3800.0,8250.0,self,False
PTP000351,AC000498,call,AT0004710,,tele_agent,TA020,2026-04-07 09:15:32,2026-04-09,2000.0,3900.0,self,True
PTP000352,AC000853,call,AT0004811,,tele_agent,TA010,2026-04-07 08:59:11,2026-04-30,16400.0,16400.0,self,True
PTP000353,AC000915,call,AT0004827,,tele_agent,TA016,2026-04-07 09:40:44,2026-04-14,3600.0,3600.0,self,False
PTP000354,AC000996,call,AT0004847,,tele_agent,TA016,2026-04-07 10:24:41,2026-04-17,11400.0,11400.0,self,False
PTP000355,AC001009,call,AT0004850,,tele_agent,TA008,2026-04-07 09:35:04,2026-04-25,14150.0,14150.0,self,True
PTP000356,AC001081,call,AT0004869,,tele_agent,TA013,2026-04-07 10:11:14,2026-04-14,11850.0,11850.0,self,False
PTP000357,AC001123,call,AT0004881,,tele_agent,TA011,2026-04-07 11:44:59,2026-04-14,68000.0,68000.0,self,True
PTP000358,AC001157,call,AT0004890,,tele_agent,TA001,2026-04-07 08:10:14,2026-04-14,3350.0,3350.0,self,True
PTP000359,AC001380,call,AT0004943,,tele_agent,TA004,2026-04-07 08:37:05,2026-04-09,18800.0,18800.0,self,True
PTP000360,AC001442,call,AT0004962,,tele_agent,TA004,2026-04-07 09:34:26,2026-04-27,7750.0,7750.0,self,True
PTP000361,AC001602,call,AT0005008,,tele_agent,TA008,2026-04-07 09:46:40,2026-04-30,16800.0,16800.0,self,True
PTP000362,AC001794,call,AT0005071,,tele_agent,TA011,2026-04-07 09:35:29,2026-04-09,33600.0,33600.0,self,False
PTP000363,AC001902,call,AT0005104,,tele_agent,TA012,2026-04-07 08:29:04,2026-04-14,8600.0,18800.0,self,True
PTP000364,AC001945,call,AT0005116,,tele_agent,TA009,2026-04-07 12:43:13,2026-05-02,4700.0,9400.0,self,True
PTP000365,AC002250,call,AT0005191,,tele_agent,TA001,2026-04-07 11:17:57,2026-04-08,2000.0,2000.0,self,True
PTP000366,AC002287,call,AT0005201,,tele_agent,TA003,2026-04-07 10:08:52,2026-04-15,4400.0,8100.0,self,True
PTP000367,AC002383,call,AT0005216,,tele_agent,TA014,2026-04-07 11:15:52,2026-04-11,5700.0,5700.0,self,False
PTP000368,AC000299,call,AT0005250,,voice_bot,BOT01,2026-04-07 14:54:56,2026-04-08,2900.0,9500.0,self,True
PTP000369,AC001152,call,AT0005320,,tele_agent,TA019,2026-04-07 14:13:48,2026-04-10,25050.0,25050.0,self,True
PTP000370,AC001282,call,AT0005325,,tele_agent,TA008,2026-04-07 17:08:40,2026-04-08,17000.0,17000.0,self,False
PTP000371,AC001365,call,AT0005335,,tele_agent,TA005,2026-04-07 13:26:41,2026-04-08,10800.0,16100.0,self,True
PTP000372,AC001465,call,AT0005341,,tele_agent,TA014,2026-04-07 16:18:15,2026-04-14,35550.0,35550.0,self,False
PTP000373,AC001481,call,AT0005343,,tele_agent,TA006,2026-04-07 18:53:05,2026-04-14,19050.0,19050.0,self,True
PTP000374,AC001855,call,AT0005376,,tele_agent,TA003,2026-04-07 18:30:23,2026-04-13,14600.0,25100.0,self,True
PTP000375,AC002007,call,AT0005395,,tele_agent,TA003,2026-04-07 18:40:14,2026-05-02,9500.0,19800.0,self,True
PTP000376,AC000034,field_visit,,VS000371,field,FA003,2026-04-07 11:20:17,2026-04-09,30000.0,30000.0,self,True
PTP000377,AC000371,field_visit,,VS000374,field,FA003,2026-04-07 12:22:41,2026-04-17,8600.0,18800.0,family_member,True
PTP000378,AC001368,field_visit,,VS000383,field,FA002,2026-04-07 12:22:53,2026-04-30,28050.0,28050.0,self,True
PTP000379,AC001017,field_visit,,VS000390,field,FA001,2026-04-07 12:32:46,2026-04-14,9000.0,9000.0,self,True
PTP000380,AC001845,field_visit,,VS000393,field,FA001,2026-04-07 13:34:32,2026-04-08,8600.0,8600.0,self,False
PTP000381,AC001966,field_visit,,VS000395,field,FA006,2026-04-07 10:23:48,2026-04-10,2400.0,5250.0,self,True
PTP000382,AC000373,field_visit,,VS000403,field,FA004,2026-04-07 11:04:08,2026-04-14,127200.0,127200.0,self,False
PTP000383,AC002389,field_visit,,VS000411,field,FA005,2026-04-07 10:59:13,2026-04-09,6700.0,12900.0,self,False
PTP000384,AC000601,field_visit,,VS000422,field,FA009,2026-04-07 12:35:05,2026-04-30,4650.0,4650.0,self,False
PTP000385,AC001474,field_visit,,VS000426,field,FA008,2026-04-07 10:37:58,2026-04-16,44400.0,81500.0,self,False
PTP000386,AC002183,field_visit,,VS000434,field,FA007,2026-04-07 11:35:17,2026-04-09,27600.0,27600.0,self,False
PTP000387,AC000095,call,AT0005445,,voice_bot,BOT01,2026-04-08 10:09:45,2026-04-18,2300.0,3550.0,self,True
PTP000388,AC000298,call,AT0005501,,voice_bot,BOT01,2026-04-08 10:17:36,2026-04-15,3500.0,3500.0,self,True
PTP000389,AC000326,call,AT0005510,,voice_bot,BOT01,2026-04-08 11:04:04,2026-04-30,1600.0,1600.0,self,True
PTP000390,AC000411,call,AT0005536,,voice_bot,BOT01,2026-04-08 08:11:24,2026-04-12,1500.0,2700.0,self,True
PTP000391,AC000422,call,AT0005540,,voice_bot,BOT01,2026-04-08 08:55:47,2026-05-03,7650.0,7650.0,self,True
PTP000392,AC000533,call,AT0005563,,voice_bot,BOT01,2026-04-08 10:54:07,2026-04-11,3250.0,3250.0,self,True
PTP000393,AC000870,call,AT0005649,,voice_bot,BOT01,2026-04-08 09:56:35,2026-04-09,2700.0,2700.0,self,True
PTP000394,AC000903,call,AT0005656,,voice_bot,BOT01,2026-04-08 08:13:24,2026-05-03,2500.0,2500.0,self,True
PTP000395,AC001047,call,AT0005700,,voice_bot,BOT01,2026-04-08 08:48:12,2026-04-15,8400.0,8400.0,self,True
PTP000396,AC001214,call,AT0005749,,voice_bot,BOT01,2026-04-08 08:28:49,2026-04-13,1200.0,1200.0,self,False
PTP000397,AC001270,call,AT0005763,,voice_bot,BOT01,2026-04-08 11:09:40,2026-04-13,3950.0,3950.0,self,True
PTP000398,AC001497,call,AT0005815,,voice_bot,BOT01,2026-04-08 08:44:37,2026-05-01,13750.0,13750.0,self,True
PTP000399,AC001723,call,AT0005868,,voice_bot,BOT01,2026-04-08 09:43:26,2026-04-10,28350.0,28350.0,self,True
PTP000400,AC001735,call,AT0005871,,voice_bot,BOT01,2026-04-08 12:41:38,2026-05-03,7850.0,7850.0,self,True
PTP000401,AC001819,call,AT0005894,,voice_bot,BOT01,2026-04-08 08:20:55,2026-04-15,3400.0,3400.0,self,True
PTP000402,AC001925,call,AT0005925,,voice_bot,BOT01,2026-04-08 09:44:37,2026-04-11,8650.0,8650.0,self,True
PTP000403,AC002328,call,AT0006016,,voice_bot,BOT01,2026-04-08 08:58:07,2026-04-18,8200.0,14450.0,self,True
PTP000404,AC000004,call,AT0005429,,tele_agent,TA020,2026-04-08 09:49:37,2026-04-15,13350.0,13350.0,self,True
PTP000405,AC000087,call,AT0005443,,tele_agent,TA016,2026-04-08 12:23:02,2026-04-25,22600.0,22600.0,self,False
PTP000406,AC000357,call,AT0005518,,tele_agent,TA012,2026-04-08 10:18:04,2026-04-09,79300.0,79300.0,self,False
PTP000407,AC000590,call,AT0005577,,tele_agent,TA019,2026-04-08 12:52:32,2026-04-09,15700.0,30000.0,self,True
PTP000408,AC000722,call,AT0005611,,tele_agent,TA015,2026-04-08 10:06:56,2026-05-03,10650.0,10650.0,self,False
PTP000409,AC000759,call,AT0005620,,tele_agent,TA015,2026-04-08 09:51:50,2026-04-11,17100.0,17100.0,self,True
PTP000410,AC000939,call,AT0005662,,tele_agent,TA018,2026-04-08 08:21:37,2026-04-15,23700.0,23700.0,self,True
PTP000411,AC000952,call,AT0005666,,tele_agent,TA012,2026-04-08 11:40:38,2026-04-18,40150.0,40150.0,self,True
PTP000412,AC000973,call,AT0005675,,tele_agent,TA020,2026-04-08 11:04:55,2026-05-03,7700.0,7700.0,self,True
PTP000413,AC001207,call,AT0005746,,tele_agent,TA008,2026-04-08 09:59:02,2026-04-09,6700.0,6700.0,self,True
PTP000414,AC001213,call,AT0005748,,tele_agent,TA018,2026-04-08 12:08:08,2026-04-18,4200.0,4200.0,self,True
PTP000415,AC001379,call,AT0005786,,tele_agent,TA015,2026-04-08 09:12:19,2026-04-11,30500.0,30500.0,self,True
PTP000416,AC001613,call,AT0005844,,tele_agent,TA010,2026-04-08 08:23:08,2026-04-12,4150.0,4150.0,self,False
PTP000417,AC001879,call,AT0005911,,tele_agent,TA001,2026-04-08 09:43:27,2026-04-09,42900.0,42900.0,self,True
PTP000418,AC001950,call,AT0005933,,tele_agent,TA016,2026-04-08 12:52:40,2026-04-09,12300.0,27900.0,self,True
PTP000419,AC002246,call,AT0005995,,tele_agent,TA006,2026-04-08 09:31:23,2026-04-12,3300.0,3300.0,self,False
PTP000420,AC002340,call,AT0006022,,tele_agent,TA007,2026-04-08 09:11:53,2026-04-12,72300.0,72300.0,self,False
PTP000421,AC000479,call,AT0006062,,voice_bot,BOT01,2026-04-08 14:56:57,2026-04-09,5100.0,5100.0,self,True
PTP000422,AC000978,call,AT0006111,,voice_bot,BOT01,2026-04-08 15:13:41,2026-04-09,5800.0,15900.0,self,True
PTP000423,AC000144,call,AT0006041,,tele_agent,TA011,2026-04-08 18:52:30,2026-04-16,61200.0,61200.0,self,True
PTP000424,AC000706,call,AT0006081,,tele_agent,TA007,2026-04-08 18:45:33,2026-04-15,7800.0,24900.0,self,True
PTP000425,AC000843,call,AT0006092,,tele_agent,TA004,2026-04-08 18:31:32,2026-05-03,8850.0,8850.0,self,True
PTP000426,AC000851,call,AT0006094,,tele_agent,TA009,2026-04-08 13:37:10,2026-04-17,800.0,1450.0,self,True
PTP000427,AC001212,call,AT0006135,,tele_agent,TA018,2026-04-08 13:42:30,2026-04-11,10950.0,10950.0,self,False
PTP000428,AC001278,call,AT0006141,,tele_agent,TA009,2026-04-08 18:48:13,2026-04-11,101550.0,101550.0,self,True
PTP000429,AC001507,call,AT0006158,,tele_agent,TA011,2026-04-08 14:35:46,2026-04-10,28950.0,28950.0,self,False
PTP000430,AC001749,call,AT0006178,,tele_agent,TA010,2026-04-08 18:39:42,2026-04-15,34200.0,34200.0,self,True
PTP000431,AC001790,call,AT0006181,,tele_agent,TA008,2026-04-08 15:02:49,2026-04-09,20600.0,65900.0,self,False
PTP000432,AC001939,call,AT0006190,,tele_agent,TA001,2026-04-08 18:22:42,2026-04-15,83700.0,83700.0,self,False
PTP000433,AC001582,field_visit,,VS000451,field,FA001,2026-04-08 12:02:27,2026-05-01,5800.0,5800.0,self,False
PTP000434,AC002330,field_visit,,VS000452,field,FA003,2026-04-08 10:48:40,2026-04-30,24500.0,35500.0,self,False
PTP000435,AC000711,field_visit,,VS000469,field,FA004,2026-04-08 10:27:43,2026-04-16,11000.0,36000.0,self,True
PTP000436,AC000215,call,AT0006274,,voice_bot,BOT01,2026-04-09 09:53:31,2026-04-16,17150.0,17150.0,self,True
PTP000437,AC000295,call,AT0006301,,voice_bot,BOT01,2026-04-09 10:00:18,2026-04-16,2200.0,4100.0,self,True
PTP000438,AC000611,call,AT0006371,,voice_bot,BOT01,2026-04-09 09:12:02,2026-04-10,8600.0,8600.0,self,True
PTP000439,AC000723,call,AT0006400,,voice_bot,BOT01,2026-04-09 12:40:38,2026-04-16,3250.0,3250.0,self,True
PTP000440,AC000744,call,AT0006407,,voice_bot,BOT01,2026-04-09 10:45:02,2026-04-10,6200.0,11400.0,self,True
PTP000441,AC001189,call,AT0006518,,voice_bot,BOT01,2026-04-09 08:22:43,2026-05-04,9600.0,9600.0,self,True
PTP000442,AC001487,call,AT0006587,,voice_bot,BOT01,2026-04-09 09:44:13,2026-04-12,10300.0,10300.0,self,True
PTP000443,AC001538,call,AT0006602,,voice_bot,BOT01,2026-04-09 08:33:33,2026-04-10,1800.0,2950.0,self,True
PTP000444,AC001984,call,AT0006711,,voice_bot,BOT01,2026-04-09 11:21:33,2026-04-12,34400.0,34400.0,self,True
PTP000445,AC002150,call,AT0006750,,voice_bot,BOT01,2026-04-09 09:36:32,2026-04-30,3350.0,3350.0,self,True
PTP000446,AC002190,call,AT0006761,,voice_bot,BOT01,2026-04-09 08:44:43,2026-04-10,4500.0,4500.0,self,True
PTP000447,AC002271,call,AT0006785,,voice_bot,BOT01,2026-04-09 10:48:11,2026-04-11,600.0,850.0,self,True
PTP000448,AC002309,call,AT0006798,,voice_bot,BOT01,2026-04-09 11:10:13,2026-04-12,2350.0,2350.0,self,True
PTP000449,AC002311,call,AT0006799,,voice_bot,BOT01,2026-04-09 08:42:36,2026-04-16,3600.0,3600.0,self,True
PTP000450,AC002354,call,AT0006812,,voice_bot,BOT01,2026-04-09 10:07:34,2026-04-10,2800.0,8400.0,self,True
PTP000451,AC002371,call,AT0006815,,voice_bot,BOT01,2026-04-09 09:21:44,2026-04-12,14650.0,14650.0,self,True
PTP000452,AC000350,call,AT0006316,,tele_agent,TA009,2026-04-09 08:41:44,2026-04-16,4700.0,4700.0,self,True
PTP000453,AC000548,call,AT0006356,,tele_agent,TA008,2026-04-09 11:41:35,2026-04-17,56900.0,56900.0,self,True
PTP000454,AC000652,call,AT0006377,,tele_agent,TA002,2026-04-09 08:43:07,2026-04-30,51600.0,51600.0,self,True
PTP000455,AC000721,call,AT0006399,,tele_agent,TA007,2026-04-09 09:36:48,2026-04-16,24800.0,24800.0,self,True
PTP000456,AC000794,call,AT0006418,,tele_agent,TA013,2026-04-09 08:07:03,2026-04-11,4200.0,7200.0,self,True
PTP000457,AC000964,call,AT0006457,,tele_agent,TA018,2026-04-09 08:12:07,2026-04-13,3050.0,3050.0,self,True
PTP000458,AC001075,call,AT0006488,,tele_agent,TA013,2026-04-09 11:17:02,2026-04-16,7100.0,7100.0,self,True
PTP000459,AC001099,call,AT0006498,,tele_agent,TA011,2026-04-09 12:01:08,2026-04-10,18800.0,38700.0,self,True
PTP000460,AC001112,call,AT0006501,,tele_agent,TA010,2026-04-09 10:51:29,2026-04-14,50100.0,50100.0,self,False
PTP000461,AC001121,call,AT0006503,,tele_agent,TA005,2026-04-09 12:40:22,2026-05-04,11400.0,11400.0,self,False
PTP000462,AC001141,call,AT0006510,,tele_agent,TA013,2026-04-09 10:24:07,2026-04-17,30800.0,70200.0,self,True
PTP000463,AC001472,call,AT0006581,,tele_agent,TA009,2026-04-09 11:15:56,2026-04-10,10200.0,10200.0,self,True
PTP000464,AC001478,call,AT0006584,,tele_agent,TA006,2026-04-09 12:33:05,2026-04-18,35500.0,35500.0,third_party,True
PTP000465,AC001504,call,AT0006593,,tele_agent,TA014,2026-04-09 08:37:51,2026-04-30,38600.0,38600.0,self,True
PTP000466,AC001638,call,AT0006628,,tele_agent,TA001,2026-04-09 09:02:39,2026-04-11,15200.0,15200.0,self,True
PTP000467,AC001656,call,AT0006634,,tele_agent,TA016,2026-04-09 11:23:18,2026-04-16,3000.0,9600.0,self,True
PTP000468,AC001820,call,AT0006673,,tele_agent,TA020,2026-04-09 12:40:01,2026-05-01,8750.0,8750.0,self,True
PTP000469,AC001878,call,AT0006688,,tele_agent,TA004,2026-04-09 09:19:12,2026-04-11,9000.0,9000.0,self,False
PTP000470,AC001959,call,AT0006702,,tele_agent,TA003,2026-04-09 10:16:50,2026-04-10,6100.0,6100.0,self,False
PTP000471,AC002143,call,AT0006749,,tele_agent,TA004,2026-04-09 11:52:52,2026-04-10,2400.0,7750.0,self,True
PTP000472,AC000102,call,AT0006823,,voice_bot,BOT01,2026-04-09 15:32:28,2026-04-11,10800.0,10800.0,self,True
PTP000473,AC000116,call,AT0006824,,tele_agent,TA013,2026-04-09 17:40:33,2026-04-12,33300.0,33300.0,self,False
PTP000474,AC000663,call,AT0006868,,tele_agent,TA013,2026-04-09 18:19:39,2026-04-14,13500.0,13500.0,self,True
PTP000475,AC001080,call,AT0006906,,tele_agent,TA016,2026-04-09 18:24:42,2026-04-15,4000.0,4000.0,self,True
PTP000476,AC001309,call,AT0006922,,tele_agent,TA014,2026-04-09 14:41:43,2026-04-10,7600.0,7600.0,self,True
PTP000477,AC001692,call,AT0006953,,tele_agent,TA015,2026-04-09 16:26:09,2026-04-12,2900.0,6000.0,self,False
PTP000478,AC002220,call,AT0006986,,tele_agent,TA009,2026-04-09 15:27:44,2026-04-30,2600.0,4600.0,self,True
PTP000479,AC001598,field_visit,,VS000510,field,FA003,2026-04-09 11:22:16,2026-04-16,5400.0,5400.0,self,False
PTP000480,AC000104,field_visit,,VS000520,field,FA002,2026-04-09 11:56:29,2026-04-13,51750.0,51750.0,self,False
PTP000481,AC001228,field_visit,,VS000552,field,FA006,2026-04-09 11:44:53,2026-04-16,6000.0,6000.0,self,True
PTP000482,AC001970,field_visit,,VS000559,field,FA009,2026-04-09 11:36:21,2026-04-12,27300.0,27300.0,self,False
PTP000483,AC002136,field_visit,,VS000567,field,FA008,2026-04-09 10:50:40,2026-04-19,14100.0,22650.0,family_member,False
PTP000484,AC000031,call,AT0007005,,voice_bot,BOT01,2026-04-10 12:04:09,2026-04-12,2100.0,4750.0,self,True
PTP000485,AC000088,call,AT0007017,,voice_bot,BOT01,2026-04-10 10:07:20,2026-04-17,16800.0,27950.0,self,True
PTP000486,AC000680,call,AT0007173,,voice_bot,BOT01,2026-04-10 08:20:50,2026-04-17,2150.0,2150.0,self,True
PTP000487,AC000788,call,AT0007201,,voice_bot,BOT01,2026-04-10 09:27:55,2026-04-18,8050.0,8050.0,self,True
PTP000488,AC000806,call,AT0007207,,voice_bot,BOT01,2026-04-10 11:23:25,2026-04-20,4100.0,4100.0,self,True
PTP000489,AC001154,call,AT0007291,,voice_bot,BOT01,2026-04-10 10:38:29,2026-04-30,1050.0,1050.0,self,True
PTP000490,AC001398,call,AT0007347,,voice_bot,BOT01,2026-04-10 09:14:57,2026-04-30,4350.0,4350.0,self,True
PTP000491,AC001413,call,AT0007350,,voice_bot,BOT01,2026-04-10 11:20:53,2026-04-15,800.0,800.0,self,True
PTP000492,AC002130,call,AT0007519,,voice_bot,BOT01,2026-04-10 08:33:08,2026-04-14,1750.0,1750.0,self,True
PTP000493,AC002197,call,AT0007535,,voice_bot,BOT01,2026-04-10 11:28:46,2026-04-17,4400.0,4400.0,self,True
PTP000494,AC002258,call,AT0007552,,voice_bot,BOT01,2026-04-10 11:45:29,2026-04-13,6700.0,17650.0,self,True
PTP000495,AC000034,call,AT0007006,,tele_agent,TA003,2026-04-10 10:14:39,2026-04-12,30000.0,30000.0,self,True
PTP000496,AC000083,call,AT0007015,,tele_agent,TA004,2026-04-10 09:38:09,2026-04-15,4200.0,4200.0,self,True
PTP000497,AC000091,call,AT0007018,,tele_agent,TA009,2026-04-10 10:33:31,2026-04-12,24600.0,35900.0,self,True
PTP000498,AC000097,call,AT0007020,,tele_agent,TA014,2026-04-10 10:50:41,2026-05-02,3100.0,3100.0,self,True
PTP000499,AC000105,call,AT0007021,,tele_agent,TA016,2026-04-10 08:59:14,2026-05-05,9600.0,9600.0,self,False
PTP000500,AC000117,call,AT0007022,,tele_agent,TA002,2026-04-10 09:45:18,2026-04-12,32600.0,32600.0,self,True
PTP000501,AC000131,call,AT0007027,,tele_agent,TA020,2026-04-10 10:57:19,2026-04-11,27000.0,27000.0,self,True
PTP000502,AC000161,call,AT0007037,,tele_agent,TA004,2026-04-10 12:28:05,2026-04-17,9000.0,9000.0,self,True
PTP000503,AC000260,call,AT0007068,,tele_agent,TA007,2026-04-10 11:49:18,2026-04-11,3000.0,3000.0,self,False
PTP000504,AC000290,call,AT0007078,,tele_agent,TA013,2026-04-10 08:33:56,2026-04-16,12750.0,12750.0,self,True
PTP000505,AC000486,call,AT0007126,,tele_agent,TA015,2026-04-10 12:02:04,2026-04-14,6600.0,18800.0,self,True
PTP000506,AC000677,call,AT0007171,,tele_agent,TA015,2026-04-10 12:39:47,2026-04-17,5050.0,5050.0,self,True
PTP000507,AC000795,call,AT0007203,,tele_agent,TA005,2026-04-10 12:30:20,2026-05-05,7650.0,7650.0,self,False
PTP000508,AC000854,call,AT0007222,,tele_agent,TA013,2026-04-10 11:54:19,2026-04-16,107400.0,107400.0,self,True
PTP000509,AC001067,call,AT0007266,,tele_agent,TA008,2026-04-10 09:03:53,2026-04-11,8900.0,8900.0,self,False
PTP000510,AC001092,call,AT0007271,,tele_agent,TA008,2026-04-10 09:06:41,2026-04-13,6900.0,6900.0,self,True
PTP000511,AC001188,call,AT0007297,,tele_agent,TA006,2026-04-10 10:50:58,2026-04-17,500.0,750.0,self,False
PTP000512,AC001294,call,AT0007320,,tele_agent,TA009,2026-04-10 10:54:10,2026-04-17,2200.0,2200.0,self,False
PTP000513,AC001356,call,AT0007338,,tele_agent,TA007,2026-04-10 10:02:03,2026-04-12,43200.0,43200.0,self,False
PTP000514,AC001501,call,AT0007367,,tele_agent,TA017,2026-04-10 11:20:25,2026-04-17,1800.0,3100.0,self,False
PTP000515,AC001543,call,AT0007377,,tele_agent,TA019,2026-04-10 11:58:02,2026-04-30,17900.0,17900.0,self,True
PTP000516,AC001549,call,AT0007380,,tele_agent,TA020,2026-04-10 09:51:49,2026-04-11,3900.0,3900.0,self,True
PTP000517,AC001936,call,AT0007468,,tele_agent,TA010,2026-04-10 09:24:11,2026-04-18,1300.0,2700.0,self,False
PTP000518,AC002125,call,AT0007517,,tele_agent,TA011,2026-04-10 11:53:29,2026-04-11,2100.0,3700.0,self,True
PTP000519,AC002138,call,AT0007521,,tele_agent,TA007,2026-04-10 10:27:12,2026-04-11,2800.0,2800.0,self,True
PTP000520,AC002251,call,AT0007548,,tele_agent,TA001,2026-04-10 12:56:47,2026-04-30,11500.0,11500.0,self,True
PTP000521,AC002348,call,AT0007573,,tele_agent,TA017,2026-04-10 11:35:48,2026-04-13,147800.0,147800.0,self,True
PTP000522,AC002399,call,AT0007585,,tele_agent,TA012,2026-04-10 08:40:47,2026-04-17,42700.0,42700.0,self,False
PTP000523,AC000035,call,AT0007589,,tele_agent,TA018,2026-04-10 16:14:09,2026-05-02,1700.0,1700.0,self,True
PTP000524,AC001276,call,AT0007688,,tele_agent,TA011,2026-04-10 17:11:10,2026-04-17,24300.0,24300.0,self,True
PTP000525,AC001564,call,AT0007713,,tele_agent,TA020,2026-04-10 16:17:27,2026-04-16,4700.0,6750.0,self,True
PTP000526,AC001620,call,AT0007715,,tele_agent,TA018,2026-04-10 13:26:05,2026-04-17,8600.0,8600.0,self,False
PTP000527,AC001875,call,AT0007732,,tele_agent,TA012,2026-04-10 18:23:42,2026-04-19,700.0,1050.0,self,True
PTP000528,AC002213,call,AT0007762,,tele_agent,TA020,2026-04-10 13:49:56,2026-04-13,2550.0,2550.0,self,False
PTP000529,AC001658,field_visit,,VS000589,field,FA003,2026-04-10 12:42:35,2026-04-16,16950.0,16950.0,self,False
PTP000530,AC002164,field_visit,,VS000594,field,FA001,2026-04-10 12:54:55,2026-04-12,57600.0,57600.0,self,False
PTP000531,AC000956,field_visit,,VS000609,field,FA004,2026-04-10 11:45:15,2026-04-18,20250.0,20250.0,family_member,False
PTP000532,AC000689,field_visit,,VS000633,field,FA008,2026-04-10 13:41:29,2026-04-17,32850.0,32850.0,self,False
PTP000533,AC002082,field_visit,,VS000648,field,FA007,2026-04-10 11:19:39,2026-04-30,31500.0,31500.0,self,False
PTP000534,AC000039,call,AT0007783,,voice_bot,BOT01,2026-04-11 12:50:03,2026-04-12,7200.0,7200.0,self,True
PTP000535,AC000753,call,AT0007966,,voice_bot,BOT01,2026-04-11 09:15:57,2026-05-06,9500.0,9500.0,self,True
PTP000536,AC001262,call,AT0008089,,voice_bot,BOT01,2026-04-11 09:41:16,2026-04-16,1900.0,4250.0,self,True
PTP000537,AC001696,call,AT0008200,,voice_bot,BOT01,2026-04-11 12:57:05,2026-04-12,1450.0,1450.0,self,True
PTP000538,AC001877,call,AT0008246,,voice_bot,BOT01,2026-04-11 09:02:44,2026-04-30,3650.0,3650.0,self,True
PTP000539,AC000038,call,AT0007782,,tele_agent,TA008,2026-04-11 09:54:23,2026-04-12,10050.0,10050.0,self,True
PTP000540,AC000210,call,AT0007828,,tele_agent,TA010,2026-04-11 10:42:53,2026-04-18,3750.0,3750.0,self,False
PTP000541,AC000267,call,AT0007843,,tele_agent,TA008,2026-04-11 12:15:31,2026-04-17,21600.0,46000.0,self,True
PTP000542,AC000299,call,AT0007854,,tele_agent,TA016,2026-04-11 10:20:33,2026-04-16,3500.0,6600.0,self,True
PTP000543,AC000305,call,AT0007857,,tele_agent,TA007,2026-04-11 08:49:36,2026-04-18,11250.0,11250.0,self,False
PTP000544,AC000430,call,AT0007890,,tele_agent,TA001,2026-04-11 11:42:49,2026-04-16,4300.0,11800.0,self,True
PTP000545,AC000453,call,AT0007899,,tele_agent,TA019,2026-04-11 10:14:02,2026-04-18,37700.0,56700.0,self,True
PTP000546,AC000534,call,AT0007915,,tele_agent,TA013,2026-04-11 09:53:29,2026-04-13,2500.0,2500.0,self,True
PTP000547,AC000547,call,AT0007921,,tele_agent,TA003,2026-04-11 08:08:59,2026-05-02,68400.0,68400.0,self,False
PTP000548,AC000687,call,AT0007953,,tele_agent,TA001,2026-04-11 08:47:10,2026-04-25,18150.0,18150.0,self,True
PTP000549,AC000824,call,AT0007982,,tele_agent,TA003,2026-04-11 08:48:32,2026-05-01,6400.0,6400.0,self,True
PTP000550,AC000938,call,AT0008009,,tele_agent,TA020,2026-04-11 08:18:41,2026-04-13,2950.0,2950.0,self,False
PTP000551,AC000997,call,AT0008026,,tele_agent,TA002,2026-04-11 09:20:09,2026-04-13,4000.0,4000.0,self,True
PTP000552,AC001043,call,AT0008043,,tele_agent,TA014,2026-04-11 11:12:32,2026-04-13,3000.0,3000.0,self,False
PTP000553,AC001142,call,AT0008065,,tele_agent,TA008,2026-04-11 12:29:01,2026-04-14,2150.0,2150.0,self,True
PTP000554,AC001180,call,AT0008075,,tele_agent,TA011,2026-04-11 12:32:10,2026-04-17,4700.0,4700.0,self,False
PTP000555,AC001282,call,AT0008094,,tele_agent,TA008,2026-04-11 11:03:21,2026-04-14,17000.0,17000.0,self,True
PTP000556,AC001411,call,AT0008127,,tele_agent,TA009,2026-04-11 08:03:44,2026-04-17,6600.0,12000.0,self,True
PTP000557,AC001596,call,AT0008169,,tele_agent,TA020,2026-04-11 12:55:44,2026-04-17,35700.0,67500.0,self,False
PTP000558,AC001636,call,AT0008181,,tele_agent,TA001,2026-04-11 08:49:27,2026-04-18,31800.0,31800.0,self,False
PTP000559,AC001848,call,AT0008239,,tele_agent,TA006,2026-04-11 10:20:34,2026-04-18,4200.0,4200.0,self,True
PTP000560,AC002024,call,AT0008272,,tele_agent,TA002,2026-04-11 12:08:23,2026-04-30,7800.0,7800.0,self,True
PTP000561,AC002127,call,AT0008305,,tele_agent,TA015,2026-04-11 08:02:10,2026-04-30,15800.0,33600.0,self,False
PTP000562,AC002177,call,AT0008315,,tele_agent,TA016,2026-04-11 12:08:39,2026-04-16,2900.0,5100.0,self,True
PTP000563,AC002270,call,AT0008333,,tele_agent,TA009,2026-04-11 12:17:21,2026-04-12,19200.0,19200.0,self,False
PTP000564,AC002353,call,AT0008357,,tele_agent,TA010,2026-04-11 08:56:50,2026-04-17,14900.0,26100.0,self,True
PTP000565,AC002394,call,AT0008372,,tele_agent,TA011,2026-04-11 11:19:08,2026-04-18,21700.0,21700.0,self,True
PTP000566,AC000388,call,AT0008409,,tele_agent,TA005,2026-04-11 18:29:37,2026-04-18,12250.0,12250.0,self,True
PTP000567,AC000574,call,AT0008424,,tele_agent,TA009,2026-04-11 17:45:12,2026-04-30,16500.0,16500.0,self,False
PTP000568,AC001332,call,AT0008483,,tele_agent,TA015,2026-04-11 16:38:35,2026-04-19,2800.0,2800.0,self,True
PTP000569,AC001697,call,AT0008504,,tele_agent,TA008,2026-04-11 17:14:38,2026-04-15,9000.0,9000.0,self,False
PTP000570,AC002275,call,AT0008545,,tele_agent,TA011,2026-04-11 16:25:56,2026-04-30,5550.0,5550.0,self,True
PTP000571,AC000918,field_visit,,VS000660,field,FA001,2026-04-11 10:30:00,2026-04-17,55600.0,113300.0,self,True
PTP000572,AC000979,field_visit,,VS000664,field,FA001,2026-04-11 12:17:34,2026-05-06,34200.0,34200.0,self,False
PTP000573,AC000189,field_visit,,VS000665,field,FA001,2026-04-11 12:48:00,2026-04-18,75200.0,75200.0,self,True
PTP000574,AC000701,field_visit,,VS000675,field,FA003,2026-04-11 13:29:42,2026-04-18,20400.0,20400.0,self,False
PTP000575,AC002308,field_visit,,VS000682,field,FA004,2026-04-11 12:00:52,2026-04-18,17900.0,42300.0,self,True
PTP000576,AC002207,field_visit,,VS000683,field,FA004,2026-04-11 12:30:53,2026-04-15,147000.0,147000.0,self,True
PTP000577,AC000327,field_visit,,VS000687,field,FA006,2026-04-11 12:13:21,2026-04-16,92400.0,234850.0,self,False
PTP000578,AC002382,field_visit,,VS000693,field,FA005,2026-04-11 11:07:25,2026-04-12,13250.0,13250.0,self,False
PTP000579,AC002064,field_visit,,VS000697,field,FA005,2026-04-11 12:47:07,2026-04-12,7700.0,11400.0,self,True
PTP000580,AC000490,field_visit,,VS000707,field,FA007,2026-04-11 13:01:50,2026-04-18,24150.0,24150.0,self,False
PTP000581,AC001548,field_visit,,VS000710,field,FA008,2026-04-11 12:21:53,2026-04-30,13500.0,13500.0,self,False
PTP000582,AC001607,field_visit,,VS000721,field,FA009,2026-04-11 11:34:42,2026-04-13,171600.0,171600.0,self,False
PTP000583,AC000247,call,AT0008576,,voice_bot,BOT01,2026-04-12 10:04:38,2026-04-19,700.0,1600.0,self,True
PTP000584,AC000379,call,AT0008585,,voice_bot,BOT01,2026-04-12 08:38:53,2026-05-02,4700.0,7100.0,self,False
PTP000585,AC000566,call,AT0008605,,voice_bot,BOT01,2026-04-12 08:30:08,2026-04-14,1550.0,1550.0,self,True
PTP000586,AC001026,call,AT0008643,,voice_bot,BOT01,2026-04-12 10:02:38,2026-04-21,17700.0,17700.0,self,True
PTP000587,AC002256,call,AT0008752,,voice_bot,BOT01,2026-04-12 12:13:52,2026-04-30,2850.0,2850.0,self,False
PTP000588,AC002276,call,AT0008753,,voice_bot,BOT01,2026-04-12 12:41:24,2026-04-17,1600.0,2700.0,self,True
PTP000589,AC000014,call,AT0008555,,tele_agent,TA015,2026-04-12 10:36:59,2026-04-19,16200.0,16200.0,family_member,True
PTP000590,AC000353,call,AT0008584,,tele_agent,TA019,2026-04-12 09:21:54,2026-04-17,16850.0,16850.0,self,True
PTP000591,AC000417,call,AT0008590,,tele_agent,TA003,2026-04-12 10:13:33,2026-05-07,5400.0,5400.0,self,True
PTP000592,AC000990,call,AT0008640,,tele_agent,TA014,2026-04-12 12:32:22,2026-04-27,10200.0,21900.0,self,True
PTP000593,AC001495,call,AT0008688,,tele_agent,TA010,2026-04-12 10:23:36,2026-04-13,4650.0,4650.0,self,False
PTP000594,AC001632,call,AT0008699,,tele_agent,TA017,2026-04-12 10:54:08,2026-04-18,13100.0,13100.0,self,True
PTP000595,AC002228,call,AT0008750,,tele_agent,TA015,2026-04-12 11:34:06,2026-04-14,28800.0,28800.0,self,True
PTP000596,AC002337,call,AT0008759,,tele_agent,TA007,2026-04-12 12:14:56,2026-04-14,23100.0,23100.0,self,True
PTP000597,AC000698,call,AT0008785,,voice_bot,BOT01,2026-04-12 18:32:55,2026-04-14,4900.0,4900.0,self,True
PTP000598,AC001906,call,AT0008816,,tele_agent,TA015,2026-04-12 15:41:43,2026-04-20,8200.0,8200.0,self,True
PTP000599,AC002195,call,AT0008823,,tele_agent,TA005,2026-04-12 17:45:19,2026-04-13,4050.0,4050.0,self,True
PTP000600,AC000115,call,AT0008849,,voice_bot,BOT01,2026-04-13 12:01:45,2026-04-28,3200.0,3200.0,self,True
PTP000601,AC000342,call,AT0008919,,voice_bot,BOT01,2026-04-13 09:29:46,2026-04-30,9750.0,9750.0,self,True
PTP000602,AC000734,call,AT0008992,,voice_bot,BOT01,2026-04-13 09:35:12,2026-05-03,900.0,1850.0,self,True
PTP000603,AC001339,call,AT0009140,,voice_bot,BOT01,2026-04-13 08:11:00,2026-04-19,1250.0,1250.0,self,True
PTP000604,AC001784,call,AT0009247,,voice_bot,BOT01,2026-04-13 11:44:40,2026-04-18,2000.0,2000.0,self,True
PTP000605,AC002079,call,AT0009320,,voice_bot,BOT01,2026-04-13 11:31:08,2026-04-19,900.0,1500.0,family_member,True
PTP000606,AC002242,call,AT0009361,,voice_bot,BOT01,2026-04-13 08:35:30,2026-04-21,3100.0,4700.0,self,True
PTP000607,AC000174,call,AT0008869,,tele_agent,TA006,2026-04-13 09:10:41,2026-04-16,2200.0,3250.0,self,False
PTP000608,AC000201,call,AT0008877,,tele_agent,TA001,2026-04-13 09:58:35,2026-04-20,3000.0,3000.0,self,True
PTP000609,AC000212,call,AT0008881,,tele_agent,TA020,2026-04-13 13:00:47,2026-04-20,74200.0,74200.0,self,False
PTP000610,AC000260,call,AT0008895,,tele_agent,TA007,2026-04-13 09:40:31,2026-04-20,3000.0,3000.0,self,False
PTP000611,AC000403,call,AT0008931,,tele_agent,TA002,2026-04-13 10:41:11,2026-04-14,1200.0,1950.0,self,True
PTP000612,AC000590,call,AT0008964,,tele_agent,TA019,2026-04-13 10:34:22,2026-04-15,14300.0,14300.0,self,True
PTP000613,AC000690,call,AT0008982,,tele_agent,TA008,2026-04-13 08:10:43,2026-04-30,3900.0,3900.0,self,True
PTP000614,AC000717,call,AT0008988,,tele_agent,TA002,2026-04-13 12:07:27,2026-04-20,1600.0,1600.0,self,True
PTP000615,AC000727,call,AT0008989,,tele_agent,TA001,2026-04-13 10:23:15,2026-04-20,900.0,900.0,self,True
PTP000616,AC000752,call,AT0008997,,tele_agent,TA004,2026-04-13 11:25:39,2026-04-30,5100.0,12550.0,self,True
PTP000617,AC000834,call,AT0009013,,tele_agent,TA006,2026-04-13 11:59:51,2026-04-19,12900.0,12900.0,self,False
PTP000618,AC000912,call,AT0009033,,tele_agent,TA008,2026-04-13 09:51:43,2026-05-01,5400.0,9100.0,self,True
PTP000619,AC000917,call,AT0009035,,tele_agent,TA010,2026-04-13 10:50:27,2026-04-17,2850.0,2850.0,self,False
PTP000620,AC000920,call,AT0009037,,tele_agent,TA016,2026-04-13 12:40:31,2026-05-08,57200.0,57200.0,self,True
PTP000621,AC000963,call,AT0009046,,tele_agent,TA007,2026-04-13 10:03:21,2026-04-20,67600.0,67600.0,self,False
PTP000622,AC001116,call,AT0009089,,tele_agent,TA010,2026-04-13 08:06:11,2026-04-20,5200.0,5200.0,self,True
PTP000623,AC001255,call,AT0009119,,tele_agent,TA017,2026-04-13 10:09:10,2026-05-08,7600.0,19100.0,self,True
PTP000624,AC001301,call,AT0009126,,tele_agent,TA009,2026-04-13 08:23:58,2026-04-30,32550.0,32550.0,self,False
PTP000625,AC001311,call,AT0009130,,tele_agent,TA017,2026-04-13 11:41:40,2026-05-08,20100.0,34350.0,self,True
PTP000626,AC001358,call,AT0009144,,tele_agent,TA010,2026-04-13 11:51:13,2026-04-14,4900.0,7900.0,self,False
PTP000627,AC001434,call,AT0009165,,tele_agent,TA017,2026-04-13 12:18:56,2026-04-20,11100.0,11100.0,self,True
PTP000628,AC001496,call,AT0009179,,tele_agent,TA002,2026-04-13 08:13:17,2026-04-16,8550.0,8550.0,self,True
PTP000629,AC001532,call,AT0009188,,tele_agent,TA009,2026-04-13 09:56:43,2026-04-30,15500.0,15500.0,self,True
PTP000630,AC001643,call,AT0009213,,tele_agent,TA012,2026-04-13 08:33:16,2026-04-20,22600.0,22600.0,self,True
PTP000631,AC001709,call,AT0009227,,tele_agent,TA015,2026-04-13 11:16:36,2026-05-02,2500.0,5100.0,self,True
PTP000632,AC001737,call,AT0009237,,tele_agent,TA003,2026-04-13 09:41:47,2026-04-14,2350.0,2350.0,self,False
PTP000633,AC001871,call,AT0009264,,tele_agent,TA004,2026-04-13 08:31:07,2026-05-08,9650.0,9650.0,self,True
PTP000634,AC001975,call,AT0009292,,tele_agent,TA019,2026-04-13 10:07:38,2026-04-15,65550.0,65550.0,self,True
PTP000635,AC002078,call,AT0009319,,tele_agent,TA017,2026-04-13 10:30:16,2026-05-08,8500.0,23700.0,self,True
PTP000636,AC002144,call,AT0009334,,tele_agent,TA008,2026-04-13 09:23:21,2026-04-17,300400.0,300400.0,self,True
PTP000637,AC002184,call,AT0009345,,tele_agent,TA002,2026-04-13 09:25:42,2026-04-18,6000.0,8700.0,family_member,False
PTP000638,AC002214,call,AT0009357,,tele_agent,TA018,2026-04-13 08:22:13,2026-04-15,8900.0,8900.0,self,True
PTP000639,AC002263,call,AT0009367,,tele_agent,TA001,2026-04-13 10:50:25,2026-05-02,11200.0,17200.0,self,True
PTP000640,AC002291,call,AT0009374,,tele_agent,TA010,2026-04-13 12:18:32,2026-04-14,10900.0,18550.0,self,True
PTP000641,AC000024,call,AT0009398,,tele_agent,TA009,2026-04-13 17:31:50,2026-04-20,6300.0,12400.0,self,True
PTP000642,AC000116,call,AT0009403,,tele_agent,TA013,2026-04-13 17:22:24,2026-04-18,16200.0,33300.0,self,True
PTP000643,AC001120,call,AT0009475,,tele_agent,TA003,2026-04-13 18:16:26,2026-05-08,7350.0,7350.0,self,True
PTP000644,AC001537,call,AT0009508,,tele_agent,TA003,2026-04-13 18:00:06,2026-04-15,4650.0,4650.0,self,False
PTP000645,AC001886,call,AT0009531,,tele_agent,TA007,2026-04-13 18:11:21,2026-05-08,4500.0,4500.0,self,True
PTP000646,AC001918,call,AT0009535,,tele_agent,TA004,2026-04-13 14:23:04,2026-04-30,11900.0,11900.0,self,True
PTP000647,AC002121,call,AT0009555,,tele_agent,TA013,2026-04-13 16:32:47,2026-04-14,2600.0,6600.0,self,True
PTP000648,AC002166,call,AT0009561,,tele_agent,TA001,2026-04-13 16:36:25,2026-04-14,4500.0,4500.0,self,True
PTP000649,AC002180,call,AT0009562,,tele_agent,TA004,2026-04-13 18:38:09,2026-04-19,45600.0,45600.0,self,True
PTP000650,AC002282,call,AT0009566,,tele_agent,TA008,2026-04-13 14:51:12,2026-04-14,8500.0,8500.0,self,True
PTP000651,AC002349,call,AT0009571,,tele_agent,TA020,2026-04-13 14:58:15,2026-04-14,7900.0,7900.0,self,True
PTP000652,AC000517,field_visit,,VS000724,field,FA002,2026-04-13 11:02:43,2026-04-14,58400.0,58400.0,self,False
PTP000653,AC001320,field_visit,,VS000746,field,FA006,2026-04-13 10:54:43,2026-04-20,15000.0,35100.0,self,True
PTP000654,AC000023,field_visit,,VS000761,field,FA005,2026-04-13 12:36:28,2026-04-20,15000.0,42800.0,self,False
PTP000655,AC000730,field_visit,,VS000762,field,FA005,2026-04-13 12:51:48,2026-04-19,282400.0,282400.0,self,True
PTP000656,AC001307,field_visit,,VS000763,field,FA005,2026-04-13 13:18:08,2026-04-20,15750.0,15750.0,self,False
PTP000657,AC000497,field_visit,,VS000779,field,FA009,2026-04-13 10:43:29,2026-04-16,214200.0,214200.0,self,False
PTP000658,AC001219,field_visit,,VS000780,field,FA009,2026-04-13 10:53:41,2026-04-16,14400.0,14400.0,self,False
PTP000659,AC000020,field_visit,,VS000786,field,FA008,2026-04-13 11:13:13,2026-04-30,80750.0,80750.0,self,False
PTP000660,AC001470,field_visit,,VS000788,field,FA008,2026-04-13 12:30:30,2026-05-08,42200.0,42200.0,self,False
PTP000661,AC000008,call,AT0009575,,voice_bot,BOT01,2026-04-14 12:34:17,2026-04-24,11700.0,11700.0,self,True
PTP000662,AC000129,call,AT0009603,,voice_bot,BOT01,2026-04-14 12:48:34,2026-05-06,13900.0,13900.0,self,True
PTP000663,AC000278,call,AT0009641,,voice_bot,BOT01,2026-04-14 11:09:33,2026-05-07,6550.0,6550.0,self,True
PTP000664,AC000411,call,AT0009677,,voice_bot,BOT01,2026-04-14 10:02:03,2026-04-19,700.0,1200.0,self,True
PTP000665,AC001051,call,AT0009826,,voice_bot,BOT01,2026-04-14 12:41:28,2026-04-15,3200.0,5400.0,self,True
PTP000666,AC001238,call,AT0009877,,voice_bot,BOT01,2026-04-14 13:01:55,2026-04-15,13900.0,13900.0,self,True
PTP000667,AC002247,call,AT0010119,,voice_bot,BOT01,2026-04-14 09:01:04,2026-04-21,2050.0,2050.0,self,False
PTP000668,AC000092,call,AT0009589,,tele_agent,TA005,2026-04-14 09:41:59,2026-04-30,16400.0,16400.0,self,True
PTP000669,AC000107,call,AT0009592,,tele_agent,TA018,2026-04-14 11:58:22,2026-04-17,4350.0,4350.0,self,False
PTP000670,AC000141,call,AT0009607,,tele_agent,TA007,2026-04-14 11:00:47,2026-04-21,5850.0,5850.0,self,True
PTP000671,AC000503,call,AT0009693,,tele_agent,TA019,2026-04-14 10:17:00,2026-04-15,46950.0,46950.0,self,True
PTP000672,AC000609,call,AT0009716,,tele_agent,TA001,2026-04-14 11:35:26,2026-04-30,9150.0,9150.0,self,True
PTP000673,AC000705,call,AT0009746,,tele_agent,TA016,2026-04-14 11:46:38,2026-05-02,6300.0,6300.0,self,True
PTP000674,AC001016,call,AT0009817,,tele_agent,TA010,2026-04-14 09:09:51,2026-04-15,2400.0,2400.0,self,False
PTP000675,AC001018,call,AT0009818,,tele_agent,TA003,2026-04-14 09:29:03,2026-05-01,2100.0,3550.0,self,False
PTP000676,AC001218,call,AT0009872,,tele_agent,TA004,2026-04-14 12:04:15,2026-04-18,19750.0,19750.0,self,False
PTP000677,AC001229,call,AT0009876,,tele_agent,TA020,2026-04-14 12:09:01,2026-04-30,4600.0,12000.0,self,True
PTP000678,AC001264,call,AT0009884,,tele_agent,TA019,2026-04-14 08:05:19,2026-04-20,5100.0,15500.0,self,True
PTP000679,AC001269,call,AT0009885,,tele_agent,TA001,2026-04-14 09:51:36,2026-04-15,2000.0,2000.0,self,False
PTP000680,AC001379,call,AT0009905,,tele_agent,TA015,2026-04-14 10:37:35,2026-04-30,12500.0,12500.0,self,True
PTP000681,AC001429,call,AT0009918,,tele_agent,TA008,2026-04-14 08:10:05,2026-04-16,5250.0,5250.0,self,True
PTP000682,AC001691,call,AT0009984,,tele_agent,TA013,2026-04-14 12:48:01,2026-04-18,5400.0,5400.0,self,False
PTP000683,AC001824,call,AT0010011,,tele_agent,TA009,2026-04-14 12:44:09,2026-04-22,3700.0,5600.0,self,True
PTP000684,AC001887,call,AT0010021,,tele_agent,TA008,2026-04-14 09:00:35,2026-05-09,3550.0,3550.0,self,False
PTP000685,AC001900,call,AT0010025,,tele_agent,TA003,2026-04-14 09:22:34,2026-04-15,50850.0,50850.0,self,True
PTP000686,AC001957,call,AT0010042,,tele_agent,TA010,2026-04-14 09:45:08,2026-04-16,900.0,2700.0,self,True
PTP000687,AC002088,call,AT0010081,,tele_agent,TA013,2026-04-14 10:15:57,2026-04-18,30750.0,30750.0,self,True
PTP000688,AC002110,call,AT0010090,,tele_agent,TA019,2026-04-14 10:50:45,2026-04-15,8900.0,23750.0,self,True
PTP000689,AC002122,call,AT0010096,,tele_agent,TA017,2026-04-14 10:57:36,2026-04-21,2600.0,5200.0,self,True
PTP000690,AC002154,call,AT0010102,,tele_agent,TA004,2026-04-14 13:02:13,2026-04-21,3300.0,3300.0,self,True
PTP000691,AC002230,call,AT0010116,,tele_agent,TA004,2026-04-14 09:32:10,2026-04-16,2600.0,2600.0,self,False
PTP000692,AC002261,call,AT0010122,,tele_agent,TA005,2026-04-14 09:18:50,2026-04-30,18800.0,18800.0,self,True
PTP000693,AC000234,call,AT0010169,,tele_agent,TA019,2026-04-14 15:57:14,2026-04-27,4050.0,4050.0,self,True
PTP000694,AC000778,call,AT0010202,,tele_agent,TA006,2026-04-14 18:23:05,2026-04-30,10500.0,10500.0,self,True
PTP000695,AC001459,call,AT0010251,,tele_agent,TA006,2026-04-14 15:59:08,2026-04-16,21250.0,21250.0,self,True
PTP000696,AC001575,call,AT0010258,,tele_agent,TA011,2026-04-14 17:37:49,2026-04-19,2400.0,2400.0,self,False
PTP000697,AC001640,call,AT0010265,,tele_agent,TA001,2026-04-14 19:00:44,2026-04-15,6400.0,13300.0,self,False
PTP000698,AC000627,field_visit,,VS000810,field,FA001,2026-04-14 11:11:53,2026-04-30,15400.0,15400.0,self,False
PTP000699,AC002400,field_visit,,VS000811,field,FA001,2026-04-14 11:40:22,2026-05-09,96300.0,96300.0,self,False
PTP000700,AC000714,field_visit,,VS000813,field,FA001,2026-04-14 12:37:34,2026-04-27,63600.0,63600.0,self,False
PTP000701,AC001139,field_visit,,VS000816,field,FA002,2026-04-14 11:36:16,2026-04-18,58200.0,102450.0,family_member,False
PTP000702,AC000056,field_visit,,VS000843,field,FA006,2026-04-14 11:31:59,2026-04-19,54800.0,102600.0,self,False
PTP000703,AC001388,field_visit,,VS000847,field,FA006,2026-04-14 13:20:38,2026-04-21,16200.0,16200.0,self,True
PTP000704,AC000052,call,AT0010330,,voice_bot,BOT01,2026-04-15 11:57:49,2026-04-17,3650.0,3650.0,self,True
PTP000705,AC000448,call,AT0010420,,voice_bot,BOT01,2026-04-15 08:10:44,2026-04-20,14250.0,14250.0,self,True
PTP000706,AC000459,call,AT0010423,,voice_bot,BOT01,2026-04-15 08:35:58,2026-05-06,4700.0,7550.0,self,True
PTP000707,AC000588,call,AT0010448,,voice_bot,BOT01,2026-04-15 08:41:09,2026-04-30,7100.0,7100.0,self,True
PTP000708,AC000702,call,AT0010482,,voice_bot,BOT01,2026-04-15 08:10:58,2026-04-30,17250.0,17250.0,self,True
PTP000709,AC001241,call,AT0010606,,voice_bot,BOT01,2026-04-15 09:31:42,2026-04-17,1200.0,2100.0,self,True
PTP000710,AC001704,call,AT0010709,,voice_bot,BOT01,2026-04-15 10:07:25,2026-04-30,7600.0,16450.0,self,True
PTP000711,AC000068,call,AT0010334,,tele_agent,TA015,2026-04-15 10:14:54,2026-04-22,2700.0,2700.0,self,True
PTP000712,AC000131,call,AT0010353,,tele_agent,TA020,2026-04-15 08:08:35,2026-05-10,15700.0,27000.0,self,True
PTP000713,AC000145,call,AT0010357,,tele_agent,TA016,2026-04-15 08:18:35,2026-05-05,4900.0,4900.0,self,True
PTP000714,AC000173,call,AT0010362,,tele_agent,TA017,2026-04-15 08:09:47,2026-04-18,178200.0,178200.0,self,True
PTP000715,AC000274,call,AT0010384,,tele_agent,TA004,2026-04-15 10:53:02,2026-04-16,24450.0,24450.0,self,True
PTP000716,AC000362,call,AT0010406,,tele_agent,TA014,2026-04-15 08:35:45,2026-04-22,7300.0,7300.0,self,True
PTP000717,AC000456,call,AT0010422,,tele_agent,TA001,2026-04-15 11:04:11,2026-04-16,2700.0,2700.0,self,True
PTP000718,AC000589,call,AT0010449,,tele_agent,TA006,2026-04-15 10:14:19,2026-04-30,4400.0,8400.0,self,True
PTP000719,AC000616,call,AT0010454,,tele_agent,TA016,2026-04-15 09:31:24,2026-04-16,700.0,1100.0,self,True
PTP000720,AC000618,call,AT0010455,,tele_agent,TA016,2026-04-15 09:09:11,2026-04-21,21150.0,21150.0,self,True
PTP000721,AC000655,call,AT0010469,,tele_agent,TA010,2026-04-15 11:24:31,2026-04-22,6900.0,6900.0,third_party,False
PTP000722,AC000744,call,AT0010490,,tele_agent,TA006,2026-04-15 08:38:01,2026-04-22,11400.0,11400.0,self,False
PTP000723,AC000855,call,AT0010515,,tele_agent,TA019,2026-04-15 12:58:43,2026-04-16,3150.0,3150.0,self,True
PTP000724,AC000960,call,AT0010543,,tele_agent,TA011,2026-04-15 08:16:48,2026-04-22,6600.0,6600.0,self,True
PTP000725,AC000997,call,AT0010546,,tele_agent,TA002,2026-04-15 09:27:00,2026-04-25,1600.0,1600.0,self,True
PTP000726,AC001011,call,AT0010551,,tele_agent,TA005,2026-04-15 11:56:43,2026-05-07,2700.0,2700.0,self,False
PTP000727,AC001067,call,AT0010569,,tele_agent,TA008,2026-04-15 11:17:03,2026-04-17,8900.0,8900.0,self,True
PTP000728,AC001074,call,AT0010570,,tele_agent,TA002,2026-04-15 10:21:54,2026-05-02,78600.0,78600.0,self,True
PTP000729,AC001210,call,AT0010599,,tele_agent,TA004,2026-04-15 10:57:02,2026-04-16,3300.0,3300.0,self,True
PTP000730,AC001246,call,AT0010609,,tele_agent,TA012,2026-04-15 10:36:56,2026-04-21,500.0,1250.0,self,False
PTP000731,AC001271,call,AT0010613,,tele_agent,TA009,2026-04-15 09:41:37,2026-04-23,9200.0,9200.0,self,False
PTP000732,AC001397,call,AT0010641,,tele_agent,TA013,2026-04-15 08:17:45,2026-04-16,4600.0,4600.0,self,True
PTP000733,AC001589,call,AT0010689,,tele_agent,TA009,2026-04-15 08:35:48,2026-05-09,5000.0,5000.0,self,True
PTP000734,AC001844,call,AT0010738,,tele_agent,TA019,2026-04-15 08:48:16,2026-05-05,34800.0,34800.0,self,True
PTP000735,AC002008,call,AT0010770,,tele_agent,TA003,2026-04-15 12:45:01,2026-04-17,5100.0,5100.0,self,True
PTP000736,AC002053,call,AT0010786,,tele_agent,TA011,2026-04-15 08:49:30,2026-04-16,29800.0,29800.0,self,True
PTP000737,AC002109,call,AT0010803,,tele_agent,TA019,2026-04-15 11:18:50,2026-04-16,75600.0,75600.0,self,True
PTP000738,AC002296,call,AT0010844,,tele_agent,TA013,2026-04-15 12:19:23,2026-05-10,7900.0,7900.0,self,True
PTP000739,AC002305,call,AT0010848,,tele_agent,TA015,2026-04-15 08:06:43,2026-04-23,2500.0,6000.0,self,True
PTP000740,AC002032,call,AT0010997,,voice_bot,BOT01,2026-04-15 14:06:52,2026-04-18,9300.0,15050.0,self,True
PTP000741,AC000194,call,AT0010891,,tele_agent,TA010,2026-04-15 16:49:58,2026-04-16,8600.0,8600.0,self,False
PTP000742,AC000531,call,AT0010908,,tele_agent,TA012,2026-04-15 15:48:50,2026-04-16,128700.0,128700.0,self,False
PTP000743,AC000621,call,AT0010914,,tele_agent,TA012,2026-04-15 17:40:58,2026-05-10,15000.0,15000.0,self,True
PTP000744,AC000667,call,AT0010921,,tele_agent,TA016,2026-04-15 17:42:30,2026-04-17,4700.0,4700.0,self,True
PTP000745,AC000869,call,AT0010936,,tele_agent,TA019,2026-04-15 14:53:48,2026-04-16,3900.0,3900.0,self,True
PTP000746,AC001098,call,AT0010949,,tele_agent,TA019,2026-04-15 14:41:18,2026-04-22,2400.0,2400.0,self,False
PTP000747,AC001254,call,AT0010955,,tele_agent,TA003,2026-04-15 15:43:29,2026-04-17,11000.0,11000.0,self,True
PTP000748,AC001499,call,AT0010968,,tele_agent,TA005,2026-04-15 14:10:54,2026-04-16,5600.0,5600.0,self,False
PTP000749,AC001505,call,AT0010969,,tele_agent,TA018,2026-04-15 13:41:57,2026-04-22,3100.0,9250.0,third_party,True
PTP000750,AC002063,call,AT0011003,,tele_agent,TA018,2026-04-15 16:20:46,2026-05-10,2350.0,2350.0,self,True
PTP000751,AC002315,call,AT0011024,,tele_agent,TA012,2026-04-15 18:45:17,2026-05-10,21200.0,21200.0,self,True
PTP000752,AC000922,field_visit,,VS000889,field,FA001,2026-04-15 11:28:45,2026-04-19,48600.0,48600.0,self,False
PTP000753,AC001768,field_visit,,VS000914,field,FA005,2026-04-15 12:37:16,2026-04-22,3000.0,3000.0,self,False
PTP000754,AC000281,field_visit,,VS000923,field,FA009,2026-04-15 13:06:18,2026-04-24,42600.0,42600.0,family_member,False
PTP000755,AC000620,field_visit,,VS000924,field,FA009,2026-04-15 13:36:18,2026-05-10,18500.0,18500.0,self,True
PTP000756,AC001544,field_visit,,VS000931,field,FA007,2026-04-15 12:19:31,2026-04-24,13000.0,34050.0,self,False
PTP000757,AC000259,call,AT0011083,,voice_bot,BOT01,2026-04-16 09:04:06,2026-04-17,15300.0,31650.0,self,True
PTP000758,AC000477,call,AT0011127,,voice_bot,BOT01,2026-04-16 08:32:52,2026-04-17,11750.0,11750.0,self,True
PTP000759,AC001047,call,AT0011237,,voice_bot,BOT01,2026-04-16 12:25:15,2026-04-19,4100.0,8400.0,self,True
PTP000760,AC000036,call,AT0011041,,tele_agent,TA013,2026-04-16 11:32:13,2026-04-24,6100.0,13000.0,self,False
PTP000761,AC000042,call,AT0011042,,tele_agent,TA010,2026-04-16 09:54:33,2026-05-01,5300.0,8700.0,self,True
PTP000762,AC000101,call,AT0011052,,tele_agent,TA013,2026-04-16 11:04:22,2026-04-17,10750.0,10750.0,self,False
PTP000763,AC000150,call,AT0011061,,tele_agent,TA017,2026-04-16 08:39:09,2026-05-11,19300.0,19300.0,self,True
PTP000764,AC000275,call,AT0011085,,tele_agent,TA011,2026-04-16 09:16:39,2026-04-26,900.0,2300.0,self,True
PTP000765,AC000408,call,AT0011115,,tele_agent,TA011,2026-04-16 10:17:31,2026-04-22,15750.0,15750.0,self,True
PTP000766,AC000428,call,AT0011119,,tele_agent,TA018,2026-04-16 12:59:24,2026-04-20,35700.0,35700.0,self,False
PTP000767,AC000502,call,AT0011134,,tele_agent,TA020,2026-04-16 09:21:52,2026-04-17,3500.0,3500.0,self,True
PTP000768,AC000530,call,AT0011143,,tele_agent,TA012,2026-04-16 09:53:38,2026-04-21,28650.0,28650.0,self,True
PTP000769,AC000590,call,AT0011156,,tele_agent,TA019,2026-04-16 09:45:47,2026-04-30,14300.0,14300.0,self,True
PTP000770,AC000674,call,AT0011176,,tele_agent,TA006,2026-04-16 08:50:49,2026-04-18,25700.0,25700.0,self,True
PTP000771,AC000792,call,AT0011199,,tele_agent,TA018,2026-04-16 08:41:50,2026-04-23,4800.0,4800.0,self,True
PTP000772,AC000859,call,AT0011210,,tele_agent,TA009,2026-04-16 12:28:09,2026-04-25,21000.0,21000.0,self,True
PTP000773,AC001184,call,AT0011270,,tele_agent,TA010,2026-04-16 12:18:39,2026-04-23,19400.0,33000.0,third_party,False
PTP000774,AC001360,call,AT0011309,,tele_agent,TA014,2026-04-16 08:44:33,2026-04-23,44400.0,44400.0,self,True
PTP000775,AC001849,call,AT0011415,,tele_agent,TA013,2026-04-16 12:48:42,2026-04-23,12150.0,12150.0,self,False
PTP000776,AC001980,call,AT0011452,,tele_agent,TA004,2026-04-16 10:38:55,2026-04-23,11500.0,17250.0,self,False
PTP000777,AC002141,call,AT0011496,,tele_agent,TA020,2026-04-16 11:55:55,2026-05-11,4600.0,9750.0,self,True
PTP000778,AC002157,call,AT0011499,,tele_agent,TA003,2026-04-16 08:59:54,2026-04-18,4050.0,4050.0,self,True
PTP000779,AC002169,call,AT0011502,,tele_agent,TA003,2026-04-16 10:23:53,2026-04-17,5600.0,5600.0,self,False
PTP000780,AC002370,call,AT0011548,,tele_agent,TA012,2026-04-16 12:59:20,2026-04-23,16700.0,16700.0,self,True
PTP000781,AC000011,call,AT0011551,,tele_agent,TA016,2026-04-16 17:31:53,2026-04-23,2300.0,2300.0,self,True
PTP000782,AC000576,call,AT0011583,,tele_agent,TA015,2026-04-16 18:22:04,2026-04-17,72500.0,123300.0,self,True
PTP000783,AC001222,call,AT0011624,,tele_agent,TA013,2026-04-16 14:57:26,2026-05-06,9400.0,9400.0,self,True
PTP000784,AC001760,call,AT0011665,,tele_agent,TA020,2026-04-16 16:22:18,2026-04-30,5600.0,9250.0,self,True
PTP000785,AC000511,field_visit,,VS000945,field,FA003,2026-04-16 13:01:01,2026-04-19,10650.0,10650.0,self,False
PTP000786,AC002362,field_visit,,VS000956,field,FA001,2026-04-16 12:12:12,2026-04-17,10000.0,10000.0,self,True
PTP000787,AC001759,field_visit,,VS000962,field,FA002,2026-04-16 11:59:55,2026-04-17,3150.0,3150.0,self,False
PTP000788,AC001736,field_visit,,VS000981,field,FA004,2026-04-16 12:04:41,2026-04-23,6000.0,11400.0,family_member,False
PTP000789,AC001045,field_visit,,VS000993,field,FA006,2026-04-16 12:32:36,2026-04-23,17400.0,17400.0,self,False
PTP000790,AC001123,field_visit,,VS000996,field,FA009,2026-04-16 10:59:44,2026-04-19,68000.0,68000.0,self,True
PTP000791,AC000826,field_visit,,VS001001,field,FA009,2026-04-16 13:00:26,2026-04-18,28800.0,28800.0,self,True
PTP000792,AC002090,field_visit,,VS001007,field,FA008,2026-04-16 12:23:15,2026-04-30,104750.0,104750.0,self,False
PTP000793,AC000837,field_visit,,VS001013,field,FA007,2026-04-16 11:58:26,2026-04-23,62400.0,62400.0,self,True
PTP000794,AC000045,call,AT0011723,,voice_bot,BOT01,2026-04-17 08:13:28,2026-05-01,900.0,2900.0,self,True
PTP000795,AC000514,call,AT0011822,,voice_bot,BOT01,2026-04-17 09:49:16,2026-04-26,3700.0,6150.0,family_member,True
PTP000796,AC001008,call,AT0011928,,voice_bot,BOT01,2026-04-17 08:56:59,2026-04-22,6400.0,6400.0,self,True
PTP000797,AC001107,call,AT0011958,,voice_bot,BOT01,2026-04-17 12:56:05,2026-04-18,700.0,1050.0,self,True
PTP000798,AC002095,call,AT0012199,,voice_bot,BOT01,2026-04-17 10:16:33,2026-04-18,15400.0,15400.0,self,True
PTP000799,AC000250,call,AT0011770,,tele_agent,TA012,2026-04-17 09:56:35,2026-05-12,23600.0,23600.0,self,False
PTP000800,AC000376,call,AT0011796,,tele_agent,TA004,2026-04-17 08:43:41,2026-04-18,26400.0,26400.0,self,True
PTP000801,AC000403,call,AT0011801,,tele_agent,TA002,2026-04-17 10:53:31,2026-04-24,1950.0,1950.0,self,True
PTP000802,AC000425,call,AT0011806,,tele_agent,TA005,2026-04-17 08:49:55,2026-04-23,9000.0,25850.0,self,True
PTP000803,AC000455,call,AT0011811,,tele_agent,TA003,2026-04-17 10:17:00,2026-04-21,10100.0,10100.0,self,True
PTP000804,AC000492,call,AT0011818,,tele_agent,TA014,2026-04-17 11:32:13,2026-04-19,18700.0,18700.0,self,False
PTP000805,AC000542,call,AT0011832,,tele_agent,TA017,2026-04-17 12:20:57,2026-04-24,9100.0,9100.0,self,True
PTP000806,AC000578,call,AT0011838,,tele_agent,TA005,2026-04-17 12:03:48,2026-04-18,7200.0,7200.0,self,True
PTP000807,AC000807,call,AT0011882,,tele_agent,TA004,2026-04-17 09:34:02,2026-04-26,20700.0,20700.0,self,True
PTP000808,AC000887,call,AT0011904,,tele_agent,TA003,2026-04-17 10:53:47,2026-04-19,21300.0,21300.0,self,False
PTP000809,AC000950,call,AT0011921,,tele_agent,TA012,2026-04-17 10:17:55,2026-04-24,3100.0,3100.0,self,True
PTP000810,AC001060,call,AT0011941,,tele_agent,TA010,2026-04-17 12:51:54,2026-04-24,113300.0,113300.0,self,True
PTP000811,AC001069,call,AT0011944,,tele_agent,TA009,2026-04-17 08:17:12,2026-04-30,1700.0,3750.0,self,False
PTP000812,AC001215,call,AT0011987,,tele_agent,TA012,2026-04-17 10:08:21,2026-04-19,5700.0,14400.0,self,False
PTP000813,AC001408,call,AT0012029,,tele_agent,TA019,2026-04-17 10:31:34,2026-04-18,7500.0,7500.0,self,True
PTP000814,AC001530,call,AT0012056,,tele_agent,TA003,2026-04-17 11:27:32,2026-04-21,1100.0,1600.0,self,True
PTP000815,AC001566,call,AT0012065,,tele_agent,TA012,2026-04-17 12:29:34,2026-04-23,7950.0,7950.0,self,False
PTP000816,AC001629,call,AT0012082,,tele_agent,TA014,2026-04-17 10:02:47,2026-04-24,68600.0,68600.0,self,False
PTP000817,AC001763,call,AT0012117,,tele_agent,TA012,2026-04-17 10:10:05,2026-04-24,75600.0,75600.0,self,True
PTP000818,AC001773,call,AT0012121,,tele_agent,TA012,2026-04-17 11:00:55,2026-05-12,1200.0,1850.0,self,True
PTP000819,AC001896,call,AT0012147,,tele_agent,TA004,2026-04-17 12:54:25,2026-04-29,2900.0,7600.0,self,True
PTP000820,AC001975,call,AT0012168,,tele_agent,TA019,2026-04-17 11:58:24,2026-04-22,37000.0,65550.0,self,True
PTP000821,AC002025,call,AT0012181,,tele_agent,TA017,2026-04-17 08:34:35,2026-04-18,20400.0,20400.0,self,True
PTP000822,AC002147,call,AT0012210,,tele_agent,TA009,2026-04-17 09:14:39,2026-04-26,51300.0,104400.0,self,True
PTP000823,AC002199,call,AT0012221,,tele_agent,TA018,2026-04-17 08:44:13,2026-04-28,5700.0,5700.0,self,True
PTP000824,AC000346,call,AT0012293,,tele_agent,TA002,2026-04-17 14:57:43,2026-05-12,42250.0,42250.0,self,True
PTP000825,AC000546,call,AT0012306,,tele_agent,TA006,2026-04-17 16:08:17,2026-04-30,31800.0,31800.0,self,False
PTP000826,AC000662,call,AT0012319,,tele_agent,TA008,2026-04-17 14:45:00,2026-04-22,9300.0,14200.0,self,True
PTP000827,AC000782,call,AT0012328,,tele_agent,TA006,2026-04-17 14:23:18,2026-04-18,8500.0,8500.0,self,True
PTP000828,AC001087,call,AT0012352,,tele_agent,TA020,2026-04-17 17:17:02,2026-04-25,24800.0,24800.0,self,False
PTP000829,AC001135,call,AT0012356,,tele_agent,TA006,2026-04-17 17:40:02,2026-05-05,1550.0,1550.0,self,True
PTP000830,AC001372,call,AT0012375,,tele_agent,TA007,2026-04-17 16:47:10,2026-04-24,13050.0,13050.0,self,True
PTP000831,AC001450,call,AT0012381,,tele_agent,TA009,2026-04-17 13:52:34,2026-04-22,1650.0,1650.0,self,False
PTP000832,AC001469,call,AT0012384,,tele_agent,TA018,2026-04-17 18:55:45,2026-04-26,4000.0,4000.0,self,True
PTP000833,AC001621,call,AT0012398,,tele_agent,TA012,2026-04-17 14:30:54,2026-04-30,1700.0,4100.0,self,False
PTP000834,AC001904,call,AT0012422,,tele_agent,TA017,2026-04-17 17:37:23,2026-05-02,12300.0,12300.0,self,False
PTP000835,AC001950,call,AT0012426,,tele_agent,TA016,2026-04-17 15:42:09,2026-04-19,15600.0,15600.0,self,True
PTP000836,AC002349,call,AT0012448,,tele_agent,TA020,2026-04-17 15:13:34,2026-04-30,7900.0,7900.0,self,True
PTP000837,AC000190,field_visit,,VS001020,field,FA001,2026-04-17 10:59:50,2026-04-24,44000.0,44000.0,self,False
PTP000838,AC001494,field_visit,,VS001056,field,FA004,2026-04-17 11:57:24,2026-04-22,38600.0,38600.0,family_member,False
PTP000839,AC002041,field_visit,,VS001059,field,FA004,2026-04-17 12:56:20,2026-04-25,27300.0,27300.0,self,False
PTP000840,AC001669,field_visit,,VS001076,field,FA007,2026-04-17 10:34:33,2026-04-24,3200.0,5000.0,self,False
PTP000841,AC000128,call,AT0012482,,voice_bot,BOT01,2026-04-18 10:54:26,2026-04-25,1200.0,3000.0,self,True
PTP000842,AC000575,call,AT0012587,,voice_bot,BOT01,2026-04-18 11:48:34,2026-04-19,1150.0,1150.0,self,True
PTP000843,AC001721,call,AT0012884,,voice_bot,BOT01,2026-04-18 09:08:55,2026-04-25,4600.0,10100.0,self,False
PTP000844,AC002200,call,AT0012992,,voice_bot,BOT01,2026-04-18 11:12:10,2026-05-01,1700.0,3350.0,self,True
PTP000845,AC002284,call,AT0013018,,voice_bot,BOT01,2026-04-18 12:48:25,2026-04-19,39950.0,39950.0,self,True
PTP000846,AC000075,call,AT0012470,,tele_agent,TA006,2026-04-18 10:26:10,2026-04-25,9500.0,30000.0,self,False
PTP000847,AC000249,call,AT0012516,,tele_agent,TA004,2026-04-18 09:39:52,2026-04-19,2300.0,2300.0,self,True
PTP000848,AC000357,call,AT0012546,,tele_agent,TA012,2026-04-18 09:56:08,2026-04-19,79300.0,79300.0,self,False
PTP000849,AC000389,call,AT0012551,,tele_agent,TA005,2026-04-18 08:57:46,2026-04-25,8600.0,8600.0,self,True
PTP000850,AC000413,call,AT0012555,,tele_agent,TA004,2026-04-18 11:07:18,2026-04-30,6300.0,12300.0,self,True
PTP000851,AC000729,call,AT0012621,,tele_agent,TA015,2026-04-18 08:14:07,2026-04-25,850.0,850.0,self,False
PTP000852,AC001052,call,AT0012699,,tele_agent,TA017,2026-04-18 08:37:12,2026-05-05,23450.0,23450.0,self,False
PTP000853,AC001095,call,AT0012712,,tele_agent,TA006,2026-04-18 08:48:30,2026-04-24,218400.0,218400.0,self,True
PTP000854,AC001127,call,AT0012723,,tele_agent,TA020,2026-04-18 12:55:03,2026-04-20,1300.0,1300.0,self,True
PTP000855,AC001330,call,AT0012779,,tele_agent,TA009,2026-04-18 08:10:56,2026-04-20,13200.0,13200.0,self,True
PTP000856,AC001626,call,AT0012856,,tele_agent,TA016,2026-04-18 08:35:34,2026-04-19,16900.0,16900.0,self,True
PTP000857,AC001689,call,AT0012875,,tele_agent,TA017,2026-04-18 09:37:52,2026-04-20,4100.0,4100.0,self,True
PTP000858,AC001742,call,AT0012892,,tele_agent,TA003,2026-04-18 10:51:13,2026-04-26,11050.0,11050.0,self,True
PTP000859,AC001751,call,AT0012895,,tele_agent,TA003,2026-04-18 08:15:24,2026-05-07,12000.0,19600.0,self,True
PTP000860,AC001986,call,AT0012937,,tele_agent,TA005,2026-04-18 09:06:05,2026-04-25,2150.0,2150.0,self,True
PTP000861,AC002047,call,AT0012953,,tele_agent,TA020,2026-04-18 08:51:55,2026-04-19,9400.0,9400.0,self,False
PTP000862,AC002076,call,AT0012961,,tele_agent,TA006,2026-04-18 10:33:30,2026-04-19,6900.0,6900.0,self,True
PTP000863,AC002121,call,AT0012972,,tele_agent,TA013,2026-04-18 11:39:03,2026-04-24,6600.0,6600.0,self,True
PTP000864,AC002244,call,AT0013008,,tele_agent,TA017,2026-04-18 09:18:37,2026-04-19,2500.0,2500.0,self,True
PTP000865,AC002329,call,AT0013032,,tele_agent,TA008,2026-04-18 09:48:13,2026-04-25,19900.0,19900.0,self,False
PTP000866,AC000082,call,AT0013060,,tele_agent,TA008,2026-04-18 15:30:44,2026-04-23,27600.0,27600.0,self,True
PTP000867,AC000840,call,AT0013104,,tele_agent,TA004,2026-04-18 13:31:44,2026-04-25,67000.0,67000.0,self,True
PTP000868,AC001209,call,AT0013136,,tele_agent,TA009,2026-04-18 18:51:24,2026-04-19,13550.0,13550.0,self,True
PTP000869,AC001252,call,AT0013138,,tele_agent,TA016,2026-04-18 13:57:02,2026-04-30,5900.0,5900.0,self,True
PTP000870,AC001359,call,AT0013147,,tele_agent,TA001,2026-04-18 18:45:40,2026-04-24,15500.0,35400.0,self,True
PTP000871,AC001524,call,AT0013167,,tele_agent,TA002,2026-04-18 16:15:09,2026-04-25,14400.0,14400.0,third_party,False
PTP000872,AC001858,call,AT0013198,,tele_agent,TA015,2026-04-18 14:17:26,2026-05-05,26400.0,26400.0,self,True
PTP000873,AC002303,call,AT0013233,,tele_agent,TA008,2026-04-18 13:38:05,2026-04-25,1500.0,4200.0,self,True
PTP000874,AC000034,field_visit,,VS001117,field,FA003,2026-04-18 13:36:03,2026-05-11,30000.0,30000.0,self,True
PTP000875,AC001500,field_visit,,VS001121,field,FA006,2026-04-18 12:02:11,2026-04-20,8250.0,8250.0,self,False
PTP000876,AC000451,field_visit,,VS001139,field,FA004,2026-04-18 11:36:54,2026-04-22,10500.0,10500.0,self,False
PTP000877,AC001173,field_visit,,VS001158,field,FA008,2026-04-18 11:14:28,2026-04-30,3000.0,5600.0,self,True
PTP000878,AC000931,call,AT0013329,,voice_bot,BOT01,2026-04-19 12:27:38,2026-04-26,4300.0,7150.0,self,True
PTP000879,AC001166,call,AT0013356,,voice_bot,BOT01,2026-04-19 08:30:19,2026-04-29,800.0,2050.0,self,True
PTP000880,AC000022,call,AT0013244,,tele_agent,TA019,2026-04-19 09:49:36,2026-05-10,11600.0,11600.0,self,False
PTP000881,AC000188,call,AT0013260,,tele_agent,TA005,2026-04-19 12:56:13,2026-04-20,12000.0,12000.0,self,True
PTP000882,AC000340,call,AT0013281,,tele_agent,TA014,2026-04-19 08:33:38,2026-04-25,16800.0,16800.0,self,False
PTP000883,AC000531,call,AT0013292,,tele_agent,TA012,2026-04-19 11:11:02,2026-04-20,128700.0,128700.0,self,True
PTP000884,AC000706,call,AT0013306,,tele_agent,TA007,2026-04-19 09:48:32,2026-05-02,9000.0,24900.0,self,True
PTP000885,AC000770,call,AT0013309,,tele_agent,TA007,2026-04-19 08:09:00,2026-04-20,11750.0,11750.0,self,True
PTP000886,AC000884,call,AT0013324,,tele_agent,TA006,2026-04-19 12:23:33,2026-05-12,4400.0,6500.0,self,True
PTP000887,AC000888,call,AT0013325,,tele_agent,TA011,2026-04-19 08:49:23,2026-04-21,5300.0,12600.0,self,True
PTP000888,AC001050,call,AT0013341,,tele_agent,TA012,2026-04-19 11:58:04,2026-04-23,6000.0,6000.0,self,True
PTP000889,AC001485,call,AT0013384,,tele_agent,TA002,2026-04-19 09:29:51,2026-04-26,3400.0,3400.0,self,False
PTP000890,AC001545,call,AT0013392,,tele_agent,TA010,2026-04-19 08:35:16,2026-04-20,2900.0,2900.0,self,False
PTP000891,AC001685,call,AT0013401,,tele_agent,TA013,2026-04-19 08:12:24,2026-04-30,73800.0,73800.0,self,True
PTP000892,AC001771,call,AT0013407,,tele_agent,TA018,2026-04-19 12:08:44,2026-04-20,9700.0,9700.0,self,True
PTP000893,AC001900,call,AT0013421,,tele_agent,TA003,2026-04-19 11:47:39,2026-04-21,50850.0,50850.0,self,True
PTP000894,AC002058,call,AT0013437,,tele_agent,TA016,2026-04-19 10:04:04,2026-04-25,2500.0,2500.0,self,True
PTP000895,AC000210,call,AT0013471,,tele_agent,TA010,2026-04-19 18:16:46,2026-04-26,2100.0,3750.0,self,True
PTP000896,AC000322,call,AT0013479,,tele_agent,TA008,2026-04-19 15:04:35,2026-04-24,17800.0,27050.0,self,False
PTP000897,AC000634,call,AT0013491,,tele_agent,TA005,2026-04-19 18:31:14,2026-04-28,3100.0,3100.0,self,True
PTP000898,AC000845,call,AT0013495,,tele_agent,TA016,2026-04-19 16:55:30,2026-04-21,1800.0,1800.0,self,True
PTP000899,AC001090,call,AT0013504,,tele_agent,TA002,2026-04-19 14:46:40,2026-04-25,15500.0,15500.0,self,False
PTP000900,AC001152,call,AT0013507,,tele_agent,TA019,2026-04-19 15:44:03,2026-04-29,25050.0,25050.0,self,True
PTP000901,AC002142,call,AT0013538,,tele_agent,TA008,2026-04-19 18:36:56,2026-04-26,6000.0,6000.0,self,True
PTP000902,AC000010,call,AT0013547,,voice_bot,BOT01,2026-04-20 09:24:42,2026-04-21,9150.0,9150.0,self,False
PTP000903,AC000114,call,AT0013566,,voice_bot,BOT01,2026-04-20 09:41:42,2026-04-29,33750.0,33750.0,self,True
PTP000904,AC000195,call,AT0013592,,voice_bot,BOT01,2026-04-20 12:40:29,2026-04-27,8200.0,8200.0,self,True
PTP000905,AC000537,call,AT0013681,,voice_bot,BOT01,2026-04-20 12:13:14,2026-04-22,1000.0,1800.0,self,True
PTP000906,AC000772,call,AT0013735,,voice_bot,BOT01,2026-04-20 12:31:18,2026-04-27,1100.0,2150.0,self,True
PTP000907,AC001415,call,AT0013879,,voice_bot,BOT01,2026-04-20 11:03:13,2026-04-21,21650.0,21650.0,self,True
PTP000908,AC001618,call,AT0013922,,voice_bot,BOT01,2026-04-20 08:45:09,2026-05-10,1550.0,1550.0,self,True
PTP000909,AC001730,call,AT0013951,,voice_bot,BOT01,2026-04-20 10:31:18,2026-04-22,2850.0,2850.0,self,True
PTP000910,AC001804,call,AT0013968,,voice_bot,BOT01,2026-04-20 12:21:23,2026-04-27,2750.0,2750.0,self,False
PTP000911,AC002397,call,AT0014118,,voice_bot,BOT01,2026-04-20 08:34:07,2026-04-22,2650.0,2650.0,self,True
PTP000912,AC000126,call,AT0013571,,tele_agent,TA009,2026-04-20 11:21:50,2026-05-06,12100.0,19950.0,self,False
PTP000913,AC000236,call,AT0013604,,tele_agent,TA020,2026-04-20 08:22:04,2026-04-22,3300.0,3300.0,self,True
PTP000914,AC000249,call,AT0013607,,tele_agent,TA004,2026-04-20 08:32:21,2026-05-07,2300.0,2300.0,self,True
PTP000915,AC000305,call,AT0013628,,tele_agent,TA007,2026-04-20 08:10:55,2026-04-30,11250.0,11250.0,self,False
PTP000916,AC000341,call,AT0013634,,tele_agent,TA013,2026-04-20 11:43:46,2026-04-26,4800.0,4800.0,self,False
PTP000917,AC000426,call,AT0013651,,tele_agent,TA005,2026-04-20 08:29:53,2026-04-21,6550.0,6550.0,self,True
PTP000918,AC000526,call,AT0013677,,tele_agent,TA003,2026-04-20 08:54:22,2026-05-10,27900.0,27900.0,self,True
PTP000919,AC000699,call,AT0013723,,tele_agent,TA005,2026-04-20 09:05:41,2026-04-25,3950.0,3950.0,self,True
PTP000920,AC000736,call,AT0013731,,tele_agent,TA018,2026-04-20 09:44:52,2026-05-10,16200.0,16200.0,self,True
PTP000921,AC000898,call,AT0013763,,tele_agent,TA019,2026-04-20 08:22:49,2026-04-30,4700.0,8200.0,self,False
PTP000922,AC000915,call,AT0013766,,tele_agent,TA016,2026-04-20 08:54:00,2026-04-21,3600.0,3600.0,self,True
PTP000923,AC001080,call,AT0013805,,tele_agent,TA016,2026-04-20 10:26:15,2026-04-27,3200.0,3200.0,self,True
PTP000924,AC001144,call,AT0013814,,tele_agent,TA017,2026-04-20 09:28:39,2026-04-27,33600.0,33600.0,self,True
PTP000925,AC001253,call,AT0013837,,tele_agent,TA011,2026-04-20 09:38:26,2026-04-30,7500.0,10800.0,self,True
PTP000926,AC001302,call,AT0013845,,tele_agent,TA008,2026-04-20 11:32:09,2026-04-23,9150.0,9150.0,self,True
PTP000927,AC001367,call,AT0013867,,tele_agent,TA017,2026-04-20 09:47:02,2026-04-22,12800.0,12800.0,self,False
PTP000928,AC001402,call,AT0013873,,tele_agent,TA006,2026-04-20 09:14:51,2026-04-30,1200.0,3850.0,self,True
PTP000929,AC001406,call,AT0013876,,tele_agent,TA017,2026-04-20 09:14:31,2026-04-27,199800.0,199800.0,third_party,True
PTP000930,AC001456,call,AT0013886,,tele_agent,TA011,2026-04-20 08:13:07,2026-04-21,6900.0,12800.0,self,False
PTP000931,AC001593,call,AT0013917,,tele_agent,TA006,2026-04-20 09:09:30,2026-05-03,21300.0,21300.0,self,True
PTP000932,AC001648,call,AT0013930,,tele_agent,TA019,2026-04-20 08:30:35,2026-05-11,14800.0,28800.0,self,False
PTP000933,AC001756,call,AT0013958,,tele_agent,TA004,2026-04-20 11:35:00,2026-05-08,4150.0,4150.0,self,True
PTP000934,AC001779,call,AT0013962,,tele_agent,TA017,2026-04-20 11:06:45,2026-05-01,20400.0,20400.0,self,True
PTP000935,AC001789,call,AT0013963,,tele_agent,TA010,2026-04-20 10:54:07,2026-04-27,11100.0,11100.0,self,True
PTP000936,AC001822,call,AT0013973,,tele_agent,TA009,2026-04-20 09:28:43,2026-04-30,78600.0,78600.0,self,True
PTP000937,AC001933,call,AT0014007,,tele_agent,TA016,2026-04-20 10:24:23,2026-04-29,3800.0,3800.0,self,True
PTP000938,AC001937,call,AT0014010,,tele_agent,TA018,2026-04-20 10:20:18,2026-04-26,3700.0,9600.0,self,False
PTP000939,AC002288,call,AT0014094,,tele_agent,TA001,2026-04-20 08:33:35,2026-04-22,8000.0,8000.0,self,True
PTP000940,AC000180,call,AT0014130,,tele_agent,TA012,2026-04-20 16:12:59,2026-04-27,8550.0,8550.0,self,False
PTP000941,AC000229,call,AT0014135,,tele_agent,TA020,2026-04-20 17:35:14,2026-04-21,37600.0,37600.0,self,True
PTP000942,AC000766,call,AT0014178,,tele_agent,TA003,2026-04-20 17:55:43,2026-04-21,1600.0,1600.0,self,True
PTP000943,AC000854,call,AT0014183,,tele_agent,TA013,2026-04-20 16:42:14,2026-04-22,107400.0,107400.0,self,True
PTP000944,AC001441,call,AT0014223,,tele_agent,TA011,2026-04-20 16:52:02,2026-04-21,2100.0,2100.0,self,False
PTP000945,AC001935,call,AT0014258,,tele_agent,TA013,2026-04-20 18:18:23,2026-04-26,3200.0,3200.0,self,True
PTP000946,AC002153,call,AT0014271,,tele_agent,TA001,2026-04-20 14:11:55,2026-04-21,14100.0,14100.0,self,True
PTP000947,AC000804,field_visit,,VS001168,field,FA002,2026-04-20 10:01:56,2026-04-29,46200.0,46200.0,self,True
PTP000948,AC002238,field_visit,,VS001175,field,FA002,2026-04-20 13:27:40,2026-04-21,3000.0,7600.0,self,True
PTP000949,AC000376,field_visit,,VS001183,field,FA001,2026-04-20 12:30:15,2026-04-22,7400.0,20800.0,self,False
PTP000950,AC000751,field_visit,,VS001185,field,FA003,2026-04-20 10:45:15,2026-04-29,5800.0,8800.0,self,False
PTP000951,AC001296,field_visit,,VS001196,field,FA006,2026-04-20 11:30:53,2026-04-21,14800.0,14800.0,self,True
PTP000952,AC001873,field_visit,,VS001216,field,FA007,2026-04-20 10:21:46,2026-04-26,18600.0,29850.0,self,True
PTP000953,AC000631,field_visit,,VS001229,field,FA008,2026-04-20 11:37:26,2026-04-22,5500.0,13050.0,self,True
PTP000954,AC001239,field_visit,,VS001236,field,FA009,2026-04-20 11:40:16,2026-04-22,17850.0,17850.0,self,True
PTP000955,AC000037,call,AT0014303,,voice_bot,BOT01,2026-04-21 08:50:01,2026-04-28,3500.0,3500.0,self,False
PTP000956,AC000219,call,AT0014339,,voice_bot,BOT01,2026-04-21 09:24:15,2026-04-28,9700.0,9700.0,self,True
PTP000957,AC000669,call,AT0014434,,voice_bot,BOT01,2026-04-21 08:33:01,2026-04-28,2500.0,2500.0,self,True
PTP000958,AC000754,call,AT0014450,,voice_bot,BOT01,2026-04-21 10:10:07,2026-04-28,900.0,1250.0,family_member,True
PTP000959,AC001326,call,AT0014595,,voice_bot,BOT01,2026-04-21 08:28:40,2026-04-30,1700.0,2500.0,self,True
PTP000960,AC001578,call,AT0014659,,voice_bot,BOT01,2026-04-21 08:45:19,2026-04-28,2650.0,2650.0,self,True
PTP000961,AC002270,call,AT0014794,,voice_bot,BOT01,2026-04-21 08:56:33,2026-04-26,19200.0,19200.0,self,True
PTP000962,AC000283,call,AT0014356,,tele_agent,TA010,2026-04-21 09:21:03,2026-04-29,7600.0,11600.0,self,True
PTP000963,AC000300,call,AT0014364,,tele_agent,TA009,2026-04-21 10:16:07,2026-04-28,3750.0,3750.0,self,False
PTP000964,AC000489,call,AT0014395,,tele_agent,TA002,2026-04-21 11:38:00,2026-05-02,20400.0,20400.0,self,True
PTP000965,AC000786,call,AT0014455,,tele_agent,TA008,2026-04-21 08:54:27,2026-04-30,35850.0,35850.0,self,True
PTP000966,AC000823,call,AT0014463,,tele_agent,TA005,2026-04-21 11:49:16,2026-04-22,8300.0,8300.0,self,True
PTP000967,AC000864,call,AT0014473,,tele_agent,TA013,2026-04-21 12:42:47,2026-04-27,32400.0,32400.0,self,False
PTP000968,AC000866,call,AT0014474,,tele_agent,TA015,2026-04-21 10:23:55,2026-04-23,5000.0,9150.0,self,True
PTP000969,AC000946,call,AT0014494,,tele_agent,TA020,2026-04-21 09:31:15,2026-05-07,4700.0,14600.0,self,False
PTP000970,AC001077,call,AT0014525,,tele_agent,TA009,2026-04-21 12:09:48,2026-04-23,25950.0,25950.0,self,True
PTP000971,AC001103,call,AT0014532,,tele_agent,TA019,2026-04-21 08:41:09,2026-04-23,110400.0,110400.0,self,False
PTP000972,AC001108,call,AT0014534,,tele_agent,TA020,2026-04-21 08:35:00,2026-04-22,6100.0,6100.0,self,True
PTP000973,AC001128,call,AT0014541,,tele_agent,TA005,2026-04-21 10:31:18,2026-04-28,9500.0,21000.0,self,False
PTP000974,AC001199,call,AT0014558,,tele_agent,TA008,2026-04-21 10:59:24,2026-04-28,1400.0,3500.0,self,True
PTP000975,AC001256,call,AT0014575,,tele_agent,TA013,2026-04-21 09:11:39,2026-04-22,49800.0,49800.0,self,True
PTP000976,AC001434,call,AT0014624,,tele_agent,TA017,2026-04-21 09:31:12,2026-04-28,5500.0,11100.0,self,False
PTP000977,AC001440,call,AT0014627,,tele_agent,TA012,2026-04-21 12:55:39,2026-04-25,15200.0,30300.0,self,False
PTP000978,AC001645,call,AT0014670,,tele_agent,TA018,2026-04-21 13:00:43,2026-04-22,1300.0,2600.0,self,True
PTP000979,AC001664,call,AT0014676,,tele_agent,TA020,2026-04-21 11:37:22,2026-05-07,3100.0,6000.0,self,True
PTP000980,AC002020,call,AT0014742,,tele_agent,TA006,2026-04-21 08:26:15,2026-04-22,92950.0,92950.0,self,True
PTP000981,AC002066,call,AT0014751,,tele_agent,TA016,2026-04-21 08:59:17,2026-04-24,9450.0,9450.0,self,False
PTP000982,AC002079,call,AT0014753,,tele_agent,TA014,2026-04-21 09:11:16,2026-04-27,1500.0,1500.0,self,False
PTP000983,AC002120,call,AT0014763,,tele_agent,TA002,2026-04-21 10:35:09,2026-05-10,2600.0,4200.0,self,True
PTP000984,AC000093,call,AT0014826,,tele_agent,TA019,2026-04-21 17:40:53,2026-04-27,1350.0,1350.0,self,True
PTP000985,AC000157,call,AT0014828,,tele_agent,TA014,2026-04-21 15:12:01,2026-04-22,42100.0,42100.0,self,False
PTP000986,AC000808,call,AT0014866,,tele_agent,TA003,2026-04-21 17:34:53,2026-04-30,188400.0,188400.0,self,True
PTP000987,AC000988,call,AT0014874,,tele_agent,TA005,2026-04-21 13:18:52,2026-04-28,17750.0,17750.0,self,False
PTP000988,AC001092,call,AT0014883,,tele_agent,TA008,2026-04-21 17:23:34,2026-04-28,6900.0,6900.0,self,False
PTP000989,AC001274,call,AT0014899,,tele_agent,TA011,2026-04-21 14:36:41,2026-04-28,6800.0,17400.0,self,False
PTP000990,AC001553,call,AT0014927,,tele_agent,TA005,2026-04-21 15:05:04,2026-04-28,34300.0,61000.0,third_party,True
PTP000991,AC001701,call,AT0014941,,tele_agent,TA009,2026-04-21 17:08:00,2026-04-28,7950.0,7950.0,self,False
PTP000992,AC001889,call,AT0014948,,tele_agent,TA009,2026-04-21 15:48:23,2026-04-22,2900.0,2900.0,self,False
PTP000993,AC002085,call,AT0014963,,tele_agent,TA008,2026-04-21 15:42:18,2026-04-26,6150.0,6150.0,self,False
PTP000994,AC002146,call,AT0014968,,tele_agent,TA006,2026-04-21 18:21:13,2026-04-28,7400.0,7400.0,self,False
PTP000995,AC002244,call,AT0014977,,tele_agent,TA017,2026-04-21 16:45:35,2026-04-25,1100.0,2500.0,self,False
PTP000996,AC001012,field_visit,,VS001242,field,FA003,2026-04-21 11:16:48,2026-04-30,81500.0,81500.0,self,False
PTP000997,AC000608,field_visit,,VS001244,field,FA003,2026-04-21 12:11:25,2026-04-23,9900.0,19800.0,self,True
PTP000998,AC001091,field_visit,,VS001251,field,FA001,2026-04-21 11:07:16,2026-04-28,22050.0,22050.0,self,True
PTP000999,AC000918,field_visit,,VS001255,field,FA001,2026-04-21 13:03:44,2026-04-25,57700.0,57700.0,self,True
PTP001000,AC001717,field_visit,,VS001284,field,FA004,2026-04-21 12:27:22,2026-05-01,2900.0,8100.0,self,False
PTP001001,AC000415,field_visit,,VS001303,field,FA007,2026-04-21 12:44:47,2026-05-01,12750.0,12750.0,self,False
PTP001002,AC001040,field_visit,,VS001307,field,FA009,2026-04-21 10:01:47,2026-04-24,79500.0,79500.0,self,False
PTP001003,AC000066,call,AT0015002,,voice_bot,BOT01,2026-04-22 12:10:29,2026-04-29,4150.0,4150.0,self,True
PTP001004,AC000171,call,AT0015022,,voice_bot,BOT01,2026-04-22 12:45:07,2026-04-29,10200.0,10200.0,self,True
PTP001005,AC001240,call,AT0015276,,voice_bot,BOT01,2026-04-22 12:04:52,2026-04-30,7350.0,7350.0,self,True
PTP001006,AC001281,call,AT0015291,,voice_bot,BOT01,2026-04-22 11:44:48,2026-04-23,2100.0,4550.0,self,True
PTP001007,AC002054,call,AT0015482,,voice_bot,BOT01,2026-04-22 10:05:59,2026-04-30,1200.0,1950.0,self,True
PTP001008,AC000070,call,AT0015003,,tele_agent,TA016,2026-04-22 12:19:46,2026-04-25,4350.0,4350.0,self,False
PTP001009,AC000076,call,AT0015005,,tele_agent,TA010,2026-04-22 10:58:10,2026-05-02,51450.0,51450.0,third_party,True
PTP001010,AC000085,call,AT0015008,,tele_agent,TA005,2026-04-22 09:01:55,2026-04-23,14050.0,14050.0,self,True
PTP001011,AC000107,call,AT0015010,,tele_agent,TA018,2026-04-22 11:17:06,2026-05-02,4350.0,4350.0,self,True
PTP001012,AC000198,call,AT0015026,,tele_agent,TA019,2026-04-22 10:50:59,2026-04-30,2400.0,6000.0,self,False
PTP001013,AC000380,call,AT0015074,,tele_agent,TA009,2026-04-22 12:41:25,2026-04-30,6800.0,6800.0,self,False
PTP001014,AC000491,call,AT0015100,,tele_agent,TA005,2026-04-22 08:01:34,2026-04-23,23700.0,38750.0,self,True
PTP001015,AC000531,call,AT0015113,,tele_agent,TA012,2026-04-22 09:39:17,2026-04-25,49400.0,128700.0,self,False
PTP001016,AC000659,call,AT0015147,,tele_agent,TA003,2026-04-22 10:04:39,2026-04-29,2300.0,2300.0,self,True
PTP001017,AC000732,call,AT0015158,,tele_agent,TA013,2026-04-22 09:07:25,2026-04-26,6600.0,6600.0,self,True
PTP001018,AC000952,call,AT0015204,,tele_agent,TA012,2026-04-22 08:31:39,2026-04-24,24400.0,40150.0,self,True
PTP001019,AC001051,call,AT0015227,,tele_agent,TA006,2026-04-22 08:30:22,2026-04-23,3200.0,3200.0,self,False
PTP001020,AC001130,call,AT0015249,,tele_agent,TA014,2026-04-22 11:54:09,2026-04-29,31800.0,31800.0,self,True
PTP001021,AC001186,call,AT0015262,,tele_agent,TA017,2026-04-22 12:22:01,2026-04-26,3650.0,3650.0,self,True
PTP001022,AC001188,call,AT0015263,,tele_agent,TA006,2026-04-22 12:38:34,2026-04-26,750.0,750.0,self,True
PTP001023,AC001362,call,AT0015313,,tele_agent,TA020,2026-04-22 09:23:09,2026-05-08,2100.0,3150.0,self,False
PTP001024,AC001428,call,AT0015325,,tele_agent,TA014,2026-04-22 12:14:15,2026-04-23,194000.0,194000.0,self,True
PTP001025,AC001478,call,AT0015340,,tele_agent,TA006,2026-04-22 09:25:27,2026-04-27,17600.0,35500.0,third_party,False
PTP001026,AC001590,call,AT0015366,,tele_agent,TA013,2026-04-22 12:56:02,2026-04-28,14600.0,14600.0,self,False
PTP001027,AC001680,call,AT0015389,,tele_agent,TA014,2026-04-22 09:38:29,2026-05-02,27500.0,27500.0,self,True
PTP001028,AC001688,call,AT0015392,,tele_agent,TA003,2026-04-22 08:29:53,2026-04-23,7200.0,7200.0,self,False
PTP001029,AC001778,call,AT0015409,,tele_agent,TA010,2026-04-22 10:55:23,2026-04-23,2400.0,2400.0,self,True
PTP001030,AC001827,call,AT0015419,,tele_agent,TA010,2026-04-22 12:38:52,2026-05-05,1550.0,1550.0,self,True
PTP001031,AC001848,call,AT0015423,,tele_agent,TA006,2026-04-22 09:55:11,2026-04-23,1600.0,1600.0,self,False
PTP001032,AC001952,call,AT0015452,,tele_agent,TA004,2026-04-22 10:28:08,2026-04-23,5300.0,5300.0,self,True
PTP001033,AC002047,call,AT0015478,,tele_agent,TA020,2026-04-22 12:29:13,2026-04-26,9400.0,9400.0,self,True
PTP001034,AC002377,call,AT0015566,,tele_agent,TA015,2026-04-22 10:35:20,2026-04-29,4500.0,4500.0,self,True
PTP001035,AC000978,call,AT0015641,,voice_bot,BOT01,2026-04-22 15:02:21,2026-04-30,7400.0,7400.0,self,True
PTP001036,AC000159,call,AT0015579,,tele_agent,TA002,2026-04-22 14:12:38,2026-04-28,31200.0,31200.0,self,False
PTP001037,AC000212,call,AT0015582,,tele_agent,TA020,2026-04-22 17:32:46,2026-05-03,74200.0,74200.0,self,True
PTP001038,AC000607,call,AT0015614,,tele_agent,TA015,2026-04-22 16:14:15,2026-04-27,5500.0,8400.0,self,True
PTP001039,AC000932,call,AT0015639,,tele_agent,TA016,2026-04-22 16:54:00,2026-04-30,3700.0,3700.0,self,False
PTP001040,AC000993,call,AT0015643,,tele_agent,TA017,2026-04-22 14:49:57,2026-04-30,8500.0,8500.0,self,True
PTP001041,AC001064,call,AT0015648,,tele_agent,TA014,2026-04-22 18:17:02,2026-04-23,2200.0,2200.0,self,False
PTP001042,AC001072,call,AT0015650,,tele_agent,TA004,2026-04-22 17:59:13,2026-04-29,8800.0,8800.0,self,True
PTP001043,AC001766,call,AT0015700,,tele_agent,TA003,2026-04-22 13:20:52,2026-04-28,1600.0,3800.0,self,True
PTP001044,AC001908,call,AT0015714,,tele_agent,TA001,2026-04-22 14:33:23,2026-04-30,500.0,700.0,self,True
PTP001045,AC002019,call,AT0015723,,tele_agent,TA014,2026-04-22 15:16:12,2026-04-29,5900.0,12000.0,family_member,True
PTP001046,AC002050,call,AT0015724,,tele_agent,TA017,2026-04-22 15:28:13,2026-04-29,1900.0,2950.0,self,True
PTP001047,AC002052,call,AT0015725,,tele_agent,TA020,2026-04-22 16:59:11,2026-04-29,4700.0,4700.0,self,True
PTP001048,AC002113,call,AT0015733,,tele_agent,TA008,2026-04-22 14:53:36,2026-04-25,34950.0,34950.0,self,True
PTP001049,AC002172,call,AT0015736,,tele_agent,TA015,2026-04-22 17:23:02,2026-04-23,29250.0,29250.0,self,True
PTP001050,AC002272,field_visit,,VS001314,field,FA002,2026-04-22 10:58:11,2026-04-25,6300.0,16400.0,self,False
PTP001051,AC000251,field_visit,,VS001322,field,FA002,2026-04-22 13:45:32,2026-04-23,3200.0,5600.0,self,False
PTP001052,AC001930,field_visit,,VS001325,field,FA001,2026-04-22 10:23:48,2026-04-29,30500.0,51800.0,self,False
PTP001053,AC001927,field_visit,,VS001328,field,FA001,2026-04-22 12:00:13,2026-04-27,5600.0,12750.0,self,False
PTP001054,AC000015,field_visit,,VS001335,field,FA003,2026-04-22 12:28:22,2026-04-29,51800.0,80500.0,self,False
PTP001055,AC000149,field_visit,,VS001360,field,FA006,2026-04-22 12:38:08,2026-04-30,2400.0,5750.0,self,True
PTP001056,AC000141,field_visit,,VS001385,field,FA009,2026-04-22 11:42:47,2026-04-30,5850.0,5850.0,self,False
PTP001057,AC000006,call,AT0015756,,voice_bot,BOT01,2026-04-23 13:00:43,2026-05-02,4250.0,4250.0,self,True
PTP001058,AC000010,call,AT0015758,,voice_bot,BOT01,2026-04-23 11:33:34,2026-04-30,9150.0,9150.0,self,True
PTP001059,AC000080,call,AT0015776,,voice_bot,BOT01,2026-04-23 10:13:55,2026-05-16,2200.0,6900.0,self,True
PTP001060,AC000165,call,AT0015793,,voice_bot,BOT01,2026-04-23 08:47:28,2026-04-30,2050.0,2050.0,self,True
PTP001061,AC001452,call,AT0016094,,voice_bot,BOT01,2026-04-23 12:23:35,2026-04-30,2800.0,2800.0,self,True
PTP001062,AC002115,call,AT0016247,,voice_bot,BOT01,2026-04-23 08:14:36,2026-04-24,2900.0,5650.0,self,True
PTP001063,AC002291,call,AT0016283,,voice_bot,BOT01,2026-04-23 09:56:13,2026-04-26,8000.0,18550.0,self,True
PTP001064,AC000236,call,AT0015810,,tele_agent,TA020,2026-04-23 12:24:22,2026-05-01,1700.0,3300.0,self,True
PTP001065,AC000363,call,AT0015836,,tele_agent,TA012,2026-04-23 08:13:21,2026-04-30,4050.0,4050.0,self,True
PTP001066,AC000367,call,AT0015839,,tele_agent,TA012,2026-04-23 12:43:29,2026-04-24,21000.0,21000.0,self,True
PTP001067,AC000383,call,AT0015845,,tele_agent,TA018,2026-04-23 08:38:36,2026-05-03,7650.0,7650.0,self,True
PTP001068,AC000400,call,AT0015848,,tele_agent,TA002,2026-04-23 09:20:39,2026-04-24,5000.0,5000.0,self,True
PTP001069,AC000521,call,AT0015881,,tele_agent,TA014,2026-04-23 09:41:12,2026-05-02,18900.0,18900.0,self,True
PTP001070,AC000727,call,AT0015925,,tele_agent,TA001,2026-04-23 12:05:47,2026-04-24,900.0,900.0,self,False
PTP001071,AC000789,call,AT0015938,,tele_agent,TA002,2026-04-23 08:13:34,2026-04-30,51300.0,104550.0,self,True
PTP001072,AC000817,call,AT0015947,,tele_agent,TA011,2026-04-23 13:01:21,2026-05-08,1500.0,1500.0,self,True
PTP001073,AC000953,call,AT0015971,,tele_agent,TA011,2026-04-23 13:00:29,2026-05-09,177600.0,177600.0,self,False
PTP001074,AC001075,call,AT0015998,,tele_agent,TA013,2026-04-23 08:15:05,2026-05-10,2600.0,7100.0,self,True
PTP001075,AC001079,call,AT0016000,,tele_agent,TA009,2026-04-23 09:48:36,2026-04-24,25650.0,25650.0,self,True
PTP001076,AC001101,call,AT0016006,,tele_agent,TA011,2026-04-23 09:22:09,2026-05-16,900.0,1750.0,self,False
PTP001077,AC001161,call,AT0016019,,tele_agent,TA012,2026-04-23 12:02:57,2026-04-30,10050.0,10050.0,third_party,True
PTP001078,AC001178,call,AT0016024,,tele_agent,TA004,2026-04-23 12:22:39,2026-05-03,12250.0,12250.0,self,True
PTP001079,AC001214,call,AT0016035,,tele_agent,TA019,2026-04-23 10:26:38,2026-04-30,400.0,400.0,self,True
PTP001080,AC001431,call,AT0016088,,tele_agent,TA003,2026-04-23 12:56:10,2026-04-30,8100.0,8100.0,self,True
PTP001081,AC001448,call,AT0016092,,tele_agent,TA013,2026-04-23 09:07:20,2026-04-24,4350.0,4350.0,self,True
PTP001082,AC001530,call,AT0016112,,tele_agent,TA003,2026-04-23 08:12:44,2026-04-27,1000.0,1000.0,self,False
PTP001083,AC001575,call,AT0016124,,tele_agent,TA011,2026-04-23 10:03:10,2026-04-24,2400.0,2400.0,self,True
PTP001084,AC001678,call,AT0016142,,tele_agent,TA010,2026-04-23 12:30:27,2026-04-26,11550.0,11550.0,self,True
PTP001085,AC001682,call,AT0016144,,tele_agent,TA010,2026-04-23 08:34:53,2026-04-24,1600.0,3200.0,self,True
PTP001086,AC001809,call,AT0016172,,tele_agent,TA006,2026-04-23 08:46:57,2026-04-27,7000.0,7000.0,self,True
PTP001087,AC001913,call,AT0016195,,tele_agent,TA010,2026-04-23 10:54:16,2026-05-08,5300.0,5300.0,self,True
PTP001088,AC001915,call,AT0016196,,tele_agent,TA014,2026-04-23 09:03:52,2026-04-30,10200.0,22400.0,self,True
PTP001089,AC001939,call,AT0016199,,tele_agent,TA001,2026-04-23 12:08:51,2026-04-29,83700.0,83700.0,self,True
PTP001090,AC002000,call,AT0016217,,tele_agent,TA012,2026-04-23 12:24:03,2026-04-25,14300.0,14300.0,self,True
PTP001091,AC002110,call,AT0016246,,tele_agent,TA019,2026-04-23 12:41:11,2026-04-24,21050.0,21050.0,self,True
PTP001092,AC002125,call,AT0016248,,tele_agent,TA011,2026-04-23 11:59:22,2026-04-30,1300.0,3700.0,self,False
PTP001093,AC002368,call,AT0016305,,tele_agent,TA006,2026-04-23 12:50:31,2026-04-29,2200.0,6700.0,self,True
PTP001094,AC001729,call,AT0016433,,voice_bot,BOT01,2026-04-23 14:32:57,2026-05-01,5900.0,5900.0,self,True
PTP001095,AC000498,call,AT0016350,,tele_agent,TA020,2026-04-23 16:43:48,2026-04-24,2800.0,2800.0,self,True
PTP001096,AC000665,call,AT0016364,,tele_agent,TA007,2026-04-23 15:47:03,2026-04-25,35000.0,35000.0,self,True
PTP001097,AC000823,call,AT0016372,,tele_agent,TA005,2026-04-23 19:05:17,2026-04-30,4000.0,4000.0,self,True
PTP001098,AC000881,call,AT0016378,,tele_agent,TA004,2026-04-23 14:46:44,2026-04-30,18750.0,18750.0,self,False
PTP001099,AC001081,call,AT0016388,,tele_agent,TA013,2026-04-23 18:06:36,2026-04-28,11850.0,11850.0,self,True
PTP001100,AC001158,call,AT0016392,,tele_agent,TA005,2026-04-23 18:59:55,2026-04-30,16000.0,16000.0,self,True
PTP001101,AC001177,call,AT0016393,,tele_agent,TA013,2026-04-23 18:45:14,2026-05-02,5000.0,5000.0,self,True
PTP001102,AC001333,call,AT0016408,,tele_agent,TA011,2026-04-23 17:20:04,2026-04-30,4700.0,10500.0,self,True
PTP001103,AC001454,call,AT0016417,,tele_agent,TA020,2026-04-23 16:19:22,2026-04-24,2200.0,2200.0,self,True
PTP001104,AC001865,call,AT0016443,,tele_agent,TA018,2026-04-23 13:06:15,2026-04-24,3200.0,5550.0,self,True
PTP001105,AC002035,call,AT0016461,,tele_agent,TA008,2026-04-23 14:42:01,2026-04-25,4500.0,4500.0,self,False
PTP001106,AC002104,call,AT0016464,,tele_agent,TA016,2026-04-23 18:44:44,2026-04-24,23900.0,64800.0,self,False
PTP001107,AC000517,field_visit,,VS001389,field,FA003,2026-04-23 10:46:26,2026-05-03,26000.0,58400.0,self,True
PTP001108,AC001806,field_visit,,VS001392,field,FA003,2026-04-23 12:08:46,2026-04-30,16800.0,16800.0,self,False
PTP001109,AC002336,field_visit,,VS001395,field,FA002,2026-04-23 10:51:04,2026-04-24,23000.0,23000.0,self,False
PTP001110,AC000408,field_visit,,VS001396,field,FA002,2026-04-23 11:13:27,2026-04-30,15750.0,15750.0,self,False
PTP001111,AC001068,field_visit,,VS001415,field,FA004,2026-04-23 11:28:13,2026-04-24,32700.0,46800.0,self,True
PTP001112,AC002382,field_visit,,VS001428,field,FA005,2026-04-23 10:13:54,2026-05-02,13250.0,13250.0,self,False
PTP001113,AC001320,field_visit,,VS001430,field,FA005,2026-04-23 11:19:16,2026-04-27,20100.0,20100.0,self,False
PTP001114,AC000653,field_visit,,VS001436,field,FA005,2026-04-23 13:26:33,2026-04-28,9450.0,9450.0,self,False
PTP001115,AC002331,field_visit,,VS001444,field,FA009,2026-04-23 13:52:26,2026-04-28,45000.0,86550.0,self,False
PTP001116,AC000497,field_visit,,VS001450,field,FA008,2026-04-23 12:04:46,2026-04-24,214200.0,214200.0,self,False
PTP001117,AC000046,call,AT0016494,,voice_bot,BOT01,2026-04-24 09:44:53,2026-04-29,950.0,950.0,self,True
PTP001118,AC000875,call,AT0016686,,voice_bot,BOT01,2026-04-24 08:44:39,2026-05-12,11600.0,11600.0,self,True
PTP001119,AC001107,call,AT0016738,,voice_bot,BOT01,2026-04-24 09:23:48,2026-04-26,500.0,1050.0,self,True
PTP001120,AC002333,call,AT0016998,,voice_bot,BOT01,2026-04-24 08:41:45,2026-04-26,600.0,1400.0,self,True
PTP001121,AC000162,call,AT0016518,,tele_agent,TA013,2026-04-24 09:35:28,2026-04-25,6400.0,6400.0,self,True
PTP001122,AC000224,call,AT0016540,,tele_agent,TA005,2026-04-24 09:20:08,2026-04-25,32200.0,32200.0,self,True
PTP001123,AC000232,call,AT0016542,,tele_agent,TA017,2026-04-24 08:27:50,2026-05-01,24400.0,24400.0,self,True
PTP001124,AC000293,call,AT0016558,,tele_agent,TA019,2026-04-24 10:45:27,2026-05-15,4500.0,7400.0,self,False
PTP001125,AC000491,call,AT0016605,,tele_agent,TA005,2026-04-24 09:33:45,2026-04-30,38750.0,38750.0,self,False
PTP001126,AC000525,call,AT0016612,,tele_agent,TA005,2026-04-24 10:03:19,2026-04-26,15200.0,15200.0,self,False
PTP001127,AC000536,call,AT0016615,,tele_agent,TA019,2026-04-24 10:02:37,2026-05-01,2250.0,2250.0,self,False
PTP001128,AC000575,call,AT0016623,,tele_agent,TA009,2026-04-24 08:27:23,2026-05-01,500.0,1150.0,self,True
PTP001129,AC000578,call,AT0016624,,tele_agent,TA005,2026-04-24 12:50:18,2026-04-30,2800.0,2800.0,self,True
PTP001130,AC000682,call,AT0016651,,tele_agent,TA001,2026-04-24 11:56:30,2026-05-04,1800.0,2700.0,third_party,False
PTP001131,AC000721,call,AT0016655,,tele_agent,TA007,2026-04-24 10:27:07,2026-04-25,24800.0,24800.0,self,True
PTP001132,AC000797,call,AT0016667,,tele_agent,TA015,2026-04-24 10:57:33,2026-04-27,16200.0,16200.0,self,True
PTP001133,AC000806,call,AT0016671,,tele_agent,TA009,2026-04-24 12:02:45,2026-04-26,1900.0,1900.0,self,False
PTP001134,AC000825,call,AT0016676,,tele_agent,TA006,2026-04-24 09:40:38,2026-05-01,9150.0,9150.0,self,True
PTP001135,AC000964,call,AT0016710,,tele_agent,TA018,2026-04-24 09:33:58,2026-04-25,2000.0,3050.0,self,True
PTP001136,AC001067,call,AT0016733,,tele_agent,TA008,2026-04-24 08:40:30,2026-04-25,2300.0,4200.0,self,True
PTP001137,AC001234,call,AT0016762,,tele_agent,TA010,2026-04-24 10:54:25,2026-05-02,12750.0,12750.0,self,True
PTP001138,AC001254,call,AT0016765,,tele_agent,TA003,2026-04-24 11:22:05,2026-04-28,11000.0,11000.0,self,True
PTP001139,AC001633,call,AT0016846,,tele_agent,TA012,2026-04-24 11:31:41,2026-04-26,1500.0,4100.0,self,True
PTP001140,AC001645,call,AT0016850,,tele_agent,TA018,2026-04-24 11:51:31,2026-04-25,1300.0,1300.0,self,True
PTP001141,AC001720,call,AT0016862,,tele_agent,TA014,2026-04-24 12:02:53,2026-04-28,12900.0,12900.0,self,True
PTP001142,AC001925,call,AT0016908,,tele_agent,TA013,2026-04-24 08:39:23,2026-05-03,8650.0,8650.0,self,False
PTP001143,AC001950,call,AT0016915,,tele_agent,TA016,2026-04-24 11:44:39,2026-04-29,15600.0,15600.0,self,False
PTP001144,AC001963,call,AT0016920,,tele_agent,TA004,2026-04-24 11:05:22,2026-05-01,12600.0,12600.0,self,True
PTP001145,AC002088,call,AT0016951,,tele_agent,TA013,2026-04-24 08:49:33,2026-05-01,30750.0,30750.0,self,True
PTP001146,AC002152,call,AT0016964,,tele_agent,TA001,2026-04-24 08:44:19,2026-04-30,6000.0,6000.0,self,True
PTP001147,AC002249,call,AT0016986,,tele_agent,TA018,2026-04-24 10:20:37,2026-04-25,3200.0,3200.0,self,True
PTP001148,AC002358,call,AT0017005,,tele_agent,TA020,2026-04-24 08:25:23,2026-04-26,4500.0,4500.0,self,False
PTP001149,AC001235,call,AT0017108,,voice_bot,BOT01,2026-04-24 13:56:07,2026-05-03,2150.0,2150.0,self,True
PTP001150,AC000794,call,AT0017075,,tele_agent,TA013,2026-04-24 15:42:57,2026-04-26,3000.0,3000.0,self,True
PTP001151,AC001395,call,AT0017123,,tele_agent,TA001,2026-04-24 18:16:46,2026-04-25,6500.0,6500.0,self,True
PTP001152,AC001551,call,AT0017134,,tele_agent,TA008,2026-04-24 15:16:42,2026-05-01,5600.0,5600.0,self,True
PTP001153,AC001650,call,AT0017141,,tele_agent,TA004,2026-04-24 14:47:21,2026-04-25,5600.0,5600.0,self,True
PTP001154,AC001708,call,AT0017142,,tele_agent,TA015,2026-04-24 14:55:10,2026-05-01,7400.0,7400.0,self,True
PTP001155,AC002201,call,AT0017180,,tele_agent,TA012,2026-04-24 18:23:36,2026-04-29,135600.0,135600.0,self,True
PTP001156,AC001126,field_visit,,VS001473,field,FA003,2026-04-24 12:55:53,2026-04-25,10800.0,10800.0,self,True
PTP001157,AC000475,field_visit,,VS001475,field,FA003,2026-04-24 14:00:21,2026-04-28,36000.0,36000.0,self,False
PTP001158,AC001365,field_visit,,VS001490,field,FA004,2026-04-24 12:14:02,2026-04-28,5300.0,5300.0,self,False
PTP001159,AC000493,field_visit,,VS001496,field,FA005,2026-04-24 11:31:59,2026-04-25,6800.0,6800.0,self,False
PTP001160,AC001321,field_visit,,VS001511,field,FA008,2026-04-24 11:44:08,2026-05-01,8800.0,15000.0,family_member,True
PTP001161,AC001129,field_visit,,VS001520,field,FA009,2026-04-24 11:48:47,2026-04-26,53200.0,53200.0,self,False
PTP001162,AC002243,field_visit,,VS001522,field,FA009,2026-04-24 12:51:28,2026-05-01,16250.0,16250.0,self,True
PTP001163,AC001879,field_visit,,VS001525,field,FA007,2026-04-24 10:30:22,2026-04-30,21600.0,42900.0,self,True
PTP001164,AC001707,field_visit,,VS001526,field,FA007,2026-04-24 10:59:12,2026-04-29,21750.0,21750.0,self,False
PTP001165,AC002221,field_visit,,VS001528,field,FA007,2026-04-24 12:43:22,2026-04-28,36000.0,36000.0,self,True
PTP001166,AC000018,call,AT0017200,,voice_bot,BOT01,2026-04-25 12:31:56,2026-04-30,14350.0,14350.0,self,True
PTP001167,AC000717,call,AT0017342,,voice_bot,BOT01,2026-04-25 12:05:54,2026-04-30,1600.0,1600.0,self,True
PTP001168,AC001875,call,AT0017578,,voice_bot,BOT01,2026-04-25 10:05:40,2026-04-27,500.0,1050.0,self,True
PTP001169,AC000160,call,AT0017219,,tele_agent,TA010,2026-04-25 09:24:22,2026-04-30,6000.0,6000.0,self,True
PTP001170,AC000263,call,AT0017246,,tele_agent,TA020,2026-04-25 09:34:40,2026-04-26,650.0,650.0,self,True
PTP001171,AC000431,call,AT0017292,,tele_agent,TA018,2026-04-25 11:17:35,2026-04-26,17500.0,17500.0,self,False
PTP001172,AC000518,call,AT0017309,,tele_agent,TA005,2026-04-25 13:00:12,2026-04-27,33750.0,33750.0,self,True
PTP001173,AC000618,call,AT0017326,,tele_agent,TA016,2026-04-25 09:13:57,2026-04-29,21150.0,21150.0,self,False
PTP001174,AC000662,call,AT0017334,,tele_agent,TA008,2026-04-25 11:21:56,2026-05-02,14200.0,14200.0,self,False
PTP001175,AC000790,call,AT0017352,,tele_agent,TA020,2026-04-25 10:13:07,2026-04-26,2150.0,2150.0,self,True
PTP001176,AC000866,call,AT0017368,,tele_agent,TA015,2026-04-25 12:03:13,2026-05-10,5900.0,9150.0,self,False
PTP001177,AC000915,call,AT0017383,,tele_agent,TA016,2026-04-25 10:51:01,2026-04-27,3600.0,3600.0,self,True
PTP001178,AC001040,call,AT0017405,,tele_agent,TA012,2026-04-25 08:25:51,2026-05-08,79500.0,79500.0,self,False
PTP001179,AC001048,call,AT0017408,,tele_agent,TA002,2026-04-25 11:55:25,2026-05-01,14800.0,27400.0,self,False
PTP001180,AC001098,call,AT0017420,,tele_agent,TA019,2026-04-25 11:16:56,2026-04-27,900.0,900.0,self,True
PTP001181,AC001110,call,AT0017424,,tele_agent,TA003,2026-04-25 12:12:51,2026-04-29,39400.0,115200.0,self,False
PTP001182,AC001124,call,AT0017428,,tele_agent,TA018,2026-04-25 08:46:27,2026-05-15,5400.0,5400.0,self,True
PTP001183,AC001246,call,AT0017457,,tele_agent,TA012,2026-04-25 08:11:21,2026-04-30,500.0,750.0,self,False
PTP001184,AC001256,call,AT0017458,,tele_agent,TA013,2026-04-25 08:38:25,2026-05-06,49800.0,49800.0,self,True
PTP001185,AC001382,call,AT0017486,,tele_agent,TA015,2026-04-25 09:55:50,2026-05-02,3850.0,3850.0,self,True
PTP001186,AC001567,call,AT0017516,,tele_agent,TA007,2026-04-25 12:44:08,2026-05-02,31900.0,31900.0,self,True
PTP001187,AC001568,call,AT0017517,,tele_agent,TA018,2026-04-25 12:38:17,2026-05-02,15400.0,34350.0,self,False
PTP001188,AC001738,call,AT0017551,,tele_agent,TA004,2026-04-25 11:09:08,2026-05-05,30300.0,75900.0,self,True
PTP001189,AC001745,call,AT0017553,,tele_agent,TA019,2026-04-25 08:39:57,2026-04-27,59100.0,59100.0,self,False
PTP001190,AC001777,call,AT0017560,,tele_agent,TA018,2026-04-25 10:09:39,2026-04-26,16000.0,16000.0,self,True
PTP001191,AC001962,call,AT0017596,,tele_agent,TA013,2026-04-25 08:45:14,2026-05-01,2300.0,2300.0,self,True
PTP001192,AC002046,call,AT0017614,,tele_agent,TA017,2026-04-25 08:15:00,2026-05-03,12200.0,28050.0,self,False
PTP001193,AC002068,call,AT0017620,,tele_agent,TA009,2026-04-25 09:49:13,2026-04-30,10600.0,10600.0,self,True
PTP001194,AC002138,call,AT0017636,,tele_agent,TA007,2026-04-25 11:49:42,2026-04-27,1200.0,2800.0,self,False
PTP001195,AC002327,call,AT0017673,,tele_agent,TA011,2026-04-25 09:11:01,2026-04-29,500.0,1200.0,self,True
PTP001196,AC000166,call,AT0017693,,tele_agent,TA013,2026-04-25 18:34:33,2026-04-27,7800.0,7800.0,self,True
PTP001197,AC000945,call,AT0017740,,tele_agent,TA018,2026-04-25 18:57:32,2026-05-02,121800.0,121800.0,self,True
PTP001198,AC001076,call,AT0017745,,tele_agent,TA018,2026-04-25 13:57:51,2026-05-05,6300.0,6300.0,third_party,True
PTP001199,AC001271,call,AT0017753,,tele_agent,TA009,2026-04-25 16:26:18,2026-04-26,5300.0,9200.0,self,True
PTP001200,AC001682,call,AT0017779,,tele_agent,TA010,2026-04-25 13:21:13,2026-04-30,2200.0,3200.0,self,True
PTP001201,AC002121,call,AT0017799,,tele_agent,TA013,2026-04-25 15:57:38,2026-04-27,3400.0,6600.0,self,True
PTP001202,AC002072,field_visit,,VS001535,field,FA002,2026-04-25 10:25:40,2026-04-27,11250.0,11250.0,self,False
PTP001203,AC000134,field_visit,,VS001540,field,FA002,2026-04-25 13:00:37,2026-05-05,6700.0,6700.0,self,False
PTP001204,AC001359,field_visit,,VS001541,field,FA002,2026-04-25 13:19:49,2026-05-02,31000.0,31000.0,family_member,True
PTP001205,AC000726,field_visit,,VS001544,field,FA003,2026-04-25 11:06:57,2026-04-30,42300.0,42300.0,self,False
PTP001206,AC002031,field_visit,,VS001549,field,FA003,2026-04-25 14:02:24,2026-04-30,11200.0,11200.0,self,False
PTP001207,AC001383,field_visit,,VS001554,field,FA001,2026-04-25 11:34:12,2026-04-30,113400.0,113400.0,self,True
PTP001208,AC001823,field_visit,,VS001561,field,FA001,2026-04-25 14:48:32,2026-04-26,12750.0,12750.0,self,False
PTP001209,AC000308,field_visit,,VS001562,field,FA004,2026-04-25 10:24:42,2026-04-26,28800.0,28800.0,self,False
PTP001210,AC000880,field_visit,,VS001564,field,FA004,2026-04-25 11:18:04,2026-05-05,45800.0,106000.0,self,False
PTP001211,AC001619,field_visit,,VS001569,field,FA004,2026-04-25 13:14:29,2026-05-04,3000.0,5400.0,self,True
PTP001212,AC000874,field_visit,,VS001582,field,FA009,2026-04-25 09:57:08,2026-04-26,22250.0,22250.0,self,False
PTP001213,AC000123,field_visit,,VS001586,field,FA009,2026-04-25 11:21:01,2026-05-03,3150.0,3150.0,self,False
PTP001214,AC001859,field_visit,,VS001595,field,FA007,2026-04-25 13:25:40,2026-05-02,13700.0,24250.0,self,True
PTP001215,AC001518,call,AT0017946,,voice_bot,BOT01,2026-04-26 12:30:47,2026-05-01,36750.0,36750.0,self,True
PTP001216,AC000047,call,AT0017831,,tele_agent,TA010,2026-04-26 10:31:21,2026-04-30,6200.0,6200.0,self,False
PTP001217,AC000281,call,AT0017850,,tele_agent,TA004,2026-04-26 09:13:38,2026-04-27,42600.0,42600.0,self,True
PTP001218,AC000315,call,AT0017854,,tele_agent,TA016,2026-04-26 11:12:51,2026-04-30,2600.0,2600.0,self,True
PTP001219,AC000495,call,AT0017865,,tele_agent,TA009,2026-04-26 08:07:00,2026-04-30,350.0,350.0,self,False
PTP001220,AC000647,call,AT0017871,,tele_agent,TA014,2026-04-26 10:41:09,2026-05-05,8100.0,8100.0,self,True
PTP001221,AC000701,call,AT0017878,,tele_agent,TA004,2026-04-26 09:31:02,2026-04-30,20400.0,20400.0,self,True
PTP001222,AC001276,call,AT0017923,,tele_agent,TA011,2026-04-26 09:07:58,2026-05-03,24300.0,24300.0,self,True
PTP001223,AC001667,call,AT0017960,,tele_agent,TA010,2026-04-26 08:52:28,2026-05-03,39000.0,39000.0,self,True
PTP001224,AC001795,call,AT0017967,,tele_agent,TA007,2026-04-26 11:26:20,2026-05-10,2300.0,3750.0,self,True
PTP001225,AC001885,call,AT0017975,,tele_agent,TA005,2026-04-26 09:22:05,2026-04-30,9150.0,9150.0,self,True
PTP001226,AC001070,call,AT0018037,,tele_agent,TA011,2026-04-26 13:10:16,2026-04-29,10950.0,10950.0,self,False
PTP001227,AC002128,call,AT0018066,,tele_agent,TA003,2026-04-26 17:55:54,2026-04-28,3550.0,3550.0,self,True
PTP001228,AC000791,call,AT0018232,,voice_bot,BOT01,2026-04-27 11:19:47,2026-04-28,2900.0,2900.0,self,True
PTP001229,AC000008,call,AT0018076,,tele_agent,TA020,2026-04-27 12:45:02,2026-05-09,11700.0,11700.0,self,False
PTP001230,AC000194,call,AT0018108,,tele_agent,TA010,2026-04-27 09:07:14,2026-04-29,8600.0,8600.0,self,True
PTP001231,AC000296,call,AT0018126,,tele_agent,TA003,2026-04-27 13:00:23,2026-04-30,1550.0,1550.0,self,True
PTP001232,AC000298,call,AT0018127,,tele_agent,TA008,2026-04-27 11:49:53,2026-05-04,3500.0,3500.0,self,True
PTP001233,AC000393,call,AT0018147,,tele_agent,TA017,2026-04-27 09:32:00,2026-05-04,3200.0,3200.0,self,False
PTP001234,AC000488,call,AT0018165,,tele_agent,TA006,2026-04-27 09:12:27,2026-05-11,17350.0,17350.0,self,True
PTP001235,AC000541,call,AT0018180,,tele_agent,TA020,2026-04-27 11:34:28,2026-04-29,8450.0,8450.0,self,True
PTP001236,AC000684,call,AT0018210,,tele_agent,TA009,2026-04-27 10:24:11,2026-05-06,1850.0,1850.0,self,True
PTP001237,AC000694,call,AT0018213,,tele_agent,TA015,2026-04-27 09:04:34,2026-05-03,4400.0,4400.0,self,True
PTP001238,AC000695,call,AT0018214,,tele_agent,TA016,2026-04-27 08:49:09,2026-04-29,4800.0,4800.0,self,True
PTP001239,AC000727,call,AT0018219,,tele_agent,TA001,2026-04-27 11:18:02,2026-04-28,900.0,900.0,self,True
PTP001240,AC000776,call,AT0018230,,tele_agent,TA006,2026-04-27 09:24:17,2026-04-30,1600.0,4350.0,self,False
PTP001241,AC000836,call,AT0018239,,tele_agent,TA007,2026-04-27 09:24:34,2026-04-30,108600.0,108600.0,self,True
PTP001242,AC000888,call,AT0018247,,tele_agent,TA011,2026-04-27 08:54:11,2026-04-28,7300.0,7300.0,self,False
PTP001243,AC000986,call,AT0018267,,tele_agent,TA012,2026-04-27 11:17:24,2026-05-05,11950.0,11950.0,self,True
PTP001244,AC001039,call,AT0018273,,tele_agent,TA020,2026-04-27 08:37:52,2026-05-06,8100.0,8100.0,self,True
PTP001245,AC001198,call,AT0018306,,tele_agent,TA012,2026-04-27 12:13:17,2026-04-28,11400.0,11400.0,self,False
PTP001246,AC001271,call,AT0018316,,tele_agent,TA009,2026-04-27 08:40:16,2026-05-03,3900.0,3900.0,self,False
PTP001247,AC001306,call,AT0018324,,tele_agent,TA014,2026-04-27 09:33:14,2026-05-02,12200.0,12200.0,self,True
PTP001248,AC001318,call,AT0018327,,tele_agent,TA003,2026-04-27 08:09:19,2026-04-29,950.0,950.0,self,True
PTP001249,AC001441,call,AT0018355,,tele_agent,TA011,2026-04-27 08:35:29,2026-04-28,2100.0,2100.0,self,True
PTP001250,AC001747,call,AT0018415,,tele_agent,TA017,2026-04-27 09:31:38,2026-05-04,15100.0,15100.0,self,True
PTP001251,AC001959,call,AT0018458,,tele_agent,TA003,2026-04-27 08:56:44,2026-04-29,3000.0,6100.0,self,True
PTP001252,AC001980,call,AT0018463,,tele_agent,TA004,2026-04-27 12:28:12,2026-05-22,17250.0,17250.0,self,True
PTP001253,AC002036,call,AT0018477,,tele_agent,TA008,2026-04-27 08:37:11,2026-05-06,3200.0,3200.0,self,False
PTP001254,AC002058,call,AT0018481,,tele_agent,TA016,2026-04-27 09:00:56,2026-04-30,2500.0,2500.0,self,True
PTP001255,AC002145,call,AT0018502,,tele_agent,TA010,2026-04-27 12:57:15,2026-05-03,3700.0,3700.0,self,True
PTP001256,AC002149,call,AT0018504,,tele_agent,TA003,2026-04-27 09:47:33,2026-04-30,3650.0,3650.0,self,True
PTP001257,AC002190,call,AT0018518,,tele_agent,TA010,2026-04-27 12:00:04,2026-05-04,3300.0,3300.0,self,False
PTP001258,AC002215,call,AT0018523,,tele_agent,TA012,2026-04-27 10:27:03,2026-04-28,3200.0,3200.0,self,True
PTP001259,AC002279,call,AT0018536,,tele_agent,TA013,2026-04-27 11:15:55,2026-04-30,4800.0,15200.0,self,True
PTP001260,AC000788,call,AT0018615,,voice_bot,BOT01,2026-04-27 16:16:02,2026-05-04,8050.0,8050.0,self,True
PTP001261,AC000856,call,AT0018622,,voice_bot,BOT01,2026-04-27 18:56:26,2026-04-30,14900.0,14900.0,self,True
PTP001262,AC000263,call,AT0018583,,tele_agent,TA020,2026-04-27 16:09:20,2026-04-29,650.0,650.0,self,False
PTP001263,AC000530,call,AT0018598,,tele_agent,TA012,2026-04-27 18:57:28,2026-05-09,28650.0,28650.0,self,False
PTP001264,AC001366,call,AT0018653,,tele_agent,TA013,2026-04-27 18:17:40,2026-04-30,1100.0,1100.0,self,True
PTP001265,AC001840,call,AT0018691,,tele_agent,TA007,2026-04-27 15:47:16,2026-05-04,1050.0,1050.0,self,True
PTP001266,AC001849,call,AT0018692,,tele_agent,TA013,2026-04-27 17:58:25,2026-04-29,12150.0,12150.0,self,True
PTP001267,AC001881,call,AT0018696,,tele_agent,TA002,2026-04-27 14:27:54,2026-05-01,22300.0,22300.0,self,True
PTP001268,AC001889,call,AT0018698,,tele_agent,TA009,2026-04-27 15:25:02,2026-05-07,1700.0,2900.0,self,False
PTP001269,AC002298,call,AT0018729,,tele_agent,TA013,2026-04-27 14:35:30,2026-04-29,24800.0,35500.0,self,True
PTP001270,AC002385,call,AT0018737,,tele_agent,TA004,2026-04-27 17:40:36,2026-05-07,6000.0,6000.0,self,False
PTP001271,AC000570,field_visit,,VS001617,field,FA001,2026-04-27 12:13:33,2026-05-04,10050.0,10050.0,self,False
PTP001272,AC002098,field_visit,,VS001620,field,FA001,2026-04-27 14:32:09,2026-04-29,27300.0,27300.0,self,True
PTP001273,AC001588,field_visit,,VS001634,field,FA002,2026-04-27 12:11:31,2026-05-04,5700.0,5700.0,self,True
PTP001274,AC001561,field_visit,,VS001636,field,FA002,2026-04-27 12:51:28,2026-05-05,4350.0,4350.0,self,False
PTP001275,AC001403,field_visit,,VS001651,field,FA006,2026-04-27 12:06:23,2026-05-02,3900.0,3900.0,self,False
PTP001276,AC001524,field_visit,,VS001655,field,FA004,2026-04-27 10:06:14,2026-05-04,4900.0,14400.0,family_member,False
PTP001277,AC000826,field_visit,,VS001670,field,FA008,2026-04-27 13:15:10,2026-04-30,28800.0,28800.0,self,True
PTP001278,AC002123,field_visit,,VS001675,field,FA007,2026-04-27 10:57:13,2026-05-06,10700.0,21750.0,self,False
PTP001279,AC000560,field_visit,,VS001677,field,FA007,2026-04-27 11:17:34,2026-05-01,13600.0,44750.0,self,False
PTP001280,AC001629,field_visit,,VS001679,field,FA009,2026-04-27 10:53:41,2026-05-04,28200.0,68600.0,self,True
PTP001281,AC000738,call,AT0018889,,voice_bot,BOT01,2026-04-28 09:27:25,2026-04-29,4750.0,4750.0,self,True
PTP001282,AC000783,call,AT0018900,,voice_bot,BOT01,2026-04-28 10:28:49,2026-05-05,800.0,1850.0,third_party,True
PTP001283,AC000930,call,AT0018929,,voice_bot,BOT01,2026-04-28 10:16:32,2026-05-17,2100.0,3300.0,self,True
PTP001284,AC001547,call,AT0019053,,voice_bot,BOT01,2026-04-28 10:29:30,2026-05-06,10450.0,10450.0,self,True
PTP001285,AC001572,call,AT0019056,,voice_bot,BOT01,2026-04-28 12:43:26,2026-04-30,750.0,750.0,self,False
PTP001286,AC001677,call,AT0019082,,voice_bot,BOT01,2026-04-28 10:25:01,2026-04-29,3900.0,3900.0,self,True
PTP001287,AC000130,call,AT0018763,,tele_agent,TA008,2026-04-28 09:43:08,2026-05-05,94800.0,94800.0,self,True
PTP001288,AC000173,call,AT0018773,,tele_agent,TA017,2026-04-28 08:58:47,2026-05-07,142300.0,142300.0,self,True
PTP001289,AC000247,call,AT0018784,,tele_agent,TA013,2026-04-28 09:32:25,2026-05-01,1600.0,1600.0,self,False
PTP001290,AC000348,call,AT0018809,,tele_agent,TA017,2026-04-28 10:13:28,2026-05-02,3700.0,3700.0,self,False
PTP001291,AC000386,call,AT0018820,,tele_agent,TA007,2026-04-28 09:10:10,2026-04-29,6200.0,6200.0,self,False
PTP001292,AC000425,call,AT0018828,,tele_agent,TA005,2026-04-28 11:17:42,2026-05-01,25850.0,25850.0,self,True
PTP001293,AC000648,call,AT0018872,,tele_agent,TA006,2026-04-28 09:16:59,2026-05-15,5300.0,10600.0,self,True
PTP001294,AC000735,call,AT0018888,,tele_agent,TA016,2026-04-28 11:56:16,2026-05-05,2850.0,2850.0,self,True
PTP001295,AC000761,call,AT0018894,,tele_agent,TA011,2026-04-28 08:09:22,2026-04-29,79000.0,79000.0,self,False
PTP001296,AC000833,call,AT0018913,,tele_agent,TA015,2026-04-28 12:40:05,2026-05-04,16200.0,25600.0,self,True
PTP001297,AC000845,call,AT0018914,,tele_agent,TA016,2026-04-28 12:47:49,2026-05-01,1800.0,1800.0,self,False
PTP001298,AC000958,call,AT0018934,,tele_agent,TA010,2026-04-28 10:51:07,2026-04-30,24400.0,61500.0,self,False
PTP001299,AC001060,call,AT0018952,,tele_agent,TA010,2026-04-28 08:43:08,2026-05-23,113300.0,113300.0,self,True
PTP001300,AC001201,call,AT0018992,,tele_agent,TA003,2026-04-28 10:41:13,2026-05-02,1500.0,1500.0,self,False
PTP001301,AC001296,call,AT0019011,,tele_agent,TA012,2026-04-28 10:44:06,2026-05-03,6700.0,14800.0,self,False
PTP001302,AC001330,call,AT0019016,,tele_agent,TA009,2026-04-28 09:22:15,2026-04-30,13200.0,13200.0,self,False
PTP001303,AC001521,call,AT0019043,,tele_agent,TA016,2026-04-28 11:29:46,2026-04-30,1950.0,1950.0,self,False
PTP001304,AC001535,call,AT0019049,,tele_agent,TA006,2026-04-28 12:56:13,2026-05-05,7600.0,7600.0,self,True
PTP001305,AC001583,call,AT0019057,,tele_agent,TA017,2026-04-28 12:21:36,2026-04-30,19400.0,19400.0,self,True
PTP001306,AC001633,call,AT0019073,,tele_agent,TA012,2026-04-28 08:29:16,2026-04-30,1400.0,3200.0,self,True
PTP001307,AC001684,call,AT0019084,,tele_agent,TA005,2026-04-28 11:40:40,2026-05-05,46950.0,46950.0,self,True
PTP001308,AC001740,call,AT0019095,,tele_agent,TA015,2026-04-28 08:36:52,2026-04-30,900.0,2150.0,self,True
PTP001309,AC001741,call,AT0019096,,tele_agent,TA017,2026-04-28 08:36:01,2026-04-30,600.0,1500.0,self,False
PTP001310,AC001750,call,AT0019098,,tele_agent,TA010,2026-04-28 12:27:54,2026-05-05,1200.0,3750.0,self,False
PTP001311,AC002030,call,AT0019158,,tele_agent,TA007,2026-04-28 08:46:07,2026-05-05,3900.0,3900.0,self,False
PTP001312,AC002109,call,AT0019176,,tele_agent,TA019,2026-04-28 09:39:14,2026-04-30,35400.0,35400.0,self,True
PTP001313,AC002138,call,AT0019180,,tele_agent,TA007,2026-04-28 08:51:22,2026-05-05,2800.0,2800.0,self,True
PTP001314,AC002144,call,AT0019183,,tele_agent,TA008,2026-04-28 09:39:34,2026-04-30,300400.0,300400.0,self,False
PTP001315,AC002155,call,AT0019185,,tele_agent,TA020,2026-04-28 10:12:02,2026-05-07,4050.0,4050.0,self,False
PTP001316,AC002218,call,AT0019204,,tele_agent,TA018,2026-04-28 12:33:18,2026-05-05,19800.0,19800.0,self,True
PTP001317,AC002334,call,AT0019227,,tele_agent,TA006,2026-04-28 10:41:41,2026-04-29,5500.0,10400.0,self,True
PTP001318,AC002360,call,AT0019234,,tele_agent,TA009,2026-04-28 09:28:18,2026-05-02,4100.0,4100.0,self,False
PTP001319,AC002328,call,AT0019395,,voice_bot,BOT01,2026-04-28 18:14:27,2026-04-29,14450.0,14450.0,self,True
PTP001320,AC000243,call,AT0019261,,tele_agent,TA003,2026-04-28 15:23:02,2026-05-17,4050.0,4050.0,self,True
PTP001321,AC000266,call,AT0019264,,tele_agent,TA017,2026-04-28 18:05:06,2026-05-05,4200.0,13800.0,self,True
PTP001322,AC000563,call,AT0019285,,tele_agent,TA016,2026-04-28 18:35:16,2026-04-29,4500.0,14750.0,self,False
PTP001323,AC001349,call,AT0019334,,tele_agent,TA011,2026-04-28 14:22:12,2026-05-02,4900.0,7400.0,self,False
PTP001324,AC001626,call,AT0019347,,tele_agent,TA016,2026-04-28 13:39:28,2026-05-05,16900.0,16900.0,self,True
PTP001325,AC001694,call,AT0019353,,tele_agent,TA014,2026-04-28 18:05:31,2026-04-29,7800.0,7800.0,self,False
PTP001326,AC001874,call,AT0019363,,tele_agent,TA003,2026-04-28 18:47:38,2026-05-23,8150.0,8150.0,self,False
PTP001327,AC001906,call,AT0019364,,tele_agent,TA015,2026-04-28 18:53:26,2026-05-05,8200.0,8200.0,family_member,True
PTP001328,AC001928,call,AT0019367,,tele_agent,TA006,2026-04-28 15:59:02,2026-04-30,1050.0,1050.0,self,True
PTP001329,AC001974,call,AT0019369,,tele_agent,TA019,2026-04-28 18:36:43,2026-04-30,15750.0,15750.0,self,True
PTP001330,AC000161,field_visit,,VS001692,field,FA003,2026-04-28 13:03:33,2026-05-03,9000.0,9000.0,self,False
PTP001331,AC000469,field_visit,,VS001703,field,FA001,2026-04-28 12:31:07,2026-05-07,15300.0,31050.0,family_member,False
PTP001332,AC000586,field_visit,,VS001718,field,FA004,2026-04-28 13:18:47,2026-04-29,8100.0,8100.0,self,False
PTP001333,AC000213,field_visit,,VS001719,field,FA005,2026-04-28 10:42:07,2026-04-29,89550.0,89550.0,self,False
PTP001334,AC001596,field_visit,,VS001724,field,FA005,2026-04-28 12:43:35,2026-05-06,67500.0,67500.0,self,False
PTP001335,AC001335,field_visit,,VS001733,field,FA006,2026-04-28 14:27:27,2026-04-30,3900.0,3900.0,self,True
PTP001336,AC001949,field_visit,,VS001734,field,FA006,2026-04-28 14:46:03,2026-05-01,1400.0,2600.0,self,False
PTP001337,AC002210,field_visit,,VS001743,field,FA008,2026-04-28 12:49:32,2026-05-06,3100.0,3100.0,self,False
PTP001338,AC002183,field_visit,,VS001747,field,FA007,2026-04-28 10:57:12,2026-04-29,27600.0,27600.0,self,True
PTP001339,AC000410,field_visit,,VS001748,field,FA007,2026-04-28 11:13:30,2026-04-30,27900.0,27900.0,self,False
PTP001340,AC001111,field_visit,,VS001755,field,FA009,2026-04-28 12:53:49,2026-05-02,60800.0,60800.0,self,True
PTP001341,AC000205,field_visit,,VS001757,field,FA009,2026-04-28 13:58:10,2026-05-05,8100.0,17700.0,self,False
PTP001342,AC001730,call,AT0019758,,voice_bot,BOT01,2026-04-29 10:14:15,2026-05-06,950.0,950.0,self,True
PTP001343,AC002239,call,AT0019876,,voice_bot,BOT01,2026-04-29 12:05:02,2026-05-07,11100.0,28700.0,self,True
PTP001344,AC002393,call,AT0019913,,voice_bot,BOT01,2026-04-29 09:25:19,2026-05-16,8100.0,8100.0,self,True
PTP001345,AC000030,call,AT0019407,,tele_agent,TA006,2026-04-29 08:17:10,2026-05-07,2900.0,2900.0,self,True
PTP001346,AC000180,call,AT0019438,,tele_agent,TA012,2026-04-29 12:58:08,2026-05-08,8550.0,8550.0,self,False
PTP001347,AC000237,call,AT0019454,,tele_agent,TA018,2026-04-29 11:48:31,2026-05-08,2100.0,3800.0,self,True
PTP001348,AC000239,call,AT0019455,,tele_agent,TA009,2026-04-29 11:41:50,2026-05-06,1400.0,2200.0,third_party,True
PTP001349,AC000321,call,AT0019468,,tele_agent,TA012,2026-04-29 10:47:57,2026-05-01,5500.0,5500.0,self,True
PTP001350,AC000374,call,AT0019481,,tele_agent,TA016,2026-04-29 09:03:54,2026-05-05,1400.0,1400.0,self,True
PTP001351,AC000377,call,AT0019483,,tele_agent,TA001,2026-04-29 10:49:55,2026-05-06,15400.0,26400.0,self,True
PTP001352,AC000470,call,AT0019497,,tele_agent,TA008,2026-04-29 10:47:36,2026-05-06,3400.0,3400.0,self,True
PTP001353,AC000524,call,AT0019510,,tele_agent,TA001,2026-04-29 11:21:39,2026-05-04,19900.0,19900.0,self,False
PTP001354,AC000728,call,AT0019551,,tele_agent,TA017,2026-04-29 09:14:54,2026-05-06,6900.0,14650.0,self,True
PTP001355,AC000744,call,AT0019555,,tele_agent,TA006,2026-04-29 09:16:56,2026-04-30,5200.0,5200.0,self,True
PTP001356,AC000868,call,AT0019583,,tele_agent,TA012,2026-04-29 08:16:48,2026-05-06,7300.0,12600.0,self,False
PTP001357,AC000894,call,AT0019588,,tele_agent,TA012,2026-04-29 11:08:40,2026-05-06,700.0,2200.0,self,True
PTP001358,AC000907,call,AT0019592,,tele_agent,TA015,2026-04-29 09:09:42,2026-05-06,4200.0,8300.0,third_party,True
PTP001359,AC000963,call,AT0019600,,tele_agent,TA007,2026-04-29 10:17:20,2026-05-02,67600.0,67600.0,self,True
PTP001360,AC001127,call,AT0019635,,tele_agent,TA020,2026-04-29 08:19:56,2026-04-30,1300.0,1300.0,self,True
PTP001361,AC001187,call,AT0019648,,tele_agent,TA020,2026-04-29 09:22:59,2026-05-01,500.0,700.0,self,True
PTP001362,AC001295,call,AT0019672,,tele_agent,TA008,2026-04-29 12:18:03,2026-04-30,8700.0,15200.0,self,True
PTP001363,AC001377,call,AT0019691,,tele_agent,TA009,2026-04-29 10:04:05,2026-05-06,3100.0,3100.0,self,True
PTP001364,AC001436,call,AT0019700,,tele_agent,TA007,2026-04-29 12:52:26,2026-05-09,2800.0,7000.0,self,True
PTP001365,AC001467,call,AT0019710,,tele_agent,TA011,2026-04-29 08:51:54,2026-04-30,600.0,1750.0,self,True
PTP001366,AC001564,call,AT0019724,,tele_agent,TA020,2026-04-29 12:09:54,2026-05-07,1000.0,2050.0,self,True
PTP001367,AC001734,call,AT0019760,,tele_agent,TA018,2026-04-29 09:07:32,2026-05-06,1700.0,1700.0,self,True
PTP001368,AC001749,call,AT0019763,,tele_agent,TA010,2026-04-29 11:58:59,2026-04-30,34200.0,34200.0,self,True
PTP001369,AC001847,call,AT0019794,,tele_agent,TA012,2026-04-29 11:22:00,2026-05-02,400.0,400.0,self,True
PTP001370,AC001891,call,AT0019802,,tele_agent,TA020,2026-04-29 08:27:51,2026-05-08,1350.0,1350.0,self,True
PTP001371,AC001935,call,AT0019812,,tele_agent,TA013,2026-04-29 10:51:04,2026-05-04,3200.0,3200.0,self,False
PTP001372,AC002055,call,AT0019844,,tele_agent,TA014,2026-04-29 09:58:32,2026-05-06,9200.0,9200.0,self,True
PTP001373,AC002140,call,AT0019856,,tele_agent,TA017,2026-04-29 09:54:12,2026-05-06,2700.0,5100.0,self,True
PTP001374,AC002216,call,AT0019870,,tele_agent,TA007,2026-04-29 09:13:40,2026-05-06,46000.0,137500.0,self,False
PTP001375,AC002338,call,AT0019900,,tele_agent,TA008,2026-04-29 09:34:00,2026-05-02,31650.0,31650.0,self,True
PTP001376,AC002358,call,AT0019903,,tele_agent,TA020,2026-04-29 09:37:05,2026-05-06,4500.0,4500.0,self,True
PTP001377,AC000646,call,AT0019959,,voice_bot,BOT01,2026-04-29 18:54:30,2026-05-06,1350.0,1350.0,self,True
PTP001378,AC000031,call,AT0019918,,tele_agent,TA007,2026-04-29 15:26:29,2026-05-01,2650.0,2650.0,self,True
PTP001379,AC000157,call,AT0019924,,tele_agent,TA014,2026-04-29 16:25:58,2026-04-30,7600.0,14700.0,self,True
PTP001380,AC000862,call,AT0019971,,tele_agent,TA019,2026-04-29 15:56:35,2026-05-06,11400.0,11400.0,self,True
PTP001381,AC001713,call,AT0020029,,tele_agent,TA016,2026-04-29 16:49:37,2026-05-06,49200.0,49200.0,self,True
PTP001382,AC002008,call,AT0020057,,tele_agent,TA003,2026-04-29 15:24:11,2026-05-06,2000.0,5100.0,self,True
PTP001383,AC002166,call,AT0020064,,tele_agent,TA001,2026-04-29 15:57:04,2026-05-09,4500.0,4500.0,self,False
PTP001384,AC002224,call,AT0020068,,tele_agent,TA003,2026-04-29 18:23:32,2026-05-06,438000.0,438000.0,self,False
PTP001385,AC000222,field_visit,,VS001767,field,FA001,2026-04-29 14:46:44,2026-04-30,10550.0,10550.0,self,False
PTP001386,AC000375,field_visit,,VS001770,field,FA002,2026-04-29 11:56:38,2026-05-06,3100.0,3100.0,self,True
PTP001387,AC001901,field_visit,,VS001785,field,FA004,2026-04-29 12:42:36,2026-05-03,8250.0,8250.0,self,True
PTP001388,AC001651,field_visit,,VS001794,field,FA005,2026-04-29 10:09:08,2026-05-06,42900.0,134000.0,family_member,False
PTP001389,AC002169,field_visit,,VS001817,field,FA009,2026-04-29 12:42:13,2026-05-08,1900.0,4000.0,self,False
PTP001390,AC002301,field_visit,,VS001823,field,FA008,2026-04-29 12:15:40,2026-05-05,31500.0,50000.0,self,False
PTP001391,AC001378,call,AT0020374,,voice_bot,BOT01,2026-04-30 11:46:02,2026-05-01,1600.0,2700.0,self,True
PTP001392,AC001703,call,AT0020450,,voice_bot,BOT01,2026-04-30 11:39:47,2026-05-07,2500.0,2500.0,self,True
PTP001393,AC000083,call,AT0020096,,tele_agent,TA004,2026-04-30 08:38:50,2026-05-02,2800.0,2800.0,self,True
PTP001394,AC000125,call,AT0020107,,tele_agent,TA019,2026-04-30 08:35:53,2026-05-07,4000.0,4000.0,self,True
PTP001395,AC000191,call,AT0020123,,tele_agent,TA007,2026-04-30 12:45:30,2026-05-07,2850.0,2850.0,self,True
PTP001396,AC000258,call,AT0020137,,tele_agent,TA007,2026-04-30 09:34:28,2026-05-02,3800.0,3800.0,self,True
PTP001397,AC000350,call,AT0020158,,tele_agent,TA009,2026-04-30 09:06:40,2026-05-01,4700.0,4700.0,self,True
PTP001398,AC000444,call,AT0020181,,tele_agent,TA017,2026-04-30 12:21:06,2026-05-06,18800.0,36600.0,self,True
PTP001399,AC000456,call,AT0020185,,tele_agent,TA001,2026-04-30 08:15:13,2026-05-01,2700.0,2700.0,self,True
PTP001400,AC000525,call,AT0020202,,tele_agent,TA005,2026-04-30 09:54:35,2026-05-07,11700.0,11700.0,self,False
PTP001401,AC000566,call,AT0020209,,tele_agent,TA003,2026-04-30 11:49:04,2026-05-01,350.0,350.0,self,True
PTP001402,AC000676,call,AT0020229,,tele_agent,TA013,2026-04-30 09:30:13,2026-05-05,12900.0,25800.0,self,True
PTP001403,AC000797,call,AT0020247,,tele_agent,TA015,2026-04-30 11:20:33,2026-05-07,16200.0,16200.0,self,False
PTP001404,AC000873,call,AT0020262,,tele_agent,TA016,2026-04-30 12:26:24,2026-05-10,25200.0,25200.0,self,True
PTP001405,AC001080,call,AT0020301,,tele_agent,TA016,2026-04-30 10:13:29,2026-05-03,2100.0,3200.0,self,True
PTP001406,AC001089,call,AT0020306,,tele_agent,TA007,2026-04-30 12:03:00,2026-05-10,1600.0,4050.0,self,True
PTP001407,AC001159,call,AT0020329,,tele_agent,TA006,2026-04-30 08:31:03,2026-05-01,11050.0,11050.0,self,True
PTP001408,AC001181,call,AT0020336,,tele_agent,TA003,2026-04-30 11:49:25,2026-05-07,103600.0,103600.0,self,False
PTP001409,AC001297,call,AT0020360,,tele_agent,TA013,2026-04-30 09:56:16,2026-05-06,7000.0,7000.0,self,True
PTP001410,AC001310,call,AT0020363,,tele_agent,TA018,2026-04-30 12:39:36,2026-05-01,8300.0,11900.0,self,True
PTP001411,AC001416,call,AT0020381,,tele_agent,TA015,2026-04-30 08:38:04,2026-05-06,7000.0,10800.0,self,True
PTP001412,AC001480,call,AT0020395,,tele_agent,TA017,2026-04-30 09:34:39,2026-05-01,1200.0,1900.0,self,False
PTP001413,AC001590,call,AT0020416,,tele_agent,TA013,2026-04-30 08:34:06,2026-05-02,14600.0,14600.0,self,True
PTP001414,AC001644,call,AT0020431,,tele_agent,TA001,2026-04-30 11:18:22,2026-05-04,3650.0,3650.0,self,True
PTP001415,AC001743,call,AT0020457,,tele_agent,TA020,2026-04-30 12:17:21,2026-05-02,26100.0,26100.0,self,False
PTP001416,AC001950,call,AT0020495,,tele_agent,TA016,2026-04-30 10:22:39,2026-05-03,9700.0,15600.0,self,True
PTP001417,AC001952,call,AT0020496,,tele_agent,TA004,2026-04-30 08:19:40,2026-05-07,5300.0,5300.0,self,True
PTP001418,AC002067,call,AT0020519,,tele_agent,TA003,2026-04-30 09:48:08,2026-05-05,4950.0,4950.0,self,True
PTP001419,AC002117,call,AT0020531,,tele_agent,TA010,2026-04-30 13:01:33,2026-05-07,4700.0,4700.0,self,True
PTP001420,AC002374,call,AT0020578,,tele_agent,TA002,2026-04-30 11:54:46,2026-05-01,20200.0,20200.0,self,True
PTP001421,AC000136,call,AT0020594,,voice_bot,BOT01,2026-04-30 16:55:58,2026-05-01,11600.0,37850.0,self,True
PTP001422,AC000242,call,AT0020604,,tele_agent,TA010,2026-04-30 15:19:01,2026-05-08,1400.0,3900.0,self,True
PTP001423,AC000282,call,AT0020608,,tele_agent,TA008,2026-04-30 17:44:12,2026-05-01,159000.0,159000.0,self,True
PTP001424,AC000713,call,AT0020632,,tele_agent,TA005,2026-04-30 14:44:51,2026-05-01,7000.0,7000.0,self,True
PTP001425,AC000901,call,AT0020644,,tele_agent,TA004,2026-04-30 13:27:57,2026-05-01,1350.0,1350.0,self,True
PTP001426,AC001223,call,AT0020669,,tele_agent,TA020,2026-04-30 15:03:09,2026-05-03,33500.0,33500.0,self,False
PTP001427,AC001231,call,AT0020670,,tele_agent,TA006,2026-04-30 16:31:09,2026-05-02,2800.0,2800.0,self,True
PTP001428,AC001393,call,AT0020677,,tele_agent,TA017,2026-04-30 17:15:00,2026-05-25,33750.0,33750.0,self,True
PTP001429,AC001698,call,AT0020703,,tele_agent,TA006,2026-04-30 18:31:15,2026-05-07,1250.0,1250.0,self,True
PTP001430,AC002011,call,AT0020723,,tele_agent,TA018,2026-04-30 16:38:10,2026-05-02,86500.0,86500.0,self,False
PTP001431,AC002020,call,AT0020725,,tele_agent,TA006,2026-04-30 19:00:15,2026-05-12,39100.0,92950.0,self,True
PTP001432,AC002102,call,AT0020729,,tele_agent,TA003,2026-04-30 14:28:33,2026-05-03,7700.0,7700.0,self,True
PTP001433,AC002305,call,AT0020744,,tele_agent,TA015,2026-04-30 16:35:55,2026-05-02,3800.0,6000.0,self,True
PTP001434,AC002337,call,AT0020748,,tele_agent,TA007,2026-04-30 14:04:19,2026-05-08,16700.0,16700.0,self,True
PTP001435,AC000404,field_visit,,VS001834,field,FA002,2026-04-30 10:40:48,2026-05-01,5500.0,9150.0,self,False
PTP001436,AC000850,field_visit,,VS001838,field,FA002,2026-04-30 12:10:27,2026-05-07,13500.0,19800.0,self,False
PTP001437,AC000804,field_visit,,VS001843,field,FA003,2026-04-30 10:06:52,2026-05-07,46200.0,46200.0,self,False
PTP001438,AC001598,field_visit,,VS001848,field,FA003,2026-04-30 12:25:53,2026-05-01,5400.0,5400.0,self,False
PTP001439,AC002238,field_visit,,VS001850,field,FA003,2026-04-30 13:48:57,2026-05-01,2600.0,7600.0,self,False
PTP001440,AC001531,field_visit,,VS001859,field,FA006,2026-04-30 10:28:00,2026-05-06,25700.0,72700.0,self,True
PTP001441,AC001753,field_visit,,VS001863,field,FA006,2026-04-30 11:47:19,2026-05-06,65200.0,65200.0,self,False
PTP001442,AC001686,field_visit,,VS001874,field,FA009,2026-04-30 11:49:05,2026-05-06,4500.0,4500.0,self,False
PTP001443,AC001656,field_visit,,VS001885,field,FA007,2026-04-30 12:43:35,2026-05-09,3100.0,9600.0,self,False
PTP001444,AC000587,call,AT0020884,,voice_bot,BOT01,2026-05-01 10:53:37,2026-05-08,1150.0,1150.0,self,False
PTP001445,AC001328,call,AT0021028,,voice_bot,BOT01,2026-05-01 09:13:27,2026-05-08,5100.0,5100.0,self,True
PTP001446,AC001455,call,AT0021055,,voice_bot,BOT01,2026-05-01 08:58:47,2026-05-02,30500.0,30500.0,self,True
PTP001447,AC002276,call,AT0021229,,voice_bot,BOT01,2026-05-01 11:44:48,2026-05-11,500.0,1100.0,self,True
PTP001448,AC000224,call,AT0020810,,tele_agent,TA005,2026-05-01 10:03:16,2026-05-08,32200.0,32200.0,self,True
PTP001449,AC000296,call,AT0020826,,tele_agent,TA003,2026-05-01 10:14:15,2026-05-02,700.0,1550.0,self,True
PTP001450,AC000329,call,AT0020834,,tele_agent,TA003,2026-05-01 11:19:09,2026-05-10,48150.0,48150.0,self,True
PTP001451,AC000421,call,AT0020854,,tele_agent,TA007,2026-05-01 09:19:36,2026-05-04,2500.0,3900.0,self,True
PTP001452,AC000435,call,AT0020856,,tele_agent,TA010,2026-05-01 08:05:57,2026-05-02,8600.0,8600.0,self,True
PTP001453,AC000455,call,AT0020859,,tele_agent,TA003,2026-05-01 09:23:18,2026-05-26,10100.0,10100.0,self,True
PTP001454,AC000545,call,AT0020877,,tele_agent,TA006,2026-05-01 09:32:35,2026-05-26,12000.0,26400.0,self,True
PTP001455,AC000583,call,AT0020883,,tele_agent,TA009,2026-05-01 09:08:01,2026-05-08,8000.0,8000.0,self,True
PTP001456,AC000683,call,AT0020908,,tele_agent,TA013,2026-05-01 09:08:11,2026-05-03,9300.0,9300.0,family_member,True
PTP001457,AC000685,call,AT0020909,,tele_agent,TA004,2026-05-01 10:05:28,2026-05-02,4500.0,4500.0,self,True
PTP001458,AC000761,call,AT0020922,,tele_agent,TA011,2026-05-01 08:30:01,2026-05-03,38200.0,79000.0,self,False
PTP001459,AC000770,call,AT0020923,,tele_agent,TA007,2026-05-01 10:44:15,2026-05-26,11750.0,11750.0,self,False
PTP001460,AC000829,call,AT0020930,,tele_agent,TA011,2026-05-01 09:55:15,2026-05-08,5900.0,5900.0,self,True
PTP001461,AC001227,call,AT0021008,,tele_agent,TA020,2026-05-01 08:48:33,2026-05-02,12100.0,12100.0,self,True
PTP001462,AC001275,call,AT0021019,,tele_agent,TA014,2026-05-01 12:58:43,2026-05-26,6800.0,12550.0,self,True
PTP001463,AC001346,call,AT0021032,,tele_agent,TA002,2026-05-01 11:12:21,2026-05-26,10000.0,18000.0,self,True
PTP001464,AC001457,call,AT0021057,,tele_agent,TA013,2026-05-01 08:40:24,2026-05-06,175600.0,175600.0,self,False
PTP001465,AC001475,call,AT0021062,,tele_agent,TA001,2026-05-01 08:44:43,2026-05-02,19600.0,19600.0,self,True
PTP001466,AC001754,call,AT0021112,,tele_agent,TA005,2026-05-01 10:31:37,2026-05-02,54800.0,54800.0,self,True
PTP001467,AC001822,call,AT0021127,,tele_agent,TA009,2026-05-01 12:24:41,2026-05-08,51600.0,78600.0,self,True
PTP001468,AC001991,call,AT0021159,,tele_agent,TA020,2026-05-01 11:12:48,2026-05-26,2800.0,2800.0,self,False
PTP001469,AC001992,call,AT0021160,,tele_agent,TA014,2026-05-01 12:20:45,2026-05-09,9400.0,9400.0,third_party,False
PTP001470,AC002249,call,AT0021223,,tele_agent,TA018,2026-05-01 12:54:53,2026-05-26,1100.0,3200.0,self,False
PTP001471,AC002316,call,AT0021236,,tele_agent,TA007,2026-05-01 11:11:47,2026-05-07,27600.0,27600.0,self,True
PTP001472,AC002386,call,AT0021255,,tele_agent,TA010,2026-05-01 12:20:26,2026-05-02,67400.0,67400.0,self,True
PTP001473,AC000026,call,AT0021264,,tele_agent,TA011,2026-05-01 14:31:56,2026-05-26,7250.0,7250.0,self,True
PTP001474,AC000333,call,AT0021290,,tele_agent,TA014,2026-05-01 13:17:21,2026-05-08,10700.0,10700.0,self,True
PTP001475,AC001087,call,AT0021335,,tele_agent,TA020,2026-05-01 13:55:35,2026-05-08,24800.0,24800.0,self,True
PTP001476,AC001456,call,AT0021362,,tele_agent,TA011,2026-05-01 14:21:15,2026-05-02,12800.0,12800.0,self,True
PTP001477,AC001508,call,AT0021367,,tele_agent,TA009,2026-05-01 17:46:33,2026-05-02,23700.0,61100.0,self,True
PTP001478,AC001996,call,AT0021402,,tele_agent,TA006,2026-05-01 16:05:15,2026-05-02,7400.0,7400.0,self,False
PTP001479,AC002128,call,AT0021411,,tele_agent,TA003,2026-05-01 16:05:38,2026-05-02,3550.0,3550.0,self,True
PTP001480,AC002159,call,AT0021419,,tele_agent,TA006,2026-05-01 18:33:35,2026-05-17,11300.0,11300.0,self,False
PTP001481,AC000608,field_visit,,VS001903,field,FA003,2026-05-01 12:21:53,2026-05-07,16400.0,16400.0,self,False
PTP001482,AC001091,field_visit,,VS001905,field,FA003,2026-05-01 13:03:29,2026-05-02,22050.0,22050.0,self,False
PTP001483,AC000701,field_visit,,VS001910,field,FA001,2026-05-01 12:28:03,2026-05-26,20400.0,20400.0,self,False
PTP001484,AC001385,field_visit,,VS001921,field,FA002,2026-05-01 12:45:50,2026-05-07,21300.0,21300.0,self,True
PTP001485,AC001869,field_visit,,VS001951,field,FA007,2026-05-01 13:25:26,2026-05-08,2500.0,3800.0,self,False
PTP001486,AC000443,field_visit,,VS001952,field,FA009,2026-05-01 10:09:25,2026-05-04,4950.0,4950.0,self,True
PTP001487,AC001939,field_visit,,VS001955,field,FA009,2026-05-01 11:36:45,2026-05-08,83700.0,83700.0,self,False
PTP001488,AC000193,call,AT0021489,,tele_agent,TA012,2026-05-02 12:25:33,2026-05-04,2200.0,2200.0,self,True
PTP001489,AC000252,call,AT0021509,,tele_agent,TA010,2026-05-02 12:56:13,2026-05-09,1200.0,2650.0,self,True
PTP001490,AC000297,call,AT0021521,,tele_agent,TA011,2026-05-02 09:20:01,2026-05-03,3700.0,6400.0,self,False
PTP001491,AC000589,call,AT0021588,,tele_agent,TA006,2026-05-02 09:41:02,2026-05-07,2800.0,8400.0,self,True
PTP001492,AC000751,call,AT0021620,,tele_agent,TA017,2026-05-02 11:39:55,2026-05-10,8800.0,8800.0,self,False
PTP001493,AC000842,call,AT0021635,,tele_agent,TA006,2026-05-02 12:12:54,2026-05-27,20400.0,20400.0,self,True
PTP001494,AC000864,call,AT0021644,,tele_agent,TA013,2026-05-02 09:00:07,2026-05-06,32400.0,32400.0,self,True
PTP001495,AC000970,call,AT0021666,,tele_agent,TA010,2026-05-02 11:59:14,2026-05-03,4700.0,4700.0,self,True
PTP001496,AC000998,call,AT0021671,,tele_agent,TA013,2026-05-02 12:50:47,2026-05-27,12500.0,12500.0,self,True
PTP001497,AC000999,call,AT0021672,,tele_agent,TA016,2026-05-02 11:26:30,2026-05-27,88500.0,88500.0,self,True
PTP001498,AC001001,call,AT0021673,,tele_agent,TA015,2026-05-02 10:47:59,2026-05-03,6200.0,6200.0,self,False
PTP001499,AC001002,call,AT0021674,,tele_agent,TA007,2026-05-02 12:04:14,2026-05-09,18800.0,18800.0,self,True
PTP001500,AC001038,call,AT0021681,,tele_agent,TA014,2026-05-02 09:32:53,2026-05-03,13000.0,26200.0,self,True
PTP001501,AC001152,call,AT0021706,,tele_agent,TA019,2026-05-02 09:39:54,2026-05-03,25050.0,25050.0,self,False
PTP001502,AC001154,call,AT0021707,,tele_agent,TA005,2026-05-02 11:11:12,2026-05-09,1050.0,1050.0,self,True
PTP001503,AC001254,call,AT0021732,,tele_agent,TA003,2026-05-02 08:16:09,2026-05-27,11000.0,11000.0,self,False
PTP001504,AC001273,call,AT0021734,,tele_agent,TA020,2026-05-02 11:58:24,2026-05-04,31150.0,31150.0,self,True
PTP001505,AC001308,call,AT0021743,,tele_agent,TA003,2026-05-02 09:17:32,2026-05-06,9800.0,9800.0,self,True
PTP001506,AC001329,call,AT0021747,,tele_agent,TA002,2026-05-02 08:52:32,2026-05-06,28900.0,28900.0,self,False
PTP001507,AC001368,call,AT0021753,,tele_agent,TA017,2026-05-02 12:20:36,2026-05-10,28050.0,28050.0,self,False
PTP001508,AC001413,call,AT0021761,,tele_agent,TA018,2026-05-02 11:39:36,2026-05-03,800.0,800.0,self,True
PTP001509,AC001540,call,AT0021783,,tele_agent,TA017,2026-05-02 10:19:28,2026-05-10,3750.0,3750.0,self,True
PTP001510,AC001749,call,AT0021832,,tele_agent,TA010,2026-05-02 08:19:48,2026-05-27,14200.0,34200.0,self,False
PTP001511,AC001854,call,AT0021855,,tele_agent,TA005,2026-05-02 11:56:10,2026-05-05,4300.0,7300.0,self,True
PTP001512,AC001928,call,AT0021875,,tele_agent,TA006,2026-05-02 11:59:20,2026-05-06,1050.0,1050.0,self,True
PTP001513,AC002003,call,AT0021891,,tele_agent,TA020,2026-05-02 10:38:05,2026-05-09,2450.0,2450.0,self,True
PTP001514,AC002009,call,AT0021892,,tele_agent,TA016,2026-05-02 09:11:28,2026-05-03,1600.0,1600.0,self,True
PTP001515,AC002044,call,AT0021899,,tele_agent,TA020,2026-05-02 12:33:18,2026-05-09,5400.0,16150.0,self,True
PTP001516,AC002058,call,AT0021902,,tele_agent,TA016,2026-05-02 08:30:07,2026-05-06,1100.0,2500.0,self,False
PTP001517,AC002068,call,AT0021906,,tele_agent,TA009,2026-05-02 08:48:25,2026-05-21,10600.0,10600.0,self,True
PTP001518,AC002098,call,AT0021915,,tele_agent,TA019,2026-05-02 10:51:23,2026-05-27,9200.0,9200.0,self,True
PTP001519,AC002111,call,AT0021918,,tele_agent,TA020,2026-05-02 09:11:15,2026-05-03,6000.0,6000.0,self,False
PTP001520,AC002282,call,AT0021956,,tele_agent,TA008,2026-05-02 08:49:20,2026-05-05,8500.0,8500.0,self,True
PTP001521,AC002372,call,AT0021978,,tele_agent,TA014,2026-05-02 11:01:03,2026-05-27,7300.0,13450.0,self,True
PTP001522,AC002387,call,AT0021982,,tele_agent,TA008,2026-05-02 12:06:04,2026-05-09,5400.0,11200.0,self,False
PTP001523,AC000399,call,AT0022029,,tele_agent,TA006,2026-05-02 17:17:26,2026-05-12,3550.0,3550.0,self,True
PTP001524,AC000483,call,AT0022037,,tele_agent,TA006,2026-05-02 17:00:21,2026-05-27,3250.0,3250.0,self,False
PTP001525,AC000776,call,AT0022063,,tele_agent,TA006,2026-05-02 14:29:14,2026-05-03,3850.0,3850.0,self,False
PTP001526,AC000947,call,AT0022075,,tele_agent,TA005,2026-05-02 15:56:08,2026-05-08,2800.0,2800.0,self,True
PTP001527,AC001159,call,AT0022087,,tele_agent,TA006,2026-05-02 17:35:16,2026-05-26,11050.0,11050.0,self,False
PTP001528,AC001209,call,AT0022093,,tele_agent,TA009,2026-05-02 16:48:04,2026-05-03,8600.0,13550.0,self,True
PTP001529,AC001241,call,AT0022094,,tele_agent,TA016,2026-05-02 15:01:41,2026-05-10,2100.0,2100.0,self,True
PTP001530,AC001998,call,AT0022139,,tele_agent,TA007,2026-05-02 17:50:15,2026-05-10,13800.0,13800.0,self,False
PTP001531,AC002223,call,AT0022157,,tele_agent,TA010,2026-05-02 16:00:23,2026-05-07,5200.0,5200.0,self,True
PTP001532,AC001788,field_visit,,VS001972,field,FA001,2026-05-02 14:09:26,2026-05-12,11400.0,19600.0,self,False
PTP001533,AC001056,field_visit,,VS001979,field,FA002,2026-05-02 12:22:04,2026-05-03,18300.0,18300.0,self,True
PTP001534,AC002330,field_visit,,VS001984,field,FA003,2026-05-02 10:11:03,2026-05-09,15100.0,35500.0,self,False
PTP001535,AC000937,field_visit,,VS002028,field,FA008,2026-05-02 11:51:11,2026-05-03,13950.0,13950.0,self,False
PTP001536,AC000084,call,AT0022185,,tele_agent,TA014,2026-05-03 11:58:01,2026-05-04,8400.0,17800.0,self,True
PTP001537,AC000269,call,AT0022203,,tele_agent,TA003,2026-05-03 09:09:41,2026-05-04,800.0,800.0,self,False
PTP001538,AC000561,call,AT0022225,,tele_agent,TA011,2026-05-03 08:48:03,2026-05-10,7600.0,7600.0,self,True
PTP001539,AC001218,call,AT0022285,,tele_agent,TA004,2026-05-03 08:40:14,2026-05-10,6000.0,19750.0,self,True
PTP001540,AC001247,call,AT0022287,,tele_agent,TA009,2026-05-03 12:18:31,2026-05-10,40400.0,75900.0,self,True
PTP001541,AC001303,call,AT0022295,,tele_agent,TA020,2026-05-03 08:20:43,2026-05-10,2000.0,5900.0,third_party,True
PTP001542,AC001366,call,AT0022302,,tele_agent,TA013,2026-05-03 11:17:46,2026-05-05,1100.0,1100.0,third_party,True
PTP001543,AC001466,call,AT0022316,,tele_agent,TA014,2026-05-03 12:07:47,2026-05-28,387600.0,387600.0,self,True
PTP001544,AC001514,call,AT0022320,,tele_agent,TA020,2026-05-03 08:21:38,2026-05-10,1500.0,1500.0,self,True
PTP001545,AC001544,call,AT0022324,,tele_agent,TA005,2026-05-03 10:38:33,2026-05-28,21050.0,21050.0,self,False
PTP001546,AC001572,call,AT0022328,,tele_agent,TA008,2026-05-03 10:42:07,2026-05-13,750.0,750.0,self,True
PTP001547,AC001602,call,AT0022329,,tele_agent,TA008,2026-05-03 12:21:27,2026-05-10,11200.0,11200.0,self,True
PTP001548,AC001711,call,AT0022334,,tele_agent,TA015,2026-05-03 08:30:11,2026-05-07,22800.0,22800.0,self,True
PTP001549,AC001915,call,AT0022349,,tele_agent,TA014,2026-05-03 10:42:40,2026-05-28,22400.0,22400.0,self,True
PTP001550,AC002023,call,AT0022361,,tele_agent,TA012,2026-05-03 08:21:01,2026-05-10,15350.0,15350.0,self,True
PTP001551,AC002302,call,AT0022379,,tele_agent,TA020,2026-05-03 08:07:30,2026-05-11,6200.0,6200.0,self,False
PTP001552,AC000100,call,AT0022395,,tele_agent,TA009,2026-05-03 13:11:16,2026-05-10,5000.0,8800.0,self,True
PTP001553,AC000141,call,AT0022396,,tele_agent,TA007,2026-05-03 14:50:48,2026-05-12,1200.0,3650.0,self,False
PTP001554,AC000912,call,AT0022416,,tele_agent,TA008,2026-05-03 18:19:47,2026-05-04,3700.0,3700.0,self,True
PTP001555,AC000993,call,AT0022424,,tele_agent,TA017,2026-05-03 16:51:40,2026-05-05,4600.0,4600.0,self,True
PTP001556,AC001164,call,AT0022431,,tele_agent,TA020,2026-05-03 17:31:29,2026-05-11,39300.0,39300.0,self,True
PTP001557,AC001397,call,AT0022440,,tele_agent,TA013,2026-05-03 16:41:51,2026-05-04,900.0,2700.0,self,False
PTP001558,AC001440,call,AT0022444,,tele_agent,TA012,2026-05-03 18:14:31,2026-05-07,8700.0,15100.0,self,False
PTP001559,AC001496,call,AT0022446,,tele_agent,TA002,2026-05-03 15:38:30,2026-05-11,2100.0,4250.0,self,True
PTP001560,AC000019,call,AT0022472,,tele_agent,TA009,2026-05-04 08:26:52,2026-05-10,1850.0,1850.0,self,True
PTP001561,AC000043,call,AT0022476,,tele_agent,TA009,2026-05-04 08:20:20,2026-05-06,6600.0,10200.0,self,True
PTP001562,AC000064,call,AT0022482,,tele_agent,TA020,2026-05-04 10:45:04,2026-05-06,21350.0,21350.0,self,True
PTP001563,AC000227,call,AT0022512,,tele_agent,TA018,2026-05-04 09:55:59,2026-05-11,6600.0,12600.0,third_party,False
PTP001564,AC000232,call,AT0022513,,tele_agent,TA017,2026-05-04 12:35:47,2026-05-05,24400.0,24400.0,self,False
PTP001565,AC000396,call,AT0022537,,tele_agent,TA018,2026-05-04 12:47:04,2026-05-07,3150.0,3150.0,self,True
PTP001566,AC000519,call,AT0022573,,tele_agent,TA003,2026-05-04 09:21:38,2026-05-11,9300.0,25900.0,third_party,False
PTP001567,AC000566,call,AT0022586,,tele_agent,TA003,2026-05-04 09:04:07,2026-05-11,350.0,350.0,self,True
PTP001568,AC000683,call,AT0022613,,tele_agent,TA013,2026-05-04 10:33:48,2026-05-12,9300.0,9300.0,self,True
PTP001569,AC000691,call,AT0022616,,tele_agent,TA003,2026-05-04 11:33:13,2026-05-08,15100.0,15100.0,self,False
PTP001570,AC000746,call,AT0022624,,tele_agent,TA005,2026-05-04 10:40:41,2026-05-09,9200.0,19650.0,self,True
PTP001571,AC000976,call,AT0022670,,tele_agent,TA019,2026-05-04 09:04:29,2026-05-07,44500.0,44500.0,self,True
PTP001572,AC000977,call,AT0022671,,tele_agent,TA004,2026-05-04 08:24:05,2026-05-29,11850.0,11850.0,self,True
PTP001573,AC001028,call,AT0022684,,tele_agent,TA018,2026-05-04 11:05:28,2026-05-12,5800.0,5800.0,self,True
PTP001574,AC001080,call,AT0022696,,tele_agent,TA016,2026-05-04 08:48:25,2026-05-29,3200.0,3200.0,self,True
PTP001575,AC001118,call,AT0022703,,tele_agent,TA001,2026-05-04 08:07:49,2026-05-11,29250.0,29250.0,self,True
PTP001576,AC001170,call,AT0022714,,tele_agent,TA019,2026-05-04 10:28:56,2026-05-05,6550.0,6550.0,self,False
PTP001577,AC001246,call,AT0022733,,tele_agent,TA012,2026-05-04 09:17:40,2026-05-10,550.0,550.0,self,True
PTP001578,AC001294,call,AT0022746,,tele_agent,TA009,2026-05-04 11:37:17,2026-05-09,1200.0,2200.0,self,True
PTP001579,AC001309,call,AT0022751,,tele_agent,TA014,2026-05-04 11:43:19,2026-05-06,7600.0,7600.0,self,True
PTP001580,AC001315,call,AT0022754,,tele_agent,TA017,2026-05-04 11:21:22,2026-05-11,1450.0,1450.0,self,True
PTP001581,AC001345,call,AT0022762,,tele_agent,TA019,2026-05-04 11:47:42,2026-05-07,33500.0,33500.0,self,False
PTP001582,AC001357,call,AT0022767,,tele_agent,TA017,2026-05-04 08:16:47,2026-05-25,13300.0,13300.0,self,False
PTP001583,AC001384,call,AT0022772,,tele_agent,TA020,2026-05-04 09:04:47,2026-05-11,7400.0,7400.0,self,False
PTP001584,AC001405,call,AT0022775,,tele_agent,TA004,2026-05-04 11:50:45,2026-05-11,4400.0,4400.0,self,True
PTP001585,AC001427,call,AT0022783,,tele_agent,TA009,2026-05-04 11:45:12,2026-05-06,1700.0,3500.0,self,True
PTP001586,AC001455,call,AT0022788,,tele_agent,TA011,2026-05-04 11:25:13,2026-05-12,30500.0,30500.0,self,True
PTP001587,AC001687,call,AT0022832,,tele_agent,TA002,2026-05-04 08:30:18,2026-05-05,11450.0,11450.0,self,True
PTP001588,AC001922,call,AT0022880,,tele_agent,TA017,2026-05-04 08:47:14,2026-05-29,1550.0,1550.0,self,True
PTP001589,AC002007,call,AT0022904,,tele_agent,TA003,2026-05-04 08:37:18,2026-05-11,6600.0,19800.0,self,False
PTP001590,AC002013,call,AT0022905,,tele_agent,TA017,2026-05-04 12:30:34,2026-05-05,1300.0,1900.0,self,False
PTP001591,AC002084,call,AT0022920,,tele_agent,TA005,2026-05-04 10:05:09,2026-05-11,4400.0,4400.0,self,False
PTP001592,AC002156,call,AT0022936,,tele_agent,TA017,2026-05-04 09:09:46,2026-05-12,14750.0,14750.0,self,True
PTP001593,AC002173,call,AT0022938,,tele_agent,TA019,2026-05-04 08:14:50,2026-05-06,1800.0,1800.0,self,True
PTP001594,AC002395,call,AT0022993,,tele_agent,TA009,2026-05-04 09:32:22,2026-05-12,1500.0,2600.0,self,True
PTP001595,AC000272,call,AT0023010,,tele_agent,TA013,2026-05-04 14:06:36,2026-05-06,2200.0,2200.0,self,False
PTP001596,AC000372,call,AT0023017,,tele_agent,TA017,2026-05-04 14:03:43,2026-05-29,17400.0,17400.0,self,True
PTP001597,AC000643,call,AT0023041,,tele_agent,TA004,2026-05-04 16:06:07,2026-05-09,3800.0,9100.0,third_party,False
PTP001598,AC000845,call,AT0023056,,tele_agent,TA016,2026-05-04 15:57:53,2026-05-06,600.0,1800.0,self,True
PTP001599,AC001503,call,AT0023109,,tele_agent,TA010,2026-05-04 18:58:42,2026-05-26,11700.0,11700.0,self,True
PTP001600,AC001639,call,AT0023115,,tele_agent,TA009,2026-05-04 18:34:54,2026-05-29,9450.0,9450.0,self,True
PTP001601,AC001735,call,AT0023125,,tele_agent,TA015,2026-05-04 18:24:03,2026-05-07,7850.0,7850.0,self,False
PTP001602,AC001767,call,AT0023128,,tele_agent,TA019,2026-05-04 13:37:07,2026-05-11,8500.0,8500.0,self,False
PTP001603,AC001853,call,AT0023134,,tele_agent,TA002,2026-05-04 15:28:31,2026-05-05,22400.0,22400.0,self,True
PTP001604,AC001969,call,AT0023144,,tele_agent,TA017,2026-05-04 15:58:52,2026-05-07,77800.0,167500.0,self,True
PTP001605,AC002207,call,AT0023157,,tele_agent,TA012,2026-05-04 16:13:51,2026-05-13,101800.0,147000.0,self,False
PTP001606,AC002254,call,AT0023162,,tele_agent,TA003,2026-05-04 15:53:12,2026-05-12,43500.0,43500.0,self,True
PTP001607,AC002065,field_visit,,VS002067,field,FA006,2026-05-04 10:50:08,2026-05-11,70800.0,70800.0,self,True
PTP001608,AC002185,field_visit,,VS002069,field,FA006,2026-05-04 11:34:42,2026-05-11,9000.0,9000.0,self,False
PTP001609,AC001320,field_visit,,VS002074,field,FA006,2026-05-04 12:51:44,2026-05-09,20100.0,20100.0,self,False
PTP001610,AC002378,field_visit,,VS002077,field,FA004,2026-05-04 10:44:23,2026-05-11,3100.0,8550.0,self,True
PTP001611,AC001321,field_visit,,VS002091,field,FA008,2026-05-04 11:14:57,2026-05-11,15000.0,15000.0,self,False
PTP001612,AC001251,field_visit,,VS002092,field,FA008,2026-05-04 11:41:54,2026-05-11,35800.0,60000.0,family_member,False
PTP001613,AC000074,field_visit,,VS002095,field,FA007,2026-05-04 10:46:43,2026-05-29,12600.0,12600.0,self,True
PTP001614,AC001970,field_visit,,VS002099,field,FA007,2026-05-04 12:22:11,2026-05-06,17800.0,27300.0,self,False
PTP001615,AC000240,field_visit,,VS002110,field,FA009,2026-05-04 12:48:50,2026-05-06,5000.0,5000.0,self,True
PTP001616,AC000175,call,AT0023217,,tele_agent,TA004,2026-05-05 12:57:20,2026-05-09,3850.0,3850.0,self,False
PTP001617,AC000269,call,AT0023240,,tele_agent,TA003,2026-05-05 12:43:36,2026-05-06,800.0,800.0,self,False
PTP001618,AC000340,call,AT0023259,,tele_agent,TA014,2026-05-05 10:16:41,2026-05-11,12400.0,12400.0,self,True
PTP001619,AC000394,call,AT0023269,,tele_agent,TA008,2026-05-05 12:04:03,2026-05-12,8900.0,16150.0,self,True
PTP001620,AC000403,call,AT0023271,,tele_agent,TA002,2026-05-05 12:57:54,2026-05-06,500.0,750.0,self,False
PTP001621,AC000492,call,AT0023291,,tele_agent,TA014,2026-05-05 12:35:32,2026-05-07,18700.0,18700.0,self,True
PTP001622,AC000498,call,AT0023293,,tele_agent,TA020,2026-05-05 08:22:57,2026-05-11,2800.0,2800.0,self,True
PTP001623,AC000636,call,AT0023319,,tele_agent,TA020,2026-05-05 11:02:50,2026-05-09,4800.0,4800.0,self,True
PTP001624,AC000644,call,AT0023320,,tele_agent,TA013,2026-05-05 09:41:49,2026-05-06,2100.0,2100.0,self,True
PTP001625,AC000665,call,AT0023326,,tele_agent,TA007,2026-05-05 13:01:23,2026-05-07,13200.0,27400.0,self,True
PTP001626,AC000710,call,AT0023335,,tele_agent,TA009,2026-05-05 09:49:18,2026-05-09,3150.0,3150.0,self,False
PTP001627,AC000767,call,AT0023351,,tele_agent,TA010,2026-05-05 09:58:16,2026-05-25,13450.0,13450.0,self,True
PTP001628,AC000772,call,AT0023353,,tele_agent,TA012,2026-05-05 12:58:01,2026-05-06,50.0,50.0,self,True
PTP001629,AC000872,call,AT0023375,,tele_agent,TA002,2026-05-05 08:57:07,2026-05-17,40950.0,40950.0,self,True
PTP001630,AC000948,call,AT0023396,,tele_agent,TA009,2026-05-05 10:43:34,2026-05-06,14350.0,14350.0,self,False
PTP001631,AC000954,call,AT0023398,,tele_agent,TA011,2026-05-05 08:15:36,2026-05-12,3150.0,3150.0,self,False
PTP001632,AC001007,call,AT0023409,,tele_agent,TA012,2026-05-05 11:48:27,2026-05-12,2250.0,2250.0,self,False
PTP001633,AC001057,call,AT0023420,,tele_agent,TA005,2026-05-05 12:34:28,2026-05-06,11350.0,11350.0,self,True
PTP001634,AC001099,call,AT0023426,,tele_agent,TA011,2026-05-05 09:59:52,2026-05-06,9000.0,19900.0,self,False
PTP001635,AC001200,call,AT0023452,,tele_agent,TA012,2026-05-05 12:19:07,2026-05-12,2000.0,2000.0,family_member,False
PTP001636,AC001229,call,AT0023458,,tele_agent,TA020,2026-05-05 08:21:49,2026-05-30,12000.0,12000.0,self,True
PTP001637,AC001230,call,AT0023459,,tele_agent,TA013,2026-05-05 08:23:19,2026-05-10,2300.0,2300.0,self,False
PTP001638,AC001352,call,AT0023497,,tele_agent,TA018,2026-05-05 09:04:19,2026-05-08,3450.0,3450.0,self,True
PTP001639,AC001378,call,AT0023501,,tele_agent,TA007,2026-05-05 09:02:18,2026-05-30,1100.0,1100.0,self,True
PTP001640,AC001400,call,AT0023506,,tele_agent,TA009,2026-05-05 08:06:26,2026-05-12,84350.0,84350.0,self,True
PTP001641,AC001607,call,AT0023563,,tele_agent,TA010,2026-05-05 11:33:53,2026-05-14,82100.0,171600.0,self,False
PTP001642,AC001612,call,AT0023564,,tele_agent,TA011,2026-05-05 09:27:23,2026-05-30,3700.0,3700.0,self,False
PTP001643,AC001663,call,AT0023572,,tele_agent,TA008,2026-05-05 08:57:35,2026-05-12,3500.0,10500.0,third_party,False
PTP001644,AC001719,call,AT0023584,,tele_agent,TA001,2026-05-05 10:18:39,2026-05-15,3100.0,3100.0,self,False
PTP001645,AC001802,call,AT0023600,,tele_agent,TA002,2026-05-05 08:24:01,2026-05-14,800.0,1800.0,third_party,True
PTP001646,AC001825,call,AT0023605,,tele_agent,TA004,2026-05-05 11:03:07,2026-05-07,1900.0,3800.0,self,False
PTP001647,AC001840,call,AT0023610,,tele_agent,TA007,2026-05-05 08:41:48,2026-05-07,1050.0,1050.0,self,True
PTP001648,AC001900,call,AT0023622,,tele_agent,TA003,2026-05-05 09:51:47,2026-05-12,50850.0,50850.0,self,True
PTP001649,AC001986,call,AT0023641,,tele_agent,TA005,2026-05-05 11:05:01,2026-05-06,2150.0,2150.0,self,True
PTP001650,AC002287,call,AT0023706,,tele_agent,TA003,2026-05-05 09:37:38,2026-05-07,3700.0,3700.0,self,True
PTP001651,AC002295,call,AT0023708,,tele_agent,TA018,2026-05-05 12:17:03,2026-05-13,12300.0,12300.0,self,True
PTP001652,AC000193,call,AT0023750,,tele_agent,TA012,2026-05-05 14:21:11,2026-05-07,2200.0,2200.0,self,True
PTP001653,AC000294,call,AT0023758,,tele_agent,TA015,2026-05-05 16:33:38,2026-05-12,18450.0,18450.0,self,True
PTP001654,AC000537,call,AT0023777,,tele_agent,TA008,2026-05-05 15:06:53,2026-05-06,1000.0,1500.0,self,True
PTP001655,AC000732,call,AT0023791,,tele_agent,TA013,2026-05-05 15:52:34,2026-05-09,6600.0,6600.0,self,False
PTP001656,AC001223,call,AT0023831,,tele_agent,TA020,2026-05-05 15:39:10,2026-05-07,33500.0,33500.0,self,True
PTP001657,AC001637,call,AT0023864,,tele_agent,TA002,2026-05-05 16:28:12,2026-05-12,86450.0,86450.0,self,True
PTP001658,AC002319,call,AT0023912,,tele_agent,TA020,2026-05-05 17:18:30,2026-05-12,1000.0,1000.0,third_party,False
PTP001659,AC000253,field_visit,,VS002128,field,FA002,2026-05-05 12:20:29,2026-05-30,18300.0,18300.0,self,True
PTP001660,AC000028,field_visit,,VS002144,field,FA005,2026-05-05 10:25:35,2026-05-11,109200.0,109200.0,self,True
PTP001661,AC000497,field_visit,,VS002164,field,FA007,2026-05-05 11:27:32,2026-05-10,214200.0,214200.0,self,False
PTP001662,AC000187,field_visit,,VS002170,field,FA007,2026-05-05 13:53:41,2026-05-09,8200.0,15000.0,self,True
PTP001663,AC000942,field_visit,,VS002174,field,FA009,2026-05-05 11:10:40,2026-05-12,6450.0,6450.0,self,True
PTP001664,AC000600,field_visit,,VS002177,field,FA009,2026-05-05 12:21:32,2026-05-07,7600.0,7600.0,self,False
PTP001665,AC001692,field_visit,,VS002182,field,FA008,2026-05-05 11:15:42,2026-05-06,2600.0,6000.0,self,False
PTP001666,AC000061,call,AT0023937,,tele_agent,TA012,2026-05-06 08:54:14,2026-05-08,4300.0,12000.0,self,True
PTP001667,AC000065,call,AT0023938,,tele_agent,TA020,2026-05-06 08:27:48,2026-05-14,6000.0,6000.0,self,False
PTP001668,AC000147,call,AT0023952,,tele_agent,TA016,2026-05-06 08:12:40,2026-05-08,600.0,1250.0,self,True
PTP001669,AC000190,call,AT0023963,,tele_agent,TA010,2026-05-06 12:44:31,2026-05-13,44000.0,44000.0,third_party,False
PTP001670,AC000199,call,AT0023966,,tele_agent,TA010,2026-05-06 08:44:27,2026-05-08,12200.0,12200.0,self,True
PTP001671,AC000314,call,AT0023990,,tele_agent,TA008,2026-05-06 08:17:38,2026-05-31,2800.0,4250.0,self,False
PTP001672,AC000316,call,AT0023991,,tele_agent,TA008,2026-05-06 08:28:45,2026-05-12,42900.0,72000.0,third_party,True
PTP001673,AC000390,call,AT0024012,,tele_agent,TA008,2026-05-06 10:51:59,2026-05-15,27300.0,27300.0,self,True
PTP001674,AC000426,call,AT0024020,,tele_agent,TA005,2026-05-06 08:51:32,2026-05-31,1800.0,4150.0,self,False
PTP001675,AC000562,call,AT0024055,,tele_agent,TA006,2026-05-06 11:41:52,2026-05-09,600.0,1050.0,self,True
PTP001676,AC000591,call,AT0024061,,tele_agent,TA019,2026-05-06 08:24:47,2026-05-31,2500.0,4000.0,self,True
PTP001677,AC000664,call,AT0024075,,tele_agent,TA006,2026-05-06 10:52:15,2026-05-08,5000.0,9450.0,self,True
PTP001678,AC000666,call,AT0024076,,tele_agent,TA015,2026-05-06 11:34:03,2026-05-08,8400.0,24700.0,self,True
PTP001679,AC000899,call,AT0024129,,tele_agent,TA017,2026-05-06 08:32:30,2026-05-11,25350.0,25350.0,self,True
PTP001680,AC000924,call,AT0024138,,tele_agent,TA001,2026-05-06 12:56:57,2026-05-31,10100.0,10100.0,self,False
PTP001681,AC000958,call,AT0024144,,tele_agent,TA010,2026-05-06 08:07:23,2026-05-07,61500.0,61500.0,self,True
PTP001682,AC001008,call,AT0024154,,tele_agent,TA020,2026-05-06 11:39:17,2026-05-08,6400.0,6400.0,self,True
PTP001683,AC001048,call,AT0024161,,tele_agent,TA002,2026-05-06 12:09:09,2026-05-13,27400.0,27400.0,self,False
PTP001684,AC001242,call,AT0024205,,tele_agent,TA008,2026-05-06 11:56:49,2026-05-15,3200.0,3200.0,third_party,True
PTP001685,AC001279,call,AT0024215,,tele_agent,TA016,2026-05-06 08:19:30,2026-05-10,5100.0,15700.0,self,True
PTP001686,AC001381,call,AT0024234,,tele_agent,TA016,2026-05-06 10:08:22,2026-05-31,24000.0,24000.0,self,True
PTP001687,AC001391,call,AT0024237,,tele_agent,TA001,2026-05-06 08:33:16,2026-05-07,19100.0,35700.0,self,False
PTP001688,AC001401,call,AT0024241,,tele_agent,TA020,2026-05-06 11:46:14,2026-05-08,17100.0,17100.0,self,True
PTP001689,AC001432,call,AT0024248,,tele_agent,TA005,2026-05-06 11:42:22,2026-05-07,12900.0,12900.0,self,True
PTP001690,AC001502,call,AT0024263,,tele_agent,TA005,2026-05-06 08:41:09,2026-05-13,6200.0,6200.0,self,True
PTP001691,AC001525,call,AT0024267,,tele_agent,TA013,2026-05-06 09:12:48,2026-05-12,17050.0,17050.0,self,False
PTP001692,AC001562,call,AT0024273,,tele_agent,TA016,2026-05-06 08:57:30,2026-05-14,17550.0,17550.0,self,False
PTP001693,AC001852,call,AT0024324,,tele_agent,TA016,2026-05-06 08:30:15,2026-05-11,7650.0,7650.0,self,True
PTP001694,AC001879,call,AT0024332,,tele_agent,TA001,2026-05-06 09:26:35,2026-05-31,13800.0,21300.0,self,True
PTP001695,AC001950,call,AT0024351,,tele_agent,TA016,2026-05-06 11:16:23,2026-05-07,15600.0,15600.0,self,True
PTP001696,AC002067,call,AT0024374,,tele_agent,TA003,2026-05-06 10:50:06,2026-05-08,4950.0,4950.0,self,False
PTP001697,AC002113,call,AT0024390,,tele_agent,TA008,2026-05-06 12:47:16,2026-05-08,14750.0,14750.0,self,False
PTP001698,AC002138,call,AT0024399,,tele_agent,TA007,2026-05-06 12:19:09,2026-05-08,1400.0,2800.0,self,True
PTP001699,AC002139,call,AT0024400,,tele_agent,TA016,2026-05-06 10:18:37,2026-05-31,35600.0,35600.0,self,True
PTP001700,AC002200,call,AT0024412,,tele_agent,TA008,2026-05-06 12:55:49,2026-05-31,1650.0,1650.0,self,False
PTP001701,AC002258,call,AT0024420,,tele_agent,TA020,2026-05-06 09:30:27,2026-05-07,17650.0,17650.0,self,True
PTP001702,AC002317,call,AT0024428,,tele_agent,TA017,2026-05-06 12:21:32,2026-05-15,5400.0,8000.0,self,True
PTP001703,AC002384,call,AT0024444,,tele_agent,TA006,2026-05-06 09:23:01,2026-05-14,15450.0,15450.0,self,False
PTP001704,AC000559,call,AT0024491,,tele_agent,TA001,2026-05-06 15:54:55,2026-05-13,6500.0,6500.0,self,True
PTP001705,AC001063,call,AT0024534,,tele_agent,TA006,2026-05-06 17:09:09,2026-05-31,9450.0,9450.0,self,True
PTP001706,AC001281,call,AT0024554,,tele_agent,TA017,2026-05-06 16:45:38,2026-05-11,1000.0,2450.0,self,True
PTP001707,AC001548,call,AT0024570,,tele_agent,TA005,2026-05-06 16:23:11,2026-05-07,13500.0,13500.0,self,True
PTP001708,AC001626,call,AT0024574,,tele_agent,TA016,2026-05-06 13:14:39,2026-05-31,16900.0,16900.0,self,True
PTP001709,AC001680,call,AT0024578,,tele_agent,TA014,2026-05-06 15:00:41,2026-05-10,27500.0,27500.0,self,True
PTP001710,AC001956,call,AT0024602,,tele_agent,TA018,2026-05-06 18:21:04,2026-05-07,500.0,700.0,self,False
PTP001711,AC002027,call,AT0024610,,tele_agent,TA016,2026-05-06 13:23:57,2026-05-10,9900.0,9900.0,self,False
PTP001712,AC002150,call,AT0024623,,tele_agent,TA004,2026-05-06 17:01:29,2026-05-18,3350.0,3350.0,self,True
PTP001713,AC001945,field_visit,,VS002200,field,FA003,2026-05-06 12:11:32,2026-05-31,4700.0,4700.0,self,False
PTP001714,AC002083,field_visit,,VS002210,field,FA002,2026-05-06 13:04:48,2026-05-13,41400.0,41400.0,family_member,True
PTP001715,AC001961,field_visit,,VS002218,field,FA006,2026-05-06 10:19:53,2026-05-31,180000.0,180000.0,self,False
PTP001716,AC000499,field_visit,,VS002225,field,FA004,2026-05-06 11:15:41,2026-05-10,17550.0,17550.0,self,False
PTP001717,AC001619,field_visit,,VS002232,field,FA004,2026-05-06 13:03:32,2026-05-08,5400.0,5400.0,self,False
PTP001718,AC001948,field_visit,,VS002240,field,FA009,2026-05-06 12:46:44,2026-05-31,9650.0,9650.0,self,False
PTP001719,AC001684,field_visit,,VS002249,field,FA008,2026-05-06 12:29:48,2026-05-10,46950.0,46950.0,self,False
PTP001720,AC001173,field_visit,,VS002251,field,FA007,2026-05-06 10:09:03,2026-05-31,3200.0,5600.0,self,True
PTP001721,AC000574,field_visit,,VS002254,field,FA007,2026-05-06 11:44:50,2026-05-13,10000.0,10000.0,self,False
PTP001722,AC000062,call,AT0024647,,tele_agent,TA008,2026-05-07 08:08:03,2026-05-14,8950.0,8950.0,self,True
PTP001723,AC000064,call,AT0024649,,tele_agent,TA020,2026-05-07 09:45:42,2026-05-14,13200.0,21350.0,self,False
PTP001724,AC000144,call,AT0024662,,tele_agent,TA011,2026-05-07 08:34:08,2026-06-01,61200.0,61200.0,self,False
PTP001725,AC000408,call,AT0024714,,tele_agent,TA011,2026-05-07 11:29:29,2026-05-08,12150.0,12150.0,self,False
PTP001726,AC000459,call,AT0024728,,tele_agent,TA006,2026-05-07 11:02:21,2026-06-01,3200.0,5550.0,self,True
PTP001727,AC000546,call,AT0024746,,tele_agent,TA006,2026-05-07 11:14:01,2026-06-01,31800.0,31800.0,self,False
PTP001728,AC000642,call,AT0024760,,tele_agent,TA012,2026-05-07 11:55:42,2026-05-15,7200.0,7200.0,self,False
PTP001729,AC000647,call,AT0024762,,tele_agent,TA014,2026-05-07 12:03:24,2026-05-10,2600.0,2600.0,self,True
PTP001730,AC000699,call,AT0024774,,tele_agent,TA005,2026-05-07 12:52:31,2026-05-14,2550.0,2550.0,self,True
PTP001731,AC000735,call,AT0024780,,tele_agent,TA016,2026-05-07 08:08:55,2026-05-10,1100.0,2850.0,self,False
PTP001732,AC000740,call,AT0024782,,tele_agent,TA006,2026-05-07 08:44:15,2026-05-08,6700.0,6700.0,self,True
PTP001733,AC000794,call,AT0024794,,tele_agent,TA013,2026-05-07 10:42:49,2026-05-31,3000.0,3000.0,self,True
PTP001734,AC000965,call,AT0024833,,tele_agent,TA019,2026-05-07 12:26:53,2026-05-15,800.0,2000.0,third_party,True
PTP001735,AC000974,call,AT0024835,,tele_agent,TA020,2026-05-07 11:40:00,2026-05-16,2500.0,2500.0,third_party,True
PTP001736,AC001021,call,AT0024845,,tele_agent,TA007,2026-05-07 08:48:44,2026-05-08,6550.0,6550.0,self,False
PTP001737,AC001036,call,AT0024848,,tele_agent,TA001,2026-05-07 11:44:27,2026-05-14,53600.0,103050.0,self,True
PTP001738,AC001054,call,AT0024852,,tele_agent,TA007,2026-05-07 10:14:00,2026-05-08,1700.0,1700.0,self,True
PTP001739,AC001110,call,AT0024868,,tele_agent,TA003,2026-05-07 09:59:14,2026-05-15,34900.0,75800.0,self,True
PTP001740,AC001326,call,AT0024906,,tele_agent,TA007,2026-05-07 12:48:29,2026-05-16,2100.0,2100.0,self,True
PTP001741,AC001375,call,AT0024915,,tele_agent,TA003,2026-05-07 09:56:43,2026-05-14,2700.0,4500.0,self,True
PTP001742,AC001434,call,AT0024926,,tele_agent,TA017,2026-05-07 09:37:32,2026-05-14,11100.0,11100.0,self,False
PTP001743,AC001501,call,AT0024933,,tele_agent,TA017,2026-05-07 10:35:34,2026-05-16,2000.0,3100.0,third_party,True
PTP001744,AC001542,call,AT0024938,,tele_agent,TA016,2026-05-07 12:02:58,2026-05-08,5700.0,8450.0,self,False
PTP001745,AC001694,call,AT0024972,,tele_agent,TA014,2026-05-07 08:29:27,2026-05-09,4800.0,4800.0,self,False
PTP001746,AC001761,call,AT0024983,,tele_agent,TA014,2026-05-07 10:41:39,2026-05-09,21600.0,21600.0,self,True
PTP001747,AC001811,call,AT0024994,,tele_agent,TA016,2026-05-07 10:24:07,2026-05-14,2000.0,2000.0,self,True
PTP001748,AC001849,call,AT0024999,,tele_agent,TA013,2026-05-07 08:40:20,2026-06-01,12150.0,12150.0,self,True
PTP001749,AC001893,call,AT0025009,,tele_agent,TA007,2026-05-07 12:00:28,2026-05-09,2950.0,2950.0,self,True
PTP001750,AC001896,call,AT0025011,,tele_agent,TA004,2026-05-07 08:24:34,2026-05-30,7600.0,7600.0,self,False
PTP001751,AC002015,call,AT0025033,,tele_agent,TA020,2026-05-07 09:04:16,2026-06-01,8900.0,12800.0,self,True
PTP001752,AC002235,call,AT0025089,,tele_agent,TA008,2026-05-07 12:25:17,2026-05-12,4350.0,4350.0,self,False
PTP001753,AC002261,call,AT0025097,,tele_agent,TA005,2026-05-07 10:39:37,2026-05-08,18800.0,18800.0,self,True
PTP001754,AC002324,call,AT0025111,,tele_agent,TA006,2026-05-07 12:14:01,2026-05-12,1900.0,5200.0,third_party,False
PTP001755,AC002341,call,AT0025115,,tele_agent,TA004,2026-05-07 11:35:08,2026-05-14,3300.0,3300.0,self,False
PTP001756,AC002349,call,AT0025117,,tele_agent,TA020,2026-05-07 10:17:12,2026-05-14,7900.0,7900.0,self,True
PTP001757,AC000354,call,AT0025151,,tele_agent,TA011,2026-05-07 14:25:49,2026-05-14,9900.0,22300.0,third_party,True
PTP001758,AC000994,call,AT0025201,,tele_agent,TA014,2026-05-07 13:50:08,2026-05-08,1450.0,1450.0,self,True
PTP001759,AC001258,call,AT0025226,,tele_agent,TA001,2026-05-07 14:46:15,2026-05-14,21200.0,21200.0,self,False
PTP001760,AC001877,call,AT0025263,,tele_agent,TA017,2026-05-07 18:15:31,2026-06-01,3650.0,3650.0,self,False
PTP001761,AC002125,call,AT0025283,,tele_agent,TA011,2026-05-07 17:54:31,2026-05-12,3000.0,3000.0,self,False
PTP001762,AC002396,field_visit,,VS002268,field,FA003,2026-05-07 13:31:53,2026-06-01,14850.0,14850.0,self,False
PTP001763,AC001330,field_visit,,VS002269,field,FA003,2026-05-07 14:26:19,2026-05-30,13200.0,13200.0,self,True
PTP001764,AC002362,field_visit,,VS002277,field,FA001,2026-05-07 12:47:57,2026-05-08,2000.0,4200.0,self,False
PTP001765,AC001524,field_visit,,VS002288,field,FA004,2026-05-07 10:52:06,2026-05-31,14400.0,14400.0,self,True
PTP001766,AC002064,field_visit,,VS002301,field,FA005,2026-05-07 10:54:29,2026-05-09,11400.0,11400.0,self,True
PTP001767,AC001177,field_visit,,VS002303,field,FA005,2026-05-07 12:03:27,2026-05-31,5000.0,5000.0,self,False
PTP001768,AC000913,field_visit,,VS002304,field,FA005,2026-05-07 12:21:12,2026-05-14,500.0,850.0,self,False
PTP001769,AC001095,field_visit,,VS002315,field,FA007,2026-05-07 11:47:50,2026-05-10,218400.0,218400.0,self,True
PTP001770,AC002123,field_visit,,VS002316,field,FA007,2026-05-07 12:02:54,2026-05-14,6800.0,21750.0,self,True
PTP001771,AC000911,field_visit,,VS002319,field,FA007,2026-05-07 13:08:34,2026-05-08,1400.0,4350.0,self,False
PTP001772,AC000014,call,AT0025304,,tele_agent,TA015,2026-05-08 10:37:16,2026-05-13,16200.0,16200.0,self,True
PTP001773,AC000021,call,AT0025307,,tele_agent,TA013,2026-05-08 12:54:36,2026-05-12,2350.0,2350.0,self,False
PTP001774,AC000133,call,AT0025327,,tele_agent,TA014,2026-05-08 09:36:57,2026-05-15,13050.0,13050.0,self,False
PTP001775,AC000244,call,AT0025356,,tele_agent,TA004,2026-05-08 09:16:20,2026-05-31,15050.0,15050.0,self,True
PTP001776,AC000274,call,AT0025361,,tele_agent,TA004,2026-05-08 08:57:11,2026-05-18,8950.0,8950.0,self,True
PTP001777,AC000377,call,AT0025381,,tele_agent,TA001,2026-05-08 12:22:55,2026-05-31,26400.0,26400.0,self,True
PTP001778,AC000637,call,AT0025438,,tele_agent,TA011,2026-05-08 08:20:51,2026-05-10,4350.0,4350.0,self,True
PTP001779,AC000783,call,AT0025471,,tele_agent,TA008,2026-05-08 10:13:41,2026-05-13,500.0,1150.0,self,True
PTP001780,AC000840,call,AT0025482,,tele_agent,TA004,2026-05-08 11:26:21,2026-05-10,67000.0,67000.0,self,True
PTP001781,AC001108,call,AT0025540,,tele_agent,TA020,2026-05-08 09:51:29,2026-06-02,6100.0,6100.0,self,False
PTP001782,AC001135,call,AT0025548,,tele_agent,TA006,2026-05-08 08:34:23,2026-05-14,1550.0,1550.0,self,True
PTP001783,AC001553,call,AT0025626,,tele_agent,TA005,2026-05-08 09:42:14,2026-05-15,42000.0,61000.0,self,True
PTP001784,AC001600,call,AT0025637,,tele_agent,TA004,2026-05-08 10:58:12,2026-05-15,31100.0,31100.0,self,True
PTP001785,AC001640,call,AT0025646,,tele_agent,TA001,2026-05-08 10:00:48,2026-05-09,6900.0,6900.0,self,True
PTP001786,AC001708,call,AT0025661,,tele_agent,TA015,2026-05-08 09:48:23,2026-05-16,7400.0,7400.0,self,True
PTP001787,AC001709,call,AT0025662,,tele_agent,TA015,2026-05-08 08:58:56,2026-06-02,3600.0,3600.0,self,False
PTP001788,AC001737,call,AT0025667,,tele_agent,TA003,2026-05-08 09:56:10,2026-05-10,2350.0,2350.0,self,True
PTP001789,AC001759,call,AT0025673,,tele_agent,TA011,2026-05-08 08:03:55,2026-05-15,2150.0,2150.0,self,True
PTP001790,AC001798,call,AT0025681,,tele_agent,TA009,2026-05-08 09:58:58,2026-05-09,1700.0,1700.0,self,True
PTP001791,AC001828,call,AT0025687,,tele_agent,TA012,2026-05-08 11:17:23,2026-05-15,32400.0,32400.0,self,False
PTP001792,AC001836,call,AT0025689,,tele_agent,TA015,2026-05-08 08:46:53,2026-05-17,1350.0,1350.0,self,True
PTP001793,AC001917,call,AT0025707,,tele_agent,TA016,2026-05-08 08:39:01,2026-05-15,16650.0,16650.0,self,True
PTP001794,AC001925,call,AT0025710,,tele_agent,TA013,2026-05-08 11:37:47,2026-05-15,5500.0,8650.0,self,True
PTP001795,AC001934,call,AT0025716,,tele_agent,TA013,2026-05-08 09:36:34,2026-05-10,14400.0,14400.0,self,False
PTP001796,AC002055,call,AT0025738,,tele_agent,TA014,2026-05-08 12:52:42,2026-05-09,9200.0,9200.0,self,False
PTP001797,AC002161,call,AT0025757,,tele_agent,TA014,2026-05-08 08:34:55,2026-05-09,800.0,1400.0,self,False
PTP001798,AC002193,call,AT0025770,,tele_agent,TA010,2026-05-08 10:26:04,2026-05-10,2850.0,2850.0,self,False
PTP001799,AC002202,call,AT0025771,,tele_agent,TA002,2026-05-08 08:31:37,2026-05-11,2300.0,7100.0,self,True
PTP001800,AC002242,call,AT0025779,,tele_agent,TA001,2026-05-08 11:13:53,2026-05-10,1100.0,2600.0,self,True
PTP001801,AC002382,call,AT0025808,,tele_agent,TA014,2026-05-08 08:04:47,2026-05-10,9300.0,13250.0,self,True
PTP001802,AC000383,call,AT0025835,,tele_agent,TA018,2026-05-08 17:30:12,2026-05-10,7650.0,7650.0,self,True
PTP001803,AC000690,call,AT0025861,,tele_agent,TA008,2026-05-08 17:54:41,2026-05-09,3900.0,3900.0,self,True
PTP001804,AC000723,call,AT0025864,,tele_agent,TA020,2026-05-08 16:19:47,2026-05-16,3250.0,3250.0,self,True
PTP001805,AC000846,call,AT0025874,,tele_agent,TA012,2026-05-08 18:17:55,2026-05-10,31800.0,31800.0,self,True
PTP001806,AC000894,call,AT0025878,,tele_agent,TA012,2026-05-08 16:14:36,2026-05-17,1500.0,1500.0,self,True
PTP001807,AC001228,call,AT0025897,,tele_agent,TA010,2026-05-08 18:46:33,2026-05-15,6000.0,6000.0,family_member,False
PTP001808,AC001569,call,AT0025929,,tele_agent,TA018,2026-05-08 15:33:56,2026-05-16,4100.0,4100.0,self,True
PTP001809,AC001734,call,AT0025938,,tele_agent,TA018,2026-05-08 18:52:04,2026-05-15,900.0,1700.0,self,True
PTP001810,AC001760,call,AT0025939,,tele_agent,TA020,2026-05-08 18:39:27,2026-06-01,3650.0,3650.0,self,True
PTP001811,AC000163,field_visit,,VS002344,field,FA002,2026-05-08 13:28:51,2026-05-31,1900.0,3250.0,self,False
PTP001812,AC002325,field_visit,,VS002346,field,FA002,2026-05-08 14:54:56,2026-06-02,1900.0,2900.0,self,False
PTP001813,AC001017,field_visit,,VS002349,field,FA003,2026-05-08 12:01:31,2026-05-09,9000.0,9000.0,self,False
PTP001814,AC002201,field_visit,,VS002357,field,FA001,2026-05-08 10:09:46,2026-05-11,72300.0,135600.0,family_member,True
PTP001815,AC001260,field_visit,,VS002363,field,FA001,2026-05-08 12:46:06,2026-05-16,33600.0,33600.0,self,False
PTP001816,AC002227,field_visit,,VS002370,field,FA006,2026-05-08 12:19:01,2026-05-09,3600.0,3600.0,self,False
PTP001817,AC000706,field_visit,,VS002374,field,FA004,2026-05-08 10:53:56,2026-05-14,10700.0,15900.0,family_member,False
PTP001818,AC000586,field_visit,,VS002375,field,FA004,2026-05-08 11:03:09,2026-05-10,4800.0,8100.0,self,False
PTP001819,AC000430,field_visit,,VS002380,field,FA004,2026-05-08 14:21:21,2026-05-31,11800.0,11800.0,self,False
PTP001820,AC001181,field_visit,,VS002405,field,FA007,2026-05-08 11:32:29,2026-05-15,103600.0,103600.0,self,False
PTP001821,AC001870,field_visit,,VS002408,field,FA007,2026-05-08 12:57:42,2026-05-11,6300.0,6300.0,self,False
PTP001822,AC000011,call,AT0025992,,tele_agent,TA016,2026-05-09 12:41:00,2026-05-11,1100.0,2300.0,self,True
PTP001823,AC000045,call,AT0025998,,tele_agent,TA010,2026-05-09 08:36:08,2026-06-03,900.0,2000.0,self,True
PTP001824,AC000247,call,AT0026047,,tele_agent,TA013,2026-05-09 08:02:47,2026-05-10,500.0,700.0,self,True
PTP001825,AC000366,call,AT0026072,,tele_agent,TA020,2026-05-09 10:06:56,2026-05-11,4900.0,9100.0,self,False
PTP001826,AC000374,call,AT0026074,,tele_agent,TA016,2026-05-09 12:01:36,2026-05-10,1400.0,1400.0,self,False
PTP001827,AC000376,call,AT0026075,,tele_agent,TA004,2026-05-09 10:35:45,2026-05-10,20800.0,20800.0,self,True
PTP001828,AC000427,call,AT0026087,,tele_agent,TA015,2026-05-09 08:06:01,2026-05-11,5700.0,8200.0,self,True
PTP001829,AC000456,call,AT0026093,,tele_agent,TA001,2026-05-09 10:33:40,2026-05-11,2700.0,2700.0,self,False
PTP001830,AC000467,call,AT0026094,,tele_agent,TA020,2026-05-09 08:57:35,2026-05-16,5500.0,5500.0,self,True
PTP001831,AC000514,call,AT0026108,,tele_agent,TA011,2026-05-09 10:49:34,2026-05-10,2100.0,6150.0,self,False
PTP001832,AC000570,call,AT0026118,,tele_agent,TA019,2026-05-09 10:28:42,2026-05-11,10050.0,10050.0,self,True
PTP001833,AC000615,call,AT0026130,,tele_agent,TA014,2026-05-09 09:04:31,2026-05-16,5100.0,10950.0,third_party,True
PTP001834,AC000766,call,AT0026156,,tele_agent,TA003,2026-05-09 12:09:06,2026-05-11,1600.0,1600.0,self,True
PTP001835,AC000850,call,AT0026174,,tele_agent,TA008,2026-05-09 09:01:32,2026-05-31,15200.0,15200.0,self,True
PTP001836,AC000853,call,AT0026176,,tele_agent,TA010,2026-05-09 09:22:15,2026-05-29,5900.0,16400.0,self,True
PTP001837,AC000863,call,AT0026179,,tele_agent,TA020,2026-05-09 12:38:37,2026-05-16,1550.0,1550.0,self,True
PTP001838,AC000963,call,AT0026198,,tele_agent,TA007,2026-05-09 12:02:43,2026-06-02,23200.0,67600.0,self,False
PTP001839,AC000990,call,AT0026204,,tele_agent,TA014,2026-05-09 08:32:15,2026-05-10,11700.0,11700.0,self,True
PTP001840,AC001008,call,AT0026213,,tele_agent,TA020,2026-05-09 11:34:48,2026-05-10,5100.0,5100.0,self,False
PTP001841,AC001337,call,AT0026283,,tele_agent,TA014,2026-05-09 10:36:49,2026-05-11,5200.0,5200.0,self,False
PTP001842,AC001517,call,AT0026317,,tele_agent,TA006,2026-05-09 11:27:09,2026-05-10,2500.0,2500.0,self,True
PTP001843,AC001548,call,AT0026326,,tele_agent,TA005,2026-05-09 08:18:37,2026-05-10,13500.0,13500.0,self,False
PTP001844,AC001634,call,AT0026344,,tele_agent,TA013,2026-05-09 08:17:12,2026-05-15,9000.0,9000.0,self,True
PTP001845,AC001642,call,AT0026345,,tele_agent,TA003,2026-05-09 09:45:13,2026-05-16,11300.0,11300.0,self,True
PTP001846,AC001690,call,AT0026356,,tele_agent,TA008,2026-05-09 12:53:48,2026-05-14,2300.0,3450.0,self,True
PTP001847,AC001730,call,AT0026365,,tele_agent,TA001,2026-05-09 08:11:22,2026-05-31,950.0,950.0,self,False
PTP001848,AC001859,call,AT0026389,,tele_agent,TA014,2026-05-09 11:53:51,2026-05-12,24250.0,24250.0,self,True
PTP001849,AC001889,call,AT0026393,,tele_agent,TA009,2026-05-09 11:17:53,2026-05-10,2300.0,2300.0,self,True
PTP001850,AC001891,call,AT0026394,,tele_agent,TA020,2026-05-09 08:36:02,2026-05-11,1350.0,1350.0,self,True
PTP001851,AC001938,call,AT0026408,,tele_agent,TA008,2026-05-09 10:16:39,2026-06-02,4550.0,4550.0,self,True
PTP001852,AC002138,call,AT0026440,,tele_agent,TA007,2026-05-09 09:07:43,2026-05-11,2800.0,2800.0,self,True
PTP001853,AC002199,call,AT0026455,,tele_agent,TA018,2026-05-09 09:20:20,2026-05-11,5700.0,5700.0,self,True
PTP001854,AC002376,call,AT0026487,,tele_agent,TA015,2026-05-09 08:56:45,2026-05-16,1700.0,4150.0,self,True
PTP001855,AC002380,call,AT0026488,,tele_agent,TA019,2026-05-09 12:09:22,2026-05-10,13000.0,13000.0,self,True
PTP001856,AC000066,call,AT0026496,,tele_agent,TA004,2026-05-09 17:21:19,2026-05-16,2000.0,4150.0,self,False
PTP001857,AC000168,call,AT0026508,,tele_agent,TA006,2026-05-09 15:54:16,2026-05-13,86500.0,86500.0,self,False
PTP001858,AC000823,call,AT0026550,,tele_agent,TA005,2026-05-09 14:26:12,2026-05-16,4000.0,4000.0,self,True
PTP001859,AC000865,call,AT0026555,,tele_agent,TA001,2026-05-09 16:19:10,2026-05-16,50700.0,50700.0,self,True
PTP001860,AC000997,call,AT0026564,,tele_agent,TA002,2026-05-09 13:19:54,2026-05-16,1200.0,1200.0,self,False
PTP001861,AC001119,call,AT0026575,,tele_agent,TA004,2026-05-09 18:13:13,2026-05-13,4450.0,4450.0,self,True
PTP001862,AC001409,call,AT0026592,,tele_agent,TA009,2026-05-09 14:21:36,2026-05-31,3600.0,3600.0,self,False
PTP001863,AC002091,call,AT0026631,,tele_agent,TA018,2026-05-09 17:16:22,2026-05-16,6000.0,9000.0,third_party,True
PTP001864,AC002189,call,AT0026640,,tele_agent,TA006,2026-05-09 18:33:40,2026-05-10,13200.0,13200.0,self,False
PTP001865,AC002172,field_visit,,VS002415,field,FA003,2026-05-09 11:31:24,2026-06-03,18200.0,29250.0,self,False
PTP001866,AC002102,field_visit,,VS002420,field,FA003,2026-05-09 13:13:28,2026-05-11,7700.0,7700.0,self,False
PTP001867,AC001086,field_visit,,VS002423,field,FA002,2026-05-09 11:30:32,2026-05-11,73800.0,73800.0,self,False
PTP001868,AC002344,field_visit,,VS002427,field,FA002,2026-05-09 13:23:36,2026-05-16,47300.0,70000.0,self,True
PTP001869,AC000282,field_visit,,VS002440,field,FA006,2026-05-09 10:59:19,2026-05-16,159000.0,159000.0,self,True
PTP001870,AC000056,field_visit,,VS002442,field,FA006,2026-05-09 11:39:56,2026-05-14,102600.0,102600.0,self,False
PTP001871,AC001981,field_visit,,VS002450,field,FA004,2026-05-09 12:05:16,2026-05-10,7600.0,19000.0,self,False
PTP001872,AC000055,field_visit,,VS002451,field,FA004,2026-05-09 12:21:19,2026-05-15,7000.0,7000.0,self,False
PTP001873,AC001309,field_visit,,VS002455,field,FA004,2026-05-09 14:46:50,2026-05-31,7600.0,7600.0,self,False
PTP001874,AC001643,field_visit,,VS002461,field,FA005,2026-05-09 11:40:43,2026-05-31,22600.0,22600.0,self,False
PTP001875,AC000271,field_visit,,VS002462,field,FA007,2026-05-09 10:09:05,2026-06-01,38750.0,38750.0,self,False
PTP001876,AC000560,field_visit,,VS002466,field,FA007,2026-05-09 11:47:25,2026-05-17,31150.0,31150.0,self,True
PTP001877,AC001959,field_visit,,VS002475,field,FA008,2026-05-09 12:44:01,2026-05-11,6100.0,6100.0,self,True
PTP001878,AC001185,field_visit,,VS002477,field,FA008,2026-05-09 12:52:19,2026-05-12,2500.0,4000.0,self,False
PTP001879,AC000060,call,AT0026656,,tele_agent,TA005,2026-05-10 12:45:34,2026-06-01,32550.0,32550.0,self,True
PTP001880,AC000191,call,AT0026666,,tele_agent,TA007,2026-05-10 11:01:32,2026-05-31,2850.0,2850.0,self,True
PTP001881,AC000587,call,AT0026689,,tele_agent,TA006,2026-05-10 08:28:00,2026-05-17,1150.0,1150.0,self,True
PTP001882,AC000711,call,AT0026696,,tele_agent,TA013,2026-05-10 11:50:33,2026-05-17,9600.0,28600.0,self,True
PTP001883,AC000785,call,AT0026703,,tele_agent,TA012,2026-05-10 09:16:44,2026-05-15,5250.0,5250.0,self,True
PTP001884,AC001044,call,AT0026719,,tele_agent,TA014,2026-05-10 10:06:31,2026-06-01,13300.0,13300.0,self,True
PTP001885,AC002011,call,AT0026792,,tele_agent,TA018,2026-05-10 12:02:00,2026-05-17,86500.0,86500.0,self,True
PTP001886,AC001669,call,AT0026861,,tele_agent,TA006,2026-05-10 17:23:55,2026-05-12,500.0,1800.0,self,True
PTP001887,AC001905,call,AT0026864,,tele_agent,TA016,2026-05-10 17:20:49,2026-05-18,4100.0,4100.0,self,False
PTP001888,AC001960,call,AT0026866,,tele_agent,TA005,2026-05-10 16:47:57,2026-05-14,3300.0,6550.0,family_member,True
PTP001889,AC000046,call,AT0026880,,tele_agent,TA008,2026-05-11 10:33:13,2026-05-12,950.0,950.0,self,True
PTP001890,AC000100,call,AT0026891,,tele_agent,TA009,2026-05-11 08:04:49,2026-05-13,8800.0,8800.0,self,True
PTP001891,AC000171,call,AT0026907,,tele_agent,TA009,2026-05-11 10:36:41,2026-05-12,10200.0,10200.0,self,True
PTP001892,AC000333,call,AT0026936,,tele_agent,TA014,2026-05-11 09:02:02,2026-05-13,10700.0,10700.0,self,True
PTP001893,AC000397,call,AT0026946,,tele_agent,TA008,2026-05-11 08:14:51,2026-06-05,1900.0,3500.0,self,True
PTP001894,AC000490,call,AT0026961,,tele_agent,TA018,2026-05-11 09:58:50,2026-05-12,24150.0,24150.0,self,True
PTP001895,AC000540,call,AT0026972,,tele_agent,TA006,2026-05-11 13:01:03,2026-05-21,4500.0,4500.0,self,True
PTP001896,AC000592,call,AT0026984,,tele_agent,TA007,2026-05-11 09:56:37,2026-05-17,400.0,400.0,self,True
PTP001897,AC000622,call,AT0026994,,tele_agent,TA005,2026-05-11 11:05:56,2026-05-19,6400.0,13250.0,self,True
PTP001898,AC000951,call,AT0027066,,tele_agent,TA018,2026-05-11 12:37:13,2026-05-18,4600.0,12450.0,third_party,False
PTP001899,AC000971,call,AT0027071,,tele_agent,TA020,2026-05-11 10:03:54,2026-05-12,50000.0,50000.0,self,True
PTP001900,AC001027,call,AT0027079,,tele_agent,TA006,2026-05-11 12:44:32,2026-05-18,3900.0,3900.0,self,True
PTP001901,AC001170,call,AT0027112,,tele_agent,TA019,2026-05-11 13:02:14,2026-05-12,2050.0,2050.0,self,True
PTP001902,AC001234,call,AT0027125,,tele_agent,TA010,2026-05-11 08:56:32,2026-05-13,12750.0,12750.0,self,True
PTP001903,AC001247,call,AT0027128,,tele_agent,TA009,2026-05-11 12:25:45,2026-05-14,35500.0,35500.0,self,True
PTP001904,AC001351,call,AT0027150,,tele_agent,TA012,2026-05-11 11:29:38,2026-05-18,2700.0,2700.0,self,True
PTP001905,AC001483,call,AT0027179,,tele_agent,TA006,2026-05-11 12:18:30,2026-06-02,2000.0,3250.0,self,False
PTP001906,AC001485,call,AT0027180,,tele_agent,TA002,2026-05-11 10:06:32,2026-05-18,3400.0,3400.0,self,True
PTP001907,AC001493,call,AT0027182,,tele_agent,TA002,2026-05-11 10:24:08,2026-05-18,33000.0,33000.0,self,False
PTP001908,AC001916,call,AT0027252,,tele_agent,TA014,2026-05-11 12:42:44,2026-05-12,17450.0,17450.0,self,True
PTP001909,AC001968,call,AT0027261,,tele_agent,TA019,2026-05-11 09:38:00,2026-06-05,7100.0,7100.0,self,False
PTP001910,AC002128,call,AT0027289,,tele_agent,TA003,2026-05-11 11:32:21,2026-05-18,2550.0,2550.0,self,True
PTP001911,AC002383,call,AT0027344,,tele_agent,TA014,2026-05-11 11:26:45,2026-05-17,5700.0,5700.0,self,True
PTP001912,AC000178,call,AT0027358,,tele_agent,TA013,2026-05-11 18:23:54,2026-05-15,59900.0,59900.0,self,False
PTP001913,AC000520,call,AT0027379,,tele_agent,TA001,2026-05-11 14:15:41,2026-05-18,3300.0,4900.0,self,True
PTP001914,AC000542,call,AT0027383,,tele_agent,TA017,2026-05-11 17:21:40,2026-05-18,2700.0,9100.0,third_party,True
PTP001915,AC000644,call,AT0027392,,tele_agent,TA013,2026-05-11 18:09:56,2026-05-12,2100.0,2100.0,self,True
PTP001916,AC001144,call,AT0027429,,tele_agent,TA017,2026-05-11 17:36:37,2026-06-05,33600.0,33600.0,self,False
PTP001917,AC001194,call,AT0027435,,tele_agent,TA010,2026-05-11 13:21:54,2026-05-14,1100.0,1100.0,self,True
PTP001918,AC001367,call,AT0027444,,tele_agent,TA017,2026-05-11 16:42:44,2026-05-17,1900.0,5100.0,self,True
PTP001919,AC001377,call,AT0027445,,tele_agent,TA009,2026-05-11 18:28:53,2026-06-03,3100.0,3100.0,self,True
PTP001920,AC002244,call,AT0027492,,tele_agent,TA017,2026-05-11 18:01:16,2026-05-16,700.0,1400.0,self,True
PTP001921,AC001830,field_visit,,VS002490,field,FA003,2026-05-11 11:26:23,2026-05-18,95300.0,160000.0,self,False
PTP001922,AC002387,field_visit,,VS002522,field,FA005,2026-05-11 12:14:44,2026-05-16,11200.0,11200.0,self,False
PTP001923,AC001907,field_visit,,VS002525,field,FA005,2026-05-11 13:16:50,2026-05-14,109500.0,109500.0,self,False
PTP001924,AC001656,field_visit,,VS002537,field,FA007,2026-05-11 11:00:05,2026-05-18,5100.0,9600.0,self,False
PTP001925,AC000609,field_visit,,VS002544,field,FA009,2026-05-11 11:47:50,2026-05-16,9150.0,9150.0,self,True
PTP001926,AC000202,call,AT0027529,,tele_agent,TA019,2026-05-12 12:14:12,2026-05-13,1800.0,3000.0,self,True
PTP001927,AC000438,call,AT0027577,,tele_agent,TA016,2026-05-12 12:04:48,2026-05-22,1750.0,1750.0,self,True
PTP001928,AC000495,call,AT0027586,,tele_agent,TA009,2026-05-12 08:21:29,2026-05-19,150.0,150.0,self,True
PTP001929,AC000524,call,AT0027591,,tele_agent,TA001,2026-05-12 09:53:17,2026-05-28,4100.0,7800.0,self,True
PTP001930,AC000561,call,AT0027600,,tele_agent,TA011,2026-05-12 09:43:11,2026-05-13,7600.0,7600.0,self,True
PTP001931,AC000690,call,AT0027626,,tele_agent,TA008,2026-05-12 11:49:49,2026-05-13,1400.0,2500.0,self,True
PTP001932,AC000709,call,AT0027629,,tele_agent,TA017,2026-05-12 09:28:10,2026-05-13,6400.0,16750.0,self,False
PTP001933,AC000784,call,AT0027649,,tele_agent,TA012,2026-05-12 08:27:14,2026-05-14,8450.0,8450.0,self,True
PTP001934,AC000839,call,AT0027663,,tele_agent,TA006,2026-05-12 12:09:25,2026-05-13,4000.0,4000.0,self,True
PTP001935,AC001041,call,AT0027703,,tele_agent,TA010,2026-05-12 10:02:08,2026-05-16,63300.0,63300.0,self,True
PTP001936,AC001079,call,AT0027712,,tele_agent,TA009,2026-05-12 09:09:27,2026-05-17,25650.0,25650.0,self,True
PTP001937,AC001083,call,AT0027713,,tele_agent,TA020,2026-05-12 09:10:38,2026-05-19,15500.0,15500.0,self,True
PTP001938,AC001103,call,AT0027718,,tele_agent,TA019,2026-05-12 10:08:40,2026-05-13,110400.0,110400.0,self,True
PTP001939,AC001125,call,AT0027723,,tele_agent,TA009,2026-05-12 11:12:09,2026-05-13,6350.0,6350.0,self,True
PTP001940,AC001169,call,AT0027730,,tele_agent,TA011,2026-05-12 11:32:48,2026-05-19,9000.0,16000.0,self,True
PTP001941,AC001179,call,AT0027732,,tele_agent,TA004,2026-05-12 11:59:57,2026-05-17,12500.0,12500.0,third_party,True
PTP001942,AC001213,call,AT0027741,,tele_agent,TA018,2026-05-12 11:27:09,2026-05-14,4200.0,4200.0,self,False
PTP001943,AC001253,call,AT0027747,,tele_agent,TA011,2026-05-12 08:05:18,2026-05-13,10800.0,10800.0,self,False
PTP001944,AC001695,call,AT0027841,,tele_agent,TA002,2026-05-12 09:04:13,2026-05-13,2800.0,2800.0,self,False
PTP001945,AC001697,call,AT0027842,,tele_agent,TA008,2026-05-12 10:07:58,2026-05-31,9000.0,9000.0,self,True
PTP001946,AC002063,call,AT0027929,,tele_agent,TA018,2026-05-12 08:58:26,2026-06-06,700.0,1650.0,self,True
PTP001947,AC002071,call,AT0027931,,tele_agent,TA010,2026-05-12 09:35:10,2026-05-13,3300.0,5300.0,self,True
PTP001948,AC002182,call,AT0027957,,tele_agent,TA006,2026-05-12 09:51:35,2026-05-19,145700.0,217800.0,third_party,True
PTP001949,AC002267,call,AT0027974,,tele_agent,TA009,2026-05-12 09:42:45,2026-05-17,900.0,900.0,self,True
PTP001950,AC002283,call,AT0027978,,tele_agent,TA017,2026-05-12 10:30:18,2026-05-19,2700.0,6100.0,third_party,True
PTP001951,AC002304,call,AT0027982,,tele_agent,TA003,2026-05-12 10:02:25,2026-05-13,33000.0,33000.0,self,False
PTP001952,AC002313,call,AT0027984,,tele_agent,TA008,2026-05-12 09:32:03,2026-05-14,45400.0,45400.0,self,True
PTP001953,AC000410,call,AT0028025,,tele_agent,TA012,2026-05-12 14:07:23,2026-05-19,27900.0,27900.0,third_party,True
PTP001954,AC000728,call,AT0028043,,tele_agent,TA017,2026-05-12 18:30:45,2026-05-16,10950.0,10950.0,self,True
PTP001955,AC000905,call,AT0028060,,tele_agent,TA015,2026-05-12 15:02:03,2026-05-19,1300.0,3100.0,self,False
PTP001956,AC000938,call,AT0028063,,tele_agent,TA020,2026-05-12 17:36:42,2026-05-15,1800.0,2950.0,self,False
PTP001957,AC001397,call,AT0028088,,tele_agent,TA013,2026-05-12 13:15:33,2026-05-17,700.0,1800.0,self,True
PTP001958,AC001521,call,AT0028096,,tele_agent,TA016,2026-05-12 15:04:18,2026-05-19,1300.0,1950.0,self,True
PTP001959,AC002013,call,AT0028143,,tele_agent,TA017,2026-05-12 13:42:00,2026-05-13,600.0,600.0,self,True
PTP001960,AC002046,call,AT0028147,,tele_agent,TA017,2026-05-12 13:45:56,2026-05-22,11000.0,15850.0,self,True
PTP001961,AC001025,field_visit,,VS002563,field,FA001,2026-05-12 12:48:38,2026-05-31,8300.0,8300.0,self,False
PTP001962,AC000621,field_visit,,VS002572,field,FA002,2026-05-12 11:44:57,2026-05-19,8900.0,15000.0,self,False
PTP001963,AC000413,field_visit,,VS002573,field,FA003,2026-05-12 10:54:07,2026-05-19,12300.0,12300.0,self,True
PTP001964,AC000498,field_visit,,VS002574,field,FA003,2026-05-12 11:37:20,2026-05-22,1500.0,2800.0,self,False
PTP001965,AC000645,field_visit,,VS002577,field,FA003,2026-05-12 13:06:21,2026-05-31,9400.0,9400.0,self,True
PTP001966,AC000531,field_visit,,VS002580,field,FA006,2026-05-12 10:05:43,2026-05-19,100900.0,100900.0,family_member,True
PTP001967,AC002195,field_visit,,VS002595,field,FA004,2026-05-12 12:36:06,2026-05-31,1700.0,4050.0,self,True
PTP001968,AC001610,field_visit,,VS002597,field,FA005,2026-05-12 10:40:49,2026-05-19,19000.0,19000.0,self,True
PTP001969,AC001686,field_visit,,VS002610,field,FA009,2026-05-12 11:53:24,2026-05-13,1600.0,4500.0,self,False
PTP001970,AC000631,field_visit,,VS002623,field,FA007,2026-05-12 11:28:38,2026-05-30,13050.0,13050.0,self,False
PTP001971,AC000032,call,AT0028180,,tele_agent,TA004,2026-05-13 11:29:12,2026-05-17,17000.0,17000.0,self,True
PTP001972,AC000043,call,AT0028181,,tele_agent,TA009,2026-05-13 09:21:03,2026-06-07,1700.0,3600.0,self,False
PTP001973,AC000153,call,AT0028200,,tele_agent,TA017,2026-05-13 10:16:49,2026-05-14,3950.0,3950.0,self,False
PTP001974,AC000175,call,AT0028206,,tele_agent,TA004,2026-05-13 12:24:07,2026-05-21,3850.0,3850.0,self,True
PTP001975,AC000205,call,AT0028213,,tele_agent,TA015,2026-05-13 10:52:52,2026-05-20,8200.0,17700.0,self,True
PTP001976,AC000206,call,AT0028214,,tele_agent,TA013,2026-05-13 09:52:35,2026-05-14,6650.0,6650.0,self,True
PTP001977,AC000403,call,AT0028258,,tele_agent,TA002,2026-05-13 10:33:45,2026-05-15,250.0,250.0,self,False
PTP001978,AC000442,call,AT0028269,,tele_agent,TA009,2026-05-13 08:26:17,2026-05-17,42300.0,42300.0,self,False
PTP001979,AC000466,call,AT0028274,,tele_agent,TA002,2026-05-13 12:19:15,2026-05-20,7600.0,7600.0,third_party,True
PTP001980,AC000473,call,AT0028275,,tele_agent,TA011,2026-05-13 08:43:11,2026-05-14,72300.0,72300.0,self,True
PTP001981,AC000555,call,AT0028288,,tele_agent,TA005,2026-05-13 11:15:18,2026-05-20,3250.0,3250.0,self,False
PTP001982,AC000558,call,AT0028289,,tele_agent,TA006,2026-05-13 08:15:37,2026-05-31,9900.0,9900.0,self,False
PTP001983,AC000566,call,AT0028292,,tele_agent,TA003,2026-05-13 08:56:21,2026-05-20,350.0,350.0,self,True
PTP001984,AC000588,call,AT0028296,,tele_agent,TA020,2026-05-13 12:14:46,2026-05-14,7100.0,7100.0,self,True
PTP001985,AC000680,call,AT0028308,,tele_agent,TA009,2026-05-13 12:06:01,2026-05-20,2150.0,2150.0,self,True
PTP001986,AC000754,call,AT0028325,,tele_agent,TA008,2026-05-13 08:37:42,2026-05-21,350.0,350.0,self,True
PTP001987,AC000833,call,AT0028340,,tele_agent,TA015,2026-05-13 11:27:06,2026-05-20,25600.0,25600.0,self,False
PTP001988,AC000840,call,AT0028341,,tele_agent,TA004,2026-05-13 08:27:15,2026-05-14,35500.0,67000.0,self,True
PTP001989,AC000861,call,AT0028347,,tele_agent,TA009,2026-05-13 09:25:44,2026-05-23,36750.0,36750.0,self,True
PTP001990,AC000862,call,AT0028348,,tele_agent,TA019,2026-05-13 12:52:59,2026-05-20,5800.0,11400.0,self,True
PTP001991,AC000866,call,AT0028349,,tele_agent,TA015,2026-05-13 12:18:32,2026-05-15,4800.0,9150.0,self,True
PTP001992,AC000884,call,AT0028353,,tele_agent,TA006,2026-05-13 09:17:14,2026-06-07,6500.0,6500.0,self,False
PTP001993,AC000898,call,AT0028359,,tele_agent,TA019,2026-05-13 11:38:57,2026-05-18,8200.0,8200.0,self,True
PTP001994,AC001071,call,AT0028401,,tele_agent,TA001,2026-05-13 09:53:14,2026-05-17,14000.0,14000.0,self,True
PTP001995,AC001096,call,AT0028405,,tele_agent,TA001,2026-05-13 08:26:46,2026-05-20,48300.0,48300.0,self,True
PTP001996,AC001128,call,AT0028410,,tele_agent,TA005,2026-05-13 10:56:18,2026-05-14,21000.0,21000.0,self,True
PTP001997,AC001230,call,AT0028428,,tele_agent,TA013,2026-05-13 08:05:02,2026-05-20,2300.0,2300.0,self,False
PTP001998,AC001263,call,AT0028431,,tele_agent,TA001,2026-05-13 08:59:47,2026-05-15,9600.0,15600.0,self,False
PTP001999,AC001308,call,AT0028446,,tele_agent,TA003,2026-05-13 11:53:59,2026-05-20,9800.0,9800.0,self,True
PTP002000,AC001418,call,AT0028468,,tele_agent,TA016,2026-05-13 10:02:45,2026-05-17,26550.0,26550.0,self,True
PTP002001,AC001458,call,AT0028480,,tele_agent,TA009,2026-05-13 08:55:50,2026-06-01,25050.0,25050.0,self,True
PTP002002,AC001564,call,AT0028495,,tele_agent,TA020,2026-05-13 08:32:42,2026-05-15,1050.0,1050.0,self,True
PTP002003,AC001636,call,AT0028510,,tele_agent,TA001,2026-05-13 08:42:07,2026-05-31,31800.0,31800.0,self,True
PTP002004,AC001747,call,AT0028535,,tele_agent,TA017,2026-05-13 11:01:10,2026-05-15,15100.0,15100.0,self,False
PTP002005,AC001860,call,AT0028557,,tele_agent,TA017,2026-05-13 08:34:52,2026-05-20,9200.0,14200.0,third_party,True
PTP002006,AC001931,call,AT0028570,,tele_agent,TA011,2026-05-13 08:08:46,2026-05-14,4850.0,4850.0,self,False
PTP002007,AC002110,call,AT0028603,,tele_agent,TA019,2026-05-13 09:22:42,2026-05-14,21050.0,21050.0,self,True
PTP002008,AC002204,call,AT0028627,,tele_agent,TA016,2026-05-13 09:31:06,2026-05-22,15300.0,27800.0,self,True
PTP002009,AC002338,call,AT0028655,,tele_agent,TA008,2026-05-13 09:50:22,2026-05-15,31650.0,31650.0,self,True
PTP002010,AC000236,call,AT0028685,,tele_agent,TA020,2026-05-13 15:54:44,2026-05-15,1600.0,1600.0,self,True
PTP002011,AC000439,call,AT0028705,,tele_agent,TA020,2026-05-13 16:10:07,2026-05-15,2150.0,2150.0,self,True
PTP002012,AC000502,call,AT0028712,,tele_agent,TA020,2026-05-13 18:14:13,2026-05-18,2300.0,2300.0,self,True
PTP002013,AC000896,call,AT0028743,,tele_agent,TA015,2026-05-13 17:58:56,2026-05-20,3900.0,3900.0,self,False
PTP002014,AC001104,call,AT0028761,,tele_agent,TA013,2026-05-13 17:51:33,2026-05-20,10000.0,10000.0,self,True
PTP002015,AC001315,call,AT0028780,,tele_agent,TA017,2026-05-13 13:05:19,2026-05-18,1450.0,1450.0,self,True
PTP002016,AC001631,call,AT0028797,,tele_agent,TA020,2026-05-13 13:58:10,2026-06-02,500.0,1500.0,self,True
PTP002017,AC002173,call,AT0028839,,tele_agent,TA019,2026-05-13 18:58:53,2026-05-20,1800.0,1800.0,self,True
PTP002018,AC002268,call,AT0028845,,tele_agent,TA012,2026-05-13 16:18:52,2026-05-14,2300.0,3500.0,self,False
PTP002019,AC002290,call,AT0028849,,tele_agent,TA019,2026-05-13 16:18:25,2026-05-16,3600.0,3600.0,self,True
PTP002020,AC000637,field_visit,,VS002639,field,FA003,2026-05-13 11:51:16,2026-06-02,4350.0,4350.0,self,False
PTP002021,AC000527,field_visit,,VS002665,field,FA006,2026-05-13 11:27:26,2026-05-20,15600.0,27450.0,self,False
PTP002022,AC001873,field_visit,,VS002686,field,FA009,2026-05-13 11:33:21,2026-05-18,29850.0,29850.0,self,True
PTP002023,AC001030,field_visit,,VS002688,field,FA009,2026-05-13 12:27:35,2026-05-20,4000.0,4000.0,family_member,False
PTP002024,AC000256,field_visit,,VS002694,field,FA007,2026-05-13 11:09:57,2026-05-31,150200.0,150200.0,self,False
PTP002025,AC001216,field_visit,,VS002695,field,FA007,2026-05-13 11:39:39,2026-05-15,69700.0,116200.0,self,True
PTP002026,AC000183,call,AT0028887,,tele_agent,TA019,2026-05-14 10:21:08,2026-05-22,900.0,2700.0,self,True
PTP002027,AC000266,call,AT0028912,,tele_agent,TA017,2026-05-14 09:37:13,2026-05-20,3700.0,12100.0,self,True
PTP002028,AC000297,call,AT0028917,,tele_agent,TA011,2026-05-14 08:11:10,2026-06-01,6400.0,6400.0,self,True
PTP002029,AC000433,call,AT0028950,,tele_agent,TA004,2026-05-14 11:30:59,2026-06-08,2650.0,2650.0,self,True
PTP002030,AC000561,call,AT0028975,,tele_agent,TA011,2026-05-14 09:34:25,2026-05-21,7600.0,7600.0,self,True
PTP002031,AC000734,call,AT0029004,,tele_agent,TA008,2026-05-14 08:34:46,2026-06-03,500.0,950.0,self,True
PTP002032,AC000745,call,AT0029009,,tele_agent,TA006,2026-05-14 11:10:59,2026-05-21,64800.0,64800.0,self,True
PTP002033,AC000910,call,AT0029040,,tele_agent,TA020,2026-05-14 09:47:37,2026-05-16,3950.0,3950.0,self,False
PTP002034,AC000968,call,AT0029052,,tele_agent,TA010,2026-05-14 11:24:04,2026-06-05,1700.0,3200.0,self,True
PTP002035,AC001001,call,AT0029058,,tele_agent,TA015,2026-05-14 12:10:43,2026-05-15,6200.0,6200.0,self,False
PTP002036,AC001224,call,AT0029106,,tele_agent,TA017,2026-05-14 12:18:37,2026-05-16,11500.0,11500.0,self,True
PTP002037,AC001277,call,AT0029119,,tele_agent,TA015,2026-05-14 08:20:46,2026-05-15,9700.0,19000.0,self,True
PTP002038,AC001287,call,AT0029120,,tele_agent,TA018,2026-05-14 12:49:50,2026-05-21,650.0,650.0,self,False
PTP002039,AC001496,call,AT0029145,,tele_agent,TA002,2026-05-14 12:21:13,2026-05-19,3750.0,3750.0,self,False
PTP002040,AC001563,call,AT0029159,,tele_agent,TA014,2026-05-14 12:11:18,2026-05-21,4000.0,4000.0,self,True
PTP002041,AC001729,call,AT0029185,,tele_agent,TA007,2026-05-14 12:05:36,2026-05-18,2700.0,2700.0,self,False
PTP002042,AC001732,call,AT0029187,,tele_agent,TA018,2026-05-14 09:07:33,2026-05-15,2150.0,2150.0,self,False
PTP002043,AC001795,call,AT0029202,,tele_agent,TA007,2026-05-14 08:51:04,2026-05-31,900.0,1450.0,self,True
PTP002044,AC001885,call,AT0029220,,tele_agent,TA005,2026-05-14 12:57:53,2026-05-22,3400.0,9150.0,self,True
PTP002045,AC001891,call,AT0029221,,tele_agent,TA020,2026-05-14 08:48:03,2026-05-18,800.0,1350.0,self,True
PTP002046,AC001909,call,AT0029227,,tele_agent,TA020,2026-05-14 09:21:00,2026-05-16,1600.0,1600.0,self,True
PTP002047,AC001911,call,AT0029228,,tele_agent,TA012,2026-05-14 11:08:38,2026-05-16,8300.0,8300.0,self,False
PTP002048,AC001933,call,AT0029230,,tele_agent,TA016,2026-05-14 11:09:18,2026-05-21,1200.0,1900.0,self,True
PTP002049,AC001957,call,AT0029236,,tele_agent,TA010,2026-05-14 09:31:52,2026-05-23,700.0,1800.0,third_party,True
PTP002050,AC001986,call,AT0029243,,tele_agent,TA005,2026-05-14 08:44:57,2026-05-15,1200.0,2150.0,self,True
PTP002051,AC002043,call,AT0029252,,tele_agent,TA018,2026-05-14 08:46:33,2026-05-31,4300.0,6400.0,self,False
PTP002052,AC002242,call,AT0029294,,tele_agent,TA001,2026-05-14 08:37:48,2026-06-08,1400.0,2600.0,self,True
PTP002053,AC002281,call,AT0029303,,tele_agent,TA003,2026-05-14 12:56:36,2026-05-21,2650.0,2650.0,self,True
PTP002054,AC000379,call,AT0029354,,tele_agent,TA016,2026-05-14 18:35:30,2026-05-22,2400.0,2400.0,self,False
PTP002055,AC000594,call,AT0029369,,tele_agent,TA012,2026-05-14 13:36:27,2026-05-31,2700.0,2700.0,self,True
PTP002056,AC000720,call,AT0029375,,tele_agent,TA012,2026-05-14 18:31:21,2026-05-22,32600.0,32600.0,self,True
PTP002057,AC000909,call,AT0029381,,tele_agent,TA007,2026-05-14 15:05:03,2026-05-31,5800.0,16800.0,self,False
PTP002058,AC001057,call,AT0029390,,tele_agent,TA005,2026-05-14 14:56:23,2026-05-21,6650.0,6650.0,self,False
PTP002059,AC001106,call,AT0029393,,tele_agent,TA007,2026-05-14 13:45:43,2026-05-21,11600.0,11600.0,self,False
PTP002060,AC001168,call,AT0029397,,tele_agent,TA015,2026-05-14 15:39:31,2026-05-21,8300.0,8300.0,self,False
PTP002061,AC001243,call,AT0029407,,tele_agent,TA019,2026-05-14 14:13:33,2026-05-21,2850.0,2850.0,self,False
PTP002062,AC001514,call,AT0029421,,tele_agent,TA020,2026-05-14 18:09:56,2026-05-21,1500.0,1500.0,family_member,True
PTP002063,AC001555,call,AT0029423,,tele_agent,TA008,2026-05-14 17:08:40,2026-05-21,2800.0,2800.0,self,False
PTP002064,AC001633,call,AT0029430,,tele_agent,TA012,2026-05-14 17:35:53,2026-05-20,2300.0,2300.0,self,True
PTP002065,AC001788,call,AT0029439,,tele_agent,TA017,2026-05-14 17:12:04,2026-05-31,5700.0,8200.0,self,True
PTP002066,AC001943,call,AT0029455,,tele_agent,TA003,2026-05-14 17:57:13,2026-05-15,1650.0,1650.0,self,True
PTP002067,AC001806,field_visit,,VS002706,field,FA003,2026-05-14 12:27:25,2026-05-21,8800.0,16800.0,family_member,True
PTP002068,AC000627,field_visit,,VS002713,field,FA002,2026-05-14 11:30:58,2026-05-21,15400.0,15400.0,self,True
PTP002069,AC000944,field_visit,,VS002715,field,FA002,2026-05-14 12:15:13,2026-05-23,600.0,1350.0,self,False
PTP002070,AC002175,field_visit,,VS002723,field,FA001,2026-05-14 11:12:02,2026-05-21,9000.0,9000.0,self,False
PTP002071,AC002207,field_visit,,VS002728,field,FA004,2026-05-14 10:53:14,2026-05-21,63700.0,147000.0,self,True
PTP002072,AC001192,field_visit,,VS002744,field,FA006,2026-05-14 10:57:09,2026-05-16,2800.0,2800.0,self,False
PTP002073,AC000605,field_visit,,VS002756,field,FA008,2026-05-14 11:58:44,2026-05-17,92000.0,92000.0,self,True
PTP002074,AC001615,field_visit,,VS002771,field,FA009,2026-05-14 13:49:32,2026-05-17,28800.0,28800.0,self,False
PTP002075,AC001387,field_visit,,VS002773,field,FA007,2026-05-14 10:37:49,2026-05-21,17400.0,17400.0,self,True
PTP002076,AC002295,field_visit,,VS002776,field,FA007,2026-05-14 11:38:07,2026-06-02,12300.0,12300.0,self,False
PTP002077,AC000083,call,AT0029502,,tele_agent,TA004,2026-05-15 11:21:09,2026-05-20,2800.0,2800.0,self,False
PTP002078,AC000171,call,AT0029524,,tele_agent,TA009,2026-05-15 09:06:27,2026-05-31,10200.0,10200.0,self,True
PTP002079,AC000272,call,AT0029545,,tele_agent,TA013,2026-05-15 11:43:13,2026-05-16,1100.0,1100.0,self,True
PTP002080,AC000363,call,AT0029565,,tele_agent,TA012,2026-05-15 11:31:54,2026-05-23,4050.0,4050.0,self,True
PTP002081,AC000366,call,AT0029567,,tele_agent,TA020,2026-05-15 12:46:38,2026-05-16,9100.0,9100.0,self,True
PTP002082,AC000383,call,AT0029574,,tele_agent,TA018,2026-05-15 09:07:21,2026-06-02,4550.0,4550.0,self,True
PTP002083,AC000425,call,AT0029585,,tele_agent,TA005,2026-05-15 10:01:53,2026-05-31,8850.0,8850.0,self,False
PTP002084,AC000463,call,AT0029593,,tele_agent,TA020,2026-05-15 12:59:21,2026-05-20,3100.0,3100.0,self,True
PTP002085,AC000557,call,AT0029611,,tele_agent,TA014,2026-05-15 09:46:58,2026-05-22,7600.0,7600.0,self,True
PTP002086,AC000658,call,AT0029623,,tele_agent,TA010,2026-05-15 12:33:58,2026-05-31,5350.0,5350.0,self,True
PTP002087,AC000737,call,AT0029638,,tele_agent,TA016,2026-05-15 09:22:40,2026-05-22,17500.0,38850.0,third_party,True
PTP002088,AC000818,call,AT0029657,,tele_agent,TA009,2026-05-15 09:01:41,2026-05-23,13200.0,13200.0,self,True
PTP002089,AC000845,call,AT0029662,,tele_agent,TA016,2026-05-15 12:25:30,2026-05-31,1400.0,1400.0,self,True
PTP002090,AC000856,call,AT0029663,,tele_agent,TA011,2026-05-15 11:07:07,2026-05-16,5800.0,14900.0,self,True
PTP002091,AC000887,call,AT0029671,,tele_agent,TA003,2026-05-15 09:06:48,2026-05-17,21300.0,21300.0,self,True
PTP002092,AC001026,call,AT0029701,,tele_agent,TA001,2026-05-15 09:19:27,2026-05-22,17700.0,17700.0,self,False
PTP002093,AC001336,call,AT0029769,,tele_agent,TA019,2026-05-15 09:13:43,2026-05-20,93750.0,93750.0,self,False
PTP002094,AC001531,call,AT0029801,,tele_agent,TA020,2026-05-15 12:21:59,2026-05-19,72700.0,72700.0,self,True
PTP002095,AC001672,call,AT0029818,,tele_agent,TA018,2026-05-15 12:48:51,2026-05-22,33600.0,33600.0,self,True
PTP002096,AC001714,call,AT0029828,,tele_agent,TA008,2026-05-15 12:01:24,2026-05-20,1400.0,2000.0,self,True
PTP002097,AC001827,call,AT0029846,,tele_agent,TA010,2026-05-15 09:38:59,2026-05-31,900.0,1550.0,self,False
PTP002098,AC002089,call,AT0029898,,tele_agent,TA006,2026-05-15 10:28:27,2026-05-21,9700.0,9700.0,third_party,True
PTP002099,AC002186,call,AT0029920,,tele_agent,TA009,2026-05-15 08:39:13,2026-05-19,900.0,2900.0,third_party,True
PTP002100,AC002203,call,AT0029924,,tele_agent,TA020,2026-05-15 08:07:32,2026-05-16,12200.0,12200.0,self,False
PTP002101,AC002221,call,AT0029927,,tele_agent,TA001,2026-05-15 08:53:26,2026-05-31,17600.0,17600.0,self,True
PTP002102,AC002233,call,AT0029929,,tele_agent,TA015,2026-05-15 10:31:23,2026-05-16,8000.0,8000.0,self,True
PTP002103,AC000332,call,AT0029989,,tele_agent,TA020,2026-05-15 14:11:24,2026-05-31,9200.0,9200.0,self,False
PTP002104,AC000452,call,AT0030003,,tele_agent,TA013,2026-05-15 17:47:00,2026-05-19,2700.0,2700.0,self,True
PTP002105,AC000647,call,AT0030012,,tele_agent,TA014,2026-05-15 18:23:40,2026-05-16,1600.0,1600.0,self,True
PTP002106,AC000791,call,AT0030021,,tele_agent,TA005,2026-05-15 16:22:07,2026-05-19,2900.0,2900.0,self,False
PTP002107,AC001200,call,AT0030061,,tele_agent,TA012,2026-05-15 15:14:33,2026-05-17,2000.0,2000.0,self,True
PTP002108,AC001579,call,AT0030079,,tele_agent,TA011,2026-05-15 14:28:43,2026-05-31,5700.0,5700.0,self,False
PTP002109,AC001854,call,AT0030090,,tele_agent,TA005,2026-05-15 18:48:38,2026-05-20,4800.0,4800.0,self,True
PTP002110,AC002036,call,AT0030106,,tele_agent,TA008,2026-05-15 16:31:22,2026-05-17,3200.0,3200.0,self,True
PTP002111,AC002106,call,AT0030113,,tele_agent,TA017,2026-05-15 16:14:36,2026-06-08,14350.0,14350.0,self,True
PTP002112,AC002334,call,AT0030127,,tele_agent,TA006,2026-05-15 14:44:06,2026-05-16,4900.0,4900.0,self,True
PTP002113,AC002336,call,AT0030128,,tele_agent,TA020,2026-05-15 14:31:44,2026-05-22,9500.0,23000.0,self,False
PTP002114,AC001264,field_visit,,VS002780,field,FA002,2026-05-15 11:22:08,2026-05-17,5100.0,10400.0,self,False
PTP002115,AC002031,field_visit,,VS002786,field,FA001,2026-05-15 10:13:43,2026-05-22,6600.0,11200.0,self,True
PTP002116,AC001620,field_visit,,VS002792,field,FA001,2026-05-15 12:19:17,2026-05-25,8600.0,8600.0,self,True
PTP002117,AC000001,field_visit,,VS002797,field,FA003,2026-05-15 10:31:52,2026-06-09,50250.0,50250.0,self,False
PTP002118,AC000207,field_visit,,VS002799,field,FA003,2026-05-15 10:53:03,2026-05-16,11200.0,23700.0,self,False
PTP002119,AC001812,field_visit,,VS002811,field,FA006,2026-05-15 12:54:56,2026-05-16,32500.0,65400.0,self,False
PTP002120,AC000765,field_visit,,VS002814,field,FA004,2026-05-15 10:31:02,2026-05-16,11200.0,11200.0,self,False
PTP002121,AC002116,field_visit,,VS002818,field,FA004,2026-05-15 11:25:19,2026-05-31,8850.0,8850.0,self,True
PTP002122,AC000653,field_visit,,VS002825,field,FA005,2026-05-15 11:03:13,2026-05-22,9450.0,9450.0,self,False
PTP002123,AC000675,field_visit,,VS002830,field,FA009,2026-05-15 11:34:30,2026-05-22,8900.0,15200.0,self,False
PTP002124,AC001659,field_visit,,VS002831,field,FA009,2026-05-15 12:05:07,2026-05-16,12000.0,12000.0,self,False
PTP002125,AC000093,call,AT0030153,,tele_agent,TA019,2026-05-16 11:06:38,2026-05-25,1350.0,1350.0,self,True
PTP002126,AC000140,call,AT0030165,,tele_agent,TA014,2026-05-16 11:39:49,2026-05-17,131900.0,131900.0,self,False
PTP002127,AC000151,call,AT0030167,,tele_agent,TA003,2026-05-16 10:29:11,2026-05-18,1500.0,2800.0,self,True
PTP002128,AC000215,call,AT0030181,,tele_agent,TA004,2026-05-16 09:44:47,2026-05-25,17150.0,17150.0,self,False
PTP002129,AC000236,call,AT0030185,,tele_agent,TA020,2026-05-16 11:19:08,2026-05-17,1600.0,1600.0,self,False
PTP002130,AC000310,call,AT0030199,,tele_agent,TA010,2026-05-16 12:18:20,2026-05-21,1500.0,2150.0,self,True
PTP002131,AC000521,call,AT0030233,,tele_agent,TA014,2026-05-16 09:43:37,2026-05-17,11600.0,11600.0,self,False
PTP002132,AC000706,call,AT0030266,,tele_agent,TA007,2026-05-16 10:55:20,2026-06-02,8400.0,15900.0,self,True
PTP002133,AC000790,call,AT0030282,,tele_agent,TA020,2026-05-16 08:46:41,2026-06-03,1400.0,2150.0,self,True
PTP002134,AC000954,call,AT0030307,,tele_agent,TA011,2026-05-16 09:58:01,2026-05-22,3150.0,3150.0,self,True
PTP002135,AC001035,call,AT0030324,,tele_agent,TA019,2026-05-16 11:22:56,2026-05-23,1900.0,3800.0,self,True
PTP002136,AC001062,call,AT0030327,,tele_agent,TA016,2026-05-16 09:50:19,2026-05-17,6150.0,6150.0,self,False
PTP002137,AC001067,call,AT0030329,,tele_agent,TA008,2026-05-16 08:46:56,2026-05-22,1900.0,1900.0,self,False
PTP002138,AC001305,call,AT0030369,,tele_agent,TA011,2026-05-16 11:09:28,2026-05-31,8250.0,8250.0,self,True
PTP002139,AC001386,call,AT0030391,,tele_agent,TA011,2026-05-16 09:45:06,2026-05-31,500.0,800.0,self,True
PTP002140,AC001460,call,AT0030409,,tele_agent,TA008,2026-05-16 09:39:37,2026-06-03,42900.0,42900.0,self,False
PTP002141,AC001515,call,AT0030415,,tele_agent,TA002,2026-05-16 08:37:46,2026-05-23,12800.0,32300.0,third_party,True
PTP002142,AC001600,call,AT0030436,,tele_agent,TA004,2026-05-16 08:38:11,2026-05-17,14100.0,31100.0,self,True
PTP002143,AC001683,call,AT0030453,,tele_agent,TA013,2026-05-16 09:04:34,2026-05-18,5250.0,5250.0,self,False
PTP002144,AC001772,call,AT0030475,,tele_agent,TA003,2026-05-16 11:29:51,2026-05-24,450.0,450.0,self,False
PTP002145,AC001797,call,AT0030479,,tele_agent,TA002,2026-05-16 11:30:18,2026-05-23,8750.0,8750.0,self,False
PTP002146,AC001833,call,AT0030486,,tele_agent,TA014,2026-05-16 08:22:27,2026-05-24,1000.0,3350.0,self,True
PTP002147,AC001859,call,AT0030491,,tele_agent,TA014,2026-05-16 08:49:18,2026-05-17,8000.0,24250.0,self,False
PTP002148,AC002071,call,AT0030533,,tele_agent,TA010,2026-05-16 08:18:35,2026-05-18,2000.0,2000.0,self,True
PTP002149,AC002084,call,AT0030536,,tele_agent,TA005,2026-05-16 08:12:41,2026-05-20,2900.0,4400.0,self,False
PTP002150,AC002132,call,AT0030543,,tele_agent,TA002,2026-05-16 12:51:33,2026-05-21,2200.0,4500.0,third_party,True
PTP002151,AC002144,call,AT0030546,,tele_agent,TA008,2026-05-16 11:06:29,2026-05-23,300400.0,300400.0,self,False
PTP002152,AC002211,call,AT0030556,,tele_agent,TA006,2026-05-16 09:48:29,2026-05-23,7450.0,7450.0,self,True
PTP002153,AC002314,call,AT0030579,,tele_agent,TA004,2026-05-16 08:32:57,2026-05-19,33000.0,33000.0,self,False
PTP002154,AC000198,call,AT0030611,,tele_agent,TA019,2026-05-16 17:24:08,2026-05-23,3600.0,3600.0,self,False
PTP002155,AC000665,call,AT0030630,,tele_agent,TA007,2026-05-16 14:25:11,2026-05-23,14300.0,20900.0,self,True
PTP002156,AC000848,call,AT0030649,,tele_agent,TA013,2026-05-16 13:43:10,2026-05-18,32700.0,32700.0,self,False
PTP002157,AC001551,call,AT0030699,,tele_agent,TA008,2026-05-16 14:31:43,2026-05-30,5600.0,5600.0,self,False
PTP002158,AC001732,call,AT0030711,,tele_agent,TA018,2026-05-16 13:22:03,2026-05-24,2150.0,2150.0,self,True
PTP002159,AC002082,call,AT0030739,,tele_agent,TA016,2026-05-16 15:59:49,2026-05-17,31500.0,31500.0,self,True
PTP002160,AC002280,call,AT0030751,,tele_agent,TA014,2026-05-16 18:46:34,2026-06-03,4300.0,12550.0,self,True
PTP002161,AC002260,field_visit,,VS002856,field,FA003,2026-05-16 11:33:56,2026-05-23,6150.0,6150.0,self,False
PTP002162,AC001048,field_visit,,VS002862,field,FA002,2026-05-16 12:33:23,2026-05-23,21600.0,21600.0,self,True
PTP002163,AC001737,field_visit,,VS002864,field,FA002,2026-05-16 13:29:27,2026-05-21,2350.0,2350.0,self,True
PTP002164,AC000287,field_visit,,VS002867,field,FA002,2026-05-16 14:33:35,2026-05-17,600.0,1400.0,self,False
PTP002165,AC000478,field_visit,,VS002892,field,FA006,2026-05-16 11:12:33,2026-05-21,9100.0,9100.0,self,True
PTP002166,AC000513,field_visit,,VS002905,field,FA008,2026-05-16 12:33:35,2026-05-23,3900.0,7750.0,self,False
PTP002167,AC000341,field_visit,,VS002919,field,FA007,2026-05-16 10:47:26,2026-05-23,4800.0,4800.0,self,False
PTP002168,AC000046,call,AT0030766,,tele_agent,TA008,2026-05-17 09:07:03,2026-05-19,750.0,750.0,self,True
PTP002169,AC000202,call,AT0030775,,tele_agent,TA019,2026-05-17 12:48:24,2026-06-05,3000.0,3000.0,self,False
PTP002170,AC000313,call,AT0030786,,tele_agent,TA004,2026-05-17 10:01:41,2026-06-01,9650.0,9650.0,self,True
PTP002171,AC000582,call,AT0030806,,tele_agent,TA008,2026-05-17 08:29:59,2026-06-11,5800.0,5800.0,self,True
PTP002172,AC000642,call,AT0030811,,tele_agent,TA012,2026-05-17 08:26:44,2026-05-19,7200.0,7200.0,self,False
PTP002173,AC000722,call,AT0030816,,tele_agent,TA015,2026-05-17 09:05:40,2026-05-18,10650.0,10650.0,self,False
PTP002174,AC000735,call,AT0030817,,tele_agent,TA016,2026-05-17 10:50:55,2026-05-21,600.0,1750.0,self,False
PTP002175,AC000938,call,AT0030834,,tele_agent,TA020,2026-05-17 10:06:25,2026-05-19,2950.0,2950.0,self,True
PTP002176,AC001442,call,AT0030870,,tele_agent,TA004,2026-05-17 09:09:41,2026-05-19,4550.0,4550.0,self,True
PTP002177,AC001572,call,AT0030882,,tele_agent,TA008,2026-05-17 09:22:44,2026-05-24,750.0,750.0,self,True
PTP002178,AC001701,call,AT0030892,,tele_agent,TA009,2026-05-17 12:04:40,2026-05-18,7950.0,7950.0,self,False
PTP002179,AC002357,call,AT0030952,,tele_agent,TA010,2026-05-17 08:59:40,2026-06-09,10200.0,16300.0,self,True
PTP002180,AC000018,call,AT0030957,,tele_agent,TA008,2026-05-17 17:01:36,2026-05-24,6500.0,14350.0,self,True
PTP002181,AC000306,call,AT0030962,,tele_agent,TA003,2026-05-17 18:34:11,2026-06-03,7300.0,7300.0,self,True
PTP002182,AC000409,call,AT0030965,,tele_agent,TA012,2026-05-17 18:08:06,2026-05-18,11300.0,11300.0,self,True
PTP002183,AC000946,call,AT0030979,,tele_agent,TA020,2026-05-17 18:16:47,2026-06-08,3800.0,9900.0,self,True
PTP002184,AC001323,call,AT0030987,,tele_agent,TA001,2026-05-17 14:30:08,2026-05-24,1600.0,2350.0,self,False
PTP002185,AC000077,call,AT0031031,,tele_agent,TA013,2026-05-18 11:45:19,2026-05-25,9000.0,9000.0,self,False
PTP002186,AC000086,call,AT0031033,,tele_agent,TA007,2026-05-18 09:49:41,2026-05-31,120200.0,190200.0,self,True
PTP002187,AC000153,call,AT0031045,,tele_agent,TA017,2026-05-18 09:02:17,2026-05-25,3950.0,3950.0,self,True
PTP002188,AC000288,call,AT0031068,,tele_agent,TA015,2026-05-18 10:06:21,2026-05-24,1200.0,3750.0,self,True
PTP002189,AC000390,call,AT0031091,,tele_agent,TA008,2026-05-18 11:51:12,2026-05-20,16900.0,27300.0,self,True
PTP002190,AC000525,call,AT0031118,,tele_agent,TA005,2026-05-18 09:45:16,2026-05-20,11700.0,11700.0,self,True
PTP002191,AC000537,call,AT0031120,,tele_agent,TA008,2026-05-18 10:21:54,2026-05-19,1000.0,1000.0,self,True
PTP002192,AC000698,call,AT0031146,,tele_agent,TA012,2026-05-18 08:43:54,2026-05-20,2200.0,2200.0,self,False
PTP002193,AC000709,call,AT0031148,,tele_agent,TA017,2026-05-18 08:49:23,2026-05-20,16750.0,16750.0,self,True
PTP002194,AC000869,call,AT0031172,,tele_agent,TA019,2026-05-18 12:47:55,2026-05-25,3900.0,3900.0,self,False
PTP002195,AC000893,call,AT0031181,,tele_agent,TA011,2026-05-18 08:42:41,2026-05-25,143000.0,143000.0,self,True
PTP002196,AC000940,call,AT0031189,,tele_agent,TA004,2026-05-18 09:02:29,2026-05-19,21900.0,34050.0,self,True
PTP002197,AC001262,call,AT0031243,,tele_agent,TA012,2026-05-18 08:39:32,2026-05-25,4250.0,4250.0,self,True
PTP002198,AC001333,call,AT0031266,,tele_agent,TA011,2026-05-18 09:18:11,2026-05-27,10500.0,10500.0,self,True
PTP002199,AC001446,call,AT0031294,,tele_agent,TA015,2026-05-18 11:24:11,2026-05-25,7500.0,7500.0,self,False
PTP002200,AC001553,call,AT0031308,,tele_agent,TA005,2026-05-18 09:42:04,2026-05-25,61000.0,61000.0,self,False
PTP002201,AC001585,call,AT0031317,,tele_agent,TA016,2026-05-18 12:44:58,2026-05-31,16350.0,16350.0,self,True
PTP002202,AC001673,call,AT0031329,,tele_agent,TA018,2026-05-18 12:39:44,2026-05-19,1150.0,1150.0,self,False
PTP002203,AC001675,call,AT0031330,,tele_agent,TA004,2026-05-18 12:53:42,2026-05-28,6300.0,6300.0,self,True
PTP002204,AC001876,call,AT0031362,,tele_agent,TA001,2026-05-18 10:19:17,2026-05-25,1900.0,1900.0,self,True
PTP002205,AC001959,call,AT0031378,,tele_agent,TA003,2026-05-18 09:01:15,2026-05-25,4400.0,4400.0,self,False
PTP002206,AC001981,call,AT0031381,,tele_agent,TA001,2026-05-18 12:47:25,2026-05-21,19000.0,19000.0,self,True
PTP002207,AC002019,call,AT0031389,,tele_agent,TA014,2026-05-18 10:30:40,2026-05-20,9000.0,9000.0,self,False
PTP002208,AC002055,call,AT0031395,,tele_agent,TA014,2026-05-18 10:05:37,2026-05-29,9200.0,9200.0,self,True
PTP002209,AC002121,call,AT0031410,,tele_agent,TA013,2026-05-18 11:16:36,2026-05-19,4800.0,4800.0,self,True
PTP002210,AC002277,call,AT0031443,,tele_agent,TA016,2026-05-18 12:57:59,2026-05-26,1500.0,2750.0,self,True
PTP002211,AC000170,call,AT0031476,,tele_agent,TA003,2026-05-18 13:34:06,2026-06-01,7450.0,7450.0,self,True
PTP002212,AC000242,call,AT0031479,,tele_agent,TA010,2026-05-18 18:31:43,2026-05-24,2500.0,2500.0,self,True
PTP002213,AC000367,call,AT0031490,,tele_agent,TA012,2026-05-18 15:31:37,2026-05-30,12700.0,21000.0,self,True
PTP002214,AC000839,call,AT0031525,,tele_agent,TA006,2026-05-18 17:32:05,2026-05-28,4000.0,4000.0,self,False
PTP002215,AC001184,call,AT0031545,,tele_agent,TA010,2026-05-18 13:19:40,2026-05-26,33000.0,33000.0,self,True
PTP002216,AC001235,call,AT0031550,,tele_agent,TA002,2026-05-18 14:23:43,2026-05-25,500.0,550.0,self,True
PTP002217,AC001329,call,AT0031559,,tele_agent,TA002,2026-05-18 16:24:00,2026-05-28,14900.0,14900.0,self,True
PTP002218,AC001334,call,AT0031560,,tele_agent,TA010,2026-05-18 17:36:00,2026-05-25,2550.0,2550.0,third_party,True
PTP002219,AC001335,call,AT0031561,,tele_agent,TA008,2026-05-18 17:15:52,2026-05-25,3900.0,3900.0,self,True
PTP002220,AC001578,call,AT0031578,,tele_agent,TA009,2026-05-18 16:34:41,2026-05-25,1050.0,1050.0,self,True
PTP002221,AC001791,call,AT0031589,,tele_agent,TA020,2026-05-18 18:38:17,2026-05-26,4350.0,4350.0,self,True
PTP002222,AC001978,call,AT0031600,,tele_agent,TA003,2026-05-18 13:41:50,2026-05-25,200.0,200.0,third_party,True
PTP002223,AC002115,call,AT0031610,,tele_agent,TA005,2026-05-18 13:50:41,2026-05-25,2100.0,5650.0,self,False
PTP002224,AC002290,call,AT0031627,,tele_agent,TA019,2026-05-18 17:38:30,2026-05-30,3600.0,3600.0,self,True
PTP002225,AC001344,field_visit,,VS002942,field,FA001,2026-05-18 13:50:07,2026-05-24,45600.0,45600.0,self,True
PTP002226,AC001927,field_visit,,VS002949,field,FA003,2026-05-18 12:01:33,2026-06-10,12750.0,12750.0,self,True
PTP002227,AC000890,field_visit,,VS002957,field,FA004,2026-05-18 11:51:01,2026-05-19,19200.0,19200.0,self,True
PTP002228,AC001146,field_visit,,VS002959,field,FA005,2026-05-18 11:52:24,2026-06-01,2400.0,6200.0,self,False
PTP002229,AC001708,field_visit,,VS002962,field,FA005,2026-05-18 12:31:07,2026-05-23,7400.0,7400.0,family_member,False
PTP002230,AC000551,field_visit,,VS002969,field,FA006,2026-05-18 11:44:39,2026-05-22,78900.0,78900.0,self,False
PTP002231,AC001123,field_visit,,VS002975,field,FA007,2026-05-18 11:52:41,2026-05-25,68000.0,68000.0,self,False
PTP002232,AC001653,field_visit,,VS002982,field,FA009,2026-05-18 11:07:58,2026-05-25,30000.0,30000.0,self,False
PTP002233,AC001586,field_visit,,VS002985,field,FA009,2026-05-18 12:25:59,2026-05-21,8000.0,8000.0,self,False
PTP002234,AC000151,call,AT0031663,,tele_agent,TA003,2026-05-19 08:41:15,2026-05-20,2800.0,2800.0,self,True
PTP002235,AC000370,call,AT0031713,,tele_agent,TA007,2026-05-19 08:56:54,2026-05-26,16850.0,16850.0,third_party,False
PTP002236,AC000405,call,AT0031719,,tele_agent,TA012,2026-05-19 10:57:26,2026-05-29,4650.0,4650.0,self,False
PTP002237,AC000496,call,AT0031739,,tele_agent,TA018,2026-05-19 08:56:44,2026-06-02,12900.0,12900.0,self,False
PTP002238,AC000506,call,AT0031744,,tele_agent,TA019,2026-05-19 12:45:06,2026-05-23,16300.0,37800.0,third_party,True
PTP002239,AC000586,call,AT0031760,,tele_agent,TA002,2026-05-19 08:05:26,2026-05-26,3000.0,8100.0,self,False
PTP002240,AC000612,call,AT0031767,,tele_agent,TA012,2026-05-19 08:22:14,2026-05-21,1900.0,1900.0,self,False
PTP002241,AC000750,call,AT0031794,,tele_agent,TA003,2026-05-19 09:05:55,2026-05-27,1100.0,1850.0,self,True
PTP002242,AC000769,call,AT0031797,,tele_agent,TA002,2026-05-19 12:44:13,2026-05-31,3100.0,6750.0,self,True
PTP002243,AC000910,call,AT0031817,,tele_agent,TA020,2026-05-19 08:34:09,2026-05-31,3950.0,3950.0,self,True
PTP002244,AC000919,call,AT0031819,,tele_agent,TA011,2026-05-19 09:04:27,2026-06-04,16200.0,16200.0,self,True
PTP002245,AC000953,call,AT0031827,,tele_agent,TA011,2026-05-19 08:32:27,2026-05-23,177600.0,177600.0,self,True
PTP002246,AC000994,call,AT0031840,,tele_agent,TA014,2026-05-19 08:28:55,2026-05-29,1450.0,1450.0,self,False
PTP002247,AC001001,call,AT0031841,,tele_agent,TA015,2026-05-19 12:14:31,2026-05-31,6200.0,6200.0,self,True
PTP002248,AC001019,call,AT0031846,,tele_agent,TA008,2026-05-19 10:57:15,2026-05-26,4150.0,4150.0,self,True
PTP002249,AC001119,call,AT0031866,,tele_agent,TA004,2026-05-19 12:33:15,2026-05-20,2250.0,2250.0,self,False
PTP002250,AC001163,call,AT0031869,,tele_agent,TA010,2026-05-19 08:31:23,2026-05-27,15750.0,15750.0,self,False
PTP002251,AC001178,call,AT0031871,,tele_agent,TA004,2026-05-19 10:03:57,2026-06-03,12250.0,12250.0,self,True
PTP002252,AC001195,call,AT0031874,,tele_agent,TA007,2026-05-19 08:17:04,2026-05-20,1800.0,1800.0,self,True
PTP002253,AC001204,call,AT0031876,,tele_agent,TA002,2026-05-19 08:07:34,2026-05-30,58400.0,58400.0,self,True
PTP002254,AC001223,call,AT0031880,,tele_agent,TA020,2026-05-19 11:16:43,2026-05-20,33500.0,33500.0,self,False
PTP002255,AC001228,call,AT0031882,,tele_agent,TA010,2026-05-19 11:46:40,2026-05-23,6000.0,6000.0,self,False
PTP002256,AC001267,call,AT0031891,,tele_agent,TA006,2026-05-19 10:44:14,2026-05-20,8300.0,16200.0,self,True
PTP002257,AC001292,call,AT0031894,,tele_agent,TA009,2026-05-19 11:50:23,2026-05-23,1600.0,1600.0,self,False
PTP002258,AC001382,call,AT0031911,,tele_agent,TA015,2026-05-19 12:34:43,2026-05-23,2300.0,3850.0,self,False
PTP002259,AC001427,call,AT0031925,,tele_agent,TA009,2026-05-19 09:42:40,2026-06-10,2400.0,2400.0,self,False
PTP002260,AC001753,call,AT0031985,,tele_agent,TA016,2026-05-19 12:27:36,2026-05-20,24500.0,65200.0,self,True
PTP002261,AC001825,call,AT0031999,,tele_agent,TA004,2026-05-19 11:15:00,2026-06-12,2600.0,2600.0,self,True
PTP002262,AC001988,call,AT0032027,,tele_agent,TA018,2026-05-19 08:24:18,2026-05-26,199750.0,199750.0,self,False
PTP002263,AC002206,call,AT0032065,,tele_agent,TA009,2026-05-19 08:31:09,2026-05-27,29700.0,29700.0,self,True
PTP002264,AC002294,call,AT0032074,,tele_agent,TA010,2026-05-19 08:12:18,2026-05-20,18200.0,18200.0,self,True
PTP002265,AC000079,call,AT0032099,,tele_agent,TA013,2026-05-19 16:26:13,2026-05-22,8900.0,8900.0,self,False
PTP002266,AC000263,call,AT0032114,,tele_agent,TA020,2026-05-19 14:55:04,2026-05-20,350.0,350.0,self,True
PTP002267,AC000848,call,AT0032153,,tele_agent,TA013,2026-05-19 18:45:36,2026-05-25,32700.0,32700.0,self,True
PTP002268,AC000931,call,AT0032157,,tele_agent,TA017,2026-05-19 19:00:15,2026-05-26,1200.0,2850.0,self,True
PTP002269,AC000991,call,AT0032163,,tele_agent,TA015,2026-05-19 14:47:15,2026-05-26,8200.0,17900.0,third_party,True
PTP002270,AC001285,call,AT0032172,,tele_agent,TA018,2026-05-19 15:59:33,2026-05-20,4100.0,4100.0,self,True
PTP002271,AC001731,call,AT0032201,,tele_agent,TA001,2026-05-19 16:11:32,2026-05-27,2350.0,2350.0,self,True
PTP002272,AC001793,call,AT0032208,,tele_agent,TA020,2026-05-19 16:50:48,2026-05-24,14100.0,31850.0,self,True
PTP002273,AC001916,call,AT0032216,,tele_agent,TA014,2026-05-19 17:48:18,2026-06-02,8500.0,17450.0,self,True
PTP002274,AC002079,call,AT0032224,,tele_agent,TA014,2026-05-19 17:50:07,2026-05-20,700.0,1500.0,self,False
PTP002275,AC002072,field_visit,,VS003010,field,FA001,2026-05-19 11:36:36,2026-05-26,7150.0,7150.0,self,True
PTP002276,AC001193,field_visit,,VS003027,field,FA005,2026-05-19 10:02:21,2026-05-20,20900.0,20900.0,self,False
PTP002277,AC001556,field_visit,,VS003030,field,FA005,2026-05-19 11:11:19,2026-05-31,1000.0,3000.0,self,True
PTP002278,AC000877,field_visit,,VS003031,field,FA005,2026-05-19 11:42:14,2026-05-26,6500.0,16200.0,self,False
PTP002279,AC000139,field_visit,,VS003033,field,FA005,2026-05-19 12:41:59,2026-05-20,1900.0,1900.0,self,False
PTP002280,AC000868,field_visit,,VS003044,field,FA007,2026-05-19 10:26:22,2026-05-25,10500.0,10500.0,self,False
PTP002281,AC000037,call,AT0032250,,tele_agent,TA006,2026-05-20 10:35:58,2026-05-21,3500.0,3500.0,self,True
PTP002282,AC000054,call,AT0032254,,tele_agent,TA001,2026-05-20 11:16:30,2026-05-22,1100.0,2100.0,self,False
PTP002283,AC000069,call,AT0032256,,tele_agent,TA012,2026-05-20 08:07:33,2026-05-31,4250.0,4250.0,self,True
PTP002284,AC000134,call,AT0032276,,tele_agent,TA009,2026-05-20 08:58:34,2026-05-28,4400.0,4400.0,self,False
PTP002285,AC000207,call,AT0032289,,tele_agent,TA010,2026-05-20 12:07:33,2026-05-26,15100.0,23700.0,third_party,True
PTP002286,AC000218,call,AT0032293,,tele_agent,TA020,2026-05-20 11:58:33,2026-05-24,10500.0,10500.0,self,True
PTP002287,AC000352,call,AT0032317,,tele_agent,TA010,2026-05-20 10:07:44,2026-05-25,10250.0,10250.0,self,True
PTP002288,AC000369,call,AT0032323,,tele_agent,TA009,2026-05-20 09:43:53,2026-05-31,1700.0,4050.0,self,False
PTP002289,AC000503,call,AT0032349,,tele_agent,TA019,2026-05-20 12:38:54,2026-05-21,46950.0,46950.0,self,True
PTP002290,AC000699,call,AT0032388,,tele_agent,TA005,2026-05-20 09:49:11,2026-05-27,2550.0,2550.0,self,False
PTP002291,AC000762,call,AT0032396,,tele_agent,TA019,2026-05-20 09:13:03,2026-05-31,8550.0,8550.0,self,True
PTP002292,AC000836,call,AT0032407,,tele_agent,TA007,2026-05-20 10:51:52,2026-05-23,72200.0,72200.0,self,True
PTP002293,AC000852,call,AT0032411,,tele_agent,TA009,2026-05-20 09:14:51,2026-06-07,1200.0,3350.0,self,True
PTP002294,AC000928,call,AT0032424,,tele_agent,TA011,2026-05-20 12:10:15,2026-05-30,8100.0,8100.0,self,False
PTP002295,AC000932,call,AT0032427,,tele_agent,TA016,2026-05-20 08:32:44,2026-05-22,3700.0,3700.0,self,True
PTP002296,AC001008,call,AT0032439,,tele_agent,TA020,2026-05-20 10:28:26,2026-06-07,5100.0,5100.0,self,True
PTP002297,AC001186,call,AT0032471,,tele_agent,TA017,2026-05-20 12:23:09,2026-06-03,3650.0,3650.0,self,False
PTP002298,AC001248,call,AT0032480,,tele_agent,TA006,2026-05-20 09:02:58,2026-06-06,29100.0,29100.0,self,True
PTP002299,AC001371,call,AT0032507,,tele_agent,TA019,2026-05-20 12:51:53,2026-05-21,1350.0,1350.0,self,True
PTP002300,AC001445,call,AT0032524,,tele_agent,TA013,2026-05-20 08:51:20,2026-05-27,25000.0,50550.0,self,False
PTP002301,AC001462,call,AT0032526,,tele_agent,TA011,2026-05-20 12:13:40,2026-05-27,288000.0,288000.0,self,True
PTP002302,AC001522,call,AT0032537,,tele_agent,TA018,2026-05-20 09:26:00,2026-05-21,1500.0,2500.0,self,True
PTP002303,AC001610,call,AT0032551,,tele_agent,TA007,2026-05-20 09:18:42,2026-06-01,6500.0,19000.0,self,True
PTP002304,AC001677,call,AT0032564,,tele_agent,TA018,2026-05-20 11:09:46,2026-05-26,3900.0,3900.0,self,True
PTP002305,AC001756,call,AT0032572,,tele_agent,TA004,2026-05-20 11:52:52,2026-05-31,1800.0,3050.0,self,True
PTP002306,AC001840,call,AT0032579,,tele_agent,TA007,2026-05-20 09:12:41,2026-05-30,500.0,650.0,self,False
PTP002307,AC001911,call,AT0032600,,tele_agent,TA012,2026-05-20 11:29:31,2026-05-23,3600.0,8300.0,self,True
PTP002308,AC001942,call,AT0032606,,tele_agent,TA019,2026-05-20 08:43:57,2026-05-21,8000.0,8000.0,self,False
PTP002309,AC002007,call,AT0032618,,tele_agent,TA003,2026-05-20 12:51:11,2026-05-23,3700.0,3700.0,self,False
PTP002310,AC002179,call,AT0032658,,tele_agent,TA004,2026-05-20 09:01:42,2026-05-22,5250.0,5250.0,self,True
PTP002311,AC002251,call,AT0032670,,tele_agent,TA001,2026-05-20 08:56:56,2026-05-21,3900.0,3900.0,self,True
PTP002312,AC002258,call,AT0032675,,tele_agent,TA020,2026-05-20 09:51:38,2026-05-22,9450.0,9450.0,self,True
PTP002313,AC000157,call,AT0032713,,tele_agent,TA014,2026-05-20 13:54:47,2026-05-21,7100.0,7100.0,self,True
PTP002314,AC001066,call,AT0032760,,tele_agent,TA020,2026-05-20 18:06:59,2026-05-21,3750.0,3750.0,self,True
PTP002315,AC001160,call,AT0032767,,tele_agent,TA020,2026-05-20 15:20:52,2026-05-21,8200.0,16650.0,self,False
PTP002316,AC001242,call,AT0032771,,tele_agent,TA008,2026-05-20 17:52:30,2026-05-30,2100.0,2100.0,third_party,True
PTP002317,AC001258,call,AT0032774,,tele_agent,TA001,2026-05-20 16:16:59,2026-05-27,9100.0,21200.0,self,True
PTP002318,AC001266,call,AT0032776,,tele_agent,TA003,2026-05-20 17:03:17,2026-05-27,395000.0,395000.0,self,True
PTP002319,AC001359,call,AT0032781,,tele_agent,TA001,2026-05-20 13:32:58,2026-05-21,31000.0,31000.0,self,True
PTP002320,AC001492,call,AT0032798,,tele_agent,TA016,2026-05-20 18:25:07,2026-05-30,2000.0,4600.0,self,True
PTP002321,AC002241,call,AT0032838,,tele_agent,TA011,2026-05-20 18:54:21,2026-05-25,2900.0,2900.0,self,True
PTP002322,AC000929,field_visit,,VS003071,field,FA003,2026-05-20 11:48:13,2026-05-29,8550.0,8550.0,self,True
PTP002323,AC002318,field_visit,,VS003075,field,FA003,2026-05-20 14:15:59,2026-05-30,38500.0,38500.0,self,False
PTP002324,AC000626,field_visit,,VS003077,field,FA001,2026-05-20 10:32:39,2026-05-31,52800.0,52800.0,self,False
PTP002325,AC002018,field_visit,,VS003083,field,FA001,2026-05-20 12:51:27,2026-05-26,15600.0,47500.0,self,False
PTP002326,AC000892,field_visit,,VS003091,field,FA006,2026-05-20 10:55:02,2026-05-27,33900.0,71250.0,self,False
PTP002327,AC001403,field_visit,,VS003100,field,FA004,2026-05-20 12:09:48,2026-05-22,3900.0,3900.0,self,True
PTP002328,AC002346,field_visit,,VS003101,field,FA004,2026-05-20 12:31:31,2026-05-21,2700.0,2700.0,self,False
PTP002329,AC002397,field_visit,,VS003129,field,FA009,2026-05-20 11:28:52,2026-05-28,1500.0,2650.0,self,True
PTP002330,AC000410,field_visit,,VS003130,field,FA009,2026-05-20 11:44:34,2026-05-23,27900.0,27900.0,self,False
PTP002331,AC000964,field_visit,,VS003133,field,FA009,2026-05-20 13:15:13,2026-05-21,2000.0,3050.0,self,False
PTP002332,AC000195,call,AT0032895,,tele_agent,TA001,2026-05-21 09:39:18,2026-05-31,8200.0,8200.0,self,True
PTP002333,AC000235,call,AT0032905,,tele_agent,TA003,2026-05-21 08:15:25,2026-05-25,8050.0,8050.0,self,True
PTP002334,AC000236,call,AT0032906,,tele_agent,TA020,2026-05-21 09:56:59,2026-05-29,1100.0,1100.0,self,True
PTP002335,AC000437,call,AT0032950,,tele_agent,TA004,2026-05-21 08:59:27,2026-05-22,18350.0,18350.0,self,True
PTP002336,AC000441,call,AT0032953,,tele_agent,TA016,2026-05-21 11:29:49,2026-05-29,12700.0,38450.0,self,False
PTP002337,AC000500,call,AT0032963,,tele_agent,TA013,2026-05-21 09:09:13,2026-05-28,10200.0,10200.0,third_party,True
PTP002338,AC000536,call,AT0032969,,tele_agent,TA019,2026-05-21 11:34:51,2026-05-28,500.0,1150.0,self,True
PTP002339,AC000587,call,AT0032980,,tele_agent,TA006,2026-05-21 11:21:12,2026-05-28,1150.0,1150.0,self,True
PTP002340,AC000799,call,AT0033018,,tele_agent,TA006,2026-05-21 12:32:18,2026-05-23,1200.0,3850.0,self,True
PTP002341,AC001362,call,AT0033109,,tele_agent,TA020,2026-05-21 09:17:46,2026-05-25,1050.0,1050.0,self,True
PTP002342,AC001391,call,AT0033113,,tele_agent,TA001,2026-05-21 10:15:59,2026-05-25,16600.0,16600.0,self,True
PTP002343,AC001411,call,AT0033119,,tele_agent,TA009,2026-05-21 08:39:56,2026-05-23,5400.0,5400.0,self,False
PTP002344,AC001560,call,AT0033145,,tele_agent,TA006,2026-05-21 09:02:43,2026-05-23,4800.0,4800.0,self,True
PTP002345,AC001591,call,AT0033153,,tele_agent,TA014,2026-05-21 10:18:03,2026-05-29,18750.0,18750.0,self,True
PTP002346,AC001832,call,AT0033200,,tele_agent,TA017,2026-05-21 10:44:10,2026-05-26,10350.0,10350.0,self,True
PTP002347,AC001969,call,AT0033220,,tele_agent,TA017,2026-05-21 09:56:13,2026-05-31,89700.0,89700.0,self,True
PTP002348,AC001986,call,AT0033224,,tele_agent,TA005,2026-05-21 12:13:39,2026-05-22,1850.0,1850.0,self,False
PTP002349,AC002114,call,AT0033254,,tele_agent,TA013,2026-05-21 08:31:43,2026-05-27,13800.0,13800.0,third_party,True
PTP002350,AC002149,call,AT0033263,,tele_agent,TA003,2026-05-21 08:33:51,2026-05-27,2000.0,3650.0,self,True
PTP002351,AC000132,call,AT0033324,,tele_agent,TA020,2026-05-21 14:48:49,2026-05-28,3100.0,3100.0,third_party,True
PTP002352,AC000535,call,AT0033352,,tele_agent,TA016,2026-05-21 18:12:39,2026-05-23,400.0,400.0,self,False
PTP002353,AC001138,call,AT0033388,,tele_agent,TA012,2026-05-21 14:51:36,2026-05-28,12500.0,12500.0,self,False
PTP002354,AC001288,call,AT0033395,,tele_agent,TA001,2026-05-21 14:32:08,2026-05-22,94500.0,94500.0,self,True
PTP002355,AC001541,call,AT0033411,,tele_agent,TA018,2026-05-21 13:11:38,2026-05-25,16300.0,16300.0,self,True
PTP002356,AC001683,call,AT0033424,,tele_agent,TA013,2026-05-21 17:25:05,2026-05-30,1550.0,1550.0,self,True
PTP002357,AC001740,call,AT0033431,,tele_agent,TA015,2026-05-21 15:44:17,2026-05-22,2150.0,2150.0,self,False
PTP002358,AC001799,call,AT0033435,,tele_agent,TA013,2026-05-21 15:45:33,2026-05-27,10200.0,10200.0,self,False
PTP002359,AC002269,call,AT0033459,,tele_agent,TA010,2026-05-21 17:39:50,2026-05-29,1900.0,5500.0,self,True
PTP002360,AC001830,field_visit,,VS003137,field,FA002,2026-05-21 12:04:53,2026-05-31,128700.0,128700.0,self,False
PTP002361,AC000375,field_visit,,VS003152,field,FA003,2026-05-21 10:23:24,2026-05-22,3100.0,3100.0,self,False
PTP002362,AC001368,field_visit,,VS003154,field,FA003,2026-05-21 11:30:43,2026-05-27,28050.0,28050.0,self,False
PTP002363,AC000595,field_visit,,VS003170,field,FA004,2026-05-21 12:00:49,2026-05-30,50050.0,50050.0,self,False
PTP002364,AC001437,field_visit,,VS003174,field,FA004,2026-05-21 13:07:43,2026-05-23,16500.0,16500.0,self,True
PTP002365,AC000952,field_visit,,VS003179,field,FA005,2026-05-21 11:12:44,2026-05-27,28950.0,28950.0,self,False
PTP002366,AC000046,call,AT0033471,,tele_agent,TA008,2026-05-22 10:43:00,2026-05-29,750.0,750.0,self,False
PTP002367,AC000286,call,AT0033513,,tele_agent,TA004,2026-05-22 08:48:58,2026-06-01,21600.0,21600.0,self,False
PTP002368,AC000292,call,AT0033515,,tele_agent,TA016,2026-05-22 12:18:08,2026-05-29,60800.0,113400.0,self,True
PTP002369,AC000350,call,AT0033527,,tele_agent,TA009,2026-05-22 12:32:35,2026-06-01,1200.0,2700.0,self,True
PTP002370,AC000445,call,AT0033538,,tele_agent,TA008,2026-05-22 09:02:50,2026-05-29,2050.0,2050.0,self,False
PTP002371,AC000521,call,AT0033553,,tele_agent,TA014,2026-05-22 09:40:47,2026-05-24,4400.0,11600.0,self,True
PTP002372,AC000528,call,AT0033555,,tele_agent,TA007,2026-05-22 12:57:53,2026-06-01,4200.0,11900.0,self,True
PTP002373,AC000784,call,AT0033605,,tele_agent,TA012,2026-05-22 11:49:25,2026-06-09,8450.0,8450.0,self,True
PTP002374,AC000878,call,AT0033620,,tele_agent,TA008,2026-05-22 08:04:17,2026-05-31,16000.0,16000.0,self,False
PTP002375,AC000890,call,AT0033623,,tele_agent,TA008,2026-05-22 09:34:11,2026-05-31,8000.0,8000.0,self,True
PTP002376,AC000896,call,AT0033625,,tele_agent,TA015,2026-05-22 11:25:25,2026-05-29,3900.0,3900.0,self,True
PTP002377,AC000990,call,AT0033641,,tele_agent,TA014,2026-05-22 09:16:13,2026-05-27,11700.0,11700.0,self,True
PTP002378,AC001092,call,AT0033650,,tele_agent,TA008,2026-05-22 09:37:08,2026-05-29,6900.0,6900.0,self,True
PTP002379,AC001311,call,AT0033691,,tele_agent,TA017,2026-05-22 10:28:05,2026-06-10,14250.0,14250.0,self,False
PTP002380,AC001404,call,AT0033704,,tele_agent,TA018,2026-05-22 08:13:25,2026-05-25,2700.0,5550.0,third_party,True
PTP002381,AC001562,call,AT0033728,,tele_agent,TA016,2026-05-22 08:29:14,2026-06-01,17550.0,17550.0,self,True
PTP002382,AC001570,call,AT0033730,,tele_agent,TA015,2026-05-22 09:23:57,2026-05-23,700.0,1550.0,self,True
PTP002383,AC001622,call,AT0033740,,tele_agent,TA008,2026-05-22 11:15:16,2026-05-29,2550.0,2550.0,self,False
PTP002384,AC001701,call,AT0033752,,tele_agent,TA009,2026-05-22 10:53:26,2026-05-29,7950.0,7950.0,self,True
PTP002385,AC001716,call,AT0033754,,tele_agent,TA012,2026-05-22 11:32:22,2026-05-25,3650.0,3650.0,self,True
PTP002386,AC001752,call,AT0033756,,tele_agent,TA008,2026-05-22 08:09:56,2026-05-23,6700.0,6700.0,self,True
PTP002387,AC001802,call,AT0033766,,tele_agent,TA002,2026-05-22 10:59:44,2026-05-29,1800.0,1800.0,self,True
PTP002388,AC001807,call,AT0033767,,tele_agent,TA009,2026-05-22 09:43:13,2026-05-23,6750.0,6750.0,self,False
PTP002389,AC001860,call,AT0033774,,tele_agent,TA017,2026-05-22 09:58:51,2026-05-29,14200.0,14200.0,third_party,True
PTP002390,AC002017,call,AT0033800,,tele_agent,TA017,2026-05-22 08:13:29,2026-05-27,31950.0,31950.0,self,True
PTP002391,AC002035,call,AT0033808,,tele_agent,TA008,2026-05-22 09:04:09,2026-05-24,4500.0,4500.0,self,False
PTP002392,AC000226,call,AT0033899,,tele_agent,TA010,2026-05-22 18:03:26,2026-05-29,13500.0,13500.0,self,False
PTP002393,AC000420,call,AT0033912,,tele_agent,TA004,2026-05-22 14:02:38,2026-05-29,79500.0,79500.0,third_party,True
PTP002394,AC000421,call,AT0033913,,tele_agent,TA007,2026-05-22 14:18:30,2026-05-23,3900.0,3900.0,self,False
PTP002395,AC000510,call,AT0033918,,tele_agent,TA018,2026-05-22 18:33:29,2026-05-29,800.0,2550.0,self,True
PTP002396,AC000708,call,AT0033933,,tele_agent,TA002,2026-05-22 17:05:17,2026-05-26,500.0,550.0,third_party,True
PTP002397,AC000792,call,AT0033939,,tele_agent,TA018,2026-05-22 18:07:50,2026-05-24,4800.0,4800.0,self,True
PTP002398,AC001094,call,AT0033957,,tele_agent,TA007,2026-05-22 17:23:15,2026-05-31,4650.0,4650.0,self,True
PTP002399,AC001374,call,AT0033974,,tele_agent,TA012,2026-05-22 13:18:05,2026-05-29,24400.0,24400.0,self,True
PTP002400,AC001463,call,AT0033980,,tele_agent,TA012,2026-05-22 18:56:07,2026-05-29,1950.0,1950.0,self,True
PTP002401,AC001525,call,AT0033982,,tele_agent,TA013,2026-05-22 18:05:03,2026-05-25,9650.0,9650.0,self,True
PTP002402,AC001801,call,AT0033998,,tele_agent,TA008,2026-05-22 13:53:49,2026-05-30,10550.0,10550.0,self,True
PTP002403,AC002140,call,AT0034023,,tele_agent,TA017,2026-05-22 16:04:51,2026-05-27,3200.0,5100.0,self,True
PTP002404,AC002388,call,AT0034041,,tele_agent,TA017,2026-05-22 18:56:07,2026-05-23,3850.0,3850.0,self,False
PTP002405,AC000091,field_visit,,VS003216,field,FA001,2026-05-22 11:44:05,2026-05-24,35900.0,35900.0,self,False
PTP002406,AC000137,field_visit,,VS003221,field,FA003,2026-05-22 10:58:37,2026-05-30,38500.0,38500.0,self,False
PTP002407,AC000078,field_visit,,VS003262,field,FA007,2026-05-22 11:09:31,2026-05-29,7500.0,15600.0,self,False
PTP002408,AC000158,field_visit,,VS003269,field,FA009,2026-05-22 10:21:35,2026-05-29,57400.0,89650.0,self,False
PTP002409,AC000983,field_visit,,VS003280,field,FA008,2026-05-22 12:51:09,2026-05-23,11550.0,11550.0,self,False
PTP002410,AC000068,call,AT0034053,,tele_agent,TA015,2026-05-23 08:12:30,2026-05-31,2700.0,2700.0,self,True
PTP002411,AC000178,call,AT0034075,,tele_agent,TA013,2026-05-23 10:50:23,2026-05-28,59900.0,59900.0,third_party,True
PTP002412,AC000335,call,AT0034107,,tele_agent,TA013,2026-05-23 10:19:03,2026-05-25,3400.0,3400.0,self,True
PTP002413,AC000411,call,AT0034119,,tele_agent,TA016,2026-05-23 11:07:48,2026-05-25,500.0,500.0,self,True
PTP002414,AC000432,call,AT0034122,,tele_agent,TA015,2026-05-23 09:50:47,2026-05-24,10800.0,26150.0,self,True
PTP002415,AC000449,call,AT0034127,,tele_agent,TA005,2026-05-23 12:37:52,2026-05-30,32550.0,32550.0,self,True
PTP002416,AC000520,call,AT0034145,,tele_agent,TA001,2026-05-23 08:16:40,2026-06-01,4900.0,4900.0,self,True
PTP002417,AC000639,call,AT0034158,,tele_agent,TA013,2026-05-23 08:20:13,2026-05-28,16000.0,16000.0,self,True
PTP002418,AC000653,call,AT0034162,,tele_agent,TA007,2026-05-23 09:14:17,2026-05-31,9450.0,9450.0,self,True
PTP002419,AC000661,call,AT0034164,,tele_agent,TA012,2026-05-23 09:50:02,2026-05-24,18700.0,18700.0,self,True
PTP002420,AC000768,call,AT0034185,,tele_agent,TA001,2026-05-23 09:14:54,2026-06-06,1100.0,1900.0,self,True
PTP002421,AC000863,call,AT0034199,,tele_agent,TA020,2026-05-23 08:55:43,2026-05-28,1550.0,1550.0,third_party,True
PTP002422,AC000958,call,AT0034218,,tele_agent,TA010,2026-05-23 10:40:21,2026-05-27,61500.0,61500.0,self,False
PTP002423,AC000964,call,AT0034220,,tele_agent,TA018,2026-05-23 09:27:16,2026-05-24,1600.0,3050.0,self,True
PTP002424,AC001119,call,AT0034248,,tele_agent,TA004,2026-05-23 09:04:36,2026-05-26,1500.0,2250.0,self,False
PTP002425,AC001420,call,AT0034293,,tele_agent,TA013,2026-05-23 12:19:25,2026-05-26,17000.0,17000.0,self,True
PTP002426,AC001513,call,AT0034310,,tele_agent,TA014,2026-05-23 09:37:06,2026-05-29,7200.0,14750.0,self,False
PTP002427,AC001531,call,AT0034312,,tele_agent,TA020,2026-05-23 09:33:23,2026-06-02,10000.0,27300.0,self,False
PTP002428,AC001686,call,AT0034333,,tele_agent,TA006,2026-05-23 09:19:00,2026-05-27,2400.0,3700.0,self,False
PTP002429,AC001687,call,AT0034334,,tele_agent,TA002,2026-05-23 10:41:27,2026-06-02,11450.0,11450.0,self,False
PTP002430,AC001776,call,AT0034347,,tele_agent,TA002,2026-05-23 08:10:12,2026-05-26,1200.0,1200.0,self,True
PTP002431,AC001868,call,AT0034359,,tele_agent,TA017,2026-05-23 11:16:06,2026-05-30,800.0,1250.0,self,False
PTP002432,AC001926,call,AT0034370,,tele_agent,TA012,2026-05-23 11:50:51,2026-06-02,9750.0,9750.0,self,False
PTP002433,AC001931,call,AT0034372,,tele_agent,TA011,2026-05-23 12:13:10,2026-06-03,4850.0,4850.0,self,False
PTP002434,AC002136,call,AT0034407,,tele_agent,TA017,2026-05-23 12:24:55,2026-05-30,14100.0,22650.0,self,True
PTP002435,AC002298,call,AT0034442,,tele_agent,TA013,2026-05-23 09:23:45,2026-05-30,27500.0,27500.0,self,True
PTP002436,AC002305,call,AT0034444,,tele_agent,TA015,2026-05-23 08:13:34,2026-05-26,2200.0,2200.0,self,True
PTP002437,AC000771,call,AT0034514,,tele_agent,TA014,2026-05-23 14:32:10,2026-05-30,10800.0,10800.0,third_party,True
PTP002438,AC001018,call,AT0034531,,tele_agent,TA003,2026-05-23 18:32:08,2026-05-25,900.0,1450.0,self,True
PTP002439,AC001072,call,AT0034533,,tele_agent,TA004,2026-05-23 18:50:11,2026-05-24,5100.0,8800.0,self,False
PTP002440,AC001282,call,AT0034546,,tele_agent,TA008,2026-05-23 13:38:16,2026-05-24,17000.0,17000.0,self,True
PTP002441,AC001392,field_visit,,VS003291,field,FA003,2026-05-23 13:13:28,2026-05-24,11250.0,11250.0,self,False
PTP002442,AC001759,field_visit,,VS003304,field,FA001,2026-05-23 11:19:37,2026-05-31,1100.0,2150.0,self,False
PTP002443,AC001925,field_visit,,VS003317,field,FA004,2026-05-23 13:35:20,2026-05-31,8650.0,8650.0,self,False
PTP002444,AC000737,field_visit,,VS003341,field,FA007,2026-05-23 10:21:58,2026-05-26,38850.0,38850.0,self,False
PTP002445,AC002323,field_visit,,VS003355,field,FA008,2026-05-23 12:19:57,2026-05-29,2100.0,2100.0,self,True
PTP002446,AC000059,call,AT0034609,,tele_agent,TA015,2026-05-24 09:36:37,2026-05-26,6300.0,10300.0,self,True
PTP002447,AC000225,call,AT0034626,,tele_agent,TA011,2026-05-24 08:30:29,2026-06-02,29600.0,44600.0,self,True
PTP002448,AC000305,call,AT0034635,,tele_agent,TA007,2026-05-24 10:25:11,2026-05-25,11250.0,11250.0,self,False
PTP002449,AC000593,call,AT0034658,,tele_agent,TA013,2026-05-24 09:28:58,2026-05-31,1600.0,1600.0,self,False
PTP002450,AC000605,call,AT0034660,,tele_agent,TA019,2026-05-24 08:53:05,2026-05-26,60000.0,60000.0,self,True
PTP002451,AC000625,call,AT0034663,,tele_agent,TA007,2026-05-24 09:44:28,2026-05-30,24800.0,24800.0,self,True
PTP002452,AC000938,call,AT0034688,,tele_agent,TA020,2026-05-24 09:04:16,2026-05-25,1400.0,2950.0,self,False
PTP002453,AC001192,call,AT0034705,,tele_agent,TA016,2026-05-24 08:39:33,2026-05-31,2800.0,2800.0,self,True
PTP002454,AC001310,call,AT0034710,,tele_agent,TA018,2026-05-24 09:47:13,2026-05-31,11900.0,11900.0,third_party,True
PTP002455,AC001449,call,AT0034716,,tele_agent,TA003,2026-05-24 09:04:06,2026-06-03,10700.0,10700.0,family_member,False
PTP002456,AC001667,call,AT0034727,,tele_agent,TA010,2026-05-24 08:23:32,2026-05-31,14500.0,39000.0,self,False
PTP002457,AC001854,call,AT0034737,,tele_agent,TA005,2026-05-24 10:18:22,2026-05-25,3400.0,3400.0,self,True
PTP002458,AC002105,call,AT0034758,,tele_agent,TA009,2026-05-24 09:06:43,2026-06-05,8750.0,8750.0,self,True
PTP002459,AC002160,call,AT0034765,,tele_agent,TA012,2026-05-24 10:01:34,2026-05-31,3900.0,7600.0,self,False
PTP002460,AC002183,call,AT0034770,,tele_agent,TA010,2026-05-24 11:39:38,2026-05-31,16700.0,27600.0,third_party,False
PTP002461,AC002337,call,AT0034780,,tele_agent,TA007,2026-05-24 09:48:52,2026-05-25,3200.0,5100.0,self,False
PTP002462,AC002395,call,AT0034785,,tele_agent,TA009,2026-05-24 08:44:37,2026-05-31,600.0,1100.0,self,True
PTP002463,AC000085,call,AT0034788,,tele_agent,TA005,2026-05-24 18:09:17,2026-05-28,14050.0,14050.0,self,False
PTP002464,AC000801,call,AT0034810,,tele_agent,TA015,2026-05-24 17:52:49,2026-05-30,5500.0,9100.0,self,True
PTP002465,AC000880,call,AT0034813,,tele_agent,TA020,2026-05-24 14:56:17,2026-06-12,25100.0,80500.0,self,True
PTP002466,AC002123,call,AT0034838,,tele_agent,TA005,2026-05-24 16:28:08,2026-05-31,21750.0,21750.0,self,False
PTP002467,AC002308,call,AT0034844,,tele_agent,TA008,2026-05-24 18:01:10,2026-05-25,42300.0,42300.0,self,False
PTP002468,AC000029,call,AT0034856,,tele_agent,TA003,2026-05-25 12:46:44,2026-05-27,7600.0,7600.0,self,False
PTP002469,AC000095,call,AT0034865,,tele_agent,TA011,2026-05-25 09:50:39,2026-05-31,2350.0,2350.0,self,False
PTP002470,AC000193,call,AT0034881,,tele_agent,TA012,2026-05-25 12:45:28,2026-06-01,2200.0,2200.0,self,False
PTP002471,AC000320,call,AT0034896,,tele_agent,TA013,2026-05-25 09:09:18,2026-06-06,3800.0,3800.0,self,True
PTP002472,AC000394,call,AT0034907,,tele_agent,TA008,2026-05-25 11:15:25,2026-05-27,16150.0,16150.0,self,True
PTP002473,AC000414,call,AT0034910,,tele_agent,TA012,2026-05-25 10:43:55,2026-05-26,18900.0,18900.0,self,True
PTP002474,AC000519,call,AT0034927,,tele_agent,TA003,2026-05-25 09:34:40,2026-06-01,5500.0,16600.0,self,False
PTP002475,AC000529,call,AT0034930,,tele_agent,TA009,2026-05-25 12:56:52,2026-05-31,2800.0,2800.0,self,True
PTP002476,AC000657,call,AT0034954,,tele_agent,TA009,2026-05-25 09:53:25,2026-05-27,2700.0,4100.0,self,True
PTP002477,AC000792,call,AT0034978,,tele_agent,TA018,2026-05-25 11:56:51,2026-05-30,3800.0,3800.0,self,True
PTP002478,AC000799,call,AT0034980,,tele_agent,TA006,2026-05-25 09:31:34,2026-05-26,2650.0,2650.0,self,False
PTP002479,AC000905,call,AT0034996,,tele_agent,TA015,2026-05-25 12:48:36,2026-06-01,3100.0,3100.0,self,True
PTP002480,AC001054,call,AT0035022,,tele_agent,TA007,2026-05-25 10:29:39,2026-05-27,500.0,700.0,self,False
PTP002481,AC001252,call,AT0035054,,tele_agent,TA016,2026-05-25 08:46:20,2026-05-27,5900.0,5900.0,self,True
PTP002482,AC001323,call,AT0035063,,tele_agent,TA001,2026-05-25 11:55:02,2026-05-26,1100.0,2350.0,self,True
PTP002483,AC001325,call,AT0035064,,tele_agent,TA008,2026-05-25 11:24:19,2026-05-29,5700.0,5700.0,self,True
PTP002484,AC001519,call,AT0035094,,tele_agent,TA009,2026-05-25 09:53:51,2026-05-28,11100.0,16850.0,self,False
PTP002485,AC001623,call,AT0035110,,tele_agent,TA019,2026-05-25 12:08:11,2026-06-01,4950.0,4950.0,third_party,False
PTP002486,AC001693,call,AT0035125,,tele_agent,TA009,2026-05-25 12:00:13,2026-05-26,2450.0,2450.0,self,False
PTP002487,AC001714,call,AT0035131,,tele_agent,TA008,2026-05-25 09:11:47,2026-06-01,600.0,600.0,self,True
PTP002488,AC001995,call,AT0035185,,tele_agent,TA012,2026-05-25 08:25:49,2026-05-31,14100.0,14100.0,self,True
PTP002489,AC002104,call,AT0035208,,tele_agent,TA016,2026-05-25 09:32:23,2026-06-02,17000.0,40900.0,self,True
PTP002490,AC002161,call,AT0035218,,tele_agent,TA014,2026-05-25 08:30:20,2026-05-26,1100.0,1100.0,self,False
PTP002491,AC002224,call,AT0035231,,tele_agent,TA003,2026-05-25 09:29:46,2026-06-01,438000.0,438000.0,self,True
PTP002492,AC002226,call,AT0035232,,tele_agent,TA018,2026-05-25 08:26:16,2026-06-01,2350.0,2350.0,self,False
PTP002493,AC002345,call,AT0035253,,tele_agent,TA015,2026-05-25 11:31:50,2026-06-19,1950.0,1950.0,self,False
PTP002494,AC000432,call,AT0035286,,tele_agent,TA015,2026-05-25 17:26:50,2026-06-01,15350.0,15350.0,self,True
PTP002495,AC000466,call,AT0035289,,tele_agent,TA002,2026-05-25 15:52:44,2026-06-01,7600.0,7600.0,self,True
PTP002496,AC000828,call,AT0035311,,tele_agent,TA017,2026-05-25 15:16:34,2026-06-19,1900.0,1900.0,self,False
PTP002497,AC001129,call,AT0035326,,tele_agent,TA016,2026-05-25 16:00:26,2026-05-30,53200.0,53200.0,self,False
PTP002498,AC001398,call,AT0035339,,tele_agent,TA008,2026-05-25 17:33:43,2026-06-01,4350.0,4350.0,self,True
PTP002499,AC001401,call,AT0035341,,tele_agent,TA020,2026-05-25 16:14:25,2026-06-04,11500.0,17100.0,self,True
PTP002500,AC001767,call,AT0035357,,tele_agent,TA019,2026-05-25 15:59:27,2026-05-27,8500.0,8500.0,self,False
PTP002501,AC002036,call,AT0035371,,tele_agent,TA008,2026-05-25 16:41:19,2026-05-26,3200.0,3200.0,self,True
PTP002502,AC001348,field_visit,,VS003363,field,FA001,2026-05-25 11:27:01,2026-05-26,24900.0,24900.0,self,True
PTP002503,AC000110,field_visit,,VS003367,field,FA002,2026-05-25 10:40:55,2026-05-26,40200.0,94200.0,self,True
PTP002504,AC001126,field_visit,,VS003368,field,FA002,2026-05-25 11:02:42,2026-06-11,10800.0,10800.0,self,False
PTP002505,AC000475,field_visit,,VS003369,field,FA002,2026-05-25 11:13:22,2026-06-01,36000.0,36000.0,self,True
PTP002506,AC001532,field_visit,,VS003371,field,FA002,2026-05-25 11:59:04,2026-06-15,4900.0,15500.0,self,True
PTP002507,AC000712,field_visit,,VS003377,field,FA003,2026-05-25 11:01:30,2026-06-01,11750.0,11750.0,self,True
PTP002508,AC000246,field_visit,,VS003379,field,FA003,2026-05-25 11:37:06,2026-06-01,27600.0,27600.0,self,False
PTP002509,AC001408,field_visit,,VS003384,field,FA003,2026-05-25 13:16:23,2026-06-01,5000.0,7500.0,self,False
PTP002510,AC000435,field_visit,,VS003392,field,FA004,2026-05-25 13:08:49,2026-05-27,8600.0,8600.0,self,False
PTP002511,AC000028,field_visit,,VS003393,field,FA004,2026-05-25 13:53:15,2026-06-01,75200.0,109200.0,self,False
PTP002512,AC000301,field_visit,,VS003408,field,FA006,2026-05-25 13:22:12,2026-05-26,53400.0,53400.0,self,False
PTP002513,AC001172,field_visit,,VS003410,field,FA007,2026-05-25 10:47:17,2026-06-01,11100.0,19800.0,self,False
PTP002514,AC001863,field_visit,,VS003418,field,FA007,2026-05-25 14:32:37,2026-05-26,7950.0,7950.0,self,False
PTP002515,AC002279,field_visit,,VS003426,field,FA009,2026-05-25 14:03:57,2026-05-31,10400.0,10400.0,self,True
PTP002516,AC000123,field_visit,,VS003427,field,FA009,2026-05-25 14:19:34,2026-05-30,3150.0,3150.0,self,False
PTP002517,AC000073,call,AT0035402,,tele_agent,TA009,2026-05-26 12:38:12,2026-06-02,3650.0,3650.0,self,True
PTP002518,AC000133,call,AT0035412,,tele_agent,TA014,2026-05-26 08:43:02,2026-06-02,13050.0,13050.0,self,False
PTP002519,AC000147,call,AT0035414,,tele_agent,TA016,2026-05-26 10:57:07,2026-05-27,1250.0,1250.0,self,True
PTP002520,AC000149,call,AT0035415,,tele_agent,TA018,2026-05-26 11:59:51,2026-05-27,2100.0,5750.0,self,False
PTP002521,AC000159,call,AT0035418,,tele_agent,TA002,2026-05-26 09:19:00,2026-05-30,11800.0,11800.0,self,True
PTP002522,AC000216,call,AT0035426,,tele_agent,TA015,2026-05-26 09:27:47,2026-06-02,12000.0,12000.0,self,False
PTP002523,AC000251,call,AT0035432,,tele_agent,TA008,2026-05-26 08:29:41,2026-05-27,2500.0,4400.0,self,True
PTP002524,AC000379,call,AT0035448,,tele_agent,TA016,2026-05-26 10:46:50,2026-05-30,900.0,2400.0,self,True
PTP002525,AC000390,call,AT0035451,,tele_agent,TA008,2026-05-26 08:48:44,2026-06-02,22000.0,22000.0,self,False
PTP002526,AC000437,call,AT0035461,,tele_agent,TA004,2026-05-26 09:22:24,2026-05-27,18350.0,18350.0,self,False
PTP002527,AC000439,call,AT0035462,,tele_agent,TA020,2026-05-26 08:18:19,2026-05-27,2150.0,2150.0,self,True
PTP002528,AC000452,call,AT0035465,,tele_agent,TA013,2026-05-26 10:47:35,2026-06-02,2700.0,2700.0,self,True
PTP002529,AC000720,call,AT0035500,,tele_agent,TA012,2026-05-26 12:22:31,2026-06-04,32600.0,32600.0,self,True
PTP002530,AC001077,call,AT0035563,,tele_agent,TA009,2026-05-26 13:01:46,2026-05-28,8600.0,25950.0,self,True
PTP002531,AC001218,call,AT0035581,,tele_agent,TA004,2026-05-26 08:45:15,2026-06-01,19750.0,19750.0,self,True
PTP002532,AC001255,call,AT0035588,,tele_agent,TA017,2026-05-26 09:46:53,2026-06-11,6100.0,11500.0,self,True
PTP002533,AC001434,call,AT0035621,,tele_agent,TA017,2026-05-26 08:22:36,2026-05-27,11100.0,11100.0,self,False
PTP002534,AC001554,call,AT0035639,,tele_agent,TA006,2026-05-26 09:39:33,2026-05-28,12650.0,12650.0,self,True
PTP002535,AC001663,call,AT0035651,,tele_agent,TA008,2026-05-26 09:43:55,2026-06-02,2700.0,7000.0,self,False
PTP002536,AC001758,call,AT0035667,,tele_agent,TA004,2026-05-26 09:23:10,2026-06-02,800.0,2550.0,self,True
PTP002537,AC001855,call,AT0035682,,tele_agent,TA003,2026-05-26 11:22:50,2026-05-27,6900.0,6900.0,self,True
PTP002538,AC001865,call,AT0035687,,tele_agent,TA018,2026-05-26 09:38:13,2026-05-30,2350.0,2350.0,self,False
PTP002539,AC002032,call,AT0035718,,tele_agent,TA015,2026-05-26 10:23:04,2026-05-28,7600.0,15050.0,self,True
PTP002540,AC002067,call,AT0035727,,tele_agent,TA003,2026-05-26 11:09:32,2026-06-01,4950.0,4950.0,self,True
PTP002541,AC002142,call,AT0035742,,tele_agent,TA008,2026-05-26 11:17:32,2026-06-12,6000.0,6000.0,self,False
PTP002542,AC002182,call,AT0035754,,tele_agent,TA006,2026-05-26 10:59:10,2026-05-30,95200.0,217800.0,third_party,True
PTP002543,AC002283,call,AT0035767,,tele_agent,TA017,2026-05-26 08:44:57,2026-06-02,1200.0,3400.0,self,True
PTP002544,AC002388,call,AT0035787,,tele_agent,TA017,2026-05-26 09:27:01,2026-05-30,3850.0,3850.0,self,True
PTP002545,AC002394,call,AT0035789,,tele_agent,TA011,2026-05-26 08:55:14,2026-05-31,21700.0,21700.0,self,True
PTP002546,AC000166,call,AT0035800,,tele_agent,TA013,2026-05-26 13:43:16,2026-06-01,3900.0,7800.0,self,True
PTP002547,AC000964,call,AT0035843,,tele_agent,TA018,2026-05-26 14:06:27,2026-05-28,3050.0,3050.0,self,True
PTP002548,AC001030,call,AT0035848,,tele_agent,TA017,2026-05-26 18:07:48,2026-05-28,4000.0,4000.0,self,False
PTP002549,AC001078,call,AT0035854,,tele_agent,TA016,2026-05-26 17:45:50,2026-05-27,3200.0,5100.0,self,True
PTP002550,AC001290,call,AT0035866,,tele_agent,TA009,2026-05-26 15:25:51,2026-05-31,1500.0,4650.0,self,True
PTP002551,AC001583,call,AT0035884,,tele_agent,TA017,2026-05-26 13:24:05,2026-05-29,19400.0,19400.0,self,True
PTP002552,AC001685,call,AT0035886,,tele_agent,TA013,2026-05-26 16:38:06,2026-05-28,73800.0,73800.0,self,False
PTP002553,AC001704,call,AT0035888,,tele_agent,TA010,2026-05-26 16:31:37,2026-06-20,16450.0,16450.0,self,True
PTP002554,AC002260,field_visit,,VS003440,field,FA002,2026-05-26 11:35:28,2026-05-27,4100.0,6150.0,self,True
PTP002555,AC000606,field_visit,,VS003449,field,FA001,2026-05-26 11:49:35,2026-06-02,3200.0,8200.0,family_member,False
PTP002556,AC000255,field_visit,,VS003459,field,FA003,2026-05-26 12:05:02,2026-05-28,500.0,1100.0,self,False
PTP002557,AC002342,field_visit,,VS003471,field,FA005,2026-05-26 10:21:35,2026-06-05,31500.0,50400.0,self,False
PTP002558,AC000039,call,AT0035933,,tele_agent,TA013,2026-05-27 09:20:47,2026-06-03,7200.0,7200.0,self,False
PTP002559,AC000198,call,AT0035953,,tele_agent,TA019,2026-05-27 08:40:47,2026-05-28,1700.0,1700.0,self,True
PTP002560,AC000269,call,AT0035967,,tele_agent,TA003,2026-05-27 10:38:31,2026-06-04,800.0,800.0,self,False
PTP002561,AC000333,call,AT0035978,,tele_agent,TA014,2026-05-27 09:45:03,2026-06-05,10700.0,10700.0,self,True
PTP002562,AC000382,call,AT0035989,,tele_agent,TA002,2026-05-27 09:37:39,2026-06-15,3800.0,7300.0,self,True
PTP002563,AC000388,call,AT0035993,,tele_agent,TA005,2026-05-27 12:50:44,2026-05-28,12250.0,12250.0,self,True
PTP002564,AC000407,call,AT0035999,,tele_agent,TA006,2026-05-27 10:38:35,2026-06-03,1300.0,3100.0,self,False
PTP002565,AC000572,call,AT0036025,,tele_agent,TA004,2026-05-27 08:14:41,2026-06-03,77700.0,77700.0,self,True
PTP002566,AC000576,call,AT0036027,,tele_agent,TA015,2026-05-27 08:07:12,2026-05-31,63300.0,123300.0,self,True
PTP002567,AC000589,call,AT0036030,,tele_agent,TA006,2026-05-27 12:22:38,2026-05-31,7000.0,7000.0,self,True
PTP002568,AC000646,call,AT0036041,,tele_agent,TA001,2026-05-27 10:21:00,2026-06-04,1350.0,1350.0,self,True
PTP002569,AC000915,call,AT0036092,,tele_agent,TA016,2026-05-27 09:04:46,2026-06-02,3600.0,3600.0,self,True
PTP002570,AC001079,call,AT0036128,,tele_agent,TA009,2026-05-27 08:43:59,2026-06-03,25650.0,25650.0,self,True
PTP002571,AC001119,call,AT0036137,,tele_agent,TA004,2026-05-27 08:41:09,2026-06-01,2250.0,2250.0,self,False
PTP002572,AC001203,call,AT0036148,,tele_agent,TA018,2026-05-27 09:43:32,2026-05-31,6450.0,6450.0,self,True
PTP002573,AC001275,call,AT0036158,,tele_agent,TA014,2026-05-27 09:02:42,2026-06-01,4600.0,12550.0,self,True
PTP002574,AC001294,call,AT0036160,,tele_agent,TA009,2026-05-27 12:55:25,2026-06-02,1000.0,1000.0,self,True
PTP002575,AC001347,call,AT0036171,,tele_agent,TA007,2026-05-27 12:05:16,2026-05-31,6450.0,6450.0,self,False
PTP002576,AC001486,call,AT0036190,,tele_agent,TA006,2026-05-27 09:40:22,2026-05-28,2850.0,2850.0,self,True
PTP002577,AC001598,call,AT0036213,,tele_agent,TA017,2026-05-27 08:32:18,2026-06-01,1900.0,2700.0,self,False
PTP002578,AC001604,call,AT0036215,,tele_agent,TA012,2026-05-27 08:22:12,2026-05-29,900.0,2500.0,self,True
PTP002579,AC001901,call,AT0036258,,tele_agent,TA002,2026-05-27 09:23:51,2026-06-03,2200.0,4150.0,self,True
PTP002580,AC002013,call,AT0036276,,tele_agent,TA017,2026-05-27 10:17:16,2026-06-06,500.0,600.0,self,True
PTP002581,AC002110,call,AT0036293,,tele_agent,TA019,2026-05-27 08:46:25,2026-06-06,21050.0,21050.0,self,True
PTP002582,AC002162,call,AT0036303,,tele_agent,TA017,2026-05-27 10:45:58,2026-06-03,1900.0,1900.0,self,False
PTP002583,AC002351,call,AT0036339,,tele_agent,TA011,2026-05-27 08:13:34,2026-06-06,1250.0,1250.0,self,False
PTP002584,AC000304,call,AT0036363,,tele_agent,TA001,2026-05-27 13:24:37,2026-06-01,9600.0,14700.0,self,True
PTP002585,AC000592,call,AT0036382,,tele_agent,TA007,2026-05-27 16:33:18,2026-05-28,400.0,400.0,self,True
PTP002586,AC000758,call,AT0036395,,tele_agent,TA009,2026-05-27 16:11:52,2026-06-06,16200.0,16200.0,third_party,True
PTP002587,AC000951,call,AT0036408,,tele_agent,TA018,2026-05-27 13:38:30,2026-06-02,6300.0,12450.0,self,True
PTP002588,AC000984,call,AT0036410,,tele_agent,TA004,2026-05-27 18:44:37,2026-06-03,4350.0,4350.0,third_party,True
PTP002589,AC001375,call,AT0036435,,tele_agent,TA003,2026-05-27 16:10:52,2026-06-06,4500.0,4500.0,self,True
PTP002590,AC001416,call,AT0036437,,tele_agent,TA015,2026-05-27 17:49:23,2026-06-06,3800.0,3800.0,self,False
PTP002591,AC002156,call,AT0036475,,tele_agent,TA017,2026-05-27 15:26:43,2026-06-03,6700.0,14750.0,self,True
PTP002592,AC002364,call,AT0036490,,tele_agent,TA008,2026-05-27 18:23:57,2026-05-29,43500.0,43500.0,self,False
PTP002593,AC001383,field_visit,,VS003521,field,FA002,2026-05-27 12:29:02,2026-06-03,64400.0,113400.0,self,False
PTP002594,AC002091,field_visit,,VS003533,field,FA003,2026-05-27 13:27:47,2026-06-03,6100.0,9000.0,self,False
PTP002595,AC001223,field_visit,,VS003535,field,FA004,2026-05-27 10:14:57,2026-05-28,33500.0,33500.0,self,True
PTP002596,AC000339,field_visit,,VS003539,field,FA004,2026-05-27 11:22:15,2026-06-03,13600.0,13600.0,self,True
PTP002597,AC001176,field_visit,,VS003557,field,FA006,2026-05-27 13:21:22,2026-05-28,3550.0,3550.0,self,False
PTP002598,AC000605,field_visit,,VS003567,field,FA009,2026-05-27 10:31:26,2026-05-29,60000.0,60000.0,self,True
PTP002599,AC000230,field_visit,,VS003573,field,FA009,2026-05-27 12:58:52,2026-05-31,7000.0,7000.0,self,False
PTP002600,AC000020,field_visit,,VS003577,field,FA008,2026-05-27 11:07:44,2026-05-29,55400.0,80750.0,self,False
PTP002601,AC000013,call,AT0036492,,tele_agent,TA004,2026-05-28 08:57:23,2026-05-29,45450.0,45450.0,self,True
PTP002602,AC000111,call,AT0036505,,tele_agent,TA002,2026-05-28 08:30:51,2026-06-04,4150.0,4150.0,self,False
PTP002603,AC000145,call,AT0036509,,tele_agent,TA016,2026-05-28 08:59:25,2026-06-05,3900.0,3900.0,self,True
PTP002604,AC000341,call,AT0036547,,tele_agent,TA013,2026-05-28 08:57:24,2026-05-29,4800.0,4800.0,self,False
PTP002605,AC000446,call,AT0036560,,tele_agent,TA003,2026-05-28 09:06:47,2026-05-31,13600.0,22900.0,self,False
PTP002606,AC000739,call,AT0036600,,tele_agent,TA014,2026-05-28 11:36:19,2026-05-29,23250.0,23250.0,self,True
PTP002607,AC000797,call,AT0036612,,tele_agent,TA015,2026-05-28 08:34:16,2026-05-30,7900.0,16200.0,self,True
PTP002608,AC000949,call,AT0036637,,tele_agent,TA003,2026-05-28 11:22:34,2026-05-29,8900.0,22750.0,self,True
PTP002609,AC001397,call,AT0036711,,tele_agent,TA013,2026-05-28 08:36:34,2026-06-01,1100.0,1100.0,self,True
PTP002610,AC001574,call,AT0036735,,tele_agent,TA013,2026-05-28 10:06:18,2026-05-31,21200.0,21200.0,self,False
PTP002611,AC001621,call,AT0036745,,tele_agent,TA012,2026-05-28 09:42:35,2026-06-07,1900.0,4100.0,self,True
PTP002612,AC002054,call,AT0036806,,tele_agent,TA005,2026-05-28 10:49:00,2026-06-04,1150.0,1150.0,self,False
PTP002613,AC002074,call,AT0036812,,tele_agent,TA007,2026-05-28 08:59:43,2026-05-29,12300.0,28200.0,self,False
PTP002614,AC002151,call,AT0036826,,tele_agent,TA019,2026-05-28 11:15:29,2026-06-04,3600.0,5300.0,self,True
PTP002615,AC002393,call,AT0036863,,tele_agent,TA012,2026-05-28 08:04:41,2026-06-16,8100.0,8100.0,self,True
PTP002616,AC001235,call,AT0036942,,tele_agent,TA002,2026-05-28 17:28:37,2026-06-04,550.0,550.0,self,False
PTP002617,AC001786,call,AT0036968,,tele_agent,TA004,2026-05-28 17:11:23,2026-06-02,2600.0,3900.0,self,False
PTP002618,AC002376,call,AT0036999,,tele_agent,TA015,2026-05-28 14:33:52,2026-06-03,4150.0,4150.0,self,False
PTP002619,AC001549,field_visit,,VS003625,field,FA005,2026-05-28 10:41:48,2026-06-04,2700.0,2700.0,self,True
PTP002620,AC001335,field_visit,,VS003626,field,FA005,2026-05-28 11:08:18,2026-05-30,3900.0,3900.0,self,True
PTP002621,AC001686,field_visit,,VS003653,field,FA008,2026-05-28 13:22:24,2026-05-31,1300.0,1300.0,self,False
PTP002622,AC000072,call,AT0037008,,tele_agent,TA002,2026-05-29 09:47:36,2026-06-05,3450.0,3450.0,self,True
PTP002623,AC000178,call,AT0037028,,tele_agent,TA013,2026-05-29 12:01:18,2026-06-05,59900.0,59900.0,third_party,True
PTP002624,AC000214,call,AT0037039,,tele_agent,TA011,2026-05-29 13:03:24,2026-06-04,3900.0,3900.0,self,True
PTP002625,AC000355,call,AT0037061,,tele_agent,TA017,2026-05-29 09:12:57,2026-05-31,900.0,1700.0,self,True
PTP002626,AC000438,call,AT0037075,,tele_agent,TA016,2026-05-29 09:05:14,2026-05-30,800.0,1750.0,self,False
PTP002627,AC000663,call,AT0037113,,tele_agent,TA013,2026-05-29 09:46:29,2026-06-05,13500.0,13500.0,self,True
PTP002628,AC000735,call,AT0037125,,tele_agent,TA016,2026-05-29 11:06:41,2026-06-01,600.0,1150.0,self,True
PTP002629,AC000776,call,AT0037134,,tele_agent,TA006,2026-05-29 08:14:27,2026-06-07,700.0,2150.0,self,True
PTP002630,AC000851,call,AT0037151,,tele_agent,TA009,2026-05-29 08:17:12,2026-05-30,750.0,750.0,self,True
PTP002631,AC000881,call,AT0037156,,tele_agent,TA004,2026-05-29 11:35:27,2026-05-31,8050.0,8050.0,self,False
PTP002632,AC000942,call,AT0037169,,tele_agent,TA019,2026-05-29 13:02:50,2026-05-30,6450.0,6450.0,self,False
PTP002633,AC000998,call,AT0037181,,tele_agent,TA013,2026-05-29 11:44:33,2026-06-01,12500.0,12500.0,self,False
PTP002634,AC001003,call,AT0037182,,tele_agent,TA010,2026-05-29 08:33:22,2026-05-30,9150.0,9150.0,self,True
PTP002635,AC001337,call,AT0037240,,tele_agent,TA014,2026-05-29 10:36:35,2026-05-30,5200.0,5200.0,self,True
PTP002636,AC001346,call,AT0037241,,tele_agent,TA002,2026-05-29 08:33:34,2026-05-31,8000.0,8000.0,self,True
PTP002637,AC001362,call,AT0037242,,tele_agent,TA020,2026-05-29 09:03:29,2026-05-31,1050.0,1050.0,self,True
PTP002638,AC001572,call,AT0037277,,tele_agent,TA008,2026-05-29 09:47:17,2026-05-30,750.0,750.0,self,True
PTP002639,AC001834,call,AT0037320,,tele_agent,TA003,2026-05-29 12:01:56,2026-05-31,6900.0,6900.0,self,False
PTP002640,AC001950,call,AT0037347,,tele_agent,TA016,2026-05-29 08:40:33,2026-06-08,5200.0,15600.0,self,True
PTP002641,AC001960,call,AT0037351,,tele_agent,TA005,2026-05-29 11:16:32,2026-06-02,1300.0,3250.0,self,True
PTP002642,AC002052,call,AT0037365,,tele_agent,TA020,2026-05-29 12:24:56,2026-06-05,2700.0,4700.0,self,False
PTP002643,AC002132,call,AT0037381,,tele_agent,TA002,2026-05-29 10:14:34,2026-06-05,2300.0,2300.0,third_party,True
PTP002644,AC002179,call,AT0037391,,tele_agent,TA004,2026-05-29 09:17:36,2026-05-31,5250.0,5250.0,self,False
PTP002645,AC002312,call,AT0037413,,tele_agent,TA008,2026-05-29 08:19:57,2026-05-31,10800.0,21500.0,self,True
PTP002646,AC002340,call,AT0037416,,tele_agent,TA007,2026-05-29 09:47:27,2026-05-31,72300.0,72300.0,self,True
PTP002647,AC000085,call,AT0037428,,tele_agent,TA005,2026-05-29 18:15:39,2026-06-17,14050.0,14050.0,self,True
PTP002648,AC000205,call,AT0037440,,tele_agent,TA015,2026-05-29 15:55:41,2026-06-01,17700.0,17700.0,self,True
PTP002649,AC000856,call,AT0037480,,tele_agent,TA011,2026-05-29 18:56:34,2026-05-31,6200.0,12400.0,self,True
PTP002650,AC001245,call,AT0037504,,tele_agent,TA014,2026-05-29 13:28:29,2026-05-31,10300.0,10300.0,self,False
PTP002651,AC001821,call,AT0037541,,tele_agent,TA019,2026-05-29 16:25:25,2026-06-01,1700.0,3050.0,self,True
PTP002652,AC001918,call,AT0037552,,tele_agent,TA004,2026-05-29 18:59:51,2026-06-03,6000.0,11900.0,self,True
PTP002653,AC002203,call,AT0037572,,tele_agent,TA020,2026-05-29 14:28:57,2026-06-02,7700.0,12200.0,self,True
PTP002654,AC001693,field_visit,,VS003668,field,FA001,2026-05-29 12:25:02,2026-06-05,2450.0,2450.0,self,False
PTP002655,AC001546,field_visit,,VS003676,field,FA003,2026-05-29 12:40:11,2026-06-23,1200.0,3100.0,self,True
PTP002656,AC001587,field_visit,,VS003688,field,FA005,2026-05-29 11:05:25,2026-06-05,11700.0,11700.0,self,False
PTP002657,AC001928,field_visit,,VS003693,field,FA005,2026-05-29 13:00:33,2026-05-31,1050.0,1050.0,self,False
PTP002658,AC000075,field_visit,,VS003710,field,FA007,2026-05-29 10:30:55,2026-06-06,30000.0,30000.0,self,False
PTP002659,AC001095,field_visit,,VS003711,field,FA007,2026-05-29 10:43:33,2026-06-05,218400.0,218400.0,self,True
PTP002660,AC000560,field_visit,,VS003714,field,FA007,2026-05-29 11:09:37,2026-05-30,31150.0,31150.0,self,True
PTP002661,AC001420,field_visit,,VS003715,field,FA007,2026-05-29 11:23:39,2026-05-30,17000.0,17000.0,self,False
PTP002662,AC000832,field_visit,,VS003721,field,FA008,2026-05-29 11:44:15,2026-05-31,11400.0,11400.0,self,False
PTP002663,AC000038,call,AT0037592,,tele_agent,TA008,2026-05-30 11:50:19,2026-06-01,5000.0,10050.0,self,True
PTP002664,AC000128,call,AT0037607,,tele_agent,TA003,2026-05-30 12:03:28,2026-06-04,1400.0,3000.0,self,False
PTP002665,AC000151,call,AT0037611,,tele_agent,TA003,2026-05-30 12:45:41,2026-05-31,2800.0,2800.0,self,True
PTP002666,AC000391,call,AT0037652,,tele_agent,TA005,2026-05-30 12:43:17,2026-06-03,25300.0,25300.0,self,False
PTP002667,AC000490,call,AT0037666,,tele_agent,TA018,2026-05-30 10:13:45,2026-06-01,12800.0,24150.0,self,True
PTP002668,AC000549,call,AT0037676,,tele_agent,TA007,2026-05-30 12:23:52,2026-06-01,10800.0,10800.0,self,True
PTP002669,AC000829,call,AT0037725,,tele_agent,TA011,2026-05-30 11:18:51,2026-06-02,2200.0,2200.0,self,False
PTP002670,AC000940,call,AT0037749,,tele_agent,TA004,2026-05-30 10:00:27,2026-06-01,14100.0,34050.0,self,True
PTP002671,AC000981,call,AT0037756,,tele_agent,TA020,2026-05-30 08:33:02,2026-06-01,3000.0,3000.0,self,True
PTP002672,AC001051,call,AT0037774,,tele_agent,TA006,2026-05-30 08:14:20,2026-06-24,3200.0,3200.0,self,True
PTP002673,AC001065,call,AT0037778,,tele_agent,TA019,2026-05-30 11:25:18,2026-06-05,4100.0,4100.0,self,True
PTP002674,AC001158,call,AT0037794,,tele_agent,TA005,2026-05-30 10:35:36,2026-05-31,16000.0,16000.0,self,True
PTP002675,AC001467,call,AT0037841,,tele_agent,TA011,2026-05-30 12:24:42,2026-06-06,700.0,1150.0,self,True
PTP002676,AC001539,call,AT0037855,,tele_agent,TA010,2026-05-30 08:15:31,2026-06-08,2100.0,2100.0,third_party,False
PTP002677,AC001560,call,AT0037856,,tele_agent,TA006,2026-05-30 09:41:06,2026-06-09,4800.0,4800.0,self,False
PTP002678,AC001583,call,AT0037859,,tele_agent,TA017,2026-05-30 08:37:02,2026-06-05,19400.0,19400.0,self,True
PTP002679,AC001644,call,AT0037869,,tele_agent,TA001,2026-05-30 08:29:56,2026-05-31,1700.0,3650.0,self,True
PTP002680,AC001766,call,AT0037893,,tele_agent,TA003,2026-05-30 11:04:32,2026-06-01,3800.0,3800.0,self,True
PTP002681,AC001885,call,AT0037909,,tele_agent,TA005,2026-05-30 09:26:21,2026-05-31,5750.0,5750.0,self,False
PTP002682,AC001908,call,AT0037914,,tele_agent,TA001,2026-05-30 12:07:10,2026-06-04,500.0,700.0,self,False
PTP002683,AC002114,call,AT0037953,,tele_agent,TA013,2026-05-30 10:49:42,2026-06-06,13800.0,13800.0,self,True
PTP002684,AC002121,call,AT0037954,,tele_agent,TA013,2026-05-30 08:20:57,2026-05-31,4800.0,4800.0,self,True
PTP002685,AC002330,call,AT0037985,,tele_agent,TA009,2026-05-30 12:21:43,2026-05-31,26500.0,26500.0,self,False
PTP002686,AC002360,call,AT0037994,,tele_agent,TA009,2026-05-30 08:31:12,2026-06-01,4100.0,4100.0,self,True
PTP002687,AC000023,call,AT0038005,,tele_agent,TA012,2026-05-30 17:31:57,2026-06-02,33900.0,33900.0,self,True
PTP002688,AC000037,call,AT0038006,,tele_agent,TA006,2026-05-30 17:56:59,2026-06-06,3500.0,3500.0,self,True
PTP002689,AC000054,call,AT0038007,,tele_agent,TA001,2026-05-30 13:38:44,2026-06-08,1200.0,2100.0,self,True
PTP002690,AC000461,call,AT0038029,,tele_agent,TA004,2026-05-30 17:19:31,2026-05-31,800.0,1200.0,self,True
PTP002691,AC000897,call,AT0038054,,tele_agent,TA014,2026-05-30 15:32:05,2026-06-03,3000.0,3000.0,self,True
PTP002692,AC001191,call,AT0038071,,tele_agent,TA009,2026-05-30 17:36:21,2026-06-06,2200.0,2200.0,self,False
PTP002693,AC001787,call,AT0038099,,tele_agent,TA016,2026-05-30 18:14:14,2026-06-03,900.0,2900.0,self,True
PTP002694,AC002152,call,AT0038128,,tele_agent,TA001,2026-05-30 18:31:23,2026-05-31,6000.0,6000.0,self,True
PTP002695,AC002161,call,AT0038129,,tele_agent,TA014,2026-05-30 16:06:36,2026-06-05,1100.0,1100.0,self,True
PTP002696,AC002294,call,AT0038139,,tele_agent,TA010,2026-05-30 13:27:10,2026-06-06,18200.0,18200.0,self,False
PTP002697,AC001646,field_visit,,VS003756,field,FA004,2026-05-30 11:56:44,2026-05-31,8500.0,12200.0,self,False
PTP002698,AC001466,field_visit,,VS003773,field,FA008,2026-05-30 10:09:56,2026-06-01,387600.0,387600.0,self,True
PTP002699,AC000366,call,AT0038164,,tele_agent,TA020,2026-05-31 08:50:27,2026-06-05,1400.0,4200.0,self,True
PTP002700,AC000816,call,AT0038192,,tele_agent,TA008,2026-05-31 09:25:44,2026-06-10,21600.0,38500.0,self,False
PTP002701,AC001050,call,AT0038204,,tele_agent,TA012,2026-05-31 12:13:52,2026-06-01,4300.0,4300.0,self,False
PTP002702,AC001525,call,AT0038233,,tele_agent,TA013,2026-05-31 10:29:20,2026-06-05,9650.0,9650.0,self,True
PTP002703,AC001596,call,AT0038238,,tele_agent,TA020,2026-05-31 10:15:14,2026-06-01,67500.0,67500.0,self,True
PTP002704,AC001812,call,AT0038252,,tele_agent,TA006,2026-05-31 08:33:08,2026-06-07,22200.0,65400.0,third_party,True
PTP002705,AC002382,call,AT0038294,,tele_agent,TA014,2026-05-31 11:18:06,2026-06-01,3950.0,3950.0,self,False
PTP002706,AC000018,call,AT0038351,,tele_agent,TA008,2026-06-01 10:24:33,2026-06-02,7850.0,7850.0,self,True
PTP002707,AC000080,call,AT0038359,,tele_agent,TA003,2026-06-01 08:32:22,2026-06-16,2500.0,4700.0,self,True
PTP002708,AC000235,call,AT0038384,,tele_agent,TA003,2026-06-01 08:24:39,2026-06-15,3350.0,3350.0,self,False
PTP002709,AC000247,call,AT0038386,,tele_agent,TA013,2026-06-01 09:13:57,2026-06-02,200.0,200.0,self,True
PTP002710,AC000267,call,AT0038391,,tele_agent,TA008,2026-06-01 08:29:51,2026-06-05,16000.0,24400.0,self,True
PTP002711,AC000322,call,AT0038397,,tele_agent,TA008,2026-06-01 10:22:14,2026-06-08,6100.0,9250.0,self,True
PTP002712,AC000410,call,AT0038410,,tele_agent,TA012,2026-06-01 10:17:30,2026-06-05,22000.0,22000.0,self,True
PTP002713,AC000444,call,AT0038417,,tele_agent,TA017,2026-06-01 12:22:49,2026-06-07,11400.0,27800.0,self,True
PTP002714,AC000535,call,AT0038436,,tele_agent,TA016,2026-06-01 08:28:52,2026-06-02,400.0,400.0,self,False
PTP002715,AC000557,call,AT0038440,,tele_agent,TA014,2026-06-01 13:05:49,2026-06-26,3300.0,7600.0,self,True
PTP002716,AC000743,call,AT0038474,,tele_agent,TA018,2026-06-01 09:10:02,2026-06-02,8200.0,13850.0,self,True
PTP002717,AC000747,call,AT0038475,,tele_agent,TA012,2026-06-01 08:58:32,2026-06-03,9400.0,9400.0,self,True
PTP002718,AC000762,call,AT0038479,,tele_agent,TA019,2026-06-01 08:49:51,2026-06-05,8550.0,8550.0,self,True
PTP002719,AC001187,call,AT0038547,,tele_agent,TA020,2026-06-01 10:57:29,2026-06-26,200.0,200.0,self,True
PTP002720,AC001229,call,AT0038553,,tele_agent,TA020,2026-06-01 10:27:13,2026-06-03,6800.0,12000.0,self,True
PTP002721,AC001320,call,AT0038574,,tele_agent,TA012,2026-06-01 12:57:37,2026-06-08,9400.0,20100.0,third_party,False
PTP002722,AC001356,call,AT0038582,,tele_agent,TA007,2026-06-01 09:07:27,2026-06-05,43200.0,43200.0,self,True
PTP002723,AC001420,call,AT0038593,,tele_agent,TA013,2026-06-01 09:56:29,2026-06-03,17000.0,17000.0,self,True
PTP002724,AC001434,call,AT0038596,,tele_agent,TA017,2026-06-01 08:26:50,2026-06-08,11100.0,11100.0,self,True
PTP002725,AC001501,call,AT0038604,,tele_agent,TA017,2026-06-01 08:51:06,2026-06-26,1100.0,1100.0,self,True
PTP002726,AC001650,call,AT0038629,,tele_agent,TA004,2026-06-01 08:56:30,2026-06-03,5600.0,5600.0,self,False
PTP002727,AC001684,call,AT0038633,,tele_agent,TA005,2026-06-01 10:06:16,2026-06-26,20650.0,20650.0,self,True
PTP002728,AC001694,call,AT0038636,,tele_agent,TA014,2026-06-01 12:00:41,2026-06-07,2900.0,4800.0,self,True
PTP002729,AC001796,call,AT0038650,,tele_agent,TA008,2026-06-01 12:46:45,2026-06-08,29500.0,29500.0,self,True
PTP002730,AC001855,call,AT0038657,,tele_agent,TA003,2026-06-01 11:26:09,2026-06-03,6900.0,6900.0,self,False
PTP002731,AC001915,call,AT0038667,,tele_agent,TA014,2026-06-01 08:31:01,2026-06-06,12200.0,12200.0,self,True
PTP002732,AC001981,call,AT0038681,,tele_agent,TA001,2026-06-01 08:33:12,2026-06-02,11400.0,11400.0,self,True
PTP002733,AC002043,call,AT0038696,,tele_agent,TA018,2026-06-01 09:01:19,2026-06-03,6400.0,6400.0,self,False
PTP002734,AC002088,call,AT0038708,,tele_agent,TA013,2026-06-01 10:04:09,2026-06-03,30750.0,30750.0,self,True
PTP002735,AC002192,call,AT0038729,,tele_agent,TA002,2026-06-01 08:19:42,2026-06-02,14800.0,24000.0,self,True
PTP002736,AC002251,call,AT0038735,,tele_agent,TA001,2026-06-01 09:50:17,2026-06-09,3900.0,3900.0,self,False
PTP002737,AC000169,call,AT0038772,,tele_agent,TA006,2026-06-01 17:11:40,2026-06-11,1800.0,1800.0,self,False
PTP002738,AC000441,call,AT0038788,,tele_agent,TA016,2026-06-01 15:12:38,2026-06-26,38450.0,38450.0,self,True
PTP002739,AC000653,call,AT0038801,,tele_agent,TA007,2026-06-01 17:43:28,2026-06-08,9450.0,9450.0,self,False
PTP002740,AC001057,call,AT0038832,,tele_agent,TA005,2026-06-01 17:49:49,2026-06-10,4100.0,6650.0,self,False
PTP002741,AC001264,call,AT0038842,,tele_agent,TA019,2026-06-01 15:32:59,2026-06-08,5300.0,5300.0,third_party,True
PTP002742,AC001554,call,AT0038862,,tele_agent,TA006,2026-06-01 14:30:14,2026-06-23,2800.0,4950.0,self,False
PTP002743,AC002274,call,AT0038916,,tele_agent,TA009,2026-06-01 16:39:39,2026-06-07,1550.0,1550.0,self,False
PTP002744,AC002305,call,AT0038918,,tele_agent,TA015,2026-06-01 15:15:50,2026-06-02,900.0,2200.0,self,True
PTP002745,AC000858,field_visit,,VS003795,field,FA003,2026-06-01 12:41:24,2026-06-25,17800.0,56000.0,self,False
PTP002746,AC001129,field_visit,,VS003839,field,FA009,2026-06-01 10:37:27,2026-06-06,53200.0,53200.0,self,False
PTP002747,AC001430,field_visit,,VS003840,field,FA009,2026-06-01 10:50:50,2026-06-08,14000.0,25750.0,self,False
PTP002748,AC000113,field_visit,,VS003845,field,FA009,2026-06-01 12:51:30,2026-06-05,35600.0,82200.0,self,False
PTP002749,AC002183,field_visit,,VS003854,field,FA008,2026-06-01 12:43:30,2026-06-08,27600.0,27600.0,self,False
PTP002750,AC001948,field_visit,,VS003856,field,FA008,2026-06-01 13:34:31,2026-06-02,9650.0,9650.0,self,False
PTP002751,AC001799,field_visit,,VS003863,field,FA007,2026-06-01 12:27:02,2026-06-04,6300.0,10200.0,self,False
PTP002752,AC000983,field_visit,,VS003864,field,FA007,2026-06-01 12:59:14,2026-06-02,11550.0,11550.0,self,False
PTP002753,AC000193,call,AT0038956,,tele_agent,TA012,2026-06-02 08:27:56,2026-06-09,2200.0,2200.0,self,False
PTP002754,AC000220,call,AT0038962,,tele_agent,TA006,2026-06-02 08:53:49,2026-06-04,7800.0,7800.0,self,True
PTP002755,AC000285,call,AT0038971,,tele_agent,TA016,2026-06-02 09:23:44,2026-06-06,10800.0,10800.0,self,True
PTP002756,AC000332,call,AT0038983,,tele_agent,TA020,2026-06-02 09:05:16,2026-06-03,9200.0,9200.0,self,True
PTP002757,AC000394,call,AT0038993,,tele_agent,TA008,2026-06-02 09:58:57,2026-06-06,6650.0,6650.0,self,True
PTP002758,AC000456,call,AT0039004,,tele_agent,TA001,2026-06-02 09:46:23,2026-06-04,2700.0,2700.0,self,True
PTP002759,AC000510,call,AT0039016,,tele_agent,TA018,2026-06-02 11:35:40,2026-06-04,1750.0,1750.0,self,False
PTP002760,AC000537,call,AT0039019,,tele_agent,TA008,2026-06-02 08:36:38,2026-06-04,400.0,400.0,self,True
PTP002761,AC000545,call,AT0039020,,tele_agent,TA006,2026-06-02 09:43:33,2026-06-27,21300.0,21300.0,self,True
PTP002762,AC000652,call,AT0039040,,tele_agent,TA002,2026-06-02 12:50:09,2026-06-06,51600.0,51600.0,self,True
PTP002763,AC000729,call,AT0039054,,tele_agent,TA015,2026-06-02 12:24:17,2026-06-10,500.0,850.0,self,False
PTP002764,AC000791,call,AT0039066,,tele_agent,TA005,2026-06-02 09:25:33,2026-06-03,2900.0,2900.0,self,True
PTP002765,AC000842,call,AT0039080,,tele_agent,TA006,2026-06-02 08:52:20,2026-06-03,20400.0,20400.0,self,True
PTP002766,AC000845,call,AT0039082,,tele_agent,TA016,2026-06-02 09:29:15,2026-06-04,500.0,1400.0,self,True
PTP002767,AC000908,call,AT0039091,,tele_agent,TA003,2026-06-02 08:58:49,2026-06-03,1650.0,1650.0,self,True
PTP002768,AC001027,call,AT0039111,,tele_agent,TA006,2026-06-02 09:51:27,2026-06-27,2100.0,3900.0,self,True
PTP002769,AC001061,call,AT0039116,,tele_agent,TA011,2026-06-02 09:23:12,2026-06-09,3200.0,8600.0,self,True
PTP002770,AC001484,call,AT0039186,,tele_agent,TA006,2026-06-02 10:14:12,2026-06-06,161000.0,161000.0,self,True
PTP002771,AC001489,call,AT0039187,,tele_agent,TA012,2026-06-02 12:05:31,2026-06-03,38700.0,38700.0,self,True
PTP002772,AC001527,call,AT0039195,,tele_agent,TA012,2026-06-02 08:20:59,2026-06-09,5200.0,14700.0,self,True
PTP002773,AC001720,call,AT0039233,,tele_agent,TA014,2026-06-02 11:11:35,2026-06-07,12900.0,12900.0,self,False
PTP002774,AC001745,call,AT0039238,,tele_agent,TA019,2026-06-02 10:30:02,2026-06-05,59100.0,59100.0,self,False
PTP002775,AC001898,call,AT0039258,,tele_agent,TA013,2026-06-02 09:24:56,2026-06-04,1600.0,1600.0,self,False
PTP002776,AC001922,call,AT0039264,,tele_agent,TA017,2026-06-02 08:11:08,2026-06-09,500.0,1550.0,self,True
PTP002777,AC001940,call,AT0039270,,tele_agent,TA011,2026-06-02 08:51:47,2026-06-03,2800.0,2800.0,self,True
PTP002778,AC001989,call,AT0039278,,tele_agent,TA020,2026-06-02 12:05:00,2026-06-07,2800.0,2800.0,self,False
PTP002779,AC002074,call,AT0039294,,tele_agent,TA007,2026-06-02 11:10:39,2026-06-09,28200.0,28200.0,self,True
PTP002780,AC002226,call,AT0039327,,tele_agent,TA018,2026-06-02 12:49:17,2026-06-08,2350.0,2350.0,self,False
PTP002781,AC002269,call,AT0039336,,tele_agent,TA010,2026-06-02 11:26:56,2026-06-09,4300.0,4300.0,self,True
PTP002782,AC002350,call,AT0039351,,tele_agent,TA017,2026-06-02 08:23:35,2026-06-27,8100.0,8100.0,self,True
PTP002783,AC000192,call,AT0039372,,tele_agent,TA013,2026-06-02 13:49:35,2026-06-09,2250.0,2250.0,self,True
PTP002784,AC000837,call,AT0039419,,tele_agent,TA008,2026-06-02 16:01:53,2026-06-03,62400.0,62400.0,self,True
PTP002785,AC000910,call,AT0039427,,tele_agent,TA020,2026-06-02 14:15:55,2026-06-27,1200.0,1750.0,self,True
PTP002786,AC000949,call,AT0039432,,tele_agent,TA003,2026-06-02 14:18:01,2026-06-05,13850.0,13850.0,self,True
PTP002787,AC001288,call,AT0039458,,tele_agent,TA001,2026-06-02 18:23:45,2026-06-11,14400.0,14400.0,self,True
PTP002788,AC001522,call,AT0039469,,tele_agent,TA018,2026-06-02 16:21:25,2026-06-12,1000.0,1000.0,self,False
PTP002789,AC001526,call,AT0039471,,tele_agent,TA014,2026-06-02 13:19:57,2026-06-09,8800.0,8800.0,self,False
PTP002790,AC001740,call,AT0039486,,tele_agent,TA015,2026-06-02 13:38:21,2026-06-05,1000.0,2150.0,self,True
PTP002791,AC002229,call,AT0039524,,tele_agent,TA008,2026-06-02 14:51:01,2026-06-06,9300.0,9300.0,self,False
PTP002792,AC001969,field_visit,,VS003869,field,FA001,2026-06-02 11:31:43,2026-06-07,89700.0,89700.0,self,False
PTP002793,AC000038,field_visit,,VS003888,field,FA002,2026-06-02 12:18:22,2026-06-05,2900.0,8450.0,self,True
PTP002794,AC001610,field_visit,,VS003892,field,FA006,2026-06-02 09:47:36,2026-06-09,12500.0,12500.0,self,True
PTP002795,AC001907,field_visit,,VS003895,field,FA006,2026-06-02 11:02:22,2026-06-09,33300.0,33300.0,self,False
PTP002796,AC001506,field_visit,,VS003910,field,FA004,2026-06-02 10:53:17,2026-06-06,7400.0,7400.0,self,False
PTP002797,AC000481,field_visit,,VS003921,field,FA008,2026-06-02 11:07:22,2026-06-07,4000.0,10000.0,family_member,False
PTP002798,AC000158,field_visit,,VS003922,field,FA008,2026-06-02 11:36:21,2026-06-09,20800.0,32250.0,self,False
PTP002799,AC000737,field_visit,,VS003923,field,FA008,2026-06-02 11:55:56,2026-06-05,38850.0,38850.0,self,True
PTP002800,AC002090,field_visit,,VS003928,field,FA007,2026-06-02 10:59:59,2026-06-09,104750.0,104750.0,self,True
PTP002801,AC000256,field_visit,,VS003929,field,FA007,2026-06-02 11:16:44,2026-06-27,150200.0,150200.0,self,False
PTP002802,AC001404,field_visit,,VS003938,field,FA009,2026-06-02 12:10:47,2026-06-27,1600.0,2850.0,self,True
PTP002803,AC001488,field_visit,,VS003940,field,FA009,2026-06-02 12:40:48,2026-06-09,1300.0,2500.0,self,False
PTP002804,AC000046,call,AT0039541,,tele_agent,TA008,2026-06-03 10:43:42,2026-06-06,450.0,450.0,third_party,True
PTP002805,AC000116,call,AT0039549,,tele_agent,TA013,2026-06-03 10:41:47,2026-06-04,16900.0,33300.0,self,True
PTP002806,AC000319,call,AT0039586,,tele_agent,TA006,2026-06-03 09:51:33,2026-06-10,3300.0,3300.0,self,False
PTP002807,AC000573,call,AT0039630,,tele_agent,TA008,2026-06-03 11:29:49,2026-06-13,7100.0,7100.0,third_party,True
PTP002808,AC000665,call,AT0039649,,tele_agent,TA007,2026-06-03 08:56:54,2026-06-05,14600.0,14600.0,self,True
PTP002809,AC000862,call,AT0039674,,tele_agent,TA019,2026-06-03 11:43:02,2026-06-06,5600.0,5600.0,self,True
PTP002810,AC000981,call,AT0039695,,tele_agent,TA020,2026-06-03 08:30:10,2026-06-11,3000.0,3000.0,self,True
PTP002811,AC000994,call,AT0039701,,tele_agent,TA014,2026-06-03 11:12:54,2026-06-07,1450.0,1450.0,self,True
PTP002812,AC001262,call,AT0039750,,tele_agent,TA012,2026-06-03 09:37:24,2026-06-11,800.0,1750.0,self,False
PTP002813,AC001368,call,AT0039765,,tele_agent,TA017,2026-06-03 12:43:17,2026-06-10,28050.0,28050.0,self,True
PTP002814,AC001639,call,AT0039813,,tele_agent,TA009,2026-06-03 09:23:00,2026-06-10,9450.0,9450.0,self,False
PTP002815,AC001644,call,AT0039815,,tele_agent,TA001,2026-06-03 08:13:54,2026-06-28,3650.0,3650.0,self,False
PTP002816,AC001653,call,AT0039818,,tele_agent,TA014,2026-06-03 11:16:29,2026-06-28,30000.0,30000.0,self,True
PTP002817,AC001654,call,AT0039819,,tele_agent,TA018,2026-06-03 09:36:17,2026-06-16,3050.0,3050.0,self,True
PTP002818,AC001686,call,AT0039828,,tele_agent,TA006,2026-06-03 09:53:02,2026-06-10,500.0,1300.0,third_party,True
PTP002819,AC001791,call,AT0039837,,tele_agent,TA020,2026-06-03 12:12:05,2026-06-06,4350.0,4350.0,self,True
PTP002820,AC001847,call,AT0039845,,tele_agent,TA012,2026-06-03 12:09:33,2026-06-13,400.0,400.0,self,False
PTP002821,AC001854,call,AT0039847,,tele_agent,TA005,2026-06-03 09:08:50,2026-06-04,1100.0,2500.0,self,True
PTP002822,AC001866,call,AT0039853,,tele_agent,TA006,2026-06-03 11:03:56,2026-06-04,1200.0,1200.0,self,True
PTP002823,AC001885,call,AT0039857,,tele_agent,TA005,2026-06-03 10:35:45,2026-06-04,5750.0,5750.0,self,True
PTP002824,AC001916,call,AT0039861,,tele_agent,TA014,2026-06-03 12:19:30,2026-06-28,17450.0,17450.0,self,True
PTP002825,AC002056,call,AT0039887,,tele_agent,TA013,2026-06-03 12:40:57,2026-06-08,6700.0,6700.0,self,False
PTP002826,AC002075,call,AT0039892,,tele_agent,TA011,2026-06-03 09:56:15,2026-06-10,23600.0,40150.0,third_party,False
PTP002827,AC002079,call,AT0039894,,tele_agent,TA014,2026-06-03 12:01:29,2026-06-13,500.0,800.0,self,False
PTP002828,AC002230,call,AT0039917,,tele_agent,TA004,2026-06-03 09:32:40,2026-06-04,2600.0,2600.0,self,True
PTP002829,AC002290,call,AT0039926,,tele_agent,TA019,2026-06-03 12:55:03,2026-06-28,1800.0,1800.0,self,True
PTP002830,AC000112,call,AT0039946,,tele_agent,TA007,2026-06-03 14:54:40,2026-06-28,126800.0,126800.0,self,True
PTP002831,AC000239,call,AT0039954,,tele_agent,TA009,2026-06-03 13:55:21,2026-06-04,800.0,800.0,self,True
PTP002832,AC000377,call,AT0039967,,tele_agent,TA001,2026-06-03 17:49:55,2026-06-04,26400.0,26400.0,self,True
PTP002833,AC000597,call,AT0039983,,tele_agent,TA015,2026-06-03 15:14:31,2026-06-20,13550.0,13550.0,self,True
PTP002834,AC000612,call,AT0039985,,tele_agent,TA012,2026-06-03 18:11:56,2026-06-05,1900.0,1900.0,self,True
PTP002835,AC000895,call,AT0040001,,tele_agent,TA001,2026-06-03 15:13:31,2026-06-13,7200.0,7200.0,self,True
PTP002836,AC000965,call,AT0040009,,tele_agent,TA019,2026-06-03 15:01:15,2026-06-10,500.0,1200.0,self,True
PTP002837,AC001030,call,AT0040014,,tele_agent,TA017,2026-06-03 18:58:38,2026-06-10,4000.0,4000.0,self,False
PTP002838,AC001108,call,AT0040019,,tele_agent,TA020,2026-06-03 16:32:51,2026-06-04,6100.0,6100.0,self,False
PTP002839,AC001297,call,AT0040034,,tele_agent,TA013,2026-06-03 13:09:05,2026-06-08,7000.0,7000.0,self,True
PTP002840,AC001660,call,AT0040051,,tele_agent,TA005,2026-06-03 16:55:13,2026-06-12,6300.0,6300.0,self,False
PTP002841,AC002187,call,AT0040076,,tele_agent,TA002,2026-06-03 18:38:03,2026-06-04,35700.0,35700.0,self,True
PTP002842,AC000519,field_visit,,VS003947,field,FA002,2026-06-03 11:05:44,2026-06-10,16600.0,16600.0,self,False
PTP002843,AC001834,field_visit,,VS003954,field,FA002,2026-06-03 13:52:29,2026-06-04,2800.0,6900.0,self,False
PTP002844,AC001392,field_visit,,VS003966,field,FA003,2026-06-03 11:10:28,2026-06-09,5700.0,11250.0,family_member,False
PTP002845,AC002372,field_visit,,VS003967,field,FA003,2026-06-03 11:37:26,2026-06-28,13450.0,13450.0,self,True
PTP002846,AC000853,field_visit,,VS003968,field,FA003,2026-06-03 11:59:07,2026-06-10,4000.0,10500.0,self,True
PTP002847,AC001439,field_visit,,VS003973,field,FA006,2026-06-03 10:31:01,2026-06-10,4200.0,9200.0,family_member,False
PTP002848,AC001954,field_visit,,VS003982,field,FA006,2026-06-03 14:13:14,2026-06-10,3200.0,3200.0,self,False
PTP002849,AC001716,field_visit,,VS003999,field,FA005,2026-06-03 12:45:42,2026-06-28,1500.0,3650.0,self,True
PTP002850,AC000027,field_visit,,VS004003,field,FA007,2026-06-03 13:16:46,2026-06-10,4300.0,8400.0,self,False
PTP002851,AC000071,call,AT0040099,,tele_agent,TA006,2026-06-04 08:44:11,2026-06-05,16100.0,16100.0,self,True
PTP002852,AC000217,call,AT0040125,,tele_agent,TA011,2026-06-04 09:33:54,2026-06-10,11450.0,11450.0,self,True
PTP002853,AC000283,call,AT0040134,,tele_agent,TA010,2026-06-04 09:15:07,2026-06-06,2000.0,4000.0,self,True
PTP002854,AC000363,call,AT0040153,,tele_agent,TA012,2026-06-04 08:18:15,2026-06-29,4050.0,4050.0,self,True
PTP002855,AC000388,call,AT0040155,,tele_agent,TA005,2026-06-04 10:15:00,2026-06-11,12250.0,12250.0,self,False
PTP002856,AC000449,call,AT0040169,,tele_agent,TA005,2026-06-04 12:41:45,2026-06-08,32550.0,32550.0,self,False
PTP002857,AC000486,call,AT0040178,,tele_agent,TA015,2026-06-04 12:31:50,2026-06-10,13000.0,18800.0,self,True
PTP002858,AC000511,call,AT0040183,,tele_agent,TA013,2026-06-04 12:11:43,2026-06-11,10650.0,10650.0,self,False
PTP002859,AC000558,call,AT0040190,,tele_agent,TA006,2026-06-04 12:53:13,2026-06-09,3100.0,3100.0,self,True
PTP002860,AC000563,call,AT0040193,,tele_agent,TA016,2026-06-04 12:19:27,2026-06-11,12850.0,12850.0,self,False
PTP002861,AC000599,call,AT0040201,,tele_agent,TA001,2026-06-04 13:01:13,2026-06-07,5300.0,9050.0,self,True
PTP002862,AC000666,call,AT0040216,,tele_agent,TA015,2026-06-04 11:10:39,2026-06-08,10300.0,24700.0,self,True
PTP002863,AC000669,call,AT0040218,,tele_agent,TA005,2026-06-04 11:21:03,2026-06-05,2500.0,2500.0,self,False
PTP002864,AC001031,call,AT0040286,,tele_agent,TA016,2026-06-04 08:18:23,2026-06-06,5250.0,5250.0,self,False
PTP002865,AC001036,call,AT0040288,,tele_agent,TA001,2026-06-04 10:14:05,2026-06-11,80750.0,80750.0,self,False
PTP002866,AC001293,call,AT0040322,,tele_agent,TA003,2026-06-04 12:58:39,2026-06-05,1300.0,2150.0,self,False
PTP002867,AC001306,call,AT0040325,,tele_agent,TA014,2026-06-04 10:31:36,2026-06-11,12200.0,12200.0,third_party,True
PTP002868,AC001396,call,AT0040346,,tele_agent,TA004,2026-06-04 09:37:51,2026-06-05,2700.0,5600.0,self,True
PTP002869,AC001493,call,AT0040358,,tele_agent,TA002,2026-06-04 09:38:30,2026-06-05,33000.0,33000.0,self,True
PTP002870,AC001576,call,AT0040367,,tele_agent,TA010,2026-06-04 12:43:14,2026-06-08,15400.0,15400.0,self,False
PTP002871,AC001675,call,AT0040390,,tele_agent,TA004,2026-06-04 09:31:04,2026-06-08,6300.0,6300.0,self,True
PTP002872,AC001909,call,AT0040426,,tele_agent,TA020,2026-06-04 11:29:39,2026-06-11,700.0,1600.0,self,True
PTP002873,AC001955,call,AT0040437,,tele_agent,TA013,2026-06-04 08:29:46,2026-06-29,2700.0,2700.0,self,True
PTP002874,AC002020,call,AT0040448,,tele_agent,TA006,2026-06-04 09:47:03,2026-06-29,53850.0,53850.0,self,True
PTP002875,AC002025,call,AT0040450,,tele_agent,TA017,2026-06-04 10:10:41,2026-06-06,20400.0,20400.0,self,True
PTP002876,AC002036,call,AT0040453,,tele_agent,TA008,2026-06-04 09:14:44,2026-06-10,3200.0,3200.0,self,False
PTP002877,AC002131,call,AT0040470,,tele_agent,TA006,2026-06-04 12:31:20,2026-06-06,26800.0,41850.0,self,True
PTP002878,AC002167,call,AT0040475,,tele_agent,TA012,2026-06-04 10:45:37,2026-06-05,72000.0,72000.0,self,True
PTP002879,AC000039,call,AT0040511,,tele_agent,TA013,2026-06-04 18:07:10,2026-06-07,7200.0,7200.0,self,True
PTP002880,AC000297,call,AT0040526,,tele_agent,TA011,2026-06-04 16:11:53,2026-06-19,6400.0,6400.0,self,True
PTP002881,AC000641,call,AT0040554,,tele_agent,TA016,2026-06-04 16:24:03,2026-06-11,12600.0,12600.0,self,False
PTP002882,AC000748,call,AT0040562,,tele_agent,TA009,2026-06-04 14:22:43,2026-06-06,3700.0,3700.0,self,False
PTP002883,AC000848,call,AT0040574,,tele_agent,TA013,2026-06-04 17:35:15,2026-06-09,32700.0,32700.0,third_party,True
PTP002884,AC001454,call,AT0040609,,tele_agent,TA020,2026-06-04 16:38:03,2026-06-29,2200.0,2200.0,self,True
PTP002885,AC002107,call,AT0040647,,tele_agent,TA017,2026-06-04 14:02:02,2026-06-11,2200.0,7000.0,self,True
PTP002886,AC002338,call,AT0040659,,tele_agent,TA008,2026-06-04 14:12:49,2026-06-06,31650.0,31650.0,self,True
PTP002887,AC000517,field_visit,,VS004029,field,FA001,2026-06-04 11:51:51,2026-06-09,58400.0,58400.0,self,False
PTP002888,AC001348,field_visit,,VS004030,field,FA001,2026-06-04 12:13:56,2026-06-07,24900.0,24900.0,self,False
PTP002889,AC002343,field_visit,,VS004059,field,FA004,2026-06-04 10:33:53,2026-06-10,10500.0,26400.0,self,True
PTP002890,AC001307,field_visit,,VS004061,field,FA004,2026-06-04 11:53:51,2026-06-05,9800.0,15750.0,self,False
PTP002891,AC001625,field_visit,,VS004081,field,FA008,2026-06-04 10:55:18,2026-06-08,19200.0,19200.0,self,True
PTP002892,AC002279,field_visit,,VS004088,field,FA009,2026-06-04 10:25:25,2026-06-10,10400.0,10400.0,self,False
PTP002893,AC000182,field_visit,,VS004090,field,FA009,2026-06-04 10:58:26,2026-06-10,11700.0,11700.0,self,False
PTP002894,AC000238,call,AT0040704,,tele_agent,TA008,2026-06-05 09:52:55,2026-06-07,1600.0,1600.0,self,True
PTP002895,AC000325,call,AT0040717,,tele_agent,TA013,2026-06-05 10:51:16,2026-06-09,2350.0,2350.0,self,True
PTP002896,AC000377,call,AT0040728,,tele_agent,TA001,2026-06-05 12:33:41,2026-06-07,26400.0,26400.0,self,False
PTP002897,AC000387,call,AT0040730,,tele_agent,TA010,2026-06-05 10:26:11,2026-06-12,9350.0,9350.0,self,True
PTP002898,AC000527,call,AT0040754,,tele_agent,TA016,2026-06-05 08:02:12,2026-06-12,5400.0,11850.0,self,True
PTP002899,AC000541,call,AT0040758,,tele_agent,TA020,2026-06-05 08:30:11,2026-06-15,5950.0,5950.0,self,False
PTP002900,AC000591,call,AT0040767,,tele_agent,TA019,2026-06-05 08:23:20,2026-06-30,1500.0,1500.0,self,True
PTP002901,AC000607,call,AT0040768,,tele_agent,TA015,2026-06-05 08:57:51,2026-06-07,5800.0,5800.0,self,True
PTP002902,AC000661,call,AT0040776,,tele_agent,TA012,2026-06-05 11:30:02,2026-06-14,18700.0,18700.0,self,False
PTP002903,AC000686,call,AT0040780,,tele_agent,TA006,2026-06-05 11:36:08,2026-06-12,10700.0,10700.0,self,True
PTP002904,AC000718,call,AT0040785,,tele_agent,TA016,2026-06-05 08:48:19,2026-06-12,1250.0,1250.0,self,True
PTP002905,AC000747,call,AT0040790,,tele_agent,TA012,2026-06-05 12:11:45,2026-06-30,9400.0,9400.0,self,True
PTP002906,AC000751,call,AT0040791,,tele_agent,TA017,2026-06-05 09:49:35,2026-06-13,8800.0,8800.0,self,True
PTP002907,AC000818,call,AT0040805,,tele_agent,TA009,2026-06-05 10:30:08,2026-06-06,13200.0,13200.0,self,True
PTP002908,AC000819,call,AT0040806,,tele_agent,TA001,2026-06-05 09:14:00,2026-06-11,5000.0,5000.0,third_party,False
PTP002909,AC001318,call,AT0040887,,tele_agent,TA003,2026-06-05 08:18:56,2026-06-06,950.0,950.0,self,False
PTP002910,AC001344,call,AT0040893,,tele_agent,TA007,2026-06-05 11:59:05,2026-06-30,22300.0,22300.0,self,True
PTP002911,AC001358,call,AT0040894,,tele_agent,TA010,2026-06-05 11:26:38,2026-06-12,3000.0,3000.0,self,True
PTP002912,AC001588,call,AT0040921,,tele_agent,TA015,2026-06-05 12:43:11,2026-06-15,2200.0,2200.0,self,True
PTP002913,AC001601,call,AT0040924,,tele_agent,TA001,2026-06-05 09:45:32,2026-06-08,4900.0,8400.0,self,False
PTP002914,AC001697,call,AT0040944,,tele_agent,TA008,2026-06-05 11:37:03,2026-06-30,9000.0,9000.0,self,True
PTP002915,AC001701,call,AT0040945,,tele_agent,TA009,2026-06-05 10:42:42,2026-06-09,7950.0,7950.0,self,True
PTP002916,AC001790,call,AT0040960,,tele_agent,TA008,2026-06-05 09:37:09,2026-06-12,45300.0,45300.0,third_party,True
PTP002917,AC002156,call,AT0041023,,tele_agent,TA017,2026-06-05 11:36:45,2026-06-14,14750.0,14750.0,self,True
PTP002918,AC002363,call,AT0041055,,tele_agent,TA019,2026-06-05 08:33:46,2026-06-06,2350.0,2350.0,self,True
PTP002919,AC000116,call,AT0041068,,tele_agent,TA013,2026-06-05 18:14:31,2026-06-07,33300.0,33300.0,self,True
PTP002920,AC000230,call,AT0041074,,tele_agent,TA014,2026-06-05 17:24:06,2026-06-30,3700.0,7000.0,self,False
PTP002921,AC000343,call,AT0041084,,tele_agent,TA017,2026-06-05 16:07:11,2026-06-06,500.0,1200.0,self,True
PTP002922,AC000436,call,AT0041088,,tele_agent,TA008,2026-06-05 16:27:04,2026-06-06,21500.0,21500.0,self,True
PTP002923,AC000503,call,AT0041093,,tele_agent,TA019,2026-06-05 16:02:52,2026-06-30,11200.0,24450.0,self,True
PTP002924,AC000913,call,AT0041121,,tele_agent,TA005,2026-06-05 15:15:54,2026-06-10,850.0,850.0,self,False
PTP002925,AC000998,call,AT0041124,,tele_agent,TA013,2026-06-05 16:47:09,2026-06-11,6900.0,12500.0,self,True
PTP002926,AC001433,call,AT0041147,,tele_agent,TA020,2026-06-05 14:09:06,2026-06-15,4700.0,4700.0,self,True
PTP002927,AC002040,call,AT0041185,,tele_agent,TA007,2026-06-05 13:39:23,2026-06-07,4450.0,4450.0,self,False
PTP002928,AC001738,field_visit,,VS004095,field,FA002,2026-06-05 10:26:47,2026-06-13,75900.0,75900.0,self,False
PTP002929,AC002260,field_visit,,VS004099,field,FA002,2026-06-05 11:39:48,2026-06-12,6150.0,6150.0,self,True
PTP002930,AC000726,field_visit,,VS004104,field,FA003,2026-06-05 12:11:17,2026-06-08,42300.0,42300.0,self,False
PTP002931,AC000800,field_visit,,VS004119,field,FA004,2026-06-05 11:16:05,2026-06-30,47700.0,47700.0,self,True
PTP002932,AC001114,field_visit,,VS004127,field,FA006,2026-06-05 10:54:25,2026-06-06,118650.0,118650.0,self,False
PTP002933,AC000301,field_visit,,VS004128,field,FA006,2026-06-05 11:30:26,2026-06-14,53400.0,53400.0,self,True
PTP002934,AC001172,field_visit,,VS004139,field,FA008,2026-06-05 10:21:14,2026-06-09,19800.0,19800.0,self,True
PTP002935,AC000513,field_visit,,VS004150,field,FA009,2026-06-05 11:31:17,2026-06-10,7750.0,7750.0,self,True
PTP002936,AC000069,call,AT0041216,,tele_agent,TA012,2026-06-06 11:54:39,2026-06-13,4250.0,4250.0,self,False
PTP002937,AC000083,call,AT0041221,,tele_agent,TA004,2026-06-06 11:07:21,2026-06-13,1100.0,1100.0,self,False
PTP002938,AC000186,call,AT0041242,,tele_agent,TA006,2026-06-06 09:10:20,2026-06-13,13350.0,13350.0,self,True
PTP002939,AC000385,call,AT0041279,,tele_agent,TA015,2026-06-06 12:50:42,2026-06-13,52000.0,52000.0,self,True
PTP002940,AC000415,call,AT0041286,,tele_agent,TA007,2026-06-06 09:37:45,2026-07-01,9850.0,9850.0,self,True
PTP002941,AC000494,call,AT0041303,,tele_agent,TA016,2026-06-06 10:20:19,2026-06-13,5700.0,5700.0,self,False
PTP002942,AC000594,call,AT0041323,,tele_agent,TA012,2026-06-06 11:51:42,2026-06-08,1500.0,2700.0,self,True
PTP002943,AC000963,call,AT0041374,,tele_agent,TA007,2026-06-06 08:08:04,2026-06-15,44400.0,44400.0,self,True
PTP002944,AC001115,call,AT0041396,,tele_agent,TA008,2026-06-06 08:36:53,2026-06-13,5750.0,5750.0,self,True
PTP002945,AC001316,call,AT0041440,,tele_agent,TA003,2026-06-06 12:02:53,2026-06-09,2550.0,2550.0,self,False
PTP002946,AC001381,call,AT0041451,,tele_agent,TA016,2026-06-06 10:30:12,2026-06-11,24000.0,24000.0,self,True
PTP002947,AC001677,call,AT0041496,,tele_agent,TA018,2026-06-06 09:30:08,2026-06-08,3900.0,3900.0,self,False
PTP002948,AC001911,call,AT0041543,,tele_agent,TA012,2026-06-06 11:47:52,2026-06-15,4700.0,4700.0,self,True
PTP002949,AC001945,call,AT0041548,,tele_agent,TA009,2026-06-06 09:18:10,2026-06-13,4700.0,4700.0,self,True
PTP002950,AC002096,call,AT0041574,,tele_agent,TA020,2026-06-06 10:32:51,2026-06-16,18200.0,31800.0,self,True
PTP002951,AC002149,call,AT0041583,,tele_agent,TA003,2026-06-06 08:18:08,2026-06-08,3150.0,3150.0,self,True
PTP002952,AC002293,call,AT0041613,,tele_agent,TA001,2026-06-06 11:45:54,2026-06-13,201000.0,201000.0,self,False
PTP002953,AC002376,call,AT0041624,,tele_agent,TA015,2026-06-06 09:54:08,2026-06-30,2600.0,4150.0,self,False
PTP002954,AC000093,call,AT0041635,,tele_agent,TA019,2026-06-06 14:19:50,2026-06-14,1350.0,1350.0,self,True
PTP002955,AC000226,call,AT0041644,,tele_agent,TA010,2026-06-06 17:17:46,2026-06-07,13500.0,13500.0,self,False
PTP002956,AC000239,call,AT0041645,,tele_agent,TA009,2026-06-06 15:00:58,2026-06-09,500.0,800.0,self,True
PTP002957,AC000252,call,AT0041647,,tele_agent,TA010,2026-06-06 15:02:38,2026-06-10,500.0,550.0,self,True
PTP002958,AC001183,call,AT0041696,,tele_agent,TA006,2026-06-06 13:24:00,2026-06-30,14500.0,14500.0,self,False
PTP002959,AC001293,call,AT0041707,,tele_agent,TA003,2026-06-06 17:50:21,2026-06-13,850.0,850.0,self,True
PTP002960,AC001400,call,AT0041711,,tele_agent,TA009,2026-06-06 15:57:33,2026-06-27,84350.0,84350.0,self,True
PTP002961,AC001449,call,AT0041713,,tele_agent,TA003,2026-06-06 17:27:33,2026-06-07,10700.0,10700.0,self,False
PTP002962,AC001475,call,AT0041715,,tele_agent,TA001,2026-06-06 15:16:35,2026-07-01,10900.0,19600.0,self,False
PTP002963,AC001542,call,AT0041720,,tele_agent,TA016,2026-06-06 18:19:37,2026-06-13,2750.0,2750.0,self,True
PTP002964,AC000952,field_visit,,VS004186,field,FA006,2026-06-06 11:06:46,2026-06-13,28950.0,28950.0,self,False
PTP002965,AC000291,field_visit,,VS004200,field,FA005,2026-06-06 11:57:30,2026-06-30,10100.0,14850.0,self,False
PTP002966,AC002261,field_visit,,VS004202,field,FA005,2026-06-06 13:34:26,2026-06-13,18800.0,18800.0,self,False
PTP002967,AC001197,field_visit,,VS004205,field,FA009,2026-06-06 11:06:11,2026-06-12,10400.0,10400.0,self,True
PTP002968,AC001321,field_visit,,VS004219,field,FA008,2026-06-06 10:38:05,2026-06-13,6200.0,6200.0,self,False
PTP002969,AC000059,call,AT0041794,,tele_agent,TA015,2026-06-07 09:42:32,2026-06-14,5300.0,10300.0,self,False
PTP002970,AC000091,call,AT0041797,,tele_agent,TA009,2026-06-07 12:55:44,2026-07-02,11900.0,35900.0,self,True
PTP002971,AC000285,call,AT0041807,,tele_agent,TA016,2026-06-07 11:49:30,2026-06-08,4200.0,10800.0,self,True
PTP002972,AC000673,call,AT0041827,,tele_agent,TA003,2026-06-07 09:47:49,2026-06-08,9900.0,15150.0,self,True
PTP002973,AC000676,call,AT0041828,,tele_agent,TA013,2026-06-07 09:30:33,2026-06-14,25800.0,25800.0,self,True
PTP002974,AC001513,call,AT0041868,,tele_agent,TA014,2026-06-07 08:24:25,2026-06-14,7550.0,7550.0,self,True
PTP002975,AC001861,call,AT0041885,,tele_agent,TA006,2026-06-07 09:25:49,2026-06-14,6000.0,13100.0,third_party,True
PTP002976,AC000037,call,AT0041924,,tele_agent,TA006,2026-06-07 17:31:17,2026-07-02,3500.0,3500.0,self,True
PTP002977,AC000068,call,AT0041925,,tele_agent,TA015,2026-06-07 16:19:09,2026-06-08,2700.0,2700.0,self,True
PTP002978,AC001220,call,AT0041940,,tele_agent,TA006,2026-06-07 13:11:55,2026-06-30,9050.0,9050.0,self,False
PTP002979,AC001228,call,AT0041941,,tele_agent,TA010,2026-06-07 18:31:50,2026-06-14,2600.0,4200.0,self,True
PTP002980,AC000147,call,AT0041991,,tele_agent,TA016,2026-06-08 08:12:11,2026-07-01,750.0,750.0,self,False
PTP002981,AC000270,call,AT0042008,,tele_agent,TA011,2026-06-08 08:35:35,2026-06-15,3150.0,3150.0,self,False
PTP002982,AC000437,call,AT0042030,,tele_agent,TA004,2026-06-08 09:17:57,2026-06-15,18350.0,18350.0,self,False
PTP002983,AC000538,call,AT0042047,,tele_agent,TA001,2026-06-08 08:26:04,2026-06-30,3500.0,7300.0,self,False
PTP002984,AC000699,call,AT0042071,,tele_agent,TA005,2026-06-08 11:51:10,2026-06-13,2550.0,2550.0,self,True
PTP002985,AC000804,call,AT0042092,,tele_agent,TA010,2026-06-08 09:45:51,2026-06-12,46200.0,46200.0,self,False
PTP002986,AC000836,call,AT0042099,,tele_agent,TA007,2026-06-08 12:47:49,2026-06-15,72200.0,72200.0,self,False
PTP002987,AC000919,call,AT0042110,,tele_agent,TA011,2026-06-08 11:48:52,2026-06-10,16200.0,16200.0,self,False
PTP002988,AC000953,call,AT0042115,,tele_agent,TA011,2026-06-08 08:58:01,2026-06-10,177600.0,177600.0,self,True
PTP002989,AC000988,call,AT0042121,,tele_agent,TA005,2026-06-08 08:56:33,2026-06-15,7100.0,17750.0,self,True
PTP002990,AC001158,call,AT0042155,,tele_agent,TA005,2026-06-08 10:20:18,2026-06-12,6000.0,16000.0,self,True
PTP002991,AC001258,call,AT0042172,,tele_agent,TA001,2026-06-08 09:55:22,2026-06-15,6400.0,21200.0,self,True
PTP002992,AC001426,call,AT0042205,,tele_agent,TA019,2026-06-08 10:17:24,2026-06-18,7550.0,7550.0,self,True
PTP002993,AC001545,call,AT0042224,,tele_agent,TA010,2026-06-08 09:08:05,2026-06-10,2900.0,2900.0,self,True
PTP002994,AC001717,call,AT0042253,,tele_agent,TA020,2026-06-08 09:27:12,2026-06-09,2500.0,8100.0,self,True
PTP002995,AC001740,call,AT0042257,,tele_agent,TA015,2026-06-08 09:55:05,2026-06-15,2150.0,2150.0,self,True
PTP002996,AC001759,call,AT0042262,,tele_agent,TA011,2026-06-08 10:10:44,2026-06-10,2150.0,2150.0,self,True
PTP002997,AC002071,call,AT0042309,,tele_agent,TA010,2026-06-08 11:36:07,2026-06-16,2000.0,2000.0,self,True
PTP002998,AC002104,call,AT0042320,,tele_agent,TA016,2026-06-08 08:28:17,2026-06-30,23900.0,23900.0,self,True
PTP002999,AC002188,call,AT0042335,,tele_agent,TA010,2026-06-08 09:42:34,2026-06-09,4000.0,4000.0,self,True
PTP003000,AC000116,call,AT0042370,,tele_agent,TA013,2026-06-08 18:37:17,2026-07-01,12100.0,33300.0,self,True
PTP003001,AC000238,call,AT0042375,,tele_agent,TA008,2026-06-08 17:49:38,2026-06-30,700.0,700.0,self,True
PTP003002,AC000299,call,AT0042380,,tele_agent,TA016,2026-06-08 17:00:56,2026-06-15,6600.0,6600.0,self,False
PTP003003,AC000607,call,AT0042400,,tele_agent,TA015,2026-06-08 14:51:23,2026-06-30,2600.0,5800.0,self,True
PTP003004,AC000616,call,AT0042401,,tele_agent,TA016,2026-06-08 13:03:15,2026-06-15,700.0,1100.0,self,False
PTP003005,AC000657,call,AT0042406,,tele_agent,TA009,2026-06-08 17:32:42,2026-06-15,1400.0,1400.0,self,True
PTP003006,AC000664,call,AT0042407,,tele_agent,TA006,2026-06-08 15:31:33,2026-07-03,3400.0,5950.0,self,True
PTP003007,AC000914,call,AT0042420,,tele_agent,TA001,2026-06-08 18:28:05,2026-06-15,16000.0,16000.0,self,False
PTP003008,AC001241,call,AT0042442,,tele_agent,TA016,2026-06-08 14:02:01,2026-06-15,2100.0,2100.0,self,False
PTP003009,AC001249,call,AT0042443,,tele_agent,TA004,2026-06-08 13:33:38,2026-06-15,1950.0,1950.0,self,True
PTP003010,AC001280,call,AT0042445,,tele_agent,TA011,2026-06-08 18:29:24,2026-06-30,11900.0,11900.0,self,False
PTP003011,AC001327,call,AT0042450,,tele_agent,TA008,2026-06-08 17:00:14,2026-06-28,20000.0,20000.0,self,True
PTP003012,AC001622,call,AT0042468,,tele_agent,TA008,2026-06-08 15:20:06,2026-06-16,2550.0,2550.0,self,False
PTP003013,AC001698,call,AT0042475,,tele_agent,TA006,2026-06-08 16:57:41,2026-06-09,650.0,650.0,self,True
PTP003014,AC001746,call,AT0042476,,tele_agent,TA014,2026-06-08 14:39:23,2026-06-30,32800.0,32800.0,self,False
PTP003015,AC001799,call,AT0042481,,tele_agent,TA013,2026-06-08 14:49:12,2026-06-13,10200.0,10200.0,self,True
PTP003016,AC002147,field_visit,,VS004225,field,FA001,2026-06-08 10:24:12,2026-06-15,104400.0,104400.0,family_member,False
PTP003017,AC001354,field_visit,,VS004235,field,FA002,2026-06-08 10:58:07,2026-06-17,9000.0,9000.0,self,False
PTP003018,AC002131,field_visit,,VS004250,field,FA005,2026-06-08 10:39:45,2026-06-17,41850.0,41850.0,family_member,True
PTP003019,AC002227,field_visit,,VS004254,field,FA006,2026-06-08 10:23:05,2026-06-18,1800.0,3600.0,self,True
PTP003020,AC000992,field_visit,,VS004257,field,FA006,2026-06-08 11:46:14,2026-06-17,850.0,850.0,family_member,False
PTP003021,AC001524,field_visit,,VS004261,field,FA004,2026-06-08 11:43:33,2026-06-30,9200.0,14400.0,self,False
PTP003022,AC000122,field_visit,,VS004271,field,FA008,2026-06-08 11:34:29,2026-06-11,50250.0,50250.0,self,False
PTP003023,AC001923,field_visit,,VS004272,field,FA008,2026-06-08 12:26:32,2026-06-30,19400.0,19400.0,self,True
PTP003024,AC001807,field_visit,,VS004273,field,FA008,2026-06-08 12:43:27,2026-06-30,4300.0,6750.0,self,True
PTP003025,AC001937,field_visit,,VS004274,field,FA009,2026-06-08 10:12:41,2026-06-30,9600.0,9600.0,self,False
PTP003026,AC001095,field_visit,,VS004282,field,FA007,2026-06-08 10:53:57,2026-06-14,218400.0,218400.0,self,False
PTP003027,AC000560,field_visit,,VS004285,field,FA007,2026-06-08 11:56:31,2026-06-09,31150.0,31150.0,self,False
PTP003028,AC000042,call,AT0042530,,tele_agent,TA010,2026-06-09 09:09:40,2026-06-14,1000.0,1000.0,self,True
PTP003029,AC000075,call,AT0042537,,tele_agent,TA006,2026-06-09 09:23:39,2026-06-11,30000.0,30000.0,self,False
PTP003030,AC000140,call,AT0042549,,tele_agent,TA014,2026-06-09 11:27:48,2026-06-10,76400.0,131900.0,self,True
PTP003031,AC000273,call,AT0042572,,tele_agent,TA010,2026-06-09 09:57:03,2026-06-30,7550.0,7550.0,self,True
PTP003032,AC000285,call,AT0042575,,tele_agent,TA016,2026-06-09 12:06:25,2026-06-16,6600.0,6600.0,self,True
PTP003033,AC000316,call,AT0042582,,tele_agent,TA008,2026-06-09 09:10:28,2026-06-18,45200.0,72000.0,third_party,True
PTP003034,AC000374,call,AT0042597,,tele_agent,TA016,2026-06-09 11:40:06,2026-06-16,1400.0,1400.0,self,True
PTP003035,AC000452,call,AT0042609,,tele_agent,TA013,2026-06-09 09:23:58,2026-06-30,600.0,1400.0,self,True
PTP003036,AC000466,call,AT0042611,,tele_agent,TA002,2026-06-09 09:41:39,2026-06-15,5200.0,7600.0,self,True
PTP003037,AC000535,call,AT0042623,,tele_agent,TA016,2026-06-09 09:39:09,2026-06-12,400.0,400.0,self,False
PTP003038,AC000633,call,AT0042637,,tele_agent,TA008,2026-06-09 11:37:58,2026-06-16,4800.0,13950.0,self,False
PTP003039,AC000649,call,AT0042639,,tele_agent,TA018,2026-06-09 11:51:14,2026-06-16,70800.0,107800.0,third_party,True
PTP003040,AC000688,call,AT0042647,,tele_agent,TA006,2026-06-09 09:24:56,2026-07-01,13950.0,13950.0,self,True
PTP003041,AC000700,call,AT0042651,,tele_agent,TA016,2026-06-09 08:45:13,2026-06-16,5900.0,5900.0,self,True
PTP003042,AC000844,call,AT0042676,,tele_agent,TA009,2026-06-09 09:36:44,2026-06-10,12600.0,12600.0,self,True
PTP003043,AC000862,call,AT0042678,,tele_agent,TA019,2026-06-09 10:25:31,2026-06-30,2600.0,5600.0,self,True
PTP003044,AC001059,call,AT0042710,,tele_agent,TA014,2026-06-09 10:04:33,2026-06-30,500.0,650.0,self,True
PTP003045,AC001140,call,AT0042721,,tele_agent,TA002,2026-06-09 08:43:17,2026-06-17,21200.0,21200.0,third_party,True
PTP003046,AC001223,call,AT0042740,,tele_agent,TA020,2026-06-09 12:56:18,2026-06-10,33500.0,33500.0,self,False
PTP003047,AC001244,call,AT0042744,,tele_agent,TA008,2026-06-09 08:53:43,2026-06-11,6500.0,10600.0,self,True
PTP003048,AC001295,call,AT0042751,,tele_agent,TA008,2026-06-09 08:18:44,2026-06-15,9800.0,9800.0,self,True
PTP003049,AC001726,call,AT0042809,,tele_agent,TA014,2026-06-09 10:05:59,2026-06-17,2500.0,3950.0,self,False
PTP003050,AC001739,call,AT0042811,,tele_agent,TA003,2026-06-09 10:41:28,2026-06-11,3700.0,3700.0,self,True
PTP003051,AC001816,call,AT0042819,,tele_agent,TA006,2026-06-09 13:04:30,2026-06-17,18550.0,18550.0,self,True
PTP003052,AC001854,call,AT0042825,,tele_agent,TA005,2026-06-09 12:00:19,2026-06-11,1400.0,1400.0,self,True
PTP003053,AC001876,call,AT0042830,,tele_agent,TA001,2026-06-09 09:48:42,2026-06-16,800.0,1900.0,self,True
PTP003054,AC001898,call,AT0042835,,tele_agent,TA013,2026-06-09 11:30:06,2026-06-12,1600.0,1600.0,self,False
PTP003055,AC001973,call,AT0042849,,tele_agent,TA011,2026-06-09 12:17:26,2026-06-10,4500.0,10900.0,self,True
PTP003056,AC002063,call,AT0042870,,tele_agent,TA018,2026-06-09 10:45:53,2026-06-10,950.0,950.0,self,True
PTP003057,AC002203,call,AT0042900,,tele_agent,TA020,2026-06-09 11:19:26,2026-07-04,4100.0,12200.0,self,True
PTP003058,AC000221,call,AT0042951,,tele_agent,TA018,2026-06-09 15:00:18,2026-06-10,13200.0,13200.0,self,True
PTP003059,AC000622,call,AT0042977,,tele_agent,TA005,2026-06-09 14:02:35,2026-06-11,6850.0,6850.0,self,False
PTP003060,AC000663,call,AT0042979,,tele_agent,TA013,2026-06-09 14:21:19,2026-06-16,13500.0,13500.0,self,False
PTP003061,AC000933,call,AT0042995,,tele_agent,TA007,2026-06-09 13:01:54,2026-06-16,1400.0,2050.0,third_party,True
PTP003062,AC001147,call,AT0043007,,tele_agent,TA015,2026-06-09 17:31:44,2026-06-16,15800.0,15800.0,self,True
PTP003063,AC001642,call,AT0043028,,tele_agent,TA003,2026-06-09 18:03:41,2026-06-10,11300.0,11300.0,self,True
PTP003064,AC001840,call,AT0043037,,tele_agent,TA007,2026-06-09 14:20:55,2026-06-30,150.0,150.0,self,True
PTP003065,AC002333,call,AT0043067,,tele_agent,TA020,2026-06-09 14:47:48,2026-06-16,500.0,700.0,third_party,True
PTP003066,AC001766,field_visit,,VS004305,field,FA001,2026-06-09 13:33:47,2026-06-16,2800.0,2800.0,self,True
PTP003067,AC002031,field_visit,,VS004307,field,FA002,2026-06-09 10:46:54,2026-06-30,4600.0,4600.0,self,False
PTP003068,AC001812,field_visit,,VS004316,field,FA005,2026-06-09 10:52:07,2026-07-04,60200.0,60200.0,self,False
PTP003069,AC000307,field_visit,,VS004332,field,FA004,2026-06-09 11:18:34,2026-06-16,5000.0,5000.0,self,False
PTP003070,AC001387,field_visit,,VS004357,field,FA008,2026-06-09 10:12:37,2026-06-16,6900.0,6900.0,self,False
PTP003071,AC000202,call,AT0043098,,tele_agent,TA019,2026-06-10 11:19:22,2026-06-11,1900.0,3000.0,self,False
PTP003072,AC000373,call,AT0043125,,tele_agent,TA016,2026-06-10 11:14:38,2026-06-30,25500.0,75900.0,self,True
PTP003073,AC000439,call,AT0043133,,tele_agent,TA020,2026-06-10 08:51:41,2026-06-11,2150.0,2150.0,self,True
PTP003074,AC000566,call,AT0043151,,tele_agent,TA003,2026-06-10 09:16:28,2026-06-11,150.0,150.0,self,False
PTP003075,AC000589,call,AT0043152,,tele_agent,TA006,2026-06-10 11:06:46,2026-06-30,7000.0,7000.0,self,True
PTP003076,AC000654,call,AT0043159,,tele_agent,TA011,2026-06-10 08:42:40,2026-06-12,750.0,750.0,self,True
PTP003077,AC000752,call,AT0043173,,tele_agent,TA004,2026-06-10 12:21:35,2026-06-17,7300.0,12550.0,self,False
PTP003078,AC000754,call,AT0043174,,tele_agent,TA008,2026-06-10 10:55:30,2026-06-14,350.0,350.0,self,False
PTP003079,AC000799,call,AT0043180,,tele_agent,TA006,2026-06-10 12:28:40,2026-06-17,2650.0,2650.0,self,True
PTP003080,AC000822,call,AT0043181,,tele_agent,TA014,2026-06-10 09:32:38,2026-06-29,10400.0,18000.0,self,True
PTP003081,AC001069,call,AT0043216,,tele_agent,TA009,2026-06-10 09:32:39,2026-06-14,3750.0,3750.0,self,True
PTP003082,AC001117,call,AT0043227,,tele_agent,TA015,2026-06-10 09:18:02,2026-06-13,9900.0,9900.0,self,True
PTP003083,AC001125,call,AT0043230,,tele_agent,TA009,2026-06-10 08:30:01,2026-06-11,2100.0,6350.0,self,True
PTP003084,AC001290,call,AT0043252,,tele_agent,TA009,2026-06-10 12:23:55,2026-06-27,2000.0,4650.0,self,True
PTP003085,AC001549,call,AT0043281,,tele_agent,TA020,2026-06-10 10:28:27,2026-06-18,1300.0,2700.0,self,False
PTP003086,AC001694,call,AT0043300,,tele_agent,TA014,2026-06-10 11:42:45,2026-06-11,4800.0,4800.0,self,False
PTP003087,AC001700,call,AT0043302,,tele_agent,TA016,2026-06-10 12:35:41,2026-06-17,35600.0,50850.0,third_party,True
PTP003088,AC001713,call,AT0043305,,tele_agent,TA016,2026-06-10 08:30:58,2026-06-30,49200.0,49200.0,self,True
PTP003089,AC001714,call,AT0043306,,tele_agent,TA008,2026-06-10 08:12:59,2026-06-17,600.0,600.0,self,True
PTP003090,AC001764,call,AT0043316,,tele_agent,TA018,2026-06-10 11:21:26,2026-06-17,3000.0,4250.0,self,True
PTP003091,AC001823,call,AT0043322,,tele_agent,TA001,2026-06-10 08:58:44,2026-06-15,12750.0,12750.0,self,True
PTP003092,AC001948,call,AT0043345,,tele_agent,TA013,2026-06-10 11:15:04,2026-06-13,7250.0,7250.0,family_member,False
PTP003093,AC002102,call,AT0043365,,tele_agent,TA003,2026-06-10 09:40:37,2026-06-12,7700.0,7700.0,self,True
PTP003094,AC002106,call,AT0043367,,tele_agent,TA017,2026-06-10 12:29:22,2026-07-05,14350.0,14350.0,self,False
PTP003095,AC002121,call,AT0043369,,tele_agent,TA013,2026-06-10 10:24:36,2026-06-17,4800.0,4800.0,self,True
PTP003096,AC002148,call,AT0043373,,tele_agent,TA018,2026-06-10 09:36:07,2026-06-30,4750.0,4750.0,self,True
PTP003097,AC002152,call,AT0043374,,tele_agent,TA001,2026-06-10 09:58:17,2026-06-12,6000.0,6000.0,self,False
PTP003098,AC002254,call,AT0043397,,tele_agent,TA003,2026-06-10 08:24:59,2026-06-15,43500.0,43500.0,self,True
PTP003099,AC002320,call,AT0043409,,tele_agent,TA007,2026-06-10 08:15:13,2026-06-14,1800.0,2800.0,self,True
PTP003100,AC000198,call,AT0043430,,tele_agent,TA019,2026-06-10 15:40:04,2026-07-05,1700.0,1700.0,self,True
PTP003101,AC001474,call,AT0043488,,tele_agent,TA010,2026-06-10 16:20:04,2026-06-19,24800.0,81500.0,self,False
PTP003102,AC001570,call,AT0043493,,tele_agent,TA015,2026-06-10 18:50:18,2026-06-14,500.0,850.0,self,False
PTP003103,AC001743,call,AT0043502,,tele_agent,TA020,2026-06-10 17:22:34,2026-06-14,26100.0,26100.0,self,False
PTP003104,AC001795,call,AT0043504,,tele_agent,TA007,2026-06-10 16:53:00,2026-06-14,1450.0,1450.0,self,False
PTP003105,AC002253,call,AT0043528,,tele_agent,TA015,2026-06-10 18:24:53,2026-06-14,4600.0,4600.0,self,True
PTP003106,AC002299,call,AT0043531,,tele_agent,TA014,2026-06-10 16:37:20,2026-07-05,2600.0,4300.0,self,True
PTP003107,AC002325,call,AT0043534,,tele_agent,TA013,2026-06-10 17:51:18,2026-06-15,2900.0,2900.0,self,True
PTP003108,AC001533,field_visit,,VS004381,field,FA003,2026-06-10 10:02:22,2026-06-17,14900.0,27600.0,family_member,True
PTP003109,AC000621,field_visit,,VS004387,field,FA003,2026-06-10 13:05:13,2026-07-05,15000.0,15000.0,self,True
PTP003110,AC000586,field_visit,,VS004391,field,FA005,2026-06-10 10:18:07,2026-06-11,8100.0,8100.0,self,False
PTP003111,AC001335,field_visit,,VS004392,field,FA005,2026-06-10 10:44:46,2026-06-18,1700.0,2700.0,self,True
PTP003112,AC001299,field_visit,,VS004410,field,FA006,2026-06-10 11:57:13,2026-06-11,42300.0,69150.0,self,False
PTP003113,AC000832,field_visit,,VS004417,field,FA007,2026-06-10 10:56:05,2026-06-20,4400.0,11400.0,self,True
PTP003114,AC000837,field_visit,,VS004426,field,FA008,2026-06-10 12:07:34,2026-06-17,20600.0,62400.0,self,False
PTP003115,AC000600,field_visit,,VS004428,field,FA009,2026-06-10 10:07:26,2026-06-11,4500.0,7600.0,self,False
PTP003116,AC000479,field_visit,,VS004433,field,FA009,2026-06-10 11:42:09,2026-07-05,5100.0,5100.0,self,False
PTP003117,AC000182,call,AT0043571,,tele_agent,TA017,2026-06-11 09:18:59,2026-06-16,11700.0,11700.0,self,True
PTP003118,AC000361,call,AT0043590,,tele_agent,TA011,2026-06-11 09:30:02,2026-06-12,33600.0,33600.0,self,True
PTP003119,AC000539,call,AT0043619,,tele_agent,TA009,2026-06-11 08:27:39,2026-06-30,1200.0,1200.0,self,False
PTP003120,AC000606,call,AT0043628,,tele_agent,TA020,2026-06-11 09:15:22,2026-06-17,8200.0,8200.0,self,True
PTP003121,AC001055,call,AT0043704,,tele_agent,TA010,2026-06-11 12:28:36,2026-06-30,4800.0,4800.0,self,False
PTP003122,AC001484,call,AT0043766,,tele_agent,TA006,2026-06-11 12:21:07,2026-06-13,161000.0,161000.0,self,True
PTP003123,AC001498,call,AT0043768,,tele_agent,TA017,2026-06-11 08:54:04,2026-06-13,4600.0,7000.0,self,True
PTP003124,AC001500,call,AT0043769,,tele_agent,TA006,2026-06-11 10:50:09,2026-06-14,8250.0,8250.0,self,True
PTP003125,AC001661,call,AT0043792,,tele_agent,TA017,2026-06-11 09:52:25,2026-06-12,1850.0,1850.0,self,False
PTP003126,AC001669,call,AT0043794,,tele_agent,TA006,2026-06-11 08:25:55,2026-06-16,1000.0,1800.0,self,False
PTP003127,AC001692,call,AT0043799,,tele_agent,TA015,2026-06-11 11:24:52,2026-06-12,3400.0,3400.0,self,True
PTP003128,AC001708,call,AT0043800,,tele_agent,TA015,2026-06-11 09:18:22,2026-06-13,2700.0,7400.0,self,False
PTP003129,AC001770,call,AT0043810,,tele_agent,TA010,2026-06-11 11:27:02,2026-06-18,5700.0,5700.0,self,True
PTP003130,AC001836,call,AT0043818,,tele_agent,TA015,2026-06-11 10:19:24,2026-06-30,650.0,650.0,self,True
PTP003131,AC001869,call,AT0043824,,tele_agent,TA011,2026-06-11 08:55:43,2026-06-18,1300.0,1300.0,self,True
PTP003132,AC001873,call,AT0043827,,tele_agent,TA011,2026-06-11 10:45:43,2026-06-30,29850.0,29850.0,self,True
PTP003133,AC001971,call,AT0043845,,tele_agent,TA009,2026-06-11 11:35:23,2026-06-14,9100.0,9100.0,self,False
PTP003134,AC002154,call,AT0043870,,tele_agent,TA004,2026-06-11 10:34:46,2026-06-18,3300.0,3300.0,third_party,True
PTP003135,AC002273,call,AT0043893,,tele_agent,TA004,2026-06-11 08:06:40,2026-06-13,5500.0,5500.0,self,True
PTP003136,AC002294,call,AT0043899,,tele_agent,TA010,2026-06-11 11:52:26,2026-06-30,18200.0,18200.0,self,True
PTP003137,AC002311,call,AT0043901,,tele_agent,TA016,2026-06-11 11:05:19,2026-07-02,3600.0,3600.0,self,True
PTP003138,AC002319,call,AT0043902,,tele_agent,TA020,2026-06-11 12:13:44,2026-06-12,1000.0,1000.0,self,False
PTP003139,AC002359,call,AT0043909,,tele_agent,TA013,2026-06-11 11:50:32,2026-06-18,10300.0,10300.0,self,True
PTP003140,AC000411,call,AT0043940,,tele_agent,TA016,2026-06-11 19:01:19,2026-06-12,300.0,300.0,self,True
PTP003141,AC000728,call,AT0043959,,tele_agent,TA017,2026-06-11 14:19:07,2026-07-02,4200.0,10950.0,self,False
PTP003142,AC000995,call,AT0043976,,tele_agent,TA008,2026-06-11 18:32:25,2026-06-12,3750.0,3750.0,self,False
PTP003143,AC001160,call,AT0043982,,tele_agent,TA020,2026-06-11 17:11:26,2026-06-18,14250.0,14250.0,self,True
PTP003144,AC001196,call,AT0043986,,tele_agent,TA004,2026-06-11 17:31:02,2026-06-17,7150.0,7150.0,third_party,True
PTP003145,AC001574,call,AT0044000,,tele_agent,TA013,2026-06-11 13:38:26,2026-06-15,21200.0,21200.0,self,True
PTP003146,AC001783,call,AT0044010,,tele_agent,TA002,2026-06-11 18:08:40,2026-06-28,9050.0,9050.0,self,True
PTP003147,AC002239,call,AT0044046,,tele_agent,TA009,2026-06-11 18:02:28,2026-06-12,28700.0,28700.0,self,True
PTP003148,AC002277,call,AT0044048,,tele_agent,TA016,2026-06-11 14:48:57,2026-06-18,1700.0,2750.0,self,False
PTP003149,AC002287,call,AT0044049,,tele_agent,TA003,2026-06-11 16:38:31,2026-06-15,2000.0,3700.0,self,True
PTP003150,AC000918,field_visit,,VS004440,field,FA001,2026-06-11 13:21:30,2026-06-12,57700.0,57700.0,self,False
PTP003151,AC000420,field_visit,,VS004446,field,FA003,2026-06-11 12:12:01,2026-06-12,38000.0,38000.0,self,False
PTP003152,AC000857,field_visit,,VS004453,field,FA002,2026-06-11 10:56:49,2026-06-18,4300.0,4300.0,self,True
PTP003153,AC002098,field_visit,,VS004460,field,FA002,2026-06-11 14:02:31,2026-06-30,9200.0,9200.0,self,False
PTP003154,AC000327,field_visit,,VS004471,field,FA005,2026-06-11 12:41:29,2026-06-30,193550.0,193550.0,self,False
PTP003155,AC001035,field_visit,,VS004475,field,FA004,2026-06-11 12:02:21,2026-06-13,1400.0,3800.0,self,False
PTP003156,AC002229,field_visit,,VS004476,field,FA004,2026-06-11 12:11:25,2026-06-16,9300.0,9300.0,self,False
PTP003157,AC000410,field_visit,,VS004506,field,FA008,2026-06-11 10:24:07,2026-06-19,22000.0,22000.0,self,False
PTP003158,AC000128,call,AT0044076,,tele_agent,TA003,2026-06-12 09:34:32,2026-06-15,2200.0,2200.0,self,True
PTP003159,AC000293,call,AT0044102,,tele_agent,TA019,2026-06-12 10:02:38,2026-06-17,2900.0,2900.0,self,True
PTP003160,AC000319,call,AT0044107,,tele_agent,TA006,2026-06-12 09:02:40,2026-06-18,1000.0,3300.0,self,True
PTP003161,AC000438,call,AT0044124,,tele_agent,TA016,2026-06-12 09:07:55,2026-06-19,1750.0,1750.0,self,False
PTP003162,AC000493,call,AT0044132,,tele_agent,TA016,2026-06-12 08:08:37,2026-06-18,1600.0,4300.0,self,True
PTP003163,AC000984,call,AT0044203,,tele_agent,TA004,2026-06-12 09:38:37,2026-06-20,2800.0,4350.0,third_party,True
PTP003164,AC000994,call,AT0044206,,tele_agent,TA014,2026-06-12 11:03:52,2026-06-13,650.0,650.0,self,True
PTP003165,AC001169,call,AT0044226,,tele_agent,TA011,2026-06-12 12:21:37,2026-06-13,7700.0,16000.0,self,True
PTP003166,AC001367,call,AT0044262,,tele_agent,TA017,2026-06-12 08:36:36,2026-06-19,5100.0,5100.0,self,True
PTP003167,AC001416,call,AT0044267,,tele_agent,TA015,2026-06-12 08:14:51,2026-06-18,2500.0,3800.0,self,True
PTP003168,AC001534,call,AT0044283,,tele_agent,TA016,2026-06-12 08:05:18,2026-06-17,21300.0,39900.0,self,False
PTP003169,AC001761,call,AT0044312,,tele_agent,TA014,2026-06-12 09:01:03,2026-06-13,16700.0,16700.0,self,False
PTP003170,AC001793,call,AT0044317,,tele_agent,TA020,2026-06-12 08:31:11,2026-06-19,6700.0,17750.0,third_party,True
PTP003171,AC001826,call,AT0044321,,tele_agent,TA016,2026-06-12 09:22:15,2026-06-19,28350.0,28350.0,self,True
PTP003172,AC001827,call,AT0044322,,tele_agent,TA010,2026-06-12 10:38:21,2026-07-06,800.0,1550.0,self,True
PTP003173,AC001907,call,AT0044333,,tele_agent,TA006,2026-06-12 10:59:56,2026-06-14,33300.0,33300.0,self,True
PTP003174,AC002061,call,AT0044356,,tele_agent,TA003,2026-06-12 09:54:01,2026-06-30,3000.0,6300.0,self,True
PTP003175,AC002188,call,AT0044376,,tele_agent,TA010,2026-06-12 09:18:15,2026-06-22,4000.0,4000.0,self,True
PTP003176,AC002195,call,AT0044378,,tele_agent,TA005,2026-06-12 08:53:51,2026-06-13,2950.0,2950.0,self,False
PTP003177,AC002198,call,AT0044379,,tele_agent,TA011,2026-06-12 11:34:59,2026-07-02,1550.0,1550.0,self,True
PTP003178,AC002304,call,AT0044397,,tele_agent,TA003,2026-06-12 08:57:15,2026-06-13,17800.0,33000.0,self,True
PTP003179,AC000381,call,AT0044432,,tele_agent,TA012,2026-06-12 16:39:53,2026-06-19,3300.0,3300.0,third_party,True
PTP003180,AC000890,call,AT0044459,,tele_agent,TA008,2026-06-12 18:59:33,2026-06-19,8000.0,8000.0,self,True
PTP003181,AC000938,call,AT0044460,,tele_agent,TA020,2026-06-12 15:14:48,2026-06-13,2950.0,2950.0,self,True
PTP003182,AC001346,call,AT0044483,,tele_agent,TA002,2026-06-12 18:13:52,2026-06-13,4500.0,8000.0,self,True
PTP003183,AC001489,call,AT0044489,,tele_agent,TA012,2026-06-12 14:25:00,2026-06-14,7500.0,18600.0,self,True
PTP003184,AC001685,call,AT0044497,,tele_agent,TA013,2026-06-12 17:02:47,2026-06-30,73800.0,73800.0,self,False
PTP003185,AC001759,call,AT0044502,,tele_agent,TA011,2026-06-12 15:19:04,2026-06-13,2150.0,2150.0,self,False
PTP003186,AC000226,field_visit,,VS004532,field,FA003,2026-06-12 11:12:21,2026-06-14,6700.0,13500.0,self,False
PTP003187,AC002389,field_visit,,VS004547,field,FA004,2026-06-12 12:11:15,2026-06-21,9700.0,9700.0,self,True
PTP003188,AC001657,field_visit,,VS004558,field,FA006,2026-06-12 10:20:31,2026-07-03,8250.0,8250.0,self,False
PTP003189,AC000838,field_visit,,VS004565,field,FA008,2026-06-12 10:28:47,2026-07-07,39800.0,39800.0,self,False
PTP003190,AC001488,field_visit,,VS004574,field,FA007,2026-06-12 12:52:34,2026-06-15,1200.0,1200.0,self,True
PTP003191,AC001109,field_visit,,VS004575,field,FA007,2026-06-12 13:35:06,2026-06-19,9400.0,9400.0,self,False
PTP003192,AC002090,field_visit,,VS004577,field,FA009,2026-06-12 10:39:05,2026-06-13,104750.0,104750.0,self,False
PTP003193,AC000343,call,AT0044589,,tele_agent,TA017,2026-06-13 12:11:28,2026-06-25,500.0,700.0,self,False
PTP003194,AC000442,call,AT0044600,,tele_agent,TA009,2026-06-13 10:52:56,2026-06-22,42300.0,42300.0,self,True
PTP003195,AC000666,call,AT0044634,,tele_agent,TA015,2026-06-13 10:12:51,2026-07-07,16000.0,24700.0,self,True
PTP003196,AC000893,call,AT0044656,,tele_agent,TA011,2026-06-13 09:17:43,2026-07-08,143000.0,143000.0,self,True
PTP003197,AC000962,call,AT0044664,,tele_agent,TA009,2026-06-13 08:26:32,2026-06-20,1750.0,1750.0,self,True
PTP003198,AC001004,call,AT0044675,,tele_agent,TA005,2026-06-13 08:27:54,2026-06-14,3450.0,3450.0,self,False
PTP003199,AC001174,call,AT0044696,,tele_agent,TA008,2026-06-13 10:06:41,2026-06-15,4350.0,4350.0,self,False
PTP003200,AC001242,call,AT0044704,,tele_agent,TA008,2026-06-13 11:45:38,2026-06-20,500.0,1600.0,third_party,True
PTP003201,AC001267,call,AT0044710,,tele_agent,TA006,2026-06-13 12:46:41,2026-06-15,4900.0,7900.0,self,True
PTP003202,AC001318,call,AT0044720,,tele_agent,TA003,2026-06-13 08:49:21,2026-06-14,500.0,650.0,self,True
PTP003203,AC001341,call,AT0044725,,tele_agent,TA009,2026-06-13 08:23:30,2026-06-14,38750.0,38750.0,self,False
PTP003204,AC001425,call,AT0044731,,tele_agent,TA018,2026-06-13 11:23:35,2026-06-20,6300.0,6300.0,self,True
PTP003205,AC001434,call,AT0044732,,tele_agent,TA017,2026-06-13 11:46:53,2026-06-15,8700.0,8700.0,self,True
PTP003206,AC001435,call,AT0044733,,tele_agent,TA012,2026-06-13 08:56:34,2026-07-08,26250.0,26250.0,self,False
PTP003207,AC001507,call,AT0044738,,tele_agent,TA011,2026-06-13 09:51:37,2026-06-20,15000.0,28950.0,self,False
PTP003208,AC001578,call,AT0044752,,tele_agent,TA009,2026-06-13 09:40:41,2026-06-14,750.0,750.0,self,True
PTP003209,AC001624,call,AT0044758,,tele_agent,TA006,2026-06-13 10:44:35,2026-06-19,3800.0,3800.0,self,False
PTP003210,AC001733,call,AT0044776,,tele_agent,TA004,2026-06-13 10:10:32,2026-07-02,14400.0,14400.0,self,False
PTP003211,AC001851,call,AT0044784,,tele_agent,TA008,2026-06-13 09:11:52,2026-06-17,3450.0,3450.0,self,False
PTP003212,AC002041,call,AT0044817,,tele_agent,TA012,2026-06-13 12:40:41,2026-06-20,8400.0,27300.0,third_party,True
PTP003213,AC002177,call,AT0044839,,tele_agent,TA016,2026-06-13 08:19:47,2026-07-08,1100.0,2200.0,self,False
PTP003214,AC002187,call,AT0044842,,tele_agent,TA002,2026-06-13 09:24:31,2026-06-20,35700.0,35700.0,self,True
PTP003215,AC002230,call,AT0044847,,tele_agent,TA004,2026-06-13 09:44:55,2026-06-29,900.0,2600.0,self,True
PTP003216,AC002319,call,AT0044854,,tele_agent,TA020,2026-06-13 12:04:39,2026-06-21,600.0,1000.0,self,True
PTP003217,AC000039,call,AT0044864,,tele_agent,TA013,2026-06-13 18:41:35,2026-06-21,3500.0,7200.0,self,True
PTP003218,AC000127,call,AT0044866,,tele_agent,TA010,2026-06-13 13:33:45,2026-06-20,2500.0,2500.0,third_party,False
PTP003219,AC000208,call,AT0044874,,tele_agent,TA002,2026-06-13 15:51:27,2026-06-20,4050.0,4050.0,self,True
PTP003220,AC001856,call,AT0044945,,tele_agent,TA004,2026-06-13 13:09:58,2026-06-14,2500.0,2500.0,self,True
PTP003221,AC001086,field_visit,,VS004585,field,FA001,2026-06-13 10:36:38,2026-06-23,73800.0,73800.0,self,False
PTP003222,AC001834,field_visit,,VS004589,field,FA001,2026-06-13 11:33:03,2026-06-30,4600.0,6900.0,self,False
PTP003223,AC001305,field_visit,,VS004596,field,FA003,2026-06-13 11:05:40,2026-06-30,8250.0,8250.0,self,False
PTP003224,AC001555,field_visit,,VS004614,field,FA004,2026-06-13 12:14:02,2026-06-18,1000.0,2800.0,self,False
PTP003225,AC002303,field_visit,,VS004623,field,FA005,2026-06-13 10:14:38,2026-06-23,4200.0,4200.0,self,False
PTP003226,AC000158,field_visit,,VS004637,field,FA008,2026-06-13 10:14:49,2026-06-20,21600.0,32250.0,self,False
PTP003227,AC000360,call,AT0044993,,tele_agent,TA005,2026-06-14 12:22:37,2026-06-18,35700.0,35700.0,self,True
PTP003228,AC000599,call,AT0045004,,tele_agent,TA001,2026-06-14 08:08:05,2026-06-21,3750.0,3750.0,self,True
PTP003229,AC000864,call,AT0045016,,tele_agent,TA013,2026-06-14 08:31:21,2026-06-20,32400.0,32400.0,self,True
PTP003230,AC001351,call,AT0045039,,tele_agent,TA012,2026-06-14 10:36:40,2026-07-01,1700.0,2700.0,self,False
PTP003231,AC001447,call,AT0045044,,tele_agent,TA019,2026-06-14 09:21:30,2026-06-15,54250.0,54250.0,self,True
PTP003232,AC001949,call,AT0045073,,tele_agent,TA020,2026-06-14 08:18:22,2026-06-30,2600.0,2600.0,self,True
PTP003233,AC002239,call,AT0045096,,tele_agent,TA009,2026-06-14 11:43:22,2026-06-16,13100.0,28700.0,self,False
PTP003234,AC000695,call,AT0045110,,tele_agent,TA016,2026-06-14 13:05:39,2026-06-18,2600.0,2600.0,self,False
PTP003235,AC001843,call,AT0045130,,tele_agent,TA011,2026-06-14 15:58:22,2026-06-21,20400.0,32800.0,self,False
PTP003236,AC002158,call,AT0045139,,tele_agent,TA005,2026-06-14 18:25:04,2026-06-21,9750.0,9750.0,self,False
PTP003237,AC002234,call,AT0045142,,tele_agent,TA004,2026-06-14 18:51:32,2026-06-17,2300.0,2300.0,self,True
PTP003238,AC000216,call,AT0045170,,tele_agent,TA015,2026-06-15 09:18:16,2026-06-20,7100.0,12000.0,self,True
PTP003239,AC000232,call,AT0045173,,tele_agent,TA017,2026-06-15 08:08:08,2026-06-25,24400.0,24400.0,self,True
PTP003240,AC000244,call,AT0045174,,tele_agent,TA004,2026-06-15 10:58:17,2026-06-16,15050.0,15050.0,self,True
PTP003241,AC000514,call,AT0045200,,tele_agent,TA011,2026-06-15 08:02:55,2026-06-22,6150.0,6150.0,third_party,True
PTP003242,AC000515,call,AT0045201,,tele_agent,TA010,2026-06-15 10:41:52,2026-06-16,2600.0,2600.0,self,True
PTP003243,AC000674,call,AT0045222,,tele_agent,TA006,2026-06-15 08:11:15,2026-07-09,25700.0,25700.0,self,False
PTP003244,AC000783,call,AT0045241,,tele_agent,TA008,2026-06-15 08:40:05,2026-06-17,1150.0,1150.0,self,True
PTP003245,AC000961,call,AT0045275,,tele_agent,TA006,2026-06-15 09:32:59,2026-06-25,2000.0,2000.0,self,False
PTP003246,AC001094,call,AT0045296,,tele_agent,TA007,2026-06-15 09:22:05,2026-06-16,4650.0,4650.0,self,True
PTP003247,AC001204,call,AT0045314,,tele_agent,TA002,2026-06-15 08:03:44,2026-06-29,58400.0,58400.0,self,False
PTP003248,AC001233,call,AT0045319,,tele_agent,TA015,2026-06-15 10:17:38,2026-06-16,2400.0,2400.0,self,True
PTP003249,AC001310,call,AT0045335,,tele_agent,TA018,2026-06-15 11:45:40,2026-06-22,11900.0,11900.0,self,True
PTP003250,AC001366,call,AT0045343,,tele_agent,TA013,2026-06-15 10:23:16,2026-06-16,1100.0,1100.0,self,True
PTP003251,AC001368,call,AT0045344,,tele_agent,TA017,2026-06-15 12:18:18,2026-06-22,28050.0,28050.0,self,False
PTP003252,AC001371,call,AT0045345,,tele_agent,TA019,2026-06-15 09:00:32,2026-06-21,1350.0,1350.0,self,True
PTP003253,AC001458,call,AT0045357,,tele_agent,TA009,2026-06-15 09:25:32,2026-06-22,6800.0,18050.0,self,True
PTP003254,AC001467,call,AT0045360,,tele_agent,TA011,2026-06-15 11:18:29,2026-06-22,1150.0,1150.0,self,False
PTP003255,AC001541,call,AT0045371,,tele_agent,TA018,2026-06-15 12:04:51,2026-06-16,5900.0,16300.0,self,False
PTP003256,AC001569,call,AT0045376,,tele_agent,TA018,2026-06-15 11:37:40,2026-06-30,900.0,1300.0,self,True
PTP003257,AC001606,call,AT0045382,,tele_agent,TA018,2026-06-15 11:07:36,2026-06-22,61000.0,61000.0,self,True
PTP003258,AC001620,call,AT0045383,,tele_agent,TA018,2026-06-15 12:22:47,2026-06-22,8600.0,8600.0,self,True
PTP003259,AC001717,call,AT0045393,,tele_agent,TA020,2026-06-15 12:13:54,2026-06-17,8100.0,8100.0,self,False
PTP003260,AC001721,call,AT0045394,,tele_agent,TA016,2026-06-15 08:15:16,2026-06-20,10100.0,10100.0,self,True
PTP003261,AC001785,call,AT0045399,,tele_agent,TA020,2026-06-15 09:12:05,2026-06-17,14000.0,14000.0,self,True
PTP003262,AC001963,call,AT0045425,,tele_agent,TA004,2026-06-15 08:36:40,2026-06-22,12600.0,12600.0,self,True
PTP003263,AC002347,call,AT0045475,,tele_agent,TA003,2026-06-15 12:35:31,2026-06-23,5250.0,5250.0,self,False
PTP003264,AC000050,call,AT0045486,,tele_agent,TA002,2026-06-15 13:27:35,2026-06-22,30900.0,30900.0,self,True
PTP003265,AC000330,call,AT0045494,,tele_agent,TA010,2026-06-15 14:39:02,2026-06-16,4650.0,4650.0,self,True
PTP003266,AC000540,call,AT0045502,,tele_agent,TA006,2026-06-15 17:10:54,2026-06-21,2100.0,4500.0,self,True
PTP003267,AC001679,call,AT0045559,,tele_agent,TA004,2026-06-15 13:22:52,2026-06-17,7200.0,7200.0,self,False
PTP003268,AC001994,call,AT0045576,,tele_agent,TA003,2026-06-15 18:12:41,2026-07-10,3600.0,5100.0,self,False
PTP003269,AC002191,call,AT0045589,,tele_agent,TA020,2026-06-15 18:45:12,2026-06-30,1200.0,1900.0,self,True
PTP003270,AC000955,field_visit,,VS004654,field,FA001,2026-06-15 11:41:36,2026-06-18,7500.0,7500.0,self,False
PTP003271,AC000953,field_visit,,VS004656,field,FA001,2026-06-15 12:06:51,2026-07-09,94000.0,94000.0,self,True
PTP003272,AC000506,field_visit,,VS004657,field,FA001,2026-06-15 12:35:15,2026-06-17,13500.0,21500.0,self,False
PTP003273,AC002275,field_visit,,VS004666,field,FA002,2026-06-15 13:03:03,2026-06-22,5550.0,5550.0,self,False
PTP003274,AC000040,field_visit,,VS004688,field,FA005,2026-06-15 12:00:10,2026-06-16,77400.0,77400.0,self,False
PTP003275,AC000028,field_visit,,VS004693,field,FA004,2026-06-15 10:38:05,2026-06-30,109200.0,109200.0,self,False
PTP003276,AC001792,field_visit,,VS004705,field,FA009,2026-06-15 10:40:14,2026-06-19,107250.0,107250.0,self,True
PTP003277,AC001172,field_visit,,VS004712,field,FA008,2026-06-15 10:50:12,2026-06-22,19800.0,19800.0,self,True
PTP003278,AC000874,field_visit,,VS004720,field,FA007,2026-06-15 11:26:01,2026-06-24,22250.0,22250.0,self,False
PTP003279,AC000165,call,AT0045626,,tele_agent,TA005,2026-06-16 09:24:25,2026-06-17,2050.0,2050.0,self,True
PTP003280,AC000181,call,AT0045628,,tele_agent,TA002,2026-06-16 09:45:59,2026-06-18,2300.0,3950.0,self,False
PTP003281,AC000195,call,AT0045631,,tele_agent,TA001,2026-06-16 10:39:24,2026-06-29,8200.0,8200.0,self,False
PTP003282,AC000459,call,AT0045667,,tele_agent,TA006,2026-06-16 11:14:32,2026-07-07,2350.0,2350.0,self,True
PTP003283,AC000593,call,AT0045682,,tele_agent,TA013,2026-06-16 10:20:54,2026-06-26,1600.0,1600.0,self,True
PTP003284,AC000732,call,AT0045702,,tele_agent,TA013,2026-06-16 11:54:32,2026-06-25,6600.0,6600.0,third_party,False
PTP003285,AC000746,call,AT0045705,,tele_agent,TA005,2026-06-16 12:28:41,2026-06-17,5400.0,16450.0,self,False
PTP003286,AC000941,call,AT0045726,,tele_agent,TA017,2026-06-16 09:21:27,2026-06-18,17400.0,55000.0,self,True
PTP003287,AC001020,call,AT0045744,,tele_agent,TA012,2026-06-16 11:23:12,2026-06-20,139250.0,139250.0,self,True
PTP003288,AC001103,call,AT0045754,,tele_agent,TA019,2026-06-16 09:08:36,2026-06-23,110400.0,110400.0,self,True
PTP003289,AC001267,call,AT0045777,,tele_agent,TA006,2026-06-16 08:32:31,2026-06-18,3000.0,3000.0,self,True
PTP003290,AC001293,call,AT0045781,,tele_agent,TA003,2026-06-16 09:42:27,2026-06-30,550.0,550.0,self,True
PTP003291,AC001303,call,AT0045784,,tele_agent,TA020,2026-06-16 08:26:10,2026-06-23,5900.0,5900.0,self,True
PTP003292,AC001363,call,AT0045792,,tele_agent,TA006,2026-06-16 11:56:42,2026-07-03,71400.0,71400.0,self,False
PTP003293,AC001491,call,AT0045806,,tele_agent,TA002,2026-06-16 09:18:54,2026-06-23,27450.0,27450.0,self,True
PTP003294,AC001824,call,AT0045853,,tele_agent,TA009,2026-06-16 10:24:03,2026-06-19,1900.0,1900.0,self,True
PTP003295,AC001971,call,AT0045872,,tele_agent,TA009,2026-06-16 08:06:54,2026-07-01,9100.0,9100.0,self,True
PTP003296,AC002119,call,AT0045903,,tele_agent,TA016,2026-06-16 08:17:35,2026-06-18,2700.0,2700.0,self,True
PTP003297,AC002256,call,AT0045925,,tele_agent,TA019,2026-06-16 12:32:53,2026-06-17,2850.0,2850.0,self,True
PTP003298,AC002364,call,AT0045941,,tele_agent,TA008,2026-06-16 09:37:05,2026-06-17,26600.0,43500.0,self,False
PTP003299,AC000375,call,AT0045963,,tele_agent,TA009,2026-06-16 15:11:43,2026-06-17,3100.0,3100.0,self,False
PTP003300,AC000524,call,AT0045968,,tele_agent,TA001,2026-06-16 17:23:33,2026-06-17,3700.0,3700.0,self,False
PTP003301,AC000541,call,AT0045969,,tele_agent,TA020,2026-06-16 15:36:49,2026-06-19,2800.0,5950.0,self,True
PTP003302,AC000733,call,AT0045977,,tele_agent,TA004,2026-06-16 17:51:13,2026-06-20,3950.0,3950.0,self,False
PTP003303,AC000769,call,AT0045979,,tele_agent,TA002,2026-06-16 18:45:42,2026-07-07,6750.0,6750.0,self,True
PTP003304,AC001008,call,AT0045997,,tele_agent,TA020,2026-06-16 18:50:50,2026-07-09,2200.0,2200.0,self,False
PTP003305,AC001515,call,AT0046020,,tele_agent,TA002,2026-06-16 14:23:40,2026-06-21,32300.0,32300.0,self,True
PTP003306,AC001545,call,AT0046021,,tele_agent,TA010,2026-06-16 14:52:02,2026-06-22,2900.0,2900.0,self,True
PTP003307,AC002002,call,AT0046040,,tele_agent,TA002,2026-06-16 15:19:34,2026-06-21,29500.0,78000.0,self,True
PTP003308,AC002073,call,AT0046047,,tele_agent,TA009,2026-06-16 17:03:39,2026-07-11,1650.0,1650.0,self,True
PTP003309,AC002225,field_visit,,VS004738,field,FA003,2026-06-16 11:37:44,2026-06-23,5300.0,14800.0,self,True
PTP003310,AC002231,field_visit,,VS004741,field,FA003,2026-06-16 12:27:11,2026-06-26,23300.0,23300.0,self,False
PTP003311,AC000972,field_visit,,VS004747,field,FA002,2026-06-16 11:45:54,2026-06-30,11600.0,11600.0,self,False
PTP003312,AC000336,field_visit,,VS004752,field,FA006,2026-06-16 10:17:53,2026-06-17,460200.0,460200.0,self,False
PTP003313,AC001977,field_visit,,VS004768,field,FA005,2026-06-16 10:38:27,2026-06-23,11200.0,24800.0,family_member,False
PTP003314,AC001350,field_visit,,VS004777,field,FA007,2026-06-16 12:04:52,2026-07-09,30900.0,30900.0,self,False
PTP003315,AC002169,field_visit,,VS004778,field,FA007,2026-06-16 12:32:24,2026-06-23,3400.0,3400.0,self,False
PTP003316,AC002103,field_visit,,VS004781,field,FA008,2026-06-16 10:50:33,2026-06-23,29400.0,29400.0,family_member,True
PTP003317,AC002264,field_visit,,VS004782,field,FA008,2026-06-16 11:27:16,2026-06-23,6900.0,6900.0,self,False
PTP003318,AC001197,field_visit,,VS004787,field,FA009,2026-06-16 10:40:04,2026-06-21,10400.0,10400.0,self,True
PTP003319,AC000675,field_visit,,VS004789,field,FA009,2026-06-16 11:26:31,2026-06-23,15200.0,15200.0,self,False
PTP003320,AC000100,call,AT0046076,,tele_agent,TA009,2026-06-17 08:27:44,2026-06-24,2800.0,6000.0,self,True
PTP003321,AC000210,call,AT0046097,,tele_agent,TA010,2026-06-17 09:46:52,2026-06-24,1700.0,3750.0,third_party,False
PTP003322,AC000317,call,AT0046110,,tele_agent,TA008,2026-06-17 12:01:02,2026-06-24,24500.0,24500.0,self,True
PTP003323,AC000461,call,AT0046128,,tele_agent,TA004,2026-06-17 10:33:52,2026-06-30,400.0,400.0,self,True
PTP003324,AC000665,call,AT0046153,,tele_agent,TA007,2026-06-17 10:44:18,2026-06-19,4900.0,4900.0,self,True
PTP003325,AC000696,call,AT0046156,,tele_agent,TA001,2026-06-17 12:04:48,2026-06-19,15750.0,15750.0,self,True
PTP003326,AC000938,call,AT0046194,,tele_agent,TA020,2026-06-17 08:51:13,2026-07-12,2950.0,2950.0,self,False
PTP003327,AC001007,call,AT0046204,,tele_agent,TA012,2026-06-17 10:18:23,2026-06-24,2250.0,2250.0,family_member,False
PTP003328,AC001018,call,AT0046206,,tele_agent,TA003,2026-06-17 12:05:50,2026-07-02,1450.0,1450.0,self,True
PTP003329,AC001229,call,AT0046240,,tele_agent,TA020,2026-06-17 10:51:45,2026-06-24,5200.0,5200.0,self,False
PTP003330,AC001287,call,AT0046247,,tele_agent,TA018,2026-06-17 10:34:04,2026-06-30,500.0,650.0,self,True
PTP003331,AC001316,call,AT0046251,,tele_agent,TA003,2026-06-17 08:58:00,2026-06-24,2550.0,2550.0,self,False
PTP003332,AC001541,call,AT0046268,,tele_agent,TA018,2026-06-17 10:44:22,2026-06-24,16300.0,16300.0,self,True
PTP003333,AC001583,call,AT0046272,,tele_agent,TA017,2026-06-17 10:48:21,2026-06-18,19400.0,19400.0,self,True
PTP003334,AC001876,call,AT0046310,,tele_agent,TA001,2026-06-17 11:44:54,2026-06-21,1900.0,1900.0,self,False
PTP003335,AC002048,call,AT0046345,,tele_agent,TA018,2026-06-17 11:20:29,2026-06-25,1750.0,1750.0,self,True
PTP003336,AC002192,call,AT0046376,,tele_agent,TA002,2026-06-17 10:09:29,2026-06-20,12100.0,24000.0,self,True
PTP003337,AC002199,call,AT0046377,,tele_agent,TA018,2026-06-17 11:31:41,2026-06-20,5700.0,5700.0,self,False
PTP003338,AC000351,call,AT0046416,,tele_agent,TA009,2026-06-17 18:13:38,2026-07-07,7600.0,20500.0,self,True
PTP003339,AC001079,call,AT0046454,,tele_agent,TA009,2026-06-17 18:14:52,2026-07-12,13850.0,13850.0,self,False
PTP003340,AC001107,call,AT0046458,,tele_agent,TA020,2026-06-17 14:01:08,2026-06-20,650.0,650.0,self,True
PTP003341,AC002360,call,AT0046514,,tele_agent,TA009,2026-06-17 15:09:25,2026-07-06,1600.0,4100.0,self,True
PTP003342,AC001945,field_visit,,VS004797,field,FA003,2026-06-17 12:12:15,2026-06-18,4700.0,4700.0,self,False
PTP003343,AC001223,field_visit,,VS004821,field,FA006,2026-06-17 10:29:32,2026-06-20,33500.0,33500.0,self,False
PTP003344,AC000873,field_visit,,VS004837,field,FA004,2026-06-17 11:29:52,2026-06-22,25200.0,25200.0,self,False
PTP003345,AC002056,field_visit,,VS004854,field,FA008,2026-06-17 12:53:33,2026-07-10,3800.0,6700.0,self,True
PTP003346,AC001536,field_visit,,VS004862,field,FA009,2026-06-17 12:53:33,2026-07-10,14400.0,14400.0,self,False
PTP003347,AC000077,call,AT0046523,,tele_agent,TA013,2026-06-18 11:53:27,2026-06-19,9000.0,9000.0,self,True
PTP003348,AC000088,call,AT0046524,,tele_agent,TA020,2026-06-18 12:54:12,2026-06-25,11150.0,11150.0,self,False
PTP003349,AC000140,call,AT0046531,,tele_agent,TA014,2026-06-18 12:34:58,2026-06-19,55500.0,55500.0,self,True
PTP003350,AC000143,call,AT0046532,,tele_agent,TA003,2026-06-18 09:36:51,2026-06-30,450.0,450.0,self,False
PTP003351,AC000162,call,AT0046536,,tele_agent,TA013,2026-06-18 10:00:53,2026-06-23,5000.0,5000.0,self,False
PTP003352,AC000293,call,AT0046556,,tele_agent,TA019,2026-06-18 09:04:31,2026-07-13,900.0,2900.0,self,True
PTP003353,AC000366,call,AT0046565,,tele_agent,TA020,2026-06-18 11:48:55,2026-06-25,2800.0,2800.0,self,False
PTP003354,AC000374,call,AT0046568,,tele_agent,TA016,2026-06-18 08:29:56,2026-06-25,900.0,1400.0,self,False
PTP003355,AC000420,call,AT0046579,,tele_agent,TA004,2026-06-18 10:41:02,2026-06-25,20500.0,38000.0,self,True
PTP003356,AC000914,call,AT0046655,,tele_agent,TA001,2026-06-18 10:16:52,2026-06-26,7500.0,16000.0,self,True
PTP003357,AC000916,call,AT0046656,,tele_agent,TA020,2026-06-18 11:16:48,2026-06-26,25100.0,25100.0,self,False
PTP003358,AC001077,call,AT0046678,,tele_agent,TA009,2026-06-18 09:22:53,2026-06-25,17350.0,17350.0,self,True
PTP003359,AC001078,call,AT0046679,,tele_agent,TA016,2026-06-18 12:02:54,2026-07-09,3000.0,3000.0,self,True
PTP003360,AC001484,call,AT0046730,,tele_agent,TA006,2026-06-18 10:03:51,2026-06-22,161000.0,161000.0,self,True
PTP003361,AC001667,call,AT0046757,,tele_agent,TA010,2026-06-18 08:41:20,2026-06-20,24500.0,24500.0,self,True
PTP003362,AC001775,call,AT0046764,,tele_agent,TA014,2026-06-18 12:01:04,2026-06-20,1100.0,1100.0,self,True
PTP003363,AC001902,call,AT0046781,,tele_agent,TA012,2026-06-18 10:13:27,2026-06-24,10200.0,10200.0,self,True
PTP003364,AC002240,call,AT0046835,,tele_agent,TA016,2026-06-18 09:09:51,2026-06-25,3300.0,3300.0,self,True
PTP003365,AC002243,call,AT0046836,,tele_agent,TA019,2026-06-18 12:37:07,2026-06-25,9800.0,16250.0,self,True
PTP003366,AC002268,call,AT0046841,,tele_agent,TA012,2026-06-18 08:42:18,2026-06-25,600.0,600.0,self,True
PTP003367,AC000172,call,AT0046864,,tele_agent,TA009,2026-06-18 17:57:45,2026-06-21,250.0,250.0,self,True
PTP003368,AC000283,call,AT0046871,,tele_agent,TA010,2026-06-18 14:44:46,2026-06-25,4000.0,4000.0,self,True
PTP003369,AC000615,call,AT0046888,,tele_agent,TA014,2026-06-18 18:14:12,2026-06-22,5850.0,5850.0,third_party,False
PTP003370,AC000673,call,AT0046889,,tele_agent,TA003,2026-06-18 17:54:48,2026-06-25,5250.0,5250.0,self,True
PTP003371,AC000700,call,AT0046890,,tele_agent,TA016,2026-06-18 18:29:51,2026-06-20,3800.0,5900.0,self,True
PTP003372,AC000836,call,AT0046895,,tele_agent,TA007,2026-06-18 14:52:39,2026-06-25,72200.0,72200.0,self,False
PTP003373,AC000883,call,AT0046900,,tele_agent,TA014,2026-06-18 17:02:16,2026-06-30,4300.0,4300.0,self,True
PTP003374,AC001147,call,AT0046912,,tele_agent,TA015,2026-06-18 18:20:59,2026-07-05,15800.0,15800.0,self,True
PTP003375,AC001300,call,AT0046918,,tele_agent,TA005,2026-06-18 16:38:57,2026-06-19,6350.0,6350.0,self,True
PTP003376,AC001833,call,AT0046938,,tele_agent,TA014,2026-06-18 17:08:29,2026-06-25,1400.0,2350.0,self,True
PTP003377,AC001900,call,AT0046941,,tele_agent,TA003,2026-06-18 17:29:17,2026-06-19,50850.0,50850.0,self,True
PTP003378,AC001930,call,AT0046944,,tele_agent,TA019,2026-06-18 14:21:11,2026-06-19,51800.0,51800.0,self,False
PTP003379,AC002239,call,AT0046959,,tele_agent,TA009,2026-06-18 17:03:25,2026-06-26,28700.0,28700.0,self,False
PTP003380,AC002393,call,AT0046965,,tele_agent,TA012,2026-06-18 15:57:33,2026-06-26,3800.0,8100.0,self,False
PTP003381,AC001354,field_visit,,VS004867,field,FA003,2026-06-18 11:17:41,2026-06-25,3100.0,9000.0,family_member,False
PTP003382,AC000701,field_visit,,VS004873,field,FA002,2026-06-18 11:19:45,2026-06-27,10600.0,20400.0,family_member,False
PTP003383,AC002178,field_visit,,VS004881,field,FA001,2026-06-18 11:45:58,2026-06-19,57800.0,57800.0,self,False
PTP003384,AC000662,field_visit,,VS004890,field,FA005,2026-06-18 11:17:19,2026-06-29,14200.0,14200.0,self,False
PTP003385,AC001398,field_visit,,VS004909,field,FA006,2026-06-18 11:29:38,2026-06-24,2200.0,4350.0,self,False
PTP003386,AC000075,field_visit,,VS004912,field,FA009,2026-06-18 10:38:16,2026-06-25,30000.0,30000.0,self,False
PTP003387,AC001239,field_visit,,VS004917,field,FA009,2026-06-18 12:31:05,2026-06-25,17850.0,17850.0,self,False
PTP003388,AC000560,field_visit,,VS004918,field,FA009,2026-06-18 12:52:18,2026-06-19,15800.0,31150.0,self,False
PTP003389,AC001185,field_visit,,VS004923,field,FA008,2026-06-18 11:46:15,2026-06-19,4000.0,4000.0,self,False
PTP003390,AC000122,field_visit,,VS004928,field,FA007,2026-06-18 10:44:47,2026-06-22,50250.0,50250.0,self,False
PTP003391,AC001123,field_visit,,VS004929,field,FA007,2026-06-18 11:14:42,2026-06-30,68000.0,68000.0,self,False
PTP003392,AC000009,call,AT0046967,,tele_agent,TA019,2026-06-19 12:40:43,2026-07-06,17400.0,17400.0,self,True
PTP003393,AC000209,call,AT0046997,,tele_agent,TA015,2026-06-19 11:30:52,2026-07-03,1400.0,1400.0,self,False
PTP003394,AC000520,call,AT0047027,,tele_agent,TA001,2026-06-19 09:55:03,2026-06-28,4900.0,4900.0,self,True
PTP003395,AC000690,call,AT0047054,,tele_agent,TA008,2026-06-19 13:02:10,2026-06-29,1100.0,1100.0,self,False
PTP003396,AC000860,call,AT0047085,,tele_agent,TA010,2026-06-19 12:43:51,2026-06-20,8550.0,8550.0,self,True
PTP003397,AC000913,call,AT0047092,,tele_agent,TA005,2026-06-19 11:54:51,2026-06-20,600.0,850.0,self,True
PTP003398,AC000965,call,AT0047100,,tele_agent,TA019,2026-06-19 12:19:58,2026-07-07,1200.0,1200.0,self,True
PTP003399,AC000981,call,AT0047102,,tele_agent,TA020,2026-06-19 09:58:53,2026-06-20,3000.0,3000.0,self,True
PTP003400,AC001198,call,AT0047134,,tele_agent,TA012,2026-06-19 08:51:06,2026-07-02,7700.0,7700.0,self,True
PTP003401,AC001251,call,AT0047139,,tele_agent,TA019,2026-06-19 11:21:19,2026-06-26,32300.0,60000.0,self,True
PTP003402,AC001301,call,AT0047143,,tele_agent,TA009,2026-06-19 08:43:35,2026-06-28,32550.0,32550.0,self,False
PTP003403,AC001492,call,AT0047165,,tele_agent,TA016,2026-06-19 10:34:49,2026-06-20,2600.0,2600.0,self,False
PTP003404,AC001527,call,AT0047171,,tele_agent,TA012,2026-06-19 08:08:31,2026-06-23,8000.0,12500.0,self,True
PTP003405,AC001574,call,AT0047174,,tele_agent,TA013,2026-06-19 12:59:25,2026-06-23,21200.0,21200.0,self,True
PTP003406,AC001607,call,AT0047181,,tele_agent,TA010,2026-06-19 09:29:56,2026-07-03,171600.0,171600.0,self,True
PTP003407,AC001639,call,AT0047187,,tele_agent,TA009,2026-06-19 11:23:37,2026-06-21,6200.0,9450.0,self,False
PTP003408,AC001727,call,AT0047206,,tele_agent,TA004,2026-06-19 09:02:31,2026-06-22,31600.0,31600.0,self,False
PTP003409,AC001785,call,AT0047214,,tele_agent,TA020,2026-06-19 09:59:30,2026-06-27,5400.0,14000.0,self,True
PTP003410,AC001933,call,AT0047237,,tele_agent,TA016,2026-06-19 10:00:51,2026-06-26,1900.0,1900.0,self,True
PTP003411,AC002172,call,AT0047275,,tele_agent,TA015,2026-06-19 08:45:10,2026-07-03,4700.0,11050.0,self,True
PTP003412,AC002186,call,AT0047277,,tele_agent,TA009,2026-06-19 08:39:19,2026-06-23,2300.0,2300.0,third_party,False
PTP003413,AC002373,call,AT0047300,,tele_agent,TA004,2026-06-19 10:03:53,2026-06-21,1500.0,1500.0,self,True
PTP003414,AC000669,call,AT0047327,,tele_agent,TA005,2026-06-19 18:04:16,2026-06-25,2500.0,2500.0,self,True
PTP003415,AC001488,call,AT0047366,,tele_agent,TA007,2026-06-19 16:27:13,2026-06-22,1200.0,1200.0,self,True
PTP003416,AC001694,call,AT0047380,,tele_agent,TA014,2026-06-19 17:38:19,2026-06-28,2800.0,2800.0,self,True
PTP003417,AC001708,call,AT0047381,,tele_agent,TA015,2026-06-19 15:07:04,2026-06-30,7400.0,7400.0,self,True
PTP003418,AC002107,call,AT0047408,,tele_agent,TA017,2026-06-19 16:59:26,2026-06-30,7000.0,7000.0,self,True
PTP003419,AC001443,field_visit,,VS004944,field,FA003,2026-06-19 11:07:48,2026-06-20,50500.0,50500.0,self,False
PTP003420,AC001766,field_visit,,VS004947,field,FA003,2026-06-19 12:05:41,2026-06-25,2800.0,2800.0,family_member,True
PTP003421,AC002318,field_visit,,VS004948,field,FA003,2026-06-19 12:25:43,2026-06-26,38500.0,38500.0,self,True
PTP003422,AC002300,field_visit,,VS004963,field,FA004,2026-06-19 11:50:27,2026-06-30,4700.0,4700.0,self,True
PTP003423,AC002131,field_visit,,VS004973,field,FA005,2026-06-19 10:44:28,2026-06-25,27850.0,27850.0,family_member,True
PTP003424,AC002317,field_visit,,VS004997,field,FA008,2026-06-19 11:18:10,2026-06-26,5000.0,5000.0,self,False
PTP003425,AC000060,call,AT0047427,,tele_agent,TA005,2026-06-20 09:50:04,2026-07-01,17500.0,32550.0,self,True
PTP003426,AC000093,call,AT0047433,,tele_agent,TA019,2026-06-20 08:31:05,2026-06-22,1350.0,1350.0,self,True
PTP003427,AC000193,call,AT0047449,,tele_agent,TA012,2026-06-20 10:09:26,2026-07-09,500.0,900.0,self,True
PTP003428,AC000287,call,AT0047461,,tele_agent,TA010,2026-06-20 09:56:13,2026-06-26,800.0,800.0,self,False
PTP003429,AC000288,call,AT0047462,,tele_agent,TA015,2026-06-20 11:45:02,2026-06-29,3750.0,3750.0,self,False
PTP003430,AC000424,call,AT0047481,,tele_agent,TA011,2026-06-20 08:41:30,2026-06-27,1200.0,2000.0,third_party,True
PTP003431,AC000511,call,AT0047499,,tele_agent,TA013,2026-06-20 10:58:57,2026-06-30,7150.0,7150.0,self,False
PTP003432,AC000549,call,AT0047503,,tele_agent,TA007,2026-06-20 10:27:53,2026-06-29,4600.0,4600.0,self,True
PTP003433,AC000558,call,AT0047505,,tele_agent,TA006,2026-06-20 09:26:38,2026-06-23,3100.0,3100.0,self,True
PTP003434,AC000661,call,AT0047522,,tele_agent,TA012,2026-06-20 09:51:12,2026-06-23,12000.0,12000.0,self,False
PTP003435,AC000852,call,AT0047548,,tele_agent,TA009,2026-06-20 10:29:41,2026-07-07,1100.0,2650.0,self,True
PTP003436,AC000885,call,AT0047552,,tele_agent,TA018,2026-06-20 09:18:50,2026-07-07,17100.0,17100.0,self,False
PTP003437,AC000963,call,AT0047568,,tele_agent,TA007,2026-06-20 12:25:52,2026-06-27,44400.0,44400.0,self,False
PTP003438,AC001297,call,AT0047616,,tele_agent,TA013,2026-06-20 12:57:45,2026-06-21,2300.0,4700.0,self,True
PTP003439,AC001300,call,AT0047617,,tele_agent,TA005,2026-06-20 09:24:47,2026-06-24,3300.0,6350.0,self,True
PTP003440,AC001602,call,AT0047647,,tele_agent,TA008,2026-06-20 10:44:51,2026-06-27,11200.0,11200.0,self,False
PTP003441,AC002013,call,AT0047708,,tele_agent,TA017,2026-06-20 08:39:00,2026-06-27,100.0,100.0,self,False
PTP003442,AC002036,call,AT0047710,,tele_agent,TA008,2026-06-20 08:16:20,2026-06-21,3200.0,3200.0,self,True
PTP003443,AC002065,call,AT0047716,,tele_agent,TA018,2026-06-20 12:51:07,2026-07-09,48600.0,70800.0,self,True
PTP003444,AC002205,call,AT0047742,,tele_agent,TA007,2026-06-20 10:12:30,2026-07-08,3700.0,8050.0,self,True
PTP003445,AC002398,call,AT0047769,,tele_agent,TA002,2026-06-20 12:22:00,2026-07-01,5900.0,10950.0,self,True
PTP003446,AC001047,call,AT0047824,,tele_agent,TA007,2026-06-20 18:47:33,2026-06-25,8400.0,8400.0,self,True
PTP003447,AC001526,call,AT0047851,,tele_agent,TA014,2026-06-20 17:18:26,2026-07-01,8800.0,8800.0,self,True
PTP003448,AC002149,call,AT0047878,,tele_agent,TA003,2026-06-20 16:01:16,2026-06-23,3150.0,3150.0,self,True
PTP003449,AC002242,call,AT0047881,,tele_agent,TA001,2026-06-20 13:40:59,2026-06-22,800.0,800.0,self,True
PTP003450,AC001726,field_visit,,VS005007,field,FA001,2026-06-20 12:51:08,2026-06-21,2100.0,3950.0,self,False
PTP003451,AC001605,field_visit,,VS005009,field,FA003,2026-06-20 10:53:51,2026-06-21,8400.0,8400.0,self,False
PTP003452,AC001388,field_visit,,VS005040,field,FA006,2026-06-20 10:35:59,2026-06-21,16200.0,16200.0,self,False
PTP003453,AC002099,field_visit,,VS005048,field,FA007,2026-06-20 10:48:33,2026-06-27,3800.0,12300.0,self,False
PTP003454,AC001001,field_visit,,VS005052,field,FA007,2026-06-20 12:34:10,2026-06-21,6200.0,6200.0,self,False
PTP003455,AC000600,field_visit,,VS005055,field,FA009,2026-06-20 10:37:05,2026-06-27,2900.0,7600.0,self,True
PTP003456,AC001321,field_visit,,VS005063,field,FA008,2026-06-20 11:39:11,2026-06-21,6200.0,6200.0,self,False
PTP003457,AC000304,call,AT0047898,,tele_agent,TA001,2026-06-21 11:06:09,2026-06-30,5100.0,5100.0,self,True
PTP003458,AC001043,call,AT0047929,,tele_agent,TA014,2026-06-21 11:29:06,2026-06-23,1400.0,1400.0,self,True
PTP003459,AC001516,call,AT0047951,,tele_agent,TA014,2026-06-21 08:38:42,2026-07-07,27750.0,27750.0,self,False
PTP003460,AC001954,call,AT0047975,,tele_agent,TA006,2026-06-21 12:55:15,2026-06-30,3200.0,3200.0,self,False
PTP003461,AC002221,call,AT0047985,,tele_agent,TA001,2026-06-21 12:21:58,2026-06-23,17600.0,17600.0,self,True
PTP003462,AC000756,call,AT0048009,,tele_agent,TA012,2026-06-21 18:08:56,2026-06-27,33400.0,79800.0,self,True
PTP003463,AC001326,call,AT0048016,,tele_agent,TA007,2026-06-21 17:03:26,2026-06-23,1100.0,2100.0,self,True
PTP003464,AC002254,call,AT0048033,,tele_agent,TA003,2026-06-21 14:59:39,2026-07-01,43500.0,43500.0,self,True
PTP003465,AC000176,call,AT0048060,,tele_agent,TA015,2026-06-22 13:02:07,2026-06-25,6500.0,14000.0,self,True
PTP003466,AC000292,call,AT0048077,,tele_agent,TA016,2026-06-22 08:52:09,2026-06-26,52600.0,52600.0,self,True
PTP003467,AC000360,call,AT0048085,,tele_agent,TA005,2026-06-22 11:48:08,2026-06-29,24200.0,35700.0,self,True
PTP003468,AC000510,call,AT0048108,,tele_agent,TA018,2026-06-22 09:31:14,2026-06-23,1100.0,1750.0,self,True
PTP003469,AC000521,call,AT0048111,,tele_agent,TA014,2026-06-22 12:28:47,2026-06-24,10200.0,10200.0,self,True
PTP003470,AC000668,call,AT0048126,,tele_agent,TA003,2026-06-22 09:28:52,2026-06-23,8300.0,8300.0,self,True
PTP003471,AC000754,call,AT0048140,,tele_agent,TA008,2026-06-22 12:01:44,2026-06-30,350.0,350.0,self,True
PTP003472,AC000984,call,AT0048177,,tele_agent,TA004,2026-06-22 08:55:14,2026-06-29,2900.0,4350.0,third_party,True
PTP003473,AC001173,call,AT0048205,,tele_agent,TA019,2026-06-22 11:19:54,2026-06-25,5600.0,5600.0,self,False
PTP003474,AC001250,call,AT0048211,,tele_agent,TA012,2026-06-22 09:22:19,2026-06-28,21400.0,45000.0,self,True
PTP003475,AC001353,call,AT0048221,,tele_agent,TA014,2026-06-22 11:49:52,2026-06-24,24600.0,24600.0,self,False
PTP003476,AC001460,call,AT0048231,,tele_agent,TA008,2026-06-22 09:55:54,2026-06-29,42900.0,42900.0,third_party,False
PTP003477,AC001489,call,AT0048233,,tele_agent,TA012,2026-06-22 09:33:41,2026-06-30,11100.0,11100.0,self,False
PTP003478,AC001525,call,AT0048239,,tele_agent,TA013,2026-06-22 13:01:36,2026-06-28,9650.0,9650.0,self,True
PTP003479,AC001642,call,AT0048257,,tele_agent,TA003,2026-06-22 09:10:23,2026-07-03,11300.0,11300.0,self,True
PTP003480,AC001714,call,AT0048268,,tele_agent,TA008,2026-06-22 08:29:24,2026-06-25,600.0,600.0,self,False
PTP003481,AC002032,call,AT0048314,,tele_agent,TA015,2026-06-22 09:03:33,2026-06-27,15050.0,15050.0,self,True
PTP003482,AC002161,call,AT0048335,,tele_agent,TA014,2026-06-22 12:04:43,2026-06-24,500.0,1100.0,self,False
PTP003483,AC002184,call,AT0048341,,tele_agent,TA002,2026-06-22 08:25:55,2026-06-29,5800.0,8700.0,self,True
PTP003484,AC002256,call,AT0048350,,tele_agent,TA019,2026-06-22 12:54:55,2026-06-24,2850.0,2850.0,self,True
PTP003485,AC002307,call,AT0048356,,tele_agent,TA008,2026-06-22 12:34:34,2026-06-29,5200.0,5200.0,self,True
PTP003486,AC000012,call,AT0048370,,tele_agent,TA010,2026-06-22 16:21:40,2026-06-28,3950.0,3950.0,self,True
PTP003487,AC000072,call,AT0048372,,tele_agent,TA002,2026-06-22 16:09:08,2026-06-29,2750.0,2750.0,self,True
PTP003488,AC000504,call,AT0048388,,tele_agent,TA001,2026-06-22 13:02:18,2026-06-26,22800.0,43050.0,self,False
PTP003489,AC000696,call,AT0048393,,tele_agent,TA001,2026-06-22 18:18:13,2026-06-23,15750.0,15750.0,self,True
PTP003490,AC000458,field_visit,,VS005073,field,FA003,2026-06-22 12:37:43,2026-06-28,14250.0,14250.0,self,False
PTP003491,AC001903,field_visit,,VS005083,field,FA002,2026-06-22 13:49:14,2026-07-02,3000.0,6800.0,self,False
PTP003492,AC001311,field_visit,,VS005084,field,FA001,2026-06-22 10:54:32,2026-06-24,10950.0,10950.0,self,False
PTP003493,AC001177,field_visit,,VS005103,field,FA005,2026-06-22 10:53:16,2026-06-26,5000.0,5000.0,self,True
PTP003494,AC001775,field_visit,,VS005106,field,FA005,2026-06-22 11:33:28,2026-06-30,500.0,1100.0,self,False
PTP003495,AC002075,field_visit,,VS005117,field,FA007,2026-06-22 11:09:33,2026-06-27,16550.0,16550.0,self,False
PTP003496,AC000177,call,AT0048496,,tele_agent,TA020,2026-06-23 09:41:24,2026-06-24,4300.0,4300.0,self,True
PTP003497,AC000221,call,AT0048500,,tele_agent,TA018,2026-06-23 08:25:45,2026-06-26,13200.0,13200.0,self,True
PTP003498,AC000265,call,AT0048509,,tele_agent,TA007,2026-06-23 12:45:19,2026-06-28,4100.0,6750.0,self,True
PTP003499,AC000314,call,AT0048514,,tele_agent,TA008,2026-06-23 09:00:47,2026-07-02,1450.0,1450.0,self,True
PTP003500,AC000433,call,AT0048529,,tele_agent,TA004,2026-06-23 12:23:44,2026-07-11,1100.0,2650.0,self,True
PTP003501,AC000435,call,AT0048530,,tele_agent,TA010,2026-06-23 08:22:57,2026-06-29,4300.0,4300.0,self,True
PTP003502,AC000562,call,AT0048548,,tele_agent,TA006,2026-06-23 08:21:46,2026-06-30,1050.0,1050.0,self,True
PTP003503,AC000597,call,AT0048555,,tele_agent,TA015,2026-06-23 12:42:47,2026-06-25,5550.0,5550.0,self,True
PTP003504,AC000634,call,AT0048560,,tele_agent,TA005,2026-06-23 09:22:15,2026-06-24,800.0,1900.0,self,True
PTP003505,AC001004,call,AT0048608,,tele_agent,TA005,2026-06-23 08:10:02,2026-06-25,1250.0,1250.0,self,True
PTP003506,AC001092,call,AT0048618,,tele_agent,TA008,2026-06-23 12:04:12,2026-06-24,6900.0,6900.0,self,True
PTP003507,AC001170,call,AT0048628,,tele_agent,TA019,2026-06-23 11:42:38,2026-07-02,500.0,650.0,self,True
PTP003508,AC001255,call,AT0048640,,tele_agent,TA017,2026-06-23 11:40:02,2026-07-10,5400.0,5400.0,self,True
PTP003509,AC001498,call,AT0048662,,tele_agent,TA017,2026-06-23 09:56:22,2026-07-01,5000.0,5000.0,self,True
PTP003510,AC001621,call,AT0048677,,tele_agent,TA012,2026-06-23 09:08:04,2026-06-30,2200.0,2200.0,self,True
PTP003511,AC001715,call,AT0048692,,tele_agent,TA011,2026-06-23 12:09:48,2026-06-26,35750.0,35750.0,self,False
PTP003512,AC001950,call,AT0048725,,tele_agent,TA016,2026-06-23 08:51:28,2026-06-28,3900.0,10400.0,self,True
PTP003513,AC002152,call,AT0048755,,tele_agent,TA001,2026-06-23 09:11:27,2026-07-02,1400.0,4400.0,self,True
PTP003514,AC002187,call,AT0048757,,tele_agent,TA002,2026-06-23 08:24:11,2026-06-24,35700.0,35700.0,self,True
PTP003515,AC002363,call,AT0048774,,tele_agent,TA019,2026-06-23 12:23:32,2026-07-01,2350.0,2350.0,self,True
PTP003516,AC000151,call,AT0048782,,tele_agent,TA003,2026-06-23 18:15:19,2026-07-09,2800.0,2800.0,self,True
PTP003517,AC000638,call,AT0048802,,tele_agent,TA011,2026-06-23 15:05:08,2026-07-01,25200.0,43700.0,self,False
PTP003518,AC001235,call,AT0048832,,tele_agent,TA002,2026-06-23 15:24:23,2026-06-26,550.0,550.0,self,True
PTP003519,AC001431,call,AT0048841,,tele_agent,TA003,2026-06-23 13:28:14,2026-06-26,8100.0,8100.0,self,True
PTP003520,AC001604,call,AT0048848,,tele_agent,TA012,2026-06-23 13:14:34,2026-06-30,2200.0,2200.0,self,True
PTP003521,AC001938,call,AT0048863,,tele_agent,TA008,2026-06-23 18:37:31,2026-07-03,4550.0,4550.0,self,True
PTP003522,AC001991,call,AT0048865,,tele_agent,TA020,2026-06-23 13:13:40,2026-07-02,1400.0,2100.0,self,False
PTP003523,AC002265,call,AT0048871,,tele_agent,TA009,2026-06-23 18:04:53,2026-06-30,6750.0,6750.0,self,True
PTP003524,AC002397,call,AT0048878,,tele_agent,TA020,2026-06-23 14:33:22,2026-06-24,500.0,750.0,self,True
PTP003525,AC001667,field_visit,,VS005147,field,FA002,2026-06-23 10:50:29,2026-06-30,24500.0,24500.0,self,False
PTP003526,AC000226,field_visit,,VS005151,field,FA002,2026-06-23 12:20:40,2026-06-26,6800.0,6800.0,self,True
PTP003527,AC000752,field_visit,,VS005156,field,FA002,2026-06-23 14:08:19,2026-06-28,10750.0,10750.0,self,False
PTP003528,AC000541,field_visit,,VS005160,field,FA003,2026-06-23 11:42:10,2026-06-29,800.0,2450.0,family_member,False
PTP003529,AC000879,field_visit,,VS005169,field,FA005,2026-06-23 11:19:40,2026-06-30,19400.0,19400.0,self,True
PTP003530,AC002094,field_visit,,VS005179,field,FA004,2026-06-23 12:06:55,2026-06-30,32300.0,32300.0,self,True
PTP003531,AC002168,field_visit,,VS005182,field,FA004,2026-06-23 13:56:27,2026-06-30,16700.0,36350.0,self,False
PTP003532,AC001439,field_visit,,VS005190,field,FA006,2026-06-23 12:03:43,2026-06-24,4500.0,9200.0,self,False
PTP003533,AC000158,field_visit,,VS005203,field,FA008,2026-06-23 11:29:41,2026-06-24,32250.0,32250.0,self,False
PTP003534,AC000322,call,AT0048921,,tele_agent,TA008,2026-06-24 12:46:58,2026-06-30,5800.0,9250.0,self,True
PTP003535,AC000481,call,AT0048936,,tele_agent,TA006,2026-06-24 08:58:17,2026-06-27,4500.0,10000.0,self,True
PTP003536,AC000958,call,AT0049003,,tele_agent,TA010,2026-06-24 10:31:57,2026-06-25,61500.0,61500.0,self,True
PTP003537,AC000962,call,AT0049004,,tele_agent,TA009,2026-06-24 12:48:35,2026-06-30,1750.0,1750.0,self,True
PTP003538,AC000989,call,AT0049007,,tele_agent,TA010,2026-06-24 09:57:40,2026-06-26,500.0,700.0,self,True
PTP003539,AC001104,call,AT0049031,,tele_agent,TA013,2026-06-24 08:07:14,2026-07-03,5500.0,10000.0,self,True
PTP003540,AC001178,call,AT0049043,,tele_agent,TA004,2026-06-24 12:40:07,2026-07-01,12250.0,12250.0,self,True
PTP003541,AC001223,call,AT0049051,,tele_agent,TA020,2026-06-24 11:21:48,2026-06-30,19600.0,19600.0,self,True
PTP003542,AC001262,call,AT0049054,,tele_agent,TA012,2026-06-24 08:07:51,2026-07-03,600.0,950.0,self,True
PTP003543,AC001570,call,AT0049086,,tele_agent,TA015,2026-06-24 11:53:11,2026-07-04,650.0,650.0,self,False
PTP003544,AC001609,call,AT0049092,,tele_agent,TA017,2026-06-24 12:19:38,2026-07-01,6100.0,17050.0,self,True
PTP003545,AC001671,call,AT0049102,,tele_agent,TA002,2026-06-24 09:44:41,2026-07-12,650.0,650.0,self,False
PTP003546,AC001745,call,AT0049111,,tele_agent,TA019,2026-06-24 12:57:28,2026-06-25,59100.0,59100.0,self,True
PTP003547,AC001756,call,AT0049113,,tele_agent,TA004,2026-06-24 13:00:29,2026-07-03,3050.0,3050.0,self,False
PTP003548,AC001769,call,AT0049119,,tele_agent,TA006,2026-06-24 08:16:18,2026-06-27,4800.0,4800.0,self,True
PTP003549,AC001795,call,AT0049124,,tele_agent,TA007,2026-06-24 10:28:54,2026-06-25,1450.0,1450.0,self,True
PTP003550,AC001843,call,AT0049130,,tele_agent,TA011,2026-06-24 09:54:05,2026-07-01,32800.0,32800.0,self,True
PTP003551,AC001997,call,AT0049156,,tele_agent,TA014,2026-06-24 12:00:04,2026-07-01,53200.0,53200.0,self,True
PTP003552,AC002040,call,AT0049163,,tele_agent,TA007,2026-06-24 10:50:19,2026-07-06,4450.0,4450.0,self,True
PTP003553,AC002199,call,AT0049185,,tele_agent,TA018,2026-06-24 11:20:02,2026-06-25,3200.0,5700.0,self,False
PTP003554,AC002233,call,AT0049187,,tele_agent,TA015,2026-06-24 08:39:51,2026-07-02,2900.0,8000.0,self,True
PTP003555,AC002344,call,AT0049205,,tele_agent,TA005,2026-06-24 09:55:10,2026-06-29,70000.0,70000.0,self,True
PTP003556,AC000629,call,AT0049247,,tele_agent,TA019,2026-06-24 18:25:45,2026-07-06,1700.0,3500.0,self,True
PTP003557,AC001522,call,AT0049288,,tele_agent,TA018,2026-06-24 16:15:50,2026-06-25,1000.0,1000.0,self,True
PTP003558,AC001723,call,AT0049296,,tele_agent,TA010,2026-06-24 15:49:17,2026-06-27,28350.0,28350.0,self,True
PTP003559,AC001962,call,AT0049312,,tele_agent,TA013,2026-06-24 15:57:05,2026-06-27,500.0,500.0,self,True
PTP003560,AC001573,field_visit,,VS005220,field,FA001,2026-06-24 12:39:11,2026-06-27,12200.0,12200.0,self,False
PTP003561,AC001658,field_visit,,VS005228,field,FA003,2026-06-24 13:25:16,2026-07-17,7550.0,7550.0,self,True
PTP003562,AC001190,field_visit,,VS005229,field,FA003,2026-06-24 13:49:30,2026-07-01,700.0,1750.0,self,True
PTP003563,AC001383,field_visit,,VS005234,field,FA002,2026-06-24 12:38:16,2026-07-01,34400.0,84700.0,self,True
PTP003564,AC002163,field_visit,,VS005236,field,FA002,2026-06-24 13:30:57,2026-06-25,23700.0,36450.0,self,False
PTP003565,AC000120,field_visit,,VS005247,field,FA004,2026-06-24 09:53:48,2026-07-01,40800.0,40800.0,self,True
PTP003566,AC000742,field_visit,,VS005261,field,FA005,2026-06-24 13:40:31,2026-06-30,7400.0,7400.0,self,True
PTP003567,AC001208,field_visit,,VS005282,field,FA008,2026-06-24 11:47:00,2026-07-01,7900.0,7900.0,self,False
PTP003568,AC000110,call,AT0049335,,tele_agent,TA013,2026-06-25 10:00:00,2026-06-27,94200.0,94200.0,self,True
PTP003569,AC000168,call,AT0049347,,tele_agent,TA006,2026-06-25 10:43:02,2026-07-02,86500.0,86500.0,self,True
PTP003570,AC000206,call,AT0049351,,tele_agent,TA013,2026-06-25 11:03:10,2026-07-20,3400.0,6650.0,self,True
PTP003571,AC000367,call,AT0049372,,tele_agent,TA012,2026-06-25 10:39:30,2026-06-28,8300.0,8300.0,self,True
PTP003572,AC000599,call,AT0049412,,tele_agent,TA001,2026-06-25 09:44:24,2026-06-27,1600.0,3750.0,self,False
PTP003573,AC000842,call,AT0049445,,tele_agent,TA006,2026-06-25 09:35:40,2026-07-08,13900.0,20400.0,self,True
PTP003574,AC000940,call,AT0049455,,tele_agent,TA004,2026-06-25 09:16:09,2026-06-27,24950.0,24950.0,self,False
PTP003575,AC000995,call,AT0049463,,tele_agent,TA008,2026-06-25 10:22:01,2026-06-27,3750.0,3750.0,self,True
PTP003576,AC001021,call,AT0049468,,tele_agent,TA007,2026-06-25 09:00:26,2026-07-06,6550.0,6550.0,self,False
PTP003577,AC001097,call,AT0049481,,tele_agent,TA002,2026-06-25 10:51:01,2026-06-27,2350.0,2350.0,self,False
PTP003578,AC001109,call,AT0049484,,tele_agent,TA008,2026-06-25 10:55:38,2026-07-01,9400.0,9400.0,self,False
PTP003579,AC001426,call,AT0049528,,tele_agent,TA019,2026-06-25 10:39:43,2026-06-27,7550.0,7550.0,self,False
PTP003580,AC001513,call,AT0049538,,tele_agent,TA014,2026-06-25 08:55:11,2026-06-26,7550.0,7550.0,self,True
PTP003581,AC001565,call,AT0049545,,tele_agent,TA004,2026-06-25 08:58:21,2026-06-30,5400.0,5400.0,self,True
PTP003582,AC001623,call,AT0049558,,tele_agent,TA019,2026-06-25 12:13:26,2026-07-01,1800.0,4950.0,self,True
PTP003583,AC001686,call,AT0049566,,tele_agent,TA006,2026-06-25 11:21:54,2026-07-02,1300.0,1300.0,third_party,False
PTP003584,AC001823,call,AT0049582,,tele_agent,TA001,2026-06-25 12:07:38,2026-07-03,12750.0,12750.0,self,False
PTP003585,AC001999,call,AT0049614,,tele_agent,TA002,2026-06-25 08:46:17,2026-06-26,28800.0,28800.0,self,False
PTP003586,AC002121,call,AT0049634,,tele_agent,TA013,2026-06-25 11:30:48,2026-06-26,4800.0,4800.0,self,True
PTP003587,AC000835,call,AT0049701,,tele_agent,TA003,2026-06-25 15:53:33,2026-06-26,4500.0,7050.0,self,True
PTP003588,AC001182,call,AT0049713,,tele_agent,TA017,2026-06-25 18:42:30,2026-06-30,1300.0,3100.0,self,True
PTP003589,AC001416,call,AT0049729,,tele_agent,TA015,2026-06-25 16:03:52,2026-07-04,1900.0,3800.0,self,True
PTP003590,AC001541,call,AT0049737,,tele_agent,TA018,2026-06-25 16:24:12,2026-07-02,5800.0,16300.0,self,True
PTP003591,AC001911,call,AT0049759,,tele_agent,TA012,2026-06-25 14:59:15,2026-06-27,2700.0,2700.0,self,True
PTP003592,AC002049,call,AT0049771,,tele_agent,TA012,2026-06-25 16:32:08,2026-06-27,500.0,1650.0,self,True
PTP003593,AC000712,field_visit,,VS005294,field,FA001,2026-06-25 11:29:25,2026-06-30,11750.0,11750.0,self,True
PTP003594,AC002336,field_visit,,VS005309,field,FA002,2026-06-25 10:53:40,2026-07-02,13500.0,13500.0,self,True
PTP003595,AC000040,field_visit,,VS005320,field,FA004,2026-06-25 12:36:45,2026-07-10,47900.0,77400.0,self,False
PTP003596,AC001983,field_visit,,VS005342,field,FA009,2026-06-25 12:07:06,2026-06-27,9200.0,9200.0,self,True
PTP003597,AC001625,field_visit,,VS005348,field,FA007,2026-06-25 10:44:55,2026-07-01,19200.0,19200.0,self,False
PTP003598,AC000447,field_visit,,VS005360,field,FA008,2026-06-25 10:46:52,2026-07-01,12700.0,39000.0,self,False
PTP003599,AC000088,call,AT0049793,,tele_agent,TA020,2026-06-26 12:00:04,2026-07-02,7300.0,11150.0,self,True
PTP003600,AC000379,call,AT0049830,,tele_agent,TA016,2026-06-26 09:47:56,2026-07-03,900.0,900.0,self,False
PTP003601,AC000442,call,AT0049839,,tele_agent,TA009,2026-06-26 09:21:02,2026-07-03,42300.0,42300.0,self,False
PTP003602,AC000519,call,AT0049847,,tele_agent,TA003,2026-06-26 08:17:10,2026-07-05,8300.0,16600.0,self,True
PTP003603,AC000570,call,AT0049856,,tele_agent,TA019,2026-06-26 11:04:21,2026-07-03,10050.0,10050.0,self,True
PTP003604,AC000886,call,AT0049900,,tele_agent,TA018,2026-06-26 09:28:38,2026-07-03,47100.0,47100.0,self,True
PTP003605,AC001152,call,AT0049932,,tele_agent,TA019,2026-06-26 10:52:00,2026-06-27,25050.0,25050.0,self,True
PTP003606,AC001337,call,AT0049950,,tele_agent,TA014,2026-06-26 08:48:56,2026-06-27,5200.0,5200.0,self,True
PTP003607,AC001480,call,AT0049967,,tele_agent,TA017,2026-06-26 09:14:22,2026-07-03,1900.0,1900.0,self,True
PTP003608,AC001639,call,AT0049986,,tele_agent,TA009,2026-06-26 08:51:35,2026-07-03,9450.0,9450.0,self,False
PTP003609,AC001727,call,AT0049994,,tele_agent,TA004,2026-06-26 09:43:12,2026-07-03,31600.0,31600.0,self,True
PTP003610,AC001739,call,AT0049995,,tele_agent,TA003,2026-06-26 08:15:47,2026-06-27,1200.0,1200.0,self,True
PTP003611,AC001815,call,AT0050008,,tele_agent,TA010,2026-06-26 11:41:47,2026-07-04,500.0,800.0,self,True
PTP003612,AC001995,call,AT0050032,,tele_agent,TA012,2026-06-26 09:35:26,2026-06-27,6400.0,14100.0,self,False
PTP003613,AC002000,call,AT0050033,,tele_agent,TA012,2026-06-26 11:32:24,2026-07-03,9600.0,9600.0,self,True
PTP003614,AC000165,call,AT0050084,,tele_agent,TA005,2026-06-26 15:17:45,2026-07-01,700.0,2050.0,self,True
PTP003615,AC000869,call,AT0050112,,tele_agent,TA019,2026-06-26 13:56:21,2026-07-04,1200.0,3900.0,self,True
PTP003616,AC001215,call,AT0050127,,tele_agent,TA012,2026-06-26 15:22:31,2026-06-29,5600.0,8700.0,self,True
PTP003617,AC001326,call,AT0050131,,tele_agent,TA007,2026-06-26 15:35:19,2026-07-03,2100.0,2100.0,self,True
PTP003618,AC001532,call,AT0050135,,tele_agent,TA009,2026-06-26 13:33:03,2026-06-27,10600.0,10600.0,self,False
PTP003619,AC001961,call,AT0050156,,tele_agent,TA017,2026-06-26 16:48:02,2026-07-01,180000.0,180000.0,self,True
PTP003620,AC001806,field_visit,,VS005369,field,FA003,2026-06-26 11:06:06,2026-06-30,8000.0,8000.0,self,False
PTP003621,AC001093,field_visit,,VS005371,field,FA003,2026-06-26 12:39:18,2026-06-27,4300.0,4300.0,self,False
PTP003622,AC001521,field_visit,,VS005375,field,FA003,2026-06-26 14:10:15,2026-07-03,650.0,650.0,family_member,False
PTP003623,AC002283,field_visit,,VS005383,field,FA002,2026-06-26 12:25:05,2026-07-03,3000.0,3000.0,self,False
PTP003624,AC001209,field_visit,,VS005385,field,FA002,2026-06-26 13:22:25,2026-06-30,13550.0,13550.0,family_member,False
PTP003625,AC001458,field_visit,,VS005394,field,FA001,2026-06-26 14:15:44,2026-07-03,11250.0,11250.0,self,True
PTP003626,AC001114,field_visit,,VS005401,field,FA006,2026-06-26 13:20:05,2026-07-03,80950.0,80950.0,self,False
PTP003627,AC001610,field_visit,,VS005403,field,FA005,2026-06-26 10:14:14,2026-07-06,12500.0,12500.0,self,False
PTP003628,AC000240,field_visit,,VS005433,field,FA007,2026-06-26 11:35:58,2026-07-11,5000.0,5000.0,self,False
PTP003629,AC000024,call,AT0050173,,tele_agent,TA009,2026-06-27 09:43:35,2026-06-29,6100.0,6100.0,self,True
PTP003630,AC000075,call,AT0050183,,tele_agent,TA006,2026-06-27 08:59:12,2026-06-29,30000.0,30000.0,self,True
PTP003631,AC000080,call,AT0050185,,tele_agent,TA003,2026-06-27 11:01:05,2026-06-29,2200.0,2200.0,self,True
PTP003632,AC000109,call,AT0050191,,tele_agent,TA015,2026-06-27 11:04:23,2026-07-02,5700.0,5700.0,self,True
PTP003633,AC000232,call,AT0050212,,tele_agent,TA017,2026-06-27 10:12:19,2026-07-07,24400.0,24400.0,self,True
PTP003634,AC000239,call,AT0050213,,tele_agent,TA009,2026-06-27 09:48:01,2026-06-29,500.0,800.0,self,True
PTP003635,AC000361,call,AT0050226,,tele_agent,TA011,2026-06-27 10:20:54,2026-07-06,33600.0,33600.0,self,True
PTP003636,AC000374,call,AT0050227,,tele_agent,TA016,2026-06-27 08:20:40,2026-07-05,500.0,500.0,self,True
PTP003637,AC000382,call,AT0050228,,tele_agent,TA002,2026-06-27 09:33:55,2026-07-16,1100.0,3500.0,self,False
PTP003638,AC000787,call,AT0050279,,tele_agent,TA016,2026-06-27 08:22:22,2026-07-07,22400.0,22400.0,third_party,True
PTP003639,AC000905,call,AT0050292,,tele_agent,TA015,2026-06-27 11:48:38,2026-07-04,3100.0,3100.0,self,True
PTP003640,AC000961,call,AT0050301,,tele_agent,TA006,2026-06-27 08:32:55,2026-06-28,2000.0,2000.0,self,False
PTP003641,AC001004,call,AT0050306,,tele_agent,TA005,2026-06-27 09:28:03,2026-07-05,700.0,1250.0,self,True
PTP003642,AC001228,call,AT0050334,,tele_agent,TA010,2026-06-27 10:38:22,2026-07-03,800.0,1600.0,self,True
PTP003643,AC001263,call,AT0050339,,tele_agent,TA001,2026-06-27 09:11:06,2026-07-05,9400.0,9400.0,self,True
PTP003644,AC001264,call,AT0050340,,tele_agent,TA019,2026-06-27 12:00:15,2026-06-30,5300.0,5300.0,self,True
PTP003645,AC001341,call,AT0050351,,tele_agent,TA009,2026-06-27 08:37:37,2026-07-03,38750.0,38750.0,self,True
PTP003646,AC001373,call,AT0050353,,tele_agent,TA009,2026-06-27 10:06:05,2026-07-05,6600.0,6600.0,self,True
PTP003647,AC001632,call,AT0050380,,tele_agent,TA017,2026-06-27 09:45:45,2026-07-16,4000.0,10400.0,self,False
PTP003648,AC001664,call,AT0050385,,tele_agent,TA020,2026-06-27 08:06:26,2026-07-02,1000.0,2900.0,self,True
PTP003649,AC001725,call,AT0050395,,tele_agent,TA013,2026-06-27 08:43:05,2026-07-02,75000.0,75000.0,self,False
PTP003650,AC002069,call,AT0050449,,tele_agent,TA012,2026-06-27 09:01:14,2026-07-02,78100.0,146700.0,self,True
PTP003651,AC002221,call,AT0050467,,tele_agent,TA001,2026-06-27 12:08:01,2026-07-04,17600.0,17600.0,self,True
PTP003652,AC002278,call,AT0050477,,tele_agent,TA004,2026-06-27 09:59:12,2026-07-04,25800.0,25800.0,self,False
PTP003653,AC002357,call,AT0050489,,tele_agent,TA010,2026-06-27 09:23:53,2026-07-08,6100.0,6100.0,self,True
PTP003654,AC000077,call,AT0050500,,tele_agent,TA013,2026-06-27 14:59:06,2026-07-02,2800.0,9000.0,self,True
PTP003655,AC000746,call,AT0050525,,tele_agent,TA005,2026-06-27 13:58:08,2026-07-02,6400.0,16450.0,self,True
PTP003656,AC001571,call,AT0050561,,tele_agent,TA016,2026-06-27 13:39:55,2026-06-30,59200.0,59200.0,self,False
PTP003657,AC002007,call,AT0050585,,tele_agent,TA003,2026-06-27 13:51:29,2026-07-04,3700.0,3700.0,third_party,True
PTP003658,AC002076,call,AT0050591,,tele_agent,TA006,2026-06-27 18:31:25,2026-07-04,6900.0,6900.0,self,False
PTP003659,AC001258,field_visit,,VS005443,field,FA003,2026-06-27 10:16:17,2026-07-04,13300.0,21200.0,self,False
PTP003660,AC000202,field_visit,,VS005449,field,FA003,2026-06-27 12:24:20,2026-06-28,500.0,1100.0,self,False
PTP003661,AC002133,field_visit,,VS005464,field,FA006,2026-06-27 11:38:52,2026-06-29,9300.0,9300.0,self,False
PTP003662,AC001897,field_visit,,VS005483,field,FA005,2026-06-27 12:03:25,2026-06-30,1000.0,1000.0,self,False
PTP003663,AC002053,field_visit,,VS005491,field,FA009,2026-06-27 11:46:49,2026-06-29,29800.0,29800.0,self,False
PTP003664,AC000064,call,AT0050609,,tele_agent,TA020,2026-06-28 08:01:34,2026-07-05,12500.0,21350.0,self,True
PTP003665,AC000644,call,AT0050633,,tele_agent,TA013,2026-06-28 09:38:56,2026-07-05,1700.0,1700.0,self,True
PTP003666,AC000802,call,AT0050642,,tele_agent,TA011,2026-06-28 11:56:29,2026-07-05,1700.0,3300.0,self,True
PTP003667,AC000837,call,AT0050646,,tele_agent,TA008,2026-06-28 11:27:27,2026-06-29,18900.0,62400.0,self,True
PTP003668,AC001572,call,AT0050675,,tele_agent,TA008,2026-06-28 09:48:24,2026-07-01,750.0,750.0,self,False
PTP003669,AC002116,call,AT0050696,,tele_agent,TA005,2026-06-28 12:48:05,2026-07-05,8850.0,8850.0,self,True
PTP003670,AC002395,call,AT0050713,,tele_agent,TA009,2026-06-28 12:36:17,2026-07-05,500.0,500.0,self,True
PTP003671,AC000734,call,AT0050726,,tele_agent,TA008,2026-06-28 14:37:51,2026-06-29,950.0,950.0,self,True
PTP003672,AC001492,call,AT0050733,,tele_agent,TA016,2026-06-28 14:18:09,2026-06-29,2600.0,2600.0,self,False
PTP003673,AC000134,call,AT0050759,,tele_agent,TA009,2026-06-29 09:16:13,2026-07-05,4400.0,4400.0,self,True
PTP003674,AC000140,call,AT0050760,,tele_agent,TA014,2026-06-29 12:10:25,2026-07-06,32700.0,32700.0,self,True
PTP003675,AC000244,call,AT0050771,,tele_agent,TA004,2026-06-29 08:59:26,2026-07-03,15050.0,15050.0,self,False
PTP003676,AC000335,call,AT0050778,,tele_agent,TA013,2026-06-29 11:27:19,2026-07-09,3400.0,3400.0,self,True
PTP003677,AC000407,call,AT0050785,,tele_agent,TA006,2026-06-29 09:29:57,2026-07-07,1000.0,1800.0,self,True
PTP003678,AC000518,call,AT0050799,,tele_agent,TA005,2026-06-29 12:09:50,2026-07-08,9600.0,14750.0,self,True
PTP003679,AC000535,call,AT0050802,,tele_agent,TA016,2026-06-29 08:54:46,2026-07-05,200.0,200.0,self,False
PTP003680,AC000568,call,AT0050809,,tele_agent,TA020,2026-06-29 08:05:35,2026-07-07,6150.0,6150.0,self,False
PTP003681,AC001185,call,AT0050873,,tele_agent,TA020,2026-06-29 08:20:43,2026-07-01,4000.0,4000.0,self,True
PTP003682,AC001290,call,AT0050886,,tele_agent,TA009,2026-06-29 09:48:25,2026-06-30,2650.0,2650.0,self,True
PTP003683,AC001340,call,AT0050895,,tele_agent,TA020,2026-06-29 09:30:50,2026-06-30,29650.0,29650.0,self,False
PTP003684,AC001745,call,AT0050940,,tele_agent,TA019,2026-06-29 09:04:35,2026-06-30,59100.0,59100.0,self,False
PTP003685,AC001801,call,AT0050942,,tele_agent,TA008,2026-06-29 12:18:27,2026-07-06,10550.0,10550.0,self,True
PTP003686,AC001854,call,AT0050948,,tele_agent,TA005,2026-06-29 08:56:22,2026-07-01,500.0,1000.0,self,False
PTP003687,AC001950,call,AT0050963,,tele_agent,TA016,2026-06-29 08:07:35,2026-07-06,5800.0,10400.0,self,False
PTP003688,AC002143,call,AT0050995,,tele_agent,TA004,2026-06-29 08:25:23,2026-07-01,7750.0,7750.0,self,True
PTP003689,AC002327,call,AT0051010,,tele_agent,TA011,2026-06-29 09:08:37,2026-07-01,1200.0,1200.0,self,True
PTP003690,AC001243,call,AT0051063,,tele_agent,TA019,2026-06-29 16:34:24,2026-06-30,1100.0,2850.0,self,True
PTP003691,AC000190,field_visit,,VS005514,field,FA003,2026-06-29 10:08:19,2026-07-24,27900.0,44000.0,self,False
PTP003692,AC001017,field_visit,,VS005515,field,FA003,2026-06-29 10:21:30,2026-07-08,3900.0,9000.0,family_member,False
PTP003693,AC001406,field_visit,,VS005517,field,FA003,2026-06-29 10:58:01,2026-07-06,57800.0,57800.0,self,False
PTP003694,AC002282,field_visit,,VS005535,field,FA004,2026-06-29 11:53:34,2026-07-06,1700.0,3800.0,self,True
PTP003695,AC001870,field_visit,,VS005561,field,FA007,2026-06-29 10:44:24,2026-07-06,3600.0,6300.0,self,False
PTP003696,AC002183,field_visit,,VS005573,field,FA009,2026-06-29 10:27:18,2026-07-01,13800.0,13800.0,self,True
